run_name,model,split_type,cell_line,cell_lines,environment,random_seed,sequence_kernel,input_shape_train,input_shape_valid,input_shape_test,R2
single_hct116_linear_sequence,linear,single,hct116,['hct116'],sequence,42,3,"[2967, 184]","[635, 184]","[637, 184]",0.090741899561539
single_hek293t_linear_sequence,linear,single,hek293t,['hek293t'],sequence,42,3,"[1633, 184]","[349, 184]","[351, 184]",0.0261015121651116
single_hela_linear_sequence,linear,single,hela,['hela'],sequence,42,3,"[5670, 184]","[1215, 184]","[1216, 184]",0.1035213065198945
single_hl60_linear_sequence,linear,single,hl60,['hl60'],sequence,42,3,"[1453, 184]","[311, 184]","[312, 184]",0.111203191050894
single_hct116_xgboost_sequence,xgboost,single,hct116,['hct116'],sequence,42,3,"[2967, 184]","[635, 184]","[637, 184]",0.1198882144689987
single_hek293t_xgboost_sequence,xgboost,single,hek293t,['hek293t'],sequence,42,3,"[1633, 184]","[349, 184]","[351, 184]",0.0532619576252786
single_hela_xgboost_sequence,xgboost,single,hela,['hela'],sequence,42,3,"[5670, 184]","[1215, 184]","[1216, 184]",0.1169439157385205
single_hl60_xgboost_sequence,xgboost,single,hl60,['hl60'],sequence,42,3,"[1453, 184]","[311, 184]","[312, 184]",0.1308269969207478
single_hct116_mlp_sequence,mlp,single,hct116,['hct116'],sequence,42,3,"[2967, 184]","[635, 184]","[637, 184]",0.0936789632522199
single_hek293t_mlp_sequence,mlp,single,hek293t,['hek293t'],sequence,42,3,"[1633, 184]","[349, 184]","[351, 184]",0.0325878340275225
single_hela_mlp_sequence,mlp,single,hela,['hela'],sequence,42,3,"[5670, 184]","[1215, 184]","[1216, 184]",0.1034884522478648
single_hl60_mlp_sequence,mlp,single,hl60,['hl60'],sequence,42,3,"[1453, 184]","[311, 184]","[312, 184]",0.1075945306962123
single_hct116_cnn_sequence_kernel_3,cnn(3|3),single,hct116,['hct116'],sequence,42,3,"[2967, 23, 8]","[635, 23, 8]","[637, 23, 8]",-0.0056821632419343
single_hek293t_cnn_sequence_kernel_3,cnn(3|3),single,hek293t,['hek293t'],sequence,42,3,"[1633, 23, 8]","[349, 23, 8]","[351, 23, 8]",0.0347834116047183
single_hela_cnn_sequence_kernel_3,cnn(3|3),single,hela,['hela'],sequence,42,3,"[5670, 23, 8]","[1215, 23, 8]","[1216, 23, 8]",0.0629940852378942
single_hl60_cnn_sequence_kernel_3,cnn(3|3),single,hl60,['hl60'],sequence,42,3,"[1453, 23, 8]","[311, 23, 8]","[312, 23, 8]",0.0571621628466464
single_hct116_cnn_sequence_kernel_5,cnn(5|3),single,hct116,['hct116'],sequence,42,5,"[2967, 23, 8]","[635, 23, 8]","[637, 23, 8]",0.0445070644291446
single_hek293t_cnn_sequence_kernel_5,cnn(5|3),single,hek293t,['hek293t'],sequence,42,5,"[1633, 23, 8]","[349, 23, 8]","[351, 23, 8]",0.0133205859349219
single_hela_cnn_sequence_kernel_5,cnn(5|3),single,hela,['hela'],sequence,42,5,"[5670, 23, 8]","[1215, 23, 8]","[1216, 23, 8]",0.1007255856627609
single_hl60_cnn_sequence_kernel_5,cnn(5|3),single,hl60,['hl60'],sequence,42,5,"[1453, 23, 8]","[311, 23, 8]","[312, 23, 8]",0.0895550801126111
single_hct116_cnn_sequence_kernel_7,cnn(7|3),single,hct116,['hct116'],sequence,42,7,"[2967, 23, 8]","[635, 23, 8]","[637, 23, 8]",0.0692093128285739
single_hek293t_cnn_sequence_kernel_7,cnn(7|3),single,hek293t,['hek293t'],sequence,42,7,"[1633, 23, 8]","[349, 23, 8]","[351, 23, 8]",0.0585916843497299
single_hela_cnn_sequence_kernel_7,cnn(7|3),single,hela,['hela'],sequence,42,7,"[5670, 23, 8]","[1215, 23, 8]","[1216, 23, 8]",0.1075670211474916
single_hl60_cnn_sequence_kernel_7,cnn(7|3),single,hl60,['hl60'],sequence,42,7,"[1453, 23, 8]","[311, 23, 8]","[312, 23, 8]",0.0967940188418414
single_hct116_transformer_sequence,transformer,single,hct116,['hct116'],sequence,42,3,"[2967, 23, 8]","[635, 23, 8]","[637, 23, 8]",0.0488973913374499
single_hek293t_transformer_sequence,transformer,single,hek293t,['hek293t'],sequence,42,3,"[1633, 23, 8]","[349, 23, 8]","[351, 23, 8]",0.0638496835602794
single_hela_transformer_sequence,transformer,single,hela,['hela'],sequence,42,3,"[5670, 23, 8]","[1215, 23, 8]","[1216, 23, 8]",0.1184544068511317
single_hl60_transformer_sequence,transformer,single,hl60,['hl60'],sequence,42,3,"[1453, 23, 8]","[311, 23, 8]","[312, 23, 8]",0.096255741778131
single_hct116_linear_sequence_ctcf,linear,single,hct116,['hct116'],sequence_ctcf,42,3,"[2967, 184]","[635, 184]","[637, 184]",0.087217027541689
single_hek293t_linear_sequence_ctcf,linear,single,hek293t,['hek293t'],sequence_ctcf,42,3,"[1633, 184]","[349, 184]","[351, 184]",-0.0013742268249758
single_hela_linear_sequence_ctcf,linear,single,hela,['hela'],sequence_ctcf,42,3,"[5670, 184]","[1215, 184]","[1216, 184]",-11270530403143.818
single_hl60_linear_sequence_ctcf,linear,single,hl60,['hl60'],sequence_ctcf,42,3,"[1453, 184]","[311, 184]","[312, 184]",0.1015733591212185
single_hct116_xgboost_sequence_ctcf,xgboost,single,hct116,['hct116'],sequence_ctcf,42,3,"[2967, 184]","[635, 184]","[637, 184]",0.1213202526024489
single_hek293t_xgboost_sequence_ctcf,xgboost,single,hek293t,['hek293t'],sequence_ctcf,42,3,"[1633, 184]","[349, 184]","[351, 184]",0.0529725820758358
single_hela_xgboost_sequence_ctcf,xgboost,single,hela,['hela'],sequence_ctcf,42,3,"[5670, 184]","[1215, 184]","[1216, 184]",0.1154733897208319
single_hl60_xgboost_sequence_ctcf,xgboost,single,hl60,['hl60'],sequence_ctcf,42,3,"[1453, 184]","[311, 184]","[312, 184]",0.1386267723697861
single_hct116_mlp_sequence_ctcf,mlp,single,hct116,['hct116'],sequence_ctcf,42,3,"[2967, 184]","[635, 184]","[637, 184]",0.0916429819524971
single_hek293t_mlp_sequence_ctcf,mlp,single,hek293t,['hek293t'],sequence_ctcf,42,3,"[1633, 184]","[349, 184]","[351, 184]",0.0362657882002529
single_hela_mlp_sequence_ctcf,mlp,single,hela,['hela'],sequence_ctcf,42,3,"[5670, 184]","[1215, 184]","[1216, 184]",0.0962304960152016
single_hl60_mlp_sequence_ctcf,mlp,single,hl60,['hl60'],sequence_ctcf,42,3,"[1453, 184]","[311, 184]","[312, 184]",0.1002924812220343
single_hct116_cnn_sequence_ctcf_kernel_3,cnn(3|3),single,hct116,['hct116'],sequence_ctcf,42,3,"[2967, 23, 8]","[635, 23, 8]","[637, 23, 8]",0.006917058710636
single_hek293t_cnn_sequence_ctcf_kernel_3,cnn(3|3),single,hek293t,['hek293t'],sequence_ctcf,42,3,"[1633, 23, 8]","[349, 23, 8]","[351, 23, 8]",0.0474034074184946
single_hela_cnn_sequence_ctcf_kernel_3,cnn(3|3),single,hela,['hela'],sequence_ctcf,42,3,"[5670, 23, 8]","[1215, 23, 8]","[1216, 23, 8]",0.0674178457956483
single_hl60_cnn_sequence_ctcf_kernel_3,cnn(3|3),single,hl60,['hl60'],sequence_ctcf,42,3,"[1453, 23, 8]","[311, 23, 8]","[312, 23, 8]",0.0287852588746451
single_hct116_cnn_sequence_ctcf_kernel_5,cnn(5|3),single,hct116,['hct116'],sequence_ctcf,42,5,"[2967, 23, 8]","[635, 23, 8]","[637, 23, 8]",0.0722089125622275
single_hek293t_cnn_sequence_ctcf_kernel_5,cnn(5|3),single,hek293t,['hek293t'],sequence_ctcf,42,5,"[1633, 23, 8]","[349, 23, 8]","[351, 23, 8]",0.033489331145589
single_hela_cnn_sequence_ctcf_kernel_5,cnn(5|3),single,hela,['hela'],sequence_ctcf,42,5,"[5670, 23, 8]","[1215, 23, 8]","[1216, 23, 8]",0.1118925171254171
single_hl60_cnn_sequence_ctcf_kernel_5,cnn(5|3),single,hl60,['hl60'],sequence_ctcf,42,5,"[1453, 23, 8]","[311, 23, 8]","[312, 23, 8]",0.0472326153844
single_hct116_cnn_sequence_ctcf_kernel_7,cnn(7|3),single,hct116,['hct116'],sequence_ctcf,42,7,"[2967, 23, 8]","[635, 23, 8]","[637, 23, 8]",0.0792320733472512
single_hek293t_cnn_sequence_ctcf_kernel_7,cnn(7|3),single,hek293t,['hek293t'],sequence_ctcf,42,7,"[1633, 23, 8]","[349, 23, 8]","[351, 23, 8]",0.0287652759941555
single_hela_cnn_sequence_ctcf_kernel_7,cnn(7|3),single,hela,['hela'],sequence_ctcf,42,7,"[5670, 23, 8]","[1215, 23, 8]","[1216, 23, 8]",0.1025515490839874
single_hl60_cnn_sequence_ctcf_kernel_7,cnn(7|3),single,hl60,['hl60'],sequence_ctcf,42,7,"[1453, 23, 8]","[311, 23, 8]","[312, 23, 8]",0.081927605389496
single_hct116_transformer_sequence_ctcf,transformer,single,hct116,['hct116'],sequence_ctcf,42,3,"[2967, 23, 8]","[635, 23, 8]","[637, 23, 8]",0.0502894239350258
single_hek293t_transformer_sequence_ctcf,transformer,single,hek293t,['hek293t'],sequence_ctcf,42,3,"[1633, 23, 8]","[349, 23, 8]","[351, 23, 8]",0.0686815493706058
single_hela_transformer_sequence_ctcf,transformer,single,hela,['hela'],sequence_ctcf,42,3,"[5670, 23, 8]","[1215, 23, 8]","[1216, 23, 8]",0.1145110723048196
single_hl60_transformer_sequence_ctcf,transformer,single,hl60,['hl60'],sequence_ctcf,42,3,"[1453, 23, 8]","[311, 23, 8]","[312, 23, 8]",0.0969172012884643
single_hct116_linear_sequence_dnase,linear,single,hct116,['hct116'],sequence_dnase,42,3,"[2967, 184]","[635, 184]","[637, 184]",0.0864603090485826
single_hek293t_linear_sequence_dnase,linear,single,hek293t,['hek293t'],sequence_dnase,42,3,"[1633, 184]","[349, 184]","[351, 184]",0.0261840519214068
single_hela_linear_sequence_dnase,linear,single,hela,['hela'],sequence_dnase,42,3,"[5670, 184]","[1215, 184]","[1216, 184]",0.1046125715845599
single_hl60_linear_sequence_dnase,linear,single,hl60,['hl60'],sequence_dnase,42,3,"[1453, 184]","[311, 184]","[312, 184]",-609531727878423.9
single_hct116_xgboost_sequence_dnase,xgboost,single,hct116,['hct116'],sequence_dnase,42,3,"[2967, 184]","[635, 184]","[637, 184]",0.115441071496411
single_hek293t_xgboost_sequence_dnase,xgboost,single,hek293t,['hek293t'],sequence_dnase,42,3,"[1633, 184]","[349, 184]","[351, 184]",0.0532619576252786
single_hela_xgboost_sequence_dnase,xgboost,single,hela,['hela'],sequence_dnase,42,3,"[5670, 184]","[1215, 184]","[1216, 184]",0.1169439157385205
single_hl60_xgboost_sequence_dnase,xgboost,single,hl60,['hl60'],sequence_dnase,42,3,"[1453, 184]","[311, 184]","[312, 184]",0.1411059755263066
single_hct116_mlp_sequence_dnase,mlp,single,hct116,['hct116'],sequence_dnase,42,3,"[2967, 184]","[635, 184]","[637, 184]",0.0417347813071315
single_hek293t_mlp_sequence_dnase,mlp,single,hek293t,['hek293t'],sequence_dnase,42,3,"[1633, 184]","[349, 184]","[351, 184]",0.0245039424992324
single_hela_mlp_sequence_dnase,mlp,single,hela,['hela'],sequence_dnase,42,3,"[5670, 184]","[1215, 184]","[1216, 184]",0.0973914269868874
single_hl60_mlp_sequence_dnase,mlp,single,hl60,['hl60'],sequence_dnase,42,3,"[1453, 184]","[311, 184]","[312, 184]",0.0923454382038189
single_hct116_cnn_sequence_dnase_kernel_3,cnn(3|3),single,hct116,['hct116'],sequence_dnase,42,3,"[2967, 23, 8]","[635, 23, 8]","[637, 23, 8]",0.0274941072042024
single_hek293t_cnn_sequence_dnase_kernel_3,cnn(3|3),single,hek293t,['hek293t'],sequence_dnase,42,3,"[1633, 23, 8]","[349, 23, 8]","[351, 23, 8]",0.0290342719178224
single_hela_cnn_sequence_dnase_kernel_3,cnn(3|3),single,hela,['hela'],sequence_dnase,42,3,"[5670, 23, 8]","[1215, 23, 8]","[1216, 23, 8]",0.0665228821363363
single_hl60_cnn_sequence_dnase_kernel_3,cnn(3|3),single,hl60,['hl60'],sequence_dnase,42,3,"[1453, 23, 8]","[311, 23, 8]","[312, 23, 8]",0.0533597950626832
single_hct116_cnn_sequence_dnase_kernel_5,cnn(5|3),single,hct116,['hct116'],sequence_dnase,42,5,"[2967, 23, 8]","[635, 23, 8]","[637, 23, 8]",0.0508365705252915
single_hek293t_cnn_sequence_dnase_kernel_5,cnn(5|3),single,hek293t,['hek293t'],sequence_dnase,42,5,"[1633, 23, 8]","[349, 23, 8]","[351, 23, 8]",0.0354721685786795
single_hela_cnn_sequence_dnase_kernel_5,cnn(5|3),single,hela,['hela'],sequence_dnase,42,5,"[5670, 23, 8]","[1215, 23, 8]","[1216, 23, 8]",0.1171140635709883
single_hl60_cnn_sequence_dnase_kernel_5,cnn(5|3),single,hl60,['hl60'],sequence_dnase,42,5,"[1453, 23, 8]","[311, 23, 8]","[312, 23, 8]",0.0507511798005287
single_hct116_cnn_sequence_dnase_kernel_7,cnn(7|3),single,hct116,['hct116'],sequence_dnase,42,7,"[2967, 23, 8]","[635, 23, 8]","[637, 23, 8]",0.0625365839746121
single_hek293t_cnn_sequence_dnase_kernel_7,cnn(7|3),single,hek293t,['hek293t'],sequence_dnase,42,7,"[1633, 23, 8]","[349, 23, 8]","[351, 23, 8]",0.0579140890595432
single_hela_cnn_sequence_dnase_kernel_7,cnn(7|3),single,hela,['hela'],sequence_dnase,42,7,"[5670, 23, 8]","[1215, 23, 8]","[1216, 23, 8]",0.1030193926313312
single_hl60_cnn_sequence_dnase_kernel_7,cnn(7|3),single,hl60,['hl60'],sequence_dnase,42,7,"[1453, 23, 8]","[311, 23, 8]","[312, 23, 8]",0.0800478451848871
single_hct116_transformer_sequence_dnase,transformer,single,hct116,['hct116'],sequence_dnase,42,3,"[2967, 23, 8]","[635, 23, 8]","[637, 23, 8]",0.0472922327554252
single_hek293t_transformer_sequence_dnase,transformer,single,hek293t,['hek293t'],sequence_dnase,42,3,"[1633, 23, 8]","[349, 23, 8]","[351, 23, 8]",0.0686127835241805
single_hela_transformer_sequence_dnase,transformer,single,hela,['hela'],sequence_dnase,42,3,"[5670, 23, 8]","[1215, 23, 8]","[1216, 23, 8]",0.1079986951969544
single_hl60_transformer_sequence_dnase,transformer,single,hl60,['hl60'],sequence_dnase,42,3,"[1453, 23, 8]","[311, 23, 8]","[312, 23, 8]",0.088024303128357
single_hct116_linear_sequence_h3k4me3,linear,single,hct116,['hct116'],sequence_h3k4me3,42,3,"[2967, 184]","[635, 184]","[637, 184]",0.0976153659459814
single_hek293t_linear_sequence_h3k4me3,linear,single,hek293t,['hek293t'],sequence_h3k4me3,42,3,"[1633, 184]","[349, 184]","[351, 184]",0.0020019019005412
single_hela_linear_sequence_h3k4me3,linear,single,hela,['hela'],sequence_h3k4me3,42,3,"[5670, 184]","[1215, 184]","[1216, 184]",0.1001191393949206
single_hl60_linear_sequence_h3k4me3,linear,single,hl60,['hl60'],sequence_h3k4me3,42,3,"[1453, 184]","[311, 184]","[312, 184]",0.123573186589982
single_hct116_xgboost_sequence_h3k4me3,xgboost,single,hct116,['hct116'],sequence_h3k4me3,42,3,"[2967, 184]","[635, 184]","[637, 184]",0.1056234265880259
single_hek293t_xgboost_sequence_h3k4me3,xgboost,single,hek293t,['hek293t'],sequence_h3k4me3,42,3,"[1633, 184]","[349, 184]","[351, 184]",0.0474750150062311
single_hela_xgboost_sequence_h3k4me3,xgboost,single,hela,['hela'],sequence_h3k4me3,42,3,"[5670, 184]","[1215, 184]","[1216, 184]",0.1147564787586256
single_hl60_xgboost_sequence_h3k4me3,xgboost,single,hl60,['hl60'],sequence_h3k4me3,42,3,"[1453, 184]","[311, 184]","[312, 184]",0.1453199778846481
single_hct116_mlp_sequence_h3k4me3,mlp,single,hct116,['hct116'],sequence_h3k4me3,42,3,"[2967, 184]","[635, 184]","[637, 184]",0.0933431642350097
single_hek293t_mlp_sequence_h3k4me3,mlp,single,hek293t,['hek293t'],sequence_h3k4me3,42,3,"[1633, 184]","[349, 184]","[351, 184]",0.0240946249047556
single_hela_mlp_sequence_h3k4me3,mlp,single,hela,['hela'],sequence_h3k4me3,42,3,"[5670, 184]","[1215, 184]","[1216, 184]",0.1069202358561833
single_hl60_mlp_sequence_h3k4me3,mlp,single,hl60,['hl60'],sequence_h3k4me3,42,3,"[1453, 184]","[311, 184]","[312, 184]",0.0988928047256587
single_hct116_cnn_sequence_h3k4me3_kernel_3,cnn(3|3),single,hct116,['hct116'],sequence_h3k4me3,42,3,"[2967, 23, 8]","[635, 23, 8]","[637, 23, 8]",-0.0053573306328755
single_hek293t_cnn_sequence_h3k4me3_kernel_3,cnn(3|3),single,hek293t,['hek293t'],sequence_h3k4me3,42,3,"[1633, 23, 8]","[349, 23, 8]","[351, 23, 8]",0.0051037475407399
single_hela_cnn_sequence_h3k4me3_kernel_3,cnn(3|3),single,hela,['hela'],sequence_h3k4me3,42,3,"[5670, 23, 8]","[1215, 23, 8]","[1216, 23, 8]",0.0626721162781174
single_hl60_cnn_sequence_h3k4me3_kernel_3,cnn(3|3),single,hl60,['hl60'],sequence_h3k4me3,42,3,"[1453, 23, 8]","[311, 23, 8]","[312, 23, 8]",0.04036793153207
single_hct116_cnn_sequence_h3k4me3_kernel_5,cnn(5|3),single,hct116,['hct116'],sequence_h3k4me3,42,5,"[2967, 23, 8]","[635, 23, 8]","[637, 23, 8]",0.0474169038741498
single_hek293t_cnn_sequence_h3k4me3_kernel_5,cnn(5|3),single,hek293t,['hek293t'],sequence_h3k4me3,42,5,"[1633, 23, 8]","[349, 23, 8]","[351, 23, 8]",-0.0030083682364547
single_hela_cnn_sequence_h3k4me3_kernel_5,cnn(5|3),single,hela,['hela'],sequence_h3k4me3,42,5,"[5670, 23, 8]","[1215, 23, 8]","[1216, 23, 8]",0.0956898686047349
single_hl60_cnn_sequence_h3k4me3_kernel_5,cnn(5|3),single,hl60,['hl60'],sequence_h3k4me3,42,5,"[1453, 23, 8]","[311, 23, 8]","[312, 23, 8]",0.0812801296429565
single_hct116_cnn_sequence_h3k4me3_kernel_7,cnn(7|3),single,hct116,['hct116'],sequence_h3k4me3,42,7,"[2967, 23, 8]","[635, 23, 8]","[637, 23, 8]",0.0651267937077282
single_hek293t_cnn_sequence_h3k4me3_kernel_7,cnn(7|3),single,hek293t,['hek293t'],sequence_h3k4me3,42,7,"[1633, 23, 8]","[349, 23, 8]","[351, 23, 8]",0.012824575857427
single_hela_cnn_sequence_h3k4me3_kernel_7,cnn(7|3),single,hela,['hela'],sequence_h3k4me3,42,7,"[5670, 23, 8]","[1215, 23, 8]","[1216, 23, 8]",0.0689268450965894
single_hl60_cnn_sequence_h3k4me3_kernel_7,cnn(7|3),single,hl60,['hl60'],sequence_h3k4me3,42,7,"[1453, 23, 8]","[311, 23, 8]","[312, 23, 8]",0.1120597159742063
single_hct116_transformer_sequence_h3k4me3,transformer,single,hct116,['hct116'],sequence_h3k4me3,42,3,"[2967, 23, 8]","[635, 23, 8]","[637, 23, 8]",0.0323821628492195
single_hek293t_transformer_sequence_h3k4me3,transformer,single,hek293t,['hek293t'],sequence_h3k4me3,42,3,"[1633, 23, 8]","[349, 23, 8]","[351, 23, 8]",0.0283088758619334
single_hela_transformer_sequence_h3k4me3,transformer,single,hela,['hela'],sequence_h3k4me3,42,3,"[5670, 23, 8]","[1215, 23, 8]","[1216, 23, 8]",0.1302354751085669
single_hl60_transformer_sequence_h3k4me3,transformer,single,hl60,['hl60'],sequence_h3k4me3,42,3,"[1453, 23, 8]","[311, 23, 8]","[312, 23, 8]",0.1083049221579368
single_hct116_linear_sequence_rrbs,linear,single,hct116,['hct116'],sequence_rrbs,42,3,"[2967, 184]","[635, 184]","[637, 184]",0.0874015046562232
single_hek293t_linear_sequence_rrbs,linear,single,hek293t,['hek293t'],sequence_rrbs,42,3,"[1633, 184]","[349, 184]","[351, 184]",-0.0327688258192866
single_hela_linear_sequence_rrbs,linear,single,hela,['hela'],sequence_rrbs,42,3,"[5670, 184]","[1215, 184]","[1216, 184]",0.1019278746213679
single_hl60_linear_sequence_rrbs,linear,single,hl60,['hl60'],sequence_rrbs,42,3,"[1453, 184]","[311, 184]","[312, 184]",0.1070434052309311
single_hct116_xgboost_sequence_rrbs,xgboost,single,hct116,['hct116'],sequence_rrbs,42,3,"[2967, 184]","[635, 184]","[637, 184]",0.1072407601488059
single_hek293t_xgboost_sequence_rrbs,xgboost,single,hek293t,['hek293t'],sequence_rrbs,42,3,"[1633, 184]","[349, 184]","[351, 184]",0.0432553156265622
single_hela_xgboost_sequence_rrbs,xgboost,single,hela,['hela'],sequence_rrbs,42,3,"[5670, 184]","[1215, 184]","[1216, 184]",0.1172181731954327
single_hl60_xgboost_sequence_rrbs,xgboost,single,hl60,['hl60'],sequence_rrbs,42,3,"[1453, 184]","[311, 184]","[312, 184]",0.1292595241527828
single_hct116_mlp_sequence_rrbs,mlp,single,hct116,['hct116'],sequence_rrbs,42,3,"[2967, 184]","[635, 184]","[637, 184]",0.08929486960757
single_hek293t_mlp_sequence_rrbs,mlp,single,hek293t,['hek293t'],sequence_rrbs,42,3,"[1633, 184]","[349, 184]","[351, 184]",0.0108516295684339
single_hela_mlp_sequence_rrbs,mlp,single,hela,['hela'],sequence_rrbs,42,3,"[5670, 184]","[1215, 184]","[1216, 184]",0.1055953881949477
single_hl60_mlp_sequence_rrbs,mlp,single,hl60,['hl60'],sequence_rrbs,42,3,"[1453, 184]","[311, 184]","[312, 184]",0.1080046594618335
single_hct116_cnn_sequence_rrbs_kernel_3,cnn(3|3),single,hct116,['hct116'],sequence_rrbs,42,3,"[2967, 23, 8]","[635, 23, 8]","[637, 23, 8]",0.009674066921377
single_hek293t_cnn_sequence_rrbs_kernel_3,cnn(3|3),single,hek293t,['hek293t'],sequence_rrbs,42,3,"[1633, 23, 8]","[349, 23, 8]","[351, 23, 8]",0.0339208604648257
single_hela_cnn_sequence_rrbs_kernel_3,cnn(3|3),single,hela,['hela'],sequence_rrbs,42,3,"[5670, 23, 8]","[1215, 23, 8]","[1216, 23, 8]",0.0728723418262243
single_hl60_cnn_sequence_rrbs_kernel_3,cnn(3|3),single,hl60,['hl60'],sequence_rrbs,42,3,"[1453, 23, 8]","[311, 23, 8]","[312, 23, 8]",0.0231807166747352
single_hct116_cnn_sequence_rrbs_kernel_5,cnn(5|3),single,hct116,['hct116'],sequence_rrbs,42,5,"[2967, 23, 8]","[635, 23, 8]","[637, 23, 8]",0.0458513066974826
single_hek293t_cnn_sequence_rrbs_kernel_5,cnn(5|3),single,hek293t,['hek293t'],sequence_rrbs,42,5,"[1633, 23, 8]","[349, 23, 8]","[351, 23, 8]",0.0396120819446895
single_hela_cnn_sequence_rrbs_kernel_5,cnn(5|3),single,hela,['hela'],sequence_rrbs,42,5,"[5670, 23, 8]","[1215, 23, 8]","[1216, 23, 8]",0.0952850684616188
single_hl60_cnn_sequence_rrbs_kernel_5,cnn(5|3),single,hl60,['hl60'],sequence_rrbs,42,5,"[1453, 23, 8]","[311, 23, 8]","[312, 23, 8]",0.0385453289126661
single_hct116_cnn_sequence_rrbs_kernel_7,cnn(7|3),single,hct116,['hct116'],sequence_rrbs,42,7,"[2967, 23, 8]","[635, 23, 8]","[637, 23, 8]",0.0293178704658673
single_hek293t_cnn_sequence_rrbs_kernel_7,cnn(7|3),single,hek293t,['hek293t'],sequence_rrbs,42,7,"[1633, 23, 8]","[349, 23, 8]","[351, 23, 8]",0.0620129495014464
single_hela_cnn_sequence_rrbs_kernel_7,cnn(7|3),single,hela,['hela'],sequence_rrbs,42,7,"[5670, 23, 8]","[1215, 23, 8]","[1216, 23, 8]",0.1097321594366746
single_hl60_cnn_sequence_rrbs_kernel_7,cnn(7|3),single,hl60,['hl60'],sequence_rrbs,42,7,"[1453, 23, 8]","[311, 23, 8]","[312, 23, 8]",0.0512086599595632
single_hct116_transformer_sequence_rrbs,transformer,single,hct116,['hct116'],sequence_rrbs,42,3,"[2967, 23, 8]","[635, 23, 8]","[637, 23, 8]",0.0445969085603571
single_hek293t_transformer_sequence_rrbs,transformer,single,hek293t,['hek293t'],sequence_rrbs,42,3,"[1633, 23, 8]","[349, 23, 8]","[351, 23, 8]",0.0689137461104228
single_hela_transformer_sequence_rrbs,transformer,single,hela,['hela'],sequence_rrbs,42,3,"[5670, 23, 8]","[1215, 23, 8]","[1216, 23, 8]",0.1145699033445557
single_hl60_transformer_sequence_rrbs,transformer,single,hl60,['hl60'],sequence_rrbs,42,3,"[1453, 23, 8]","[311, 23, 8]","[312, 23, 8]",0.0912449867549234
single_hct116_linear_sequence_ctcf_dnase,linear,single,hct116,['hct116'],sequence_ctcf_dnase,42,3,"[2967, 184]","[635, 184]","[637, 184]",0.0823201723006477
single_hek293t_linear_sequence_ctcf_dnase,linear,single,hek293t,['hek293t'],sequence_ctcf_dnase,42,3,"[1633, 184]","[349, 184]","[351, 184]",-0.0014351749757515
single_hela_linear_sequence_ctcf_dnase,linear,single,hela,['hela'],sequence_ctcf_dnase,42,3,"[5670, 184]","[1215, 184]","[1216, 184]",-1855806532312.6077
single_hl60_linear_sequence_ctcf_dnase,linear,single,hl60,['hl60'],sequence_ctcf_dnase,42,3,"[1453, 184]","[311, 184]","[312, 184]",-33878808681074.227
single_hct116_xgboost_sequence_ctcf_dnase,xgboost,single,hct116,['hct116'],sequence_ctcf_dnase,42,3,"[2967, 184]","[635, 184]","[637, 184]",0.1226835002524001
single_hek293t_xgboost_sequence_ctcf_dnase,xgboost,single,hek293t,['hek293t'],sequence_ctcf_dnase,42,3,"[1633, 184]","[349, 184]","[351, 184]",0.0529725820758358
single_hela_xgboost_sequence_ctcf_dnase,xgboost,single,hela,['hela'],sequence_ctcf_dnase,42,3,"[5670, 184]","[1215, 184]","[1216, 184]",0.1154733897208319
single_hl60_xgboost_sequence_ctcf_dnase,xgboost,single,hl60,['hl60'],sequence_ctcf_dnase,42,3,"[1453, 184]","[311, 184]","[312, 184]",0.1358727984162681
single_hct116_mlp_sequence_ctcf_dnase,mlp,single,hct116,['hct116'],sequence_ctcf_dnase,42,3,"[2967, 184]","[635, 184]","[637, 184]",0.0668142755459971
single_hek293t_mlp_sequence_ctcf_dnase,mlp,single,hek293t,['hek293t'],sequence_ctcf_dnase,42,3,"[1633, 184]","[349, 184]","[351, 184]",0.0217919027933468
single_hela_mlp_sequence_ctcf_dnase,mlp,single,hela,['hela'],sequence_ctcf_dnase,42,3,"[5670, 184]","[1215, 184]","[1216, 184]",0.1011411727676893
single_hl60_mlp_sequence_ctcf_dnase,mlp,single,hl60,['hl60'],sequence_ctcf_dnase,42,3,"[1453, 184]","[311, 184]","[312, 184]",0.0844319696168104
single_hct116_cnn_sequence_ctcf_dnase_kernel_3,cnn(3|3),single,hct116,['hct116'],sequence_ctcf_dnase,42,3,"[2967, 23, 8]","[635, 23, 8]","[637, 23, 8]",0.032733485201803
single_hek293t_cnn_sequence_ctcf_dnase_kernel_3,cnn(3|3),single,hek293t,['hek293t'],sequence_ctcf_dnase,42,3,"[1633, 23, 8]","[349, 23, 8]","[351, 23, 8]",0.0221275564666426
single_hela_cnn_sequence_ctcf_dnase_kernel_3,cnn(3|3),single,hela,['hela'],sequence_ctcf_dnase,42,3,"[5670, 23, 8]","[1215, 23, 8]","[1216, 23, 8]",0.0654349552844564
single_hl60_cnn_sequence_ctcf_dnase_kernel_3,cnn(3|3),single,hl60,['hl60'],sequence_ctcf_dnase,42,3,"[1453, 23, 8]","[311, 23, 8]","[312, 23, 8]",0.0225210694965449
single_hct116_cnn_sequence_ctcf_dnase_kernel_5,cnn(5|3),single,hct116,['hct116'],sequence_ctcf_dnase,42,5,"[2967, 23, 8]","[635, 23, 8]","[637, 23, 8]",0.0536188374698112
single_hek293t_cnn_sequence_ctcf_dnase_kernel_5,cnn(5|3),single,hek293t,['hek293t'],sequence_ctcf_dnase,42,5,"[1633, 23, 8]","[349, 23, 8]","[351, 23, 8]",0.0548619920519687
single_hela_cnn_sequence_ctcf_dnase_kernel_5,cnn(5|3),single,hela,['hela'],sequence_ctcf_dnase,42,5,"[5670, 23, 8]","[1215, 23, 8]","[1216, 23, 8]",0.1125821953643784
single_hl60_cnn_sequence_ctcf_dnase_kernel_5,cnn(5|3),single,hl60,['hl60'],sequence_ctcf_dnase,42,5,"[1453, 23, 8]","[311, 23, 8]","[312, 23, 8]",0.0548159219093062
single_hct116_cnn_sequence_ctcf_dnase_kernel_7,cnn(7|3),single,hct116,['hct116'],sequence_ctcf_dnase,42,7,"[2967, 23, 8]","[635, 23, 8]","[637, 23, 8]",0.0679029416624956
single_hek293t_cnn_sequence_ctcf_dnase_kernel_7,cnn(7|3),single,hek293t,['hek293t'],sequence_ctcf_dnase,42,7,"[1633, 23, 8]","[349, 23, 8]","[351, 23, 8]",0.0714104847809379
single_hela_cnn_sequence_ctcf_dnase_kernel_7,cnn(7|3),single,hela,['hela'],sequence_ctcf_dnase,42,7,"[5670, 23, 8]","[1215, 23, 8]","[1216, 23, 8]",0.1185523556924831
single_hl60_cnn_sequence_ctcf_dnase_kernel_7,cnn(7|3),single,hl60,['hl60'],sequence_ctcf_dnase,42,7,"[1453, 23, 8]","[311, 23, 8]","[312, 23, 8]",0.0979354947658861
single_hct116_transformer_sequence_ctcf_dnase,transformer,single,hct116,['hct116'],sequence_ctcf_dnase,42,3,"[2967, 23, 8]","[635, 23, 8]","[637, 23, 8]",0.0470583458248229
single_hek293t_transformer_sequence_ctcf_dnase,transformer,single,hek293t,['hek293t'],sequence_ctcf_dnase,42,3,"[1633, 23, 8]","[349, 23, 8]","[351, 23, 8]",0.0828272802742551
single_hela_transformer_sequence_ctcf_dnase,transformer,single,hela,['hela'],sequence_ctcf_dnase,42,3,"[5670, 23, 8]","[1215, 23, 8]","[1216, 23, 8]",0.1262334458839561
single_hl60_transformer_sequence_ctcf_dnase,transformer,single,hl60,['hl60'],sequence_ctcf_dnase,42,3,"[1453, 23, 8]","[311, 23, 8]","[312, 23, 8]",0.0728656358650877
single_hct116_linear_sequence_ctcf_h3k4me3,linear,single,hct116,['hct116'],sequence_ctcf_h3k4me3,42,3,"[2967, 184]","[635, 184]","[637, 184]",0.0914144428104409
single_hek293t_linear_sequence_ctcf_h3k4me3,linear,single,hek293t,['hek293t'],sequence_ctcf_h3k4me3,42,3,"[1633, 184]","[349, 184]","[351, 184]",-0.033040547724102
single_hela_linear_sequence_ctcf_h3k4me3,linear,single,hela,['hela'],sequence_ctcf_h3k4me3,42,3,"[5670, 184]","[1215, 184]","[1216, 184]",-89705211317300.34
single_hl60_linear_sequence_ctcf_h3k4me3,linear,single,hl60,['hl60'],sequence_ctcf_h3k4me3,42,3,"[1453, 184]","[311, 184]","[312, 184]",0.1126812627235254
single_hct116_xgboost_sequence_ctcf_h3k4me3,xgboost,single,hct116,['hct116'],sequence_ctcf_h3k4me3,42,3,"[2967, 184]","[635, 184]","[637, 184]",0.1142749940385668
single_hek293t_xgboost_sequence_ctcf_h3k4me3,xgboost,single,hek293t,['hek293t'],sequence_ctcf_h3k4me3,42,3,"[1633, 184]","[349, 184]","[351, 184]",0.0620872510906784
single_hela_xgboost_sequence_ctcf_h3k4me3,xgboost,single,hela,['hela'],sequence_ctcf_h3k4me3,42,3,"[5670, 184]","[1215, 184]","[1216, 184]",0.1167940779776958
single_hl60_xgboost_sequence_ctcf_h3k4me3,xgboost,single,hl60,['hl60'],sequence_ctcf_h3k4me3,42,3,"[1453, 184]","[311, 184]","[312, 184]",0.1433410736783933
single_hct116_mlp_sequence_ctcf_h3k4me3,mlp,single,hct116,['hct116'],sequence_ctcf_h3k4me3,42,3,"[2967, 184]","[635, 184]","[637, 184]",0.0715724116647928
single_hek293t_mlp_sequence_ctcf_h3k4me3,mlp,single,hek293t,['hek293t'],sequence_ctcf_h3k4me3,42,3,"[1633, 184]","[349, 184]","[351, 184]",0.0355595557884294
single_hela_mlp_sequence_ctcf_h3k4me3,mlp,single,hela,['hela'],sequence_ctcf_h3k4me3,42,3,"[5670, 184]","[1215, 184]","[1216, 184]",0.1013454287273309
single_hl60_mlp_sequence_ctcf_h3k4me3,mlp,single,hl60,['hl60'],sequence_ctcf_h3k4me3,42,3,"[1453, 184]","[311, 184]","[312, 184]",0.0668628648329672
single_hct116_cnn_sequence_ctcf_h3k4me3_kernel_3,cnn(3|3),single,hct116,['hct116'],sequence_ctcf_h3k4me3,42,3,"[2967, 23, 8]","[635, 23, 8]","[637, 23, 8]",0.0318361479309676
single_hek293t_cnn_sequence_ctcf_h3k4me3_kernel_3,cnn(3|3),single,hek293t,['hek293t'],sequence_ctcf_h3k4me3,42,3,"[1633, 23, 8]","[349, 23, 8]","[351, 23, 8]",0.0353481068650319
single_hela_cnn_sequence_ctcf_h3k4me3_kernel_3,cnn(3|3),single,hela,['hela'],sequence_ctcf_h3k4me3,42,3,"[5670, 23, 8]","[1215, 23, 8]","[1216, 23, 8]",0.070425448531362
single_hl60_cnn_sequence_ctcf_h3k4me3_kernel_3,cnn(3|3),single,hl60,['hl60'],sequence_ctcf_h3k4me3,42,3,"[1453, 23, 8]","[311, 23, 8]","[312, 23, 8]",0.0343191863013192
single_hct116_cnn_sequence_ctcf_h3k4me3_kernel_5,cnn(5|3),single,hct116,['hct116'],sequence_ctcf_h3k4me3,42,5,"[2967, 23, 8]","[635, 23, 8]","[637, 23, 8]",0.0618525693138787
single_hek293t_cnn_sequence_ctcf_h3k4me3_kernel_5,cnn(5|3),single,hek293t,['hek293t'],sequence_ctcf_h3k4me3,42,5,"[1633, 23, 8]","[349, 23, 8]","[351, 23, 8]",0.0266504017765748
single_hela_cnn_sequence_ctcf_h3k4me3_kernel_5,cnn(5|3),single,hela,['hela'],sequence_ctcf_h3k4me3,42,5,"[5670, 23, 8]","[1215, 23, 8]","[1216, 23, 8]",0.1131517286759248
single_hl60_cnn_sequence_ctcf_h3k4me3_kernel_5,cnn(5|3),single,hl60,['hl60'],sequence_ctcf_h3k4me3,42,5,"[1453, 23, 8]","[311, 23, 8]","[312, 23, 8]",0.0790891377147225
single_hct116_cnn_sequence_ctcf_h3k4me3_kernel_7,cnn(7|3),single,hct116,['hct116'],sequence_ctcf_h3k4me3,42,7,"[2967, 23, 8]","[635, 23, 8]","[637, 23, 8]",0.0920386691269385
single_hek293t_cnn_sequence_ctcf_h3k4me3_kernel_7,cnn(7|3),single,hek293t,['hek293t'],sequence_ctcf_h3k4me3,42,7,"[1633, 23, 8]","[349, 23, 8]","[351, 23, 8]",0.0383889079515963
single_hela_cnn_sequence_ctcf_h3k4me3_kernel_7,cnn(7|3),single,hela,['hela'],sequence_ctcf_h3k4me3,42,7,"[5670, 23, 8]","[1215, 23, 8]","[1216, 23, 8]",0.1069247580745329
single_hl60_cnn_sequence_ctcf_h3k4me3_kernel_7,cnn(7|3),single,hl60,['hl60'],sequence_ctcf_h3k4me3,42,7,"[1453, 23, 8]","[311, 23, 8]","[312, 23, 8]",0.0989243488752924
single_hct116_transformer_sequence_ctcf_h3k4me3,transformer,single,hct116,['hct116'],sequence_ctcf_h3k4me3,42,3,"[2967, 23, 8]","[635, 23, 8]","[637, 23, 8]",0.0406262631496603
single_hek293t_transformer_sequence_ctcf_h3k4me3,transformer,single,hek293t,['hek293t'],sequence_ctcf_h3k4me3,42,3,"[1633, 23, 8]","[349, 23, 8]","[351, 23, 8]",0.0376254856691391
single_hela_transformer_sequence_ctcf_h3k4me3,transformer,single,hela,['hela'],sequence_ctcf_h3k4me3,42,3,"[5670, 23, 8]","[1215, 23, 8]","[1216, 23, 8]",0.1135600185027791
single_hl60_transformer_sequence_ctcf_h3k4me3,transformer,single,hl60,['hl60'],sequence_ctcf_h3k4me3,42,3,"[1453, 23, 8]","[311, 23, 8]","[312, 23, 8]",0.1084796418935946
single_hct116_linear_sequence_ctcf_rrbs,linear,single,hct116,['hct116'],sequence_ctcf_rrbs,42,3,"[2967, 184]","[635, 184]","[637, 184]",0.0841293206628871
single_hek293t_linear_sequence_ctcf_rrbs,linear,single,hek293t,['hek293t'],sequence_ctcf_rrbs,42,3,"[1633, 184]","[349, 184]","[351, 184]",-0.0552073799808399
single_hela_linear_sequence_ctcf_rrbs,linear,single,hela,['hela'],sequence_ctcf_rrbs,42,3,"[5670, 184]","[1215, 184]","[1216, 184]",-17621136532.680096
single_hl60_linear_sequence_ctcf_rrbs,linear,single,hl60,['hl60'],sequence_ctcf_rrbs,42,3,"[1453, 184]","[311, 184]","[312, 184]",0.0980666830084319
single_hct116_xgboost_sequence_ctcf_rrbs,xgboost,single,hct116,['hct116'],sequence_ctcf_rrbs,42,3,"[2967, 184]","[635, 184]","[637, 184]",0.1080856404763912
single_hek293t_xgboost_sequence_ctcf_rrbs,xgboost,single,hek293t,['hek293t'],sequence_ctcf_rrbs,42,3,"[1633, 184]","[349, 184]","[351, 184]",0.0430476199003342
single_hela_xgboost_sequence_ctcf_rrbs,xgboost,single,hela,['hela'],sequence_ctcf_rrbs,42,3,"[5670, 184]","[1215, 184]","[1216, 184]",0.1223037271138499
single_hl60_xgboost_sequence_ctcf_rrbs,xgboost,single,hl60,['hl60'],sequence_ctcf_rrbs,42,3,"[1453, 184]","[311, 184]","[312, 184]",0.1422282375797201
single_hct116_mlp_sequence_ctcf_rrbs,mlp,single,hct116,['hct116'],sequence_ctcf_rrbs,42,3,"[2967, 184]","[635, 184]","[637, 184]",0.0877214127909041
single_hek293t_mlp_sequence_ctcf_rrbs,mlp,single,hek293t,['hek293t'],sequence_ctcf_rrbs,42,3,"[1633, 184]","[349, 184]","[351, 184]",0.0232917484561162
single_hela_mlp_sequence_ctcf_rrbs,mlp,single,hela,['hela'],sequence_ctcf_rrbs,42,3,"[5670, 184]","[1215, 184]","[1216, 184]",0.0886324095042077
single_hl60_mlp_sequence_ctcf_rrbs,mlp,single,hl60,['hl60'],sequence_ctcf_rrbs,42,3,"[1453, 184]","[311, 184]","[312, 184]",0.0985370696834205
single_hct116_cnn_sequence_ctcf_rrbs_kernel_3,cnn(3|3),single,hct116,['hct116'],sequence_ctcf_rrbs,42,3,"[2967, 23, 8]","[635, 23, 8]","[637, 23, 8]",-0.0113525425242324
single_hek293t_cnn_sequence_ctcf_rrbs_kernel_3,cnn(3|3),single,hek293t,['hek293t'],sequence_ctcf_rrbs,42,3,"[1633, 23, 8]","[349, 23, 8]","[351, 23, 8]",0.0469311137423037
single_hela_cnn_sequence_ctcf_rrbs_kernel_3,cnn(3|3),single,hela,['hela'],sequence_ctcf_rrbs,42,3,"[5670, 23, 8]","[1215, 23, 8]","[1216, 23, 8]",0.0678106711892745
single_hl60_cnn_sequence_ctcf_rrbs_kernel_3,cnn(3|3),single,hl60,['hl60'],sequence_ctcf_rrbs,42,3,"[1453, 23, 8]","[311, 23, 8]","[312, 23, 8]",0.0375222517444611
single_hct116_cnn_sequence_ctcf_rrbs_kernel_5,cnn(5|3),single,hct116,['hct116'],sequence_ctcf_rrbs,42,5,"[2967, 23, 8]","[635, 23, 8]","[637, 23, 8]",0.0566870501449036
single_hek293t_cnn_sequence_ctcf_rrbs_kernel_5,cnn(5|3),single,hek293t,['hek293t'],sequence_ctcf_rrbs,42,5,"[1633, 23, 8]","[349, 23, 8]","[351, 23, 8]",0.1020526825093312
single_hela_cnn_sequence_ctcf_rrbs_kernel_5,cnn(5|3),single,hela,['hela'],sequence_ctcf_rrbs,42,5,"[5670, 23, 8]","[1215, 23, 8]","[1216, 23, 8]",0.1030709070611287
single_hl60_cnn_sequence_ctcf_rrbs_kernel_5,cnn(5|3),single,hl60,['hl60'],sequence_ctcf_rrbs,42,5,"[1453, 23, 8]","[311, 23, 8]","[312, 23, 8]",0.0757071419154964
single_hct116_cnn_sequence_ctcf_rrbs_kernel_7,cnn(7|3),single,hct116,['hct116'],sequence_ctcf_rrbs,42,7,"[2967, 23, 8]","[635, 23, 8]","[637, 23, 8]",0.079983980659134
single_hek293t_cnn_sequence_ctcf_rrbs_kernel_7,cnn(7|3),single,hek293t,['hek293t'],sequence_ctcf_rrbs,42,7,"[1633, 23, 8]","[349, 23, 8]","[351, 23, 8]",0.0637629308480995
single_hela_cnn_sequence_ctcf_rrbs_kernel_7,cnn(7|3),single,hela,['hela'],sequence_ctcf_rrbs,42,7,"[5670, 23, 8]","[1215, 23, 8]","[1216, 23, 8]",0.1179781658849472
single_hl60_cnn_sequence_ctcf_rrbs_kernel_7,cnn(7|3),single,hl60,['hl60'],sequence_ctcf_rrbs,42,7,"[1453, 23, 8]","[311, 23, 8]","[312, 23, 8]",0.0905840490528474
single_hct116_transformer_sequence_ctcf_rrbs,transformer,single,hct116,['hct116'],sequence_ctcf_rrbs,42,3,"[2967, 23, 8]","[635, 23, 8]","[637, 23, 8]",0.0465819433811459
single_hek293t_transformer_sequence_ctcf_rrbs,transformer,single,hek293t,['hek293t'],sequence_ctcf_rrbs,42,3,"[1633, 23, 8]","[349, 23, 8]","[351, 23, 8]",0.0725061432604745
single_hela_transformer_sequence_ctcf_rrbs,transformer,single,hela,['hela'],sequence_ctcf_rrbs,42,3,"[5670, 23, 8]","[1215, 23, 8]","[1216, 23, 8]",0.1187287266894508
single_hl60_transformer_sequence_ctcf_rrbs,transformer,single,hl60,['hl60'],sequence_ctcf_rrbs,42,3,"[1453, 23, 8]","[311, 23, 8]","[312, 23, 8]",0.0933603144849726
single_hct116_linear_sequence_dnase_h3k4me3,linear,single,hct116,['hct116'],sequence_dnase_h3k4me3,42,3,"[2967, 184]","[635, 184]","[637, 184]",-84648478577.75233
single_hek293t_linear_sequence_dnase_h3k4me3,linear,single,hek293t,['hek293t'],sequence_dnase_h3k4me3,42,3,"[1633, 184]","[349, 184]","[351, 184]",0.0018025594989314
single_hela_linear_sequence_dnase_h3k4me3,linear,single,hela,['hela'],sequence_dnase_h3k4me3,42,3,"[5670, 184]","[1215, 184]","[1216, 184]",0.1005804709403513
single_hl60_linear_sequence_dnase_h3k4me3,linear,single,hl60,['hl60'],sequence_dnase_h3k4me3,42,3,"[1453, 184]","[311, 184]","[312, 184]",-1.1530231594360038e+18
single_hct116_xgboost_sequence_dnase_h3k4me3,xgboost,single,hct116,['hct116'],sequence_dnase_h3k4me3,42,3,"[2967, 184]","[635, 184]","[637, 184]",0.1091153977272649
single_hek293t_xgboost_sequence_dnase_h3k4me3,xgboost,single,hek293t,['hek293t'],sequence_dnase_h3k4me3,42,3,"[1633, 184]","[349, 184]","[351, 184]",0.0474750150062311
single_hela_xgboost_sequence_dnase_h3k4me3,xgboost,single,hela,['hela'],sequence_dnase_h3k4me3,42,3,"[5670, 184]","[1215, 184]","[1216, 184]",0.1147564787586256
single_hl60_xgboost_sequence_dnase_h3k4me3,xgboost,single,hl60,['hl60'],sequence_dnase_h3k4me3,42,3,"[1453, 184]","[311, 184]","[312, 184]",0.1302912211817957
single_hct116_mlp_sequence_dnase_h3k4me3,mlp,single,hct116,['hct116'],sequence_dnase_h3k4me3,42,3,"[2967, 184]","[635, 184]","[637, 184]",0.0487220760979467
single_hek293t_mlp_sequence_dnase_h3k4me3,mlp,single,hek293t,['hek293t'],sequence_dnase_h3k4me3,42,3,"[1633, 184]","[349, 184]","[351, 184]",0.0167912023211633
single_hela_mlp_sequence_dnase_h3k4me3,mlp,single,hela,['hela'],sequence_dnase_h3k4me3,42,3,"[5670, 184]","[1215, 184]","[1216, 184]",0.1156293171126379
single_hl60_mlp_sequence_dnase_h3k4me3,mlp,single,hl60,['hl60'],sequence_dnase_h3k4me3,42,3,"[1453, 184]","[311, 184]","[312, 184]",0.0857191323804679
single_hct116_cnn_sequence_dnase_h3k4me3_kernel_3,cnn(3|3),single,hct116,['hct116'],sequence_dnase_h3k4me3,42,3,"[2967, 23, 8]","[635, 23, 8]","[637, 23, 8]",0.026136232577727
single_hek293t_cnn_sequence_dnase_h3k4me3_kernel_3,cnn(3|3),single,hek293t,['hek293t'],sequence_dnase_h3k4me3,42,3,"[1633, 23, 8]","[349, 23, 8]","[351, 23, 8]",0.0016974810752875
single_hela_cnn_sequence_dnase_h3k4me3_kernel_3,cnn(3|3),single,hela,['hela'],sequence_dnase_h3k4me3,42,3,"[5670, 23, 8]","[1215, 23, 8]","[1216, 23, 8]",0.0669712679998888
single_hl60_cnn_sequence_dnase_h3k4me3_kernel_3,cnn(3|3),single,hl60,['hl60'],sequence_dnase_h3k4me3,42,3,"[1453, 23, 8]","[311, 23, 8]","[312, 23, 8]",0.0572525238309037
single_hct116_cnn_sequence_dnase_h3k4me3_kernel_5,cnn(5|3),single,hct116,['hct116'],sequence_dnase_h3k4me3,42,5,"[2967, 23, 8]","[635, 23, 8]","[637, 23, 8]",0.0651121736553675
single_hek293t_cnn_sequence_dnase_h3k4me3_kernel_5,cnn(5|3),single,hek293t,['hek293t'],sequence_dnase_h3k4me3,42,5,"[1633, 23, 8]","[349, 23, 8]","[351, 23, 8]",0.0376695684998362
single_hela_cnn_sequence_dnase_h3k4me3_kernel_5,cnn(5|3),single,hela,['hela'],sequence_dnase_h3k4me3,42,5,"[5670, 23, 8]","[1215, 23, 8]","[1216, 23, 8]",0.1040870514048255
single_hl60_cnn_sequence_dnase_h3k4me3_kernel_5,cnn(5|3),single,hl60,['hl60'],sequence_dnase_h3k4me3,42,5,"[1453, 23, 8]","[311, 23, 8]","[312, 23, 8]",0.0821468317523169
single_hct116_cnn_sequence_dnase_h3k4me3_kernel_7,cnn(7|3),single,hct116,['hct116'],sequence_dnase_h3k4me3,42,7,"[2967, 23, 8]","[635, 23, 8]","[637, 23, 8]",0.0841571109423043
single_hek293t_cnn_sequence_dnase_h3k4me3_kernel_7,cnn(7|3),single,hek293t,['hek293t'],sequence_dnase_h3k4me3,42,7,"[1633, 23, 8]","[349, 23, 8]","[351, 23, 8]",0.0230249335078641
single_hela_cnn_sequence_dnase_h3k4me3_kernel_7,cnn(7|3),single,hela,['hela'],sequence_dnase_h3k4me3,42,7,"[5670, 23, 8]","[1215, 23, 8]","[1216, 23, 8]",0.1052955849098968
single_hl60_cnn_sequence_dnase_h3k4me3_kernel_7,cnn(7|3),single,hl60,['hl60'],sequence_dnase_h3k4me3,42,7,"[1453, 23, 8]","[311, 23, 8]","[312, 23, 8]",0.0959374659672148
single_hct116_transformer_sequence_dnase_h3k4me3,transformer,single,hct116,['hct116'],sequence_dnase_h3k4me3,42,3,"[2967, 23, 8]","[635, 23, 8]","[637, 23, 8]",0.0501832529445307
single_hek293t_transformer_sequence_dnase_h3k4me3,transformer,single,hek293t,['hek293t'],sequence_dnase_h3k4me3,42,3,"[1633, 23, 8]","[349, 23, 8]","[351, 23, 8]",0.0072651090713892
single_hela_transformer_sequence_dnase_h3k4me3,transformer,single,hela,['hela'],sequence_dnase_h3k4me3,42,3,"[5670, 23, 8]","[1215, 23, 8]","[1216, 23, 8]",0.104600645790986
single_hl60_transformer_sequence_dnase_h3k4me3,transformer,single,hl60,['hl60'],sequence_dnase_h3k4me3,42,3,"[1453, 23, 8]","[311, 23, 8]","[312, 23, 8]",0.1022784375364723
single_hct116_linear_sequence_dnase_rrbs,linear,single,hct116,['hct116'],sequence_dnase_rrbs,42,3,"[2967, 184]","[635, 184]","[637, 184]",-262563956696.80548
single_hek293t_linear_sequence_dnase_rrbs,linear,single,hek293t,['hek293t'],sequence_dnase_rrbs,42,3,"[1633, 184]","[349, 184]","[351, 184]",-0.0327604094740319
single_hela_linear_sequence_dnase_rrbs,linear,single,hela,['hela'],sequence_dnase_rrbs,42,3,"[5670, 184]","[1215, 184]","[1216, 184]",0.1017199694316373
single_hl60_linear_sequence_dnase_rrbs,linear,single,hl60,['hl60'],sequence_dnase_rrbs,42,3,"[1453, 184]","[311, 184]","[312, 184]",-2.3222506631093068e+16
single_hct116_xgboost_sequence_dnase_rrbs,xgboost,single,hct116,['hct116'],sequence_dnase_rrbs,42,3,"[2967, 184]","[635, 184]","[637, 184]",0.0992435608593664
single_hek293t_xgboost_sequence_dnase_rrbs,xgboost,single,hek293t,['hek293t'],sequence_dnase_rrbs,42,3,"[1633, 184]","[349, 184]","[351, 184]",0.0432553156265622
single_hela_xgboost_sequence_dnase_rrbs,xgboost,single,hela,['hela'],sequence_dnase_rrbs,42,3,"[5670, 184]","[1215, 184]","[1216, 184]",0.1172181731954327
single_hl60_xgboost_sequence_dnase_rrbs,xgboost,single,hl60,['hl60'],sequence_dnase_rrbs,42,3,"[1453, 184]","[311, 184]","[312, 184]",0.129281077151196
single_hct116_mlp_sequence_dnase_rrbs,mlp,single,hct116,['hct116'],sequence_dnase_rrbs,42,3,"[2967, 184]","[635, 184]","[637, 184]",0.0407309624163811
single_hek293t_mlp_sequence_dnase_rrbs,mlp,single,hek293t,['hek293t'],sequence_dnase_rrbs,42,3,"[1633, 184]","[349, 184]","[351, 184]",0.017344801288851
single_hela_mlp_sequence_dnase_rrbs,mlp,single,hela,['hela'],sequence_dnase_rrbs,42,3,"[5670, 184]","[1215, 184]","[1216, 184]",0.0980768886254256
single_hl60_mlp_sequence_dnase_rrbs,mlp,single,hl60,['hl60'],sequence_dnase_rrbs,42,3,"[1453, 184]","[311, 184]","[312, 184]",0.0869462799900619
single_hct116_cnn_sequence_dnase_rrbs_kernel_3,cnn(3|3),single,hct116,['hct116'],sequence_dnase_rrbs,42,3,"[2967, 23, 8]","[635, 23, 8]","[637, 23, 8]",0.0202814946523339
single_hek293t_cnn_sequence_dnase_rrbs_kernel_3,cnn(3|3),single,hek293t,['hek293t'],sequence_dnase_rrbs,42,3,"[1633, 23, 8]","[349, 23, 8]","[351, 23, 8]",0.0140469506799901
single_hela_cnn_sequence_dnase_rrbs_kernel_3,cnn(3|3),single,hela,['hela'],sequence_dnase_rrbs,42,3,"[5670, 23, 8]","[1215, 23, 8]","[1216, 23, 8]",0.0706801445138439
single_hl60_cnn_sequence_dnase_rrbs_kernel_3,cnn(3|3),single,hl60,['hl60'],sequence_dnase_rrbs,42,3,"[1453, 23, 8]","[311, 23, 8]","[312, 23, 8]",0.0284717208721908
single_hct116_cnn_sequence_dnase_rrbs_kernel_5,cnn(5|3),single,hct116,['hct116'],sequence_dnase_rrbs,42,5,"[2967, 23, 8]","[635, 23, 8]","[637, 23, 8]",0.0350679013924601
single_hek293t_cnn_sequence_dnase_rrbs_kernel_5,cnn(5|3),single,hek293t,['hek293t'],sequence_dnase_rrbs,42,5,"[1633, 23, 8]","[349, 23, 8]","[351, 23, 8]",0.0752735063477315
single_hela_cnn_sequence_dnase_rrbs_kernel_5,cnn(5|3),single,hela,['hela'],sequence_dnase_rrbs,42,5,"[5670, 23, 8]","[1215, 23, 8]","[1216, 23, 8]",0.102837063970109
single_hl60_cnn_sequence_dnase_rrbs_kernel_5,cnn(5|3),single,hl60,['hl60'],sequence_dnase_rrbs,42,5,"[1453, 23, 8]","[311, 23, 8]","[312, 23, 8]",0.0502028870138695
single_hct116_cnn_sequence_dnase_rrbs_kernel_7,cnn(7|3),single,hct116,['hct116'],sequence_dnase_rrbs,42,7,"[2967, 23, 8]","[635, 23, 8]","[637, 23, 8]",0.0902373384345754
single_hek293t_cnn_sequence_dnase_rrbs_kernel_7,cnn(7|3),single,hek293t,['hek293t'],sequence_dnase_rrbs,42,7,"[1633, 23, 8]","[349, 23, 8]","[351, 23, 8]",0.0596845603411062
single_hela_cnn_sequence_dnase_rrbs_kernel_7,cnn(7|3),single,hela,['hela'],sequence_dnase_rrbs,42,7,"[5670, 23, 8]","[1215, 23, 8]","[1216, 23, 8]",0.1117995176897146
single_hl60_cnn_sequence_dnase_rrbs_kernel_7,cnn(7|3),single,hl60,['hl60'],sequence_dnase_rrbs,42,7,"[1453, 23, 8]","[311, 23, 8]","[312, 23, 8]",0.0738765728174618
single_hct116_transformer_sequence_dnase_rrbs,transformer,single,hct116,['hct116'],sequence_dnase_rrbs,42,3,"[2967, 23, 8]","[635, 23, 8]","[637, 23, 8]",0.0450063003980735
single_hek293t_transformer_sequence_dnase_rrbs,transformer,single,hek293t,['hek293t'],sequence_dnase_rrbs,42,3,"[1633, 23, 8]","[349, 23, 8]","[351, 23, 8]",0.0594680147510188
single_hela_transformer_sequence_dnase_rrbs,transformer,single,hela,['hela'],sequence_dnase_rrbs,42,3,"[5670, 23, 8]","[1215, 23, 8]","[1216, 23, 8]",0.1175243296961502
single_hl60_transformer_sequence_dnase_rrbs,transformer,single,hl60,['hl60'],sequence_dnase_rrbs,42,3,"[1453, 23, 8]","[311, 23, 8]","[312, 23, 8]",0.061868196915954
single_hct116_linear_sequence_h3k4me3_rrbs,linear,single,hct116,['hct116'],sequence_h3k4me3_rrbs,42,3,"[2967, 184]","[635, 184]","[637, 184]",0.0938336405327724
single_hek293t_linear_sequence_h3k4me3_rrbs,linear,single,hek293t,['hek293t'],sequence_h3k4me3_rrbs,42,3,"[1633, 184]","[349, 184]","[351, 184]",-0.0513476134141479
single_hela_linear_sequence_h3k4me3_rrbs,linear,single,hela,['hela'],sequence_h3k4me3_rrbs,42,3,"[5670, 184]","[1215, 184]","[1216, 184]",0.0989203853381428
single_hl60_linear_sequence_h3k4me3_rrbs,linear,single,hl60,['hl60'],sequence_h3k4me3_rrbs,42,3,"[1453, 184]","[311, 184]","[312, 184]",0.1181327062312403
single_hct116_xgboost_sequence_h3k4me3_rrbs,xgboost,single,hct116,['hct116'],sequence_h3k4me3_rrbs,42,3,"[2967, 184]","[635, 184]","[637, 184]",0.1052400740368556
single_hek293t_xgboost_sequence_h3k4me3_rrbs,xgboost,single,hek293t,['hek293t'],sequence_h3k4me3_rrbs,42,3,"[1633, 184]","[349, 184]","[351, 184]",0.0399923474236169
single_hela_xgboost_sequence_h3k4me3_rrbs,xgboost,single,hela,['hela'],sequence_h3k4me3_rrbs,42,3,"[5670, 184]","[1215, 184]","[1216, 184]",0.1153573737150737
single_hl60_xgboost_sequence_h3k4me3_rrbs,xgboost,single,hl60,['hl60'],sequence_h3k4me3_rrbs,42,3,"[1453, 184]","[311, 184]","[312, 184]",0.1298680575961704
single_hct116_mlp_sequence_h3k4me3_rrbs,mlp,single,hct116,['hct116'],sequence_h3k4me3_rrbs,42,3,"[2967, 184]","[635, 184]","[637, 184]",0.0773035963304104
single_hek293t_mlp_sequence_h3k4me3_rrbs,mlp,single,hek293t,['hek293t'],sequence_h3k4me3_rrbs,42,3,"[1633, 184]","[349, 184]","[351, 184]",0.0114595509250433
single_hela_mlp_sequence_h3k4me3_rrbs,mlp,single,hela,['hela'],sequence_h3k4me3_rrbs,42,3,"[5670, 184]","[1215, 184]","[1216, 184]",0.1076936029570412
single_hl60_mlp_sequence_h3k4me3_rrbs,mlp,single,hl60,['hl60'],sequence_h3k4me3_rrbs,42,3,"[1453, 184]","[311, 184]","[312, 184]",0.0814608337573615
single_hct116_cnn_sequence_h3k4me3_rrbs_kernel_3,cnn(3|3),single,hct116,['hct116'],sequence_h3k4me3_rrbs,42,3,"[2967, 23, 8]","[635, 23, 8]","[637, 23, 8]",0.0281097770501187
single_hek293t_cnn_sequence_h3k4me3_rrbs_kernel_3,cnn(3|3),single,hek293t,['hek293t'],sequence_h3k4me3_rrbs,42,3,"[1633, 23, 8]","[349, 23, 8]","[351, 23, 8]",0.0074933042791217
single_hela_cnn_sequence_h3k4me3_rrbs_kernel_3,cnn(3|3),single,hela,['hela'],sequence_h3k4me3_rrbs,42,3,"[5670, 23, 8]","[1215, 23, 8]","[1216, 23, 8]",0.0541639014495327
single_hl60_cnn_sequence_h3k4me3_rrbs_kernel_3,cnn(3|3),single,hl60,['hl60'],sequence_h3k4me3_rrbs,42,3,"[1453, 23, 8]","[311, 23, 8]","[312, 23, 8]",0.0698830531925256
single_hct116_cnn_sequence_h3k4me3_rrbs_kernel_5,cnn(5|3),single,hct116,['hct116'],sequence_h3k4me3_rrbs,42,5,"[2967, 23, 8]","[635, 23, 8]","[637, 23, 8]",0.0505701465113975
single_hek293t_cnn_sequence_h3k4me3_rrbs_kernel_5,cnn(5|3),single,hek293t,['hek293t'],sequence_h3k4me3_rrbs,42,5,"[1633, 23, 8]","[349, 23, 8]","[351, 23, 8]",0.0415348953129103
single_hela_cnn_sequence_h3k4me3_rrbs_kernel_5,cnn(5|3),single,hela,['hela'],sequence_h3k4me3_rrbs,42,5,"[5670, 23, 8]","[1215, 23, 8]","[1216, 23, 8]",0.104671613014687
single_hl60_cnn_sequence_h3k4me3_rrbs_kernel_5,cnn(5|3),single,hl60,['hl60'],sequence_h3k4me3_rrbs,42,5,"[1453, 23, 8]","[311, 23, 8]","[312, 23, 8]",0.0608374350788255
single_hct116_cnn_sequence_h3k4me3_rrbs_kernel_7,cnn(7|3),single,hct116,['hct116'],sequence_h3k4me3_rrbs,42,7,"[2967, 23, 8]","[635, 23, 8]","[637, 23, 8]",0.0901114452818971
single_hek293t_cnn_sequence_h3k4me3_rrbs_kernel_7,cnn(7|3),single,hek293t,['hek293t'],sequence_h3k4me3_rrbs,42,7,"[1633, 23, 8]","[349, 23, 8]","[351, 23, 8]",0.0146465348449255
single_hela_cnn_sequence_h3k4me3_rrbs_kernel_7,cnn(7|3),single,hela,['hela'],sequence_h3k4me3_rrbs,42,7,"[5670, 23, 8]","[1215, 23, 8]","[1216, 23, 8]",0.1191316336846459
single_hl60_cnn_sequence_h3k4me3_rrbs_kernel_7,cnn(7|3),single,hl60,['hl60'],sequence_h3k4me3_rrbs,42,7,"[1453, 23, 8]","[311, 23, 8]","[312, 23, 8]",0.1003923355420985
single_hct116_transformer_sequence_h3k4me3_rrbs,transformer,single,hct116,['hct116'],sequence_h3k4me3_rrbs,42,3,"[2967, 23, 8]","[635, 23, 8]","[637, 23, 8]",0.0304421204738597
single_hek293t_transformer_sequence_h3k4me3_rrbs,transformer,single,hek293t,['hek293t'],sequence_h3k4me3_rrbs,42,3,"[1633, 23, 8]","[349, 23, 8]","[351, 23, 8]",0.0287838833526943
single_hela_transformer_sequence_h3k4me3_rrbs,transformer,single,hela,['hela'],sequence_h3k4me3_rrbs,42,3,"[5670, 23, 8]","[1215, 23, 8]","[1216, 23, 8]",0.1275358279463105
single_hl60_transformer_sequence_h3k4me3_rrbs,transformer,single,hl60,['hl60'],sequence_h3k4me3_rrbs,42,3,"[1453, 23, 8]","[311, 23, 8]","[312, 23, 8]",0.1064710787584579
single_hct116_linear_sequence_ctcf_dnase_h3k4me3,linear,single,hct116,['hct116'],sequence_ctcf_dnase_h3k4me3,42,3,"[2967, 184]","[635, 184]","[637, 184]",-1.3546950569585856e+16
single_hek293t_linear_sequence_ctcf_dnase_h3k4me3,linear,single,hek293t,['hek293t'],sequence_ctcf_dnase_h3k4me3,42,3,"[1633, 184]","[349, 184]","[351, 184]",-0.0332096880812771
single_hela_linear_sequence_ctcf_dnase_h3k4me3,linear,single,hela,['hela'],sequence_ctcf_dnase_h3k4me3,42,3,"[5670, 184]","[1215, 184]","[1216, 184]",-1452223609049.2551
single_hl60_linear_sequence_ctcf_dnase_h3k4me3,linear,single,hl60,['hl60'],sequence_ctcf_dnase_h3k4me3,42,3,"[1453, 184]","[311, 184]","[312, 184]",-1529912090957355.2
single_hct116_xgboost_sequence_ctcf_dnase_h3k4me3,xgboost,single,hct116,['hct116'],sequence_ctcf_dnase_h3k4me3,42,3,"[2967, 184]","[635, 184]","[637, 184]",0.1211365204915009
single_hek293t_xgboost_sequence_ctcf_dnase_h3k4me3,xgboost,single,hek293t,['hek293t'],sequence_ctcf_dnase_h3k4me3,42,3,"[1633, 184]","[349, 184]","[351, 184]",0.0620872510906784
single_hela_xgboost_sequence_ctcf_dnase_h3k4me3,xgboost,single,hela,['hela'],sequence_ctcf_dnase_h3k4me3,42,3,"[5670, 184]","[1215, 184]","[1216, 184]",0.1167940779776958
single_hl60_xgboost_sequence_ctcf_dnase_h3k4me3,xgboost,single,hl60,['hl60'],sequence_ctcf_dnase_h3k4me3,42,3,"[1453, 184]","[311, 184]","[312, 184]",0.1435663317779082
single_hct116_mlp_sequence_ctcf_dnase_h3k4me3,mlp,single,hct116,['hct116'],sequence_ctcf_dnase_h3k4me3,42,3,"[2967, 184]","[635, 184]","[637, 184]",0.0562313311243322
single_hek293t_mlp_sequence_ctcf_dnase_h3k4me3,mlp,single,hek293t,['hek293t'],sequence_ctcf_dnase_h3k4me3,42,3,"[1633, 184]","[349, 184]","[351, 184]",0.0533033694801218
single_hela_mlp_sequence_ctcf_dnase_h3k4me3,mlp,single,hela,['hela'],sequence_ctcf_dnase_h3k4me3,42,3,"[5670, 184]","[1215, 184]","[1216, 184]",0.1030536592729491
single_hl60_mlp_sequence_ctcf_dnase_h3k4me3,mlp,single,hl60,['hl60'],sequence_ctcf_dnase_h3k4me3,42,3,"[1453, 184]","[311, 184]","[312, 184]",0.0932740754614308
single_hct116_cnn_sequence_ctcf_dnase_h3k4me3_kernel_3,cnn(3|3),single,hct116,['hct116'],sequence_ctcf_dnase_h3k4me3,42,3,"[2967, 23, 8]","[635, 23, 8]","[637, 23, 8]",-0.0197175434113507
single_hek293t_cnn_sequence_ctcf_dnase_h3k4me3_kernel_3,cnn(3|3),single,hek293t,['hek293t'],sequence_ctcf_dnase_h3k4me3,42,3,"[1633, 23, 8]","[349, 23, 8]","[351, 23, 8]",0.0295797128607866
single_hela_cnn_sequence_ctcf_dnase_h3k4me3_kernel_3,cnn(3|3),single,hela,['hela'],sequence_ctcf_dnase_h3k4me3,42,3,"[5670, 23, 8]","[1215, 23, 8]","[1216, 23, 8]",0.0507208205076851
single_hl60_cnn_sequence_ctcf_dnase_h3k4me3_kernel_3,cnn(3|3),single,hl60,['hl60'],sequence_ctcf_dnase_h3k4me3,42,3,"[1453, 23, 8]","[311, 23, 8]","[312, 23, 8]",0.0910751258389809
single_hct116_cnn_sequence_ctcf_dnase_h3k4me3_kernel_5,cnn(5|3),single,hct116,['hct116'],sequence_ctcf_dnase_h3k4me3,42,5,"[2967, 23, 8]","[635, 23, 8]","[637, 23, 8]",0.0759739568849134
single_hek293t_cnn_sequence_ctcf_dnase_h3k4me3_kernel_5,cnn(5|3),single,hek293t,['hek293t'],sequence_ctcf_dnase_h3k4me3,42,5,"[1633, 23, 8]","[349, 23, 8]","[351, 23, 8]",0.0332195025455481
single_hela_cnn_sequence_ctcf_dnase_h3k4me3_kernel_5,cnn(5|3),single,hela,['hela'],sequence_ctcf_dnase_h3k4me3,42,5,"[5670, 23, 8]","[1215, 23, 8]","[1216, 23, 8]",0.0945532663534545
single_hl60_cnn_sequence_ctcf_dnase_h3k4me3_kernel_5,cnn(5|3),single,hl60,['hl60'],sequence_ctcf_dnase_h3k4me3,42,5,"[1453, 23, 8]","[311, 23, 8]","[312, 23, 8]",0.0437569770052681
single_hct116_cnn_sequence_ctcf_dnase_h3k4me3_kernel_7,cnn(7|3),single,hct116,['hct116'],sequence_ctcf_dnase_h3k4me3,42,7,"[2967, 23, 8]","[635, 23, 8]","[637, 23, 8]",0.0614267130350185
single_hek293t_cnn_sequence_ctcf_dnase_h3k4me3_kernel_7,cnn(7|3),single,hek293t,['hek293t'],sequence_ctcf_dnase_h3k4me3,42,7,"[1633, 23, 8]","[349, 23, 8]","[351, 23, 8]",0.0651831843334417
single_hela_cnn_sequence_ctcf_dnase_h3k4me3_kernel_7,cnn(7|3),single,hela,['hela'],sequence_ctcf_dnase_h3k4me3,42,7,"[5670, 23, 8]","[1215, 23, 8]","[1216, 23, 8]",0.124583412892135
single_hl60_cnn_sequence_ctcf_dnase_h3k4me3_kernel_7,cnn(7|3),single,hl60,['hl60'],sequence_ctcf_dnase_h3k4me3,42,7,"[1453, 23, 8]","[311, 23, 8]","[312, 23, 8]",0.0728304417021757
single_hct116_transformer_sequence_ctcf_dnase_h3k4me3,transformer,single,hct116,['hct116'],sequence_ctcf_dnase_h3k4me3,42,3,"[2967, 23, 8]","[635, 23, 8]","[637, 23, 8]",0.056800997378401
single_hek293t_transformer_sequence_ctcf_dnase_h3k4me3,transformer,single,hek293t,['hek293t'],sequence_ctcf_dnase_h3k4me3,42,3,"[1633, 23, 8]","[349, 23, 8]","[351, 23, 8]",0.0309505283999059
single_hela_transformer_sequence_ctcf_dnase_h3k4me3,transformer,single,hela,['hela'],sequence_ctcf_dnase_h3k4me3,42,3,"[5670, 23, 8]","[1215, 23, 8]","[1216, 23, 8]",0.1046256718668627
single_hl60_transformer_sequence_ctcf_dnase_h3k4me3,transformer,single,hl60,['hl60'],sequence_ctcf_dnase_h3k4me3,42,3,"[1453, 23, 8]","[311, 23, 8]","[312, 23, 8]",0.063030478288124
single_hct116_linear_sequence_ctcf_dnase_rrbs,linear,single,hct116,['hct116'],sequence_ctcf_dnase_rrbs,42,3,"[2967, 184]","[635, 184]","[637, 184]",0.0787038906991125
single_hek293t_linear_sequence_ctcf_dnase_rrbs,linear,single,hek293t,['hek293t'],sequence_ctcf_dnase_rrbs,42,3,"[1633, 184]","[349, 184]","[351, 184]",-0.0550728367028585
single_hela_linear_sequence_ctcf_dnase_rrbs,linear,single,hela,['hela'],sequence_ctcf_dnase_rrbs,42,3,"[5670, 184]","[1215, 184]","[1216, 184]",-1356427678205.5952
single_hl60_linear_sequence_ctcf_dnase_rrbs,linear,single,hl60,['hl60'],sequence_ctcf_dnase_rrbs,42,3,"[1453, 184]","[311, 184]","[312, 184]",-1999812981441472.8
single_hct116_xgboost_sequence_ctcf_dnase_rrbs,xgboost,single,hct116,['hct116'],sequence_ctcf_dnase_rrbs,42,3,"[2967, 184]","[635, 184]","[637, 184]",0.1116828512869808
single_hek293t_xgboost_sequence_ctcf_dnase_rrbs,xgboost,single,hek293t,['hek293t'],sequence_ctcf_dnase_rrbs,42,3,"[1633, 184]","[349, 184]","[351, 184]",0.0430476199003342
single_hela_xgboost_sequence_ctcf_dnase_rrbs,xgboost,single,hela,['hela'],sequence_ctcf_dnase_rrbs,42,3,"[5670, 184]","[1215, 184]","[1216, 184]",0.1223037271138499
single_hl60_xgboost_sequence_ctcf_dnase_rrbs,xgboost,single,hl60,['hl60'],sequence_ctcf_dnase_rrbs,42,3,"[1453, 184]","[311, 184]","[312, 184]",0.1401427804515577
single_hct116_mlp_sequence_ctcf_dnase_rrbs,mlp,single,hct116,['hct116'],sequence_ctcf_dnase_rrbs,42,3,"[2967, 184]","[635, 184]","[637, 184]",0.0717827707386219
single_hek293t_mlp_sequence_ctcf_dnase_rrbs,mlp,single,hek293t,['hek293t'],sequence_ctcf_dnase_rrbs,42,3,"[1633, 184]","[349, 184]","[351, 184]",0.0184316045124
single_hela_mlp_sequence_ctcf_dnase_rrbs,mlp,single,hela,['hela'],sequence_ctcf_dnase_rrbs,42,3,"[5670, 184]","[1215, 184]","[1216, 184]",0.0986843778489293
single_hl60_mlp_sequence_ctcf_dnase_rrbs,mlp,single,hl60,['hl60'],sequence_ctcf_dnase_rrbs,42,3,"[1453, 184]","[311, 184]","[312, 184]",0.0883413158360604
single_hct116_cnn_sequence_ctcf_dnase_rrbs_kernel_3,cnn(3|3),single,hct116,['hct116'],sequence_ctcf_dnase_rrbs,42,3,"[2967, 23, 8]","[635, 23, 8]","[637, 23, 8]",0.0365859232895255
single_hek293t_cnn_sequence_ctcf_dnase_rrbs_kernel_3,cnn(3|3),single,hek293t,['hek293t'],sequence_ctcf_dnase_rrbs,42,3,"[1633, 23, 8]","[349, 23, 8]","[351, 23, 8]",0.037892130809083
single_hela_cnn_sequence_ctcf_dnase_rrbs_kernel_3,cnn(3|3),single,hela,['hela'],sequence_ctcf_dnase_rrbs,42,3,"[5670, 23, 8]","[1215, 23, 8]","[1216, 23, 8]",0.0626428560286871
single_hl60_cnn_sequence_ctcf_dnase_rrbs_kernel_3,cnn(3|3),single,hl60,['hl60'],sequence_ctcf_dnase_rrbs,42,3,"[1453, 23, 8]","[311, 23, 8]","[312, 23, 8]",0.016994295659491
single_hct116_cnn_sequence_ctcf_dnase_rrbs_kernel_5,cnn(5|3),single,hct116,['hct116'],sequence_ctcf_dnase_rrbs,42,5,"[2967, 23, 8]","[635, 23, 8]","[637, 23, 8]",0.0528368201146404
single_hek293t_cnn_sequence_ctcf_dnase_rrbs_kernel_5,cnn(5|3),single,hek293t,['hek293t'],sequence_ctcf_dnase_rrbs,42,5,"[1633, 23, 8]","[349, 23, 8]","[351, 23, 8]",0.057211661561188
single_hela_cnn_sequence_ctcf_dnase_rrbs_kernel_5,cnn(5|3),single,hela,['hela'],sequence_ctcf_dnase_rrbs,42,5,"[5670, 23, 8]","[1215, 23, 8]","[1216, 23, 8]",0.0999924052446213
single_hl60_cnn_sequence_ctcf_dnase_rrbs_kernel_5,cnn(5|3),single,hl60,['hl60'],sequence_ctcf_dnase_rrbs,42,5,"[1453, 23, 8]","[311, 23, 8]","[312, 23, 8]",0.0638005708212252
single_hct116_cnn_sequence_ctcf_dnase_rrbs_kernel_7,cnn(7|3),single,hct116,['hct116'],sequence_ctcf_dnase_rrbs,42,7,"[2967, 23, 8]","[635, 23, 8]","[637, 23, 8]",0.0540671127981342
single_hek293t_cnn_sequence_ctcf_dnase_rrbs_kernel_7,cnn(7|3),single,hek293t,['hek293t'],sequence_ctcf_dnase_rrbs,42,7,"[1633, 23, 8]","[349, 23, 8]","[351, 23, 8]",0.0835615253830821
single_hela_cnn_sequence_ctcf_dnase_rrbs_kernel_7,cnn(7|3),single,hela,['hela'],sequence_ctcf_dnase_rrbs,42,7,"[5670, 23, 8]","[1215, 23, 8]","[1216, 23, 8]",0.1183245470531773
single_hl60_cnn_sequence_ctcf_dnase_rrbs_kernel_7,cnn(7|3),single,hl60,['hl60'],sequence_ctcf_dnase_rrbs,42,7,"[1453, 23, 8]","[311, 23, 8]","[312, 23, 8]",0.067201018141571
single_hct116_transformer_sequence_ctcf_dnase_rrbs,transformer,single,hct116,['hct116'],sequence_ctcf_dnase_rrbs,42,3,"[2967, 23, 8]","[635, 23, 8]","[637, 23, 8]",0.0456260568212575
single_hek293t_transformer_sequence_ctcf_dnase_rrbs,transformer,single,hek293t,['hek293t'],sequence_ctcf_dnase_rrbs,42,3,"[1633, 23, 8]","[349, 23, 8]","[351, 23, 8]",0.0564006013360582
single_hela_transformer_sequence_ctcf_dnase_rrbs,transformer,single,hela,['hela'],sequence_ctcf_dnase_rrbs,42,3,"[5670, 23, 8]","[1215, 23, 8]","[1216, 23, 8]",0.1119843934527549
single_hl60_transformer_sequence_ctcf_dnase_rrbs,transformer,single,hl60,['hl60'],sequence_ctcf_dnase_rrbs,42,3,"[1453, 23, 8]","[311, 23, 8]","[312, 23, 8]",0.0686787044765097
single_hct116_linear_sequence_ctcf_h3k4me3_rrbs,linear,single,hct116,['hct116'],sequence_ctcf_h3k4me3_rrbs,42,3,"[2967, 184]","[635, 184]","[637, 184]",0.087986282733748
single_hek293t_linear_sequence_ctcf_h3k4me3_rrbs,linear,single,hek293t,['hek293t'],sequence_ctcf_h3k4me3_rrbs,42,3,"[1633, 184]","[349, 184]","[351, 184]",-0.0788593763558263
single_hela_linear_sequence_ctcf_h3k4me3_rrbs,linear,single,hela,['hela'],sequence_ctcf_h3k4me3_rrbs,42,3,"[5670, 184]","[1215, 184]","[1216, 184]",-4095684422461.5977
single_hl60_linear_sequence_ctcf_h3k4me3_rrbs,linear,single,hl60,['hl60'],sequence_ctcf_h3k4me3_rrbs,42,3,"[1453, 184]","[311, 184]","[312, 184]",0.1079119264228729
single_hct116_xgboost_sequence_ctcf_h3k4me3_rrbs,xgboost,single,hct116,['hct116'],sequence_ctcf_h3k4me3_rrbs,42,3,"[2967, 184]","[635, 184]","[637, 184]",0.1047015007270346
single_hek293t_xgboost_sequence_ctcf_h3k4me3_rrbs,xgboost,single,hek293t,['hek293t'],sequence_ctcf_h3k4me3_rrbs,42,3,"[1633, 184]","[349, 184]","[351, 184]",0.0526308047050873
single_hela_xgboost_sequence_ctcf_h3k4me3_rrbs,xgboost,single,hela,['hela'],sequence_ctcf_h3k4me3_rrbs,42,3,"[5670, 184]","[1215, 184]","[1216, 184]",0.1229909225241513
single_hl60_xgboost_sequence_ctcf_h3k4me3_rrbs,xgboost,single,hl60,['hl60'],sequence_ctcf_h3k4me3_rrbs,42,3,"[1453, 184]","[311, 184]","[312, 184]",0.1414442807899765
single_hct116_mlp_sequence_ctcf_h3k4me3_rrbs,mlp,single,hct116,['hct116'],sequence_ctcf_h3k4me3_rrbs,42,3,"[2967, 184]","[635, 184]","[637, 184]",0.0634050593768859
single_hek293t_mlp_sequence_ctcf_h3k4me3_rrbs,mlp,single,hek293t,['hek293t'],sequence_ctcf_h3k4me3_rrbs,42,3,"[1633, 184]","[349, 184]","[351, 184]",0.0271816921933433
single_hela_mlp_sequence_ctcf_h3k4me3_rrbs,mlp,single,hela,['hela'],sequence_ctcf_h3k4me3_rrbs,42,3,"[5670, 184]","[1215, 184]","[1216, 184]",0.1035508866582046
single_hl60_mlp_sequence_ctcf_h3k4me3_rrbs,mlp,single,hl60,['hl60'],sequence_ctcf_h3k4me3_rrbs,42,3,"[1453, 184]","[311, 184]","[312, 184]",0.0775869257541328
single_hct116_cnn_sequence_ctcf_h3k4me3_rrbs_kernel_3,cnn(3|3),single,hct116,['hct116'],sequence_ctcf_h3k4me3_rrbs,42,3,"[2967, 23, 8]","[635, 23, 8]","[637, 23, 8]",0.0117694889307383
single_hek293t_cnn_sequence_ctcf_h3k4me3_rrbs_kernel_3,cnn(3|3),single,hek293t,['hek293t'],sequence_ctcf_h3k4me3_rrbs,42,3,"[1633, 23, 8]","[349, 23, 8]","[351, 23, 8]",0.064624235143499
single_hela_cnn_sequence_ctcf_h3k4me3_rrbs_kernel_3,cnn(3|3),single,hela,['hela'],sequence_ctcf_h3k4me3_rrbs,42,3,"[5670, 23, 8]","[1215, 23, 8]","[1216, 23, 8]",0.0454545662982245
single_hl60_cnn_sequence_ctcf_h3k4me3_rrbs_kernel_3,cnn(3|3),single,hl60,['hl60'],sequence_ctcf_h3k4me3_rrbs,42,3,"[1453, 23, 8]","[311, 23, 8]","[312, 23, 8]",0.0797641733775641
single_hct116_cnn_sequence_ctcf_h3k4me3_rrbs_kernel_5,cnn(5|3),single,hct116,['hct116'],sequence_ctcf_h3k4me3_rrbs,42,5,"[2967, 23, 8]","[635, 23, 8]","[637, 23, 8]",0.0531028820220775
single_hek293t_cnn_sequence_ctcf_h3k4me3_rrbs_kernel_5,cnn(5|3),single,hek293t,['hek293t'],sequence_ctcf_h3k4me3_rrbs,42,5,"[1633, 23, 8]","[349, 23, 8]","[351, 23, 8]",0.0292241682542399
single_hela_cnn_sequence_ctcf_h3k4me3_rrbs_kernel_5,cnn(5|3),single,hela,['hela'],sequence_ctcf_h3k4me3_rrbs,42,5,"[5670, 23, 8]","[1215, 23, 8]","[1216, 23, 8]",0.087634831150043
single_hl60_cnn_sequence_ctcf_h3k4me3_rrbs_kernel_5,cnn(5|3),single,hl60,['hl60'],sequence_ctcf_h3k4me3_rrbs,42,5,"[1453, 23, 8]","[311, 23, 8]","[312, 23, 8]",0.045627598843588
single_hct116_cnn_sequence_ctcf_h3k4me3_rrbs_kernel_7,cnn(7|3),single,hct116,['hct116'],sequence_ctcf_h3k4me3_rrbs,42,7,"[2967, 23, 8]","[635, 23, 8]","[637, 23, 8]",0.0648916087625258
single_hek293t_cnn_sequence_ctcf_h3k4me3_rrbs_kernel_7,cnn(7|3),single,hek293t,['hek293t'],sequence_ctcf_h3k4me3_rrbs,42,7,"[1633, 23, 8]","[349, 23, 8]","[351, 23, 8]",0.0692220612693222
single_hela_cnn_sequence_ctcf_h3k4me3_rrbs_kernel_7,cnn(7|3),single,hela,['hela'],sequence_ctcf_h3k4me3_rrbs,42,7,"[5670, 23, 8]","[1215, 23, 8]","[1216, 23, 8]",0.1233347832704354
single_hl60_cnn_sequence_ctcf_h3k4me3_rrbs_kernel_7,cnn(7|3),single,hl60,['hl60'],sequence_ctcf_h3k4me3_rrbs,42,7,"[1453, 23, 8]","[311, 23, 8]","[312, 23, 8]",0.0746812159371587
single_hct116_transformer_sequence_ctcf_h3k4me3_rrbs,transformer,single,hct116,['hct116'],sequence_ctcf_h3k4me3_rrbs,42,3,"[2967, 23, 8]","[635, 23, 8]","[637, 23, 8]",0.040556591425869
single_hek293t_transformer_sequence_ctcf_h3k4me3_rrbs,transformer,single,hek293t,['hek293t'],sequence_ctcf_h3k4me3_rrbs,42,3,"[1633, 23, 8]","[349, 23, 8]","[351, 23, 8]",0.0358537489535296
single_hela_transformer_sequence_ctcf_h3k4me3_rrbs,transformer,single,hela,['hela'],sequence_ctcf_h3k4me3_rrbs,42,3,"[5670, 23, 8]","[1215, 23, 8]","[1216, 23, 8]",0.117058926802968
single_hl60_transformer_sequence_ctcf_h3k4me3_rrbs,transformer,single,hl60,['hl60'],sequence_ctcf_h3k4me3_rrbs,42,3,"[1453, 23, 8]","[311, 23, 8]","[312, 23, 8]",0.1038241002100404
single_hct116_linear_sequence_dnase_h3k4me3_rrbs,linear,single,hct116,['hct116'],sequence_dnase_h3k4me3_rrbs,42,3,"[2967, 184]","[635, 184]","[637, 184]",-44225039176.06779
single_hek293t_linear_sequence_dnase_h3k4me3_rrbs,linear,single,hek293t,['hek293t'],sequence_dnase_h3k4me3_rrbs,42,3,"[1633, 184]","[349, 184]","[351, 184]",-0.0515109224778274
single_hela_linear_sequence_dnase_h3k4me3_rrbs,linear,single,hela,['hela'],sequence_dnase_h3k4me3_rrbs,42,3,"[5670, 184]","[1215, 184]","[1216, 184]",0.0992239432354776
single_hl60_linear_sequence_dnase_h3k4me3_rrbs,linear,single,hl60,['hl60'],sequence_dnase_h3k4me3_rrbs,42,3,"[1453, 184]","[311, 184]","[312, 184]",-16044192491493.611
single_hct116_xgboost_sequence_dnase_h3k4me3_rrbs,xgboost,single,hct116,['hct116'],sequence_dnase_h3k4me3_rrbs,42,3,"[2967, 184]","[635, 184]","[637, 184]",0.1018818969040674
single_hek293t_xgboost_sequence_dnase_h3k4me3_rrbs,xgboost,single,hek293t,['hek293t'],sequence_dnase_h3k4me3_rrbs,42,3,"[1633, 184]","[349, 184]","[351, 184]",0.0399923474236169
single_hela_xgboost_sequence_dnase_h3k4me3_rrbs,xgboost,single,hela,['hela'],sequence_dnase_h3k4me3_rrbs,42,3,"[5670, 184]","[1215, 184]","[1216, 184]",0.1153573737150737
single_hl60_xgboost_sequence_dnase_h3k4me3_rrbs,xgboost,single,hl60,['hl60'],sequence_dnase_h3k4me3_rrbs,42,3,"[1453, 184]","[311, 184]","[312, 184]",0.1280196612935352
single_hct116_mlp_sequence_dnase_h3k4me3_rrbs,mlp,single,hct116,['hct116'],sequence_dnase_h3k4me3_rrbs,42,3,"[2967, 184]","[635, 184]","[637, 184]",0.046896959398658
single_hek293t_mlp_sequence_dnase_h3k4me3_rrbs,mlp,single,hek293t,['hek293t'],sequence_dnase_h3k4me3_rrbs,42,3,"[1633, 184]","[349, 184]","[351, 184]",0.0214682903557993
single_hela_mlp_sequence_dnase_h3k4me3_rrbs,mlp,single,hela,['hela'],sequence_dnase_h3k4me3_rrbs,42,3,"[5670, 184]","[1215, 184]","[1216, 184]",0.1074314729948772
single_hl60_mlp_sequence_dnase_h3k4me3_rrbs,mlp,single,hl60,['hl60'],sequence_dnase_h3k4me3_rrbs,42,3,"[1453, 184]","[311, 184]","[312, 184]",0.064904176777905
single_hct116_cnn_sequence_dnase_h3k4me3_rrbs_kernel_3,cnn(3|3),single,hct116,['hct116'],sequence_dnase_h3k4me3_rrbs,42,3,"[2967, 23, 8]","[635, 23, 8]","[637, 23, 8]",0.0098822118489123
single_hek293t_cnn_sequence_dnase_h3k4me3_rrbs_kernel_3,cnn(3|3),single,hek293t,['hek293t'],sequence_dnase_h3k4me3_rrbs,42,3,"[1633, 23, 8]","[349, 23, 8]","[351, 23, 8]",0.0291205582903697
single_hela_cnn_sequence_dnase_h3k4me3_rrbs_kernel_3,cnn(3|3),single,hela,['hela'],sequence_dnase_h3k4me3_rrbs,42,3,"[5670, 23, 8]","[1215, 23, 8]","[1216, 23, 8]",0.0563947003231571
single_hl60_cnn_sequence_dnase_h3k4me3_rrbs_kernel_3,cnn(3|3),single,hl60,['hl60'],sequence_dnase_h3k4me3_rrbs,42,3,"[1453, 23, 8]","[311, 23, 8]","[312, 23, 8]",0.068985825003076
single_hct116_cnn_sequence_dnase_h3k4me3_rrbs_kernel_5,cnn(5|3),single,hct116,['hct116'],sequence_dnase_h3k4me3_rrbs,42,5,"[2967, 23, 8]","[635, 23, 8]","[637, 23, 8]",0.0420464467561971
single_hek293t_cnn_sequence_dnase_h3k4me3_rrbs_kernel_5,cnn(5|3),single,hek293t,['hek293t'],sequence_dnase_h3k4me3_rrbs,42,5,"[1633, 23, 8]","[349, 23, 8]","[351, 23, 8]",0.0244841227868715
single_hela_cnn_sequence_dnase_h3k4me3_rrbs_kernel_5,cnn(5|3),single,hela,['hela'],sequence_dnase_h3k4me3_rrbs,42,5,"[5670, 23, 8]","[1215, 23, 8]","[1216, 23, 8]",0.0871299704262225
single_hl60_cnn_sequence_dnase_h3k4me3_rrbs_kernel_5,cnn(5|3),single,hl60,['hl60'],sequence_dnase_h3k4me3_rrbs,42,5,"[1453, 23, 8]","[311, 23, 8]","[312, 23, 8]",0.073809573939196
single_hct116_cnn_sequence_dnase_h3k4me3_rrbs_kernel_7,cnn(7|3),single,hct116,['hct116'],sequence_dnase_h3k4me3_rrbs,42,7,"[2967, 23, 8]","[635, 23, 8]","[637, 23, 8]",0.0754750659922283
single_hek293t_cnn_sequence_dnase_h3k4me3_rrbs_kernel_7,cnn(7|3),single,hek293t,['hek293t'],sequence_dnase_h3k4me3_rrbs,42,7,"[1633, 23, 8]","[349, 23, 8]","[351, 23, 8]",0.0049294403960885
single_hela_cnn_sequence_dnase_h3k4me3_rrbs_kernel_7,cnn(7|3),single,hela,['hela'],sequence_dnase_h3k4me3_rrbs,42,7,"[5670, 23, 8]","[1215, 23, 8]","[1216, 23, 8]",0.1200448685471489
single_hl60_cnn_sequence_dnase_h3k4me3_rrbs_kernel_7,cnn(7|3),single,hl60,['hl60'],sequence_dnase_h3k4me3_rrbs,42,7,"[1453, 23, 8]","[311, 23, 8]","[312, 23, 8]",0.0764449369573545
single_hct116_transformer_sequence_dnase_h3k4me3_rrbs,transformer,single,hct116,['hct116'],sequence_dnase_h3k4me3_rrbs,42,3,"[2967, 23, 8]","[635, 23, 8]","[637, 23, 8]",0.0477452573616494
single_hek293t_transformer_sequence_dnase_h3k4me3_rrbs,transformer,single,hek293t,['hek293t'],sequence_dnase_h3k4me3_rrbs,42,3,"[1633, 23, 8]","[349, 23, 8]","[351, 23, 8]",0.0087205197980123
single_hela_transformer_sequence_dnase_h3k4me3_rrbs,transformer,single,hela,['hela'],sequence_dnase_h3k4me3_rrbs,42,3,"[5670, 23, 8]","[1215, 23, 8]","[1216, 23, 8]",0.1041067894630169
single_hl60_transformer_sequence_dnase_h3k4me3_rrbs,transformer,single,hl60,['hl60'],sequence_dnase_h3k4me3_rrbs,42,3,"[1453, 23, 8]","[311, 23, 8]","[312, 23, 8]",0.0902977090107046
single_hct116_linear_all,linear,single,hct116,['hct116'],all,42,3,"[2967, 184]","[635, 184]","[637, 184]",-9257085720.164486
single_hek293t_linear_all,linear,single,hek293t,['hek293t'],all,42,3,"[1633, 184]","[349, 184]","[351, 184]",-0.0786886715327224
single_hela_linear_all,linear,single,hela,['hela'],all,42,3,"[5670, 184]","[1215, 184]","[1216, 184]",-12615271439249.174
single_hl60_linear_all,linear,single,hl60,['hl60'],all,42,3,"[1453, 184]","[311, 184]","[312, 184]",-308413345232214.44
single_hct116_xgboost_all,xgboost,single,hct116,['hct116'],all,42,3,"[2967, 184]","[635, 184]","[637, 184]",0.1119286711369142
single_hek293t_xgboost_all,xgboost,single,hek293t,['hek293t'],all,42,3,"[1633, 184]","[349, 184]","[351, 184]",0.0526308047050873
single_hela_xgboost_all,xgboost,single,hela,['hela'],all,42,3,"[5670, 184]","[1215, 184]","[1216, 184]",0.1229909225241513
single_hl60_xgboost_all,xgboost,single,hl60,['hl60'],all,42,3,"[1453, 184]","[311, 184]","[312, 184]",0.1350274223550438
single_hct116_mlp_all,mlp,single,hct116,['hct116'],all,42,3,"[2967, 184]","[635, 184]","[637, 184]",0.0720585824298739
single_hek293t_mlp_all,mlp,single,hek293t,['hek293t'],all,42,3,"[1633, 184]","[349, 184]","[351, 184]",0.0395379714103275
single_hela_mlp_all,mlp,single,hela,['hela'],all,42,3,"[5670, 184]","[1215, 184]","[1216, 184]",0.1075266630807874
single_hl60_mlp_all,mlp,single,hl60,['hl60'],all,42,3,"[1453, 184]","[311, 184]","[312, 184]",0.0880160203835219
single_hct116_cnn_all_kernel_3,cnn(3|3),single,hct116,['hct116'],all,42,3,"[2967, 23, 8]","[635, 23, 8]","[637, 23, 8]",0.0372959574016558
single_hek293t_cnn_all_kernel_3,cnn(3|3),single,hek293t,['hek293t'],all,42,3,"[1633, 23, 8]","[349, 23, 8]","[351, 23, 8]",0.0244566525369086
single_hela_cnn_all_kernel_3,cnn(3|3),single,hela,['hela'],all,42,3,"[5670, 23, 8]","[1215, 23, 8]","[1216, 23, 8]",0.0660784701821737
single_hl60_cnn_all_kernel_3,cnn(3|3),single,hl60,['hl60'],all,42,3,"[1453, 23, 8]","[311, 23, 8]","[312, 23, 8]",0.0149338070733033
single_hct116_cnn_all_kernel_5,cnn(5|3),single,hct116,['hct116'],all,42,5,"[2967, 23, 8]","[635, 23, 8]","[637, 23, 8]",0.0166746935862525
single_hek293t_cnn_all_kernel_5,cnn(5|3),single,hek293t,['hek293t'],all,42,5,"[1633, 23, 8]","[349, 23, 8]","[351, 23, 8]",0.042976136676221
single_hela_cnn_all_kernel_5,cnn(5|3),single,hela,['hela'],all,42,5,"[5670, 23, 8]","[1215, 23, 8]","[1216, 23, 8]",0.0889788578395122
single_hl60_cnn_all_kernel_5,cnn(5|3),single,hl60,['hl60'],all,42,5,"[1453, 23, 8]","[311, 23, 8]","[312, 23, 8]",0.0661343073828222
single_hct116_cnn_all_kernel_7,cnn(7|3),single,hct116,['hct116'],all,42,7,"[2967, 23, 8]","[635, 23, 8]","[637, 23, 8]",0.0798310716921095
single_hek293t_cnn_all_kernel_7,cnn(7|3),single,hek293t,['hek293t'],all,42,7,"[1633, 23, 8]","[349, 23, 8]","[351, 23, 8]",0.0249937456207477
single_hela_cnn_all_kernel_7,cnn(7|3),single,hela,['hela'],all,42,7,"[5670, 23, 8]","[1215, 23, 8]","[1216, 23, 8]",0.1103711941011661
single_hl60_cnn_all_kernel_7,cnn(7|3),single,hl60,['hl60'],all,42,7,"[1453, 23, 8]","[311, 23, 8]","[312, 23, 8]",0.0959372860275663
single_hct116_transformer_all,transformer,single,hct116,['hct116'],all,42,3,"[2967, 23, 8]","[635, 23, 8]","[637, 23, 8]",0.0567275800171201
single_hek293t_transformer_all,transformer,single,hek293t,['hek293t'],all,42,3,"[1633, 23, 8]","[349, 23, 8]","[351, 23, 8]",0.0338131098159787
single_hela_transformer_all,transformer,single,hela,['hela'],all,42,3,"[5670, 23, 8]","[1215, 23, 8]","[1216, 23, 8]",0.1138797817301396
single_hl60_transformer_all,transformer,single,hl60,['hl60'],all,42,3,"[1453, 23, 8]","[311, 23, 8]","[312, 23, 8]",0.0591999254049846
all_linear_sequence_heldout_hct116,linear,all,hct116,"['hct116', 'hek293t', 'hela', 'hl60']",sequence,42,3,"[10633, 184]","[1877, 184]","[4239, 184]",0.1142476475589202
all_linear_sequence_heldout_hek293t,linear,all,hek293t,"['hct116', 'hek293t', 'hela', 'hl60']",sequence,42,3,"[12253, 184]","[2163, 184]","[2333, 184]",-0.4450388087192891
all_linear_sequence_heldout_hela,linear,all,hela,"['hct116', 'hek293t', 'hela', 'hl60']",sequence,42,3,"[7350, 184]","[1298, 184]","[8101, 184]",0.0869765566276064
all_linear_sequence_heldout_hl60,linear,all,hl60,"['hct116', 'hek293t', 'hela', 'hl60']",sequence,42,3,"[12472, 184]","[2201, 184]","[2076, 184]",0.0270207195362172
all_xgboost_sequence_heldout_hct116,xgboost,all,hct116,"['hct116', 'hek293t', 'hela', 'hl60']",sequence,42,3,"[10633, 184]","[1877, 184]","[4239, 184]",0.2619031092025981
all_xgboost_sequence_heldout_hek293t,xgboost,all,hek293t,"['hct116', 'hek293t', 'hela', 'hl60']",sequence,42,3,"[12253, 184]","[2163, 184]","[2333, 184]",-0.520740313785854
all_xgboost_sequence_heldout_hela,xgboost,all,hela,"['hct116', 'hek293t', 'hela', 'hl60']",sequence,42,3,"[7350, 184]","[1298, 184]","[8101, 184]",0.1580291458331031
all_xgboost_sequence_heldout_hl60,xgboost,all,hl60,"['hct116', 'hek293t', 'hela', 'hl60']",sequence,42,3,"[12472, 184]","[2201, 184]","[2076, 184]",-0.0668412822195418
all_mlp_sequence_heldout_hct116,mlp,all,hct116,"['hct116', 'hek293t', 'hela', 'hl60']",sequence,42,3,"[10633, 184]","[1877, 184]","[4239, 184]",0.2427982848566463
all_mlp_sequence_heldout_hek293t,mlp,all,hek293t,"['hct116', 'hek293t', 'hela', 'hl60']",sequence,42,3,"[12253, 184]","[2163, 184]","[2333, 184]",-0.78003002369471
all_mlp_sequence_heldout_hela,mlp,all,hela,"['hct116', 'hek293t', 'hela', 'hl60']",sequence,42,3,"[7350, 184]","[1298, 184]","[8101, 184]",0.10360885141428
all_mlp_sequence_heldout_hl60,mlp,all,hl60,"['hct116', 'hek293t', 'hela', 'hl60']",sequence,42,3,"[12472, 184]","[2201, 184]","[2076, 184]",-0.7226457616553399
all_cnn_sequence_heldout_hct116_kernel_3,cnn(3|3),all,hct116,"['hct116', 'hek293t', 'hela', 'hl60']",sequence,42,3,"[10633, 23, 8]","[1877, 23, 8]","[4239, 23, 8]",0.0865487224308253
all_cnn_sequence_heldout_hek293t_kernel_3,cnn(3|3),all,hek293t,"['hct116', 'hek293t', 'hela', 'hl60']",sequence,42,3,"[12253, 23, 8]","[2163, 23, 8]","[2333, 23, 8]",-0.5402580983463445
all_cnn_sequence_heldout_hela_kernel_3,cnn(3|3),all,hela,"['hct116', 'hek293t', 'hela', 'hl60']",sequence,42,3,"[7350, 23, 8]","[1298, 23, 8]","[8101, 23, 8]",0.0605625704580837
all_cnn_sequence_heldout_hl60_kernel_3,cnn(3|3),all,hl60,"['hct116', 'hek293t', 'hela', 'hl60']",sequence,42,3,"[12472, 23, 8]","[2201, 23, 8]","[2076, 23, 8]",-0.1194232823791363
all_cnn_sequence_heldout_hct116_kernel_5,cnn(5|3),all,hct116,"['hct116', 'hek293t', 'hela', 'hl60']",sequence,42,5,"[10633, 23, 8]","[1877, 23, 8]","[4239, 23, 8]",0.1993510160507039
all_cnn_sequence_heldout_hek293t_kernel_5,cnn(5|3),all,hek293t,"['hct116', 'hek293t', 'hela', 'hl60']",sequence,42,5,"[12253, 23, 8]","[2163, 23, 8]","[2333, 23, 8]",-0.5540524564174554
all_cnn_sequence_heldout_hela_kernel_5,cnn(5|3),all,hela,"['hct116', 'hek293t', 'hela', 'hl60']",sequence,42,5,"[7350, 23, 8]","[1298, 23, 8]","[8101, 23, 8]",0.1193396918092637
all_cnn_sequence_heldout_hl60_kernel_5,cnn(5|3),all,hl60,"['hct116', 'hek293t', 'hela', 'hl60']",sequence,42,5,"[12472, 23, 8]","[2201, 23, 8]","[2076, 23, 8]",-0.2606384307412237
all_cnn_sequence_heldout_hct116_kernel_7,cnn(7|3),all,hct116,"['hct116', 'hek293t', 'hela', 'hl60']",sequence,42,7,"[10633, 23, 8]","[1877, 23, 8]","[4239, 23, 8]",0.1625997827733867
all_cnn_sequence_heldout_hek293t_kernel_7,cnn(7|3),all,hek293t,"['hct116', 'hek293t', 'hela', 'hl60']",sequence,42,7,"[12253, 23, 8]","[2163, 23, 8]","[2333, 23, 8]",-1.0242479594110754
all_cnn_sequence_heldout_hela_kernel_7,cnn(7|3),all,hela,"['hct116', 'hek293t', 'hela', 'hl60']",sequence,42,7,"[7350, 23, 8]","[1298, 23, 8]","[8101, 23, 8]",0.1321166056084168
all_cnn_sequence_heldout_hl60_kernel_7,cnn(7|3),all,hl60,"['hct116', 'hek293t', 'hela', 'hl60']",sequence,42,7,"[12472, 23, 8]","[2201, 23, 8]","[2076, 23, 8]",-0.4390723640260814
all_transformer_sequence_heldout_hct116,transformer,all,hct116,"['hct116', 'hek293t', 'hela', 'hl60']",sequence,42,3,"[10633, 23, 8]","[1877, 23, 8]","[4239, 23, 8]",0.1523000479174766
all_transformer_sequence_heldout_hek293t,transformer,all,hek293t,"['hct116', 'hek293t', 'hela', 'hl60']",sequence,42,3,"[12253, 23, 8]","[2163, 23, 8]","[2333, 23, 8]",-0.5406944885492495
all_transformer_sequence_heldout_hela,transformer,all,hela,"['hct116', 'hek293t', 'hela', 'hl60']",sequence,42,3,"[7350, 23, 8]","[1298, 23, 8]","[8101, 23, 8]",0.0834104967162958
all_transformer_sequence_heldout_hl60,transformer,all,hl60,"['hct116', 'hek293t', 'hela', 'hl60']",sequence,42,3,"[12472, 23, 8]","[2201, 23, 8]","[2076, 23, 8]",-0.1358486020659117
all_linear_sequence_ctcf_heldout_hct116,linear,all,hct116,"['hct116', 'hek293t', 'hela', 'hl60']",sequence_ctcf,42,3,"[10633, 184]","[1877, 184]","[4239, 184]",0.1123396325271509
all_linear_sequence_ctcf_heldout_hek293t,linear,all,hek293t,"['hct116', 'hek293t', 'hela', 'hl60']",sequence_ctcf,42,3,"[12253, 184]","[2163, 184]","[2333, 184]",-0.4300446678412231
all_linear_sequence_ctcf_heldout_hela,linear,all,hela,"['hct116', 'hek293t', 'hela', 'hl60']",sequence_ctcf,42,3,"[7350, 184]","[1298, 184]","[8101, 184]",0.0886543541118068
all_linear_sequence_ctcf_heldout_hl60,linear,all,hl60,"['hct116', 'hek293t', 'hela', 'hl60']",sequence_ctcf,42,3,"[12472, 184]","[2201, 184]","[2076, 184]",0.037400454198787
all_xgboost_sequence_ctcf_heldout_hct116,xgboost,all,hct116,"['hct116', 'hek293t', 'hela', 'hl60']",sequence_ctcf,42,3,"[10633, 184]","[1877, 184]","[4239, 184]",0.2198563517901104
all_xgboost_sequence_ctcf_heldout_hek293t,xgboost,all,hek293t,"['hct116', 'hek293t', 'hela', 'hl60']",sequence_ctcf,42,3,"[12253, 184]","[2163, 184]","[2333, 184]",-0.5005162172107351
all_xgboost_sequence_ctcf_heldout_hela,xgboost,all,hela,"['hct116', 'hek293t', 'hela', 'hl60']",sequence_ctcf,42,3,"[7350, 184]","[1298, 184]","[8101, 184]",0.1578838807868315
all_xgboost_sequence_ctcf_heldout_hl60,xgboost,all,hl60,"['hct116', 'hek293t', 'hela', 'hl60']",sequence_ctcf,42,3,"[12472, 184]","[2201, 184]","[2076, 184]",-0.0454702962697437
all_mlp_sequence_ctcf_heldout_hct116,mlp,all,hct116,"['hct116', 'hek293t', 'hela', 'hl60']",sequence_ctcf,42,3,"[10633, 184]","[1877, 184]","[4239, 184]",0.1160954369821355
all_mlp_sequence_ctcf_heldout_hek293t,mlp,all,hek293t,"['hct116', 'hek293t', 'hela', 'hl60']",sequence_ctcf,42,3,"[12253, 184]","[2163, 184]","[2333, 184]",-0.7744492691130227
all_mlp_sequence_ctcf_heldout_hela,mlp,all,hela,"['hct116', 'hek293t', 'hela', 'hl60']",sequence_ctcf,42,3,"[7350, 184]","[1298, 184]","[8101, 184]",0.0867391366801663
all_mlp_sequence_ctcf_heldout_hl60,mlp,all,hl60,"['hct116', 'hek293t', 'hela', 'hl60']",sequence_ctcf,42,3,"[12472, 184]","[2201, 184]","[2076, 184]",-0.4408518547042446
all_cnn_sequence_ctcf_heldout_hct116_kernel_3,cnn(3|3),all,hct116,"['hct116', 'hek293t', 'hela', 'hl60']",sequence_ctcf,42,3,"[10633, 23, 8]","[1877, 23, 8]","[4239, 23, 8]",0.0993553147910129
all_cnn_sequence_ctcf_heldout_hek293t_kernel_3,cnn(3|3),all,hek293t,"['hct116', 'hek293t', 'hela', 'hl60']",sequence_ctcf,42,3,"[12253, 23, 8]","[2163, 23, 8]","[2333, 23, 8]",-0.2845488853489613
all_cnn_sequence_ctcf_heldout_hela_kernel_3,cnn(3|3),all,hela,"['hct116', 'hek293t', 'hela', 'hl60']",sequence_ctcf,42,3,"[7350, 23, 8]","[1298, 23, 8]","[8101, 23, 8]",0.0685848983579355
all_cnn_sequence_ctcf_heldout_hl60_kernel_3,cnn(3|3),all,hl60,"['hct116', 'hek293t', 'hela', 'hl60']",sequence_ctcf,42,3,"[12472, 23, 8]","[2201, 23, 8]","[2076, 23, 8]",-0.0432394251485803
all_cnn_sequence_ctcf_heldout_hct116_kernel_5,cnn(5|3),all,hct116,"['hct116', 'hek293t', 'hela', 'hl60']",sequence_ctcf,42,5,"[10633, 23, 8]","[1877, 23, 8]","[4239, 23, 8]",0.1632290956269098
all_cnn_sequence_ctcf_heldout_hek293t_kernel_5,cnn(5|3),all,hek293t,"['hct116', 'hek293t', 'hela', 'hl60']",sequence_ctcf,42,5,"[12253, 23, 8]","[2163, 23, 8]","[2333, 23, 8]",-0.7047021689305708
all_cnn_sequence_ctcf_heldout_hela_kernel_5,cnn(5|3),all,hela,"['hct116', 'hek293t', 'hela', 'hl60']",sequence_ctcf,42,5,"[7350, 23, 8]","[1298, 23, 8]","[8101, 23, 8]",0.1175013244114711
all_cnn_sequence_ctcf_heldout_hl60_kernel_5,cnn(5|3),all,hl60,"['hct116', 'hek293t', 'hela', 'hl60']",sequence_ctcf,42,5,"[12472, 23, 8]","[2201, 23, 8]","[2076, 23, 8]",-0.1228201862699749
all_cnn_sequence_ctcf_heldout_hct116_kernel_7,cnn(7|3),all,hct116,"['hct116', 'hek293t', 'hela', 'hl60']",sequence_ctcf,42,7,"[10633, 23, 8]","[1877, 23, 8]","[4239, 23, 8]",0.1752113713341692
all_cnn_sequence_ctcf_heldout_hek293t_kernel_7,cnn(7|3),all,hek293t,"['hct116', 'hek293t', 'hela', 'hl60']",sequence_ctcf,42,7,"[12253, 23, 8]","[2163, 23, 8]","[2333, 23, 8]",-0.9501097831492876
all_cnn_sequence_ctcf_heldout_hela_kernel_7,cnn(7|3),all,hela,"['hct116', 'hek293t', 'hela', 'hl60']",sequence_ctcf,42,7,"[7350, 23, 8]","[1298, 23, 8]","[8101, 23, 8]",0.1430186699513941
all_cnn_sequence_ctcf_heldout_hl60_kernel_7,cnn(7|3),all,hl60,"['hct116', 'hek293t', 'hela', 'hl60']",sequence_ctcf,42,7,"[12472, 23, 8]","[2201, 23, 8]","[2076, 23, 8]",-0.1194984903970386
all_transformer_sequence_ctcf_heldout_hct116,transformer,all,hct116,"['hct116', 'hek293t', 'hela', 'hl60']",sequence_ctcf,42,3,"[10633, 23, 8]","[1877, 23, 8]","[4239, 23, 8]",0.1472461940405477
all_transformer_sequence_ctcf_heldout_hek293t,transformer,all,hek293t,"['hct116', 'hek293t', 'hela', 'hl60']",sequence_ctcf,42,3,"[12253, 23, 8]","[2163, 23, 8]","[2333, 23, 8]",-0.4262666525565342
all_transformer_sequence_ctcf_heldout_hela,transformer,all,hela,"['hct116', 'hek293t', 'hela', 'hl60']",sequence_ctcf,42,3,"[7350, 23, 8]","[1298, 23, 8]","[8101, 23, 8]",0.0887964751254389
all_transformer_sequence_ctcf_heldout_hl60,transformer,all,hl60,"['hct116', 'hek293t', 'hela', 'hl60']",sequence_ctcf,42,3,"[12472, 23, 8]","[2201, 23, 8]","[2076, 23, 8]",-0.1221808212208279
all_linear_sequence_dnase_heldout_hct116,linear,all,hct116,"['hct116', 'hek293t', 'hela', 'hl60']",sequence_dnase,42,3,"[10633, 184]","[1877, 184]","[4239, 184]",-1.803445604428304e+19
all_linear_sequence_dnase_heldout_hek293t,linear,all,hek293t,"['hct116', 'hek293t', 'hela', 'hl60']",sequence_dnase,42,3,"[12253, 184]","[2163, 184]","[2333, 184]",-0.4441756916574777
all_linear_sequence_dnase_heldout_hela,linear,all,hela,"['hct116', 'hek293t', 'hela', 'hl60']",sequence_dnase,42,3,"[7350, 184]","[1298, 184]","[8101, 184]",0.0866856643853032
all_linear_sequence_dnase_heldout_hl60,linear,all,hl60,"['hct116', 'hek293t', 'hela', 'hl60']",sequence_dnase,42,3,"[12472, 184]","[2201, 184]","[2076, 184]",0.0252815748206315
all_xgboost_sequence_dnase_heldout_hct116,xgboost,all,hct116,"['hct116', 'hek293t', 'hela', 'hl60']",sequence_dnase,42,3,"[10633, 184]","[1877, 184]","[4239, 184]",0.2119306041678639
all_xgboost_sequence_dnase_heldout_hek293t,xgboost,all,hek293t,"['hct116', 'hek293t', 'hela', 'hl60']",sequence_dnase,42,3,"[12253, 184]","[2163, 184]","[2333, 184]",-0.5138907651007172
all_xgboost_sequence_dnase_heldout_hela,xgboost,all,hela,"['hct116', 'hek293t', 'hela', 'hl60']",sequence_dnase,42,3,"[7350, 184]","[1298, 184]","[8101, 184]",0.1549664466886262
all_xgboost_sequence_dnase_heldout_hl60,xgboost,all,hl60,"['hct116', 'hek293t', 'hela', 'hl60']",sequence_dnase,42,3,"[12472, 184]","[2201, 184]","[2076, 184]",-0.0588511043017785
all_mlp_sequence_dnase_heldout_hct116,mlp,all,hct116,"['hct116', 'hek293t', 'hela', 'hl60']",sequence_dnase,42,3,"[10633, 184]","[1877, 184]","[4239, 184]",0.1667030384900988
all_mlp_sequence_dnase_heldout_hek293t,mlp,all,hek293t,"['hct116', 'hek293t', 'hela', 'hl60']",sequence_dnase,42,3,"[12253, 184]","[2163, 184]","[2333, 184]",-0.9119673148457824
all_mlp_sequence_dnase_heldout_hela,mlp,all,hela,"['hct116', 'hek293t', 'hela', 'hl60']",sequence_dnase,42,3,"[7350, 184]","[1298, 184]","[8101, 184]",0.0874437260822408
all_mlp_sequence_dnase_heldout_hl60,mlp,all,hl60,"['hct116', 'hek293t', 'hela', 'hl60']",sequence_dnase,42,3,"[12472, 184]","[2201, 184]","[2076, 184]",-0.5755404506425519
all_cnn_sequence_dnase_heldout_hct116_kernel_3,cnn(3|3),all,hct116,"['hct116', 'hek293t', 'hela', 'hl60']",sequence_dnase,42,3,"[10633, 23, 8]","[1877, 23, 8]","[4239, 23, 8]",0.084024691974295
all_cnn_sequence_dnase_heldout_hek293t_kernel_3,cnn(3|3),all,hek293t,"['hct116', 'hek293t', 'hela', 'hl60']",sequence_dnase,42,3,"[12253, 23, 8]","[2163, 23, 8]","[2333, 23, 8]",-0.4860433145789742
all_cnn_sequence_dnase_heldout_hela_kernel_3,cnn(3|3),all,hela,"['hct116', 'hek293t', 'hela', 'hl60']",sequence_dnase,42,3,"[7350, 23, 8]","[1298, 23, 8]","[8101, 23, 8]",0.066094199957302
all_cnn_sequence_dnase_heldout_hl60_kernel_3,cnn(3|3),all,hl60,"['hct116', 'hek293t', 'hela', 'hl60']",sequence_dnase,42,3,"[12472, 23, 8]","[2201, 23, 8]","[2076, 23, 8]",-0.0789997365512731
all_cnn_sequence_dnase_heldout_hct116_kernel_5,cnn(5|3),all,hct116,"['hct116', 'hek293t', 'hela', 'hl60']",sequence_dnase,42,5,"[10633, 23, 8]","[1877, 23, 8]","[4239, 23, 8]",0.1982322614188588
all_cnn_sequence_dnase_heldout_hek293t_kernel_5,cnn(5|3),all,hek293t,"['hct116', 'hek293t', 'hela', 'hl60']",sequence_dnase,42,5,"[12253, 23, 8]","[2163, 23, 8]","[2333, 23, 8]",-0.8455570990194923
all_cnn_sequence_dnase_heldout_hela_kernel_5,cnn(5|3),all,hela,"['hct116', 'hek293t', 'hela', 'hl60']",sequence_dnase,42,5,"[7350, 23, 8]","[1298, 23, 8]","[8101, 23, 8]",0.1013104833947952
all_cnn_sequence_dnase_heldout_hl60_kernel_5,cnn(5|3),all,hl60,"['hct116', 'hek293t', 'hela', 'hl60']",sequence_dnase,42,5,"[12472, 23, 8]","[2201, 23, 8]","[2076, 23, 8]",-0.1205864894096238
all_cnn_sequence_dnase_heldout_hct116_kernel_7,cnn(7|3),all,hct116,"['hct116', 'hek293t', 'hela', 'hl60']",sequence_dnase,42,7,"[10633, 23, 8]","[1877, 23, 8]","[4239, 23, 8]",0.1808545979339318
all_cnn_sequence_dnase_heldout_hek293t_kernel_7,cnn(7|3),all,hek293t,"['hct116', 'hek293t', 'hela', 'hl60']",sequence_dnase,42,7,"[12253, 23, 8]","[2163, 23, 8]","[2333, 23, 8]",-1.0238072728851453
all_cnn_sequence_dnase_heldout_hela_kernel_7,cnn(7|3),all,hela,"['hct116', 'hek293t', 'hela', 'hl60']",sequence_dnase,42,7,"[7350, 23, 8]","[1298, 23, 8]","[8101, 23, 8]",0.1370260681019046
all_cnn_sequence_dnase_heldout_hl60_kernel_7,cnn(7|3),all,hl60,"['hct116', 'hek293t', 'hela', 'hl60']",sequence_dnase,42,7,"[12472, 23, 8]","[2201, 23, 8]","[2076, 23, 8]",-0.6448792519726767
all_transformer_sequence_dnase_heldout_hct116,transformer,all,hct116,"['hct116', 'hek293t', 'hela', 'hl60']",sequence_dnase,42,3,"[10633, 23, 8]","[1877, 23, 8]","[4239, 23, 8]",0.132597536255014
all_transformer_sequence_dnase_heldout_hek293t,transformer,all,hek293t,"['hct116', 'hek293t', 'hela', 'hl60']",sequence_dnase,42,3,"[12253, 23, 8]","[2163, 23, 8]","[2333, 23, 8]",-0.4015394861639647
all_transformer_sequence_dnase_heldout_hela,transformer,all,hela,"['hct116', 'hek293t', 'hela', 'hl60']",sequence_dnase,42,3,"[7350, 23, 8]","[1298, 23, 8]","[8101, 23, 8]",0.094147755121584
all_transformer_sequence_dnase_heldout_hl60,transformer,all,hl60,"['hct116', 'hek293t', 'hela', 'hl60']",sequence_dnase,42,3,"[12472, 23, 8]","[2201, 23, 8]","[2076, 23, 8]",-0.138464378573369
all_linear_sequence_h3k4me3_heldout_hct116,linear,all,hct116,"['hct116', 'hek293t', 'hela', 'hl60']",sequence_h3k4me3,42,3,"[10633, 184]","[1877, 184]","[4239, 184]",0.1125382985434279
all_linear_sequence_h3k4me3_heldout_hek293t,linear,all,hek293t,"['hct116', 'hek293t', 'hela', 'hl60']",sequence_h3k4me3,42,3,"[12253, 184]","[2163, 184]","[2333, 184]",-0.4566993254578237
all_linear_sequence_h3k4me3_heldout_hela,linear,all,hela,"['hct116', 'hek293t', 'hela', 'hl60']",sequence_h3k4me3,42,3,"[7350, 184]","[1298, 184]","[8101, 184]",0.0874015188182093
all_linear_sequence_h3k4me3_heldout_hl60,linear,all,hl60,"['hct116', 'hek293t', 'hela', 'hl60']",sequence_h3k4me3,42,3,"[12472, 184]","[2201, 184]","[2076, 184]",0.0294222556943456
all_xgboost_sequence_h3k4me3_heldout_hct116,xgboost,all,hct116,"['hct116', 'hek293t', 'hela', 'hl60']",sequence_h3k4me3,42,3,"[10633, 184]","[1877, 184]","[4239, 184]",0.2528647064749451
all_xgboost_sequence_h3k4me3_heldout_hek293t,xgboost,all,hek293t,"['hct116', 'hek293t', 'hela', 'hl60']",sequence_h3k4me3,42,3,"[12253, 184]","[2163, 184]","[2333, 184]",-0.5290724707678407
all_xgboost_sequence_h3k4me3_heldout_hela,xgboost,all,hela,"['hct116', 'hek293t', 'hela', 'hl60']",sequence_h3k4me3,42,3,"[7350, 184]","[1298, 184]","[8101, 184]",0.1581931990269278
all_xgboost_sequence_h3k4me3_heldout_hl60,xgboost,all,hl60,"['hct116', 'hek293t', 'hela', 'hl60']",sequence_h3k4me3,42,3,"[12472, 184]","[2201, 184]","[2076, 184]",-0.0511264009324896
all_mlp_sequence_h3k4me3_heldout_hct116,mlp,all,hct116,"['hct116', 'hek293t', 'hela', 'hl60']",sequence_h3k4me3,42,3,"[10633, 184]","[1877, 184]","[4239, 184]",0.1523226429822259
all_mlp_sequence_h3k4me3_heldout_hek293t,mlp,all,hek293t,"['hct116', 'hek293t', 'hela', 'hl60']",sequence_h3k4me3,42,3,"[12253, 184]","[2163, 184]","[2333, 184]",-0.7818252533202927
all_mlp_sequence_h3k4me3_heldout_hela,mlp,all,hela,"['hct116', 'hek293t', 'hela', 'hl60']",sequence_h3k4me3,42,3,"[7350, 184]","[1298, 184]","[8101, 184]",0.1216788237648862
all_mlp_sequence_h3k4me3_heldout_hl60,mlp,all,hl60,"['hct116', 'hek293t', 'hela', 'hl60']",sequence_h3k4me3,42,3,"[12472, 184]","[2201, 184]","[2076, 184]",-0.5310899368663731
all_cnn_sequence_h3k4me3_heldout_hct116_kernel_3,cnn(3|3),all,hct116,"['hct116', 'hek293t', 'hela', 'hl60']",sequence_h3k4me3,42,3,"[10633, 23, 8]","[1877, 23, 8]","[4239, 23, 8]",0.0828954037563811
all_cnn_sequence_h3k4me3_heldout_hek293t_kernel_3,cnn(3|3),all,hek293t,"['hct116', 'hek293t', 'hela', 'hl60']",sequence_h3k4me3,42,3,"[12253, 23, 8]","[2163, 23, 8]","[2333, 23, 8]",-0.3755708025726805
all_cnn_sequence_h3k4me3_heldout_hela_kernel_3,cnn(3|3),all,hela,"['hct116', 'hek293t', 'hela', 'hl60']",sequence_h3k4me3,42,3,"[7350, 23, 8]","[1298, 23, 8]","[8101, 23, 8]",0.0589917855600796
all_cnn_sequence_h3k4me3_heldout_hl60_kernel_3,cnn(3|3),all,hl60,"['hct116', 'hek293t', 'hela', 'hl60']",sequence_h3k4me3,42,3,"[12472, 23, 8]","[2201, 23, 8]","[2076, 23, 8]",-0.0766525915829328
all_cnn_sequence_h3k4me3_heldout_hct116_kernel_5,cnn(5|3),all,hct116,"['hct116', 'hek293t', 'hela', 'hl60']",sequence_h3k4me3,42,5,"[10633, 23, 8]","[1877, 23, 8]","[4239, 23, 8]",0.1926939078806225
all_cnn_sequence_h3k4me3_heldout_hek293t_kernel_5,cnn(5|3),all,hek293t,"['hct116', 'hek293t', 'hela', 'hl60']",sequence_h3k4me3,42,5,"[12253, 23, 8]","[2163, 23, 8]","[2333, 23, 8]",-0.7265374881200901
all_cnn_sequence_h3k4me3_heldout_hela_kernel_5,cnn(5|3),all,hela,"['hct116', 'hek293t', 'hela', 'hl60']",sequence_h3k4me3,42,5,"[7350, 23, 8]","[1298, 23, 8]","[8101, 23, 8]",0.150287288769049
all_cnn_sequence_h3k4me3_heldout_hl60_kernel_5,cnn(5|3),all,hl60,"['hct116', 'hek293t', 'hela', 'hl60']",sequence_h3k4me3,42,5,"[12472, 23, 8]","[2201, 23, 8]","[2076, 23, 8]",0.0086461938967662
all_cnn_sequence_h3k4me3_heldout_hct116_kernel_7,cnn(7|3),all,hct116,"['hct116', 'hek293t', 'hela', 'hl60']",sequence_h3k4me3,42,7,"[10633, 23, 8]","[1877, 23, 8]","[4239, 23, 8]",0.1627910257488118
all_cnn_sequence_h3k4me3_heldout_hek293t_kernel_7,cnn(7|3),all,hek293t,"['hct116', 'hek293t', 'hela', 'hl60']",sequence_h3k4me3,42,7,"[12253, 23, 8]","[2163, 23, 8]","[2333, 23, 8]",-0.9403797815452356
all_cnn_sequence_h3k4me3_heldout_hela_kernel_7,cnn(7|3),all,hela,"['hct116', 'hek293t', 'hela', 'hl60']",sequence_h3k4me3,42,7,"[7350, 23, 8]","[1298, 23, 8]","[8101, 23, 8]",0.1325809481612654
all_cnn_sequence_h3k4me3_heldout_hl60_kernel_7,cnn(7|3),all,hl60,"['hct116', 'hek293t', 'hela', 'hl60']",sequence_h3k4me3,42,7,"[12472, 23, 8]","[2201, 23, 8]","[2076, 23, 8]",-0.7916145069096763
all_transformer_sequence_h3k4me3_heldout_hct116,transformer,all,hct116,"['hct116', 'hek293t', 'hela', 'hl60']",sequence_h3k4me3,42,3,"[10633, 23, 8]","[1877, 23, 8]","[4239, 23, 8]",0.1309650269460524
all_transformer_sequence_h3k4me3_heldout_hek293t,transformer,all,hek293t,"['hct116', 'hek293t', 'hela', 'hl60']",sequence_h3k4me3,42,3,"[12253, 23, 8]","[2163, 23, 8]","[2333, 23, 8]",-0.4436616059785596
all_transformer_sequence_h3k4me3_heldout_hela,transformer,all,hela,"['hct116', 'hek293t', 'hela', 'hl60']",sequence_h3k4me3,42,3,"[7350, 23, 8]","[1298, 23, 8]","[8101, 23, 8]",0.093643646003816
all_transformer_sequence_h3k4me3_heldout_hl60,transformer,all,hl60,"['hct116', 'hek293t', 'hela', 'hl60']",sequence_h3k4me3,42,3,"[12472, 23, 8]","[2201, 23, 8]","[2076, 23, 8]",-0.170007124271579
all_linear_sequence_rrbs_heldout_hct116,linear,all,hct116,"['hct116', 'hek293t', 'hela', 'hl60']",sequence_rrbs,42,3,"[10633, 184]","[1877, 184]","[4239, 184]",0.1158584532389718
all_linear_sequence_rrbs_heldout_hek293t,linear,all,hek293t,"['hct116', 'hek293t', 'hela', 'hl60']",sequence_rrbs,42,3,"[12253, 184]","[2163, 184]","[2333, 184]",-0.448174939936713
all_linear_sequence_rrbs_heldout_hela,linear,all,hela,"['hct116', 'hek293t', 'hela', 'hl60']",sequence_rrbs,42,3,"[7350, 184]","[1298, 184]","[8101, 184]",0.0873607078869529
all_linear_sequence_rrbs_heldout_hl60,linear,all,hl60,"['hct116', 'hek293t', 'hela', 'hl60']",sequence_rrbs,42,3,"[12472, 184]","[2201, 184]","[2076, 184]",0.015939699833784
all_xgboost_sequence_rrbs_heldout_hct116,xgboost,all,hct116,"['hct116', 'hek293t', 'hela', 'hl60']",sequence_rrbs,42,3,"[10633, 184]","[1877, 184]","[4239, 184]",0.2177036163332355
all_xgboost_sequence_rrbs_heldout_hek293t,xgboost,all,hek293t,"['hct116', 'hek293t', 'hela', 'hl60']",sequence_rrbs,42,3,"[12253, 184]","[2163, 184]","[2333, 184]",-0.4897237115980246
all_xgboost_sequence_rrbs_heldout_hela,xgboost,all,hela,"['hct116', 'hek293t', 'hela', 'hl60']",sequence_rrbs,42,3,"[7350, 184]","[1298, 184]","[8101, 184]",0.153857638986113
all_xgboost_sequence_rrbs_heldout_hl60,xgboost,all,hl60,"['hct116', 'hek293t', 'hela', 'hl60']",sequence_rrbs,42,3,"[12472, 184]","[2201, 184]","[2076, 184]",-0.0706367885656023
all_mlp_sequence_rrbs_heldout_hct116,mlp,all,hct116,"['hct116', 'hek293t', 'hela', 'hl60']",sequence_rrbs,42,3,"[10633, 184]","[1877, 184]","[4239, 184]",0.1457398143571444
all_mlp_sequence_rrbs_heldout_hek293t,mlp,all,hek293t,"['hct116', 'hek293t', 'hela', 'hl60']",sequence_rrbs,42,3,"[12253, 184]","[2163, 184]","[2333, 184]",-0.9030048652446908
all_mlp_sequence_rrbs_heldout_hela,mlp,all,hela,"['hct116', 'hek293t', 'hela', 'hl60']",sequence_rrbs,42,3,"[7350, 184]","[1298, 184]","[8101, 184]",0.1048620551503052
all_mlp_sequence_rrbs_heldout_hl60,mlp,all,hl60,"['hct116', 'hek293t', 'hela', 'hl60']",sequence_rrbs,42,3,"[12472, 184]","[2201, 184]","[2076, 184]",-0.4017109881976555
all_cnn_sequence_rrbs_heldout_hct116_kernel_3,cnn(3|3),all,hct116,"['hct116', 'hek293t', 'hela', 'hl60']",sequence_rrbs,42,3,"[10633, 23, 8]","[1877, 23, 8]","[4239, 23, 8]",0.0871261424233498
all_cnn_sequence_rrbs_heldout_hek293t_kernel_3,cnn(3|3),all,hek293t,"['hct116', 'hek293t', 'hela', 'hl60']",sequence_rrbs,42,3,"[12253, 23, 8]","[2163, 23, 8]","[2333, 23, 8]",-0.401922731112422
all_cnn_sequence_rrbs_heldout_hela_kernel_3,cnn(3|3),all,hela,"['hct116', 'hek293t', 'hela', 'hl60']",sequence_rrbs,42,3,"[7350, 23, 8]","[1298, 23, 8]","[8101, 23, 8]",0.0543644723165679
all_cnn_sequence_rrbs_heldout_hl60_kernel_3,cnn(3|3),all,hl60,"['hct116', 'hek293t', 'hela', 'hl60']",sequence_rrbs,42,3,"[12472, 23, 8]","[2201, 23, 8]","[2076, 23, 8]",-0.0925366419436659
all_cnn_sequence_rrbs_heldout_hct116_kernel_5,cnn(5|3),all,hct116,"['hct116', 'hek293t', 'hela', 'hl60']",sequence_rrbs,42,5,"[10633, 23, 8]","[1877, 23, 8]","[4239, 23, 8]",0.1583098904463159
all_cnn_sequence_rrbs_heldout_hek293t_kernel_5,cnn(5|3),all,hek293t,"['hct116', 'hek293t', 'hela', 'hl60']",sequence_rrbs,42,5,"[12253, 23, 8]","[2163, 23, 8]","[2333, 23, 8]",-0.5870922558333835
all_cnn_sequence_rrbs_heldout_hela_kernel_5,cnn(5|3),all,hela,"['hct116', 'hek293t', 'hela', 'hl60']",sequence_rrbs,42,5,"[7350, 23, 8]","[1298, 23, 8]","[8101, 23, 8]",0.1108929873607527
all_cnn_sequence_rrbs_heldout_hl60_kernel_5,cnn(5|3),all,hl60,"['hct116', 'hek293t', 'hela', 'hl60']",sequence_rrbs,42,5,"[12472, 23, 8]","[2201, 23, 8]","[2076, 23, 8]",-0.2765707212879957
all_cnn_sequence_rrbs_heldout_hct116_kernel_7,cnn(7|3),all,hct116,"['hct116', 'hek293t', 'hela', 'hl60']",sequence_rrbs,42,7,"[10633, 23, 8]","[1877, 23, 8]","[4239, 23, 8]",0.1826103540832742
all_cnn_sequence_rrbs_heldout_hek293t_kernel_7,cnn(7|3),all,hek293t,"['hct116', 'hek293t', 'hela', 'hl60']",sequence_rrbs,42,7,"[12253, 23, 8]","[2163, 23, 8]","[2333, 23, 8]",-1.03938337780852
all_cnn_sequence_rrbs_heldout_hela_kernel_7,cnn(7|3),all,hela,"['hct116', 'hek293t', 'hela', 'hl60']",sequence_rrbs,42,7,"[7350, 23, 8]","[1298, 23, 8]","[8101, 23, 8]",0.1405718569383379
all_cnn_sequence_rrbs_heldout_hl60_kernel_7,cnn(7|3),all,hl60,"['hct116', 'hek293t', 'hela', 'hl60']",sequence_rrbs,42,7,"[12472, 23, 8]","[2201, 23, 8]","[2076, 23, 8]",-0.6315738605067456
all_transformer_sequence_rrbs_heldout_hct116,transformer,all,hct116,"['hct116', 'hek293t', 'hela', 'hl60']",sequence_rrbs,42,3,"[10633, 23, 8]","[1877, 23, 8]","[4239, 23, 8]",0.1422366442887089
all_transformer_sequence_rrbs_heldout_hek293t,transformer,all,hek293t,"['hct116', 'hek293t', 'hela', 'hl60']",sequence_rrbs,42,3,"[12253, 23, 8]","[2163, 23, 8]","[2333, 23, 8]",-0.4979669582968895
all_transformer_sequence_rrbs_heldout_hela,transformer,all,hela,"['hct116', 'hek293t', 'hela', 'hl60']",sequence_rrbs,42,3,"[7350, 23, 8]","[1298, 23, 8]","[8101, 23, 8]",0.0843479853762347
all_transformer_sequence_rrbs_heldout_hl60,transformer,all,hl60,"['hct116', 'hek293t', 'hela', 'hl60']",sequence_rrbs,42,3,"[12472, 23, 8]","[2201, 23, 8]","[2076, 23, 8]",-0.1313690254514032
all_linear_sequence_ctcf_dnase_heldout_hct116,linear,all,hct116,"['hct116', 'hek293t', 'hela', 'hl60']",sequence_ctcf_dnase,42,3,"[10633, 184]","[1877, 184]","[4239, 184]",-9.58309900344606e+19
all_linear_sequence_ctcf_dnase_heldout_hek293t,linear,all,hek293t,"['hct116', 'hek293t', 'hela', 'hl60']",sequence_ctcf_dnase,42,3,"[12253, 184]","[2163, 184]","[2333, 184]",-0.4295888356189137
all_linear_sequence_ctcf_dnase_heldout_hela,linear,all,hela,"['hct116', 'hek293t', 'hela', 'hl60']",sequence_ctcf_dnase,42,3,"[7350, 184]","[1298, 184]","[8101, 184]",0.0882836822081613
all_linear_sequence_ctcf_dnase_heldout_hl60,linear,all,hl60,"['hct116', 'hek293t', 'hela', 'hl60']",sequence_ctcf_dnase,42,3,"[12472, 184]","[2201, 184]","[2076, 184]",0.0356993491955585
all_xgboost_sequence_ctcf_dnase_heldout_hct116,xgboost,all,hct116,"['hct116', 'hek293t', 'hela', 'hl60']",sequence_ctcf_dnase,42,3,"[10633, 184]","[1877, 184]","[4239, 184]",0.2322486199490667
all_xgboost_sequence_ctcf_dnase_heldout_hek293t,xgboost,all,hek293t,"['hct116', 'hek293t', 'hela', 'hl60']",sequence_ctcf_dnase,42,3,"[12253, 184]","[2163, 184]","[2333, 184]",-0.5010825077916836
all_xgboost_sequence_ctcf_dnase_heldout_hela,xgboost,all,hela,"['hct116', 'hek293t', 'hela', 'hl60']",sequence_ctcf_dnase,42,3,"[7350, 184]","[1298, 184]","[8101, 184]",0.1478935626688117
all_xgboost_sequence_ctcf_dnase_heldout_hl60,xgboost,all,hl60,"['hct116', 'hek293t', 'hela', 'hl60']",sequence_ctcf_dnase,42,3,"[12472, 184]","[2201, 184]","[2076, 184]",-0.053777249126458
all_mlp_sequence_ctcf_dnase_heldout_hct116,mlp,all,hct116,"['hct116', 'hek293t', 'hela', 'hl60']",sequence_ctcf_dnase,42,3,"[10633, 184]","[1877, 184]","[4239, 184]",0.1188459947886004
all_mlp_sequence_ctcf_dnase_heldout_hek293t,mlp,all,hek293t,"['hct116', 'hek293t', 'hela', 'hl60']",sequence_ctcf_dnase,42,3,"[12253, 184]","[2163, 184]","[2333, 184]",-0.8483746745691196
all_mlp_sequence_ctcf_dnase_heldout_hela,mlp,all,hela,"['hct116', 'hek293t', 'hela', 'hl60']",sequence_ctcf_dnase,42,3,"[7350, 184]","[1298, 184]","[8101, 184]",0.0905908325685866
all_mlp_sequence_ctcf_dnase_heldout_hl60,mlp,all,hl60,"['hct116', 'hek293t', 'hela', 'hl60']",sequence_ctcf_dnase,42,3,"[12472, 184]","[2201, 184]","[2076, 184]",-0.4769553120048357
all_cnn_sequence_ctcf_dnase_heldout_hct116_kernel_3,cnn(3|3),all,hct116,"['hct116', 'hek293t', 'hela', 'hl60']",sequence_ctcf_dnase,42,3,"[10633, 23, 8]","[1877, 23, 8]","[4239, 23, 8]",0.0892356398973307
all_cnn_sequence_ctcf_dnase_heldout_hek293t_kernel_3,cnn(3|3),all,hek293t,"['hct116', 'hek293t', 'hela', 'hl60']",sequence_ctcf_dnase,42,3,"[12253, 23, 8]","[2163, 23, 8]","[2333, 23, 8]",-0.3164279493606776
all_cnn_sequence_ctcf_dnase_heldout_hela_kernel_3,cnn(3|3),all,hela,"['hct116', 'hek293t', 'hela', 'hl60']",sequence_ctcf_dnase,42,3,"[7350, 23, 8]","[1298, 23, 8]","[8101, 23, 8]",0.0643605092887207
all_cnn_sequence_ctcf_dnase_heldout_hl60_kernel_3,cnn(3|3),all,hl60,"['hct116', 'hek293t', 'hela', 'hl60']",sequence_ctcf_dnase,42,3,"[12472, 23, 8]","[2201, 23, 8]","[2076, 23, 8]",-0.0488119389519325
all_cnn_sequence_ctcf_dnase_heldout_hct116_kernel_5,cnn(5|3),all,hct116,"['hct116', 'hek293t', 'hela', 'hl60']",sequence_ctcf_dnase,42,5,"[10633, 23, 8]","[1877, 23, 8]","[4239, 23, 8]",0.1559530538184946
all_cnn_sequence_ctcf_dnase_heldout_hek293t_kernel_5,cnn(5|3),all,hek293t,"['hct116', 'hek293t', 'hela', 'hl60']",sequence_ctcf_dnase,42,5,"[12253, 23, 8]","[2163, 23, 8]","[2333, 23, 8]",-0.7191816857337867
all_cnn_sequence_ctcf_dnase_heldout_hela_kernel_5,cnn(5|3),all,hela,"['hct116', 'hek293t', 'hela', 'hl60']",sequence_ctcf_dnase,42,5,"[7350, 23, 8]","[1298, 23, 8]","[8101, 23, 8]",0.1206273015696396
all_cnn_sequence_ctcf_dnase_heldout_hl60_kernel_5,cnn(5|3),all,hl60,"['hct116', 'hek293t', 'hela', 'hl60']",sequence_ctcf_dnase,42,5,"[12472, 23, 8]","[2201, 23, 8]","[2076, 23, 8]",-0.1346935465029779
all_cnn_sequence_ctcf_dnase_heldout_hct116_kernel_7,cnn(7|3),all,hct116,"['hct116', 'hek293t', 'hela', 'hl60']",sequence_ctcf_dnase,42,7,"[10633, 23, 8]","[1877, 23, 8]","[4239, 23, 8]",0.1595050443768936
all_cnn_sequence_ctcf_dnase_heldout_hek293t_kernel_7,cnn(7|3),all,hek293t,"['hct116', 'hek293t', 'hela', 'hl60']",sequence_ctcf_dnase,42,7,"[12253, 23, 8]","[2163, 23, 8]","[2333, 23, 8]",-0.9541236075818448
all_cnn_sequence_ctcf_dnase_heldout_hela_kernel_7,cnn(7|3),all,hela,"['hct116', 'hek293t', 'hela', 'hl60']",sequence_ctcf_dnase,42,7,"[7350, 23, 8]","[1298, 23, 8]","[8101, 23, 8]",0.1445487475149715
all_cnn_sequence_ctcf_dnase_heldout_hl60_kernel_7,cnn(7|3),all,hl60,"['hct116', 'hek293t', 'hela', 'hl60']",sequence_ctcf_dnase,42,7,"[12472, 23, 8]","[2201, 23, 8]","[2076, 23, 8]",-0.4973088765514584
all_transformer_sequence_ctcf_dnase_heldout_hct116,transformer,all,hct116,"['hct116', 'hek293t', 'hela', 'hl60']",sequence_ctcf_dnase,42,3,"[10633, 23, 8]","[1877, 23, 8]","[4239, 23, 8]",0.1215311172537798
all_transformer_sequence_ctcf_dnase_heldout_hek293t,transformer,all,hek293t,"['hct116', 'hek293t', 'hela', 'hl60']",sequence_ctcf_dnase,42,3,"[12253, 23, 8]","[2163, 23, 8]","[2333, 23, 8]",-0.5109785826660982
all_transformer_sequence_ctcf_dnase_heldout_hela,transformer,all,hela,"['hct116', 'hek293t', 'hela', 'hl60']",sequence_ctcf_dnase,42,3,"[7350, 23, 8]","[1298, 23, 8]","[8101, 23, 8]",0.0954955269602038
all_transformer_sequence_ctcf_dnase_heldout_hl60,transformer,all,hl60,"['hct116', 'hek293t', 'hela', 'hl60']",sequence_ctcf_dnase,42,3,"[12472, 23, 8]","[2201, 23, 8]","[2076, 23, 8]",-0.0808693701784468
all_linear_sequence_ctcf_h3k4me3_heldout_hct116,linear,all,hct116,"['hct116', 'hek293t', 'hela', 'hl60']",sequence_ctcf_h3k4me3,42,3,"[10633, 184]","[1877, 184]","[4239, 184]",0.11021243854154
all_linear_sequence_ctcf_h3k4me3_heldout_hek293t,linear,all,hek293t,"['hct116', 'hek293t', 'hela', 'hl60']",sequence_ctcf_h3k4me3,42,3,"[12253, 184]","[2163, 184]","[2333, 184]",-0.4425221937743622
all_linear_sequence_ctcf_h3k4me3_heldout_hela,linear,all,hela,"['hct116', 'hek293t', 'hela', 'hl60']",sequence_ctcf_h3k4me3,42,3,"[7350, 184]","[1298, 184]","[8101, 184]",0.0888254348906559
all_linear_sequence_ctcf_h3k4me3_heldout_hl60,linear,all,hl60,"['hct116', 'hek293t', 'hela', 'hl60']",sequence_ctcf_h3k4me3,42,3,"[12472, 184]","[2201, 184]","[2076, 184]",0.0384664567658311
all_xgboost_sequence_ctcf_h3k4me3_heldout_hct116,xgboost,all,hct116,"['hct116', 'hek293t', 'hela', 'hl60']",sequence_ctcf_h3k4me3,42,3,"[10633, 184]","[1877, 184]","[4239, 184]",0.215595904770568
all_xgboost_sequence_ctcf_h3k4me3_heldout_hek293t,xgboost,all,hek293t,"['hct116', 'hek293t', 'hela', 'hl60']",sequence_ctcf_h3k4me3,42,3,"[12253, 184]","[2163, 184]","[2333, 184]",-0.4958622457509742
all_xgboost_sequence_ctcf_h3k4me3_heldout_hela,xgboost,all,hela,"['hct116', 'hek293t', 'hela', 'hl60']",sequence_ctcf_h3k4me3,42,3,"[7350, 184]","[1298, 184]","[8101, 184]",0.152932598383116
all_xgboost_sequence_ctcf_h3k4me3_heldout_hl60,xgboost,all,hl60,"['hct116', 'hek293t', 'hela', 'hl60']",sequence_ctcf_h3k4me3,42,3,"[12472, 184]","[2201, 184]","[2076, 184]",-0.0467198481432777
all_mlp_sequence_ctcf_h3k4me3_heldout_hct116,mlp,all,hct116,"['hct116', 'hek293t', 'hela', 'hl60']",sequence_ctcf_h3k4me3,42,3,"[10633, 184]","[1877, 184]","[4239, 184]",0.1060509521664448
all_mlp_sequence_ctcf_h3k4me3_heldout_hek293t,mlp,all,hek293t,"['hct116', 'hek293t', 'hela', 'hl60']",sequence_ctcf_h3k4me3,42,3,"[12253, 184]","[2163, 184]","[2333, 184]",-0.6586639419919549
all_mlp_sequence_ctcf_h3k4me3_heldout_hela,mlp,all,hela,"['hct116', 'hek293t', 'hela', 'hl60']",sequence_ctcf_h3k4me3,42,3,"[7350, 184]","[1298, 184]","[8101, 184]",0.0837574534393891
all_mlp_sequence_ctcf_h3k4me3_heldout_hl60,mlp,all,hl60,"['hct116', 'hek293t', 'hela', 'hl60']",sequence_ctcf_h3k4me3,42,3,"[12472, 184]","[2201, 184]","[2076, 184]",-0.368804688286209
all_cnn_sequence_ctcf_h3k4me3_heldout_hct116_kernel_3,cnn(3|3),all,hct116,"['hct116', 'hek293t', 'hela', 'hl60']",sequence_ctcf_h3k4me3,42,3,"[10633, 23, 8]","[1877, 23, 8]","[4239, 23, 8]",0.0865798286951786
all_cnn_sequence_ctcf_h3k4me3_heldout_hek293t_kernel_3,cnn(3|3),all,hek293t,"['hct116', 'hek293t', 'hela', 'hl60']",sequence_ctcf_h3k4me3,42,3,"[12253, 23, 8]","[2163, 23, 8]","[2333, 23, 8]",-0.2726205818918368
all_cnn_sequence_ctcf_h3k4me3_heldout_hela_kernel_3,cnn(3|3),all,hela,"['hct116', 'hek293t', 'hela', 'hl60']",sequence_ctcf_h3k4me3,42,3,"[7350, 23, 8]","[1298, 23, 8]","[8101, 23, 8]",0.0600882367378329
all_cnn_sequence_ctcf_h3k4me3_heldout_hl60_kernel_3,cnn(3|3),all,hl60,"['hct116', 'hek293t', 'hela', 'hl60']",sequence_ctcf_h3k4me3,42,3,"[12472, 23, 8]","[2201, 23, 8]","[2076, 23, 8]",-0.0825709204939826
all_cnn_sequence_ctcf_h3k4me3_heldout_hct116_kernel_5,cnn(5|3),all,hct116,"['hct116', 'hek293t', 'hela', 'hl60']",sequence_ctcf_h3k4me3,42,5,"[10633, 23, 8]","[1877, 23, 8]","[4239, 23, 8]",0.1464199256544425
all_cnn_sequence_ctcf_h3k4me3_heldout_hek293t_kernel_5,cnn(5|3),all,hek293t,"['hct116', 'hek293t', 'hela', 'hl60']",sequence_ctcf_h3k4me3,42,5,"[12253, 23, 8]","[2163, 23, 8]","[2333, 23, 8]",-0.614881411358333
all_cnn_sequence_ctcf_h3k4me3_heldout_hela_kernel_5,cnn(5|3),all,hela,"['hct116', 'hek293t', 'hela', 'hl60']",sequence_ctcf_h3k4me3,42,5,"[7350, 23, 8]","[1298, 23, 8]","[8101, 23, 8]",0.131047389847171
all_cnn_sequence_ctcf_h3k4me3_heldout_hl60_kernel_5,cnn(5|3),all,hl60,"['hct116', 'hek293t', 'hela', 'hl60']",sequence_ctcf_h3k4me3,42,5,"[12472, 23, 8]","[2201, 23, 8]","[2076, 23, 8]",-0.0133880649835624
all_cnn_sequence_ctcf_h3k4me3_heldout_hct116_kernel_7,cnn(7|3),all,hct116,"['hct116', 'hek293t', 'hela', 'hl60']",sequence_ctcf_h3k4me3,42,7,"[10633, 23, 8]","[1877, 23, 8]","[4239, 23, 8]",0.1442748704258248
all_cnn_sequence_ctcf_h3k4me3_heldout_hek293t_kernel_7,cnn(7|3),all,hek293t,"['hct116', 'hek293t', 'hela', 'hl60']",sequence_ctcf_h3k4me3,42,7,"[12253, 23, 8]","[2163, 23, 8]","[2333, 23, 8]",-0.9125363724476524
all_cnn_sequence_ctcf_h3k4me3_heldout_hela_kernel_7,cnn(7|3),all,hela,"['hct116', 'hek293t', 'hela', 'hl60']",sequence_ctcf_h3k4me3,42,7,"[7350, 23, 8]","[1298, 23, 8]","[8101, 23, 8]",0.1488038362988705
all_cnn_sequence_ctcf_h3k4me3_heldout_hl60_kernel_7,cnn(7|3),all,hl60,"['hct116', 'hek293t', 'hela', 'hl60']",sequence_ctcf_h3k4me3,42,7,"[12472, 23, 8]","[2201, 23, 8]","[2076, 23, 8]",-0.442029735390254
all_transformer_sequence_ctcf_h3k4me3_heldout_hct116,transformer,all,hct116,"['hct116', 'hek293t', 'hela', 'hl60']",sequence_ctcf_h3k4me3,42,3,"[10633, 23, 8]","[1877, 23, 8]","[4239, 23, 8]",0.1533398853866822
all_transformer_sequence_ctcf_h3k4me3_heldout_hek293t,transformer,all,hek293t,"['hct116', 'hek293t', 'hela', 'hl60']",sequence_ctcf_h3k4me3,42,3,"[12253, 23, 8]","[2163, 23, 8]","[2333, 23, 8]",-0.5064941100950615
all_transformer_sequence_ctcf_h3k4me3_heldout_hela,transformer,all,hela,"['hct116', 'hek293t', 'hela', 'hl60']",sequence_ctcf_h3k4me3,42,3,"[7350, 23, 8]","[1298, 23, 8]","[8101, 23, 8]",0.0938778653912824
all_transformer_sequence_ctcf_h3k4me3_heldout_hl60,transformer,all,hl60,"['hct116', 'hek293t', 'hela', 'hl60']",sequence_ctcf_h3k4me3,42,3,"[12472, 23, 8]","[2201, 23, 8]","[2076, 23, 8]",0.0014803439727605
all_linear_sequence_ctcf_rrbs_heldout_hct116,linear,all,hct116,"['hct116', 'hek293t', 'hela', 'hl60']",sequence_ctcf_rrbs,42,3,"[10633, 184]","[1877, 184]","[4239, 184]",0.1138722539755959
all_linear_sequence_ctcf_rrbs_heldout_hek293t,linear,all,hek293t,"['hct116', 'hek293t', 'hela', 'hl60']",sequence_ctcf_rrbs,42,3,"[12253, 184]","[2163, 184]","[2333, 184]",-0.4333055249605642
all_linear_sequence_ctcf_rrbs_heldout_hela,linear,all,hela,"['hct116', 'hek293t', 'hela', 'hl60']",sequence_ctcf_rrbs,42,3,"[7350, 184]","[1298, 184]","[8101, 184]",0.0889368526987094
all_linear_sequence_ctcf_rrbs_heldout_hl60,linear,all,hl60,"['hct116', 'hek293t', 'hela', 'hl60']",sequence_ctcf_rrbs,42,3,"[12472, 184]","[2201, 184]","[2076, 184]",0.0255844464318601
all_xgboost_sequence_ctcf_rrbs_heldout_hct116,xgboost,all,hct116,"['hct116', 'hek293t', 'hela', 'hl60']",sequence_ctcf_rrbs,42,3,"[10633, 184]","[1877, 184]","[4239, 184]",0.2095078232142896
all_xgboost_sequence_ctcf_rrbs_heldout_hek293t,xgboost,all,hek293t,"['hct116', 'hek293t', 'hela', 'hl60']",sequence_ctcf_rrbs,42,3,"[12253, 184]","[2163, 184]","[2333, 184]",-0.480953191590642
all_xgboost_sequence_ctcf_rrbs_heldout_hela,xgboost,all,hela,"['hct116', 'hek293t', 'hela', 'hl60']",sequence_ctcf_rrbs,42,3,"[7350, 184]","[1298, 184]","[8101, 184]",0.1512156264431439
all_xgboost_sequence_ctcf_rrbs_heldout_hl60,xgboost,all,hl60,"['hct116', 'hek293t', 'hela', 'hl60']",sequence_ctcf_rrbs,42,3,"[12472, 184]","[2201, 184]","[2076, 184]",-0.0544582558007804
all_mlp_sequence_ctcf_rrbs_heldout_hct116,mlp,all,hct116,"['hct116', 'hek293t', 'hela', 'hl60']",sequence_ctcf_rrbs,42,3,"[10633, 184]","[1877, 184]","[4239, 184]",0.1294722910303952
all_mlp_sequence_ctcf_rrbs_heldout_hek293t,mlp,all,hek293t,"['hct116', 'hek293t', 'hela', 'hl60']",sequence_ctcf_rrbs,42,3,"[12253, 184]","[2163, 184]","[2333, 184]",-0.8417735475787735
all_mlp_sequence_ctcf_rrbs_heldout_hela,mlp,all,hela,"['hct116', 'hek293t', 'hela', 'hl60']",sequence_ctcf_rrbs,42,3,"[7350, 184]","[1298, 184]","[8101, 184]",0.0895004065284164
all_mlp_sequence_ctcf_rrbs_heldout_hl60,mlp,all,hl60,"['hct116', 'hek293t', 'hela', 'hl60']",sequence_ctcf_rrbs,42,3,"[12472, 184]","[2201, 184]","[2076, 184]",-0.4896573845897698
all_cnn_sequence_ctcf_rrbs_heldout_hct116_kernel_3,cnn(3|3),all,hct116,"['hct116', 'hek293t', 'hela', 'hl60']",sequence_ctcf_rrbs,42,3,"[10633, 23, 8]","[1877, 23, 8]","[4239, 23, 8]",0.1001150986005469
all_cnn_sequence_ctcf_rrbs_heldout_hek293t_kernel_3,cnn(3|3),all,hek293t,"['hct116', 'hek293t', 'hela', 'hl60']",sequence_ctcf_rrbs,42,3,"[12253, 23, 8]","[2163, 23, 8]","[2333, 23, 8]",-0.2667515794401733
all_cnn_sequence_ctcf_rrbs_heldout_hela_kernel_3,cnn(3|3),all,hela,"['hct116', 'hek293t', 'hela', 'hl60']",sequence_ctcf_rrbs,42,3,"[7350, 23, 8]","[1298, 23, 8]","[8101, 23, 8]",0.0603718724843782
all_cnn_sequence_ctcf_rrbs_heldout_hl60_kernel_3,cnn(3|3),all,hl60,"['hct116', 'hek293t', 'hela', 'hl60']",sequence_ctcf_rrbs,42,3,"[12472, 23, 8]","[2201, 23, 8]","[2076, 23, 8]",-0.0634965888493055
all_cnn_sequence_ctcf_rrbs_heldout_hct116_kernel_5,cnn(5|3),all,hct116,"['hct116', 'hek293t', 'hela', 'hl60']",sequence_ctcf_rrbs,42,5,"[10633, 23, 8]","[1877, 23, 8]","[4239, 23, 8]",0.1521858831912333
all_cnn_sequence_ctcf_rrbs_heldout_hek293t_kernel_5,cnn(5|3),all,hek293t,"['hct116', 'hek293t', 'hela', 'hl60']",sequence_ctcf_rrbs,42,5,"[12253, 23, 8]","[2163, 23, 8]","[2333, 23, 8]",-0.7508997286276393
all_cnn_sequence_ctcf_rrbs_heldout_hela_kernel_5,cnn(5|3),all,hela,"['hct116', 'hek293t', 'hela', 'hl60']",sequence_ctcf_rrbs,42,5,"[7350, 23, 8]","[1298, 23, 8]","[8101, 23, 8]",0.1306263385653737
all_cnn_sequence_ctcf_rrbs_heldout_hl60_kernel_5,cnn(5|3),all,hl60,"['hct116', 'hek293t', 'hela', 'hl60']",sequence_ctcf_rrbs,42,5,"[12472, 23, 8]","[2201, 23, 8]","[2076, 23, 8]",0.0280415817501268
all_cnn_sequence_ctcf_rrbs_heldout_hct116_kernel_7,cnn(7|3),all,hct116,"['hct116', 'hek293t', 'hela', 'hl60']",sequence_ctcf_rrbs,42,7,"[10633, 23, 8]","[1877, 23, 8]","[4239, 23, 8]",0.1897394489976209
all_cnn_sequence_ctcf_rrbs_heldout_hek293t_kernel_7,cnn(7|3),all,hek293t,"['hct116', 'hek293t', 'hela', 'hl60']",sequence_ctcf_rrbs,42,7,"[12253, 23, 8]","[2163, 23, 8]","[2333, 23, 8]",-0.926719367614546
all_cnn_sequence_ctcf_rrbs_heldout_hela_kernel_7,cnn(7|3),all,hela,"['hct116', 'hek293t', 'hela', 'hl60']",sequence_ctcf_rrbs,42,7,"[7350, 23, 8]","[1298, 23, 8]","[8101, 23, 8]",0.1448254977695668
all_cnn_sequence_ctcf_rrbs_heldout_hl60_kernel_7,cnn(7|3),all,hl60,"['hct116', 'hek293t', 'hela', 'hl60']",sequence_ctcf_rrbs,42,7,"[12472, 23, 8]","[2201, 23, 8]","[2076, 23, 8]",-0.3917770748165663
all_transformer_sequence_ctcf_rrbs_heldout_hct116,transformer,all,hct116,"['hct116', 'hek293t', 'hela', 'hl60']",sequence_ctcf_rrbs,42,3,"[10633, 23, 8]","[1877, 23, 8]","[4239, 23, 8]",0.1397834250962895
all_transformer_sequence_ctcf_rrbs_heldout_hek293t,transformer,all,hek293t,"['hct116', 'hek293t', 'hela', 'hl60']",sequence_ctcf_rrbs,42,3,"[12253, 23, 8]","[2163, 23, 8]","[2333, 23, 8]",-0.5664604649476441
all_transformer_sequence_ctcf_rrbs_heldout_hela,transformer,all,hela,"['hct116', 'hek293t', 'hela', 'hl60']",sequence_ctcf_rrbs,42,3,"[7350, 23, 8]","[1298, 23, 8]","[8101, 23, 8]",0.0896235740986277
all_transformer_sequence_ctcf_rrbs_heldout_hl60,transformer,all,hl60,"['hct116', 'hek293t', 'hela', 'hl60']",sequence_ctcf_rrbs,42,3,"[12472, 23, 8]","[2201, 23, 8]","[2076, 23, 8]",-0.0645994350331466
all_linear_sequence_dnase_h3k4me3_heldout_hct116,linear,all,hct116,"['hct116', 'hek293t', 'hela', 'hl60']",sequence_dnase_h3k4me3,42,3,"[10633, 184]","[1877, 184]","[4239, 184]",-1.4193073962728827e+18
all_linear_sequence_dnase_h3k4me3_heldout_hek293t,linear,all,hek293t,"['hct116', 'hek293t', 'hela', 'hl60']",sequence_dnase_h3k4me3,42,3,"[12253, 184]","[2163, 184]","[2333, 184]",-0.4555973295280204
all_linear_sequence_dnase_h3k4me3_heldout_hela,linear,all,hela,"['hct116', 'hek293t', 'hela', 'hl60']",sequence_dnase_h3k4me3,42,3,"[7350, 184]","[1298, 184]","[8101, 184]",0.0870042405110045
all_linear_sequence_dnase_h3k4me3_heldout_hl60,linear,all,hl60,"['hct116', 'hek293t', 'hela', 'hl60']",sequence_dnase_h3k4me3,42,3,"[12472, 184]","[2201, 184]","[2076, 184]",0.027766735718989
all_xgboost_sequence_dnase_h3k4me3_heldout_hct116,xgboost,all,hct116,"['hct116', 'hek293t', 'hela', 'hl60']",sequence_dnase_h3k4me3,42,3,"[10633, 184]","[1877, 184]","[4239, 184]",0.2315717568165713
all_xgboost_sequence_dnase_h3k4me3_heldout_hek293t,xgboost,all,hek293t,"['hct116', 'hek293t', 'hela', 'hl60']",sequence_dnase_h3k4me3,42,3,"[12253, 184]","[2163, 184]","[2333, 184]",-0.5216490311925037
all_xgboost_sequence_dnase_h3k4me3_heldout_hela,xgboost,all,hela,"['hct116', 'hek293t', 'hela', 'hl60']",sequence_dnase_h3k4me3,42,3,"[7350, 184]","[1298, 184]","[8101, 184]",0.1482746984093748
all_xgboost_sequence_dnase_h3k4me3_heldout_hl60,xgboost,all,hl60,"['hct116', 'hek293t', 'hela', 'hl60']",sequence_dnase_h3k4me3,42,3,"[12472, 184]","[2201, 184]","[2076, 184]",-0.0459415756901395
all_mlp_sequence_dnase_h3k4me3_heldout_hct116,mlp,all,hct116,"['hct116', 'hek293t', 'hela', 'hl60']",sequence_dnase_h3k4me3,42,3,"[10633, 184]","[1877, 184]","[4239, 184]",0.1178701910055831
all_mlp_sequence_dnase_h3k4me3_heldout_hek293t,mlp,all,hek293t,"['hct116', 'hek293t', 'hela', 'hl60']",sequence_dnase_h3k4me3,42,3,"[12253, 184]","[2163, 184]","[2333, 184]",-0.6115995773953513
all_mlp_sequence_dnase_h3k4me3_heldout_hela,mlp,all,hela,"['hct116', 'hek293t', 'hela', 'hl60']",sequence_dnase_h3k4me3,42,3,"[7350, 184]","[1298, 184]","[8101, 184]",0.1003075190702135
all_mlp_sequence_dnase_h3k4me3_heldout_hl60,mlp,all,hl60,"['hct116', 'hek293t', 'hela', 'hl60']",sequence_dnase_h3k4me3,42,3,"[12472, 184]","[2201, 184]","[2076, 184]",-0.1742482893320134
all_cnn_sequence_dnase_h3k4me3_heldout_hct116_kernel_3,cnn(3|3),all,hct116,"['hct116', 'hek293t', 'hela', 'hl60']",sequence_dnase_h3k4me3,42,3,"[10633, 23, 8]","[1877, 23, 8]","[4239, 23, 8]",0.095673119461391
all_cnn_sequence_dnase_h3k4me3_heldout_hek293t_kernel_3,cnn(3|3),all,hek293t,"['hct116', 'hek293t', 'hela', 'hl60']",sequence_dnase_h3k4me3,42,3,"[12253, 23, 8]","[2163, 23, 8]","[2333, 23, 8]",-0.2956850366881818
all_cnn_sequence_dnase_h3k4me3_heldout_hela_kernel_3,cnn(3|3),all,hela,"['hct116', 'hek293t', 'hela', 'hl60']",sequence_dnase_h3k4me3,42,3,"[7350, 23, 8]","[1298, 23, 8]","[8101, 23, 8]",0.0518507740838327
all_cnn_sequence_dnase_h3k4me3_heldout_hl60_kernel_3,cnn(3|3),all,hl60,"['hct116', 'hek293t', 'hela', 'hl60']",sequence_dnase_h3k4me3,42,3,"[12472, 23, 8]","[2201, 23, 8]","[2076, 23, 8]",-0.0714459043077446
all_cnn_sequence_dnase_h3k4me3_heldout_hct116_kernel_5,cnn(5|3),all,hct116,"['hct116', 'hek293t', 'hela', 'hl60']",sequence_dnase_h3k4me3,42,5,"[10633, 23, 8]","[1877, 23, 8]","[4239, 23, 8]",0.1488288399114516
all_cnn_sequence_dnase_h3k4me3_heldout_hek293t_kernel_5,cnn(5|3),all,hek293t,"['hct116', 'hek293t', 'hela', 'hl60']",sequence_dnase_h3k4me3,42,5,"[12253, 23, 8]","[2163, 23, 8]","[2333, 23, 8]",-0.7678131497834919
all_cnn_sequence_dnase_h3k4me3_heldout_hela_kernel_5,cnn(5|3),all,hela,"['hct116', 'hek293t', 'hela', 'hl60']",sequence_dnase_h3k4me3,42,5,"[7350, 23, 8]","[1298, 23, 8]","[8101, 23, 8]",0.1360480096596819
all_cnn_sequence_dnase_h3k4me3_heldout_hl60_kernel_5,cnn(5|3),all,hl60,"['hct116', 'hek293t', 'hela', 'hl60']",sequence_dnase_h3k4me3,42,5,"[12472, 23, 8]","[2201, 23, 8]","[2076, 23, 8]",-0.5091127449868231
all_cnn_sequence_dnase_h3k4me3_heldout_hct116_kernel_7,cnn(7|3),all,hct116,"['hct116', 'hek293t', 'hela', 'hl60']",sequence_dnase_h3k4me3,42,7,"[10633, 23, 8]","[1877, 23, 8]","[4239, 23, 8]",0.1205268231998937
all_cnn_sequence_dnase_h3k4me3_heldout_hek293t_kernel_7,cnn(7|3),all,hek293t,"['hct116', 'hek293t', 'hela', 'hl60']",sequence_dnase_h3k4me3,42,7,"[12253, 23, 8]","[2163, 23, 8]","[2333, 23, 8]",-0.9880216068638978
all_cnn_sequence_dnase_h3k4me3_heldout_hela_kernel_7,cnn(7|3),all,hela,"['hct116', 'hek293t', 'hela', 'hl60']",sequence_dnase_h3k4me3,42,7,"[7350, 23, 8]","[1298, 23, 8]","[8101, 23, 8]",0.1330092171594827
all_cnn_sequence_dnase_h3k4me3_heldout_hl60_kernel_7,cnn(7|3),all,hl60,"['hct116', 'hek293t', 'hela', 'hl60']",sequence_dnase_h3k4me3,42,7,"[12472, 23, 8]","[2201, 23, 8]","[2076, 23, 8]",-0.8364385603115736
all_transformer_sequence_dnase_h3k4me3_heldout_hct116,transformer,all,hct116,"['hct116', 'hek293t', 'hela', 'hl60']",sequence_dnase_h3k4me3,42,3,"[10633, 23, 8]","[1877, 23, 8]","[4239, 23, 8]",0.1477765933867731
all_transformer_sequence_dnase_h3k4me3_heldout_hek293t,transformer,all,hek293t,"['hct116', 'hek293t', 'hela', 'hl60']",sequence_dnase_h3k4me3,42,3,"[12253, 23, 8]","[2163, 23, 8]","[2333, 23, 8]",-0.5233936170736528
all_transformer_sequence_dnase_h3k4me3_heldout_hela,transformer,all,hela,"['hct116', 'hek293t', 'hela', 'hl60']",sequence_dnase_h3k4me3,42,3,"[7350, 23, 8]","[1298, 23, 8]","[8101, 23, 8]",0.0806298975704432
all_transformer_sequence_dnase_h3k4me3_heldout_hl60,transformer,all,hl60,"['hct116', 'hek293t', 'hela', 'hl60']",sequence_dnase_h3k4me3,42,3,"[12472, 23, 8]","[2201, 23, 8]","[2076, 23, 8]",-0.0756269239757461
all_linear_sequence_dnase_rrbs_heldout_hct116,linear,all,hct116,"['hct116', 'hek293t', 'hela', 'hl60']",sequence_dnase_rrbs,42,3,"[10633, 184]","[1877, 184]","[4239, 184]",-1.334776517951919e+20
all_linear_sequence_dnase_rrbs_heldout_hek293t,linear,all,hek293t,"['hct116', 'hek293t', 'hela', 'hl60']",sequence_dnase_rrbs,42,3,"[12253, 184]","[2163, 184]","[2333, 184]",-0.4474964942283568
all_linear_sequence_dnase_rrbs_heldout_hela,linear,all,hela,"['hct116', 'hek293t', 'hela', 'hl60']",sequence_dnase_rrbs,42,3,"[7350, 184]","[1298, 184]","[8101, 184]",0.0870889586328312
all_linear_sequence_dnase_rrbs_heldout_hl60,linear,all,hl60,"['hct116', 'hek293t', 'hela', 'hl60']",sequence_dnase_rrbs,42,3,"[12472, 184]","[2201, 184]","[2076, 184]",0.0142321281522964
all_xgboost_sequence_dnase_rrbs_heldout_hct116,xgboost,all,hct116,"['hct116', 'hek293t', 'hela', 'hl60']",sequence_dnase_rrbs,42,3,"[10633, 184]","[1877, 184]","[4239, 184]",0.2238084377642442
all_xgboost_sequence_dnase_rrbs_heldout_hek293t,xgboost,all,hek293t,"['hct116', 'hek293t', 'hela', 'hl60']",sequence_dnase_rrbs,42,3,"[12253, 184]","[2163, 184]","[2333, 184]",-0.4887165369736002
all_xgboost_sequence_dnase_rrbs_heldout_hela,xgboost,all,hela,"['hct116', 'hek293t', 'hela', 'hl60']",sequence_dnase_rrbs,42,3,"[7350, 184]","[1298, 184]","[8101, 184]",0.1620545574369926
all_xgboost_sequence_dnase_rrbs_heldout_hl60,xgboost,all,hl60,"['hct116', 'hek293t', 'hela', 'hl60']",sequence_dnase_rrbs,42,3,"[12472, 184]","[2201, 184]","[2076, 184]",-0.062718564751347
all_mlp_sequence_dnase_rrbs_heldout_hct116,mlp,all,hct116,"['hct116', 'hek293t', 'hela', 'hl60']",sequence_dnase_rrbs,42,3,"[10633, 184]","[1877, 184]","[4239, 184]",0.138052794880128
all_mlp_sequence_dnase_rrbs_heldout_hek293t,mlp,all,hek293t,"['hct116', 'hek293t', 'hela', 'hl60']",sequence_dnase_rrbs,42,3,"[12253, 184]","[2163, 184]","[2333, 184]",-0.8515407892214835
all_mlp_sequence_dnase_rrbs_heldout_hela,mlp,all,hela,"['hct116', 'hek293t', 'hela', 'hl60']",sequence_dnase_rrbs,42,3,"[7350, 184]","[1298, 184]","[8101, 184]",0.0887679174944109
all_mlp_sequence_dnase_rrbs_heldout_hl60,mlp,all,hl60,"['hct116', 'hek293t', 'hela', 'hl60']",sequence_dnase_rrbs,42,3,"[12472, 184]","[2201, 184]","[2076, 184]",-0.527233834099907
all_cnn_sequence_dnase_rrbs_heldout_hct116_kernel_3,cnn(3|3),all,hct116,"['hct116', 'hek293t', 'hela', 'hl60']",sequence_dnase_rrbs,42,3,"[10633, 23, 8]","[1877, 23, 8]","[4239, 23, 8]",0.0896863518796554
all_cnn_sequence_dnase_rrbs_heldout_hek293t_kernel_3,cnn(3|3),all,hek293t,"['hct116', 'hek293t', 'hela', 'hl60']",sequence_dnase_rrbs,42,3,"[12253, 23, 8]","[2163, 23, 8]","[2333, 23, 8]",-0.3339539497221522
all_cnn_sequence_dnase_rrbs_heldout_hela_kernel_3,cnn(3|3),all,hela,"['hct116', 'hek293t', 'hela', 'hl60']",sequence_dnase_rrbs,42,3,"[7350, 23, 8]","[1298, 23, 8]","[8101, 23, 8]",0.0687325032803267
all_cnn_sequence_dnase_rrbs_heldout_hl60_kernel_3,cnn(3|3),all,hl60,"['hct116', 'hek293t', 'hela', 'hl60']",sequence_dnase_rrbs,42,3,"[12472, 23, 8]","[2201, 23, 8]","[2076, 23, 8]",-0.1317407236628809
all_cnn_sequence_dnase_rrbs_heldout_hct116_kernel_5,cnn(5|3),all,hct116,"['hct116', 'hek293t', 'hela', 'hl60']",sequence_dnase_rrbs,42,5,"[10633, 23, 8]","[1877, 23, 8]","[4239, 23, 8]",0.155256605253801
all_cnn_sequence_dnase_rrbs_heldout_hek293t_kernel_5,cnn(5|3),all,hek293t,"['hct116', 'hek293t', 'hela', 'hl60']",sequence_dnase_rrbs,42,5,"[12253, 23, 8]","[2163, 23, 8]","[2333, 23, 8]",-0.7523003035000431
all_cnn_sequence_dnase_rrbs_heldout_hela_kernel_5,cnn(5|3),all,hela,"['hct116', 'hek293t', 'hela', 'hl60']",sequence_dnase_rrbs,42,5,"[7350, 23, 8]","[1298, 23, 8]","[8101, 23, 8]",0.1370408687028962
all_cnn_sequence_dnase_rrbs_heldout_hl60_kernel_5,cnn(5|3),all,hl60,"['hct116', 'hek293t', 'hela', 'hl60']",sequence_dnase_rrbs,42,5,"[12472, 23, 8]","[2201, 23, 8]","[2076, 23, 8]",-0.4144363779007951
all_cnn_sequence_dnase_rrbs_heldout_hct116_kernel_7,cnn(7|3),all,hct116,"['hct116', 'hek293t', 'hela', 'hl60']",sequence_dnase_rrbs,42,7,"[10633, 23, 8]","[1877, 23, 8]","[4239, 23, 8]",0.1329856500774909
all_cnn_sequence_dnase_rrbs_heldout_hek293t_kernel_7,cnn(7|3),all,hek293t,"['hct116', 'hek293t', 'hela', 'hl60']",sequence_dnase_rrbs,42,7,"[12253, 23, 8]","[2163, 23, 8]","[2333, 23, 8]",-0.7954767390855075
all_cnn_sequence_dnase_rrbs_heldout_hela_kernel_7,cnn(7|3),all,hela,"['hct116', 'hek293t', 'hela', 'hl60']",sequence_dnase_rrbs,42,7,"[7350, 23, 8]","[1298, 23, 8]","[8101, 23, 8]",0.1323890919145171
all_cnn_sequence_dnase_rrbs_heldout_hl60_kernel_7,cnn(7|3),all,hl60,"['hct116', 'hek293t', 'hela', 'hl60']",sequence_dnase_rrbs,42,7,"[12472, 23, 8]","[2201, 23, 8]","[2076, 23, 8]",-0.7094893516644565
all_transformer_sequence_dnase_rrbs_heldout_hct116,transformer,all,hct116,"['hct116', 'hek293t', 'hela', 'hl60']",sequence_dnase_rrbs,42,3,"[10633, 23, 8]","[1877, 23, 8]","[4239, 23, 8]",0.1454710108306866
all_transformer_sequence_dnase_rrbs_heldout_hek293t,transformer,all,hek293t,"['hct116', 'hek293t', 'hela', 'hl60']",sequence_dnase_rrbs,42,3,"[12253, 23, 8]","[2163, 23, 8]","[2333, 23, 8]",-0.5829546035403743
all_transformer_sequence_dnase_rrbs_heldout_hela,transformer,all,hela,"['hct116', 'hek293t', 'hela', 'hl60']",sequence_dnase_rrbs,42,3,"[7350, 23, 8]","[1298, 23, 8]","[8101, 23, 8]",0.0971453855773304
all_transformer_sequence_dnase_rrbs_heldout_hl60,transformer,all,hl60,"['hct116', 'hek293t', 'hela', 'hl60']",sequence_dnase_rrbs,42,3,"[12472, 23, 8]","[2201, 23, 8]","[2076, 23, 8]",-0.2212329425744215
all_linear_sequence_h3k4me3_rrbs_heldout_hct116,linear,all,hct116,"['hct116', 'hek293t', 'hela', 'hl60']",sequence_h3k4me3_rrbs,42,3,"[10633, 184]","[1877, 184]","[4239, 184]",0.1141163431810392
all_linear_sequence_h3k4me3_rrbs_heldout_hek293t,linear,all,hek293t,"['hct116', 'hek293t', 'hela', 'hl60']",sequence_h3k4me3_rrbs,42,3,"[12253, 184]","[2163, 184]","[2333, 184]",-0.4602350679099463
all_linear_sequence_h3k4me3_rrbs_heldout_hela,linear,all,hela,"['hct116', 'hek293t', 'hela', 'hl60']",sequence_h3k4me3_rrbs,42,3,"[7350, 184]","[1298, 184]","[8101, 184]",0.0877797882888404
all_linear_sequence_h3k4me3_rrbs_heldout_hl60,linear,all,hl60,"['hct116', 'hek293t', 'hela', 'hl60']",sequence_h3k4me3_rrbs,42,3,"[12472, 184]","[2201, 184]","[2076, 184]",0.0187809574910848
all_xgboost_sequence_h3k4me3_rrbs_heldout_hct116,xgboost,all,hct116,"['hct116', 'hek293t', 'hela', 'hl60']",sequence_h3k4me3_rrbs,42,3,"[10633, 184]","[1877, 184]","[4239, 184]",0.2409211778397428
all_xgboost_sequence_h3k4me3_rrbs_heldout_hek293t,xgboost,all,hek293t,"['hct116', 'hek293t', 'hela', 'hl60']",sequence_h3k4me3_rrbs,42,3,"[12253, 184]","[2163, 184]","[2333, 184]",-0.5091435611710344
all_xgboost_sequence_h3k4me3_rrbs_heldout_hela,xgboost,all,hela,"['hct116', 'hek293t', 'hela', 'hl60']",sequence_h3k4me3_rrbs,42,3,"[7350, 184]","[1298, 184]","[8101, 184]",0.1545921139637385
all_xgboost_sequence_h3k4me3_rrbs_heldout_hl60,xgboost,all,hl60,"['hct116', 'hek293t', 'hela', 'hl60']",sequence_h3k4me3_rrbs,42,3,"[12472, 184]","[2201, 184]","[2076, 184]",-0.0569767260529749
all_mlp_sequence_h3k4me3_rrbs_heldout_hct116,mlp,all,hct116,"['hct116', 'hek293t', 'hela', 'hl60']",sequence_h3k4me3_rrbs,42,3,"[10633, 184]","[1877, 184]","[4239, 184]",0.1187465619421577
all_mlp_sequence_h3k4me3_rrbs_heldout_hek293t,mlp,all,hek293t,"['hct116', 'hek293t', 'hela', 'hl60']",sequence_h3k4me3_rrbs,42,3,"[12253, 184]","[2163, 184]","[2333, 184]",-0.5418789542517628
all_mlp_sequence_h3k4me3_rrbs_heldout_hela,mlp,all,hela,"['hct116', 'hek293t', 'hela', 'hl60']",sequence_h3k4me3_rrbs,42,3,"[7350, 184]","[1298, 184]","[8101, 184]",0.1099511606167041
all_mlp_sequence_h3k4me3_rrbs_heldout_hl60,mlp,all,hl60,"['hct116', 'hek293t', 'hela', 'hl60']",sequence_h3k4me3_rrbs,42,3,"[12472, 184]","[2201, 184]","[2076, 184]",-0.4896326660650949
all_cnn_sequence_h3k4me3_rrbs_heldout_hct116_kernel_3,cnn(3|3),all,hct116,"['hct116', 'hek293t', 'hela', 'hl60']",sequence_h3k4me3_rrbs,42,3,"[10633, 23, 8]","[1877, 23, 8]","[4239, 23, 8]",0.0963561569121304
all_cnn_sequence_h3k4me3_rrbs_heldout_hek293t_kernel_3,cnn(3|3),all,hek293t,"['hct116', 'hek293t', 'hela', 'hl60']",sequence_h3k4me3_rrbs,42,3,"[12253, 23, 8]","[2163, 23, 8]","[2333, 23, 8]",-0.2876370109831174
all_cnn_sequence_h3k4me3_rrbs_heldout_hela_kernel_3,cnn(3|3),all,hela,"['hct116', 'hek293t', 'hela', 'hl60']",sequence_h3k4me3_rrbs,42,3,"[7350, 23, 8]","[1298, 23, 8]","[8101, 23, 8]",0.0655110385956356
all_cnn_sequence_h3k4me3_rrbs_heldout_hl60_kernel_3,cnn(3|3),all,hl60,"['hct116', 'hek293t', 'hela', 'hl60']",sequence_h3k4me3_rrbs,42,3,"[12472, 23, 8]","[2201, 23, 8]","[2076, 23, 8]",-0.0464370366033348
all_cnn_sequence_h3k4me3_rrbs_heldout_hct116_kernel_5,cnn(5|3),all,hct116,"['hct116', 'hek293t', 'hela', 'hl60']",sequence_h3k4me3_rrbs,42,5,"[10633, 23, 8]","[1877, 23, 8]","[4239, 23, 8]",0.1528130918186871
all_cnn_sequence_h3k4me3_rrbs_heldout_hek293t_kernel_5,cnn(5|3),all,hek293t,"['hct116', 'hek293t', 'hela', 'hl60']",sequence_h3k4me3_rrbs,42,5,"[12253, 23, 8]","[2163, 23, 8]","[2333, 23, 8]",-0.7472516366991366
all_cnn_sequence_h3k4me3_rrbs_heldout_hela_kernel_5,cnn(5|3),all,hela,"['hct116', 'hek293t', 'hela', 'hl60']",sequence_h3k4me3_rrbs,42,5,"[7350, 23, 8]","[1298, 23, 8]","[8101, 23, 8]",0.0891362534586056
all_cnn_sequence_h3k4me3_rrbs_heldout_hl60_kernel_5,cnn(5|3),all,hl60,"['hct116', 'hek293t', 'hela', 'hl60']",sequence_h3k4me3_rrbs,42,5,"[12472, 23, 8]","[2201, 23, 8]","[2076, 23, 8]",0.0124678989084041
all_cnn_sequence_h3k4me3_rrbs_heldout_hct116_kernel_7,cnn(7|3),all,hct116,"['hct116', 'hek293t', 'hela', 'hl60']",sequence_h3k4me3_rrbs,42,7,"[10633, 23, 8]","[1877, 23, 8]","[4239, 23, 8]",0.1477645666028961
all_cnn_sequence_h3k4me3_rrbs_heldout_hek293t_kernel_7,cnn(7|3),all,hek293t,"['hct116', 'hek293t', 'hela', 'hl60']",sequence_h3k4me3_rrbs,42,7,"[12253, 23, 8]","[2163, 23, 8]","[2333, 23, 8]",-1.0271429889771082
all_cnn_sequence_h3k4me3_rrbs_heldout_hela_kernel_7,cnn(7|3),all,hela,"['hct116', 'hek293t', 'hela', 'hl60']",sequence_h3k4me3_rrbs,42,7,"[7350, 23, 8]","[1298, 23, 8]","[8101, 23, 8]",0.1483474518956584
all_cnn_sequence_h3k4me3_rrbs_heldout_hl60_kernel_7,cnn(7|3),all,hl60,"['hct116', 'hek293t', 'hela', 'hl60']",sequence_h3k4me3_rrbs,42,7,"[12472, 23, 8]","[2201, 23, 8]","[2076, 23, 8]",-0.6325774704334362
all_transformer_sequence_h3k4me3_rrbs_heldout_hct116,transformer,all,hct116,"['hct116', 'hek293t', 'hela', 'hl60']",sequence_h3k4me3_rrbs,42,3,"[10633, 23, 8]","[1877, 23, 8]","[4239, 23, 8]",0.1377346443088897
all_transformer_sequence_h3k4me3_rrbs_heldout_hek293t,transformer,all,hek293t,"['hct116', 'hek293t', 'hela', 'hl60']",sequence_h3k4me3_rrbs,42,3,"[12253, 23, 8]","[2163, 23, 8]","[2333, 23, 8]",-0.4923188551013193
all_transformer_sequence_h3k4me3_rrbs_heldout_hela,transformer,all,hela,"['hct116', 'hek293t', 'hela', 'hl60']",sequence_h3k4me3_rrbs,42,3,"[7350, 23, 8]","[1298, 23, 8]","[8101, 23, 8]",0.0921215675275188
all_transformer_sequence_h3k4me3_rrbs_heldout_hl60,transformer,all,hl60,"['hct116', 'hek293t', 'hela', 'hl60']",sequence_h3k4me3_rrbs,42,3,"[12472, 23, 8]","[2201, 23, 8]","[2076, 23, 8]",-0.178163321035536
all_linear_sequence_ctcf_dnase_h3k4me3_heldout_hct116,linear,all,hct116,"['hct116', 'hek293t', 'hela', 'hl60']",sequence_ctcf_dnase_h3k4me3,42,3,"[10633, 184]","[1877, 184]","[4239, 184]",-4.482634489123643e+19
all_linear_sequence_ctcf_dnase_h3k4me3_heldout_hek293t,linear,all,hek293t,"['hct116', 'hek293t', 'hela', 'hl60']",sequence_ctcf_dnase_h3k4me3,42,3,"[12253, 184]","[2163, 184]","[2333, 184]",-0.4418332676696195
all_linear_sequence_ctcf_dnase_h3k4me3_heldout_hela,linear,all,hela,"['hct116', 'hek293t', 'hela', 'hl60']",sequence_ctcf_dnase_h3k4me3,42,3,"[7350, 184]","[1298, 184]","[8101, 184]",0.0884489336632097
all_linear_sequence_ctcf_dnase_h3k4me3_heldout_hl60,linear,all,hl60,"['hct116', 'hek293t', 'hela', 'hl60']",sequence_ctcf_dnase_h3k4me3,42,3,"[12472, 184]","[2201, 184]","[2076, 184]",0.0366755203046098
all_xgboost_sequence_ctcf_dnase_h3k4me3_heldout_hct116,xgboost,all,hct116,"['hct116', 'hek293t', 'hela', 'hl60']",sequence_ctcf_dnase_h3k4me3,42,3,"[10633, 184]","[1877, 184]","[4239, 184]",0.2607140587756394
all_xgboost_sequence_ctcf_dnase_h3k4me3_heldout_hek293t,xgboost,all,hek293t,"['hct116', 'hek293t', 'hela', 'hl60']",sequence_ctcf_dnase_h3k4me3,42,3,"[12253, 184]","[2163, 184]","[2333, 184]",-0.4892861145297835
all_xgboost_sequence_ctcf_dnase_h3k4me3_heldout_hela,xgboost,all,hela,"['hct116', 'hek293t', 'hela', 'hl60']",sequence_ctcf_dnase_h3k4me3,42,3,"[7350, 184]","[1298, 184]","[8101, 184]",0.1554162801830202
all_xgboost_sequence_ctcf_dnase_h3k4me3_heldout_hl60,xgboost,all,hl60,"['hct116', 'hek293t', 'hela', 'hl60']",sequence_ctcf_dnase_h3k4me3,42,3,"[12472, 184]","[2201, 184]","[2076, 184]",-0.0493487328812412
all_mlp_sequence_ctcf_dnase_h3k4me3_heldout_hct116,mlp,all,hct116,"['hct116', 'hek293t', 'hela', 'hl60']",sequence_ctcf_dnase_h3k4me3,42,3,"[10633, 184]","[1877, 184]","[4239, 184]",0.1059295046240497
all_mlp_sequence_ctcf_dnase_h3k4me3_heldout_hek293t,mlp,all,hek293t,"['hct116', 'hek293t', 'hela', 'hl60']",sequence_ctcf_dnase_h3k4me3,42,3,"[12253, 184]","[2163, 184]","[2333, 184]",-0.5370276523713362
all_mlp_sequence_ctcf_dnase_h3k4me3_heldout_hela,mlp,all,hela,"['hct116', 'hek293t', 'hela', 'hl60']",sequence_ctcf_dnase_h3k4me3,42,3,"[7350, 184]","[1298, 184]","[8101, 184]",0.0937181328085129
all_mlp_sequence_ctcf_dnase_h3k4me3_heldout_hl60,mlp,all,hl60,"['hct116', 'hek293t', 'hela', 'hl60']",sequence_ctcf_dnase_h3k4me3,42,3,"[12472, 184]","[2201, 184]","[2076, 184]",-0.3104910264556226
all_cnn_sequence_ctcf_dnase_h3k4me3_heldout_hct116_kernel_3,cnn(3|3),all,hct116,"['hct116', 'hek293t', 'hela', 'hl60']",sequence_ctcf_dnase_h3k4me3,42,3,"[10633, 23, 8]","[1877, 23, 8]","[4239, 23, 8]",0.0953419607481396
all_cnn_sequence_ctcf_dnase_h3k4me3_heldout_hek293t_kernel_3,cnn(3|3),all,hek293t,"['hct116', 'hek293t', 'hela', 'hl60']",sequence_ctcf_dnase_h3k4me3,42,3,"[12253, 23, 8]","[2163, 23, 8]","[2333, 23, 8]",-0.2481802108865809
all_cnn_sequence_ctcf_dnase_h3k4me3_heldout_hela_kernel_3,cnn(3|3),all,hela,"['hct116', 'hek293t', 'hela', 'hl60']",sequence_ctcf_dnase_h3k4me3,42,3,"[7350, 23, 8]","[1298, 23, 8]","[8101, 23, 8]",0.0772730433419509
all_cnn_sequence_ctcf_dnase_h3k4me3_heldout_hl60_kernel_3,cnn(3|3),all,hl60,"['hct116', 'hek293t', 'hela', 'hl60']",sequence_ctcf_dnase_h3k4me3,42,3,"[12472, 23, 8]","[2201, 23, 8]","[2076, 23, 8]",-0.0193189316964892
all_cnn_sequence_ctcf_dnase_h3k4me3_heldout_hct116_kernel_5,cnn(5|3),all,hct116,"['hct116', 'hek293t', 'hela', 'hl60']",sequence_ctcf_dnase_h3k4me3,42,5,"[10633, 23, 8]","[1877, 23, 8]","[4239, 23, 8]",0.1683583612739403
all_cnn_sequence_ctcf_dnase_h3k4me3_heldout_hek293t_kernel_5,cnn(5|3),all,hek293t,"['hct116', 'hek293t', 'hela', 'hl60']",sequence_ctcf_dnase_h3k4me3,42,5,"[12253, 23, 8]","[2163, 23, 8]","[2333, 23, 8]",-0.6560149748166924
all_cnn_sequence_ctcf_dnase_h3k4me3_heldout_hela_kernel_5,cnn(5|3),all,hela,"['hct116', 'hek293t', 'hela', 'hl60']",sequence_ctcf_dnase_h3k4me3,42,5,"[7350, 23, 8]","[1298, 23, 8]","[8101, 23, 8]",0.1019741572844379
all_cnn_sequence_ctcf_dnase_h3k4me3_heldout_hl60_kernel_5,cnn(5|3),all,hl60,"['hct116', 'hek293t', 'hela', 'hl60']",sequence_ctcf_dnase_h3k4me3,42,5,"[12472, 23, 8]","[2201, 23, 8]","[2076, 23, 8]",0.0184498693891468
all_cnn_sequence_ctcf_dnase_h3k4me3_heldout_hct116_kernel_7,cnn(7|3),all,hct116,"['hct116', 'hek293t', 'hela', 'hl60']",sequence_ctcf_dnase_h3k4me3,42,7,"[10633, 23, 8]","[1877, 23, 8]","[4239, 23, 8]",0.2005834057890738
all_cnn_sequence_ctcf_dnase_h3k4me3_heldout_hek293t_kernel_7,cnn(7|3),all,hek293t,"['hct116', 'hek293t', 'hela', 'hl60']",sequence_ctcf_dnase_h3k4me3,42,7,"[12253, 23, 8]","[2163, 23, 8]","[2333, 23, 8]",-0.788312389760419
all_cnn_sequence_ctcf_dnase_h3k4me3_heldout_hela_kernel_7,cnn(7|3),all,hela,"['hct116', 'hek293t', 'hela', 'hl60']",sequence_ctcf_dnase_h3k4me3,42,7,"[7350, 23, 8]","[1298, 23, 8]","[8101, 23, 8]",0.156982303641021
all_cnn_sequence_ctcf_dnase_h3k4me3_heldout_hl60_kernel_7,cnn(7|3),all,hl60,"['hct116', 'hek293t', 'hela', 'hl60']",sequence_ctcf_dnase_h3k4me3,42,7,"[12472, 23, 8]","[2201, 23, 8]","[2076, 23, 8]",-0.5699367692135144
all_transformer_sequence_ctcf_dnase_h3k4me3_heldout_hct116,transformer,all,hct116,"['hct116', 'hek293t', 'hela', 'hl60']",sequence_ctcf_dnase_h3k4me3,42,3,"[10633, 23, 8]","[1877, 23, 8]","[4239, 23, 8]",0.1445361617439911
all_transformer_sequence_ctcf_dnase_h3k4me3_heldout_hek293t,transformer,all,hek293t,"['hct116', 'hek293t', 'hela', 'hl60']",sequence_ctcf_dnase_h3k4me3,42,3,"[12253, 23, 8]","[2163, 23, 8]","[2333, 23, 8]",-0.4166623439806236
all_transformer_sequence_ctcf_dnase_h3k4me3_heldout_hela,transformer,all,hela,"['hct116', 'hek293t', 'hela', 'hl60']",sequence_ctcf_dnase_h3k4me3,42,3,"[7350, 23, 8]","[1298, 23, 8]","[8101, 23, 8]",0.0927412865847376
all_transformer_sequence_ctcf_dnase_h3k4me3_heldout_hl60,transformer,all,hl60,"['hct116', 'hek293t', 'hela', 'hl60']",sequence_ctcf_dnase_h3k4me3,42,3,"[12472, 23, 8]","[2201, 23, 8]","[2076, 23, 8]",-0.0292869173918715
all_linear_sequence_ctcf_dnase_rrbs_heldout_hct116,linear,all,hct116,"['hct116', 'hek293t', 'hela', 'hl60']",sequence_ctcf_dnase_rrbs,42,3,"[10633, 184]","[1877, 184]","[4239, 184]",-6.8361823778354495e+19
all_linear_sequence_ctcf_dnase_rrbs_heldout_hek293t,linear,all,hek293t,"['hct116', 'hek293t', 'hela', 'hl60']",sequence_ctcf_dnase_rrbs,42,3,"[12253, 184]","[2163, 184]","[2333, 184]",-0.4327638824809487
all_linear_sequence_ctcf_dnase_rrbs_heldout_hela,linear,all,hela,"['hct116', 'hek293t', 'hela', 'hl60']",sequence_ctcf_dnase_rrbs,42,3,"[7350, 184]","[1298, 184]","[8101, 184]",0.0886067846809535
all_linear_sequence_ctcf_dnase_rrbs_heldout_hl60,linear,all,hl60,"['hct116', 'hek293t', 'hela', 'hl60']",sequence_ctcf_dnase_rrbs,42,3,"[12472, 184]","[2201, 184]","[2076, 184]",0.0242132175632432
all_xgboost_sequence_ctcf_dnase_rrbs_heldout_hct116,xgboost,all,hct116,"['hct116', 'hek293t', 'hela', 'hl60']",sequence_ctcf_dnase_rrbs,42,3,"[10633, 184]","[1877, 184]","[4239, 184]",0.2125286246169874
all_xgboost_sequence_ctcf_dnase_rrbs_heldout_hek293t,xgboost,all,hek293t,"['hct116', 'hek293t', 'hela', 'hl60']",sequence_ctcf_dnase_rrbs,42,3,"[12253, 184]","[2163, 184]","[2333, 184]",-0.4734202024908922
all_xgboost_sequence_ctcf_dnase_rrbs_heldout_hela,xgboost,all,hela,"['hct116', 'hek293t', 'hela', 'hl60']",sequence_ctcf_dnase_rrbs,42,3,"[7350, 184]","[1298, 184]","[8101, 184]",0.1454558450419275
all_xgboost_sequence_ctcf_dnase_rrbs_heldout_hl60,xgboost,all,hl60,"['hct116', 'hek293t', 'hela', 'hl60']",sequence_ctcf_dnase_rrbs,42,3,"[12472, 184]","[2201, 184]","[2076, 184]",-0.0485381583061259
all_mlp_sequence_ctcf_dnase_rrbs_heldout_hct116,mlp,all,hct116,"['hct116', 'hek293t', 'hela', 'hl60']",sequence_ctcf_dnase_rrbs,42,3,"[10633, 184]","[1877, 184]","[4239, 184]",0.1101760549910315
all_mlp_sequence_ctcf_dnase_rrbs_heldout_hek293t,mlp,all,hek293t,"['hct116', 'hek293t', 'hela', 'hl60']",sequence_ctcf_dnase_rrbs,42,3,"[12253, 184]","[2163, 184]","[2333, 184]",-0.6367554567524474
all_mlp_sequence_ctcf_dnase_rrbs_heldout_hela,mlp,all,hela,"['hct116', 'hek293t', 'hela', 'hl60']",sequence_ctcf_dnase_rrbs,42,3,"[7350, 184]","[1298, 184]","[8101, 184]",0.0867900914803236
all_mlp_sequence_ctcf_dnase_rrbs_heldout_hl60,mlp,all,hl60,"['hct116', 'hek293t', 'hela', 'hl60']",sequence_ctcf_dnase_rrbs,42,3,"[12472, 184]","[2201, 184]","[2076, 184]",-0.3389834971936587
all_cnn_sequence_ctcf_dnase_rrbs_heldout_hct116_kernel_3,cnn(3|3),all,hct116,"['hct116', 'hek293t', 'hela', 'hl60']",sequence_ctcf_dnase_rrbs,42,3,"[10633, 23, 8]","[1877, 23, 8]","[4239, 23, 8]",0.1026139684320289
all_cnn_sequence_ctcf_dnase_rrbs_heldout_hek293t_kernel_3,cnn(3|3),all,hek293t,"['hct116', 'hek293t', 'hela', 'hl60']",sequence_ctcf_dnase_rrbs,42,3,"[12253, 23, 8]","[2163, 23, 8]","[2333, 23, 8]",-0.3034933140451687
all_cnn_sequence_ctcf_dnase_rrbs_heldout_hela_kernel_3,cnn(3|3),all,hela,"['hct116', 'hek293t', 'hela', 'hl60']",sequence_ctcf_dnase_rrbs,42,3,"[7350, 23, 8]","[1298, 23, 8]","[8101, 23, 8]",0.079967395686195
all_cnn_sequence_ctcf_dnase_rrbs_heldout_hl60_kernel_3,cnn(3|3),all,hl60,"['hct116', 'hek293t', 'hela', 'hl60']",sequence_ctcf_dnase_rrbs,42,3,"[12472, 23, 8]","[2201, 23, 8]","[2076, 23, 8]",-0.105587081131756
all_cnn_sequence_ctcf_dnase_rrbs_heldout_hct116_kernel_5,cnn(5|3),all,hct116,"['hct116', 'hek293t', 'hela', 'hl60']",sequence_ctcf_dnase_rrbs,42,5,"[10633, 23, 8]","[1877, 23, 8]","[4239, 23, 8]",0.153297963050371
all_cnn_sequence_ctcf_dnase_rrbs_heldout_hek293t_kernel_5,cnn(5|3),all,hek293t,"['hct116', 'hek293t', 'hela', 'hl60']",sequence_ctcf_dnase_rrbs,42,5,"[12253, 23, 8]","[2163, 23, 8]","[2333, 23, 8]",-0.5870700930927479
all_cnn_sequence_ctcf_dnase_rrbs_heldout_hela_kernel_5,cnn(5|3),all,hela,"['hct116', 'hek293t', 'hela', 'hl60']",sequence_ctcf_dnase_rrbs,42,5,"[7350, 23, 8]","[1298, 23, 8]","[8101, 23, 8]",0.1141120055423744
all_cnn_sequence_ctcf_dnase_rrbs_heldout_hl60_kernel_5,cnn(5|3),all,hl60,"['hct116', 'hek293t', 'hela', 'hl60']",sequence_ctcf_dnase_rrbs,42,5,"[12472, 23, 8]","[2201, 23, 8]","[2076, 23, 8]",0.0391645615475119
all_cnn_sequence_ctcf_dnase_rrbs_heldout_hct116_kernel_7,cnn(7|3),all,hct116,"['hct116', 'hek293t', 'hela', 'hl60']",sequence_ctcf_dnase_rrbs,42,7,"[10633, 23, 8]","[1877, 23, 8]","[4239, 23, 8]",0.1182803949860576
all_cnn_sequence_ctcf_dnase_rrbs_heldout_hek293t_kernel_7,cnn(7|3),all,hek293t,"['hct116', 'hek293t', 'hela', 'hl60']",sequence_ctcf_dnase_rrbs,42,7,"[12253, 23, 8]","[2163, 23, 8]","[2333, 23, 8]",-0.9207981006190632
all_cnn_sequence_ctcf_dnase_rrbs_heldout_hela_kernel_7,cnn(7|3),all,hela,"['hct116', 'hek293t', 'hela', 'hl60']",sequence_ctcf_dnase_rrbs,42,7,"[7350, 23, 8]","[1298, 23, 8]","[8101, 23, 8]",0.1592045078648344
all_cnn_sequence_ctcf_dnase_rrbs_heldout_hl60_kernel_7,cnn(7|3),all,hl60,"['hct116', 'hek293t', 'hela', 'hl60']",sequence_ctcf_dnase_rrbs,42,7,"[12472, 23, 8]","[2201, 23, 8]","[2076, 23, 8]",-0.2033337602280389
all_transformer_sequence_ctcf_dnase_rrbs_heldout_hct116,transformer,all,hct116,"['hct116', 'hek293t', 'hela', 'hl60']",sequence_ctcf_dnase_rrbs,42,3,"[10633, 23, 8]","[1877, 23, 8]","[4239, 23, 8]",0.1213571894269524
all_transformer_sequence_ctcf_dnase_rrbs_heldout_hek293t,transformer,all,hek293t,"['hct116', 'hek293t', 'hela', 'hl60']",sequence_ctcf_dnase_rrbs,42,3,"[12253, 23, 8]","[2163, 23, 8]","[2333, 23, 8]",-0.3824821851946411
all_transformer_sequence_ctcf_dnase_rrbs_heldout_hela,transformer,all,hela,"['hct116', 'hek293t', 'hela', 'hl60']",sequence_ctcf_dnase_rrbs,42,3,"[7350, 23, 8]","[1298, 23, 8]","[8101, 23, 8]",0.0834232575809578
all_transformer_sequence_ctcf_dnase_rrbs_heldout_hl60,transformer,all,hl60,"['hct116', 'hek293t', 'hela', 'hl60']",sequence_ctcf_dnase_rrbs,42,3,"[12472, 23, 8]","[2201, 23, 8]","[2076, 23, 8]",-0.2161552292247972
all_linear_sequence_ctcf_h3k4me3_rrbs_heldout_hct116,linear,all,hct116,"['hct116', 'hek293t', 'hela', 'hl60']",sequence_ctcf_h3k4me3_rrbs,42,3,"[10633, 184]","[1877, 184]","[4239, 184]",0.1116475286205782
all_linear_sequence_ctcf_h3k4me3_rrbs_heldout_hek293t,linear,all,hek293t,"['hct116', 'hek293t', 'hela', 'hl60']",sequence_ctcf_h3k4me3_rrbs,42,3,"[12253, 184]","[2163, 184]","[2333, 184]",-0.4460357112042721
all_linear_sequence_ctcf_h3k4me3_rrbs_heldout_hela,linear,all,hela,"['hct116', 'hek293t', 'hela', 'hl60']",sequence_ctcf_h3k4me3_rrbs,42,3,"[7350, 184]","[1298, 184]","[8101, 184]",0.0890898801602123
all_linear_sequence_ctcf_h3k4me3_rrbs_heldout_hl60,linear,all,hl60,"['hct116', 'hek293t', 'hela', 'hl60']",sequence_ctcf_h3k4me3_rrbs,42,3,"[12472, 184]","[2201, 184]","[2076, 184]",0.027154673459287
all_xgboost_sequence_ctcf_h3k4me3_rrbs_heldout_hct116,xgboost,all,hct116,"['hct116', 'hek293t', 'hela', 'hl60']",sequence_ctcf_h3k4me3_rrbs,42,3,"[10633, 184]","[1877, 184]","[4239, 184]",0.2429091923549878
all_xgboost_sequence_ctcf_h3k4me3_rrbs_heldout_hek293t,xgboost,all,hek293t,"['hct116', 'hek293t', 'hela', 'hl60']",sequence_ctcf_h3k4me3_rrbs,42,3,"[12253, 184]","[2163, 184]","[2333, 184]",-0.4846832098780052
all_xgboost_sequence_ctcf_h3k4me3_rrbs_heldout_hela,xgboost,all,hela,"['hct116', 'hek293t', 'hela', 'hl60']",sequence_ctcf_h3k4me3_rrbs,42,3,"[7350, 184]","[1298, 184]","[8101, 184]",0.1487485466798249
all_xgboost_sequence_ctcf_h3k4me3_rrbs_heldout_hl60,xgboost,all,hl60,"['hct116', 'hek293t', 'hela', 'hl60']",sequence_ctcf_h3k4me3_rrbs,42,3,"[12472, 184]","[2201, 184]","[2076, 184]",-0.0414715278848341
all_mlp_sequence_ctcf_h3k4me3_rrbs_heldout_hct116,mlp,all,hct116,"['hct116', 'hek293t', 'hela', 'hl60']",sequence_ctcf_h3k4me3_rrbs,42,3,"[10633, 184]","[1877, 184]","[4239, 184]",0.1192784164314157
all_mlp_sequence_ctcf_h3k4me3_rrbs_heldout_hek293t,mlp,all,hek293t,"['hct116', 'hek293t', 'hela', 'hl60']",sequence_ctcf_h3k4me3_rrbs,42,3,"[12253, 184]","[2163, 184]","[2333, 184]",-0.9003146484597204
all_mlp_sequence_ctcf_h3k4me3_rrbs_heldout_hela,mlp,all,hela,"['hct116', 'hek293t', 'hela', 'hl60']",sequence_ctcf_h3k4me3_rrbs,42,3,"[7350, 184]","[1298, 184]","[8101, 184]",0.1012704852300119
all_mlp_sequence_ctcf_h3k4me3_rrbs_heldout_hl60,mlp,all,hl60,"['hct116', 'hek293t', 'hela', 'hl60']",sequence_ctcf_h3k4me3_rrbs,42,3,"[12472, 184]","[2201, 184]","[2076, 184]",-0.4302972703998058
all_cnn_sequence_ctcf_h3k4me3_rrbs_heldout_hct116_kernel_3,cnn(3|3),all,hct116,"['hct116', 'hek293t', 'hela', 'hl60']",sequence_ctcf_h3k4me3_rrbs,42,3,"[10633, 23, 8]","[1877, 23, 8]","[4239, 23, 8]",0.1010080986091719
all_cnn_sequence_ctcf_h3k4me3_rrbs_heldout_hek293t_kernel_3,cnn(3|3),all,hek293t,"['hct116', 'hek293t', 'hela', 'hl60']",sequence_ctcf_h3k4me3_rrbs,42,3,"[12253, 23, 8]","[2163, 23, 8]","[2333, 23, 8]",-0.3012918709466377
all_cnn_sequence_ctcf_h3k4me3_rrbs_heldout_hela_kernel_3,cnn(3|3),all,hela,"['hct116', 'hek293t', 'hela', 'hl60']",sequence_ctcf_h3k4me3_rrbs,42,3,"[7350, 23, 8]","[1298, 23, 8]","[8101, 23, 8]",0.0746756288871346
all_cnn_sequence_ctcf_h3k4me3_rrbs_heldout_hl60_kernel_3,cnn(3|3),all,hl60,"['hct116', 'hek293t', 'hela', 'hl60']",sequence_ctcf_h3k4me3_rrbs,42,3,"[12472, 23, 8]","[2201, 23, 8]","[2076, 23, 8]",-0.0493868130279417
all_cnn_sequence_ctcf_h3k4me3_rrbs_heldout_hct116_kernel_5,cnn(5|3),all,hct116,"['hct116', 'hek293t', 'hela', 'hl60']",sequence_ctcf_h3k4me3_rrbs,42,5,"[10633, 23, 8]","[1877, 23, 8]","[4239, 23, 8]",0.1681858344082992
all_cnn_sequence_ctcf_h3k4me3_rrbs_heldout_hek293t_kernel_5,cnn(5|3),all,hek293t,"['hct116', 'hek293t', 'hela', 'hl60']",sequence_ctcf_h3k4me3_rrbs,42,5,"[12253, 23, 8]","[2163, 23, 8]","[2333, 23, 8]",-0.6669807598230573
all_cnn_sequence_ctcf_h3k4me3_rrbs_heldout_hela_kernel_5,cnn(5|3),all,hela,"['hct116', 'hek293t', 'hela', 'hl60']",sequence_ctcf_h3k4me3_rrbs,42,5,"[7350, 23, 8]","[1298, 23, 8]","[8101, 23, 8]",0.1162412879447959
all_cnn_sequence_ctcf_h3k4me3_rrbs_heldout_hl60_kernel_5,cnn(5|3),all,hl60,"['hct116', 'hek293t', 'hela', 'hl60']",sequence_ctcf_h3k4me3_rrbs,42,5,"[12472, 23, 8]","[2201, 23, 8]","[2076, 23, 8]",-0.3886201242171077
all_cnn_sequence_ctcf_h3k4me3_rrbs_heldout_hct116_kernel_7,cnn(7|3),all,hct116,"['hct116', 'hek293t', 'hela', 'hl60']",sequence_ctcf_h3k4me3_rrbs,42,7,"[10633, 23, 8]","[1877, 23, 8]","[4239, 23, 8]",0.16628858367567
all_cnn_sequence_ctcf_h3k4me3_rrbs_heldout_hek293t_kernel_7,cnn(7|3),all,hek293t,"['hct116', 'hek293t', 'hela', 'hl60']",sequence_ctcf_h3k4me3_rrbs,42,7,"[12253, 23, 8]","[2163, 23, 8]","[2333, 23, 8]",-0.6729785388176495
all_cnn_sequence_ctcf_h3k4me3_rrbs_heldout_hela_kernel_7,cnn(7|3),all,hela,"['hct116', 'hek293t', 'hela', 'hl60']",sequence_ctcf_h3k4me3_rrbs,42,7,"[7350, 23, 8]","[1298, 23, 8]","[8101, 23, 8]",0.13712488579397
all_cnn_sequence_ctcf_h3k4me3_rrbs_heldout_hl60_kernel_7,cnn(7|3),all,hl60,"['hct116', 'hek293t', 'hela', 'hl60']",sequence_ctcf_h3k4me3_rrbs,42,7,"[12472, 23, 8]","[2201, 23, 8]","[2076, 23, 8]",-0.3871356526799945
all_transformer_sequence_ctcf_h3k4me3_rrbs_heldout_hct116,transformer,all,hct116,"['hct116', 'hek293t', 'hela', 'hl60']",sequence_ctcf_h3k4me3_rrbs,42,3,"[10633, 23, 8]","[1877, 23, 8]","[4239, 23, 8]",0.1284148774330027
all_transformer_sequence_ctcf_h3k4me3_rrbs_heldout_hek293t,transformer,all,hek293t,"['hct116', 'hek293t', 'hela', 'hl60']",sequence_ctcf_h3k4me3_rrbs,42,3,"[12253, 23, 8]","[2163, 23, 8]","[2333, 23, 8]",-0.3812208942354735
all_transformer_sequence_ctcf_h3k4me3_rrbs_heldout_hela,transformer,all,hela,"['hct116', 'hek293t', 'hela', 'hl60']",sequence_ctcf_h3k4me3_rrbs,42,3,"[7350, 23, 8]","[1298, 23, 8]","[8101, 23, 8]",0.0936057472068878
all_transformer_sequence_ctcf_h3k4me3_rrbs_heldout_hl60,transformer,all,hl60,"['hct116', 'hek293t', 'hela', 'hl60']",sequence_ctcf_h3k4me3_rrbs,42,3,"[12472, 23, 8]","[2201, 23, 8]","[2076, 23, 8]",-0.0475530631108249
all_linear_sequence_dnase_h3k4me3_rrbs_heldout_hct116,linear,all,hct116,"['hct116', 'hek293t', 'hela', 'hl60']",sequence_dnase_h3k4me3_rrbs,42,3,"[10633, 184]","[1877, 184]","[4239, 184]",-3.195029040775266e+19
all_linear_sequence_dnase_h3k4me3_rrbs_heldout_hek293t,linear,all,hek293t,"['hct116', 'hek293t', 'hela', 'hl60']",sequence_dnase_h3k4me3_rrbs,42,3,"[12253, 184]","[2163, 184]","[2333, 184]",-0.4589177067307901
all_linear_sequence_dnase_h3k4me3_rrbs_heldout_hela,linear,all,hela,"['hct116', 'hek293t', 'hela', 'hl60']",sequence_dnase_h3k4me3_rrbs,42,3,"[7350, 184]","[1298, 184]","[8101, 184]",0.0873763010496538
all_linear_sequence_dnase_h3k4me3_rrbs_heldout_hl60,linear,all,hl60,"['hct116', 'hek293t', 'hela', 'hl60']",sequence_dnase_h3k4me3_rrbs,42,3,"[12472, 184]","[2201, 184]","[2076, 184]",0.016799256047399
all_xgboost_sequence_dnase_h3k4me3_rrbs_heldout_hct116,xgboost,all,hct116,"['hct116', 'hek293t', 'hela', 'hl60']",sequence_dnase_h3k4me3_rrbs,42,3,"[10633, 184]","[1877, 184]","[4239, 184]",0.2416527205917276
all_xgboost_sequence_dnase_h3k4me3_rrbs_heldout_hek293t,xgboost,all,hek293t,"['hct116', 'hek293t', 'hela', 'hl60']",sequence_dnase_h3k4me3_rrbs,42,3,"[12253, 184]","[2163, 184]","[2333, 184]",-0.5062085839873032
all_xgboost_sequence_dnase_h3k4me3_rrbs_heldout_hela,xgboost,all,hela,"['hct116', 'hek293t', 'hela', 'hl60']",sequence_dnase_h3k4me3_rrbs,42,3,"[7350, 184]","[1298, 184]","[8101, 184]",0.1503969178135646
all_xgboost_sequence_dnase_h3k4me3_rrbs_heldout_hl60,xgboost,all,hl60,"['hct116', 'hek293t', 'hela', 'hl60']",sequence_dnase_h3k4me3_rrbs,42,3,"[12472, 184]","[2201, 184]","[2076, 184]",-0.0616898797887974
all_mlp_sequence_dnase_h3k4me3_rrbs_heldout_hct116,mlp,all,hct116,"['hct116', 'hek293t', 'hela', 'hl60']",sequence_dnase_h3k4me3_rrbs,42,3,"[10633, 184]","[1877, 184]","[4239, 184]",0.1184851390120529
all_mlp_sequence_dnase_h3k4me3_rrbs_heldout_hek293t,mlp,all,hek293t,"['hct116', 'hek293t', 'hela', 'hl60']",sequence_dnase_h3k4me3_rrbs,42,3,"[12253, 184]","[2163, 184]","[2333, 184]",-0.5934964666029563
all_mlp_sequence_dnase_h3k4me3_rrbs_heldout_hela,mlp,all,hela,"['hct116', 'hek293t', 'hela', 'hl60']",sequence_dnase_h3k4me3_rrbs,42,3,"[7350, 184]","[1298, 184]","[8101, 184]",0.1002233046612662
all_mlp_sequence_dnase_h3k4me3_rrbs_heldout_hl60,mlp,all,hl60,"['hct116', 'hek293t', 'hela', 'hl60']",sequence_dnase_h3k4me3_rrbs,42,3,"[12472, 184]","[2201, 184]","[2076, 184]",-0.4092413429999253
all_cnn_sequence_dnase_h3k4me3_rrbs_heldout_hct116_kernel_3,cnn(3|3),all,hct116,"['hct116', 'hek293t', 'hela', 'hl60']",sequence_dnase_h3k4me3_rrbs,42,3,"[10633, 23, 8]","[1877, 23, 8]","[4239, 23, 8]",0.0947743039987059
all_cnn_sequence_dnase_h3k4me3_rrbs_heldout_hek293t_kernel_3,cnn(3|3),all,hek293t,"['hct116', 'hek293t', 'hela', 'hl60']",sequence_dnase_h3k4me3_rrbs,42,3,"[12253, 23, 8]","[2163, 23, 8]","[2333, 23, 8]",-0.2893436322294989
all_cnn_sequence_dnase_h3k4me3_rrbs_heldout_hela_kernel_3,cnn(3|3),all,hela,"['hct116', 'hek293t', 'hela', 'hl60']",sequence_dnase_h3k4me3_rrbs,42,3,"[7350, 23, 8]","[1298, 23, 8]","[8101, 23, 8]",0.0737411155951165
all_cnn_sequence_dnase_h3k4me3_rrbs_heldout_hl60_kernel_3,cnn(3|3),all,hl60,"['hct116', 'hek293t', 'hela', 'hl60']",sequence_dnase_h3k4me3_rrbs,42,3,"[12472, 23, 8]","[2201, 23, 8]","[2076, 23, 8]",-0.0788306671332292
all_cnn_sequence_dnase_h3k4me3_rrbs_heldout_hct116_kernel_5,cnn(5|3),all,hct116,"['hct116', 'hek293t', 'hela', 'hl60']",sequence_dnase_h3k4me3_rrbs,42,5,"[10633, 23, 8]","[1877, 23, 8]","[4239, 23, 8]",0.1896762672899086
all_cnn_sequence_dnase_h3k4me3_rrbs_heldout_hek293t_kernel_5,cnn(5|3),all,hek293t,"['hct116', 'hek293t', 'hela', 'hl60']",sequence_dnase_h3k4me3_rrbs,42,5,"[12253, 23, 8]","[2163, 23, 8]","[2333, 23, 8]",-0.678239616355983
all_cnn_sequence_dnase_h3k4me3_rrbs_heldout_hela_kernel_5,cnn(5|3),all,hela,"['hct116', 'hek293t', 'hela', 'hl60']",sequence_dnase_h3k4me3_rrbs,42,5,"[7350, 23, 8]","[1298, 23, 8]","[8101, 23, 8]",0.1111086425892569
all_cnn_sequence_dnase_h3k4me3_rrbs_heldout_hl60_kernel_5,cnn(5|3),all,hl60,"['hct116', 'hek293t', 'hela', 'hl60']",sequence_dnase_h3k4me3_rrbs,42,5,"[12472, 23, 8]","[2201, 23, 8]","[2076, 23, 8]",-0.1891612386494454
all_cnn_sequence_dnase_h3k4me3_rrbs_heldout_hct116_kernel_7,cnn(7|3),all,hct116,"['hct116', 'hek293t', 'hela', 'hl60']",sequence_dnase_h3k4me3_rrbs,42,7,"[10633, 23, 8]","[1877, 23, 8]","[4239, 23, 8]",0.1582148458530929
all_cnn_sequence_dnase_h3k4me3_rrbs_heldout_hek293t_kernel_7,cnn(7|3),all,hek293t,"['hct116', 'hek293t', 'hela', 'hl60']",sequence_dnase_h3k4me3_rrbs,42,7,"[12253, 23, 8]","[2163, 23, 8]","[2333, 23, 8]",-0.798169344788306
all_cnn_sequence_dnase_h3k4me3_rrbs_heldout_hela_kernel_7,cnn(7|3),all,hela,"['hct116', 'hek293t', 'hela', 'hl60']",sequence_dnase_h3k4me3_rrbs,42,7,"[7350, 23, 8]","[1298, 23, 8]","[8101, 23, 8]",0.1329441422270896
all_cnn_sequence_dnase_h3k4me3_rrbs_heldout_hl60_kernel_7,cnn(7|3),all,hl60,"['hct116', 'hek293t', 'hela', 'hl60']",sequence_dnase_h3k4me3_rrbs,42,7,"[12472, 23, 8]","[2201, 23, 8]","[2076, 23, 8]",-0.2487065201334004
all_transformer_sequence_dnase_h3k4me3_rrbs_heldout_hct116,transformer,all,hct116,"['hct116', 'hek293t', 'hela', 'hl60']",sequence_dnase_h3k4me3_rrbs,42,3,"[10633, 23, 8]","[1877, 23, 8]","[4239, 23, 8]",0.1530988214990803
all_transformer_sequence_dnase_h3k4me3_rrbs_heldout_hek293t,transformer,all,hek293t,"['hct116', 'hek293t', 'hela', 'hl60']",sequence_dnase_h3k4me3_rrbs,42,3,"[12253, 23, 8]","[2163, 23, 8]","[2333, 23, 8]",-0.4769729374382239
all_transformer_sequence_dnase_h3k4me3_rrbs_heldout_hela,transformer,all,hela,"['hct116', 'hek293t', 'hela', 'hl60']",sequence_dnase_h3k4me3_rrbs,42,3,"[7350, 23, 8]","[1298, 23, 8]","[8101, 23, 8]",0.0812826166178163
all_transformer_sequence_dnase_h3k4me3_rrbs_heldout_hl60,transformer,all,hl60,"['hct116', 'hek293t', 'hela', 'hl60']",sequence_dnase_h3k4me3_rrbs,42,3,"[12472, 23, 8]","[2201, 23, 8]","[2076, 23, 8]",-0.1046661495582066
all_linear_all_heldout_hct116,linear,all,hct116,"['hct116', 'hek293t', 'hela', 'hl60']",all,42,3,"[10633, 184]","[1877, 184]","[4239, 184]",-6.163101814048961e+19
all_linear_all_heldout_hek293t,linear,all,hek293t,"['hct116', 'hek293t', 'hela', 'hl60']",all,42,3,"[12253, 184]","[2163, 184]","[2333, 184]",-0.4451489713624095
all_linear_all_heldout_hela,linear,all,hela,"['hct116', 'hek293t', 'hela', 'hl60']",all,42,3,"[7350, 184]","[1298, 184]","[8101, 184]",0.0886582397230241
all_linear_all_heldout_hl60,linear,all,hl60,"['hct116', 'hek293t', 'hela', 'hl60']",all,42,3,"[12472, 184]","[2201, 184]","[2076, 184]",0.0251937669375954
all_xgboost_all_heldout_hct116,xgboost,all,hct116,"['hct116', 'hek293t', 'hela', 'hl60']",all,42,3,"[10633, 184]","[1877, 184]","[4239, 184]",0.2106474410230504
all_xgboost_all_heldout_hek293t,xgboost,all,hek293t,"['hct116', 'hek293t', 'hela', 'hl60']",all,42,3,"[12253, 184]","[2163, 184]","[2333, 184]",-0.4850183987419005
all_xgboost_all_heldout_hela,xgboost,all,hela,"['hct116', 'hek293t', 'hela', 'hl60']",all,42,3,"[7350, 184]","[1298, 184]","[8101, 184]",0.174745132826634
all_xgboost_all_heldout_hl60,xgboost,all,hl60,"['hct116', 'hek293t', 'hela', 'hl60']",all,42,3,"[12472, 184]","[2201, 184]","[2076, 184]",-0.0437832990937618
all_mlp_all_heldout_hct116,mlp,all,hct116,"['hct116', 'hek293t', 'hela', 'hl60']",all,42,3,"[10633, 184]","[1877, 184]","[4239, 184]",0.0970881642763652
all_mlp_all_heldout_hek293t,mlp,all,hek293t,"['hct116', 'hek293t', 'hela', 'hl60']",all,42,3,"[12253, 184]","[2163, 184]","[2333, 184]",-0.4862229127759461
all_mlp_all_heldout_hela,mlp,all,hela,"['hct116', 'hek293t', 'hela', 'hl60']",all,42,3,"[7350, 184]","[1298, 184]","[8101, 184]",0.0887139808130209
all_mlp_all_heldout_hl60,mlp,all,hl60,"['hct116', 'hek293t', 'hela', 'hl60']",all,42,3,"[12472, 184]","[2201, 184]","[2076, 184]",-0.2957628674018047
all_cnn_all_heldout_hct116_kernel_3,cnn(3|3),all,hct116,"['hct116', 'hek293t', 'hela', 'hl60']",all,42,3,"[10633, 23, 8]","[1877, 23, 8]","[4239, 23, 8]",0.0979645306420368
all_cnn_all_heldout_hek293t_kernel_3,cnn(3|3),all,hek293t,"['hct116', 'hek293t', 'hela', 'hl60']",all,42,3,"[12253, 23, 8]","[2163, 23, 8]","[2333, 23, 8]",-0.2570807549055636
all_cnn_all_heldout_hela_kernel_3,cnn(3|3),all,hela,"['hct116', 'hek293t', 'hela', 'hl60']",all,42,3,"[7350, 23, 8]","[1298, 23, 8]","[8101, 23, 8]",0.0641423285475949
all_cnn_all_heldout_hl60_kernel_3,cnn(3|3),all,hl60,"['hct116', 'hek293t', 'hela', 'hl60']",all,42,3,"[12472, 23, 8]","[2201, 23, 8]","[2076, 23, 8]",-0.0587235701120951
all_cnn_all_heldout_hct116_kernel_5,cnn(5|3),all,hct116,"['hct116', 'hek293t', 'hela', 'hl60']",all,42,5,"[10633, 23, 8]","[1877, 23, 8]","[4239, 23, 8]",0.1521560993269388
all_cnn_all_heldout_hek293t_kernel_5,cnn(5|3),all,hek293t,"['hct116', 'hek293t', 'hela', 'hl60']",all,42,5,"[12253, 23, 8]","[2163, 23, 8]","[2333, 23, 8]",-0.7088490549898085
all_cnn_all_heldout_hela_kernel_5,cnn(5|3),all,hela,"['hct116', 'hek293t', 'hela', 'hl60']",all,42,5,"[7350, 23, 8]","[1298, 23, 8]","[8101, 23, 8]",0.0923620853975529
all_cnn_all_heldout_hl60_kernel_5,cnn(5|3),all,hl60,"['hct116', 'hek293t', 'hela', 'hl60']",all,42,5,"[12472, 23, 8]","[2201, 23, 8]","[2076, 23, 8]",-0.1756957642737777
all_cnn_all_heldout_hct116_kernel_7,cnn(7|3),all,hct116,"['hct116', 'hek293t', 'hela', 'hl60']",all,42,7,"[10633, 23, 8]","[1877, 23, 8]","[4239, 23, 8]",0.1497551375406163
all_cnn_all_heldout_hek293t_kernel_7,cnn(7|3),all,hek293t,"['hct116', 'hek293t', 'hela', 'hl60']",all,42,7,"[12253, 23, 8]","[2163, 23, 8]","[2333, 23, 8]",-1.032987667107986
all_cnn_all_heldout_hela_kernel_7,cnn(7|3),all,hela,"['hct116', 'hek293t', 'hela', 'hl60']",all,42,7,"[7350, 23, 8]","[1298, 23, 8]","[8101, 23, 8]",0.0944529702827223
all_cnn_all_heldout_hl60_kernel_7,cnn(7|3),all,hl60,"['hct116', 'hek293t', 'hela', 'hl60']",all,42,7,"[12472, 23, 8]","[2201, 23, 8]","[2076, 23, 8]",-0.5271269126777272
all_transformer_all_heldout_hct116,transformer,all,hct116,"['hct116', 'hek293t', 'hela', 'hl60']",all,42,3,"[10633, 23, 8]","[1877, 23, 8]","[4239, 23, 8]",0.1119025871494874
all_transformer_all_heldout_hek293t,transformer,all,hek293t,"['hct116', 'hek293t', 'hela', 'hl60']",all,42,3,"[12253, 23, 8]","[2163, 23, 8]","[2333, 23, 8]",-0.490882119657682
all_transformer_all_heldout_hela,transformer,all,hela,"['hct116', 'hek293t', 'hela', 'hl60']",all,42,3,"[7350, 23, 8]","[1298, 23, 8]","[8101, 23, 8]",0.0916767103034282
all_transformer_all_heldout_hl60,transformer,all,hl60,"['hct116', 'hek293t', 'hela', 'hl60']",all,42,3,"[12472, 23, 8]","[2201, 23, 8]","[2076, 23, 8]",-0.0312033951254497
mixed_linear_sequence_seed_42,linear,mixed,none,,sequence,42,3,"[11724, 184]","[2512, 184]","[2513, 184]",0.0715310233528593
mixed_linear_sequence_seed_44,linear,mixed,none,,sequence,44,3,"[11724, 184]","[2512, 184]","[2513, 184]",0.0705942377410666
mixed_linear_sequence_seed_43,linear,mixed,none,,sequence,43,3,"[11724, 184]","[2512, 184]","[2513, 184]",0.0985765262784542
mixed_linear_sequence_seed_45,linear,mixed,none,,sequence,45,3,"[11724, 184]","[2512, 184]","[2513, 184]",0.0871092159028495
mixed_xgboost_sequence_seed_44,xgboost,mixed,none,,sequence,44,3,"[11724, 184]","[2512, 184]","[2513, 184]",0.156307460468341
mixed_xgboost_sequence_seed_42,xgboost,mixed,none,,sequence,42,3,"[11724, 184]","[2512, 184]","[2513, 184]",0.1569671981484024
mixed_xgboost_sequence_seed_43,xgboost,mixed,none,,sequence,43,3,"[11724, 184]","[2512, 184]","[2513, 184]",0.1738848132473114
mixed_xgboost_sequence_seed_45,xgboost,mixed,none,,sequence,45,3,"[11724, 184]","[2512, 184]","[2513, 184]",0.186655708183667
mixed_mlp_sequence_seed_42,mlp,mixed,none,,sequence,42,3,"[11724, 184]","[2512, 184]","[2513, 184]",0.1319257918520499
mixed_mlp_sequence_seed_45,mlp,mixed,none,,sequence,45,3,"[11724, 184]","[2512, 184]","[2513, 184]",0.1559489942223646
mixed_mlp_sequence_seed_44,mlp,mixed,none,,sequence,44,3,"[11724, 184]","[2512, 184]","[2513, 184]",0.118037677998645
mixed_mlp_sequence_seed_43,mlp,mixed,none,,sequence,43,3,"[11724, 184]","[2512, 184]","[2513, 184]",0.1620417099377769
mixed_cnn_sequence_seed_43_kernel_3,cnn(3|3),mixed,none,,sequence,43,3,"[11724, 23, 8]","[2512, 23, 8]","[2513, 23, 8]",0.064513694387324
mixed_cnn_sequence_seed_44_kernel_3,cnn(3|3),mixed,none,,sequence,44,3,"[11724, 23, 8]","[2512, 23, 8]","[2513, 23, 8]",0.0522313777706728
mixed_cnn_sequence_seed_42_kernel_3,cnn(3|3),mixed,none,,sequence,42,3,"[11724, 23, 8]","[2512, 23, 8]","[2513, 23, 8]",0.0506840992155903
mixed_cnn_sequence_seed_45_kernel_3,cnn(3|3),mixed,none,,sequence,45,3,"[11724, 23, 8]","[2512, 23, 8]","[2513, 23, 8]",0.0666494015681096
mixed_cnn_sequence_seed_43_kernel_5,cnn(5|3),mixed,none,,sequence,43,5,"[11724, 23, 8]","[2512, 23, 8]","[2513, 23, 8]",0.1336346536238002
mixed_cnn_sequence_seed_45_kernel_5,cnn(5|3),mixed,none,,sequence,45,5,"[11724, 23, 8]","[2512, 23, 8]","[2513, 23, 8]",0.1443967418295784
mixed_cnn_sequence_seed_44_kernel_5,cnn(5|3),mixed,none,,sequence,44,5,"[11724, 23, 8]","[2512, 23, 8]","[2513, 23, 8]",0.1169084261459614
mixed_cnn_sequence_seed_42_kernel_5,cnn(5|3),mixed,none,,sequence,42,5,"[11724, 23, 8]","[2512, 23, 8]","[2513, 23, 8]",0.1464562478780033
mixed_cnn_sequence_seed_42_kernel_7,cnn(7|3),mixed,none,,sequence,42,7,"[11724, 23, 8]","[2512, 23, 8]","[2513, 23, 8]",0.1481758398862219
mixed_cnn_sequence_seed_45_kernel_7,cnn(7|3),mixed,none,,sequence,45,7,"[11724, 23, 8]","[2512, 23, 8]","[2513, 23, 8]",0.1517709056477238
mixed_cnn_sequence_seed_43_kernel_7,cnn(7|3),mixed,none,,sequence,43,7,"[11724, 23, 8]","[2512, 23, 8]","[2513, 23, 8]",0.1402717275708154
mixed_cnn_sequence_seed_44_kernel_7,cnn(7|3),mixed,none,,sequence,44,7,"[11724, 23, 8]","[2512, 23, 8]","[2513, 23, 8]",0.1299395301053061
mixed_transformer_sequence_seed_42,transformer,mixed,none,,sequence,42,3,"[11724, 23, 8]","[2512, 23, 8]","[2513, 23, 8]",0.1149486714913703
mixed_transformer_sequence_seed_43,transformer,mixed,none,,sequence,43,3,"[11724, 23, 8]","[2512, 23, 8]","[2513, 23, 8]",0.1341684335577102
mixed_transformer_sequence_seed_44,transformer,mixed,none,,sequence,44,3,"[11724, 23, 8]","[2512, 23, 8]","[2513, 23, 8]",0.1080854406822583
mixed_transformer_sequence_seed_45,transformer,mixed,none,,sequence,45,3,"[11724, 23, 8]","[2512, 23, 8]","[2513, 23, 8]",0.1142582390421181
mixed_linear_sequence_ctcf_seed_44,linear,mixed,none,,sequence_ctcf,44,3,"[11724, 184]","[2512, 184]","[2513, 184]",0.0688954984582981
mixed_linear_sequence_ctcf_seed_43,linear,mixed,none,,sequence_ctcf,43,3,"[11724, 184]","[2512, 184]","[2513, 184]",0.0947785919216609
mixed_linear_sequence_ctcf_seed_42,linear,mixed,none,,sequence_ctcf,42,3,"[11724, 184]","[2512, 184]","[2513, 184]",0.071151869328964
mixed_linear_sequence_ctcf_seed_45,linear,mixed,none,,sequence_ctcf,45,3,"[11724, 184]","[2512, 184]","[2513, 184]",0.0867799716362613
mixed_xgboost_sequence_ctcf_seed_44,xgboost,mixed,none,,sequence_ctcf,44,3,"[11724, 184]","[2512, 184]","[2513, 184]",0.1573843886182923
mixed_xgboost_sequence_ctcf_seed_43,xgboost,mixed,none,,sequence_ctcf,43,3,"[11724, 184]","[2512, 184]","[2513, 184]",0.1681496986891026
mixed_xgboost_sequence_ctcf_seed_42,xgboost,mixed,none,,sequence_ctcf,42,3,"[11724, 184]","[2512, 184]","[2513, 184]",0.1584391503274385
mixed_xgboost_sequence_ctcf_seed_45,xgboost,mixed,none,,sequence_ctcf,45,3,"[11724, 184]","[2512, 184]","[2513, 184]",0.1869419056749537
mixed_mlp_sequence_ctcf_seed_44,mlp,mixed,none,,sequence_ctcf,44,3,"[11724, 184]","[2512, 184]","[2513, 184]",0.0914652476263515
mixed_mlp_sequence_ctcf_seed_45,mlp,mixed,none,,sequence_ctcf,45,3,"[11724, 184]","[2512, 184]","[2513, 184]",0.1161533399188812
mixed_mlp_sequence_ctcf_seed_43,mlp,mixed,none,,sequence_ctcf,43,3,"[11724, 184]","[2512, 184]","[2513, 184]",0.1283674804478092
mixed_mlp_sequence_ctcf_seed_42,mlp,mixed,none,,sequence_ctcf,42,3,"[11724, 184]","[2512, 184]","[2513, 184]",0.0890370344167602
mixed_cnn_sequence_ctcf_seed_42_kernel_3,cnn(3|3),mixed,none,,sequence_ctcf,42,3,"[11724, 23, 8]","[2512, 23, 8]","[2513, 23, 8]",0.0574978049759017
mixed_cnn_sequence_ctcf_seed_43_kernel_3,cnn(3|3),mixed,none,,sequence_ctcf,43,3,"[11724, 23, 8]","[2512, 23, 8]","[2513, 23, 8]",0.0647090642741845
mixed_cnn_sequence_ctcf_seed_44_kernel_3,cnn(3|3),mixed,none,,sequence_ctcf,44,3,"[11724, 23, 8]","[2512, 23, 8]","[2513, 23, 8]",0.0483441299540735
mixed_cnn_sequence_ctcf_seed_45_kernel_3,cnn(3|3),mixed,none,,sequence_ctcf,45,3,"[11724, 23, 8]","[2512, 23, 8]","[2513, 23, 8]",0.0729168699852893
mixed_cnn_sequence_ctcf_seed_43_kernel_5,cnn(5|3),mixed,none,,sequence_ctcf,43,5,"[11724, 23, 8]","[2512, 23, 8]","[2513, 23, 8]",0.1346322720266557
mixed_cnn_sequence_ctcf_seed_44_kernel_5,cnn(5|3),mixed,none,,sequence_ctcf,44,5,"[11724, 23, 8]","[2512, 23, 8]","[2513, 23, 8]",0.1264477330800004
mixed_cnn_sequence_ctcf_seed_42_kernel_5,cnn(5|3),mixed,none,,sequence_ctcf,42,5,"[11724, 23, 8]","[2512, 23, 8]","[2513, 23, 8]",0.1405720520634285
mixed_cnn_sequence_ctcf_seed_45_kernel_5,cnn(5|3),mixed,none,,sequence_ctcf,45,5,"[11724, 23, 8]","[2512, 23, 8]","[2513, 23, 8]",0.138201156413886
mixed_cnn_sequence_ctcf_seed_44_kernel_7,cnn(7|3),mixed,none,,sequence_ctcf,44,7,"[11724, 23, 8]","[2512, 23, 8]","[2513, 23, 8]",0.1254741068233101
mixed_cnn_sequence_ctcf_seed_45_kernel_7,cnn(7|3),mixed,none,,sequence_ctcf,45,7,"[11724, 23, 8]","[2512, 23, 8]","[2513, 23, 8]",0.1360929045704201
mixed_cnn_sequence_ctcf_seed_43_kernel_7,cnn(7|3),mixed,none,,sequence_ctcf,43,7,"[11724, 23, 8]","[2512, 23, 8]","[2513, 23, 8]",0.1281797211854211
mixed_cnn_sequence_ctcf_seed_42_kernel_7,cnn(7|3),mixed,none,,sequence_ctcf,42,7,"[11724, 23, 8]","[2512, 23, 8]","[2513, 23, 8]",0.1444489695193094
mixed_transformer_sequence_ctcf_seed_42,transformer,mixed,none,,sequence_ctcf,42,3,"[11724, 23, 8]","[2512, 23, 8]","[2513, 23, 8]",0.0977418417140949
mixed_transformer_sequence_ctcf_seed_45,transformer,mixed,none,,sequence_ctcf,45,3,"[11724, 23, 8]","[2512, 23, 8]","[2513, 23, 8]",0.143549348306989
mixed_transformer_sequence_ctcf_seed_44,transformer,mixed,none,,sequence_ctcf,44,3,"[11724, 23, 8]","[2512, 23, 8]","[2513, 23, 8]",0.1034412405767281
mixed_transformer_sequence_ctcf_seed_43,transformer,mixed,none,,sequence_ctcf,43,3,"[11724, 23, 8]","[2512, 23, 8]","[2513, 23, 8]",0.1119747351686674
mixed_linear_sequence_dnase_seed_43,linear,mixed,none,,sequence_dnase,43,3,"[11724, 184]","[2512, 184]","[2513, 184]",0.0966369183641772
mixed_linear_sequence_dnase_seed_42,linear,mixed,none,,sequence_dnase,42,3,"[11724, 184]","[2512, 184]","[2513, 184]",-1.7056297265550257e+18
mixed_linear_sequence_dnase_seed_45,linear,mixed,none,,sequence_dnase,45,3,"[11724, 184]","[2512, 184]","[2513, 184]",0.0830788057765073
mixed_linear_sequence_dnase_seed_44,linear,mixed,none,,sequence_dnase,44,3,"[11724, 184]","[2512, 184]","[2513, 184]",-4.710413874944584e+18
mixed_xgboost_sequence_dnase_seed_45,xgboost,mixed,none,,sequence_dnase,45,3,"[11724, 184]","[2512, 184]","[2513, 184]",0.1846431604050309
mixed_xgboost_sequence_dnase_seed_42,xgboost,mixed,none,,sequence_dnase,42,3,"[11724, 184]","[2512, 184]","[2513, 184]",0.1538205478087098
mixed_xgboost_sequence_dnase_seed_44,xgboost,mixed,none,,sequence_dnase,44,3,"[11724, 184]","[2512, 184]","[2513, 184]",0.1552821659337633
mixed_xgboost_sequence_dnase_seed_43,xgboost,mixed,none,,sequence_dnase,43,3,"[11724, 184]","[2512, 184]","[2513, 184]",0.1711546712872526
mixed_mlp_sequence_dnase_seed_45,mlp,mixed,none,,sequence_dnase,45,3,"[11724, 184]","[2512, 184]","[2513, 184]",0.1186502964265835
mixed_mlp_sequence_dnase_seed_42,mlp,mixed,none,,sequence_dnase,42,3,"[11724, 184]","[2512, 184]","[2513, 184]",0.0999909066803859
mixed_mlp_sequence_dnase_seed_43,mlp,mixed,none,,sequence_dnase,43,3,"[11724, 184]","[2512, 184]","[2513, 184]",0.1216908990807731
mixed_mlp_sequence_dnase_seed_44,mlp,mixed,none,,sequence_dnase,44,3,"[11724, 184]","[2512, 184]","[2513, 184]",0.1031168247505266
mixed_cnn_sequence_dnase_seed_43_kernel_3,cnn(3|3),mixed,none,,sequence_dnase,43,3,"[11724, 23, 8]","[2512, 23, 8]","[2513, 23, 8]",0.0638679509387771
mixed_cnn_sequence_dnase_seed_44_kernel_3,cnn(3|3),mixed,none,,sequence_dnase,44,3,"[11724, 23, 8]","[2512, 23, 8]","[2513, 23, 8]",0.0334164014401862
mixed_cnn_sequence_dnase_seed_42_kernel_3,cnn(3|3),mixed,none,,sequence_dnase,42,3,"[11724, 23, 8]","[2512, 23, 8]","[2513, 23, 8]",0.0632912064941555
mixed_cnn_sequence_dnase_seed_45_kernel_3,cnn(3|3),mixed,none,,sequence_dnase,45,3,"[11724, 23, 8]","[2512, 23, 8]","[2513, 23, 8]",0.0709843534046038
mixed_cnn_sequence_dnase_seed_45_kernel_5,cnn(5|3),mixed,none,,sequence_dnase,45,5,"[11724, 23, 8]","[2512, 23, 8]","[2513, 23, 8]",0.1367690446926133
mixed_cnn_sequence_dnase_seed_43_kernel_5,cnn(5|3),mixed,none,,sequence_dnase,43,5,"[11724, 23, 8]","[2512, 23, 8]","[2513, 23, 8]",0.1321280906191736
mixed_cnn_sequence_dnase_seed_42_kernel_5,cnn(5|3),mixed,none,,sequence_dnase,42,5,"[11724, 23, 8]","[2512, 23, 8]","[2513, 23, 8]",0.1434108204389613
mixed_cnn_sequence_dnase_seed_44_kernel_5,cnn(5|3),mixed,none,,sequence_dnase,44,5,"[11724, 23, 8]","[2512, 23, 8]","[2513, 23, 8]",0.1126292614091259
mixed_cnn_sequence_dnase_seed_44_kernel_7,cnn(7|3),mixed,none,,sequence_dnase,44,7,"[11724, 23, 8]","[2512, 23, 8]","[2513, 23, 8]",0.1316246717620618
mixed_cnn_sequence_dnase_seed_42_kernel_7,cnn(7|3),mixed,none,,sequence_dnase,42,7,"[11724, 23, 8]","[2512, 23, 8]","[2513, 23, 8]",0.1505984405705982
mixed_cnn_sequence_dnase_seed_45_kernel_7,cnn(7|3),mixed,none,,sequence_dnase,45,7,"[11724, 23, 8]","[2512, 23, 8]","[2513, 23, 8]",0.1521305383762889
mixed_cnn_sequence_dnase_seed_43_kernel_7,cnn(7|3),mixed,none,,sequence_dnase,43,7,"[11724, 23, 8]","[2512, 23, 8]","[2513, 23, 8]",0.1519426793981878
mixed_transformer_sequence_dnase_seed_45,transformer,mixed,none,,sequence_dnase,45,3,"[11724, 23, 8]","[2512, 23, 8]","[2513, 23, 8]",0.1185329598303382
mixed_transformer_sequence_dnase_seed_42,transformer,mixed,none,,sequence_dnase,42,3,"[11724, 23, 8]","[2512, 23, 8]","[2513, 23, 8]",0.1023099145542774
mixed_transformer_sequence_dnase_seed_43,transformer,mixed,none,,sequence_dnase,43,3,"[11724, 23, 8]","[2512, 23, 8]","[2513, 23, 8]",0.1174384052173095
mixed_transformer_sequence_dnase_seed_44,transformer,mixed,none,,sequence_dnase,44,3,"[11724, 23, 8]","[2512, 23, 8]","[2513, 23, 8]",0.1031593371656051
mixed_linear_sequence_h3k4me3_seed_43,linear,mixed,none,,sequence_h3k4me3,43,3,"[11724, 184]","[2512, 184]","[2513, 184]",0.0956326498277395
mixed_linear_sequence_h3k4me3_seed_44,linear,mixed,none,,sequence_h3k4me3,44,3,"[11724, 184]","[2512, 184]","[2513, 184]",0.0711487759482003
mixed_linear_sequence_h3k4me3_seed_42,linear,mixed,none,,sequence_h3k4me3,42,3,"[11724, 184]","[2512, 184]","[2513, 184]",0.0718901385572722
mixed_linear_sequence_h3k4me3_seed_45,linear,mixed,none,,sequence_h3k4me3,45,3,"[11724, 184]","[2512, 184]","[2513, 184]",0.0852378017489912
mixed_xgboost_sequence_h3k4me3_seed_43,xgboost,mixed,none,,sequence_h3k4me3,43,3,"[11724, 184]","[2512, 184]","[2513, 184]",0.1700085930079111
mixed_xgboost_sequence_h3k4me3_seed_44,xgboost,mixed,none,,sequence_h3k4me3,44,3,"[11724, 184]","[2512, 184]","[2513, 184]",0.1571295256488581
mixed_xgboost_sequence_h3k4me3_seed_42,xgboost,mixed,none,,sequence_h3k4me3,42,3,"[11724, 184]","[2512, 184]","[2513, 184]",0.1536415930684554
mixed_xgboost_sequence_h3k4me3_seed_45,xgboost,mixed,none,,sequence_h3k4me3,45,3,"[11724, 184]","[2512, 184]","[2513, 184]",0.1850512378822484
mixed_mlp_sequence_h3k4me3_seed_45,mlp,mixed,none,,sequence_h3k4me3,45,3,"[11724, 184]","[2512, 184]","[2513, 184]",0.1242273492665582
mixed_mlp_sequence_h3k4me3_seed_43,mlp,mixed,none,,sequence_h3k4me3,43,3,"[11724, 184]","[2512, 184]","[2513, 184]",0.0916982462242844
mixed_mlp_sequence_h3k4me3_seed_44,mlp,mixed,none,,sequence_h3k4me3,44,3,"[11724, 184]","[2512, 184]","[2513, 184]",0.1041564680476471
mixed_mlp_sequence_h3k4me3_seed_42,mlp,mixed,none,,sequence_h3k4me3,42,3,"[11724, 184]","[2512, 184]","[2513, 184]",0.0755128737098989
mixed_cnn_sequence_h3k4me3_seed_42_kernel_3,cnn(3|3),mixed,none,,sequence_h3k4me3,42,3,"[11724, 23, 8]","[2512, 23, 8]","[2513, 23, 8]",0.0524467174584555
mixed_cnn_sequence_h3k4me3_seed_43_kernel_3,cnn(3|3),mixed,none,,sequence_h3k4me3,43,3,"[11724, 23, 8]","[2512, 23, 8]","[2513, 23, 8]",0.0632125047340637
mixed_cnn_sequence_h3k4me3_seed_45_kernel_3,cnn(3|3),mixed,none,,sequence_h3k4me3,45,3,"[11724, 23, 8]","[2512, 23, 8]","[2513, 23, 8]",0.0601261886887399
mixed_cnn_sequence_h3k4me3_seed_44_kernel_3,cnn(3|3),mixed,none,,sequence_h3k4me3,44,3,"[11724, 23, 8]","[2512, 23, 8]","[2513, 23, 8]",0.0491711154961566
mixed_cnn_sequence_h3k4me3_seed_45_kernel_5,cnn(5|3),mixed,none,,sequence_h3k4me3,45,5,"[11724, 23, 8]","[2512, 23, 8]","[2513, 23, 8]",0.1445427697914348
mixed_cnn_sequence_h3k4me3_seed_43_kernel_5,cnn(5|3),mixed,none,,sequence_h3k4me3,43,5,"[11724, 23, 8]","[2512, 23, 8]","[2513, 23, 8]",0.1222572941869585
mixed_cnn_sequence_h3k4me3_seed_44_kernel_5,cnn(5|3),mixed,none,,sequence_h3k4me3,44,5,"[11724, 23, 8]","[2512, 23, 8]","[2513, 23, 8]",0.1177451023473767
mixed_cnn_sequence_h3k4me3_seed_42_kernel_5,cnn(5|3),mixed,none,,sequence_h3k4me3,42,5,"[11724, 23, 8]","[2512, 23, 8]","[2513, 23, 8]",0.1453792828092884
mixed_cnn_sequence_h3k4me3_seed_44_kernel_7,cnn(7|3),mixed,none,,sequence_h3k4me3,44,7,"[11724, 23, 8]","[2512, 23, 8]","[2513, 23, 8]",0.1090052081592782
mixed_cnn_sequence_h3k4me3_seed_43_kernel_7,cnn(7|3),mixed,none,,sequence_h3k4me3,43,7,"[11724, 23, 8]","[2512, 23, 8]","[2513, 23, 8]",0.1628514765870227
mixed_cnn_sequence_h3k4me3_seed_42_kernel_7,cnn(7|3),mixed,none,,sequence_h3k4me3,42,7,"[11724, 23, 8]","[2512, 23, 8]","[2513, 23, 8]",0.1484154974257749
mixed_cnn_sequence_h3k4me3_seed_45_kernel_7,cnn(7|3),mixed,none,,sequence_h3k4me3,45,7,"[11724, 23, 8]","[2512, 23, 8]","[2513, 23, 8]",0.1709184000472009
mixed_transformer_sequence_h3k4me3_seed_42,transformer,mixed,none,,sequence_h3k4me3,42,3,"[11724, 23, 8]","[2512, 23, 8]","[2513, 23, 8]",0.1154201870485487
mixed_transformer_sequence_h3k4me3_seed_43,transformer,mixed,none,,sequence_h3k4me3,43,3,"[11724, 23, 8]","[2512, 23, 8]","[2513, 23, 8]",0.1107562306311876
mixed_transformer_sequence_h3k4me3_seed_45,transformer,mixed,none,,sequence_h3k4me3,45,3,"[11724, 23, 8]","[2512, 23, 8]","[2513, 23, 8]",0.1376085611486838
mixed_transformer_sequence_h3k4me3_seed_44,transformer,mixed,none,,sequence_h3k4me3,44,3,"[11724, 23, 8]","[2512, 23, 8]","[2513, 23, 8]",0.0999534749380366
mixed_linear_sequence_rrbs_seed_43,linear,mixed,none,,sequence_rrbs,43,3,"[11724, 184]","[2512, 184]","[2513, 184]",0.0981737606034612
mixed_linear_sequence_rrbs_seed_42,linear,mixed,none,,sequence_rrbs,42,3,"[11724, 184]","[2512, 184]","[2513, 184]",0.0734994096733753
mixed_linear_sequence_rrbs_seed_45,linear,mixed,none,,sequence_rrbs,45,3,"[11724, 184]","[2512, 184]","[2513, 184]",0.0863167759220859
mixed_linear_sequence_rrbs_seed_44,linear,mixed,none,,sequence_rrbs,44,3,"[11724, 184]","[2512, 184]","[2513, 184]",0.0705096515007531
mixed_xgboost_sequence_rrbs_seed_42,xgboost,mixed,none,,sequence_rrbs,42,3,"[11724, 184]","[2512, 184]","[2513, 184]",0.157164606462279
mixed_xgboost_sequence_rrbs_seed_44,xgboost,mixed,none,,sequence_rrbs,44,3,"[11724, 184]","[2512, 184]","[2513, 184]",0.1471647268404486
mixed_xgboost_sequence_rrbs_seed_45,xgboost,mixed,none,,sequence_rrbs,45,3,"[11724, 184]","[2512, 184]","[2513, 184]",0.1827553917153822
mixed_xgboost_sequence_rrbs_seed_43,xgboost,mixed,none,,sequence_rrbs,43,3,"[11724, 184]","[2512, 184]","[2513, 184]",0.1691986344659048
mixed_mlp_sequence_rrbs_seed_45,mlp,mixed,none,,sequence_rrbs,45,3,"[11724, 184]","[2512, 184]","[2513, 184]",0.162699637268898
mixed_mlp_sequence_rrbs_seed_42,mlp,mixed,none,,sequence_rrbs,42,3,"[11724, 184]","[2512, 184]","[2513, 184]",0.1175815002011057
mixed_mlp_sequence_rrbs_seed_43,mlp,mixed,none,,sequence_rrbs,43,3,"[11724, 184]","[2512, 184]","[2513, 184]",0.1520355306883321
mixed_mlp_sequence_rrbs_seed_44,mlp,mixed,none,,sequence_rrbs,44,3,"[11724, 184]","[2512, 184]","[2513, 184]",0.1190508791486536
mixed_cnn_sequence_rrbs_seed_44_kernel_3,cnn(3|3),mixed,none,,sequence_rrbs,44,3,"[11724, 23, 8]","[2512, 23, 8]","[2513, 23, 8]",0.0339097254228335
mixed_cnn_sequence_rrbs_seed_45_kernel_3,cnn(3|3),mixed,none,,sequence_rrbs,45,3,"[11724, 23, 8]","[2512, 23, 8]","[2513, 23, 8]",0.0574942204899707
mixed_cnn_sequence_rrbs_seed_42_kernel_3,cnn(3|3),mixed,none,,sequence_rrbs,42,3,"[11724, 23, 8]","[2512, 23, 8]","[2513, 23, 8]",0.0501692646812608
mixed_cnn_sequence_rrbs_seed_43_kernel_3,cnn(3|3),mixed,none,,sequence_rrbs,43,3,"[11724, 23, 8]","[2512, 23, 8]","[2513, 23, 8]",0.0583327727328815
mixed_cnn_sequence_rrbs_seed_43_kernel_5,cnn(5|3),mixed,none,,sequence_rrbs,43,5,"[11724, 23, 8]","[2512, 23, 8]","[2513, 23, 8]",0.1225885572570083
mixed_cnn_sequence_rrbs_seed_42_kernel_5,cnn(5|3),mixed,none,,sequence_rrbs,42,5,"[11724, 23, 8]","[2512, 23, 8]","[2513, 23, 8]",0.153454179000728
mixed_cnn_sequence_rrbs_seed_45_kernel_5,cnn(5|3),mixed,none,,sequence_rrbs,45,5,"[11724, 23, 8]","[2512, 23, 8]","[2513, 23, 8]",0.1431751597099739
mixed_cnn_sequence_rrbs_seed_44_kernel_5,cnn(5|3),mixed,none,,sequence_rrbs,44,5,"[11724, 23, 8]","[2512, 23, 8]","[2513, 23, 8]",0.1168807818411115
mixed_cnn_sequence_rrbs_seed_42_kernel_7,cnn(7|3),mixed,none,,sequence_rrbs,42,7,"[11724, 23, 8]","[2512, 23, 8]","[2513, 23, 8]",0.1510792357858129
mixed_cnn_sequence_rrbs_seed_44_kernel_7,cnn(7|3),mixed,none,,sequence_rrbs,44,7,"[11724, 23, 8]","[2512, 23, 8]","[2513, 23, 8]",0.0894427592202505
mixed_cnn_sequence_rrbs_seed_45_kernel_7,cnn(7|3),mixed,none,,sequence_rrbs,45,7,"[11724, 23, 8]","[2512, 23, 8]","[2513, 23, 8]",0.1797217127896182
mixed_cnn_sequence_rrbs_seed_43_kernel_7,cnn(7|3),mixed,none,,sequence_rrbs,43,7,"[11724, 23, 8]","[2512, 23, 8]","[2513, 23, 8]",0.144000576130918
mixed_transformer_sequence_rrbs_seed_42,transformer,mixed,none,,sequence_rrbs,42,3,"[11724, 23, 8]","[2512, 23, 8]","[2513, 23, 8]",0.1097941022806093
mixed_transformer_sequence_rrbs_seed_43,transformer,mixed,none,,sequence_rrbs,43,3,"[11724, 23, 8]","[2512, 23, 8]","[2513, 23, 8]",0.1218059337035305
mixed_transformer_sequence_rrbs_seed_45,transformer,mixed,none,,sequence_rrbs,45,3,"[11724, 23, 8]","[2512, 23, 8]","[2513, 23, 8]",0.1337666302881216
mixed_transformer_sequence_rrbs_seed_44,transformer,mixed,none,,sequence_rrbs,44,3,"[11724, 23, 8]","[2512, 23, 8]","[2513, 23, 8]",0.0904960086457729
mixed_linear_sequence_ctcf_dnase_seed_44,linear,mixed,none,,sequence_ctcf_dnase,44,3,"[11724, 184]","[2512, 184]","[2513, 184]",0.0690866908999894
mixed_linear_sequence_ctcf_dnase_seed_45,linear,mixed,none,,sequence_ctcf_dnase,45,3,"[11724, 184]","[2512, 184]","[2513, 184]",0.0831334137742579
mixed_linear_sequence_ctcf_dnase_seed_42,linear,mixed,none,,sequence_ctcf_dnase,42,3,"[11724, 184]","[2512, 184]","[2513, 184]",-8.136407318347567e+18
mixed_linear_sequence_ctcf_dnase_seed_43,linear,mixed,none,,sequence_ctcf_dnase,43,3,"[11724, 184]","[2512, 184]","[2513, 184]",0.0929700049676501
mixed_xgboost_sequence_ctcf_dnase_seed_44,xgboost,mixed,none,,sequence_ctcf_dnase,44,3,"[11724, 184]","[2512, 184]","[2513, 184]",0.156085190663844
mixed_xgboost_sequence_ctcf_dnase_seed_42,xgboost,mixed,none,,sequence_ctcf_dnase,42,3,"[11724, 184]","[2512, 184]","[2513, 184]",0.1536112649573942
mixed_xgboost_sequence_ctcf_dnase_seed_45,xgboost,mixed,none,,sequence_ctcf_dnase,45,3,"[11724, 184]","[2512, 184]","[2513, 184]",0.1823333501221649
mixed_xgboost_sequence_ctcf_dnase_seed_43,xgboost,mixed,none,,sequence_ctcf_dnase,43,3,"[11724, 184]","[2512, 184]","[2513, 184]",0.1681533790126438
mixed_mlp_sequence_ctcf_dnase_seed_42,mlp,mixed,none,,sequence_ctcf_dnase,42,3,"[11724, 184]","[2512, 184]","[2513, 184]",0.0906037094995028
mixed_mlp_sequence_ctcf_dnase_seed_44,mlp,mixed,none,,sequence_ctcf_dnase,44,3,"[11724, 184]","[2512, 184]","[2513, 184]",0.1213223883345069
mixed_mlp_sequence_ctcf_dnase_seed_45,mlp,mixed,none,,sequence_ctcf_dnase,45,3,"[11724, 184]","[2512, 184]","[2513, 184]",0.1243224217501639
mixed_mlp_sequence_ctcf_dnase_seed_43,mlp,mixed,none,,sequence_ctcf_dnase,43,3,"[11724, 184]","[2512, 184]","[2513, 184]",0.116938120810324
mixed_cnn_sequence_ctcf_dnase_seed_44_kernel_3,cnn(3|3),mixed,none,,sequence_ctcf_dnase,44,3,"[11724, 23, 8]","[2512, 23, 8]","[2513, 23, 8]",0.0662338698801655
mixed_cnn_sequence_ctcf_dnase_seed_43_kernel_3,cnn(3|3),mixed,none,,sequence_ctcf_dnase,43,3,"[11724, 23, 8]","[2512, 23, 8]","[2513, 23, 8]",0.06312833206108
mixed_cnn_sequence_ctcf_dnase_seed_42_kernel_3,cnn(3|3),mixed,none,,sequence_ctcf_dnase,42,3,"[11724, 23, 8]","[2512, 23, 8]","[2513, 23, 8]",0.0458434472561843
mixed_cnn_sequence_ctcf_dnase_seed_45_kernel_3,cnn(3|3),mixed,none,,sequence_ctcf_dnase,45,3,"[11724, 23, 8]","[2512, 23, 8]","[2513, 23, 8]",0.0762153017099058
mixed_cnn_sequence_ctcf_dnase_seed_45_kernel_5,cnn(5|3),mixed,none,,sequence_ctcf_dnase,45,5,"[11724, 23, 8]","[2512, 23, 8]","[2513, 23, 8]",0.1530108669060085
mixed_cnn_sequence_ctcf_dnase_seed_42_kernel_5,cnn(5|3),mixed,none,,sequence_ctcf_dnase,42,5,"[11724, 23, 8]","[2512, 23, 8]","[2513, 23, 8]",0.1506486463889399
mixed_cnn_sequence_ctcf_dnase_seed_43_kernel_5,cnn(5|3),mixed,none,,sequence_ctcf_dnase,43,5,"[11724, 23, 8]","[2512, 23, 8]","[2513, 23, 8]",0.1190264256258489
mixed_cnn_sequence_ctcf_dnase_seed_44_kernel_5,cnn(5|3),mixed,none,,sequence_ctcf_dnase,44,5,"[11724, 23, 8]","[2512, 23, 8]","[2513, 23, 8]",0.115684582413724
mixed_cnn_sequence_ctcf_dnase_seed_42_kernel_7,cnn(7|3),mixed,none,,sequence_ctcf_dnase,42,7,"[11724, 23, 8]","[2512, 23, 8]","[2513, 23, 8]",0.1551117202775304
mixed_cnn_sequence_ctcf_dnase_seed_45_kernel_7,cnn(7|3),mixed,none,,sequence_ctcf_dnase,45,7,"[11724, 23, 8]","[2512, 23, 8]","[2513, 23, 8]",0.1765256846260198
mixed_cnn_sequence_ctcf_dnase_seed_44_kernel_7,cnn(7|3),mixed,none,,sequence_ctcf_dnase,44,7,"[11724, 23, 8]","[2512, 23, 8]","[2513, 23, 8]",0.1359478697975303
mixed_cnn_sequence_ctcf_dnase_seed_43_kernel_7,cnn(7|3),mixed,none,,sequence_ctcf_dnase,43,7,"[11724, 23, 8]","[2512, 23, 8]","[2513, 23, 8]",0.1271959303034665
mixed_transformer_sequence_ctcf_dnase_seed_44,transformer,mixed,none,,sequence_ctcf_dnase,44,3,"[11724, 23, 8]","[2512, 23, 8]","[2513, 23, 8]",0.1153337531303516
mixed_transformer_sequence_ctcf_dnase_seed_43,transformer,mixed,none,,sequence_ctcf_dnase,43,3,"[11724, 23, 8]","[2512, 23, 8]","[2513, 23, 8]",0.1182365011147894
mixed_transformer_sequence_ctcf_dnase_seed_42,transformer,mixed,none,,sequence_ctcf_dnase,42,3,"[11724, 23, 8]","[2512, 23, 8]","[2513, 23, 8]",0.1083728925353963
mixed_transformer_sequence_ctcf_dnase_seed_45,transformer,mixed,none,,sequence_ctcf_dnase,45,3,"[11724, 23, 8]","[2512, 23, 8]","[2513, 23, 8]",0.1346995650999194
mixed_linear_sequence_ctcf_h3k4me3_seed_45,linear,mixed,none,,sequence_ctcf_h3k4me3,45,3,"[11724, 184]","[2512, 184]","[2513, 184]",0.0849431291511916
mixed_linear_sequence_ctcf_h3k4me3_seed_44,linear,mixed,none,,sequence_ctcf_h3k4me3,44,3,"[11724, 184]","[2512, 184]","[2513, 184]",0.0687030612198194
mixed_linear_sequence_ctcf_h3k4me3_seed_43,linear,mixed,none,,sequence_ctcf_h3k4me3,43,3,"[11724, 184]","[2512, 184]","[2513, 184]",0.0920234099379615
mixed_linear_sequence_ctcf_h3k4me3_seed_42,linear,mixed,none,,sequence_ctcf_h3k4me3,42,3,"[11724, 184]","[2512, 184]","[2513, 184]",0.0716131288441221
mixed_xgboost_sequence_ctcf_h3k4me3_seed_44,xgboost,mixed,none,,sequence_ctcf_h3k4me3,44,3,"[11724, 184]","[2512, 184]","[2513, 184]",0.1525460935438767
mixed_xgboost_sequence_ctcf_h3k4me3_seed_43,xgboost,mixed,none,,sequence_ctcf_h3k4me3,43,3,"[11724, 184]","[2512, 184]","[2513, 184]",0.1690823008520494
mixed_xgboost_sequence_ctcf_h3k4me3_seed_45,xgboost,mixed,none,,sequence_ctcf_h3k4me3,45,3,"[11724, 184]","[2512, 184]","[2513, 184]",0.1814495657557409
mixed_xgboost_sequence_ctcf_h3k4me3_seed_42,xgboost,mixed,none,,sequence_ctcf_h3k4me3,42,3,"[11724, 184]","[2512, 184]","[2513, 184]",0.1503835266033408
mixed_mlp_sequence_ctcf_h3k4me3_seed_43,mlp,mixed,none,,sequence_ctcf_h3k4me3,43,3,"[11724, 184]","[2512, 184]","[2513, 184]",0.1085471911594105
mixed_mlp_sequence_ctcf_h3k4me3_seed_42,mlp,mixed,none,,sequence_ctcf_h3k4me3,42,3,"[11724, 184]","[2512, 184]","[2513, 184]",0.0882500338643854
mixed_mlp_sequence_ctcf_h3k4me3_seed_45,mlp,mixed,none,,sequence_ctcf_h3k4me3,45,3,"[11724, 184]","[2512, 184]","[2513, 184]",0.1098386170185498
mixed_mlp_sequence_ctcf_h3k4me3_seed_44,mlp,mixed,none,,sequence_ctcf_h3k4me3,44,3,"[11724, 184]","[2512, 184]","[2513, 184]",0.0842300511276142
mixed_cnn_sequence_ctcf_h3k4me3_seed_42_kernel_3,cnn(3|3),mixed,none,,sequence_ctcf_h3k4me3,42,3,"[11724, 23, 8]","[2512, 23, 8]","[2513, 23, 8]",0.0671051450815589
mixed_cnn_sequence_ctcf_h3k4me3_seed_44_kernel_3,cnn(3|3),mixed,none,,sequence_ctcf_h3k4me3,44,3,"[11724, 23, 8]","[2512, 23, 8]","[2513, 23, 8]",0.0592975983055856
mixed_cnn_sequence_ctcf_h3k4me3_seed_45_kernel_3,cnn(3|3),mixed,none,,sequence_ctcf_h3k4me3,45,3,"[11724, 23, 8]","[2512, 23, 8]","[2513, 23, 8]",0.0739371116804549
mixed_cnn_sequence_ctcf_h3k4me3_seed_43_kernel_3,cnn(3|3),mixed,none,,sequence_ctcf_h3k4me3,43,3,"[11724, 23, 8]","[2512, 23, 8]","[2513, 23, 8]",0.0669943232189633
mixed_cnn_sequence_ctcf_h3k4me3_seed_43_kernel_5,cnn(5|3),mixed,none,,sequence_ctcf_h3k4me3,43,5,"[11724, 23, 8]","[2512, 23, 8]","[2513, 23, 8]",0.1261688790840091
mixed_cnn_sequence_ctcf_h3k4me3_seed_44_kernel_5,cnn(5|3),mixed,none,,sequence_ctcf_h3k4me3,44,5,"[11724, 23, 8]","[2512, 23, 8]","[2513, 23, 8]",0.1303921905764318
mixed_cnn_sequence_ctcf_h3k4me3_seed_45_kernel_5,cnn(5|3),mixed,none,,sequence_ctcf_h3k4me3,45,5,"[11724, 23, 8]","[2512, 23, 8]","[2513, 23, 8]",0.1385714924308145
mixed_cnn_sequence_ctcf_h3k4me3_seed_42_kernel_5,cnn(5|3),mixed,none,,sequence_ctcf_h3k4me3,42,5,"[11724, 23, 8]","[2512, 23, 8]","[2513, 23, 8]",0.1397197344576188
mixed_cnn_sequence_ctcf_h3k4me3_seed_45_kernel_7,cnn(7|3),mixed,none,,sequence_ctcf_h3k4me3,45,7,"[11724, 23, 8]","[2512, 23, 8]","[2513, 23, 8]",0.1810698402100625
mixed_cnn_sequence_ctcf_h3k4me3_seed_44_kernel_7,cnn(7|3),mixed,none,,sequence_ctcf_h3k4me3,44,7,"[11724, 23, 8]","[2512, 23, 8]","[2513, 23, 8]",0.1239931553708992
mixed_cnn_sequence_ctcf_h3k4me3_seed_42_kernel_7,cnn(7|3),mixed,none,,sequence_ctcf_h3k4me3,42,7,"[11724, 23, 8]","[2512, 23, 8]","[2513, 23, 8]",0.1367437817948955
mixed_cnn_sequence_ctcf_h3k4me3_seed_43_kernel_7,cnn(7|3),mixed,none,,sequence_ctcf_h3k4me3,43,7,"[11724, 23, 8]","[2512, 23, 8]","[2513, 23, 8]",0.1507239676126628
mixed_transformer_sequence_ctcf_h3k4me3_seed_45,transformer,mixed,none,,sequence_ctcf_h3k4me3,45,3,"[11724, 23, 8]","[2512, 23, 8]","[2513, 23, 8]",0.1167926158276461
mixed_transformer_sequence_ctcf_h3k4me3_seed_44,transformer,mixed,none,,sequence_ctcf_h3k4me3,44,3,"[11724, 23, 8]","[2512, 23, 8]","[2513, 23, 8]",0.0804840497156579
mixed_transformer_sequence_ctcf_h3k4me3_seed_43,transformer,mixed,none,,sequence_ctcf_h3k4me3,43,3,"[11724, 23, 8]","[2512, 23, 8]","[2513, 23, 8]",0.1163084237070912
mixed_transformer_sequence_ctcf_h3k4me3_seed_42,transformer,mixed,none,,sequence_ctcf_h3k4me3,42,3,"[11724, 23, 8]","[2512, 23, 8]","[2513, 23, 8]",0.1094426328668597
mixed_linear_sequence_ctcf_rrbs_seed_44,linear,mixed,none,,sequence_ctcf_rrbs,44,3,"[11724, 184]","[2512, 184]","[2513, 184]",0.0690443077935889
mixed_linear_sequence_ctcf_rrbs_seed_42,linear,mixed,none,,sequence_ctcf_rrbs,42,3,"[11724, 184]","[2512, 184]","[2513, 184]",0.0730943996522088
mixed_linear_sequence_ctcf_rrbs_seed_43,linear,mixed,none,,sequence_ctcf_rrbs,43,3,"[11724, 184]","[2512, 184]","[2513, 184]",0.0941928167698923
mixed_linear_sequence_ctcf_rrbs_seed_45,linear,mixed,none,,sequence_ctcf_rrbs,45,3,"[11724, 184]","[2512, 184]","[2513, 184]",0.0860678242299841
mixed_xgboost_sequence_ctcf_rrbs_seed_45,xgboost,mixed,none,,sequence_ctcf_rrbs,45,3,"[11724, 184]","[2512, 184]","[2513, 184]",0.1812638257766946
mixed_xgboost_sequence_ctcf_rrbs_seed_44,xgboost,mixed,none,,sequence_ctcf_rrbs,44,3,"[11724, 184]","[2512, 184]","[2513, 184]",0.1510401740841074
mixed_xgboost_sequence_ctcf_rrbs_seed_42,xgboost,mixed,none,,sequence_ctcf_rrbs,42,3,"[11724, 184]","[2512, 184]","[2513, 184]",0.1511222084792377
mixed_xgboost_sequence_ctcf_rrbs_seed_43,xgboost,mixed,none,,sequence_ctcf_rrbs,43,3,"[11724, 184]","[2512, 184]","[2513, 184]",0.16643038862818
mixed_mlp_sequence_ctcf_rrbs_seed_45,mlp,mixed,none,,sequence_ctcf_rrbs,45,3,"[11724, 184]","[2512, 184]","[2513, 184]",0.1231579065191331
mixed_mlp_sequence_ctcf_rrbs_seed_44,mlp,mixed,none,,sequence_ctcf_rrbs,44,3,"[11724, 184]","[2512, 184]","[2513, 184]",0.1185003469112712
mixed_mlp_sequence_ctcf_rrbs_seed_43,mlp,mixed,none,,sequence_ctcf_rrbs,43,3,"[11724, 184]","[2512, 184]","[2513, 184]",0.1241008365344868
mixed_mlp_sequence_ctcf_rrbs_seed_42,mlp,mixed,none,,sequence_ctcf_rrbs,42,3,"[11724, 184]","[2512, 184]","[2513, 184]",0.0946080154688161
mixed_cnn_sequence_ctcf_rrbs_seed_44_kernel_3,cnn(3|3),mixed,none,,sequence_ctcf_rrbs,44,3,"[11724, 23, 8]","[2512, 23, 8]","[2513, 23, 8]",0.0553735888182811
mixed_cnn_sequence_ctcf_rrbs_seed_43_kernel_3,cnn(3|3),mixed,none,,sequence_ctcf_rrbs,43,3,"[11724, 23, 8]","[2512, 23, 8]","[2513, 23, 8]",0.0562372035958806
mixed_cnn_sequence_ctcf_rrbs_seed_45_kernel_3,cnn(3|3),mixed,none,,sequence_ctcf_rrbs,45,3,"[11724, 23, 8]","[2512, 23, 8]","[2513, 23, 8]",0.0731275576690286
mixed_cnn_sequence_ctcf_rrbs_seed_42_kernel_3,cnn(3|3),mixed,none,,sequence_ctcf_rrbs,42,3,"[11724, 23, 8]","[2512, 23, 8]","[2513, 23, 8]",0.0679864023716022
mixed_cnn_sequence_ctcf_rrbs_seed_43_kernel_5,cnn(5|3),mixed,none,,sequence_ctcf_rrbs,43,5,"[11724, 23, 8]","[2512, 23, 8]","[2513, 23, 8]",0.1331676068982503
mixed_cnn_sequence_ctcf_rrbs_seed_44_kernel_5,cnn(5|3),mixed,none,,sequence_ctcf_rrbs,44,5,"[11724, 23, 8]","[2512, 23, 8]","[2513, 23, 8]",0.1240503478027887
mixed_cnn_sequence_ctcf_rrbs_seed_45_kernel_5,cnn(5|3),mixed,none,,sequence_ctcf_rrbs,45,5,"[11724, 23, 8]","[2512, 23, 8]","[2513, 23, 8]",0.1391990582987847
mixed_cnn_sequence_ctcf_rrbs_seed_42_kernel_5,cnn(5|3),mixed,none,,sequence_ctcf_rrbs,42,5,"[11724, 23, 8]","[2512, 23, 8]","[2513, 23, 8]",0.1371108122918084
mixed_cnn_sequence_ctcf_rrbs_seed_45_kernel_7,cnn(7|3),mixed,none,,sequence_ctcf_rrbs,45,7,"[11724, 23, 8]","[2512, 23, 8]","[2513, 23, 8]",0.1826103801639013
mixed_cnn_sequence_ctcf_rrbs_seed_43_kernel_7,cnn(7|3),mixed,none,,sequence_ctcf_rrbs,43,7,"[11724, 23, 8]","[2512, 23, 8]","[2513, 23, 8]",0.1465695416844388
mixed_cnn_sequence_ctcf_rrbs_seed_42_kernel_7,cnn(7|3),mixed,none,,sequence_ctcf_rrbs,42,7,"[11724, 23, 8]","[2512, 23, 8]","[2513, 23, 8]",0.1480262117016839
mixed_cnn_sequence_ctcf_rrbs_seed_44_kernel_7,cnn(7|3),mixed,none,,sequence_ctcf_rrbs,44,7,"[11724, 23, 8]","[2512, 23, 8]","[2513, 23, 8]",0.1400135755086095
mixed_transformer_sequence_ctcf_rrbs_seed_42,transformer,mixed,none,,sequence_ctcf_rrbs,42,3,"[11724, 23, 8]","[2512, 23, 8]","[2513, 23, 8]",0.1020915602703214
mixed_transformer_sequence_ctcf_rrbs_seed_45,transformer,mixed,none,,sequence_ctcf_rrbs,45,3,"[11724, 23, 8]","[2512, 23, 8]","[2513, 23, 8]",0.1376215316736828
mixed_transformer_sequence_ctcf_rrbs_seed_44,transformer,mixed,none,,sequence_ctcf_rrbs,44,3,"[11724, 23, 8]","[2512, 23, 8]","[2513, 23, 8]",0.0956114023385409
mixed_transformer_sequence_ctcf_rrbs_seed_43,transformer,mixed,none,,sequence_ctcf_rrbs,43,3,"[11724, 23, 8]","[2512, 23, 8]","[2513, 23, 8]",0.1167783140035707
mixed_linear_sequence_dnase_h3k4me3_seed_43,linear,mixed,none,,sequence_dnase_h3k4me3,43,3,"[11724, 184]","[2512, 184]","[2513, 184]",0.0939169902841849
mixed_linear_sequence_dnase_h3k4me3_seed_44,linear,mixed,none,,sequence_dnase_h3k4me3,44,3,"[11724, 184]","[2512, 184]","[2513, 184]",-3.22055044971845e+18
mixed_linear_sequence_dnase_h3k4me3_seed_45,linear,mixed,none,,sequence_dnase_h3k4me3,45,3,"[11724, 184]","[2512, 184]","[2513, 184]",0.0811723071684672
mixed_linear_sequence_dnase_h3k4me3_seed_42,linear,mixed,none,,sequence_dnase_h3k4me3,42,3,"[11724, 184]","[2512, 184]","[2513, 184]",-1.9024078810207245e+18
mixed_xgboost_sequence_dnase_h3k4me3_seed_45,xgboost,mixed,none,,sequence_dnase_h3k4me3,45,3,"[11724, 184]","[2512, 184]","[2513, 184]",0.1864045131552327
mixed_xgboost_sequence_dnase_h3k4me3_seed_42,xgboost,mixed,none,,sequence_dnase_h3k4me3,42,3,"[11724, 184]","[2512, 184]","[2513, 184]",0.1535407599014311
mixed_xgboost_sequence_dnase_h3k4me3_seed_43,xgboost,mixed,none,,sequence_dnase_h3k4me3,43,3,"[11724, 184]","[2512, 184]","[2513, 184]",0.1690345839737409
mixed_xgboost_sequence_dnase_h3k4me3_seed_44,xgboost,mixed,none,,sequence_dnase_h3k4me3,44,3,"[11724, 184]","[2512, 184]","[2513, 184]",0.1562246681385414
mixed_mlp_sequence_dnase_h3k4me3_seed_43,mlp,mixed,none,,sequence_dnase_h3k4me3,43,3,"[11724, 184]","[2512, 184]","[2513, 184]",0.1194665136676496
mixed_mlp_sequence_dnase_h3k4me3_seed_44,mlp,mixed,none,,sequence_dnase_h3k4me3,44,3,"[11724, 184]","[2512, 184]","[2513, 184]",0.0886829462256701
mixed_mlp_sequence_dnase_h3k4me3_seed_45,mlp,mixed,none,,sequence_dnase_h3k4me3,45,3,"[11724, 184]","[2512, 184]","[2513, 184]",0.1034124079309376
mixed_mlp_sequence_dnase_h3k4me3_seed_42,mlp,mixed,none,,sequence_dnase_h3k4me3,42,3,"[11724, 184]","[2512, 184]","[2513, 184]",0.0892649084002802
mixed_cnn_sequence_dnase_h3k4me3_seed_43_kernel_3,cnn(3|3),mixed,none,,sequence_dnase_h3k4me3,43,3,"[11724, 23, 8]","[2512, 23, 8]","[2513, 23, 8]",0.0644622274138555
mixed_cnn_sequence_dnase_h3k4me3_seed_44_kernel_3,cnn(3|3),mixed,none,,sequence_dnase_h3k4me3,44,3,"[11724, 23, 8]","[2512, 23, 8]","[2513, 23, 8]",0.0413902771393918
mixed_cnn_sequence_dnase_h3k4me3_seed_45_kernel_3,cnn(3|3),mixed,none,,sequence_dnase_h3k4me3,45,3,"[11724, 23, 8]","[2512, 23, 8]","[2513, 23, 8]",0.0684627258543294
mixed_cnn_sequence_dnase_h3k4me3_seed_42_kernel_3,cnn(3|3),mixed,none,,sequence_dnase_h3k4me3,42,3,"[11724, 23, 8]","[2512, 23, 8]","[2513, 23, 8]",0.048737874825966
mixed_cnn_sequence_dnase_h3k4me3_seed_42_kernel_5,cnn(5|3),mixed,none,,sequence_dnase_h3k4me3,42,5,"[11724, 23, 8]","[2512, 23, 8]","[2513, 23, 8]",0.1320624713092939
mixed_cnn_sequence_dnase_h3k4me3_seed_44_kernel_5,cnn(5|3),mixed,none,,sequence_dnase_h3k4me3,44,5,"[11724, 23, 8]","[2512, 23, 8]","[2513, 23, 8]",0.1220128456076243
mixed_cnn_sequence_dnase_h3k4me3_seed_43_kernel_5,cnn(5|3),mixed,none,,sequence_dnase_h3k4me3,43,5,"[11724, 23, 8]","[2512, 23, 8]","[2513, 23, 8]",0.1110575845459127
mixed_cnn_sequence_dnase_h3k4me3_seed_45_kernel_5,cnn(5|3),mixed,none,,sequence_dnase_h3k4me3,45,5,"[11724, 23, 8]","[2512, 23, 8]","[2513, 23, 8]",0.1532333094838891
mixed_cnn_sequence_dnase_h3k4me3_seed_44_kernel_7,cnn(7|3),mixed,none,,sequence_dnase_h3k4me3,44,7,"[11724, 23, 8]","[2512, 23, 8]","[2513, 23, 8]",0.1207716862122125
mixed_cnn_sequence_dnase_h3k4me3_seed_42_kernel_7,cnn(7|3),mixed,none,,sequence_dnase_h3k4me3,42,7,"[11724, 23, 8]","[2512, 23, 8]","[2513, 23, 8]",0.1417850950777544
mixed_cnn_sequence_dnase_h3k4me3_seed_43_kernel_7,cnn(7|3),mixed,none,,sequence_dnase_h3k4me3,43,7,"[11724, 23, 8]","[2512, 23, 8]","[2513, 23, 8]",0.1457181714345614
mixed_cnn_sequence_dnase_h3k4me3_seed_45_kernel_7,cnn(7|3),mixed,none,,sequence_dnase_h3k4me3,45,7,"[11724, 23, 8]","[2512, 23, 8]","[2513, 23, 8]",0.1632553583981569
mixed_transformer_sequence_dnase_h3k4me3_seed_44,transformer,mixed,none,,sequence_dnase_h3k4me3,44,3,"[11724, 23, 8]","[2512, 23, 8]","[2513, 23, 8]",0.0957869459385909
mixed_transformer_sequence_dnase_h3k4me3_seed_42,transformer,mixed,none,,sequence_dnase_h3k4me3,42,3,"[11724, 23, 8]","[2512, 23, 8]","[2513, 23, 8]",0.0955706674942473
mixed_transformer_sequence_dnase_h3k4me3_seed_45,transformer,mixed,none,,sequence_dnase_h3k4me3,45,3,"[11724, 23, 8]","[2512, 23, 8]","[2513, 23, 8]",0.1152173959311003
mixed_transformer_sequence_dnase_h3k4me3_seed_43,transformer,mixed,none,,sequence_dnase_h3k4me3,43,3,"[11724, 23, 8]","[2512, 23, 8]","[2513, 23, 8]",0.1327898386710837
mixed_linear_sequence_dnase_rrbs_seed_43,linear,mixed,none,,sequence_dnase_rrbs,43,3,"[11724, 184]","[2512, 184]","[2513, 184]",0.096208220265393
mixed_linear_sequence_dnase_rrbs_seed_42,linear,mixed,none,,sequence_dnase_rrbs,42,3,"[11724, 184]","[2512, 184]","[2513, 184]",-2.0037890397730835e+17
mixed_linear_sequence_dnase_rrbs_seed_45,linear,mixed,none,,sequence_dnase_rrbs,45,3,"[11724, 184]","[2512, 184]","[2513, 184]",0.0824138292241811
mixed_linear_sequence_dnase_rrbs_seed_44,linear,mixed,none,,sequence_dnase_rrbs,44,3,"[11724, 184]","[2512, 184]","[2513, 184]",-2.505109676178888e+17
mixed_xgboost_sequence_dnase_rrbs_seed_43,xgboost,mixed,none,,sequence_dnase_rrbs,43,3,"[11724, 184]","[2512, 184]","[2513, 184]",0.1638882113512456
mixed_xgboost_sequence_dnase_rrbs_seed_44,xgboost,mixed,none,,sequence_dnase_rrbs,44,3,"[11724, 184]","[2512, 184]","[2513, 184]",0.1435557314508662
mixed_xgboost_sequence_dnase_rrbs_seed_42,xgboost,mixed,none,,sequence_dnase_rrbs,42,3,"[11724, 184]","[2512, 184]","[2513, 184]",0.156020697178134
mixed_xgboost_sequence_dnase_rrbs_seed_45,xgboost,mixed,none,,sequence_dnase_rrbs,45,3,"[11724, 184]","[2512, 184]","[2513, 184]",0.1812491442321739
mixed_mlp_sequence_dnase_rrbs_seed_42,mlp,mixed,none,,sequence_dnase_rrbs,42,3,"[11724, 184]","[2512, 184]","[2513, 184]",0.104077086878408
mixed_mlp_sequence_dnase_rrbs_seed_44,mlp,mixed,none,,sequence_dnase_rrbs,44,3,"[11724, 184]","[2512, 184]","[2513, 184]",0.0835993785191654
mixed_mlp_sequence_dnase_rrbs_seed_43,mlp,mixed,none,,sequence_dnase_rrbs,43,3,"[11724, 184]","[2512, 184]","[2513, 184]",0.0954187273451548
mixed_mlp_sequence_dnase_rrbs_seed_45,mlp,mixed,none,,sequence_dnase_rrbs,45,3,"[11724, 184]","[2512, 184]","[2513, 184]",0.137079590842173
mixed_cnn_sequence_dnase_rrbs_seed_44_kernel_3,cnn(3|3),mixed,none,,sequence_dnase_rrbs,44,3,"[11724, 23, 8]","[2512, 23, 8]","[2513, 23, 8]",0.0351515920325914
mixed_cnn_sequence_dnase_rrbs_seed_43_kernel_3,cnn(3|3),mixed,none,,sequence_dnase_rrbs,43,3,"[11724, 23, 8]","[2512, 23, 8]","[2513, 23, 8]",0.0558499906038043
mixed_cnn_sequence_dnase_rrbs_seed_42_kernel_3,cnn(3|3),mixed,none,,sequence_dnase_rrbs,42,3,"[11724, 23, 8]","[2512, 23, 8]","[2513, 23, 8]",0.0642550695909355
mixed_cnn_sequence_dnase_rrbs_seed_45_kernel_3,cnn(3|3),mixed,none,,sequence_dnase_rrbs,45,3,"[11724, 23, 8]","[2512, 23, 8]","[2513, 23, 8]",0.0678816913193787
mixed_cnn_sequence_dnase_rrbs_seed_45_kernel_5,cnn(5|3),mixed,none,,sequence_dnase_rrbs,45,5,"[11724, 23, 8]","[2512, 23, 8]","[2513, 23, 8]",0.1423960779818442
mixed_cnn_sequence_dnase_rrbs_seed_43_kernel_5,cnn(5|3),mixed,none,,sequence_dnase_rrbs,43,5,"[11724, 23, 8]","[2512, 23, 8]","[2513, 23, 8]",0.1228393927721009
mixed_cnn_sequence_dnase_rrbs_seed_42_kernel_5,cnn(5|3),mixed,none,,sequence_dnase_rrbs,42,5,"[11724, 23, 8]","[2512, 23, 8]","[2513, 23, 8]",0.126351644376721
mixed_cnn_sequence_dnase_rrbs_seed_44_kernel_5,cnn(5|3),mixed,none,,sequence_dnase_rrbs,44,5,"[11724, 23, 8]","[2512, 23, 8]","[2513, 23, 8]",0.1029381689511087
mixed_cnn_sequence_dnase_rrbs_seed_42_kernel_7,cnn(7|3),mixed,none,,sequence_dnase_rrbs,42,7,"[11724, 23, 8]","[2512, 23, 8]","[2513, 23, 8]",0.1543619461964768
mixed_cnn_sequence_dnase_rrbs_seed_44_kernel_7,cnn(7|3),mixed,none,,sequence_dnase_rrbs,44,7,"[11724, 23, 8]","[2512, 23, 8]","[2513, 23, 8]",0.1035551056151571
mixed_cnn_sequence_dnase_rrbs_seed_43_kernel_7,cnn(7|3),mixed,none,,sequence_dnase_rrbs,43,7,"[11724, 23, 8]","[2512, 23, 8]","[2513, 23, 8]",0.1550892225174718
mixed_cnn_sequence_dnase_rrbs_seed_45_kernel_7,cnn(7|3),mixed,none,,sequence_dnase_rrbs,45,7,"[11724, 23, 8]","[2512, 23, 8]","[2513, 23, 8]",0.1542471326477019
mixed_transformer_sequence_dnase_rrbs_seed_43,transformer,mixed,none,,sequence_dnase_rrbs,43,3,"[11724, 23, 8]","[2512, 23, 8]","[2513, 23, 8]",0.1312507963503428
mixed_transformer_sequence_dnase_rrbs_seed_42,transformer,mixed,none,,sequence_dnase_rrbs,42,3,"[11724, 23, 8]","[2512, 23, 8]","[2513, 23, 8]",0.0793062558840108
mixed_transformer_sequence_dnase_rrbs_seed_44,transformer,mixed,none,,sequence_dnase_rrbs,44,3,"[11724, 23, 8]","[2512, 23, 8]","[2513, 23, 8]",0.1050106467965563
mixed_transformer_sequence_dnase_rrbs_seed_45,transformer,mixed,none,,sequence_dnase_rrbs,45,3,"[11724, 23, 8]","[2512, 23, 8]","[2513, 23, 8]",0.1247722956021438
mixed_linear_sequence_h3k4me3_rrbs_seed_44,linear,mixed,none,,sequence_h3k4me3_rrbs,44,3,"[11724, 184]","[2512, 184]","[2513, 184]",0.0712023617662284
mixed_linear_sequence_h3k4me3_rrbs_seed_42,linear,mixed,none,,sequence_h3k4me3_rrbs,42,3,"[11724, 184]","[2512, 184]","[2513, 184]",0.0739231068210439
mixed_linear_sequence_h3k4me3_rrbs_seed_45,linear,mixed,none,,sequence_h3k4me3_rrbs,45,3,"[11724, 184]","[2512, 184]","[2513, 184]",0.0844802822855559
mixed_linear_sequence_h3k4me3_rrbs_seed_43,linear,mixed,none,,sequence_h3k4me3_rrbs,43,3,"[11724, 184]","[2512, 184]","[2513, 184]",0.0952676013594397
mixed_xgboost_sequence_h3k4me3_rrbs_seed_43,xgboost,mixed,none,,sequence_h3k4me3_rrbs,43,3,"[11724, 184]","[2512, 184]","[2513, 184]",0.1674236335875233
mixed_xgboost_sequence_h3k4me3_rrbs_seed_44,xgboost,mixed,none,,sequence_h3k4me3_rrbs,44,3,"[11724, 184]","[2512, 184]","[2513, 184]",0.1491232178778238
mixed_xgboost_sequence_h3k4me3_rrbs_seed_45,xgboost,mixed,none,,sequence_h3k4me3_rrbs,45,3,"[11724, 184]","[2512, 184]","[2513, 184]",0.1806546482419996
mixed_xgboost_sequence_h3k4me3_rrbs_seed_42,xgboost,mixed,none,,sequence_h3k4me3_rrbs,42,3,"[11724, 184]","[2512, 184]","[2513, 184]",0.1535140125516932
mixed_mlp_sequence_h3k4me3_rrbs_seed_44,mlp,mixed,none,,sequence_h3k4me3_rrbs,44,3,"[11724, 184]","[2512, 184]","[2513, 184]",0.1030234607496781
mixed_mlp_sequence_h3k4me3_rrbs_seed_43,mlp,mixed,none,,sequence_h3k4me3_rrbs,43,3,"[11724, 184]","[2512, 184]","[2513, 184]",0.1147307958047028
mixed_mlp_sequence_h3k4me3_rrbs_seed_42,mlp,mixed,none,,sequence_h3k4me3_rrbs,42,3,"[11724, 184]","[2512, 184]","[2513, 184]",0.0976658908434376
mixed_mlp_sequence_h3k4me3_rrbs_seed_45,mlp,mixed,none,,sequence_h3k4me3_rrbs,45,3,"[11724, 184]","[2512, 184]","[2513, 184]",0.1067118959375369
mixed_cnn_sequence_h3k4me3_rrbs_seed_42_kernel_3,cnn(3|3),mixed,none,,sequence_h3k4me3_rrbs,42,3,"[11724, 23, 8]","[2512, 23, 8]","[2513, 23, 8]",0.0435545298369326
mixed_cnn_sequence_h3k4me3_rrbs_seed_44_kernel_3,cnn(3|3),mixed,none,,sequence_h3k4me3_rrbs,44,3,"[11724, 23, 8]","[2512, 23, 8]","[2513, 23, 8]",0.0507168599053132
mixed_cnn_sequence_h3k4me3_rrbs_seed_43_kernel_3,cnn(3|3),mixed,none,,sequence_h3k4me3_rrbs,43,3,"[11724, 23, 8]","[2512, 23, 8]","[2513, 23, 8]",0.062727362466285
mixed_cnn_sequence_h3k4me3_rrbs_seed_45_kernel_3,cnn(3|3),mixed,none,,sequence_h3k4me3_rrbs,45,3,"[11724, 23, 8]","[2512, 23, 8]","[2513, 23, 8]",0.0652698963458365
mixed_cnn_sequence_h3k4me3_rrbs_seed_42_kernel_5,cnn(5|3),mixed,none,,sequence_h3k4me3_rrbs,42,5,"[11724, 23, 8]","[2512, 23, 8]","[2513, 23, 8]",0.1426967132484705
mixed_cnn_sequence_h3k4me3_rrbs_seed_45_kernel_5,cnn(5|3),mixed,none,,sequence_h3k4me3_rrbs,45,5,"[11724, 23, 8]","[2512, 23, 8]","[2513, 23, 8]",0.1433102002751943
mixed_cnn_sequence_h3k4me3_rrbs_seed_43_kernel_5,cnn(5|3),mixed,none,,sequence_h3k4me3_rrbs,43,5,"[11724, 23, 8]","[2512, 23, 8]","[2513, 23, 8]",0.1271666658491022
mixed_cnn_sequence_h3k4me3_rrbs_seed_44_kernel_5,cnn(5|3),mixed,none,,sequence_h3k4me3_rrbs,44,5,"[11724, 23, 8]","[2512, 23, 8]","[2513, 23, 8]",0.1153544708826211
mixed_cnn_sequence_h3k4me3_rrbs_seed_42_kernel_7,cnn(7|3),mixed,none,,sequence_h3k4me3_rrbs,42,7,"[11724, 23, 8]","[2512, 23, 8]","[2513, 23, 8]",0.1522149288009828
mixed_cnn_sequence_h3k4me3_rrbs_seed_44_kernel_7,cnn(7|3),mixed,none,,sequence_h3k4me3_rrbs,44,7,"[11724, 23, 8]","[2512, 23, 8]","[2513, 23, 8]",0.1127019497291006
mixed_cnn_sequence_h3k4me3_rrbs_seed_43_kernel_7,cnn(7|3),mixed,none,,sequence_h3k4me3_rrbs,43,7,"[11724, 23, 8]","[2512, 23, 8]","[2513, 23, 8]",0.1262019140048111
mixed_cnn_sequence_h3k4me3_rrbs_seed_45_kernel_7,cnn(7|3),mixed,none,,sequence_h3k4me3_rrbs,45,7,"[11724, 23, 8]","[2512, 23, 8]","[2513, 23, 8]",0.1710770685852232
mixed_transformer_sequence_h3k4me3_rrbs_seed_45,transformer,mixed,none,,sequence_h3k4me3_rrbs,45,3,"[11724, 23, 8]","[2512, 23, 8]","[2513, 23, 8]",0.1408589872829935
mixed_transformer_sequence_h3k4me3_rrbs_seed_42,transformer,mixed,none,,sequence_h3k4me3_rrbs,42,3,"[11724, 23, 8]","[2512, 23, 8]","[2513, 23, 8]",0.1005415406859384
mixed_transformer_sequence_h3k4me3_rrbs_seed_44,transformer,mixed,none,,sequence_h3k4me3_rrbs,44,3,"[11724, 23, 8]","[2512, 23, 8]","[2513, 23, 8]",0.0999466077134695
mixed_transformer_sequence_h3k4me3_rrbs_seed_43,transformer,mixed,none,,sequence_h3k4me3_rrbs,43,3,"[11724, 23, 8]","[2512, 23, 8]","[2513, 23, 8]",0.1151739079188637
mixed_linear_sequence_ctcf_dnase_h3k4me3_seed_44,linear,mixed,none,,sequence_ctcf_dnase_h3k4me3,44,3,"[11724, 184]","[2512, 184]","[2513, 184]",0.0687171934382231
mixed_linear_sequence_ctcf_dnase_h3k4me3_seed_45,linear,mixed,none,,sequence_ctcf_dnase_h3k4me3,45,3,"[11724, 184]","[2512, 184]","[2513, 184]",0.0812143941224543
mixed_linear_sequence_ctcf_dnase_h3k4me3_seed_42,linear,mixed,none,,sequence_ctcf_dnase_h3k4me3,42,3,"[11724, 184]","[2512, 184]","[2513, 184]",-1.7053980859653565e+17
mixed_linear_sequence_ctcf_dnase_h3k4me3_seed_43,linear,mixed,none,,sequence_ctcf_dnase_h3k4me3,43,3,"[11724, 184]","[2512, 184]","[2513, 184]",0.0902310094277037
mixed_xgboost_sequence_ctcf_dnase_h3k4me3_seed_44,xgboost,mixed,none,,sequence_ctcf_dnase_h3k4me3,44,3,"[11724, 184]","[2512, 184]","[2513, 184]",0.1541299380860199
mixed_xgboost_sequence_ctcf_dnase_h3k4me3_seed_45,xgboost,mixed,none,,sequence_ctcf_dnase_h3k4me3,45,3,"[11724, 184]","[2512, 184]","[2513, 184]",0.1802832599214128
mixed_xgboost_sequence_ctcf_dnase_h3k4me3_seed_43,xgboost,mixed,none,,sequence_ctcf_dnase_h3k4me3,43,3,"[11724, 184]","[2512, 184]","[2513, 184]",0.1696404204372736
mixed_xgboost_sequence_ctcf_dnase_h3k4me3_seed_42,xgboost,mixed,none,,sequence_ctcf_dnase_h3k4me3,42,3,"[11724, 184]","[2512, 184]","[2513, 184]",0.150707622069884
mixed_mlp_sequence_ctcf_dnase_h3k4me3_seed_44,mlp,mixed,none,,sequence_ctcf_dnase_h3k4me3,44,3,"[11724, 184]","[2512, 184]","[2513, 184]",0.0944052754591964
mixed_mlp_sequence_ctcf_dnase_h3k4me3_seed_42,mlp,mixed,none,,sequence_ctcf_dnase_h3k4me3,42,3,"[11724, 184]","[2512, 184]","[2513, 184]",0.0720959531184798
mixed_mlp_sequence_ctcf_dnase_h3k4me3_seed_45,mlp,mixed,none,,sequence_ctcf_dnase_h3k4me3,45,3,"[11724, 184]","[2512, 184]","[2513, 184]",0.1289142437252901
mixed_mlp_sequence_ctcf_dnase_h3k4me3_seed_43,mlp,mixed,none,,sequence_ctcf_dnase_h3k4me3,43,3,"[11724, 184]","[2512, 184]","[2513, 184]",0.1075321691652437
mixed_cnn_sequence_ctcf_dnase_h3k4me3_seed_44_kernel_3,cnn(3|3),mixed,none,,sequence_ctcf_dnase_h3k4me3,44,3,"[11724, 23, 8]","[2512, 23, 8]","[2513, 23, 8]",0.0543874878717897
mixed_cnn_sequence_ctcf_dnase_h3k4me3_seed_43_kernel_3,cnn(3|3),mixed,none,,sequence_ctcf_dnase_h3k4me3,43,3,"[11724, 23, 8]","[2512, 23, 8]","[2513, 23, 8]",0.053426464220238
mixed_cnn_sequence_ctcf_dnase_h3k4me3_seed_45_kernel_3,cnn(3|3),mixed,none,,sequence_ctcf_dnase_h3k4me3,45,3,"[11724, 23, 8]","[2512, 23, 8]","[2513, 23, 8]",0.0691747597717133
mixed_cnn_sequence_ctcf_dnase_h3k4me3_seed_42_kernel_3,cnn(3|3),mixed,none,,sequence_ctcf_dnase_h3k4me3,42,3,"[11724, 23, 8]","[2512, 23, 8]","[2513, 23, 8]",0.050745879008328
mixed_cnn_sequence_ctcf_dnase_h3k4me3_seed_45_kernel_5,cnn(5|3),mixed,none,,sequence_ctcf_dnase_h3k4me3,45,5,"[11724, 23, 8]","[2512, 23, 8]","[2513, 23, 8]",0.1618160335774527
mixed_cnn_sequence_ctcf_dnase_h3k4me3_seed_42_kernel_5,cnn(5|3),mixed,none,,sequence_ctcf_dnase_h3k4me3,42,5,"[11724, 23, 8]","[2512, 23, 8]","[2513, 23, 8]",0.1345550727979805
mixed_cnn_sequence_ctcf_dnase_h3k4me3_seed_44_kernel_5,cnn(5|3),mixed,none,,sequence_ctcf_dnase_h3k4me3,44,5,"[11724, 23, 8]","[2512, 23, 8]","[2513, 23, 8]",0.1423722582976851
mixed_cnn_sequence_ctcf_dnase_h3k4me3_seed_43_kernel_5,cnn(5|3),mixed,none,,sequence_ctcf_dnase_h3k4me3,43,5,"[11724, 23, 8]","[2512, 23, 8]","[2513, 23, 8]",0.1235706690064571
mixed_cnn_sequence_ctcf_dnase_h3k4me3_seed_43_kernel_7,cnn(7|3),mixed,none,,sequence_ctcf_dnase_h3k4me3,43,7,"[11724, 23, 8]","[2512, 23, 8]","[2513, 23, 8]",0.1606934066610583
mixed_cnn_sequence_ctcf_dnase_h3k4me3_seed_42_kernel_7,cnn(7|3),mixed,none,,sequence_ctcf_dnase_h3k4me3,42,7,"[11724, 23, 8]","[2512, 23, 8]","[2513, 23, 8]",0.1524383124902965
mixed_cnn_sequence_ctcf_dnase_h3k4me3_seed_44_kernel_7,cnn(7|3),mixed,none,,sequence_ctcf_dnase_h3k4me3,44,7,"[11724, 23, 8]","[2512, 23, 8]","[2513, 23, 8]",0.1222814665465771
mixed_cnn_sequence_ctcf_dnase_h3k4me3_seed_45_kernel_7,cnn(7|3),mixed,none,,sequence_ctcf_dnase_h3k4me3,45,7,"[11724, 23, 8]","[2512, 23, 8]","[2513, 23, 8]",0.1645326354351238
mixed_transformer_sequence_ctcf_dnase_h3k4me3_seed_43,transformer,mixed,none,,sequence_ctcf_dnase_h3k4me3,43,3,"[11724, 23, 8]","[2512, 23, 8]","[2513, 23, 8]",0.1017546277133767
mixed_transformer_sequence_ctcf_dnase_h3k4me3_seed_42,transformer,mixed,none,,sequence_ctcf_dnase_h3k4me3,42,3,"[11724, 23, 8]","[2512, 23, 8]","[2513, 23, 8]",0.0955403738030415
mixed_transformer_sequence_ctcf_dnase_h3k4me3_seed_45,transformer,mixed,none,,sequence_ctcf_dnase_h3k4me3,45,3,"[11724, 23, 8]","[2512, 23, 8]","[2513, 23, 8]",0.1049414850191102
mixed_transformer_sequence_ctcf_dnase_h3k4me3_seed_44,transformer,mixed,none,,sequence_ctcf_dnase_h3k4me3,44,3,"[11724, 23, 8]","[2512, 23, 8]","[2513, 23, 8]",0.114760986906561
mixed_linear_sequence_ctcf_dnase_rrbs_seed_43,linear,mixed,none,,sequence_ctcf_dnase_rrbs,43,3,"[11724, 184]","[2512, 184]","[2513, 184]",0.0923344413623324
mixed_linear_sequence_ctcf_dnase_rrbs_seed_42,linear,mixed,none,,sequence_ctcf_dnase_rrbs,42,3,"[11724, 184]","[2512, 184]","[2513, 184]",-4.354256367666806e+18
mixed_linear_sequence_ctcf_dnase_rrbs_seed_44,linear,mixed,none,,sequence_ctcf_dnase_rrbs,44,3,"[11724, 184]","[2512, 184]","[2513, 184]",-4.525808726726521e+19
mixed_linear_sequence_ctcf_dnase_rrbs_seed_45,linear,mixed,none,,sequence_ctcf_dnase_rrbs,45,3,"[11724, 184]","[2512, 184]","[2513, 184]",0.0825990957855448
mixed_xgboost_sequence_ctcf_dnase_rrbs_seed_42,xgboost,mixed,none,,sequence_ctcf_dnase_rrbs,42,3,"[11724, 184]","[2512, 184]","[2513, 184]",0.1533276428575277
mixed_xgboost_sequence_ctcf_dnase_rrbs_seed_45,xgboost,mixed,none,,sequence_ctcf_dnase_rrbs,45,3,"[11724, 184]","[2512, 184]","[2513, 184]",0.1812922239693785
mixed_xgboost_sequence_ctcf_dnase_rrbs_seed_44,xgboost,mixed,none,,sequence_ctcf_dnase_rrbs,44,3,"[11724, 184]","[2512, 184]","[2513, 184]",0.1471694087221671
mixed_xgboost_sequence_ctcf_dnase_rrbs_seed_43,xgboost,mixed,none,,sequence_ctcf_dnase_rrbs,43,3,"[11724, 184]","[2512, 184]","[2513, 184]",0.1641699583533247
mixed_mlp_sequence_ctcf_dnase_rrbs_seed_42,mlp,mixed,none,,sequence_ctcf_dnase_rrbs,42,3,"[11724, 184]","[2512, 184]","[2513, 184]",0.0714551458029825
mixed_mlp_sequence_ctcf_dnase_rrbs_seed_43,mlp,mixed,none,,sequence_ctcf_dnase_rrbs,43,3,"[11724, 184]","[2512, 184]","[2513, 184]",0.1230284085636165
mixed_mlp_sequence_ctcf_dnase_rrbs_seed_45,mlp,mixed,none,,sequence_ctcf_dnase_rrbs,45,3,"[11724, 184]","[2512, 184]","[2513, 184]",0.1181297420690602
mixed_mlp_sequence_ctcf_dnase_rrbs_seed_44,mlp,mixed,none,,sequence_ctcf_dnase_rrbs,44,3,"[11724, 184]","[2512, 184]","[2513, 184]",0.1139162199860417
mixed_cnn_sequence_ctcf_dnase_rrbs_seed_44_kernel_3,cnn(3|3),mixed,none,,sequence_ctcf_dnase_rrbs,44,3,"[11724, 23, 8]","[2512, 23, 8]","[2513, 23, 8]",0.054882466225142
mixed_cnn_sequence_ctcf_dnase_rrbs_seed_43_kernel_3,cnn(3|3),mixed,none,,sequence_ctcf_dnase_rrbs,43,3,"[11724, 23, 8]","[2512, 23, 8]","[2513, 23, 8]",0.0603135196692073
mixed_cnn_sequence_ctcf_dnase_rrbs_seed_42_kernel_3,cnn(3|3),mixed,none,,sequence_ctcf_dnase_rrbs,42,3,"[11724, 23, 8]","[2512, 23, 8]","[2513, 23, 8]",0.0649375501860264
mixed_cnn_sequence_ctcf_dnase_rrbs_seed_45_kernel_3,cnn(3|3),mixed,none,,sequence_ctcf_dnase_rrbs,45,3,"[11724, 23, 8]","[2512, 23, 8]","[2513, 23, 8]",0.0694385862709638
mixed_cnn_sequence_ctcf_dnase_rrbs_seed_43_kernel_5,cnn(5|3),mixed,none,,sequence_ctcf_dnase_rrbs,43,5,"[11724, 23, 8]","[2512, 23, 8]","[2513, 23, 8]",0.1388568906855219
mixed_cnn_sequence_ctcf_dnase_rrbs_seed_44_kernel_5,cnn(5|3),mixed,none,,sequence_ctcf_dnase_rrbs,44,5,"[11724, 23, 8]","[2512, 23, 8]","[2513, 23, 8]",0.1301833822262321
mixed_cnn_sequence_ctcf_dnase_rrbs_seed_42_kernel_5,cnn(5|3),mixed,none,,sequence_ctcf_dnase_rrbs,42,5,"[11724, 23, 8]","[2512, 23, 8]","[2513, 23, 8]",0.1301074047592311
mixed_cnn_sequence_ctcf_dnase_rrbs_seed_45_kernel_5,cnn(5|3),mixed,none,,sequence_ctcf_dnase_rrbs,45,5,"[11724, 23, 8]","[2512, 23, 8]","[2513, 23, 8]",0.1374134800583749
mixed_cnn_sequence_ctcf_dnase_rrbs_seed_45_kernel_7,cnn(7|3),mixed,none,,sequence_ctcf_dnase_rrbs,45,7,"[11724, 23, 8]","[2512, 23, 8]","[2513, 23, 8]",0.1606921129998696
mixed_cnn_sequence_ctcf_dnase_rrbs_seed_42_kernel_7,cnn(7|3),mixed,none,,sequence_ctcf_dnase_rrbs,42,7,"[11724, 23, 8]","[2512, 23, 8]","[2513, 23, 8]",0.157151222824042
mixed_cnn_sequence_ctcf_dnase_rrbs_seed_44_kernel_7,cnn(7|3),mixed,none,,sequence_ctcf_dnase_rrbs,44,7,"[11724, 23, 8]","[2512, 23, 8]","[2513, 23, 8]",0.1251838285294856
mixed_cnn_sequence_ctcf_dnase_rrbs_seed_43_kernel_7,cnn(7|3),mixed,none,,sequence_ctcf_dnase_rrbs,43,7,"[11724, 23, 8]","[2512, 23, 8]","[2513, 23, 8]",0.1324866745917305
mixed_transformer_sequence_ctcf_dnase_rrbs_seed_45,transformer,mixed,none,,sequence_ctcf_dnase_rrbs,45,3,"[11724, 23, 8]","[2512, 23, 8]","[2513, 23, 8]",0.1273273315032785
mixed_transformer_sequence_ctcf_dnase_rrbs_seed_43,transformer,mixed,none,,sequence_ctcf_dnase_rrbs,43,3,"[11724, 23, 8]","[2512, 23, 8]","[2513, 23, 8]",0.1150233515508235
mixed_transformer_sequence_ctcf_dnase_rrbs_seed_44,transformer,mixed,none,,sequence_ctcf_dnase_rrbs,44,3,"[11724, 23, 8]","[2512, 23, 8]","[2513, 23, 8]",0.0882432187166925
mixed_transformer_sequence_ctcf_dnase_rrbs_seed_42,transformer,mixed,none,,sequence_ctcf_dnase_rrbs,42,3,"[11724, 23, 8]","[2512, 23, 8]","[2513, 23, 8]",0.1036311594469939
mixed_linear_sequence_ctcf_h3k4me3_rrbs_seed_42,linear,mixed,none,,sequence_ctcf_h3k4me3_rrbs,42,3,"[11724, 184]","[2512, 184]","[2513, 184]",0.0735489372859828
mixed_linear_sequence_ctcf_h3k4me3_rrbs_seed_45,linear,mixed,none,,sequence_ctcf_h3k4me3_rrbs,45,3,"[11724, 184]","[2512, 184]","[2513, 184]",0.0842391328366305
mixed_linear_sequence_ctcf_h3k4me3_rrbs_seed_43,linear,mixed,none,,sequence_ctcf_h3k4me3_rrbs,43,3,"[11724, 184]","[2512, 184]","[2513, 184]",0.0913201520752944
mixed_linear_sequence_ctcf_h3k4me3_rrbs_seed_44,linear,mixed,none,,sequence_ctcf_h3k4me3_rrbs,44,3,"[11724, 184]","[2512, 184]","[2513, 184]",0.0688499224989133
mixed_xgboost_sequence_ctcf_h3k4me3_rrbs_seed_42,xgboost,mixed,none,,sequence_ctcf_h3k4me3_rrbs,42,3,"[11724, 184]","[2512, 184]","[2513, 184]",0.1577532684069936
mixed_xgboost_sequence_ctcf_h3k4me3_rrbs_seed_43,xgboost,mixed,none,,sequence_ctcf_h3k4me3_rrbs,43,3,"[11724, 184]","[2512, 184]","[2513, 184]",0.1668933793597212
mixed_xgboost_sequence_ctcf_h3k4me3_rrbs_seed_45,xgboost,mixed,none,,sequence_ctcf_h3k4me3_rrbs,45,3,"[11724, 184]","[2512, 184]","[2513, 184]",0.1840311684826223
mixed_xgboost_sequence_ctcf_h3k4me3_rrbs_seed_44,xgboost,mixed,none,,sequence_ctcf_h3k4me3_rrbs,44,3,"[11724, 184]","[2512, 184]","[2513, 184]",0.1507931330588985
mixed_mlp_sequence_ctcf_h3k4me3_rrbs_seed_44,mlp,mixed,none,,sequence_ctcf_h3k4me3_rrbs,44,3,"[11724, 184]","[2512, 184]","[2513, 184]",0.0946947676723727
mixed_mlp_sequence_ctcf_h3k4me3_rrbs_seed_45,mlp,mixed,none,,sequence_ctcf_h3k4me3_rrbs,45,3,"[11724, 184]","[2512, 184]","[2513, 184]",0.120930751424343
mixed_mlp_sequence_ctcf_h3k4me3_rrbs_seed_43,mlp,mixed,none,,sequence_ctcf_h3k4me3_rrbs,43,3,"[11724, 184]","[2512, 184]","[2513, 184]",0.1056536520904695
mixed_mlp_sequence_ctcf_h3k4me3_rrbs_seed_42,mlp,mixed,none,,sequence_ctcf_h3k4me3_rrbs,42,3,"[11724, 184]","[2512, 184]","[2513, 184]",0.0834516728926687
mixed_cnn_sequence_ctcf_h3k4me3_rrbs_seed_43_kernel_3,cnn(3|3),mixed,none,,sequence_ctcf_h3k4me3_rrbs,43,3,"[11724, 23, 8]","[2512, 23, 8]","[2513, 23, 8]",0.0714614614360541
mixed_cnn_sequence_ctcf_h3k4me3_rrbs_seed_44_kernel_3,cnn(3|3),mixed,none,,sequence_ctcf_h3k4me3_rrbs,44,3,"[11724, 23, 8]","[2512, 23, 8]","[2513, 23, 8]",0.0540341363623989
mixed_cnn_sequence_ctcf_h3k4me3_rrbs_seed_42_kernel_3,cnn(3|3),mixed,none,,sequence_ctcf_h3k4me3_rrbs,42,3,"[11724, 23, 8]","[2512, 23, 8]","[2513, 23, 8]",0.0574582083737336
mixed_cnn_sequence_ctcf_h3k4me3_rrbs_seed_45_kernel_3,cnn(3|3),mixed,none,,sequence_ctcf_h3k4me3_rrbs,45,3,"[11724, 23, 8]","[2512, 23, 8]","[2513, 23, 8]",0.0701721006277662
mixed_cnn_sequence_ctcf_h3k4me3_rrbs_seed_42_kernel_5,cnn(5|3),mixed,none,,sequence_ctcf_h3k4me3_rrbs,42,5,"[11724, 23, 8]","[2512, 23, 8]","[2513, 23, 8]",0.1385787470089258
mixed_cnn_sequence_ctcf_h3k4me3_rrbs_seed_45_kernel_5,cnn(5|3),mixed,none,,sequence_ctcf_h3k4me3_rrbs,45,5,"[11724, 23, 8]","[2512, 23, 8]","[2513, 23, 8]",0.1189971947470776
mixed_cnn_sequence_ctcf_h3k4me3_rrbs_seed_43_kernel_5,cnn(5|3),mixed,none,,sequence_ctcf_h3k4me3_rrbs,43,5,"[11724, 23, 8]","[2512, 23, 8]","[2513, 23, 8]",0.1426051948277863
mixed_cnn_sequence_ctcf_h3k4me3_rrbs_seed_44_kernel_5,cnn(5|3),mixed,none,,sequence_ctcf_h3k4me3_rrbs,44,5,"[11724, 23, 8]","[2512, 23, 8]","[2513, 23, 8]",0.1232839769614186
mixed_cnn_sequence_ctcf_h3k4me3_rrbs_seed_45_kernel_7,cnn(7|3),mixed,none,,sequence_ctcf_h3k4me3_rrbs,45,7,"[11724, 23, 8]","[2512, 23, 8]","[2513, 23, 8]",0.1683014159324597
mixed_cnn_sequence_ctcf_h3k4me3_rrbs_seed_42_kernel_7,cnn(7|3),mixed,none,,sequence_ctcf_h3k4me3_rrbs,42,7,"[11724, 23, 8]","[2512, 23, 8]","[2513, 23, 8]",0.1417037044800472
mixed_cnn_sequence_ctcf_h3k4me3_rrbs_seed_44_kernel_7,cnn(7|3),mixed,none,,sequence_ctcf_h3k4me3_rrbs,44,7,"[11724, 23, 8]","[2512, 23, 8]","[2513, 23, 8]",0.1547277772262142
mixed_cnn_sequence_ctcf_h3k4me3_rrbs_seed_43_kernel_7,cnn(7|3),mixed,none,,sequence_ctcf_h3k4me3_rrbs,43,7,"[11724, 23, 8]","[2512, 23, 8]","[2513, 23, 8]",0.1666754995469064
mixed_transformer_sequence_ctcf_h3k4me3_rrbs_seed_44,transformer,mixed,none,,sequence_ctcf_h3k4me3_rrbs,44,3,"[11724, 23, 8]","[2512, 23, 8]","[2513, 23, 8]",0.0963319239629668
mixed_transformer_sequence_ctcf_h3k4me3_rrbs_seed_42,transformer,mixed,none,,sequence_ctcf_h3k4me3_rrbs,42,3,"[11724, 23, 8]","[2512, 23, 8]","[2513, 23, 8]",0.0984958092338817
mixed_transformer_sequence_ctcf_h3k4me3_rrbs_seed_43,transformer,mixed,none,,sequence_ctcf_h3k4me3_rrbs,43,3,"[11724, 23, 8]","[2512, 23, 8]","[2513, 23, 8]",0.1280121473113807
mixed_transformer_sequence_ctcf_h3k4me3_rrbs_seed_45,transformer,mixed,none,,sequence_ctcf_h3k4me3_rrbs,45,3,"[11724, 23, 8]","[2512, 23, 8]","[2513, 23, 8]",0.1145079702212024
mixed_linear_sequence_dnase_h3k4me3_rrbs_seed_44,linear,mixed,none,,sequence_dnase_h3k4me3_rrbs,44,3,"[11724, 184]","[2512, 184]","[2513, 184]",-2.083578206513904e+16
mixed_linear_sequence_dnase_h3k4me3_rrbs_seed_42,linear,mixed,none,,sequence_dnase_h3k4me3_rrbs,42,3,"[11724, 184]","[2512, 184]","[2513, 184]",-3.829208634652127e+17
mixed_linear_sequence_dnase_h3k4me3_rrbs_seed_45,linear,mixed,none,,sequence_dnase_h3k4me3_rrbs,45,3,"[11724, 184]","[2512, 184]","[2513, 184]",0.0805390055199195
mixed_linear_sequence_dnase_h3k4me3_rrbs_seed_43,linear,mixed,none,,sequence_dnase_h3k4me3_rrbs,43,3,"[11724, 184]","[2512, 184]","[2513, 184]",0.0934260500904323
mixed_xgboost_sequence_dnase_h3k4me3_rrbs_seed_44,xgboost,mixed,none,,sequence_dnase_h3k4me3_rrbs,44,3,"[11724, 184]","[2512, 184]","[2513, 184]",0.1464095740457865
mixed_xgboost_sequence_dnase_h3k4me3_rrbs_seed_42,xgboost,mixed,none,,sequence_dnase_h3k4me3_rrbs,42,3,"[11724, 184]","[2512, 184]","[2513, 184]",0.1563827862195209
mixed_xgboost_sequence_dnase_h3k4me3_rrbs_seed_45,xgboost,mixed,none,,sequence_dnase_h3k4me3_rrbs,45,3,"[11724, 184]","[2512, 184]","[2513, 184]",0.1781939735985731
mixed_xgboost_sequence_dnase_h3k4me3_rrbs_seed_43,xgboost,mixed,none,,sequence_dnase_h3k4me3_rrbs,43,3,"[11724, 184]","[2512, 184]","[2513, 184]",0.1670684487971881
mixed_mlp_sequence_dnase_h3k4me3_rrbs_seed_42,mlp,mixed,none,,sequence_dnase_h3k4me3_rrbs,42,3,"[11724, 184]","[2512, 184]","[2513, 184]",0.0887466070989198
mixed_mlp_sequence_dnase_h3k4me3_rrbs_seed_45,mlp,mixed,none,,sequence_dnase_h3k4me3_rrbs,45,3,"[11724, 184]","[2512, 184]","[2513, 184]",0.131043874036065
mixed_mlp_sequence_dnase_h3k4me3_rrbs_seed_43,mlp,mixed,none,,sequence_dnase_h3k4me3_rrbs,43,3,"[11724, 184]","[2512, 184]","[2513, 184]",0.1186718056085486
mixed_mlp_sequence_dnase_h3k4me3_rrbs_seed_44,mlp,mixed,none,,sequence_dnase_h3k4me3_rrbs,44,3,"[11724, 184]","[2512, 184]","[2513, 184]",0.1118349676052312
mixed_cnn_sequence_dnase_h3k4me3_rrbs_seed_43_kernel_3,cnn(3|3),mixed,none,,sequence_dnase_h3k4me3_rrbs,43,3,"[11724, 23, 8]","[2512, 23, 8]","[2513, 23, 8]",0.0614588281448021
mixed_cnn_sequence_dnase_h3k4me3_rrbs_seed_42_kernel_3,cnn(3|3),mixed,none,,sequence_dnase_h3k4me3_rrbs,42,3,"[11724, 23, 8]","[2512, 23, 8]","[2513, 23, 8]",0.0612807796862677
mixed_cnn_sequence_dnase_h3k4me3_rrbs_seed_45_kernel_3,cnn(3|3),mixed,none,,sequence_dnase_h3k4me3_rrbs,45,3,"[11724, 23, 8]","[2512, 23, 8]","[2513, 23, 8]",0.0509214281370469
mixed_cnn_sequence_dnase_h3k4me3_rrbs_seed_44_kernel_3,cnn(3|3),mixed,none,,sequence_dnase_h3k4me3_rrbs,44,3,"[11724, 23, 8]","[2512, 23, 8]","[2513, 23, 8]",0.041671874681617
mixed_cnn_sequence_dnase_h3k4me3_rrbs_seed_42_kernel_5,cnn(5|3),mixed,none,,sequence_dnase_h3k4me3_rrbs,42,5,"[11724, 23, 8]","[2512, 23, 8]","[2513, 23, 8]",0.1435289647098161
mixed_cnn_sequence_dnase_h3k4me3_rrbs_seed_45_kernel_5,cnn(5|3),mixed,none,,sequence_dnase_h3k4me3_rrbs,45,5,"[11724, 23, 8]","[2512, 23, 8]","[2513, 23, 8]",0.1378094066843531
mixed_cnn_sequence_dnase_h3k4me3_rrbs_seed_43_kernel_5,cnn(5|3),mixed,none,,sequence_dnase_h3k4me3_rrbs,43,5,"[11724, 23, 8]","[2512, 23, 8]","[2513, 23, 8]",0.143857867838734
mixed_cnn_sequence_dnase_h3k4me3_rrbs_seed_44_kernel_5,cnn(5|3),mixed,none,,sequence_dnase_h3k4me3_rrbs,44,5,"[11724, 23, 8]","[2512, 23, 8]","[2513, 23, 8]",0.1331645463591941
mixed_cnn_sequence_dnase_h3k4me3_rrbs_seed_42_kernel_7,cnn(7|3),mixed,none,,sequence_dnase_h3k4me3_rrbs,42,7,"[11724, 23, 8]","[2512, 23, 8]","[2513, 23, 8]",0.1293560134778323
mixed_cnn_sequence_dnase_h3k4me3_rrbs_seed_45_kernel_7,cnn(7|3),mixed,none,,sequence_dnase_h3k4me3_rrbs,45,7,"[11724, 23, 8]","[2512, 23, 8]","[2513, 23, 8]",0.1341433189371284
mixed_cnn_sequence_dnase_h3k4me3_rrbs_seed_44_kernel_7,cnn(7|3),mixed,none,,sequence_dnase_h3k4me3_rrbs,44,7,"[11724, 23, 8]","[2512, 23, 8]","[2513, 23, 8]",0.1141404951103997
mixed_cnn_sequence_dnase_h3k4me3_rrbs_seed_43_kernel_7,cnn(7|3),mixed,none,,sequence_dnase_h3k4me3_rrbs,43,7,"[11724, 23, 8]","[2512, 23, 8]","[2513, 23, 8]",0.1583676087018604
mixed_transformer_sequence_dnase_h3k4me3_rrbs_seed_44,transformer,mixed,none,,sequence_dnase_h3k4me3_rrbs,44,3,"[11724, 23, 8]","[2512, 23, 8]","[2513, 23, 8]",0.0918355154223248
mixed_transformer_sequence_dnase_h3k4me3_rrbs_seed_43,transformer,mixed,none,,sequence_dnase_h3k4me3_rrbs,43,3,"[11724, 23, 8]","[2512, 23, 8]","[2513, 23, 8]",0.1048411416860289
mixed_transformer_sequence_dnase_h3k4me3_rrbs_seed_42,transformer,mixed,none,,sequence_dnase_h3k4me3_rrbs,42,3,"[11724, 23, 8]","[2512, 23, 8]","[2513, 23, 8]",0.0884130738656741
mixed_transformer_sequence_dnase_h3k4me3_rrbs_seed_45,transformer,mixed,none,,sequence_dnase_h3k4me3_rrbs,45,3,"[11724, 23, 8]","[2512, 23, 8]","[2513, 23, 8]",0.1142409373014983
mixed_linear_all_seed_45,linear,mixed,none,,all,45,3,"[11724, 184]","[2512, 184]","[2513, 184]",0.0807135007873137
mixed_linear_all_seed_43,linear,mixed,none,,all,43,3,"[11724, 184]","[2512, 184]","[2513, 184]",0.0895242087199449
mixed_linear_all_seed_42,linear,mixed,none,,all,42,3,"[11724, 184]","[2512, 184]","[2513, 184]",-3.135537834390648e+18
mixed_linear_all_seed_44,linear,mixed,none,,all,44,3,"[11724, 184]","[2512, 184]","[2513, 184]",-1.882935528215504e+19
mixed_xgboost_all_seed_44,xgboost,mixed,none,,all,44,3,"[11724, 184]","[2512, 184]","[2513, 184]",0.1465376745736367
mixed_xgboost_all_seed_42,xgboost,mixed,none,,all,42,3,"[11724, 184]","[2512, 184]","[2513, 184]",0.1523205415794772
mixed_xgboost_all_seed_45,xgboost,mixed,none,,all,45,3,"[11724, 184]","[2512, 184]","[2513, 184]",0.1822086722524034
mixed_xgboost_all_seed_43,xgboost,mixed,none,,all,43,3,"[11724, 184]","[2512, 184]","[2513, 184]",0.1652257370274169
mixed_mlp_all_seed_43,mlp,mixed,none,,all,43,3,"[11724, 184]","[2512, 184]","[2513, 184]",0.1273314033962054
mixed_mlp_all_seed_44,mlp,mixed,none,,all,44,3,"[11724, 184]","[2512, 184]","[2513, 184]",0.1096528244997347
mixed_mlp_all_seed_45,mlp,mixed,none,,all,45,3,"[11724, 184]","[2512, 184]","[2513, 184]",0.1143064406163423
mixed_mlp_all_seed_42,mlp,mixed,none,,all,42,3,"[11724, 184]","[2512, 184]","[2513, 184]",0.0836117867523253
mixed_cnn_all_seed_45_kernel_3,cnn(3|3),mixed,none,,all,45,3,"[11724, 23, 8]","[2512, 23, 8]","[2513, 23, 8]",0.0767653618172462
mixed_cnn_all_seed_42_kernel_3,cnn(3|3),mixed,none,,all,42,3,"[11724, 23, 8]","[2512, 23, 8]","[2513, 23, 8]",0.0577503289006315
mixed_cnn_all_seed_43_kernel_3,cnn(3|3),mixed,none,,all,43,3,"[11724, 23, 8]","[2512, 23, 8]","[2513, 23, 8]",0.0635840760776559
mixed_cnn_all_seed_44_kernel_3,cnn(3|3),mixed,none,,all,44,3,"[11724, 23, 8]","[2512, 23, 8]","[2513, 23, 8]",0.0516670512689687
mixed_cnn_all_seed_42_kernel_5,cnn(5|3),mixed,none,,all,42,5,"[11724, 23, 8]","[2512, 23, 8]","[2513, 23, 8]",0.1720434143509428
mixed_cnn_all_seed_44_kernel_5,cnn(5|3),mixed,none,,all,44,5,"[11724, 23, 8]","[2512, 23, 8]","[2513, 23, 8]",0.1237304809975
mixed_cnn_all_seed_45_kernel_5,cnn(5|3),mixed,none,,all,45,5,"[11724, 23, 8]","[2512, 23, 8]","[2513, 23, 8]",0.16200946768488
mixed_cnn_all_seed_43_kernel_5,cnn(5|3),mixed,none,,all,43,5,"[11724, 23, 8]","[2512, 23, 8]","[2513, 23, 8]",0.1253706427571895
mixed_cnn_all_seed_43_kernel_7,cnn(7|3),mixed,none,,all,43,7,"[11724, 23, 8]","[2512, 23, 8]","[2513, 23, 8]",0.1557343742832246
mixed_cnn_all_seed_44_kernel_7,cnn(7|3),mixed,none,,all,44,7,"[11724, 23, 8]","[2512, 23, 8]","[2513, 23, 8]",0.1276969367806908
mixed_cnn_all_seed_42_kernel_7,cnn(7|3),mixed,none,,all,42,7,"[11724, 23, 8]","[2512, 23, 8]","[2513, 23, 8]",0.1456455395734835
mixed_cnn_all_seed_45_kernel_7,cnn(7|3),mixed,none,,all,45,7,"[11724, 23, 8]","[2512, 23, 8]","[2513, 23, 8]",0.1696085401132605
mixed_transformer_all_seed_45,transformer,mixed,none,,all,45,3,"[11724, 23, 8]","[2512, 23, 8]","[2513, 23, 8]",0.1291864940152582
mixed_transformer_all_seed_44,transformer,mixed,none,,all,44,3,"[11724, 23, 8]","[2512, 23, 8]","[2513, 23, 8]",0.1028749200816765
mixed_transformer_all_seed_42,transformer,mixed,none,,all,42,3,"[11724, 23, 8]","[2512, 23, 8]","[2513, 23, 8]",0.0785462767004474
mixed_transformer_all_seed_43,transformer,mixed,none,,all,43,3,"[11724, 23, 8]","[2512, 23, 8]","[2513, 23, 8]",0.0978998809266517
