split_type,cell_line,model,full_combination,ablated_environment,reduced_combination,r2_full,r2_reduced,delta_r2_ablation,delta_rmse_ablation,n_paired,status,warning
all,hct116,cnn(3|3),sequence_ctcf,ctcf,sequence,0.0462619734289424,0.0462508330760303,-1.114035291210208e-05,9.79446423715613e-07,1,ok,CI_UNAVAILABLE
all,hct116,cnn(3|3),sequence_dnase,dnase,sequence,0.044802007162228,0.0462508330760303,0.0014488259138022985,-0.0001273303210744814,1,ok,CI_UNAVAILABLE
all,hct116,cnn(3|3),sequence_h3k4me3,h3k4me3,sequence,0.0428633908565029,0.0462508330760303,0.0033874422195274007,-0.0002975550011883876,1,ok,CI_UNAVAILABLE
all,hct116,cnn(3|3),sequence_rrbs,rrbs,sequence,0.0493531114793655,0.0462508330760303,-0.0031022784033351986,0.00027296994247541506,1,ok,CI_UNAVAILABLE
all,hct116,cnn(3|3),sequence_ctcf_dnase,dnase,sequence_ctcf,0.0355393683641209,0.0462619734289424,0.010722605064821498,-0.0009400863927564174,1,ok,CI_UNAVAILABLE
all,hct116,cnn(3|3),sequence_ctcf_h3k4me3,h3k4me3,sequence_ctcf,0.036599156327575,0.0462619734289424,0.009662817101367398,-0.0008474047681301111,1,ok,CI_UNAVAILABLE
all,hct116,cnn(3|3),sequence_ctcf_rrbs,rrbs,sequence_ctcf,0.0425483658645327,0.0462619734289424,0.0037136075644097002,-0.0003261796560055097,1,ok,CI_UNAVAILABLE
all,hct116,cnn(3|3),sequence_ctcf_dnase,ctcf,sequence_dnase,0.0355393683641209,0.044802007162228,0.009262638798107098,-0.0008117766252582204,1,ok,CI_UNAVAILABLE
all,hct116,cnn(3|3),sequence_dnase_h3k4me3,h3k4me3,sequence_dnase,0.0370189578246916,0.044802007162228,0.007783049337536402,-0.0006823680100164209,1,ok,CI_UNAVAILABLE
all,hct116,cnn(3|3),sequence_dnase_rrbs,rrbs,sequence_dnase,0.0421067714709796,0.044802007162228,0.002695235691248403,-0.00023661461635010594,1,ok,CI_UNAVAILABLE
all,hct116,cnn(3|3),sequence_ctcf_h3k4me3,ctcf,sequence_h3k4me3,0.036599156327575,0.0428633908565029,0.006264234528927895,-0.0005488703205180079,1,ok,CI_UNAVAILABLE
all,hct116,cnn(3|3),sequence_dnase_h3k4me3,dnase,sequence_h3k4me3,0.0370189578246916,0.0428633908565029,0.0058444330318113,-0.0005121433299025147,1,ok,CI_UNAVAILABLE
all,hct116,cnn(3|3),sequence_h3k4me3_rrbs,rrbs,sequence_h3k4me3,0.0436923716117737,0.0428633908565029,-0.0008289807552708042,7.276945207579377e-05,1,ok,CI_UNAVAILABLE
all,hct116,cnn(3|3),sequence_ctcf_rrbs,ctcf,sequence_rrbs,0.0425483658645327,0.0493531114793655,0.006804745614832797,-0.0005981701520572091,1,ok,CI_UNAVAILABLE
all,hct116,cnn(3|3),sequence_dnase_rrbs,dnase,sequence_rrbs,0.0421067714709796,0.0493531114793655,0.0072463400083859,-0.0006369148799000024,1,ok,CI_UNAVAILABLE
all,hct116,cnn(3|3),sequence_h3k4me3_rrbs,h3k4me3,sequence_rrbs,0.0436923716117737,0.0493531114793655,0.005660739867591795,-0.0004977554915880089,1,ok,CI_UNAVAILABLE
all,hct116,cnn(3|3),sequence_ctcf_dnase_h3k4me3,h3k4me3,sequence_ctcf_dnase,0.0412892124301426,0.0355393683641209,-0.005749844066021699,0.0005034543589620966,1,ok,CI_UNAVAILABLE
all,hct116,cnn(3|3),sequence_ctcf_dnase_rrbs,rrbs,sequence_ctcf_dnase,0.046835997591478,0.0355393683641209,-0.011296629227357101,0.0009905616498220027,1,ok,CI_UNAVAILABLE
all,hct116,cnn(3|3),sequence_ctcf_dnase_h3k4me3,dnase,sequence_ctcf_h3k4me3,0.0412892124301426,0.036599156327575,-0.004690056102567598,0.0004107727343357903,1,ok,CI_UNAVAILABLE
all,hct116,cnn(3|3),sequence_ctcf_h3k4me3_rrbs,rrbs,sequence_ctcf_h3k4me3,0.0424132485970503,0.036599156327575,-0.005814092269475296,0.0005093692084102985,1,ok,CI_UNAVAILABLE
all,hct116,cnn(3|3),sequence_ctcf_dnase_rrbs,dnase,sequence_ctcf_rrbs,0.046835997591478,0.0425483658645327,-0.004287631726945303,0.000376654913071095,1,ok,CI_UNAVAILABLE
all,hct116,cnn(3|3),sequence_ctcf_h3k4me3_rrbs,h3k4me3,sequence_ctcf_rrbs,0.0424132485970503,0.0425483658645327,0.00013511726748240138,-1.1855903714302896e-05,1,ok,CI_UNAVAILABLE
all,hct116,cnn(3|3),sequence_ctcf_dnase_h3k4me3,ctcf,sequence_dnase_h3k4me3,0.0412892124301426,0.0370189578246916,-0.004270254605451003,0.0003740457437202971,1,ok,CI_UNAVAILABLE
all,hct116,cnn(3|3),sequence_dnase_h3k4me3_rrbs,rrbs,sequence_dnase_h3k4me3,0.046539709600671,0.0370189578246916,-0.0095207517759794,0.000835097856820205,1,ok,CI_UNAVAILABLE
all,hct116,cnn(3|3),sequence_ctcf_dnase_rrbs,ctcf,sequence_dnase_rrbs,0.046835997591478,0.0421067714709796,-0.004729226120498406,0.00041539964091388826,1,ok,CI_UNAVAILABLE
all,hct116,cnn(3|3),sequence_dnase_h3k4me3_rrbs,h3k4me3,sequence_dnase_rrbs,0.046539709600671,0.0421067714709796,-0.004432938129691401,0.00038934446315389004,1,ok,CI_UNAVAILABLE
all,hct116,cnn(3|3),sequence_ctcf_h3k4me3_rrbs,ctcf,sequence_h3k4me3_rrbs,0.0424132485970503,0.0436923716117737,0.0012791230147234031,-0.00011227056418350312,1,ok,CI_UNAVAILABLE
all,hct116,cnn(3|3),sequence_dnase_h3k4me3_rrbs,dnase,sequence_h3k4me3_rrbs,0.046539709600671,0.0436923716117737,-0.0028473379888972958,0.00025018507484189656,1,ok,CI_UNAVAILABLE
all,hct116,cnn(3|3),all,rrbs,sequence_ctcf_dnase_h3k4me3,0.045791921139245,0.0412892124301426,-0.004502708709102396,0.00039531057210190346,1,ok,CI_UNAVAILABLE
all,hct116,cnn(3|3),all,h3k4me3,sequence_ctcf_dnase_rrbs,0.045791921139245,0.046835997591478,0.001044076452233006,-9.179671875800266e-05,1,ok,CI_UNAVAILABLE
all,hct116,cnn(3|3),all,dnase,sequence_ctcf_h3k4me3_rrbs,0.045791921139245,0.0424132485970503,-0.003378672542194698,0.00029671409802739523,1,ok,CI_UNAVAILABLE
all,hct116,cnn(3|3),all,ctcf,sequence_dnase_h3k4me3_rrbs,0.045791921139245,0.046539709600671,0.0007477884614260008,-6.574154099800444e-05,1,ok,CI_UNAVAILABLE
all,hct116,cnn(5|3),sequence_ctcf,ctcf,sequence,0.0625826656447715,0.0791453814297618,0.0165627157849903,-0.001475345639539688,1,ok,CI_UNAVAILABLE
all,hct116,cnn(5|3),sequence_dnase,dnase,sequence,0.0744864128239665,0.0791453814297618,0.004658968605795302,-0.00041633557729939263,1,ok,CI_UNAVAILABLE
all,hct116,cnn(5|3),sequence_h3k4me3,h3k4me3,sequence,0.0776871892595865,0.0791453814297618,0.0014581921701753014,-0.00013042022752859928,1,ok,CI_UNAVAILABLE
all,hct116,cnn(5|3),sequence_rrbs,rrbs,sequence,0.0781535927034768,0.0791453814297618,0.0009917887262849978,-8.871647868249899e-05,1,ok,CI_UNAVAILABLE
all,hct116,cnn(5|3),sequence_ctcf_dnase,dnase,sequence_ctcf,0.0664458160199222,0.0625826656447715,-0.003863150375150698,0.0003429421041686864,1,ok,CI_UNAVAILABLE
all,hct116,cnn(5|3),sequence_ctcf_h3k4me3,h3k4me3,sequence_ctcf,0.0648207107475539,0.0625826656447715,-0.0022380451027824017,0.0001985909006185782,1,ok,CI_UNAVAILABLE
all,hct116,cnn(5|3),sequence_ctcf_rrbs,rrbs,sequence_ctcf,0.0642556913432816,0.0625826656447715,-0.0016730256985101055,0.00014843201343198165,1,ok,CI_UNAVAILABLE
all,hct116,cnn(5|3),sequence_ctcf_dnase,ctcf,sequence_dnase,0.0664458160199222,0.0744864128239665,0.0080405968040443,-0.0007160679580716089,1,ok,CI_UNAVAILABLE
all,hct116,cnn(5|3),sequence_dnase_h3k4me3,h3k4me3,sequence_dnase,0.0658374343701831,0.0744864128239665,0.008648978453783387,-0.0007701226201237976,1,ok,CI_UNAVAILABLE
all,hct116,cnn(5|3),sequence_dnase_rrbs,rrbs,sequence_dnase,0.0784633455228079,0.0744864128239665,-0.003976932698841404,0.0003553216662922909,1,ok,CI_UNAVAILABLE
all,hct116,cnn(5|3),sequence_ctcf_h3k4me3,ctcf,sequence_h3k4me3,0.0648207107475539,0.0776871892595865,0.012866478512032598,-0.0011463345113925105,1,ok,CI_UNAVAILABLE
all,hct116,cnn(5|3),sequence_dnase_h3k4me3,dnase,sequence_h3k4me3,0.0658374343701831,0.0776871892595865,0.011849754889403388,-0.001056037969894591,1,ok,CI_UNAVAILABLE
all,hct116,cnn(5|3),sequence_h3k4me3_rrbs,rrbs,sequence_h3k4me3,0.0674224261913875,0.0776871892595865,0.010264763068198998,-0.0009151747267812094,1,ok,CI_UNAVAILABLE
all,hct116,cnn(5|3),sequence_ctcf_rrbs,ctcf,sequence_rrbs,0.0642556913432816,0.0781535927034768,0.013897901360195197,-0.0012381971474252074,1,ok,CI_UNAVAILABLE
all,hct116,cnn(5|3),sequence_dnase_rrbs,dnase,sequence_rrbs,0.0784633455228079,0.0781535927034768,-0.00030975281933109944,2.770256767539725e-05,1,ok,CI_UNAVAILABLE
all,hct116,cnn(5|3),sequence_h3k4me3_rrbs,h3k4me3,sequence_rrbs,0.0674224261913875,0.0781535927034768,0.010731166512089302,-0.0009568784756273097,1,ok,CI_UNAVAILABLE
all,hct116,cnn(5|3),sequence_ctcf_dnase_h3k4me3,h3k4me3,sequence_ctcf_dnase,0.0751789586251135,0.0664458160199222,-0.008733142605191313,0.0007778889431681868,1,ok,CI_UNAVAILABLE
all,hct116,cnn(5|3),sequence_ctcf_dnase_rrbs,rrbs,sequence_ctcf_dnase,0.0853538697650643,0.0664458160199222,-0.01890805374514211,0.0016888479133418122,1,ok,CI_UNAVAILABLE
all,hct116,cnn(5|3),sequence_ctcf_dnase_h3k4me3,dnase,sequence_ctcf_h3k4me3,0.0751789586251135,0.0648207107475539,-0.01035824787755961,0.000922240146718295,1,ok,CI_UNAVAILABLE
all,hct116,cnn(5|3),sequence_ctcf_h3k4me3_rrbs,rrbs,sequence_ctcf_h3k4me3,0.069768206186082,0.0648207107475539,-0.004947495438528099,0.00043985654569261845,1,ok,CI_UNAVAILABLE
all,hct116,cnn(5|3),sequence_ctcf_dnase_rrbs,dnase,sequence_ctcf_rrbs,0.0853538697650643,0.0642556913432816,-0.0210981784217827,0.001883358004078517,1,ok,CI_UNAVAILABLE
all,hct116,cnn(5|3),sequence_ctcf_h3k4me3_rrbs,h3k4me3,sequence_ctcf_rrbs,0.069768206186082,0.0642556913432816,-0.005512514842800395,0.000490015432879215,1,ok,CI_UNAVAILABLE
all,hct116,cnn(5|3),sequence_ctcf_dnase_h3k4me3,ctcf,sequence_dnase_h3k4me3,0.0751789586251135,0.0658374343701831,-0.0093415242549304,0.0008319436052203755,1,ok,CI_UNAVAILABLE
all,hct116,cnn(5|3),sequence_dnase_h3k4me3_rrbs,rrbs,sequence_dnase_h3k4me3,0.0790611988194436,0.0658374343701831,-0.013223764449260489,0.0011789261251074767,1,ok,CI_UNAVAILABLE
all,hct116,cnn(5|3),sequence_ctcf_dnase_rrbs,ctcf,sequence_dnase_rrbs,0.0853538697650643,0.0784633455228079,-0.0068905242422564045,0.0006174582889779123,1,ok,CI_UNAVAILABLE
all,hct116,cnn(5|3),sequence_dnase_h3k4me3_rrbs,h3k4me3,sequence_dnase_rrbs,0.0790611988194436,0.0784633455228079,-0.0005978532966356975,5.348183869138823e-05,1,ok,CI_UNAVAILABLE
all,hct116,cnn(5|3),sequence_ctcf_h3k4me3_rrbs,ctcf,sequence_h3k4me3_rrbs,0.069768206186082,0.0674224261913875,-0.0023457799946944996,0.0002086967610813173,1,ok,CI_UNAVAILABLE
all,hct116,cnn(5|3),sequence_dnase_h3k4me3_rrbs,dnase,sequence_h3k4me3_rrbs,0.0790611988194436,0.0674224261913875,-0.011638772628056099,0.0010380628819940951,1,ok,CI_UNAVAILABLE
all,hct116,cnn(5|3),all,rrbs,sequence_ctcf_dnase_h3k4me3,0.059455733049142,0.0751789586251135,0.015723225575971507,-0.0013979000028195854,1,ok,CI_UNAVAILABLE
all,hct116,cnn(5|3),all,h3k4me3,sequence_ctcf_dnase_rrbs,0.059455733049142,0.0853538697650643,0.025898136715922303,-0.0023088589729932107,1,ok,CI_UNAVAILABLE
all,hct116,cnn(5|3),all,dnase,sequence_ctcf_h3k4me3_rrbs,0.059455733049142,0.069768206186082,0.010312473136939997,-0.0009155164017939088,1,ok,CI_UNAVAILABLE
all,hct116,cnn(5|3),all,ctcf,sequence_dnase_h3k4me3_rrbs,0.059455733049142,0.0790611988194436,0.019605465770301596,-0.0017448825227066866,1,ok,CI_UNAVAILABLE
all,hct116,cnn(7|3),sequence_ctcf,ctcf,sequence,0.0802750238554926,0.1115645080195554,0.03128948416406281,-0.0028255872857288755,1,ok,CI_UNAVAILABLE
all,hct116,cnn(7|3),sequence_dnase,dnase,sequence,0.0854245467132743,0.1115645080195554,0.0261399613062811,-0.0023639033798065756,1,ok,CI_UNAVAILABLE
all,hct116,cnn(7|3),sequence_h3k4me3,h3k4me3,sequence,0.0781674286455782,0.1115645080195554,0.033397079373977206,-0.003014172299507595,1,ok,CI_UNAVAILABLE
all,hct116,cnn(7|3),sequence_rrbs,rrbs,sequence,0.1026771836647955,0.1115645080195554,0.008887324354759904,-0.0008075577453334759,1,ok,CI_UNAVAILABLE
all,hct116,cnn(7|3),sequence_ctcf_dnase,dnase,sequence_ctcf,0.0765575845908126,0.0802750238554926,0.003717439264679989,-0.00033248669016161525,1,ok,CI_UNAVAILABLE
all,hct116,cnn(7|3),sequence_ctcf_h3k4me3,h3k4me3,sequence_ctcf,0.0859330670990615,0.0802750238554926,-0.005658043243568903,0.0005073460744148828,1,ok,CI_UNAVAILABLE
all,hct116,cnn(7|3),sequence_ctcf_rrbs,rrbs,sequence_ctcf,0.0713944742729127,0.0802750238554926,0.008880549582579889,-0.0007931655311401165,1,ok,CI_UNAVAILABLE
all,hct116,cnn(7|3),sequence_ctcf_dnase,ctcf,sequence_dnase,0.0765575845908126,0.0854245467132743,0.0088669621224617,-0.0007941705960839152,1,ok,CI_UNAVAILABLE
all,hct116,cnn(7|3),sequence_dnase_h3k4me3,h3k4me3,sequence_dnase,0.0777311561890791,0.0854245467132743,0.007693390524195209,-0.0006892790992319986,1,ok,CI_UNAVAILABLE
all,hct116,cnn(7|3),sequence_dnase_rrbs,rrbs,sequence_dnase,0.0849218615475644,0.0854245467132743,0.0005026851657099068,-4.5125724586814187e-05,1,ok,CI_UNAVAILABLE
all,hct116,cnn(7|3),sequence_ctcf_h3k4me3,ctcf,sequence_h3k4me3,0.0859330670990615,0.0781674286455782,-0.007765638453483298,0.0006959310881936021,1,ok,CI_UNAVAILABLE
all,hct116,cnn(7|3),sequence_dnase_h3k4me3,dnase,sequence_h3k4me3,0.0777311561890791,0.0781674286455782,0.00043627245649910384,-3.9010179530979405e-05,1,ok,CI_UNAVAILABLE
all,hct116,cnn(7|3),sequence_h3k4me3_rrbs,rrbs,sequence_h3k4me3,0.0760884195126622,0.0781674286455782,0.0020790091329160043,-0.00018581606840509246,1,ok,CI_UNAVAILABLE
all,hct116,cnn(7|3),sequence_ctcf_rrbs,ctcf,sequence_rrbs,0.0713944742729127,0.1026771836647955,0.031282709391882796,-0.002811195071535516,1,ok,CI_UNAVAILABLE
all,hct116,cnn(7|3),sequence_dnase_rrbs,dnase,sequence_rrbs,0.0849218615475644,0.1026771836647955,0.017755322117231104,-0.0016014713590599139,1,ok,CI_UNAVAILABLE
all,hct116,cnn(7|3),sequence_h3k4me3_rrbs,h3k4me3,sequence_rrbs,0.0760884195126622,0.1026771836647955,0.026588764152133307,-0.0023924306225792114,1,ok,CI_UNAVAILABLE
all,hct116,cnn(7|3),sequence_ctcf_dnase_h3k4me3,h3k4me3,sequence_ctcf_dnase,0.0708900626904793,0.0765575845908126,0.005667521900333303,-0.0005056162478487836,1,ok,CI_UNAVAILABLE
all,hct116,cnn(7|3),sequence_ctcf_dnase_rrbs,rrbs,sequence_ctcf_dnase,0.0806475239066081,0.0765575845908126,-0.004089939315795502,0.0003658399955764058,1,ok,CI_UNAVAILABLE
all,hct116,cnn(7|3),sequence_ctcf_dnase_h3k4me3,dnase,sequence_ctcf_h3k4me3,0.0708900626904793,0.0859330670990615,0.015043004408582195,-0.0013454490124252816,1,ok,CI_UNAVAILABLE
all,hct116,cnn(7|3),sequence_ctcf_h3k4me3_rrbs,rrbs,sequence_ctcf_h3k4me3,0.080591074606806,0.0859330670990615,0.00534199249225549,-0.000479047620730505,1,ok,CI_UNAVAILABLE
all,hct116,cnn(7|3),sequence_ctcf_dnase_rrbs,dnase,sequence_ctcf_rrbs,0.0806475239066081,0.0713944742729127,-0.009253049633695401,0.000826518836554907,1,ok,CI_UNAVAILABLE
all,hct116,cnn(7|3),sequence_ctcf_h3k4me3_rrbs,h3k4me3,sequence_ctcf_rrbs,0.080591074606806,0.0713944742729127,-0.009196600333893301,0.0008214639848244942,1,ok,CI_UNAVAILABLE
all,hct116,cnn(7|3),sequence_ctcf_dnase_h3k4me3,ctcf,sequence_dnase_h3k4me3,0.0708900626904793,0.0777311561890791,0.006841093498599793,-0.0006105077447007001,1,ok,CI_UNAVAILABLE
all,hct116,cnn(7|3),sequence_dnase_h3k4me3_rrbs,rrbs,sequence_dnase_h3k4me3,0.0789758756392408,0.0777311561890791,-0.0012447194501617048,0.00011132350430187454,1,ok,CI_UNAVAILABLE
all,hct116,cnn(7|3),sequence_ctcf_dnase_rrbs,ctcf,sequence_dnase_rrbs,0.0806475239066081,0.0849218615475644,0.004274337640956291,-0.0003832048759206952,1,ok,CI_UNAVAILABLE
all,hct116,cnn(7|3),sequence_dnase_h3k4me3_rrbs,h3k4me3,sequence_dnase_rrbs,0.0789758756392408,0.0849218615475644,0.005945985908323598,-0.0005328298703433099,1,ok,CI_UNAVAILABLE
all,hct116,cnn(7|3),sequence_ctcf_h3k4me3_rrbs,ctcf,sequence_h3k4me3_rrbs,0.080591074606806,0.0760884195126622,-0.004502655094143812,0.0004026995358681895,1,ok,CI_UNAVAILABLE
all,hct116,cnn(7|3),sequence_dnase_h3k4me3_rrbs,dnase,sequence_h3k4me3_rrbs,0.0789758756392408,0.0760884195126622,-0.0028874561265786053,0.0002581293931759876,1,ok,CI_UNAVAILABLE
all,hct116,cnn(7|3),all,rrbs,sequence_ctcf_dnase_h3k4me3,0.0917955530336981,0.0708900626904793,-0.0209054903432188,0.0018727862013543928,1,ok,CI_UNAVAILABLE
all,hct116,cnn(7|3),all,h3k4me3,sequence_ctcf_dnase_rrbs,0.0917955530336981,0.0806475239066081,-0.011148029127089995,0.0010013299579292034,1,ok,CI_UNAVAILABLE
all,hct116,cnn(7|3),all,dnase,sequence_ctcf_h3k4me3_rrbs,0.0917955530336981,0.080591074606806,-0.011204478426892095,0.0010063848096596162,1,ok,CI_UNAVAILABLE
all,hct116,cnn(7|3),all,ctcf,sequence_dnase_h3k4me3_rrbs,0.0917955530336981,0.0789758756392408,-0.012819677394457302,0.001150954952351818,1,ok,CI_UNAVAILABLE
all,hct116,linear,sequence_ctcf,ctcf,sequence,0.0934162282054695,0.0968507033652117,0.003434475159742198,-0.000310002977676499,1,ok,CI_UNAVAILABLE
all,hct116,linear,sequence_dnase,dnase,sequence,,,,,0,unavailable,INVALID_EXPERIMENTS_EXCLUDED;child_all_invalid;CI_UNAVAILABLE
all,hct116,linear,sequence_h3k4me3,h3k4me3,sequence,0.0950047554874418,0.0968507033652117,0.001845947877769899,-0.00016669227341650772,1,ok,CI_UNAVAILABLE
all,hct116,linear,sequence_rrbs,rrbs,sequence,0.0953248201652691,0.0968507033652117,0.0015258831999426098,-0.00013780207284860846,1,ok,CI_UNAVAILABLE
all,hct116,linear,sequence_ctcf_dnase,dnase,sequence_ctcf,,,,,0,unavailable,INVALID_EXPERIMENTS_EXCLUDED;child_all_invalid;CI_UNAVAILABLE
all,hct116,linear,sequence_ctcf_h3k4me3,h3k4me3,sequence_ctcf,0.0911982343313297,0.0934162282054695,0.0022179938741398036,-0.00019988883602539698,1,ok,CI_UNAVAILABLE
all,hct116,linear,sequence_ctcf_rrbs,rrbs,sequence_ctcf,0.0921233475141729,0.0934162282054695,0.0012928806912965995,-0.00011654597468790939,1,ok,CI_UNAVAILABLE
all,hct116,linear,sequence_ctcf_dnase,ctcf,sequence_dnase,,,,,0,unavailable,INVALID_EXPERIMENTS_EXCLUDED;parent_all_invalid;CI_UNAVAILABLE
all,hct116,linear,sequence_dnase_h3k4me3,h3k4me3,sequence_dnase,,,,,0,unavailable,INVALID_EXPERIMENTS_EXCLUDED;parent_all_invalid;CI_UNAVAILABLE
all,hct116,linear,sequence_dnase_rrbs,rrbs,sequence_dnase,,,,,0,unavailable,INVALID_EXPERIMENTS_EXCLUDED;parent_all_invalid;CI_UNAVAILABLE
all,hct116,linear,sequence_ctcf_h3k4me3,ctcf,sequence_h3k4me3,0.0911982343313297,0.0950047554874418,0.0038065211561121026,-0.00034319954028538824,1,ok,CI_UNAVAILABLE
all,hct116,linear,sequence_dnase_h3k4me3,dnase,sequence_h3k4me3,,,,,0,unavailable,INVALID_EXPERIMENTS_EXCLUDED;child_all_invalid;CI_UNAVAILABLE
all,hct116,linear,sequence_h3k4me3_rrbs,rrbs,sequence_h3k4me3,0.0932085832325899,0.0950047554874418,0.0017961722548519021,-0.00016203433806430412,1,ok,CI_UNAVAILABLE
all,hct116,linear,sequence_ctcf_rrbs,ctcf,sequence_rrbs,0.0921233475141729,0.0953248201652691,0.0032014726510961877,-0.0002887468795157999,1,ok,CI_UNAVAILABLE
all,hct116,linear,sequence_dnase_rrbs,dnase,sequence_rrbs,,,,,0,unavailable,INVALID_EXPERIMENTS_EXCLUDED;child_all_invalid;CI_UNAVAILABLE
all,hct116,linear,sequence_h3k4me3_rrbs,h3k4me3,sequence_rrbs,0.0932085832325899,0.0953248201652691,0.0021162369326791913,-0.00019092453863220338,1,ok,CI_UNAVAILABLE
all,hct116,linear,sequence_ctcf_dnase_h3k4me3,h3k4me3,sequence_ctcf_dnase,,,,,0,unavailable,INVALID_EXPERIMENTS_EXCLUDED;parent_all_invalid;CI_UNAVAILABLE
all,hct116,linear,sequence_ctcf_dnase_rrbs,rrbs,sequence_ctcf_dnase,,,,,0,unavailable,INVALID_EXPERIMENTS_EXCLUDED;parent_all_invalid;CI_UNAVAILABLE
all,hct116,linear,sequence_ctcf_dnase_h3k4me3,dnase,sequence_ctcf_h3k4me3,,,,,0,unavailable,INVALID_EXPERIMENTS_EXCLUDED;child_all_invalid;CI_UNAVAILABLE
all,hct116,linear,sequence_ctcf_h3k4me3_rrbs,rrbs,sequence_ctcf_h3k4me3,0.089383352678669,0.0911982343313297,0.0018148816526607076,-0.00016337839403390841,1,ok,CI_UNAVAILABLE
all,hct116,linear,sequence_ctcf_dnase_rrbs,dnase,sequence_ctcf_rrbs,,,,,0,unavailable,INVALID_EXPERIMENTS_EXCLUDED;child_all_invalid;CI_UNAVAILABLE
all,hct116,linear,sequence_ctcf_h3k4me3_rrbs,h3k4me3,sequence_ctcf_rrbs,0.089383352678669,0.0921233475141729,0.0027399948355039117,-0.000246721255371396,1,ok,CI_UNAVAILABLE
all,hct116,linear,sequence_ctcf_dnase_h3k4me3,ctcf,sequence_dnase_h3k4me3,,,,,0,unavailable,INVALID_EXPERIMENTS_EXCLUDED;parent_all_invalid;CI_UNAVAILABLE
all,hct116,linear,sequence_dnase_h3k4me3_rrbs,rrbs,sequence_dnase_h3k4me3,,,,,0,unavailable,INVALID_EXPERIMENTS_EXCLUDED;parent_all_invalid;CI_UNAVAILABLE
all,hct116,linear,sequence_ctcf_dnase_rrbs,ctcf,sequence_dnase_rrbs,,,,,0,unavailable,INVALID_EXPERIMENTS_EXCLUDED;parent_all_invalid;CI_UNAVAILABLE
all,hct116,linear,sequence_dnase_h3k4me3_rrbs,h3k4me3,sequence_dnase_rrbs,,,,,0,unavailable,INVALID_EXPERIMENTS_EXCLUDED;parent_all_invalid;CI_UNAVAILABLE
all,hct116,linear,sequence_ctcf_h3k4me3_rrbs,ctcf,sequence_h3k4me3_rrbs,0.089383352678669,0.0932085832325899,0.003825230553920908,-0.00034454359625499253,1,ok,CI_UNAVAILABLE
all,hct116,linear,sequence_dnase_h3k4me3_rrbs,dnase,sequence_h3k4me3_rrbs,,,,,0,unavailable,INVALID_EXPERIMENTS_EXCLUDED;child_all_invalid;CI_UNAVAILABLE
all,hct116,linear,all,rrbs,sequence_ctcf_dnase_h3k4me3,,,,,0,unavailable,INVALID_EXPERIMENTS_EXCLUDED;parent_all_invalid;CI_UNAVAILABLE
all,hct116,linear,all,h3k4me3,sequence_ctcf_dnase_rrbs,,,,,0,unavailable,INVALID_EXPERIMENTS_EXCLUDED;parent_all_invalid;CI_UNAVAILABLE
all,hct116,linear,all,dnase,sequence_ctcf_h3k4me3_rrbs,,,,,0,unavailable,INVALID_EXPERIMENTS_EXCLUDED;child_all_invalid;CI_UNAVAILABLE
all,hct116,linear,all,ctcf,sequence_dnase_h3k4me3_rrbs,,,,,0,unavailable,INVALID_EXPERIMENTS_EXCLUDED;parent_all_invalid;CI_UNAVAILABLE
all,hct116,mlp,sequence_ctcf,ctcf,sequence,0.0828739334098065,0.0927671929123749,0.009893259502568391,-0.0008894026352814777,1,ok,CI_UNAVAILABLE
all,hct116,mlp,sequence_dnase,dnase,sequence,0.0810920817127767,0.0927671929123749,0.011675111199598201,-0.001049080162910887,1,ok,CI_UNAVAILABLE
all,hct116,mlp,sequence_h3k4me3,h3k4me3,sequence,0.0759511952339924,0.0927671929123749,0.016815997678382502,-0.0015089060517887998,1,ok,CI_UNAVAILABLE
all,hct116,mlp,sequence_rrbs,rrbs,sequence,0.0893868957446344,0.0927671929123749,0.0033802971677404925,-0.0003044311489023843,1,ok,CI_UNAVAILABLE
all,hct116,mlp,sequence_ctcf_dnase,dnase,sequence_ctcf,0.071475392776378,0.0828739334098065,0.011398540633428503,-0.0010188004329926004,1,ok,CI_UNAVAILABLE
all,hct116,mlp,sequence_ctcf_h3k4me3,h3k4me3,sequence_ctcf,0.0834869685215001,0.0828739334098065,-0.0006130351116935967,5.497192895428937e-05,1,ok,CI_UNAVAILABLE
all,hct116,mlp,sequence_ctcf_rrbs,rrbs,sequence_ctcf,0.0847494497504959,0.0828739334098065,-0.001875516340689401,0.0001682387721112788,1,ok,CI_UNAVAILABLE
all,hct116,mlp,sequence_ctcf_dnase,ctcf,sequence_dnase,0.071475392776378,0.0810920817127767,0.009616688936398693,-0.000859122905363191,1,ok,CI_UNAVAILABLE
all,hct116,mlp,sequence_dnase_h3k4me3,h3k4me3,sequence_dnase,0.0818545660704419,0.0810920817127767,-0.0007624843576652107,6.830973720098332e-05,1,ok,CI_UNAVAILABLE
all,hct116,mlp,sequence_dnase_rrbs,rrbs,sequence_dnase,0.0880762185062257,0.0810920817127767,-0.006984136793449003,0.0006267608582976036,1,ok,CI_UNAVAILABLE
all,hct116,mlp,sequence_ctcf_h3k4me3,ctcf,sequence_h3k4me3,0.0834869685215001,0.0759511952339924,-0.007535773287507708,0.0006744753454616115,1,ok,CI_UNAVAILABLE
all,hct116,mlp,sequence_dnase_h3k4me3,dnase,sequence_h3k4me3,0.0818545660704419,0.0759511952339924,-0.005903370836449512,0.0005281356260788961,1,ok,CI_UNAVAILABLE
all,hct116,mlp,sequence_h3k4me3_rrbs,rrbs,sequence_h3k4me3,0.0803337892349449,0.0759511952339924,-0.0043825940009525055,0.0003919197971131161,1,ok,CI_UNAVAILABLE
all,hct116,mlp,sequence_ctcf_rrbs,ctcf,sequence_rrbs,0.0847494497504959,0.0893868957446344,0.004637445994138498,-0.00041673271426781455,1,ok,CI_UNAVAILABLE
all,hct116,mlp,sequence_dnase_rrbs,dnase,sequence_rrbs,0.0880762185062257,0.0893868957446344,0.0013106772384087056,-0.00011788815571089906,1,ok,CI_UNAVAILABLE
all,hct116,mlp,sequence_h3k4me3_rrbs,h3k4me3,sequence_rrbs,0.0803337892349449,0.0893868957446344,0.009053106509689504,-0.0008125551057732994,1,ok,CI_UNAVAILABLE
all,hct116,mlp,sequence_ctcf_dnase_h3k4me3,h3k4me3,sequence_ctcf_dnase,0.0763097219796454,0.071475392776378,-0.004834329203267401,0.0004313238343448822,1,ok,CI_UNAVAILABLE
all,hct116,mlp,sequence_ctcf_dnase_rrbs,rrbs,sequence_ctcf_dnase,0.076900269566672,0.071475392776378,-0.005424876790293992,0.0004840903841175914,1,ok,CI_UNAVAILABLE
all,hct116,mlp,sequence_ctcf_dnase_h3k4me3,dnase,sequence_ctcf_h3k4me3,0.0763097219796454,0.0834869685215001,0.007177246541854698,-0.0006424485276020075,1,ok,CI_UNAVAILABLE
all,hct116,mlp,sequence_ctcf_h3k4me3_rrbs,rrbs,sequence_ctcf_h3k4me3,0.0771321444196667,0.0834869685215001,0.006354824101833398,-0.0005689589042804921,1,ok,CI_UNAVAILABLE
all,hct116,mlp,sequence_ctcf_dnase_rrbs,dnase,sequence_ctcf_rrbs,0.076900269566672,0.0847494497504959,0.007849180183823912,-0.0007029488209862877,1,ok,CI_UNAVAILABLE
all,hct116,mlp,sequence_ctcf_h3k4me3_rrbs,h3k4me3,sequence_ctcf_rrbs,0.0771321444196667,0.0847494497504959,0.007617305330829202,-0.0006822257474374815,1,ok,CI_UNAVAILABLE
all,hct116,mlp,sequence_ctcf_dnase_h3k4me3,ctcf,sequence_dnase_h3k4me3,0.0763097219796454,0.0818545660704419,0.005544844090796502,-0.0004961088082192922,1,ok,CI_UNAVAILABLE
all,hct116,mlp,sequence_dnase_h3k4me3_rrbs,rrbs,sequence_dnase_h3k4me3,0.0712693073860917,0.0818545660704419,0.010585258684350202,-0.0009457948104511782,1,ok,CI_UNAVAILABLE
all,hct116,mlp,sequence_ctcf_dnase_rrbs,ctcf,sequence_dnase_rrbs,0.076900269566672,0.0880762185062257,0.011175948939553704,-0.0010017933795432032,1,ok,CI_UNAVAILABLE
all,hct116,mlp,sequence_dnase_h3k4me3_rrbs,h3k4me3,sequence_dnase_rrbs,0.0712693073860917,0.0880762185062257,0.016806911120133994,-0.0015042459315477985,1,ok,CI_UNAVAILABLE
all,hct116,mlp,sequence_ctcf_h3k4me3_rrbs,ctcf,sequence_h3k4me3_rrbs,0.0771321444196667,0.0803337892349449,0.0032016448152781957,-0.00028640335593199673,1,ok,CI_UNAVAILABLE
all,hct116,mlp,sequence_dnase_h3k4me3_rrbs,dnase,sequence_h3k4me3_rrbs,0.0712693073860917,0.0803337892349449,0.009064481848853195,-0.0008095789814853982,1,ok,CI_UNAVAILABLE
all,hct116,mlp,all,rrbs,sequence_ctcf_dnase_h3k4me3,0.0744470329490998,0.0763097219796454,0.0018626890305456084,-0.00016632439135988442,1,ok,CI_UNAVAILABLE
all,hct116,mlp,all,h3k4me3,sequence_ctcf_dnase_rrbs,0.0744470329490998,0.076900269566672,0.0024532366175721992,-0.00021909094113259364,1,ok,CI_UNAVAILABLE
all,hct116,mlp,all,dnase,sequence_ctcf_h3k4me3_rrbs,0.0744470329490998,0.0771321444196667,0.002685111470566909,-0.00023981401468139985,1,ok,CI_UNAVAILABLE
all,hct116,mlp,all,ctcf,sequence_dnase_h3k4me3_rrbs,0.0744470329490998,0.0712693073860917,-0.003177725563008091,0.0002833616108720016,1,ok,CI_UNAVAILABLE
all,hct116,transformer,sequence_ctcf,ctcf,sequence,0.0919445487102635,0.0979979931435277,0.0060534444332641935,-0.000546348227029203,1,ok,CI_UNAVAILABLE
all,hct116,transformer,sequence_dnase,dnase,sequence,0.0969435721432999,0.0979979931435277,0.0010544210002277898,-9.529738505639762e-05,1,ok,CI_UNAVAILABLE
all,hct116,transformer,sequence_h3k4me3,h3k4me3,sequence,0.0737127056051445,0.0979979931435277,0.024285287538383202,-0.0021809359997146116,1,ok,CI_UNAVAILABLE
all,hct116,transformer,sequence_rrbs,rrbs,sequence,0.0931943049499153,0.0979979931435277,0.00480368819361239,-0.00043370211952831195,1,ok,CI_UNAVAILABLE
all,hct116,transformer,sequence_ctcf_dnase,dnase,sequence_ctcf,0.0824609173423651,0.0919445487102635,0.009483631367898399,-0.0008522882819267108,1,ok,CI_UNAVAILABLE
all,hct116,transformer,sequence_ctcf_h3k4me3,h3k4me3,sequence_ctcf,0.0733090863095846,0.0919445487102635,0.018635462400678898,-0.0016705916537222976,1,ok,CI_UNAVAILABLE
all,hct116,transformer,sequence_ctcf_rrbs,rrbs,sequence_ctcf,0.0826742061606226,0.0919445487102635,0.009270342549640903,-0.0008331686909882063,1,ok,CI_UNAVAILABLE
all,hct116,transformer,sequence_ctcf_dnase,ctcf,sequence_dnase,0.0824609173423651,0.0969435721432999,0.014482654800934802,-0.0013033391238995162,1,ok,CI_UNAVAILABLE
all,hct116,transformer,sequence_dnase_h3k4me3,h3k4me3,sequence_dnase,0.0884623750681258,0.0969435721432999,0.008481197075174099,-0.0007645064442027005,1,ok,CI_UNAVAILABLE
all,hct116,transformer,sequence_dnase_rrbs,rrbs,sequence_dnase,0.088904569784839,0.0969435721432999,0.008039002358460903,-0.0007247345310226194,1,ok,CI_UNAVAILABLE
all,hct116,transformer,sequence_ctcf_h3k4me3,ctcf,sequence_h3k4me3,0.0733090863095846,0.0737127056051445,0.00040361929555988996,-3.600388103688901e-05,1,ok,CI_UNAVAILABLE
all,hct116,transformer,sequence_dnase_h3k4me3,dnase,sequence_h3k4me3,0.0884623750681258,0.0737127056051445,-0.014749669462981313,0.0013211321704555135,1,ok,CI_UNAVAILABLE
all,hct116,transformer,sequence_h3k4me3_rrbs,rrbs,sequence_h3k4me3,0.0778576236351911,0.0737127056051445,-0.0041449180300466015,0.0003701922351116993,1,ok,CI_UNAVAILABLE
all,hct116,transformer,sequence_ctcf_rrbs,ctcf,sequence_rrbs,0.0826742061606226,0.0931943049499153,0.010520098789292706,-0.0009458147984890974,1,ok,CI_UNAVAILABLE
all,hct116,transformer,sequence_dnase_rrbs,dnase,sequence_rrbs,0.088904569784839,0.0931943049499153,0.004289735165076303,-0.0003863297965507051,1,ok,CI_UNAVAILABLE
all,hct116,transformer,sequence_h3k4me3_rrbs,h3k4me3,sequence_rrbs,0.0778576236351911,0.0931943049499153,0.01533668131472421,-0.0013770416450746004,1,ok,CI_UNAVAILABLE
all,hct116,transformer,sequence_ctcf_dnase_h3k4me3,h3k4me3,sequence_ctcf_dnase,0.0675152122068568,0.0824609173423651,0.014945705135508303,-0.001334270358830103,1,ok,CI_UNAVAILABLE
all,hct116,transformer,sequence_ctcf_dnase_rrbs,rrbs,sequence_ctcf_dnase,0.0809466103596026,0.0824609173423651,0.0015143069827625033,-0.0001356813366104881,1,ok,CI_UNAVAILABLE
all,hct116,transformer,sequence_ctcf_dnase_h3k4me3,dnase,sequence_ctcf_h3k4me3,0.0675152122068568,0.0733090863095846,0.005793874102727803,-0.0005159669870345163,1,ok,CI_UNAVAILABLE
all,hct116,transformer,sequence_ctcf_h3k4me3_rrbs,rrbs,sequence_ctcf_h3k4me3,0.0812256311379198,0.0733090863095846,-0.00791654482833519,0.0007076137867464971,1,ok,CI_UNAVAILABLE
all,hct116,transformer,sequence_ctcf_dnase_rrbs,dnase,sequence_ctcf_rrbs,0.0809466103596026,0.0826742061606226,0.0017275958010199988,-0.00015480092754899255,1,ok,CI_UNAVAILABLE
all,hct116,transformer,sequence_ctcf_h3k4me3_rrbs,h3k4me3,sequence_ctcf_rrbs,0.0812256311379198,0.0826742061606226,0.0014485750227028055,-0.00012980917598759412,1,ok,CI_UNAVAILABLE
all,hct116,transformer,sequence_ctcf_dnase_h3k4me3,ctcf,sequence_dnase_h3k4me3,0.0675152122068568,0.0884623750681258,0.020947162861269006,-0.0018731030385269187,1,ok,CI_UNAVAILABLE
all,hct116,transformer,sequence_dnase_h3k4me3_rrbs,rrbs,sequence_dnase_h3k4me3,0.0739345851275097,0.0884623750681258,0.014527789940616112,-0.0013013366040807994,1,ok,CI_UNAVAILABLE
all,hct116,transformer,sequence_ctcf_dnase_rrbs,ctcf,sequence_dnase_rrbs,0.0809466103596026,0.088904569784839,0.007957959425236402,-0.0007142859294873849,1,ok,CI_UNAVAILABLE
all,hct116,transformer,sequence_dnase_h3k4me3_rrbs,h3k4me3,sequence_dnase_rrbs,0.0739345851275097,0.088904569784839,0.014969984657329308,-0.0013411085172608805,1,ok,CI_UNAVAILABLE
all,hct116,transformer,sequence_ctcf_h3k4me3_rrbs,ctcf,sequence_h3k4me3_rrbs,0.0812256311379198,0.0778576236351911,-0.003368007502728698,0.0003014176705979088,1,ok,CI_UNAVAILABLE
all,hct116,transformer,sequence_dnase_h3k4me3_rrbs,dnase,sequence_h3k4me3_rrbs,0.0739345851275097,0.0778576236351911,0.003923038507681401,-0.00035039666873698527,1,ok,CI_UNAVAILABLE
all,hct116,transformer,all,rrbs,sequence_ctcf_dnase_h3k4me3,0.0728029557182738,0.0675152122068568,-0.0052877435114170035,0.0004708299131883087,1,ok,CI_UNAVAILABLE
all,hct116,transformer,all,h3k4me3,sequence_ctcf_dnase_rrbs,0.0728029557182738,0.0809466103596026,0.008143654641328796,-0.0007277591090313063,1,ok,CI_UNAVAILABLE
all,hct116,transformer,all,dnase,sequence_ctcf_h3k4me3_rrbs,0.0728029557182738,0.0812256311379198,0.008422675419645989,-0.0007527508605927047,1,ok,CI_UNAVAILABLE
all,hct116,transformer,all,ctcf,sequence_dnase_h3k4me3_rrbs,0.0728029557182738,0.0739345851275097,0.0011316294092358903,-0.00010093652125781061,1,ok,CI_UNAVAILABLE
all,hct116,xgboost,sequence_ctcf,ctcf,sequence,0.0914409686459245,0.1022686684281923,0.010827699782267788,-0.0009782659223896983,1,ok,CI_UNAVAILABLE
all,hct116,xgboost,sequence_dnase,dnase,sequence,0.1025891155781539,0.1022686684281923,-0.0003204471499616002,2.9041532916079804e-05,1,ok,CI_UNAVAILABLE
all,hct116,xgboost,sequence_h3k4me3,h3k4me3,sequence,0.1000462096686366,0.1022686684281923,0.0022224587595556927,-0.00020127485992441074,1,ok,CI_UNAVAILABLE
all,hct116,xgboost,sequence_rrbs,rrbs,sequence,0.0923145441162832,0.1022686684281923,0.00995412431190909,-0.0008995566604488026,1,ok,CI_UNAVAILABLE
all,hct116,xgboost,sequence_ctcf_dnase,dnase,sequence_ctcf,0.0931545012472472,0.0914409686459245,-0.0017135326013226898,0.00015442523250500106,1,ok,CI_UNAVAILABLE
all,hct116,xgboost,sequence_ctcf_h3k4me3,h3k4me3,sequence_ctcf,0.0944257233814463,0.0914409686459245,-0.0029847547355217885,0.000269083302732398,1,ok,CI_UNAVAILABLE
all,hct116,xgboost,sequence_ctcf_rrbs,rrbs,sequence_ctcf,0.0852403696926645,0.0914409686459245,0.00620059895326,-0.0005575907149956982,1,ok,CI_UNAVAILABLE
all,hct116,xgboost,sequence_ctcf_dnase,ctcf,sequence_dnase,0.0931545012472472,0.1025891155781539,0.009434614330906699,-0.0008528822228007771,1,ok,CI_UNAVAILABLE
all,hct116,xgboost,sequence_dnase_h3k4me3,h3k4me3,sequence_dnase,0.0926246479211431,0.1025891155781539,0.009964467657010798,-0.0009006486923918977,1,ok,CI_UNAVAILABLE
all,hct116,xgboost,sequence_dnase_rrbs,rrbs,sequence_dnase,0.1034233992499622,0.1025891155781539,-0.0008342836718083085,7.563391869599978e-05,1,ok,CI_UNAVAILABLE
all,hct116,xgboost,sequence_ctcf_h3k4me3,ctcf,sequence_h3k4me3,0.0944257233814463,0.1000462096686366,0.005620486287190307,-0.0005079077597328896,1,ok,CI_UNAVAILABLE
all,hct116,xgboost,sequence_dnase_h3k4me3,dnase,sequence_h3k4me3,0.0926246479211431,0.1000462096686366,0.007421561747493505,-0.0006703322995514072,1,ok,CI_UNAVAILABLE
all,hct116,xgboost,sequence_h3k4me3_rrbs,rrbs,sequence_h3k4me3,0.0932195851893288,0.1000462096686366,0.006826624479307805,-0.0006166975267543895,1,ok,CI_UNAVAILABLE
all,hct116,xgboost,sequence_ctcf_rrbs,ctcf,sequence_rrbs,0.0852403696926645,0.0923145441162832,0.007074174423618698,-0.000636299976936594,1,ok,CI_UNAVAILABLE
all,hct116,xgboost,sequence_dnase_rrbs,dnase,sequence_rrbs,0.1034233992499622,0.0923145441162832,-0.011108855133679,0.0010042321120608821,1,ok,CI_UNAVAILABLE
all,hct116,xgboost,sequence_h3k4me3_rrbs,h3k4me3,sequence_rrbs,0.0932195851893288,0.0923145441162832,-0.0009050410730455927,8.158427377000232e-05,1,ok,CI_UNAVAILABLE
all,hct116,xgboost,sequence_ctcf_dnase_h3k4me3,h3k4me3,sequence_ctcf_dnase,0.0964582501093831,0.0931545012472472,-0.0033037488621358996,0.00029814945350128963,1,ok,CI_UNAVAILABLE
all,hct116,xgboost,sequence_ctcf_dnase_rrbs,rrbs,sequence_ctcf_dnase,0.0836298286109838,0.0931545012472472,0.009524672636263401,-0.0008565349100145003,1,ok,CI_UNAVAILABLE
all,hct116,xgboost,sequence_ctcf_dnase_h3k4me3,dnase,sequence_ctcf_h3k4me3,0.0964582501093831,0.0944257233814463,-0.002032526727936801,0.0001834913832738927,1,ok,CI_UNAVAILABLE
all,hct116,xgboost,sequence_ctcf_h3k4me3_rrbs,rrbs,sequence_ctcf_h3k4me3,0.0956582190784404,0.0944257233814463,-0.0012324956969941014,0.00011124199571180271,1,ok,CI_UNAVAILABLE
all,hct116,xgboost,sequence_ctcf_dnase_rrbs,dnase,sequence_ctcf_rrbs,0.0836298286109838,0.0852403696926645,0.0016105410816807109,-0.00014451896251380103,1,ok,CI_UNAVAILABLE
all,hct116,xgboost,sequence_ctcf_h3k4me3_rrbs,h3k4me3,sequence_ctcf_rrbs,0.0956582190784404,0.0852403696926645,-0.01041784938577589,0.0009379160134398989,1,ok,CI_UNAVAILABLE
all,hct116,xgboost,sequence_ctcf_dnase_h3k4me3,ctcf,sequence_dnase_h3k4me3,0.0964582501093831,0.0926246479211431,-0.0038336021882399984,0.00034591592309241026,1,ok,CI_UNAVAILABLE
all,hct116,xgboost,sequence_dnase_h3k4me3_rrbs,rrbs,sequence_dnase_h3k4me3,0.0930745782337196,0.0926246479211431,-0.0004499303125765075,4.056048739450868e-05,1,ok,CI_UNAVAILABLE
all,hct116,xgboost,sequence_ctcf_dnase_rrbs,ctcf,sequence_dnase_rrbs,0.0836298286109838,0.1034233992499622,0.01979357063897841,-0.0017850510515112772,1,ok,CI_UNAVAILABLE
all,hct116,xgboost,sequence_dnase_h3k4me3_rrbs,h3k4me3,sequence_dnase_rrbs,0.0930745782337196,0.1034233992499622,0.010348821016242599,-0.0009357221236933888,1,ok,CI_UNAVAILABLE
all,hct116,xgboost,sequence_ctcf_h3k4me3_rrbs,ctcf,sequence_h3k4me3_rrbs,0.0956582190784404,0.0932195851893288,-0.0024386338891115994,0.0002200317627333026,1,ok,CI_UNAVAILABLE
all,hct116,xgboost,sequence_dnase_h3k4me3_rrbs,dnase,sequence_h3k4me3_rrbs,0.0930745782337196,0.0932195851893288,0.00014500695560919208,-1.307428540250899e-05,1,ok,CI_UNAVAILABLE
all,hct116,xgboost,all,rrbs,sequence_ctcf_dnase_h3k4me3,0.0913533655602405,0.0964582501093831,0.0051048845491425965,-0.0004604656473181923,1,ok,CI_UNAVAILABLE
all,hct116,xgboost,all,h3k4me3,sequence_ctcf_dnase_rrbs,0.0913533655602405,0.0836298286109838,-0.007723536949256704,0.0006942187161975977,1,ok,CI_UNAVAILABLE
all,hct116,xgboost,all,dnase,sequence_ctcf_h3k4me3_rrbs,0.0913533655602405,0.0956582190784404,0.004304853518199897,-0.0003882162597561023,1,ok,CI_UNAVAILABLE
all,hct116,xgboost,all,ctcf,sequence_dnase_h3k4me3_rrbs,0.0913533655602405,0.0930745782337196,0.0017212126734791056,-0.0001551102116202907,1,ok,CI_UNAVAILABLE
all,hek293t,cnn(3|3),sequence_ctcf,ctcf,sequence,-0.2395336460300405,-0.2381842405840446,0.001349405445995877,-7.261901188990172e-05,1,ok,CI_UNAVAILABLE
all,hek293t,cnn(3|3),sequence_dnase,dnase,sequence,-0.2694505381413754,-0.2381842405840446,0.03126629755733076,-0.0016725786278403987,1,ok,CI_UNAVAILABLE
all,hek293t,cnn(3|3),sequence_h3k4me3,h3k4me3,sequence,-0.274911934512086,-0.2381842405840446,0.0367276939280414,-0.001962612182524498,1,ok,CI_UNAVAILABLE
all,hek293t,cnn(3|3),sequence_rrbs,rrbs,sequence,-0.3047133491188922,-0.2381842405840446,0.06652910853484759,-0.0035344205678775054,1,ok,CI_UNAVAILABLE
all,hek293t,cnn(3|3),sequence_ctcf_dnase,dnase,sequence_ctcf,-0.262964602856248,-0.2395336460300405,0.023430956826207522,-0.0012547051499391948,1,ok,CI_UNAVAILABLE
all,hek293t,cnn(3|3),sequence_ctcf_h3k4me3,h3k4me3,sequence_ctcf,-0.2987209112122722,-0.2395336460300405,0.05918726518223169,-0.003147197504676208,1,ok,CI_UNAVAILABLE
all,hek293t,cnn(3|3),sequence_ctcf_rrbs,rrbs,sequence_ctcf,-0.2687464278963787,-0.2395336460300405,0.029212781866338217,-0.0015625216887092952,1,ok,CI_UNAVAILABLE
all,hek293t,cnn(3|3),sequence_ctcf_dnase,ctcf,sequence_dnase,-0.262964602856248,-0.2694505381413754,-0.006485935285127364,0.00034525446601130216,1,ok,CI_UNAVAILABLE
all,hek293t,cnn(3|3),sequence_dnase_h3k4me3,h3k4me3,sequence_dnase,-0.2232029039374494,-0.2694505381413754,-0.04624763420392597,0.002481481539976488,1,ok,CI_UNAVAILABLE
all,hek293t,cnn(3|3),sequence_dnase_rrbs,rrbs,sequence_dnase,-0.3203181304580267,-0.2694505381413754,0.05086759231665133,-0.002677721657130011,1,ok,CI_UNAVAILABLE
all,hek293t,cnn(3|3),sequence_ctcf_h3k4me3,ctcf,sequence_h3k4me3,-0.2987209112122722,-0.274911934512086,0.02380897670018617,-0.0012572043340416117,1,ok,CI_UNAVAILABLE
all,hek293t,cnn(3|3),sequence_dnase_h3k4me3,dnase,sequence_h3k4me3,-0.2232029039374494,-0.274911934512086,-0.051709030574636605,0.002771515094660587,1,ok,CI_UNAVAILABLE
all,hek293t,cnn(3|3),sequence_h3k4me3_rrbs,rrbs,sequence_h3k4me3,-0.2605706137912371,-0.274911934512086,-0.014341320720848927,0.0007629469844787906,1,ok,CI_UNAVAILABLE
all,hek293t,cnn(3|3),sequence_ctcf_rrbs,ctcf,sequence_rrbs,-0.2687464278963787,-0.3047133491188922,-0.03596692122251349,0.0018992798672783084,1,ok,CI_UNAVAILABLE
all,hek293t,cnn(3|3),sequence_dnase_rrbs,dnase,sequence_rrbs,-0.3203181304580267,-0.3047133491188922,0.01560478133913451,-0.0008158797170929044,1,ok,CI_UNAVAILABLE
all,hek293t,cnn(3|3),sequence_h3k4me3_rrbs,h3k4me3,sequence_rrbs,-0.2605706137912371,-0.3047133491188922,-0.044142735327655114,0.002334755369831798,1,ok,CI_UNAVAILABLE
all,hek293t,cnn(3|3),sequence_ctcf_dnase_h3k4me3,h3k4me3,sequence_ctcf_dnase,-0.2309741852895437,-0.262964602856248,-0.031990417566704316,0.0017160096881367881,1,ok,CI_UNAVAILABLE
all,hek293t,cnn(3|3),sequence_ctcf_dnase_rrbs,rrbs,sequence_ctcf_dnase,-0.2870477998209841,-0.262964602856248,0.024083196964736098,-0.0012775609307218994,1,ok,CI_UNAVAILABLE
all,hek293t,cnn(3|3),sequence_ctcf_dnase_h3k4me3,dnase,sequence_ctcf_h3k4me3,-0.2309741852895437,-0.2987209112122722,-0.06774672592272848,0.0036085020428738013,1,ok,CI_UNAVAILABLE
all,hek293t,cnn(3|3),sequence_ctcf_h3k4me3_rrbs,rrbs,sequence_ctcf_h3k4me3,-0.2430628954334155,-0.2987209112122722,-0.05565801577885668,0.0029574556351942005,1,ok,CI_UNAVAILABLE
all,hek293t,cnn(3|3),sequence_ctcf_dnase_rrbs,dnase,sequence_ctcf_rrbs,-0.2870477998209841,-0.2687464278963787,0.018301371924605403,-0.000969744391951799,1,ok,CI_UNAVAILABLE
all,hek293t,cnn(3|3),sequence_ctcf_h3k4me3_rrbs,h3k4me3,sequence_ctcf_rrbs,-0.2430628954334155,-0.2687464278963787,-0.025683532462963204,0.0013727798192272878,1,ok,CI_UNAVAILABLE
all,hek293t,cnn(3|3),sequence_ctcf_dnase_h3k4me3,ctcf,sequence_dnase_h3k4me3,-0.2309741852895437,-0.2232029039374494,0.007771281352094289,-0.0004202173858283975,1,ok,CI_UNAVAILABLE
all,hek293t,cnn(3|3),sequence_dnase_h3k4me3_rrbs,rrbs,sequence_dnase_h3k4me3,-0.32385331692961,-0.2232029039374494,0.1006504129921606,-0.005343365783932602,1,ok,CI_UNAVAILABLE
all,hek293t,cnn(3|3),sequence_ctcf_dnase_rrbs,ctcf,sequence_dnase_rrbs,-0.2870477998209841,-0.3203181304580267,-0.0332703306370426,0.001745415192419414,1,ok,CI_UNAVAILABLE
all,hek293t,cnn(3|3),sequence_dnase_h3k4me3_rrbs,h3k4me3,sequence_dnase_rrbs,-0.32385331692961,-0.3203181304580267,0.003535186471583296,-0.0001841625868261032,1,ok,CI_UNAVAILABLE
all,hek293t,cnn(3|3),sequence_ctcf_h3k4me3_rrbs,ctcf,sequence_h3k4me3_rrbs,-0.2430628954334155,-0.2605706137912371,-0.017507718357821583,0.0009373043166737982,1,ok,CI_UNAVAILABLE
all,hek293t,cnn(3|3),sequence_dnase_h3k4me3_rrbs,dnase,sequence_h3k4me3_rrbs,-0.32385331692961,-0.2605706137912371,0.06328270313837292,-0.0033347976737508056,1,ok,CI_UNAVAILABLE
all,hek293t,cnn(3|3),all,rrbs,sequence_ctcf_dnase_h3k4me3,-0.2179755706564354,-0.2309741852895437,-0.01299861463310828,0.0007036269237891135,1,ok,CI_UNAVAILABLE
all,hek293t,cnn(3|3),all,h3k4me3,sequence_ctcf_dnase_rrbs,-0.2179755706564354,-0.2870477998209841,-0.06907222916454869,0.003697197542647801,1,ok,CI_UNAVAILABLE
all,hek293t,cnn(3|3),all,dnase,sequence_ctcf_h3k4me3_rrbs,-0.2179755706564354,-0.2430628954334155,-0.025087324776980086,0.0013546733314687143,1,ok,CI_UNAVAILABLE
all,hek293t,cnn(3|3),all,ctcf,sequence_dnase_h3k4me3_rrbs,-0.2179755706564354,-0.32385331692961,-0.10587774627317459,0.005626775321893318,1,ok,CI_UNAVAILABLE
all,hek293t,cnn(5|3),sequence_ctcf,ctcf,sequence,-0.3356480434985791,-0.3673019148398373,-0.031653871341258244,0.0016309816101147956,1,ok,CI_UNAVAILABLE
all,hek293t,cnn(5|3),sequence_dnase,dnase,sequence,-0.3821253034025123,-0.3673019148398373,0.014823388562674955,-0.0007572891692766981,1,ok,CI_UNAVAILABLE
all,hek293t,cnn(5|3),sequence_h3k4me3,h3k4me3,sequence,-0.3676727256837544,-0.3673019148398373,0.00037081084391710206,-1.8993699546221432e-05,1,ok,CI_UNAVAILABLE
all,hek293t,cnn(5|3),sequence_rrbs,rrbs,sequence,-0.4058134902024504,-0.3673019148398373,0.03851157536261307,-0.0019590772973302195,1,ok,CI_UNAVAILABLE
all,hek293t,cnn(5|3),sequence_ctcf_dnase,dnase,sequence_ctcf,-0.3209298330146375,-0.3356480434985791,-0.014718210483941563,0.0007649432005150947,1,ok,CI_UNAVAILABLE
all,hek293t,cnn(5|3),sequence_ctcf_h3k4me3,h3k4me3,sequence_ctcf,-0.3204605590652198,-0.3356480434985791,-0.015187484433359266,0.0007894024957678936,1,ok,CI_UNAVAILABLE
all,hek293t,cnn(5|3),sequence_ctcf_rrbs,rrbs,sequence_ctcf,-0.3981426361952374,-0.3356480434985791,0.0624945926966583,-0.003202004781660911,1,ok,CI_UNAVAILABLE
all,hek293t,cnn(5|3),sequence_ctcf_dnase,ctcf,sequence_dnase,-0.3209298330146375,-0.3821253034025123,-0.06119547038787476,0.0031532139799065884,1,ok,CI_UNAVAILABLE
all,hek293t,cnn(5|3),sequence_dnase_h3k4me3,h3k4me3,sequence_dnase,-0.3440350541892378,-0.3821253034025123,-0.038090249213274474,0.0019542607170729975,1,ok,CI_UNAVAILABLE
all,hek293t,cnn(5|3),sequence_dnase_rrbs,rrbs,sequence_dnase,-0.3262697903436133,-0.3821253034025123,-0.055855513058898965,0.002875192436486179,1,ok,CI_UNAVAILABLE
all,hek293t,cnn(5|3),sequence_ctcf_h3k4me3,ctcf,sequence_h3k4me3,-0.3204605590652198,-0.3676727256837544,-0.04721216661853461,0.0024393778054289106,1,ok,CI_UNAVAILABLE
all,hek293t,cnn(5|3),sequence_dnase_h3k4me3,dnase,sequence_h3k4me3,-0.3440350541892378,-0.3676727256837544,-0.02363767149451662,0.0012159652473425209,1,ok,CI_UNAVAILABLE
all,hek293t,cnn(5|3),sequence_h3k4me3_rrbs,rrbs,sequence_h3k4me3,-0.3788577673690081,-0.3676727256837544,0.011185041685253694,-0.0005717156536158841,1,ok,CI_UNAVAILABLE
all,hek293t,cnn(5|3),sequence_ctcf_rrbs,ctcf,sequence_rrbs,-0.3981426361952374,-0.4058134902024504,-0.007670854007213013,0.00038805412578410414,1,ok,CI_UNAVAILABLE
all,hek293t,cnn(5|3),sequence_dnase_rrbs,dnase,sequence_rrbs,-0.3262697903436133,-0.4058134902024504,-0.07954369985883708,0.004076980564539701,1,ok,CI_UNAVAILABLE
all,hek293t,cnn(5|3),sequence_h3k4me3_rrbs,h3k4me3,sequence_rrbs,-0.3788577673690081,-0.4058134902024504,-0.026955722833442275,0.001368367944168114,1,ok,CI_UNAVAILABLE
all,hek293t,cnn(5|3),sequence_ctcf_dnase_h3k4me3,h3k4me3,sequence_ctcf_dnase,-0.4173102473211334,-0.3209298330146375,0.09638041430649591,-0.004934624411573191,1,ok,CI_UNAVAILABLE
all,hek293t,cnn(5|3),sequence_ctcf_dnase_rrbs,rrbs,sequence_ctcf_dnase,-0.4959393492852109,-0.3209298330146375,0.17500951627057337,-0.008837348183367899,1,ok,CI_UNAVAILABLE
all,hek293t,cnn(5|3),sequence_ctcf_dnase_h3k4me3,dnase,sequence_ctcf_h3k4me3,-0.4173102473211334,-0.3204605590652198,0.09684968825591361,-0.00495908370682599,1,ok,CI_UNAVAILABLE
all,hek293t,cnn(5|3),sequence_ctcf_h3k4me3_rrbs,rrbs,sequence_ctcf_h3k4me3,-0.3982013275983285,-0.3204605590652198,0.07774076853310868,-0.003994380401172698,1,ok,CI_UNAVAILABLE
all,hek293t,cnn(5|3),sequence_ctcf_dnase_rrbs,dnase,sequence_ctcf_rrbs,-0.4959393492852109,-0.3981426361952374,0.09779671308997351,-0.004870400201191893,1,ok,CI_UNAVAILABLE
all,hek293t,cnn(5|3),sequence_ctcf_h3k4me3_rrbs,h3k4me3,sequence_ctcf_rrbs,-0.3982013275983285,-0.3981426361952374,5.8691403091115646e-05,-2.9731237438934688e-06,1,ok,CI_UNAVAILABLE
all,hek293t,cnn(5|3),sequence_ctcf_dnase_h3k4me3,ctcf,sequence_dnase_h3k4me3,-0.4173102473211334,-0.3440350541892378,0.07327519313189562,-0.0037356711487396,1,ok,CI_UNAVAILABLE
all,hek293t,cnn(5|3),sequence_dnase_h3k4me3_rrbs,rrbs,sequence_dnase_h3k4me3,-0.4481309760622796,-0.3440350541892378,0.10409592187304179,-0.005278036357790616,1,ok,CI_UNAVAILABLE
all,hek293t,cnn(5|3),sequence_ctcf_dnase_rrbs,ctcf,sequence_dnase_rrbs,-0.4959393492852109,-0.3262697903436133,0.16966955894159758,-0.00855932663994749,1,ok,CI_UNAVAILABLE
all,hek293t,cnn(5|3),sequence_dnase_h3k4me3_rrbs,h3k4me3,sequence_dnase_rrbs,-0.4481309760622796,-0.3262697903436133,0.12186118571866628,-0.006198968077203798,1,ok,CI_UNAVAILABLE
all,hek293t,cnn(5|3),sequence_ctcf_h3k4me3_rrbs,ctcf,sequence_h3k4me3_rrbs,-0.3982013275983285,-0.3788577673690081,0.019343560229320378,-0.0009832869421279034,1,ok,CI_UNAVAILABLE
all,hek293t,cnn(5|3),sequence_dnase_h3k4me3_rrbs,dnase,sequence_h3k4me3_rrbs,-0.4481309760622796,-0.3788577673690081,0.06927320869327147,-0.0034903554568322115,1,ok,CI_UNAVAILABLE
all,hek293t,cnn(5|3),all,rrbs,sequence_ctcf_dnase_h3k4me3,-0.4296633974087478,-0.4173102473211334,0.012353150087614395,-0.0006201843535064977,1,ok,CI_UNAVAILABLE
all,hek293t,cnn(5|3),all,h3k4me3,sequence_ctcf_dnase_rrbs,-0.4296633974087478,-0.4959393492852109,-0.06627595187646307,0.0032825394182882106,1,ok,CI_UNAVAILABLE
all,hek293t,cnn(5|3),all,dnase,sequence_ctcf_h3k4me3_rrbs,-0.4296633974087478,-0.3982013275983285,0.031462069810419324,-0.0015848876591597894,1,ok,CI_UNAVAILABLE
all,hek293t,cnn(5|3),all,ctcf,sequence_dnase_h3k4me3_rrbs,-0.4296633974087478,-0.4481309760622796,-0.01846757865353177,0.0009221808555445188,1,ok,CI_UNAVAILABLE
all,hek293t,cnn(7|3),sequence_ctcf,ctcf,sequence,-0.4041041201358444,-0.4686219139728227,-0.06451779383697831,0.0032247316423245076,1,ok,CI_UNAVAILABLE
all,hek293t,cnn(7|3),sequence_dnase,dnase,sequence,-0.3552162925978217,-0.4686219139728227,-0.11340562137500099,0.005717893667345902,1,ok,CI_UNAVAILABLE
all,hek293t,cnn(7|3),sequence_h3k4me3,h3k4me3,sequence,-0.4953420897761325,-0.4686219139728227,0.026720175803309765,-0.0013147435514924977,1,ok,CI_UNAVAILABLE
all,hek293t,cnn(7|3),sequence_rrbs,rrbs,sequence,-0.5195528840787187,-0.4686219139728227,0.05093097010589598,-0.0024959076375501155,1,ok,CI_UNAVAILABLE
all,hek293t,cnn(7|3),sequence_ctcf_dnase,dnase,sequence_ctcf,-0.3188588845293028,-0.4041041201358444,-0.08524523560654163,0.004376593973494797,1,ok,CI_UNAVAILABLE
all,hek293t,cnn(7|3),sequence_ctcf_h3k4me3,h3k4me3,sequence_ctcf,-0.4588366955547998,-0.4041041201358444,0.054732575418955376,-0.0027402698433686146,1,ok,CI_UNAVAILABLE
all,hek293t,cnn(7|3),sequence_ctcf_rrbs,rrbs,sequence_ctcf,-0.4529202610013105,-0.4041041201358444,0.048816140865466096,-0.002446561342443726,1,ok,CI_UNAVAILABLE
all,hek293t,cnn(7|3),sequence_ctcf_dnase,ctcf,sequence_dnase,-0.3188588845293028,-0.3552162925978217,-0.03635740806851895,0.001883431948473402,1,ok,CI_UNAVAILABLE
all,hek293t,cnn(7|3),sequence_dnase_h3k4me3,h3k4me3,sequence_dnase,-0.4755879042734416,-0.3552162925978217,0.12037161167561988,-0.006061793987079622,1,ok,CI_UNAVAILABLE
all,hek293t,cnn(7|3),sequence_dnase_rrbs,rrbs,sequence_dnase,-0.3338525594738364,-0.3552162925978217,-0.021363733123985318,0.0011036043360410919,1,ok,CI_UNAVAILABLE
all,hek293t,cnn(7|3),sequence_ctcf_h3k4me3,ctcf,sequence_h3k4me3,-0.4588366955547998,-0.4953420897761325,-0.0365053942213327,0.0017992053504483907,1,ok,CI_UNAVAILABLE
all,hek293t,cnn(7|3),sequence_dnase_h3k4me3,dnase,sequence_h3k4me3,-0.4755879042734416,-0.4953420897761325,-0.01975418550269087,0.0009708432317587778,1,ok,CI_UNAVAILABLE
all,hek293t,cnn(7|3),sequence_h3k4me3_rrbs,rrbs,sequence_h3k4me3,-0.4659423513277054,-0.4953420897761325,-0.029399738448427082,0.0014472466201561895,1,ok,CI_UNAVAILABLE
all,hek293t,cnn(7|3),sequence_ctcf_rrbs,ctcf,sequence_rrbs,-0.4529202610013105,-0.5195528840787187,-0.06663262307740819,0.003274077937430897,1,ok,CI_UNAVAILABLE
all,hek293t,cnn(7|3),sequence_dnase_rrbs,dnase,sequence_rrbs,-0.3338525594738364,-0.5195528840787187,-0.18570032460488228,0.00931740564093711,1,ok,CI_UNAVAILABLE
all,hek293t,cnn(7|3),sequence_h3k4me3_rrbs,h3k4me3,sequence_rrbs,-0.4659423513277054,-0.5195528840787187,-0.053610532751013296,0.0026284107062138073,1,ok,CI_UNAVAILABLE
all,hek293t,cnn(7|3),sequence_ctcf_dnase_h3k4me3,h3k4me3,sequence_ctcf_dnase,-0.3849125221166556,-0.3188588845293028,0.06605363758735283,-0.003403125379857097,1,ok,CI_UNAVAILABLE
all,hek293t,cnn(7|3),sequence_ctcf_dnase_rrbs,rrbs,sequence_ctcf_dnase,-0.5279979127271694,-0.3188588845293028,0.20913902819786667,-0.010507021837854708,1,ok,CI_UNAVAILABLE
all,hek293t,cnn(7|3),sequence_ctcf_dnase_h3k4me3,dnase,sequence_ctcf_h3k4me3,-0.3849125221166556,-0.4588366955547998,-0.07392417343814417,0.0037137384370063142,1,ok,CI_UNAVAILABLE
all,hek293t,cnn(7|3),sequence_ctcf_h3k4me3_rrbs,rrbs,sequence_ctcf_h3k4me3,-0.3921994416279133,-0.4588366955547998,-0.06663725392688646,0.003343329513962212,1,ok,CI_UNAVAILABLE
all,hek293t,cnn(7|3),sequence_ctcf_dnase_rrbs,dnase,sequence_ctcf_rrbs,-0.5279979127271694,-0.4529202610013105,0.07507765172585895,-0.003683866521916185,1,ok,CI_UNAVAILABLE
all,hek293t,cnn(7|3),sequence_ctcf_h3k4me3_rrbs,h3k4me3,sequence_ctcf_rrbs,-0.3921994416279133,-0.4529202610013105,-0.060720819373397183,0.0030496210130373236,1,ok,CI_UNAVAILABLE
all,hek293t,cnn(7|3),sequence_ctcf_dnase_h3k4me3,ctcf,sequence_dnase_h3k4me3,-0.3849125221166556,-0.4755879042734416,-0.090675382156786,0.004542100555695927,1,ok,CI_UNAVAILABLE
all,hek293t,cnn(7|3),sequence_dnase_h3k4me3_rrbs,rrbs,sequence_dnase_h3k4me3,-0.4076863413373084,-0.4755879042734416,-0.0679015629361332,0.0033876668733691107,1,ok,CI_UNAVAILABLE
all,hek293t,cnn(7|3),sequence_ctcf_dnase_rrbs,ctcf,sequence_dnase_rrbs,-0.5279979127271694,-0.3338525594738364,0.19414535325333304,-0.009727194225422398,1,ok,CI_UNAVAILABLE
all,hek293t,cnn(7|3),sequence_dnase_h3k4me3_rrbs,h3k4me3,sequence_dnase_rrbs,-0.4076863413373084,-0.3338525594738364,0.073833781863472,-0.0037777314497516035,1,ok,CI_UNAVAILABLE
all,hek293t,cnn(7|3),sequence_ctcf_h3k4me3_rrbs,ctcf,sequence_h3k4me3_rrbs,-0.3921994416279133,-0.4659423513277054,-0.07374290969979208,0.0036952882442544133,1,ok,CI_UNAVAILABLE
all,hek293t,cnn(7|3),sequence_dnase_h3k4me3_rrbs,dnase,sequence_h3k4me3_rrbs,-0.4076863413373084,-0.4659423513277054,-0.058256009990396984,0.002911263484971699,1,ok,CI_UNAVAILABLE
all,hek293t,cnn(7|3),all,rrbs,sequence_ctcf_dnase_h3k4me3,-0.3783082042208923,-0.3849125221166556,-0.006604317895763323,0.0003365536302718797,1,ok,CI_UNAVAILABLE
all,hek293t,cnn(7|3),all,h3k4me3,sequence_ctcf_dnase_rrbs,-0.3783082042208923,-0.5279979127271694,-0.14968970850627716,0.00744045008826949,1,ok,CI_UNAVAILABLE
all,hek293t,cnn(7|3),all,dnase,sequence_ctcf_h3k4me3_rrbs,-0.3783082042208923,-0.3921994416279133,-0.013891237407021029,0.0007069625533159818,1,ok,CI_UNAVAILABLE
all,hek293t,cnn(7|3),all,ctcf,sequence_dnase_h3k4me3_rrbs,-0.3783082042208923,-0.4076863413373084,-0.029378137116416125,0.001490987312598696,1,ok,CI_UNAVAILABLE
all,hek293t,linear,sequence_ctcf,ctcf,sequence,-0.437622441644319,-0.4527264425229875,-0.015104000878668478,0.0007525790756219009,1,ok,CI_UNAVAILABLE
all,hek293t,linear,sequence_dnase,dnase,sequence,-0.4514781238832046,-0.4527264425229875,-0.0012483186397829193,6.205055239238977e-05,1,ok,CI_UNAVAILABLE
all,hek293t,linear,sequence_h3k4me3,h3k4me3,sequence,-0.4607551224955672,-0.4527264425229875,0.008028679972579722,-0.0003984485132721982,1,ok,CI_UNAVAILABLE
all,hek293t,linear,sequence_rrbs,rrbs,sequence,-0.4548185056174876,-0.4527264425229875,0.0020920630945001073,-0.00010393106470060753,1,ok,CI_UNAVAILABLE
all,hek293t,linear,sequence_ctcf_dnase,dnase,sequence_ctcf,-0.4377980021892433,-0.437622441644319,0.0001755605449242914,-8.770210774694531e-06,1,ok,CI_UNAVAILABLE
all,hek293t,linear,sequence_ctcf_h3k4me3,h3k4me3,sequence_ctcf,-0.4473968450551102,-0.437622441644319,0.009774403410791166,-0.0004874727132496981,1,ok,CI_UNAVAILABLE
all,hek293t,linear,sequence_ctcf_rrbs,rrbs,sequence_ctcf,-0.439822695403705,-0.437622441644319,0.002200253759385984,-0.00010987605703249859,1,ok,CI_UNAVAILABLE
all,hek293t,linear,sequence_ctcf_dnase,ctcf,sequence_dnase,-0.4377980021892433,-0.4514781238832046,-0.013680121693961267,0.0006817583124548166,1,ok,CI_UNAVAILABLE
all,hek293t,linear,sequence_dnase_h3k4me3,h3k4me3,sequence_dnase,-0.4592791165601073,-0.4514781238832046,0.007800992676902707,-0.00038732992837089975,1,ok,CI_UNAVAILABLE
all,hek293t,linear,sequence_dnase_rrbs,rrbs,sequence_dnase,-0.453823021247403,-0.4514781238832046,0.002344897364198406,-0.00011653653065257785,1,ok,CI_UNAVAILABLE
all,hek293t,linear,sequence_ctcf_h3k4me3,ctcf,sequence_h3k4me3,-0.4473968450551102,-0.4607551224955672,-0.013358277440457034,0.000663554875644401,1,ok,CI_UNAVAILABLE
all,hek293t,linear,sequence_dnase_h3k4me3,dnase,sequence_h3k4me3,-0.4592791165601073,-0.4607551224955672,-0.0014760059354599342,7.316913729368824e-05,1,ok,CI_UNAVAILABLE
all,hek293t,linear,sequence_h3k4me3_rrbs,rrbs,sequence_h3k4me3,-0.463260259210225,-0.4607551224955672,0.0025051367146577963,-0.00012410104368978936,1,ok,CI_UNAVAILABLE
all,hek293t,linear,sequence_ctcf_rrbs,ctcf,sequence_rrbs,-0.439822695403705,-0.4548185056174876,-0.014995810213782601,0.0007466340832900098,1,ok,CI_UNAVAILABLE
all,hek293t,linear,sequence_dnase_rrbs,dnase,sequence_rrbs,-0.453823021247403,-0.4548185056174876,-0.0009954843700846205,4.944508644041945e-05,1,ok,CI_UNAVAILABLE
all,hek293t,linear,sequence_h3k4me3_rrbs,h3k4me3,sequence_rrbs,-0.463260259210225,-0.4548185056174876,0.008441753592737411,-0.00041861849226138004,1,ok,CI_UNAVAILABLE
all,hek293t,linear,sequence_ctcf_dnase_h3k4me3,h3k4me3,sequence_ctcf_dnase,-0.4472608682889312,-0.4377980021892433,0.009462866099687883,-0.00047193232756731485,1,ok,CI_UNAVAILABLE
all,hek293t,linear,sequence_ctcf_dnase_rrbs,rrbs,sequence_ctcf_dnase,-0.440031430854493,-0.4377980021892433,0.0022334286652496704,-0.00011152529537339362,1,ok,CI_UNAVAILABLE
all,hek293t,linear,sequence_ctcf_dnase_h3k4me3,dnase,sequence_ctcf_h3k4me3,-0.4472608682889312,-0.4473968450551102,-0.00013597676617899124,6.77017490768872e-06,1,ok,CI_UNAVAILABLE
all,hek293t,linear,sequence_ctcf_h3k4me3_rrbs,rrbs,sequence_ctcf_h3k4me3,-0.4498168907977946,-0.4473968450551102,0.0024200457426843958,-0.00012043899797339885,1,ok,CI_UNAVAILABLE
all,hek293t,linear,sequence_ctcf_dnase_rrbs,dnase,sequence_ctcf_rrbs,-0.440031430854493,-0.439822695403705,0.00020873545078797795,-1.0419449115589563e-05,1,ok,CI_UNAVAILABLE
all,hek293t,linear,sequence_ctcf_h3k4me3_rrbs,h3k4me3,sequence_ctcf_rrbs,-0.4498168907977946,-0.439822695403705,0.009994195394089578,-0.0004980356541905984,1,ok,CI_UNAVAILABLE
all,hek293t,linear,sequence_ctcf_dnase_h3k4me3,ctcf,sequence_dnase_h3k4me3,-0.4472608682889312,-0.4592791165601073,-0.01201824827117609,0.0005971559132584014,1,ok,CI_UNAVAILABLE
all,hek293t,linear,sequence_dnase_h3k4me3_rrbs,rrbs,sequence_dnase_h3k4me3,-0.4617818838918157,-0.4592791165601073,0.0025027673317084,-0.00012404635082630122,1,ok,CI_UNAVAILABLE
all,hek293t,linear,sequence_ctcf_dnase_rrbs,ctcf,sequence_dnase_rrbs,-0.440031430854493,-0.453823021247403,-0.013791590392910003,0.0006867695477340008,1,ok,CI_UNAVAILABLE
all,hek293t,linear,sequence_dnase_h3k4me3_rrbs,h3k4me3,sequence_dnase_rrbs,-0.4617818838918157,-0.453823021247403,0.0079588626444127,-0.0003948397485446231,1,ok,CI_UNAVAILABLE
all,hek293t,linear,sequence_ctcf_h3k4me3_rrbs,ctcf,sequence_h3k4me3_rrbs,-0.4498168907977946,-0.463260259210225,-0.013443368412430434,0.0006672169213607915,1,ok,CI_UNAVAILABLE
all,hek293t,linear,sequence_dnase_h3k4me3_rrbs,dnase,sequence_h3k4me3_rrbs,-0.4617818838918157,-0.463260259210225,-0.0014783753184093307,7.322383015717637e-05,1,ok,CI_UNAVAILABLE
all,hek293t,linear,all,rrbs,sequence_ctcf_dnase_h3k4me3,-0.44966367143157,-0.4472608682889312,0.0024028031426387986,-0.00011958684985918788,1,ok,CI_UNAVAILABLE
all,hek293t,linear,all,h3k4me3,sequence_ctcf_dnase_rrbs,-0.44966367143157,-0.440031430854493,0.009632240577077011,-0.0004799938820531091,1,ok,CI_UNAVAILABLE
all,hek293t,linear,all,dnase,sequence_ctcf_h3k4me3_rrbs,-0.44966367143157,-0.4498168907977946,-0.00015321936622458843,7.622323021899691e-06,1,ok,CI_UNAVAILABLE
all,hek293t,linear,all,ctcf,sequence_dnase_h3k4me3_rrbs,-0.44966367143157,-0.4617818838918157,-0.012118212460245692,0.0006016154142255148,1,ok,CI_UNAVAILABLE
all,hek293t,mlp,sequence_ctcf,ctcf,sequence,-0.433038367505502,-0.3966048568961857,0.03643351060931632,-0.001834754531049504,1,ok,CI_UNAVAILABLE
all,hek293t,mlp,sequence_dnase,dnase,sequence,-0.3950346886522384,-0.3966048568961857,-0.0015701682439472897,7.960682893828896e-05,1,ok,CI_UNAVAILABLE
all,hek293t,mlp,sequence_h3k4me3,h3k4me3,sequence,-0.3492382023711917,-0.3966048568961857,-0.047366654524994,0.0024215018267505772,1,ok,CI_UNAVAILABLE
all,hek293t,mlp,sequence_rrbs,rrbs,sequence,-0.396586698606385,-0.3966048568961857,-1.81582898006738e-05,9.203613478003803e-07,1,ok,CI_UNAVAILABLE
all,hek293t,mlp,sequence_ctcf_dnase,dnase,sequence_ctcf,-0.301938324710119,-0.433038367505502,-0.131100042795383,0.006717143883843285,1,ok,CI_UNAVAILABLE
all,hek293t,mlp,sequence_ctcf_h3k4me3,h3k4me3,sequence_ctcf,-0.4473567678105967,-0.433038367505502,0.01431840030509468,-0.0007146667808499985,1,ok,CI_UNAVAILABLE
all,hek293t,mlp,sequence_ctcf_rrbs,rrbs,sequence_ctcf,-0.3612620583476404,-0.433038367505502,-0.0717763091578616,0.0036375937103025058,1,ok,CI_UNAVAILABLE
all,hek293t,mlp,sequence_ctcf_dnase,ctcf,sequence_dnase,-0.301938324710119,-0.3950346886522384,-0.0930963639421194,0.004802782523855492,1,ok,CI_UNAVAILABLE
all,hek293t,mlp,sequence_dnase_h3k4me3,h3k4me3,sequence_dnase,-0.3806751789541829,-0.3950346886522384,-0.014359509698055495,0.0007301091952106875,1,ok,CI_UNAVAILABLE
all,hek293t,mlp,sequence_dnase_rrbs,rrbs,sequence_dnase,-0.3606257068074552,-0.3950346886522384,-0.03440898184478319,0.0017559058597675092,1,ok,CI_UNAVAILABLE
all,hek293t,mlp,sequence_ctcf_h3k4me3,ctcf,sequence_h3k4me3,-0.4473567678105967,-0.3492382023711917,0.098118565439405,-0.00497092313865008,1,ok,CI_UNAVAILABLE
all,hek293t,mlp,sequence_dnase_h3k4me3,dnase,sequence_h3k4me3,-0.3806751789541829,-0.3492382023711917,0.031436976582991216,-0.0016117858026016008,1,ok,CI_UNAVAILABLE
all,hek293t,mlp,sequence_h3k4me3_rrbs,rrbs,sequence_h3k4me3,-0.3946197074968551,-0.3492382023711917,0.04538150512566341,-0.0023208481546933,1,ok,CI_UNAVAILABLE
all,hek293t,mlp,sequence_ctcf_rrbs,ctcf,sequence_rrbs,-0.3612620583476404,-0.396586698606385,-0.0353246402587446,0.0018019188179052015,1,ok,CI_UNAVAILABLE
all,hek293t,mlp,sequence_dnase_rrbs,dnase,sequence_rrbs,-0.3606257068074552,-0.396586698606385,-0.03596099179892981,0.0018345923273579978,1,ok,CI_UNAVAILABLE
all,hek293t,mlp,sequence_h3k4me3_rrbs,h3k4me3,sequence_rrbs,-0.3946197074968551,-0.396586698606385,-0.001966991109529914,9.973331070947666e-05,1,ok,CI_UNAVAILABLE
all,hek293t,mlp,sequence_ctcf_dnase_h3k4me3,h3k4me3,sequence_ctcf_dnase,-0.3351873949103574,-0.301938324710119,0.03324907020023837,-0.001734428920262182,1,ok,CI_UNAVAILABLE
all,hek293t,mlp,sequence_ctcf_dnase_rrbs,rrbs,sequence_ctcf_dnase,-0.3615593310779634,-0.301938324710119,0.0596210063678444,-0.0030948110432453824,1,ok,CI_UNAVAILABLE
all,hek293t,mlp,sequence_ctcf_dnase_h3k4me3,dnase,sequence_ctcf_h3k4me3,-0.3351873949103574,-0.4473567678105967,-0.11216937290023932,0.0056973817444311015,1,ok,CI_UNAVAILABLE
all,hek293t,mlp,sequence_ctcf_h3k4me3_rrbs,rrbs,sequence_ctcf_h3k4me3,-0.3416710709159145,-0.4473567678105967,-0.10568569689468221,0.005361688418331789,1,ok,CI_UNAVAILABLE
all,hek293t,mlp,sequence_ctcf_dnase_rrbs,dnase,sequence_ctcf_rrbs,-0.3615593310779634,-0.3612620583476404,0.00029727273032298385,-1.5260869704603053e-05,1,ok,CI_UNAVAILABLE
all,hek293t,mlp,sequence_ctcf_h3k4me3_rrbs,h3k4me3,sequence_ctcf_rrbs,-0.3416710709159145,-0.3612620583476404,-0.019590987431725937,0.001009427927179285,1,ok,CI_UNAVAILABLE
all,hek293t,mlp,sequence_ctcf_dnase_h3k4me3,ctcf,sequence_dnase_h3k4me3,-0.3351873949103574,-0.3806751789541829,-0.04548778404382553,0.0023382444083826226,1,ok,CI_UNAVAILABLE
all,hek293t,mlp,sequence_dnase_h3k4me3_rrbs,rrbs,sequence_dnase_h3k4me3,-0.4307308412906385,-0.3806751789541829,0.050055662336455586,-0.0025289627159467976,1,ok,CI_UNAVAILABLE
all,hek293t,mlp,sequence_ctcf_dnase_rrbs,ctcf,sequence_dnase_rrbs,-0.3615593310779634,-0.3606257068074552,0.0009336242705081932,-4.79343791573994e-05,1,ok,CI_UNAVAILABLE
all,hek293t,mlp,sequence_dnase_h3k4me3_rrbs,h3k4me3,sequence_dnase_rrbs,-0.4307308412906385,-0.3606257068074552,0.07010513448318328,-0.0035547593805036193,1,ok,CI_UNAVAILABLE
all,hek293t,mlp,sequence_ctcf_h3k4me3_rrbs,ctcf,sequence_h3k4me3_rrbs,-0.3416710709159145,-0.3946197074968551,-0.05294863658094062,0.00271161343437501,1,ok,CI_UNAVAILABLE
all,hek293t,mlp,sequence_dnase_h3k4me3_rrbs,dnase,sequence_h3k4me3_rrbs,-0.4307308412906385,-0.3946197074968551,0.03611113379378339,-0.0018199003638550981,1,ok,CI_UNAVAILABLE
all,hek293t,mlp,all,rrbs,sequence_ctcf_dnase_h3k4me3,-0.3394723825136705,-0.3351873949103574,0.0042849876033131395,-0.00022194697203470337,1,ok,CI_UNAVAILABLE
all,hek293t,mlp,all,h3k4me3,sequence_ctcf_dnase_rrbs,-0.3394723825136705,-0.3615593310779634,-0.022086948564292885,0.001138435150948497,1,ok,CI_UNAVAILABLE
all,hek293t,mlp,all,dnase,sequence_ctcf_h3k4me3_rrbs,-0.3394723825136705,-0.3416710709159145,-0.0021986884022439646,0.00011374635406460887,1,ok,CI_UNAVAILABLE
all,hek293t,mlp,all,ctcf,sequence_dnase_h3k4me3_rrbs,-0.3394723825136705,-0.4307308412906385,-0.09125845877696798,0.004645260152294717,1,ok,CI_UNAVAILABLE
all,hek293t,transformer,sequence_ctcf,ctcf,sequence,-0.4245872437035445,-0.4859907454548777,-0.06140350175133319,0.0030490284217880026,1,ok,CI_UNAVAILABLE
all,hek293t,transformer,sequence_dnase,dnase,sequence,-0.5212078916617495,-0.4859907454548777,0.03521714620687183,-0.0017203401953051756,1,ok,CI_UNAVAILABLE
all,hek293t,transformer,sequence_h3k4me3,h3k4me3,sequence,-0.4746742117824931,-0.4859907454548777,-0.01131653367238461,0.0005571259274437246,1,ok,CI_UNAVAILABLE
all,hek293t,transformer,sequence_rrbs,rrbs,sequence,-0.4261915987085913,-0.4859907454548777,-0.05979914674628639,0.0029685364593605157,1,ok,CI_UNAVAILABLE
all,hek293t,transformer,sequence_ctcf_dnase,dnase,sequence_ctcf,-0.4826501947080441,-0.4245872437035445,0.0580629510044996,-0.002884790630955203,1,ok,CI_UNAVAILABLE
all,hek293t,transformer,sequence_ctcf_h3k4me3,h3k4me3,sequence_ctcf,-0.3849048310082101,-0.4245872437035445,-0.0396824126953344,0.0020055282476404146,1,ok,CI_UNAVAILABLE
all,hek293t,transformer,sequence_ctcf_rrbs,rrbs,sequence_ctcf,-0.5617751147120842,-0.4245872437035445,0.13718787100853969,-0.006726558234286695,1,ok,CI_UNAVAILABLE
all,hek293t,transformer,sequence_ctcf_dnase,ctcf,sequence_dnase,-0.4826501947080441,-0.5212078916617495,-0.03855769695370542,0.0018845779861379752,1,ok,CI_UNAVAILABLE
all,hek293t,transformer,sequence_dnase_h3k4me3,h3k4me3,sequence_dnase,-0.4976463472672143,-0.5212078916617495,-0.023561544394535228,0.0011487347984768803,1,ok,CI_UNAVAILABLE
all,hek293t,transformer,sequence_dnase_rrbs,rrbs,sequence_dnase,-0.4679560636316231,-0.5212078916617495,-0.0532518280301264,0.0026092198408824985,1,ok,CI_UNAVAILABLE
all,hek293t,transformer,sequence_ctcf_h3k4me3,ctcf,sequence_h3k4me3,-0.3849048310082101,-0.4746742117824931,-0.08976938077428298,0.004497430741984693,1,ok,CI_UNAVAILABLE
all,hek293t,transformer,sequence_dnase_h3k4me3,dnase,sequence_h3k4me3,-0.4976463472672143,-0.4746742117824931,0.022972135484721212,-0.0011287313242720198,1,ok,CI_UNAVAILABLE
all,hek293t,transformer,sequence_h3k4me3_rrbs,rrbs,sequence_h3k4me3,-0.5243058463006673,-0.4746742117824931,0.04963163451817426,-0.0024278421536799155,1,ok,CI_UNAVAILABLE
all,hek293t,transformer,sequence_ctcf_rrbs,ctcf,sequence_rrbs,-0.5617751147120842,-0.4261915987085913,0.1355835160034929,-0.006646066271859208,1,ok,CI_UNAVAILABLE
all,hek293t,transformer,sequence_dnase_rrbs,dnase,sequence_rrbs,-0.4679560636316231,-0.4261915987085913,0.04176446492303182,-0.0020796568137831928,1,ok,CI_UNAVAILABLE
all,hek293t,transformer,sequence_h3k4me3_rrbs,h3k4me3,sequence_rrbs,-0.5243058463006673,-0.4261915987085913,0.09811424759207604,-0.004839252685596707,1,ok,CI_UNAVAILABLE
all,hek293t,transformer,sequence_ctcf_dnase_h3k4me3,h3k4me3,sequence_ctcf_dnase,-0.4291375527057404,-0.4826501947080441,-0.05351264200230371,0.0026566152565151158,1,ok,CI_UNAVAILABLE
all,hek293t,transformer,sequence_ctcf_dnase_rrbs,rrbs,sequence_ctcf_dnase,-0.5506964623844011,-0.4826501947080441,0.06804626767635696,-0.003309820176064182,1,ok,CI_UNAVAILABLE
all,hek293t,transformer,sequence_ctcf_dnase_h3k4me3,dnase,sequence_ctcf_h3k4me3,-0.4291375527057404,-0.3849048310082101,0.044232721697530286,-0.0022337036220805018,1,ok,CI_UNAVAILABLE
all,hek293t,transformer,sequence_ctcf_h3k4me3_rrbs,rrbs,sequence_ctcf_h3k4me3,-0.475452922963421,-0.3849048310082101,0.09054809195521091,-0.004535835924799114,1,ok,CI_UNAVAILABLE
all,hek293t,transformer,sequence_ctcf_dnase_rrbs,dnase,sequence_ctcf_rrbs,-0.5506964623844011,-0.5617751147120842,-0.011078652327683125,0.0005319474272673097,1,ok,CI_UNAVAILABLE
all,hek293t,transformer,sequence_ctcf_h3k4me3_rrbs,h3k4me3,sequence_ctcf_rrbs,-0.475452922963421,-0.5617751147120842,-0.08632219174866318,0.004196250557127995,1,ok,CI_UNAVAILABLE
all,hek293t,transformer,sequence_ctcf_dnase_h3k4me3,ctcf,sequence_dnase_h3k4me3,-0.4291375527057404,-0.4976463472672143,-0.0685087945614739,0.0033924584441762107,1,ok,CI_UNAVAILABLE
all,hek293t,transformer,sequence_dnase_h3k4me3_rrbs,rrbs,sequence_dnase_h3k4me3,-0.5292057246796218,-0.4976463472672143,0.0315593774124075,-0.0015366413626991815,1,ok,CI_UNAVAILABLE
all,hek293t,transformer,sequence_ctcf_dnase_rrbs,ctcf,sequence_dnase_rrbs,-0.5506964623844011,-0.4679560636316231,0.08274039875277794,-0.004034462030808705,1,ok,CI_UNAVAILABLE
all,hek293t,transformer,sequence_dnase_h3k4me3_rrbs,h3k4me3,sequence_dnase_rrbs,-0.5292057246796218,-0.4679560636316231,0.06124966104799867,-0.0029971264051047997,1,ok,CI_UNAVAILABLE
all,hek293t,transformer,sequence_ctcf_h3k4me3_rrbs,ctcf,sequence_h3k4me3_rrbs,-0.475452922963421,-0.5243058463006673,-0.048852923337246335,0.002389436970865494,1,ok,CI_UNAVAILABLE
all,hek293t,transformer,sequence_dnase_h3k4me3_rrbs,dnase,sequence_h3k4me3_rrbs,-0.5292057246796218,-0.5243058463006673,0.0048998783789544476,-0.00023753053329128582,1,ok,CI_UNAVAILABLE
all,hek293t,transformer,all,rrbs,sequence_ctcf_dnase_h3k4me3,-0.3941039237650126,-0.4291375527057404,-0.03503362894072781,0.0017662544187390106,1,ok,CI_UNAVAILABLE
all,hek293t,transformer,all,h3k4me3,sequence_ctcf_dnase_rrbs,-0.3941039237650126,-0.5506964623844011,-0.1565925386193885,0.0077326898513183084,1,ok,CI_UNAVAILABLE
all,hek293t,transformer,all,dnase,sequence_ctcf_h3k4me3_rrbs,-0.3941039237650126,-0.475452922963421,-0.08134899919840843,0.004068386721457623,1,ok,CI_UNAVAILABLE
all,hek293t,transformer,all,ctcf,sequence_dnase_h3k4me3_rrbs,-0.3941039237650126,-0.5292057246796218,-0.13510180091460922,0.006695354225614403,1,ok,CI_UNAVAILABLE
all,hek293t,xgboost,sequence_ctcf,ctcf,sequence,-0.3731702534953591,-0.4586661654382509,-0.0854959119428918,0.004304220934150699,1,ok,CI_UNAVAILABLE
all,hek293t,xgboost,sequence_dnase,dnase,sequence,-0.4495349672322035,-0.4586661654382509,-0.009131198206047408,0.00045357579875709986,1,ok,CI_UNAVAILABLE
all,hek293t,xgboost,sequence_h3k4me3,h3k4me3,sequence,-0.4669480889726065,-0.4586661654382509,0.008281923534355584,-0.00041016340369037785,1,ok,CI_UNAVAILABLE
all,hek293t,xgboost,sequence_rrbs,rrbs,sequence,-0.4371989655157464,-0.4586661654382509,-0.02146719992250451,0.0010686192837416064,1,ok,CI_UNAVAILABLE
all,hek293t,xgboost,sequence_ctcf_dnase,dnase,sequence_ctcf,-0.430439178962775,-0.3731702534953591,0.05726892546741591,-0.0028974551486711797,1,ok,CI_UNAVAILABLE
all,hek293t,xgboost,sequence_ctcf_h3k4me3,h3k4me3,sequence_ctcf,-0.4430889145785155,-0.3731702534953591,0.06991866108315642,-0.0035295882981370985,1,ok,CI_UNAVAILABLE
all,hek293t,xgboost,sequence_ctcf_rrbs,rrbs,sequence_ctcf,-0.4269160475499556,-0.3731702534953591,0.05374579405459651,-0.002720899914920777,1,ok,CI_UNAVAILABLE
all,hek293t,xgboost,sequence_ctcf_dnase,ctcf,sequence_dnase,-0.430439178962775,-0.4495349672322035,-0.019095788269428482,0.0009531899867224192,1,ok,CI_UNAVAILABLE
all,hek293t,xgboost,sequence_dnase_h3k4me3,h3k4me3,sequence_dnase,-0.4667874103841432,-0.4495349672322035,0.01725244315193969,-0.0008557926030750007,1,ok,CI_UNAVAILABLE
all,hek293t,xgboost,sequence_dnase_rrbs,rrbs,sequence_dnase,-0.4351421676159241,-0.4495349672322035,-0.014392799616279373,0.0007178468730546228,1,ok,CI_UNAVAILABLE
all,hek293t,xgboost,sequence_ctcf_h3k4me3,ctcf,sequence_h3k4me3,-0.4430889145785155,-0.4669480889726065,-0.023859174394090965,0.001184796039703978,1,ok,CI_UNAVAILABLE
all,hek293t,xgboost,sequence_dnase_h3k4me3,dnase,sequence_h3k4me3,-0.4667874103841432,-0.4669480889726065,-0.0001606785884633033,7.946599372476992e-06,1,ok,CI_UNAVAILABLE
all,hek293t,xgboost,sequence_h3k4me3_rrbs,rrbs,sequence_h3k4me3,-0.4428235793720381,-0.4669480889726065,-0.02412450960056839,0.0011980268696889784,1,ok,CI_UNAVAILABLE
all,hek293t,xgboost,sequence_ctcf_rrbs,ctcf,sequence_rrbs,-0.4269160475499556,-0.4371989655157464,-0.010282917965790783,0.0005147017354883154,1,ok,CI_UNAVAILABLE
all,hek293t,xgboost,sequence_dnase_rrbs,dnase,sequence_rrbs,-0.4351421676159241,-0.4371989655157464,-0.0020567978998222713,0.00010280338807011624,1,ok,CI_UNAVAILABLE
all,hek293t,xgboost,sequence_h3k4me3_rrbs,h3k4me3,sequence_rrbs,-0.4428235793720381,-0.4371989655157464,0.005624613856291705,-0.00028075581774300584,1,ok,CI_UNAVAILABLE
all,hek293t,xgboost,sequence_ctcf_dnase_h3k4me3,h3k4me3,sequence_ctcf_dnase,-0.442169842102593,-0.430439178962775,0.01173066313981802,-0.0005862987895835226,1,ok,CI_UNAVAILABLE
all,hek293t,xgboost,sequence_ctcf_dnase_rrbs,rrbs,sequence_ctcf_dnase,-0.4284231909125464,-0.430439178962775,-0.002015988050228623,0.00010100087703759919,1,ok,CI_UNAVAILABLE
all,hek293t,xgboost,sequence_ctcf_dnase_h3k4me3,dnase,sequence_ctcf_h3k4me3,-0.442169842102593,-0.4430889145785155,-0.0009190724759224889,4.583435988239626e-05,1,ok,CI_UNAVAILABLE
all,hek293t,xgboost,sequence_ctcf_h3k4me3_rrbs,rrbs,sequence_ctcf_h3k4me3,-0.350959543393698,-0.4430889145785155,-0.09212937118481751,0.004669538665464712,1,ok,CI_UNAVAILABLE
all,hek293t,xgboost,sequence_ctcf_dnase_rrbs,dnase,sequence_ctcf_rrbs,-0.4284231909125464,-0.4269160475499556,0.0015071433625907793,-7.555435671280364e-05,1,ok,CI_UNAVAILABLE
all,hek293t,xgboost,sequence_ctcf_h3k4me3_rrbs,h3k4me3,sequence_ctcf_rrbs,-0.350959543393698,-0.4269160475499556,-0.0759565041562576,0.0038608502822483903,1,ok,CI_UNAVAILABLE
all,hek293t,xgboost,sequence_ctcf_dnase_h3k4me3,ctcf,sequence_dnase_h3k4me3,-0.442169842102593,-0.4667874103841432,-0.02461756828155015,0.0012226838002138973,1,ok,CI_UNAVAILABLE
all,hek293t,xgboost,sequence_dnase_h3k4me3_rrbs,rrbs,sequence_dnase_h3k4me3,-0.3604500537034323,-0.4667874103841432,-0.10633735668071087,0.005358155865513997,1,ok,CI_UNAVAILABLE
all,hek293t,xgboost,sequence_ctcf_dnase_rrbs,ctcf,sequence_dnase_rrbs,-0.4284231909125464,-0.4351421676159241,-0.0067189767033777326,0.00033634399070539556,1,ok,CI_UNAVAILABLE
all,hek293t,xgboost,sequence_dnase_h3k4me3_rrbs,h3k4me3,sequence_dnase_rrbs,-0.3604500537034323,-0.4351421676159241,-0.07469211391249181,0.0037845163893843736,1,ok,CI_UNAVAILABLE
all,hek293t,xgboost,sequence_ctcf_h3k4me3_rrbs,ctcf,sequence_h3k4me3_rrbs,-0.350959543393698,-0.4428235793720381,-0.09186403597834009,0.004656307835479712,1,ok,CI_UNAVAILABLE
all,hek293t,xgboost,sequence_dnase_h3k4me3_rrbs,dnase,sequence_h3k4me3_rrbs,-0.3604500537034323,-0.4428235793720381,-0.08237352566860578,0.004168075595197496,1,ok,CI_UNAVAILABLE
all,hek293t,xgboost,all,rrbs,sequence_ctcf_dnase_h3k4me3,-0.3576249551940054,-0.442169842102593,-0.08454488690858764,0.004280628644351914,1,ok,CI_UNAVAILABLE
all,hek293t,xgboost,all,h3k4me3,sequence_ctcf_dnase_rrbs,-0.3576249551940054,-0.4284231909125464,-0.07079823571854099,0.003593328977730792,1,ok,CI_UNAVAILABLE
all,hek293t,xgboost,all,dnase,sequence_ctcf_h3k4me3_rrbs,-0.3576249551940054,-0.350959543393698,0.006665411800307386,-0.000343075661230402,1,ok,CI_UNAVAILABLE
all,hek293t,xgboost,all,ctcf,sequence_dnase_h3k4me3_rrbs,-0.3576249551940054,-0.3604500537034323,-0.0028250985094269154,0.0001451565790518139,1,ok,CI_UNAVAILABLE
all,hela,cnn(3|3),sequence_ctcf,ctcf,sequence,-0.0257694200356752,-0.0236539358856857,0.002115484149989501,-0.00019026313809361595,1,ok,CI_UNAVAILABLE
all,hela,cnn(3|3),sequence_dnase,dnase,sequence,-0.0183709289932176,-0.0236539358856857,-0.005283006892468099,0.00047600519237889216,1,ok,CI_UNAVAILABLE
all,hela,cnn(3|3),sequence_h3k4me3,h3k4me3,sequence,-0.0147646819378017,-0.0236539358856857,-0.008889253947883998,0.0008016417353763072,1,ok,CI_UNAVAILABLE
all,hela,cnn(3|3),sequence_rrbs,rrbs,sequence,-0.0181789903265336,-0.0236539358856857,-0.005474945559152098,0.0004933223099959083,1,ok,CI_UNAVAILABLE
all,hela,cnn(3|3),sequence_ctcf_dnase,dnase,sequence_ctcf,-0.0353264987241357,-0.0257694200356752,0.0095570786884605,-0.0008571126203938961,1,ok,CI_UNAVAILABLE
all,hela,cnn(3|3),sequence_ctcf_h3k4me3,h3k4me3,sequence_ctcf,-0.029646361038806,-0.0257694200356752,0.0038769410031307995,-0.0003481771006941803,1,ok,CI_UNAVAILABLE
all,hela,cnn(3|3),sequence_ctcf_rrbs,rrbs,sequence_ctcf,-0.0203394922064417,-0.0257694200356752,-0.005429927829233499,0.0004887544545096045,1,ok,CI_UNAVAILABLE
all,hela,cnn(3|3),sequence_ctcf_dnase,ctcf,sequence_dnase,-0.0353264987241357,-0.0183709289932176,0.0169555697309181,-0.0015233809508664042,1,ok,CI_UNAVAILABLE
all,hela,cnn(3|3),sequence_dnase_h3k4me3,h3k4me3,sequence_dnase,-0.0220999536638357,-0.0183709289932176,0.0037290246706181,-0.0003361173257344918,1,ok,CI_UNAVAILABLE
all,hela,cnn(3|3),sequence_dnase_rrbs,rrbs,sequence_dnase,-0.0172695696013289,-0.0183709289932176,-0.0011013593918887017,9.938920042271149e-05,1,ok,CI_UNAVAILABLE
all,hela,cnn(3|3),sequence_ctcf_h3k4me3,ctcf,sequence_h3k4me3,-0.029646361038806,-0.0147646819378017,0.014881679101004299,-0.0013400819741641035,1,ok,CI_UNAVAILABLE
all,hela,cnn(3|3),sequence_dnase_h3k4me3,dnase,sequence_h3k4me3,-0.0220999536638357,-0.0147646819378017,0.007335271726033999,-0.0006617538687319069,1,ok,CI_UNAVAILABLE
all,hela,cnn(3|3),sequence_h3k4me3_rrbs,rrbs,sequence_h3k4me3,-0.0230454449625139,-0.0147646819378017,0.0082807630247122,-0.0007468786709361186,1,ok,CI_UNAVAILABLE
all,hela,cnn(3|3),sequence_ctcf_rrbs,ctcf,sequence_rrbs,-0.0203394922064417,-0.0181789903265336,0.0021605018799081,-0.00019483099357991973,1,ok,CI_UNAVAILABLE
all,hela,cnn(3|3),sequence_dnase_rrbs,dnase,sequence_rrbs,-0.0172695696013289,-0.0181789903265336,-0.0009094207252047029,8.207208280569533e-05,1,ok,CI_UNAVAILABLE
all,hela,cnn(3|3),sequence_h3k4me3_rrbs,h3k4me3,sequence_rrbs,-0.0230454449625139,-0.0181789903265336,0.004866454635980299,-0.0004385592455557197,1,ok,CI_UNAVAILABLE
all,hela,cnn(3|3),sequence_ctcf_dnase_h3k4me3,h3k4me3,sequence_ctcf_dnase,-0.0370309198589435,-0.0353264987241357,0.0017044211348078014,-0.0001524422253467994,1,ok,CI_UNAVAILABLE
all,hela,cnn(3|3),sequence_ctcf_dnase_rrbs,rrbs,sequence_ctcf_dnase,-0.033568274818674,-0.0353264987241357,-0.0017582239054617019,0.00015738584895830243,1,ok,CI_UNAVAILABLE
all,hela,cnn(3|3),sequence_ctcf_dnase_h3k4me3,dnase,sequence_ctcf_h3k4me3,-0.0370309198589435,-0.029646361038806,0.0073845588201375024,-0.0006613777450465153,1,ok,CI_UNAVAILABLE
all,hela,cnn(3|3),sequence_ctcf_h3k4me3_rrbs,rrbs,sequence_ctcf_h3k4me3,-0.0305255004363076,-0.029646361038806,0.0008791393975016021,-7.886180075139526e-05,1,ok,CI_UNAVAILABLE
all,hela,cnn(3|3),sequence_ctcf_dnase_rrbs,dnase,sequence_ctcf_rrbs,-0.033568274818674,-0.0203394922064417,0.013228782612232298,-0.0011884812259451982,1,ok,CI_UNAVAILABLE
all,hela,cnn(3|3),sequence_ctcf_h3k4me3_rrbs,h3k4me3,sequence_ctcf_rrbs,-0.0305255004363076,-0.0203394922064417,0.0101860082298659,-0.0009157933559551801,1,ok,CI_UNAVAILABLE
all,hela,cnn(3|3),sequence_ctcf_dnase_h3k4me3,ctcf,sequence_dnase_h3k4me3,-0.0370309198589435,-0.0220999536638357,0.014930966195107802,-0.0013397058504787118,1,ok,CI_UNAVAILABLE
all,hela,cnn(3|3),sequence_dnase_h3k4me3_rrbs,rrbs,sequence_dnase_h3k4me3,-0.0190580574915057,-0.0220999536638357,-0.0030418961723299998,0.00027413649548579944,1,ok,CI_UNAVAILABLE
all,hela,cnn(3|3),sequence_ctcf_dnase_rrbs,ctcf,sequence_dnase_rrbs,-0.033568274818674,-0.0172695696013289,0.0162987052173451,-0.0014653843023308133,1,ok,CI_UNAVAILABLE
all,hela,cnn(3|3),sequence_dnase_h3k4me3_rrbs,h3k4me3,sequence_dnase_rrbs,-0.0190580574915057,-0.0172695696013289,0.0017884878901768021,-0.00016137003067140387,1,ok,CI_UNAVAILABLE
all,hela,cnn(3|3),sequence_ctcf_h3k4me3_rrbs,ctcf,sequence_h3k4me3_rrbs,-0.0305255004363076,-0.0230454449625139,0.0074800554737937015,-0.0006720651039793801,1,ok,CI_UNAVAILABLE
all,hela,cnn(3|3),sequence_dnase_h3k4me3_rrbs,dnase,sequence_h3k4me3_rrbs,-0.0190580574915057,-0.0230454449625139,-0.0039873874710082,0.00035926129769001114,1,ok,CI_UNAVAILABLE
all,hela,cnn(3|3),all,rrbs,sequence_ctcf_dnase_h3k4me3,-0.0272821015117594,-0.0370309198589435,-0.009748818347184104,0.0008736270555464998,1,ok,CI_UNAVAILABLE
all,hela,cnn(3|3),all,h3k4me3,sequence_ctcf_dnase_rrbs,-0.0272821015117594,-0.033568274818674,-0.0062861733069146004,0.0005637989812413979,1,ok,CI_UNAVAILABLE
all,hela,cnn(3|3),all,dnase,sequence_ctcf_h3k4me3_rrbs,-0.0272821015117594,-0.0305255004363076,-0.0032433989245482034,0.0002911111112513798,1,ok,CI_UNAVAILABLE
all,hela,cnn(3|3),all,ctcf,sequence_dnase_h3k4me3_rrbs,-0.0272821015117594,-0.0190580574915057,0.008224044020253698,-0.0007402152904180115,1,ok,CI_UNAVAILABLE
all,hela,cnn(5|3),sequence_ctcf,ctcf,sequence,-0.0154159888292564,-0.0428417933494649,-0.0274258045202085,0.0024613863899371757,1,ok,CI_UNAVAILABLE
all,hela,cnn(5|3),sequence_dnase,dnase,sequence,-0.0387234204177402,-0.0428417933494649,-0.0041183729317246995,0.0003675289340805965,1,ok,CI_UNAVAILABLE
all,hela,cnn(5|3),sequence_h3k4me3,h3k4me3,sequence,-0.0356832317203446,-0.0428417933494649,-0.007158561629120298,0.0006393069795067874,1,ok,CI_UNAVAILABLE
all,hela,cnn(5|3),sequence_rrbs,rrbs,sequence,-0.0298126747623277,-0.0428417933494649,-0.0130291185871372,0.0011652373347308953,1,ok,CI_UNAVAILABLE
all,hela,cnn(5|3),sequence_ctcf_dnase,dnase,sequence_ctcf,-0.0229493755112208,-0.0154159888292564,0.0075333866819643994,-0.000679376700248896,1,ok,CI_UNAVAILABLE
all,hela,cnn(5|3),sequence_ctcf_h3k4me3,h3k4me3,sequence_ctcf,-0.0211910430963955,-0.0154159888292564,0.005775054267139099,-0.0005210309827521908,1,ok,CI_UNAVAILABLE
all,hela,cnn(5|3),sequence_ctcf_rrbs,rrbs,sequence_ctcf,-0.0225446083231022,-0.0154159888292564,0.0071286194938457986,-0.0006429376657569874,1,ok,CI_UNAVAILABLE
all,hela,cnn(5|3),sequence_ctcf_dnase,ctcf,sequence_dnase,-0.0229493755112208,-0.0387234204177402,-0.0157740449065194,0.0014144807556076833,1,ok,CI_UNAVAILABLE
all,hela,cnn(5|3),sequence_dnase_h3k4me3,h3k4me3,sequence_dnase,-0.0340085214788954,-0.0387234204177402,-0.004714898938844796,0.0004216593759074905,1,ok,CI_UNAVAILABLE
all,hela,cnn(5|3),sequence_dnase_rrbs,rrbs,sequence_dnase,-0.0208323619051533,-0.0387234204177402,-0.017891058512586898,0.0016051440588574772,1,ok,CI_UNAVAILABLE
all,hela,cnn(5|3),sequence_ctcf_h3k4me3,ctcf,sequence_h3k4me3,-0.0211910430963955,-0.0356832317203446,-0.0144921886239491,0.0013010484276781975,1,ok,CI_UNAVAILABLE
all,hela,cnn(5|3),sequence_dnase_h3k4me3,dnase,sequence_h3k4me3,-0.0340085214788954,-0.0356832317203446,-0.0016747102414491968,0.0001498813304812996,1,ok,CI_UNAVAILABLE
all,hela,cnn(5|3),sequence_h3k4me3_rrbs,rrbs,sequence_h3k4me3,-0.0268947773351624,-0.0356832317203446,-0.0087884543851822,0.0007878961158548081,1,ok,CI_UNAVAILABLE
all,hela,cnn(5|3),sequence_ctcf_rrbs,ctcf,sequence_rrbs,-0.0225446083231022,-0.0298126747623277,-0.0072680664392255,0.000653211389449293,1,ok,CI_UNAVAILABLE
all,hela,cnn(5|3),sequence_dnase_rrbs,dnase,sequence_rrbs,-0.0208323619051533,-0.0298126747623277,-0.008980312857174398,0.0008074356582071784,1,ok,CI_UNAVAILABLE
all,hela,cnn(5|3),sequence_h3k4me3_rrbs,h3k4me3,sequence_rrbs,-0.0268947773351624,-0.0298126747623277,-0.002917897427165299,0.0002619657606307002,1,ok,CI_UNAVAILABLE
all,hela,cnn(5|3),sequence_ctcf_dnase_h3k4me3,h3k4me3,sequence_ctcf_dnase,-0.0221389756025207,-0.0229493755112208,-0.0008103999087000976,7.296322420041745e-05,1,ok,CI_UNAVAILABLE
all,hela,cnn(5|3),sequence_ctcf_dnase_rrbs,rrbs,sequence_ctcf_dnase,-0.0279384114270495,-0.0229493755112208,0.0049890359158287,-0.00044854566599208945,1,ok,CI_UNAVAILABLE
all,hela,cnn(5|3),sequence_ctcf_dnase_h3k4me3,dnase,sequence_ctcf_h3k4me3,-0.0221389756025207,-0.0211910430963955,0.0009479325061252028,-8.538249329628766e-05,1,ok,CI_UNAVAILABLE
all,hela,cnn(5|3),sequence_ctcf_h3k4me3_rrbs,rrbs,sequence_ctcf_h3k4me3,-0.0567317665638225,-0.0211910430963955,0.035540723467426996,-0.003174593366682299,1,ok,CI_UNAVAILABLE
all,hela,cnn(5|3),sequence_ctcf_dnase_rrbs,dnase,sequence_ctcf_rrbs,-0.0279384114270495,-0.0225446083231022,0.005393803103947301,-0.000484984700483998,1,ok,CI_UNAVAILABLE
all,hela,cnn(5|3),sequence_ctcf_h3k4me3_rrbs,h3k4me3,sequence_ctcf_rrbs,-0.0567317665638225,-0.0225446083231022,0.0341871582407203,-0.0030526866836775024,1,ok,CI_UNAVAILABLE
all,hela,cnn(5|3),sequence_ctcf_dnase_h3k4me3,ctcf,sequence_dnase_h3k4me3,-0.0221389756025207,-0.0340085214788954,-0.0118695458763747,0.0010657846039006103,1,ok,CI_UNAVAILABLE
all,hela,cnn(5|3),sequence_dnase_h3k4me3_rrbs,rrbs,sequence_dnase_h3k4me3,-0.0270766931188075,-0.0340085214788954,-0.0069318283600879015,0.0006216717078413037,1,ok,CI_UNAVAILABLE
all,hela,cnn(5|3),sequence_ctcf_dnase_rrbs,ctcf,sequence_dnase_rrbs,-0.0279384114270495,-0.0208323619051533,0.0071060495218962,-0.0006392089692418834,1,ok,CI_UNAVAILABLE
all,hela,cnn(5|3),sequence_dnase_h3k4me3_rrbs,h3k4me3,sequence_dnase_rrbs,-0.0270766931188075,-0.0208323619051533,0.006244331213654201,-0.0005618129751086831,1,ok,CI_UNAVAILABLE
all,hela,cnn(5|3),sequence_ctcf_h3k4me3_rrbs,ctcf,sequence_h3k4me3_rrbs,-0.0567317665638225,-0.0268947773351624,0.0298369892286601,-0.0026614410548589096,1,ok,CI_UNAVAILABLE
all,hela,cnn(5|3),sequence_dnase_h3k4me3_rrbs,dnase,sequence_h3k4me3_rrbs,-0.0270766931188075,-0.0268947773351624,0.00018191578364510144,-1.6343077532204875e-05,1,ok,CI_UNAVAILABLE
all,hela,cnn(5|3),all,rrbs,sequence_ctcf_dnase_h3k4me3,-0.0298980823318004,-0.0221389756025207,0.007759106729279697,-0.0006973977866222003,1,ok,CI_UNAVAILABLE
all,hela,cnn(5|3),all,h3k4me3,sequence_ctcf_dnase_rrbs,-0.0298980823318004,-0.0279384114270495,0.0019596709047508994,-0.0001758888964296934,1,ok,CI_UNAVAILABLE
all,hela,cnn(5|3),all,dnase,sequence_ctcf_h3k4me3_rrbs,-0.0298980823318004,-0.0567317665638225,-0.0268336842320221,0.002391813086763811,1,ok,CI_UNAVAILABLE
all,hela,cnn(5|3),all,ctcf,sequence_dnase_h3k4me3_rrbs,-0.0298980823318004,-0.0270766931188075,0.002821389212992898,-0.0002532848905628937,1,ok,CI_UNAVAILABLE
all,hela,cnn(7|3),sequence_ctcf,ctcf,sequence,-0.0091848231631537,-0.007030169299339,0.0021546538638147006,-0.00019537537161470886,1,ok,CI_UNAVAILABLE
all,hela,cnn(7|3),sequence_dnase,dnase,sequence,-0.0134122567974623,-0.007030169299339,0.0063820874981233,-0.0005780970037995992,1,ok,CI_UNAVAILABLE
all,hela,cnn(7|3),sequence_h3k4me3,h3k4me3,sequence,-0.0255413417124774,-0.007030169299339,0.018511172413138398,-0.0016717686395165965,1,ok,CI_UNAVAILABLE
all,hela,cnn(7|3),sequence_rrbs,rrbs,sequence,-0.0207802594393846,-0.007030169299339,0.0137500901400456,-0.0012432401517561975,1,ok,CI_UNAVAILABLE
all,hela,cnn(7|3),sequence_ctcf_dnase,dnase,sequence_ctcf,-0.0317947434960903,-0.0091848231631537,0.0226099203329366,-0.0020377318268881006,1,ok,CI_UNAVAILABLE
all,hela,cnn(7|3),sequence_ctcf_h3k4me3,h3k4me3,sequence_ctcf,-0.0311135581639818,-0.0091848231631537,0.0219287350008281,-0.0019766677221343953,1,ok,CI_UNAVAILABLE
all,hela,cnn(7|3),sequence_ctcf_rrbs,rrbs,sequence_ctcf,-0.0363772129710078,-0.0091848231631537,0.0271923898078541,-0.00244799939510168,1,ok,CI_UNAVAILABLE
all,hela,cnn(7|3),sequence_ctcf_dnase,ctcf,sequence_dnase,-0.0317947434960903,-0.0134122567974623,0.018382486698628,-0.0016550101947032103,1,ok,CI_UNAVAILABLE
all,hela,cnn(7|3),sequence_dnase_h3k4me3,h3k4me3,sequence_dnase,-0.0341198828357598,-0.0134122567974623,0.020707626038297497,-0.0018632930536205128,1,ok,CI_UNAVAILABLE
all,hela,cnn(7|3),sequence_dnase_rrbs,rrbs,sequence_dnase,-0.0127363160040268,-0.0134122567974623,-0.0006759407934354995,6.11411610673962e-05,1,ok,CI_UNAVAILABLE
all,hela,cnn(7|3),sequence_ctcf_h3k4me3,ctcf,sequence_h3k4me3,-0.0311135581639818,-0.0255413417124774,0.005572216451504401,-0.0005002744542325077,1,ok,CI_UNAVAILABLE
all,hela,cnn(7|3),sequence_dnase_h3k4me3,dnase,sequence_h3k4me3,-0.0341198828357598,-0.0255413417124774,0.0085785411232824,-0.0007696214179035155,1,ok,CI_UNAVAILABLE
all,hela,cnn(7|3),sequence_h3k4me3_rrbs,rrbs,sequence_h3k4me3,-0.0346839021451204,-0.0255413417124774,0.009142560432642999,-0.0008201102108404967,1,ok,CI_UNAVAILABLE
all,hela,cnn(7|3),sequence_ctcf_rrbs,ctcf,sequence_rrbs,-0.0363772129710078,-0.0207802594393846,0.0155969535316232,-0.0014001346149601912,1,ok,CI_UNAVAILABLE
all,hela,cnn(7|3),sequence_dnase_rrbs,dnase,sequence_rrbs,-0.0127363160040268,-0.0207802594393846,-0.0080439434353578,0.0007262843090239945,1,ok,CI_UNAVAILABLE
all,hela,cnn(7|3),sequence_h3k4me3_rrbs,h3k4me3,sequence_rrbs,-0.0346839021451204,-0.0207802594393846,0.013903642705735797,-0.0012486386986008957,1,ok,CI_UNAVAILABLE
all,hela,cnn(7|3),sequence_ctcf_dnase_h3k4me3,h3k4me3,sequence_ctcf_dnase,-0.0227338361424802,-0.0317947434960903,-0.0090609073536101,0.0008139117435317089,1,ok,CI_UNAVAILABLE
all,hela,cnn(7|3),sequence_ctcf_dnase_rrbs,rrbs,sequence_ctcf_dnase,-0.0170522681961537,-0.0317947434960903,-0.014742475299936601,0.0013261086770068042,1,ok,CI_UNAVAILABLE
all,hela,cnn(7|3),sequence_ctcf_dnase_h3k4me3,dnase,sequence_ctcf_h3k4me3,-0.0227338361424802,-0.0311135581639818,-0.008379722021501598,0.0007528476387780036,1,ok,CI_UNAVAILABLE
all,hela,cnn(7|3),sequence_ctcf_h3k4me3_rrbs,rrbs,sequence_ctcf_h3k4me3,0.0023943939542844,-0.0311135581639818,-0.0335079521182662,0.003029091511862897,1,ok,CI_UNAVAILABLE
all,hela,cnn(7|3),sequence_ctcf_dnase_rrbs,dnase,sequence_ctcf_rrbs,-0.0170522681961537,-0.0363772129710078,-0.0193249447748541,0.0017363762452203835,1,ok,CI_UNAVAILABLE
all,hela,cnn(7|3),sequence_ctcf_h3k4me3_rrbs,h3k4me3,sequence_ctcf_rrbs,0.0023943939542844,-0.0363772129710078,-0.038771606925292204,0.0035004231848301814,1,ok,CI_UNAVAILABLE
all,hela,cnn(7|3),sequence_ctcf_dnase_h3k4me3,ctcf,sequence_dnase_h3k4me3,-0.0227338361424802,-0.0341198828357598,-0.011386046693279597,0.0010221946024490114,1,ok,CI_UNAVAILABLE
all,hela,cnn(7|3),sequence_dnase_h3k4me3_rrbs,rrbs,sequence_dnase_h3k4me3,-0.0273118881286928,-0.0341198828357598,-0.006807994707067,0.000610514497683623,1,ok,CI_UNAVAILABLE
all,hela,cnn(7|3),sequence_ctcf_dnase_rrbs,ctcf,sequence_dnase_rrbs,-0.0170522681961537,-0.0127363160040268,0.004315952192126899,-0.0003900426787638023,1,ok,CI_UNAVAILABLE
all,hela,cnn(7|3),sequence_dnase_h3k4me3_rrbs,h3k4me3,sequence_dnase_rrbs,-0.0273118881286928,-0.0127363160040268,0.014575572124665998,-0.001313919717004286,1,ok,CI_UNAVAILABLE
all,hela,cnn(7|3),sequence_ctcf_h3k4me3_rrbs,ctcf,sequence_h3k4me3_rrbs,0.0023943939542844,-0.0346839021451204,-0.0370782960994048,0.003348927268470886,1,ok,CI_UNAVAILABLE
all,hela,cnn(7|3),sequence_dnase_h3k4me3_rrbs,dnase,sequence_h3k4me3_rrbs,-0.0273118881286928,-0.0346839021451204,-0.0073720140164275985,0.0006610032906206043,1,ok,CI_UNAVAILABLE
all,hela,cnn(7|3),all,rrbs,sequence_ctcf_dnase_h3k4me3,-0.0130363784492644,-0.0227338361424802,-0.009697457693215802,0.0008750954181951098,1,ok,CI_UNAVAILABLE
all,hela,cnn(7|3),all,h3k4me3,sequence_ctcf_dnase_rrbs,-0.0130363784492644,-0.0170522681961537,-0.0040158897468893,0.0003628984847200145,1,ok,CI_UNAVAILABLE
all,hela,cnn(7|3),all,dnase,sequence_ctcf_h3k4me3_rrbs,-0.0130363784492644,0.0023943939542844,0.015430772403548799,-0.0014011484548897835,1,ok,CI_UNAVAILABLE
all,hela,cnn(7|3),all,ctcf,sequence_dnase_h3k4me3_rrbs,-0.0130363784492644,-0.0273118881286928,-0.0142755096794284,0.0012867755229604982,1,ok,CI_UNAVAILABLE
all,hela,linear,sequence_ctcf,ctcf,sequence,0.012236106454436,0.0072913415860579,-0.004944764868378099,0.00045239962060730776,1,ok,CI_UNAVAILABLE
all,hela,linear,sequence_dnase,dnase,sequence,0.0063447962672519,0.0072913415860579,0.0009465453188059999,-8.647143855869399e-05,1,ok,CI_UNAVAILABLE
all,hela,linear,sequence_h3k4me3,h3k4me3,sequence,0.0088996274961405,0.0072913415860579,-0.0016082859100826005,0.00014701918938481162,1,ok,CI_UNAVAILABLE
all,hela,linear,sequence_rrbs,rrbs,sequence,-9.403728939316736e-05,0.0072913415860579,0.007385378875451067,-0.0006735999355667877,1,ok,CI_UNAVAILABLE
all,hela,linear,sequence_ctcf_dnase,dnase,sequence_ctcf,0.0102914020449249,0.012236106454436,0.0019447044095110989,-0.00017805701503550986,1,ok,CI_UNAVAILABLE
all,hela,linear,sequence_ctcf_h3k4me3,h3k4me3,sequence_ctcf,0.013323211181806,0.012236106454436,-0.0010871047273700012,9.961162336469265e-05,1,ok,CI_UNAVAILABLE
all,hela,linear,sequence_ctcf_rrbs,rrbs,sequence_ctcf,0.003795957560104,0.012236106454436,0.008440148894331999,-0.0007715150968135853,1,ok,CI_UNAVAILABLE
all,hela,linear,sequence_ctcf_dnase,ctcf,sequence_dnase,0.0102914020449249,0.0063447962672519,-0.003946605777673,0.0003608140441304919,1,ok,CI_UNAVAILABLE
all,hela,linear,sequence_dnase_h3k4me3,h3k4me3,sequence_dnase,0.0089260629100186,0.0063447962672519,-0.0025812666427667006,0.00023590818011551273,1,ok,CI_UNAVAILABLE
all,hela,linear,sequence_dnase_rrbs,rrbs,sequence_dnase,-0.0005628963171371,0.0063447962672519,0.006907692584389,-0.0006298077329885965,1,ok,CI_UNAVAILABLE
all,hela,linear,sequence_ctcf_h3k4me3,ctcf,sequence_h3k4me3,0.013323211181806,0.0088996274961405,-0.0044235836856655,0.0004049920545871888,1,ok,CI_UNAVAILABLE
all,hela,linear,sequence_dnase_h3k4me3,dnase,sequence_h3k4me3,0.0089260629100186,0.0088996274961405,-2.6435413878100195e-05,2.4175521720071202e-06,1,ok,CI_UNAVAILABLE
all,hela,linear,sequence_h3k4me3_rrbs,rrbs,sequence_h3k4me3,0.0014987674009545,0.0088996274961405,0.007400860095186,-0.0006755547419252939,1,ok,CI_UNAVAILABLE
all,hela,linear,sequence_ctcf_rrbs,ctcf,sequence_rrbs,0.003795957560104,-9.403728939316736e-05,-0.0038899948494971674,0.0003544844593605101,1,ok,CI_UNAVAILABLE
all,hela,linear,sequence_dnase_rrbs,dnase,sequence_rrbs,-0.0005628963171371,-9.403728939316736e-05,0.00046885902774393266,-4.267923598050283e-05,1,ok,CI_UNAVAILABLE
all,hela,linear,sequence_h3k4me3_rrbs,h3k4me3,sequence_rrbs,0.0014987674009545,-9.403728939316736e-05,-0.0015928046903476675,0.00014506438302630542,1,ok,CI_UNAVAILABLE
all,hela,linear,sequence_ctcf_dnase_h3k4me3,h3k4me3,sequence_ctcf_dnase,0.0130473558483819,0.0102914020449249,-0.002755953803456999,0.00025238676559541373,1,ok,CI_UNAVAILABLE
all,hela,linear,sequence_ctcf_dnase_rrbs,rrbs,sequence_ctcf_dnase,0.0026160080084578,0.0102914020449249,0.0076753940364671005,-0.000701056630071778,1,ok,CI_UNAVAILABLE
all,hela,linear,sequence_ctcf_dnase_h3k4me3,dnase,sequence_ctcf_h3k4me3,0.0130473558483819,0.013323211181806,0.000275855333424101,-2.5281872804788774e-05,1,ok,CI_UNAVAILABLE
all,hela,linear,sequence_ctcf_h3k4me3_rrbs,rrbs,sequence_ctcf_h3k4me3,0.0057752381999965,0.013323211181806,0.007547972981809501,-0.0006904946875956885,1,ok,CI_UNAVAILABLE
all,hela,linear,sequence_ctcf_dnase_rrbs,dnase,sequence_ctcf_rrbs,0.0026160080084578,0.003795957560104,0.0011799495516462,-0.00010759854829370252,1,ok,CI_UNAVAILABLE
all,hela,linear,sequence_ctcf_h3k4me3_rrbs,h3k4me3,sequence_ctcf_rrbs,0.0057752381999965,0.003795957560104,-0.0019792806398924996,0.00018063203258258942,1,ok,CI_UNAVAILABLE
all,hela,linear,sequence_ctcf_dnase_h3k4me3,ctcf,sequence_dnase_h3k4me3,0.0130473558483819,0.0089260629100186,-0.004121292938363299,0.0003772926296103929,1,ok,CI_UNAVAILABLE
all,hela,linear,sequence_dnase_h3k4me3_rrbs,rrbs,sequence_dnase_h3k4me3,-0.0001698569780728,0.0089260629100186,0.0090959198880914,-0.0008299390594518063,1,ok,CI_UNAVAILABLE
all,hela,linear,sequence_ctcf_dnase_rrbs,ctcf,sequence_dnase_rrbs,0.0026160080084578,-0.0005628963171371,-0.0031789043255948998,0.0002895651470473104,1,ok,CI_UNAVAILABLE
all,hela,linear,sequence_dnase_h3k4me3_rrbs,h3k4me3,sequence_dnase_rrbs,-0.0001698569780728,-0.0005628963171371,-0.00039303933906430005,3.5776853652302876e-05,1,ok,CI_UNAVAILABLE
all,hela,linear,sequence_ctcf_h3k4me3_rrbs,ctcf,sequence_h3k4me3_rrbs,0.0057752381999965,0.0014987674009545,-0.004276470799041999,0.0003900521089167941,1,ok,CI_UNAVAILABLE
all,hela,linear,sequence_dnase_h3k4me3_rrbs,dnase,sequence_h3k4me3_rrbs,-0.0001698569780728,0.0014987674009545,0.0016686243790273,-0.00015196676535450537,1,ok,CI_UNAVAILABLE
all,hela,linear,all,rrbs,sequence_ctcf_dnase_h3k4me3,0.0052225013039151,0.0130473558483819,0.0078248545444668,-0.0007156744690577921,1,ok,CI_UNAVAILABLE
all,hela,linear,all,h3k4me3,sequence_ctcf_dnase_rrbs,0.0052225013039151,0.0026160080084578,-0.0026064932954572998,0.00023776892660939963,1,ok,CI_UNAVAILABLE
all,hela,linear,all,dnase,sequence_ctcf_h3k4me3_rrbs,0.0052225013039151,0.0057752381999965,0.0005527368960813999,-5.046165426689231e-05,1,ok,CI_UNAVAILABLE
all,hela,linear,all,ctcf,sequence_dnase_h3k4me3_rrbs,0.0052225013039151,-0.0001698569780728,-0.0053923582819879,0.0004915572200044072,1,ok,CI_UNAVAILABLE
all,hela,mlp,sequence_ctcf,ctcf,sequence,-0.0013966687993729,0.0045421656433898,0.005938834442762699,-0.0005411144733040996,1,ok,CI_UNAVAILABLE
all,hela,mlp,sequence_dnase,dnase,sequence,-0.0003009284653001,0.0045421656433898,0.0048430941086899,-0.00044139749881880186,1,ok,CI_UNAVAILABLE
all,hela,mlp,sequence_h3k4me3,h3k4me3,sequence,0.0028485424919026,0.0045421656433898,0.0016936231514871995,-0.00015447791812470135,1,ok,CI_UNAVAILABLE
all,hela,mlp,sequence_rrbs,rrbs,sequence,5.9293628670298304e-05,0.0045421656433898,0.004482872014719501,-0.00040860384715279974,1,ok,CI_UNAVAILABLE
all,hela,mlp,sequence_ctcf_dnase,dnase,sequence_ctcf,-0.0013376460115825,-0.0013966687993729,-5.902278779039991e-05,5.3699310753052565e-06,1,ok,CI_UNAVAILABLE
all,hela,mlp,sequence_ctcf_h3k4me3,h3k4me3,sequence_ctcf,-0.0062136853305478,-0.0013966687993729,0.0048170165311749,-0.0004377230315137093,1,ok,CI_UNAVAILABLE
all,hela,mlp,sequence_ctcf_rrbs,rrbs,sequence_ctcf,-0.0020217353277616,-0.0013966687993729,0.0006250665283887003,-5.68592441018978e-05,1,ok,CI_UNAVAILABLE
all,hela,mlp,sequence_ctcf_dnase,ctcf,sequence_dnase,-0.0013376460115825,-0.0003009284653001,0.0010367175462824,-9.434704340999245e-05,1,ok,CI_UNAVAILABLE
all,hela,mlp,sequence_dnase_h3k4me3,h3k4me3,sequence_dnase,-0.0081163587178925,-0.0003009284653001,0.0078154302525924,-0.0007100474968990966,1,ok,CI_UNAVAILABLE
all,hela,mlp,sequence_dnase_rrbs,rrbs,sequence_dnase,-0.0155867806478517,-0.0003009284653001,0.015285852182551601,-0.0013861820506292089,1,ok,CI_UNAVAILABLE
all,hela,mlp,sequence_ctcf_h3k4me3,ctcf,sequence_h3k4me3,-0.0062136853305478,0.0028485424919026,0.0090622278224504,-0.0008243595866931075,1,ok,CI_UNAVAILABLE
all,hela,mlp,sequence_dnase_h3k4me3,dnase,sequence_h3k4me3,-0.0081163587178925,0.0028485424919026,0.0109649012097951,-0.0009969670775931971,1,ok,CI_UNAVAILABLE
all,hela,mlp,sequence_h3k4me3_rrbs,rrbs,sequence_h3k4me3,0.0021353422087269,0.0028485424919026,0.0007132002831757001,-6.501281518708768e-05,1,ok,CI_UNAVAILABLE
all,hela,mlp,sequence_ctcf_rrbs,ctcf,sequence_rrbs,-0.0020217353277616,5.9293628670298304e-05,0.0020810289564318985,-0.00018936987025319763,1,ok,CI_UNAVAILABLE
all,hela,mlp,sequence_dnase_rrbs,dnase,sequence_rrbs,-0.0155867806478517,5.9293628670298304e-05,0.015646074276522,-0.001418975702295211,1,ok,CI_UNAVAILABLE
all,hela,mlp,sequence_h3k4me3_rrbs,h3k4me3,sequence_rrbs,0.0021353422087269,5.9293628670298304e-05,-0.0020760485800566018,0.0001891131138410107,1,ok,CI_UNAVAILABLE
all,hela,mlp,sequence_ctcf_dnase_h3k4me3,h3k4me3,sequence_ctcf_dnase,0.0030477898305962,-0.0013376460115825,-0.0043854358421787,0.000399433461383103,1,ok,CI_UNAVAILABLE
all,hela,mlp,sequence_ctcf_dnase_rrbs,rrbs,sequence_ctcf_dnase,-0.0011283589604662,-0.0013376460115825,-0.00020928705111630005,1.904234572880359e-05,1,ok,CI_UNAVAILABLE
all,hela,mlp,sequence_ctcf_dnase_h3k4me3,dnase,sequence_ctcf_h3k4me3,0.0030477898305962,-0.0062136853305478,-0.009261475161143999,0.0008425264239721175,1,ok,CI_UNAVAILABLE
all,hela,mlp,sequence_ctcf_h3k4me3_rrbs,rrbs,sequence_ctcf_h3k4me3,-0.0111670958415825,-0.0062136853305478,0.0049534105110347,-0.00044902587887349354,1,ok,CI_UNAVAILABLE
all,hela,mlp,sequence_ctcf_dnase_rrbs,dnase,sequence_ctcf_rrbs,-0.0011283589604662,-0.0020217353277616,-0.0008933763672954002,8.127152090600664e-05,1,ok,CI_UNAVAILABLE
all,hela,mlp,sequence_ctcf_h3k4me3_rrbs,h3k4me3,sequence_ctcf_rrbs,-0.0111670958415825,-0.0020217353277616,0.0091453605138209,-0.000829889666285305,1,ok,CI_UNAVAILABLE
all,hela,mlp,sequence_ctcf_dnase_h3k4me3,ctcf,sequence_dnase_h3k4me3,0.0030477898305962,-0.0081163587178925,-0.0111641485484887,0.0010151339148722072,1,ok,CI_UNAVAILABLE
all,hela,mlp,sequence_dnase_h3k4me3_rrbs,rrbs,sequence_dnase_h3k4me3,-0.0102328704356067,-0.0081163587178925,0.0021165117177142003,-0.00019181529887629667,1,ok,CI_UNAVAILABLE
all,hela,mlp,sequence_ctcf_dnase_rrbs,ctcf,sequence_dnase_rrbs,-0.0011283589604662,-0.0155867806478517,-0.014458421687385502,0.00131087735294802,1,ok,CI_UNAVAILABLE
all,hela,mlp,sequence_dnase_h3k4me3_rrbs,h3k4me3,sequence_dnase_rrbs,-0.0102328704356067,-0.0155867806478517,-0.005353910212245001,0.00048431925485381555,1,ok,CI_UNAVAILABLE
all,hela,mlp,sequence_ctcf_h3k4me3_rrbs,ctcf,sequence_h3k4me3_rrbs,-0.0111670958415825,0.0021353422087269,0.0133024380503094,-0.0012083726503795134,1,ok,CI_UNAVAILABLE
all,hela,mlp,sequence_dnase_h3k4me3_rrbs,dnase,sequence_h3k4me3_rrbs,-0.0102328704356067,0.0021353422087269,0.0123682126443336,-0.0011237695612824061,1,ok,CI_UNAVAILABLE
all,hela,mlp,all,rrbs,sequence_ctcf_dnase_h3k4me3,6.172579955410207e-05,0.0030477898305962,0.002986064031042098,-0.0002720713279301956,1,ok,CI_UNAVAILABLE
all,hela,mlp,all,h3k4me3,sequence_ctcf_dnase_rrbs,6.172579955410207e-05,-0.0011283589604662,-0.001190084760020302,0.00010831978772410378,1,ok,CI_UNAVAILABLE
all,hela,mlp,all,dnase,sequence_ctcf_h3k4me3_rrbs,6.172579955410207e-05,-0.0111670958415825,-0.011228821641136602,0.0010194809749154154,1,ok,CI_UNAVAILABLE
all,hela,mlp,all,ctcf,sequence_dnase_h3k4me3_rrbs,6.172579955410207e-05,-0.0102328704356067,-0.010294596235160802,0.0009348778858183082,1,ok,CI_UNAVAILABLE
all,hela,transformer,sequence_ctcf,ctcf,sequence,-0.0049125452648446,-0.006561778466817,-0.0016492332019723997,0.00014972196617349387,1,ok,CI_UNAVAILABLE
all,hela,transformer,sequence_dnase,dnase,sequence,-0.0094110133306926,-0.006561778466817,0.0028492348638755995,-0.00025837273802631344,1,ok,CI_UNAVAILABLE
all,hela,transformer,sequence_h3k4me3,h3k4me3,sequence,-0.0014977746517625,-0.006561778466817,-0.0050640038150545,0.00046011536648468687,1,ok,CI_UNAVAILABLE
all,hela,transformer,sequence_rrbs,rrbs,sequence,-0.0056952057079191,-0.006561778466817,-0.0008665727588978997,7.865457405317744e-05,1,ok,CI_UNAVAILABLE
all,hela,transformer,sequence_ctcf_dnase,dnase,sequence_ctcf,6.591056004368046e-05,-0.0049125452648446,-0.004978455824888281,0.0004527047769188053,1,ok,CI_UNAVAILABLE
all,hela,transformer,sequence_ctcf_h3k4me3,h3k4me3,sequence_ctcf,0.0008435595251968,-0.0049125452648446,-0.0057561047900414,0.0005235202300092057,1,ok,CI_UNAVAILABLE
all,hela,transformer,sequence_ctcf_rrbs,rrbs,sequence_ctcf,-0.0049892884320288,-0.0049125452648446,7.674316718419942e-05,-6.9696819124109854e-06,1,ok,CI_UNAVAILABLE
all,hela,transformer,sequence_ctcf_dnase,ctcf,sequence_dnase,6.591056004368046e-05,-0.0094110133306926,-0.00947692389073628,0.0008607994811186126,1,ok,CI_UNAVAILABLE
all,hela,transformer,sequence_dnase_h3k4me3,h3k4me3,sequence_dnase,-0.0028485488614597,-0.0094110133306926,-0.0065624644692328996,0.000595643223126302,1,ok,CI_UNAVAILABLE
all,hela,transformer,sequence_dnase_rrbs,rrbs,sequence_dnase,-0.0103307649912158,-0.0094110133306926,0.0009197516605232003,-8.332653636089482e-05,1,ok,CI_UNAVAILABLE
all,hela,transformer,sequence_ctcf_h3k4me3,ctcf,sequence_h3k4me3,0.0008435595251968,-0.0014977746517625,-0.0023413341769593,0.00021312682969801267,1,ok,CI_UNAVAILABLE
all,hela,transformer,sequence_dnase_h3k4me3,dnase,sequence_h3k4me3,-0.0028485488614597,-0.0014977746517625,0.0013507742096971998,-0.0001228448813846983,1,ok,CI_UNAVAILABLE
all,hela,transformer,sequence_h3k4me3_rrbs,rrbs,sequence_h3k4me3,-0.0083552290678383,-0.0014977746517625,0.0068574544160757995,-0.0006227906390539883,1,ok,CI_UNAVAILABLE
all,hela,transformer,sequence_ctcf_rrbs,ctcf,sequence_rrbs,-0.0049892884320288,-0.0056952057079191,-0.0007059172758903005,6.409771020790545e-05,1,ok,CI_UNAVAILABLE
all,hela,transformer,sequence_dnase_rrbs,dnase,sequence_rrbs,-0.0103307649912158,-0.0056952057079191,0.0046355592832966995,-0.0004203538484403857,1,ok,CI_UNAVAILABLE
all,hela,transformer,sequence_h3k4me3_rrbs,h3k4me3,sequence_rrbs,-0.0083552290678383,-0.0056952057079191,0.0026600233599191996,-0.00024132984662247892,1,ok,CI_UNAVAILABLE
all,hela,transformer,sequence_ctcf_dnase_h3k4me3,h3k4me3,sequence_ctcf_dnase,-0.0009920168636887,6.591056004368046e-05,0.0010579274237323805,-9.629439912189897e-05,1,ok,CI_UNAVAILABLE
all,hela,transformer,sequence_ctcf_dnase_rrbs,rrbs,sequence_ctcf_dnase,-0.0002430249310438,6.591056004368046e-05,0.00030893549108748045,-2.812511070560131e-05,1,ok,CI_UNAVAILABLE
all,hela,transformer,sequence_ctcf_dnase_h3k4me3,dnase,sequence_ctcf_h3k4me3,-0.0009920168636887,0.0008435595251968,0.0018355763888855,-0.00016710985221229935,1,ok,CI_UNAVAILABLE
all,hela,transformer,sequence_ctcf_h3k4me3_rrbs,rrbs,sequence_ctcf_h3k4me3,0.0010950211497445,0.0008435595251968,-0.00025146162454770004,2.2904876964296994e-05,1,ok,CI_UNAVAILABLE
all,hela,transformer,sequence_ctcf_dnase_rrbs,dnase,sequence_ctcf_rrbs,-0.0002430249310438,-0.0049892884320288,-0.004746263500985,0.00043154934812561496,1,ok,CI_UNAVAILABLE
all,hela,transformer,sequence_ctcf_h3k4me3_rrbs,h3k4me3,sequence_ctcf_rrbs,0.0010950211497445,-0.0049892884320288,-0.006084309581773299,0.0005533947888859136,1,ok,CI_UNAVAILABLE
all,hela,transformer,sequence_ctcf_dnase_h3k4me3,ctcf,sequence_dnase_h3k4me3,-0.0009920168636887,-0.0028485488614597,-0.0018565319977709997,0.0001688618588704116,1,ok,CI_UNAVAILABLE
all,hela,transformer,sequence_dnase_h3k4me3_rrbs,rrbs,sequence_dnase_h3k4me3,-0.002538114499629,-0.0028485488614597,-0.0003104343618307,2.8224833566292684e-05,1,ok,CI_UNAVAILABLE
all,hela,transformer,sequence_ctcf_dnase_rrbs,ctcf,sequence_dnase_rrbs,-0.0002430249310438,-0.0103307649912158,-0.010087740060171999,0.0009160009067739061,1,ok,CI_UNAVAILABLE
all,hela,transformer,sequence_dnase_h3k4me3_rrbs,h3k4me3,sequence_dnase_rrbs,-0.002538114499629,-0.0103307649912158,-0.0077926504915868,0.0007071945930534895,1,ok,CI_UNAVAILABLE
all,hela,transformer,sequence_ctcf_h3k4me3_rrbs,ctcf,sequence_h3k4me3_rrbs,0.0010950211497445,-0.0083552290678383,-0.0094502502175828,0.000858822345716298,1,ok,CI_UNAVAILABLE
all,hela,transformer,sequence_dnase_h3k4me3_rrbs,dnase,sequence_h3k4me3_rrbs,-0.002538114499629,-0.0083552290678383,-0.0058171145682093,0.0005281705912355827,1,ok,CI_UNAVAILABLE
all,hela,transformer,all,rrbs,sequence_ctcf_dnase_h3k4me3,-0.0007337336142057,-0.0009920168636887,-0.0002582832494830001,2.3504694834391993e-05,1,ok,CI_UNAVAILABLE
all,hela,transformer,all,h3k4me3,sequence_ctcf_dnase_rrbs,-0.0007337336142057,-0.0002430249310438,0.0004907086831619,-4.4664593581905665e-05,1,ok,CI_UNAVAILABLE
all,hela,transformer,all,dnase,sequence_ctcf_h3k4me3_rrbs,-0.0007337336142057,0.0010950211497445,0.0018287547639502001,-0.00016651003434220435,1,ok,CI_UNAVAILABLE
all,hela,transformer,all,ctcf,sequence_dnase_h3k4me3_rrbs,-0.0007337336142057,-0.002538114499629,-0.0018043808854232997,0.00016414172013851092,1,ok,CI_UNAVAILABLE
all,hela,xgboost,sequence_ctcf,ctcf,sequence,-0.005123696814169,0.0017708616812232,0.0068945584953922,-0.0006271754406260155,1,ok,CI_UNAVAILABLE
all,hela,xgboost,sequence_dnase,dnase,sequence,-0.0006587516239071,0.0017708616812232,0.0024296133051303,-0.00022126039403372322,1,ok,CI_UNAVAILABLE
all,hela,xgboost,sequence_h3k4me3,h3k4me3,sequence,-0.007043856013625,0.0017708616812232,0.0088147176948482,-0.0008014627954036069,1,ok,CI_UNAVAILABLE
all,hela,xgboost,sequence_rrbs,rrbs,sequence,-0.0072453533658123,0.0017708616812232,0.0090162150470355,-0.0008197424966474021,1,ok,CI_UNAVAILABLE
all,hela,xgboost,sequence_ctcf_dnase,dnase,sequence_ctcf,-0.005123696814169,-0.005123696814169,-0.0,-0.0,1,ok,CI_UNAVAILABLE
all,hela,xgboost,sequence_ctcf_h3k4me3,h3k4me3,sequence_ctcf,-0.0022142638087052,-0.005123696814169,-0.0029094330054638,0.00026439844038181337,1,ok,CI_UNAVAILABLE
all,hela,xgboost,sequence_ctcf_rrbs,rrbs,sequence_ctcf,-0.0082172847919246,-0.005123696814169,0.0030935879777556005,-0.00028071433770310295,1,ok,CI_UNAVAILABLE
all,hela,xgboost,sequence_ctcf_dnase,ctcf,sequence_dnase,-0.005123696814169,-0.0006587516239071,0.0044649451902619,-0.00040591504659229227,1,ok,CI_UNAVAILABLE
all,hela,xgboost,sequence_dnase_h3k4me3,h3k4me3,sequence_dnase,0.0022700019937399,-0.0006587516239071,-0.002928753617647,0.00026674950924682195,1,ok,CI_UNAVAILABLE
all,hela,xgboost,sequence_dnase_rrbs,rrbs,sequence_dnase,-0.0071365422404581,-0.0006587516239071,0.006477790616551,-0.0005886110592494831,1,ok,CI_UNAVAILABLE
all,hela,xgboost,sequence_ctcf_h3k4me3,ctcf,sequence_h3k4me3,-0.0022142638087052,-0.007043856013625,-0.0048295922049198,0.00043868579515940476,1,ok,CI_UNAVAILABLE
all,hela,xgboost,sequence_dnase_h3k4me3,dnase,sequence_h3k4me3,0.0022700019937399,-0.007043856013625,-0.0093138580073649,0.0008469519106167056,1,ok,CI_UNAVAILABLE
all,hela,xgboost,sequence_h3k4me3_rrbs,rrbs,sequence_h3k4me3,-0.0046657189765086,-0.007043856013625,-0.0023781370371164,0.00021588127458618822,1,ok,CI_UNAVAILABLE
all,hela,xgboost,sequence_ctcf_rrbs,ctcf,sequence_rrbs,-0.0082172847919246,-0.0072453533658123,0.0009719314261123005,-8.814728168171637e-05,1,ok,CI_UNAVAILABLE
all,hela,xgboost,sequence_dnase_rrbs,dnase,sequence_rrbs,-0.0071365422404581,-0.0072453533658123,-0.00010881112535420043,9.871043364195753e-06,1,ok,CI_UNAVAILABLE
all,hela,xgboost,sequence_h3k4me3_rrbs,h3k4me3,sequence_rrbs,-0.0046657189765086,-0.0072453533658123,-0.0025796343893037003,0.0002341609758299834,1,ok,CI_UNAVAILABLE
all,hela,xgboost,sequence_ctcf_dnase_h3k4me3,h3k4me3,sequence_ctcf_dnase,-0.00224733002927,-0.005123696814169,-0.002876366784899,0.00026139135090311183,1,ok,CI_UNAVAILABLE
all,hela,xgboost,sequence_ctcf_dnase_rrbs,rrbs,sequence_ctcf_dnase,-0.0082172847919246,-0.005123696814169,0.0030935879777556005,-0.00028071433770310295,1,ok,CI_UNAVAILABLE
all,hela,xgboost,sequence_ctcf_dnase_h3k4me3,dnase,sequence_ctcf_h3k4me3,-0.00224733002927,-0.0022142638087052,3.306622056479993e-05,-3.007089478701541e-06,1,ok,CI_UNAVAILABLE
all,hela,xgboost,sequence_ctcf_h3k4me3_rrbs,rrbs,sequence_ctcf_h3k4me3,-0.0037601091857131,-0.0022142638087052,0.0015458453770078998,-0.00014052838524980515,1,ok,CI_UNAVAILABLE
all,hela,xgboost,sequence_ctcf_dnase_rrbs,dnase,sequence_ctcf_rrbs,-0.0082172847919246,-0.0082172847919246,-0.0,-0.0,1,ok,CI_UNAVAILABLE
all,hela,xgboost,sequence_ctcf_h3k4me3_rrbs,h3k4me3,sequence_ctcf_rrbs,-0.0037601091857131,-0.0082172847919246,-0.0044571756062115,0.00040458439283511116,1,ok,CI_UNAVAILABLE
all,hela,xgboost,sequence_ctcf_dnase_h3k4me3,ctcf,sequence_dnase_h3k4me3,-0.00224733002927,0.0022700019937399,0.0045173320230099,-0.0004112732049360024,1,ok,CI_UNAVAILABLE
all,hela,xgboost,sequence_dnase_h3k4me3_rrbs,rrbs,sequence_dnase_h3k4me3,-0.0046800350451743,0.0022700019937399,0.0069500370389142,-0.0006323709765585217,1,ok,CI_UNAVAILABLE
all,hela,xgboost,sequence_ctcf_dnase_rrbs,ctcf,sequence_dnase_rrbs,-0.0082172847919246,-0.0071365422404581,0.001080742551466501,-9.801832504591212e-05,1,ok,CI_UNAVAILABLE
all,hela,xgboost,sequence_dnase_h3k4me3_rrbs,h3k4me3,sequence_dnase_rrbs,-0.0046800350451743,-0.0071365422404581,-0.0024565071952837997,0.00022298959193778334,1,ok,CI_UNAVAILABLE
all,hela,xgboost,sequence_ctcf_h3k4me3_rrbs,ctcf,sequence_h3k4me3_rrbs,-0.0037601091857131,-0.0046657189765086,-0.0009056097907954998,8.227613532341138e-05,1,ok,CI_UNAVAILABLE
all,hela,xgboost,sequence_dnase_h3k4me3_rrbs,dnase,sequence_h3k4me3_rrbs,-0.0046800350451743,-0.0046657189765086,1.431606866570019e-05,-1.3003405280043179e-06,1,ok,CI_UNAVAILABLE
all,hela,xgboost,all,rrbs,sequence_ctcf_dnase_h3k4me3,-0.0037570705317997,-0.00224733002927,0.0015097405025297,-0.00013724516661450803,1,ok,CI_UNAVAILABLE
all,hela,xgboost,all,h3k4me3,sequence_ctcf_dnase_rrbs,-0.0037570705317997,-0.0082172847919246,-0.0044602142601249005,0.00040486052199170675,1,ok,CI_UNAVAILABLE
all,hela,xgboost,all,dnase,sequence_ctcf_h3k4me3_rrbs,-0.0037570705317997,-0.0037601091857131,-3.038653913399903e-06,2.761291565955837e-07,1,ok,CI_UNAVAILABLE
all,hela,xgboost,all,ctcf,sequence_dnase_h3k4me3_rrbs,-0.0037570705317997,-0.0046800350451743,-0.0009229645133745999,8.385260500801128e-05,1,ok,CI_UNAVAILABLE
all,hl60,cnn(3|3),sequence_ctcf,ctcf,sequence,-0.020109600643444,-0.1032804417340738,-0.0831708410906298,0.004580869836982304,1,ok,CI_UNAVAILABLE
all,hl60,cnn(3|3),sequence_dnase,dnase,sequence,-0.1442477203718493,-0.1032804417340738,0.040967278637775495,-0.0021928604518688943,1,ok,CI_UNAVAILABLE
all,hl60,cnn(3|3),sequence_h3k4me3,h3k4me3,sequence,-0.0372741421970992,-0.1032804417340738,-0.0660062995369746,0.003620614462145802,1,ok,CI_UNAVAILABLE
all,hl60,cnn(3|3),sequence_rrbs,rrbs,sequence,-0.0210345143695664,-0.1032804417340738,-0.0822459273645074,0.004528921360809707,1,ok,CI_UNAVAILABLE
all,hl60,cnn(3|3),sequence_ctcf_dnase,dnase,sequence_ctcf,-0.0381635012354042,-0.020109600643444,0.018053900591960197,-0.0010097924886680043,1,ok,CI_UNAVAILABLE
all,hl60,cnn(3|3),sequence_ctcf_h3k4me3,h3k4me3,sequence_ctcf,-0.030278505279141,-0.020109600643444,0.010168904635696998,-0.000569856996063503,1,ok,CI_UNAVAILABLE
all,hl60,cnn(3|3),sequence_ctcf_rrbs,rrbs,sequence_ctcf,-0.0552474108548981,-0.020109600643444,0.035137810211454096,-0.001957276849918005,1,ok,CI_UNAVAILABLE
all,hl60,cnn(3|3),sequence_ctcf_dnase,ctcf,sequence_dnase,-0.0381635012354042,-0.1442477203718493,-0.1060842191364451,0.005763937800183194,1,ok,CI_UNAVAILABLE
all,hl60,cnn(3|3),sequence_dnase_h3k4me3,h3k4me3,sequence_dnase,-0.0517281345461342,-0.1442477203718493,-0.0925195858257151,0.005011003862838093,1,ok,CI_UNAVAILABLE
all,hl60,cnn(3|3),sequence_dnase_rrbs,rrbs,sequence_dnase,-0.0511116529445774,-0.1442477203718493,-0.0931360674272719,0.005045117297138801,1,ok,CI_UNAVAILABLE
all,hl60,cnn(3|3),sequence_ctcf_h3k4me3,ctcf,sequence_h3k4me3,-0.030278505279141,-0.0372741421970992,-0.006995636917958202,0.0003903983787729992,1,ok,CI_UNAVAILABLE
all,hl60,cnn(3|3),sequence_dnase_h3k4me3,dnase,sequence_h3k4me3,-0.0517281345461342,-0.0372741421970992,0.014453992349035001,-0.0008024710511766037,1,ok,CI_UNAVAILABLE
all,hl60,cnn(3|3),sequence_h3k4me3_rrbs,rrbs,sequence_h3k4me3,-0.0364689442941377,-0.0372741421970992,-0.0008051979029614978,4.48676764373962e-05,1,ok,CI_UNAVAILABLE
all,hl60,cnn(3|3),sequence_ctcf_rrbs,ctcf,sequence_rrbs,-0.0552474108548981,-0.0210345143695664,0.0342128964853317,-0.0019053283737454074,1,ok,CI_UNAVAILABLE
all,hl60,cnn(3|3),sequence_dnase_rrbs,dnase,sequence_rrbs,-0.0511116529445774,-0.0210345143695664,0.030077138575011004,-0.0016766645155397997,1,ok,CI_UNAVAILABLE
all,hl60,cnn(3|3),sequence_h3k4me3_rrbs,h3k4me3,sequence_rrbs,-0.0364689442941377,-0.0210345143695664,0.015434429924571304,-0.0008634392222265086,1,ok,CI_UNAVAILABLE
all,hl60,cnn(3|3),sequence_ctcf_dnase_h3k4me3,h3k4me3,sequence_ctcf_dnase,-0.0036728120274953,-0.0381635012354042,-0.034490689207908896,0.001936936193531802,1,ok,CI_UNAVAILABLE
all,hl60,cnn(3|3),sequence_ctcf_dnase_rrbs,rrbs,sequence_ctcf_dnase,-0.0207914544430245,-0.0381635012354042,-0.0173720467923797,0.000971493376415708,1,ok,CI_UNAVAILABLE
all,hl60,cnn(3|3),sequence_ctcf_dnase_h3k4me3,dnase,sequence_ctcf_h3k4me3,-0.0036728120274953,-0.030278505279141,-0.0266056932516457,0.0014970007009273006,1,ok,CI_UNAVAILABLE
all,hl60,cnn(3|3),sequence_ctcf_h3k4me3_rrbs,rrbs,sequence_ctcf_h3k4me3,0.0045300610427472,-0.030278505279141,-0.034808566321888196,0.0019625368542151994,1,ok,CI_UNAVAILABLE
all,hl60,cnn(3|3),sequence_ctcf_dnase_rrbs,dnase,sequence_ctcf_rrbs,-0.0207914544430245,-0.0552474108548981,-0.0344559564118736,0.0019189777376657086,1,ok,CI_UNAVAILABLE
all,hl60,cnn(3|3),sequence_ctcf_h3k4me3_rrbs,h3k4me3,sequence_ctcf_rrbs,0.0045300610427472,-0.0552474108548981,-0.059777471897645304,0.0033499567080697012,1,ok,CI_UNAVAILABLE
all,hl60,cnn(3|3),sequence_ctcf_dnase_h3k4me3,ctcf,sequence_dnase_h3k4me3,-0.0036728120274953,-0.0517281345461342,-0.0480553225186389,0.0026898701308769035,1,ok,CI_UNAVAILABLE
all,hl60,cnn(3|3),sequence_dnase_h3k4me3_rrbs,rrbs,sequence_dnase_h3k4me3,-0.036659565795228,-0.0517281345461342,-0.015068568750906203,0.000836715238307098,1,ok,CI_UNAVAILABLE
all,hl60,cnn(3|3),sequence_ctcf_dnase_rrbs,ctcf,sequence_dnase_rrbs,-0.0207914544430245,-0.0511116529445774,-0.030320198501552903,0.0016903138794601008,1,ok,CI_UNAVAILABLE
all,hl60,cnn(3|3),sequence_dnase_h3k4me3_rrbs,h3k4me3,sequence_dnase_rrbs,-0.036659565795228,-0.0511116529445774,-0.014452087149349403,0.0008026018040063893,1,ok,CI_UNAVAILABLE
all,hl60,cnn(3|3),sequence_ctcf_h3k4me3_rrbs,ctcf,sequence_h3k4me3_rrbs,0.0045300610427472,-0.0364689442941377,-0.0409990053368849,0.0023080675565508024,1,ok,CI_UNAVAILABLE
all,hl60,cnn(3|3),sequence_dnase_h3k4me3_rrbs,dnase,sequence_h3k4me3_rrbs,-0.036659565795228,-0.0364689442941377,0.00019062150109029619,-1.0623489306901823e-05,1,ok,CI_UNAVAILABLE
all,hl60,cnn(3|3),all,rrbs,sequence_ctcf_dnase_h3k4me3,-0.0118795948490697,-0.0036728120274953,0.0082067828215744,-0.0004638581642193995,1,ok,CI_UNAVAILABLE
all,hl60,cnn(3|3),all,h3k4me3,sequence_ctcf_dnase_rrbs,-0.0118795948490697,-0.0207914544430245,-0.0089118595939548,0.0005015846528966944,1,ok,CI_UNAVAILABLE
all,hl60,cnn(3|3),all,dnase,sequence_ctcf_h3k4me3_rrbs,-0.0118795948490697,0.0045300610427472,0.0164096558918169,-0.0009293943175072983,1,ok,CI_UNAVAILABLE
all,hl60,cnn(3|3),all,ctcf,sequence_dnase_h3k4me3_rrbs,-0.0118795948490697,-0.036659565795228,-0.0247799709461583,0.001389296728350406,1,ok,CI_UNAVAILABLE
all,hl60,cnn(5|3),sequence_ctcf,ctcf,sequence,0.0320008949002044,0.0178327184814403,-0.014168176418764097,0.0008141218290124014,1,ok,CI_UNAVAILABLE
all,hl60,cnn(5|3),sequence_dnase,dnase,sequence,-0.0569024953584678,0.0178327184814403,0.07473521383990811,-0.004200399631974494,1,ok,CI_UNAVAILABLE
all,hl60,cnn(5|3),sequence_h3k4me3,h3k4me3,sequence,0.0135828169327337,0.0178327184814403,0.004249901548706601,-0.00024305832870820387,1,ok,CI_UNAVAILABLE
all,hl60,cnn(5|3),sequence_rrbs,rrbs,sequence,-0.0435661581364457,0.0178327184814403,0.061398876617886004,-0.0034620040896669035,1,ok,CI_UNAVAILABLE
all,hl60,cnn(5|3),sequence_ctcf_dnase,dnase,sequence_ctcf,0.0096429548154619,0.0320008949002044,0.022357940084742497,-0.001282039592753706,1,ok,CI_UNAVAILABLE
all,hl60,cnn(5|3),sequence_ctcf_h3k4me3,h3k4me3,sequence_ctcf,0.0439582796997837,0.0320008949002044,-0.0119573847995793,0.0006917347163121063,1,ok,CI_UNAVAILABLE
all,hl60,cnn(5|3),sequence_ctcf_rrbs,rrbs,sequence_ctcf,-0.0412978151812202,0.0320008949002044,0.0732987100814246,-0.0041500656203822955,1,ok,CI_UNAVAILABLE
all,hl60,cnn(5|3),sequence_ctcf_dnase,ctcf,sequence_dnase,0.0096429548154619,-0.0569024953584678,-0.0665454501739297,0.0037324818682331895,1,ok,CI_UNAVAILABLE
all,hl60,cnn(5|3),sequence_dnase_h3k4me3,h3k4me3,sequence_dnase,0.018007191061282,-0.0569024953584678,-0.0749096864197498,0.004210389210234991,1,ok,CI_UNAVAILABLE
all,hl60,cnn(5|3),sequence_dnase_rrbs,rrbs,sequence_dnase,0.0385382803066279,-0.0569024953584678,-0.0954407756650957,0.005392176376126295,1,ok,CI_UNAVAILABLE
all,hl60,cnn(5|3),sequence_ctcf_h3k4me3,ctcf,sequence_h3k4me3,0.0439582796997837,0.0135828169327337,-0.03037546276705,0.0017489148740327115,1,ok,CI_UNAVAILABLE
all,hl60,cnn(5|3),sequence_dnase_h3k4me3,dnase,sequence_h3k4me3,0.018007191061282,0.0135828169327337,-0.004424374128548299,0.00025304790696870083,1,ok,CI_UNAVAILABLE
all,hl60,cnn(5|3),sequence_h3k4me3_rrbs,rrbs,sequence_h3k4me3,-0.044971432646838,0.0135828169327337,0.0585542495795717,-0.003296973398306688,1,ok,CI_UNAVAILABLE
all,hl60,cnn(5|3),sequence_ctcf_rrbs,ctcf,sequence_rrbs,-0.0412978151812202,-0.0435661581364457,-0.0022683429552255024,0.00012606029829700938,1,ok,CI_UNAVAILABLE
all,hl60,cnn(5|3),sequence_dnase_rrbs,dnase,sequence_rrbs,0.0385382803066279,-0.0435661581364457,-0.08210443844307361,0.004653780833818705,1,ok,CI_UNAVAILABLE
all,hl60,cnn(5|3),sequence_h3k4me3_rrbs,h3k4me3,sequence_rrbs,-0.044971432646838,-0.0435661581364457,0.001405274510392296,-7.802763734798823e-05,1,ok,CI_UNAVAILABLE
all,hl60,cnn(5|3),sequence_ctcf_dnase_h3k4me3,h3k4me3,sequence_ctcf_dnase,0.0031309262294436,0.0096429548154619,0.006512028586018299,-0.0003706821296740881,1,ok,CI_UNAVAILABLE
all,hl60,cnn(5|3),sequence_ctcf_dnase_rrbs,rrbs,sequence_ctcf_dnase,0.0408054750610621,0.0096429548154619,-0.0311625202456002,0.0017909666263707102,1,ok,CI_UNAVAILABLE
all,hl60,cnn(5|3),sequence_ctcf_dnase_h3k4me3,dnase,sequence_ctcf_h3k4me3,0.0031309262294436,0.0439582796997837,0.0408273534703401,-0.0023444564387399003,1,ok,CI_UNAVAILABLE
all,hl60,cnn(5|3),sequence_ctcf_h3k4me3_rrbs,rrbs,sequence_ctcf_h3k4me3,-0.0055625443855027,0.0439582796997837,0.0495208240852864,-0.002837430170286509,1,ok,CI_UNAVAILABLE
all,hl60,cnn(5|3),sequence_ctcf_dnase_rrbs,dnase,sequence_ctcf_rrbs,0.0408054750610621,-0.0412978151812202,-0.0821032902422823,0.0046589926539993,1,ok,CI_UNAVAILABLE
all,hl60,cnn(5|3),sequence_ctcf_h3k4me3_rrbs,h3k4me3,sequence_ctcf_rrbs,-0.0055625443855027,-0.0412978151812202,-0.0357352707957175,0.002004370166407893,1,ok,CI_UNAVAILABLE
all,hl60,cnn(5|3),sequence_ctcf_dnase_h3k4me3,ctcf,sequence_dnase_h3k4me3,0.0031309262294436,0.018007191061282,0.014876264831838399,-0.0008485894716758896,1,ok,CI_UNAVAILABLE
all,hl60,cnn(5|3),sequence_dnase_h3k4me3_rrbs,rrbs,sequence_dnase_h3k4me3,0.0445789304205335,0.018007191061282,-0.0265717393592515,0.0015318893764270092,1,ok,CI_UNAVAILABLE
all,hl60,cnn(5|3),sequence_ctcf_dnase_rrbs,ctcf,sequence_dnase_rrbs,0.0408054750610621,0.0385382803066279,-0.0022671947544342028,0.00013127211847760445,1,ok,CI_UNAVAILABLE
all,hl60,cnn(5|3),sequence_dnase_h3k4me3_rrbs,h3k4me3,sequence_dnase_rrbs,0.0445789304205335,0.0385382803066279,-0.006040650113905602,0.0003501022105357049,1,ok,CI_UNAVAILABLE
all,hl60,cnn(5|3),sequence_ctcf_h3k4me3_rrbs,ctcf,sequence_h3k4me3_rrbs,-0.0055625443855027,-0.044971432646838,-0.0394088882613353,0.0022084581020528904,1,ok,CI_UNAVAILABLE
all,hl60,cnn(5|3),sequence_dnase_h3k4me3_rrbs,dnase,sequence_h3k4me3_rrbs,0.0445789304205335,-0.044971432646838,-0.08955036306737149,0.005081910681702398,1,ok,CI_UNAVAILABLE
all,hl60,cnn(5|3),all,rrbs,sequence_ctcf_dnase_h3k4me3,0.0440062431891293,0.0031309262294436,-0.0408753169596857,0.0023472398104512904,1,ok,CI_UNAVAILABLE
all,hl60,cnn(5|3),all,h3k4me3,sequence_ctcf_dnase_rrbs,0.0440062431891293,0.0408054750610621,-0.0032007681280672023,0.00018559105440649204,1,ok,CI_UNAVAILABLE
all,hl60,cnn(5|3),all,dnase,sequence_ctcf_h3k4me3_rrbs,0.0440062431891293,-0.0055625443855027,-0.049568787574632005,0.002840213541997899,1,ok,CI_UNAVAILABLE
all,hl60,cnn(5|3),all,ctcf,sequence_dnase_h3k4me3_rrbs,0.0440062431891293,0.0445789304205335,0.0005726872314041967,-3.3239037651608405e-05,1,ok,CI_UNAVAILABLE
all,hl60,cnn(7|3),sequence_ctcf,ctcf,sequence,-0.0247301219371582,0.0414172957900399,0.0661474177271981,-0.003769520482725497,1,ok,CI_UNAVAILABLE
all,hl60,cnn(7|3),sequence_dnase,dnase,sequence,-0.0279856393306674,0.0414172957900399,0.0694029351207073,-0.003951853013346704,1,ok,CI_UNAVAILABLE
all,hl60,cnn(7|3),sequence_h3k4me3,h3k4me3,sequence,0.0659371960638484,0.0414172957900399,-0.0245199002738085,0.0014302158412037025,1,ok,CI_UNAVAILABLE
all,hl60,cnn(7|3),sequence_rrbs,rrbs,sequence,0.0593127075674393,0.0414172957900399,-0.017895411777399402,0.001041985255304495,1,ok,CI_UNAVAILABLE
all,hl60,cnn(7|3),sequence_ctcf_dnase,dnase,sequence_ctcf,0.0029957567612477,-0.0247301219371582,-0.027725878698405898,0.001564738953602901,1,ok,CI_UNAVAILABLE
all,hl60,cnn(7|3),sequence_ctcf_h3k4me3,h3k4me3,sequence_ctcf,0.036294762880176,-0.0247301219371582,-0.0610248848173342,0.0034730480387606955,1,ok,CI_UNAVAILABLE
all,hl60,cnn(7|3),sequence_ctcf_rrbs,rrbs,sequence_ctcf,0.036350822542112,-0.0247301219371582,-0.0610809444792702,0.0034762882855920996,1,ok,CI_UNAVAILABLE
all,hl60,cnn(7|3),sequence_ctcf_dnase,ctcf,sequence_dnase,0.0029957567612477,-0.0279856393306674,-0.0309813960919151,0.001747071484224108,1,ok,CI_UNAVAILABLE
all,hl60,cnn(7|3),sequence_dnase_h3k4me3,h3k4me3,sequence_dnase,0.0189050652270292,-0.0279856393306674,-0.0468907045576966,0.002654764919339303,1,ok,CI_UNAVAILABLE
all,hl60,cnn(7|3),sequence_dnase_rrbs,rrbs,sequence_dnase,0.0509531825784771,-0.0279856393306674,-0.0789388219091445,0.004505870964839703,1,ok,CI_UNAVAILABLE
all,hl60,cnn(7|3),sequence_ctcf_h3k4me3,ctcf,sequence_h3k4me3,0.036294762880176,0.0659371960638484,0.0296424331836724,-0.001726688285168504,1,ok,CI_UNAVAILABLE
all,hl60,cnn(7|3),sequence_dnase_h3k4me3,dnase,sequence_h3k4me3,0.0189050652270292,0.0659371960638484,0.0470321308368192,-0.0027273039352111034,1,ok,CI_UNAVAILABLE
all,hl60,cnn(7|3),sequence_h3k4me3_rrbs,rrbs,sequence_h3k4me3,-0.0010680724880258,0.0659371960638484,0.0670052685518742,-0.003865692532243406,1,ok,CI_UNAVAILABLE
all,hl60,cnn(7|3),sequence_ctcf_rrbs,ctcf,sequence_rrbs,0.036350822542112,0.0593127075674393,0.022961885025327304,-0.0013352174524378924,1,ok,CI_UNAVAILABLE
all,hl60,cnn(7|3),sequence_dnase_rrbs,dnase,sequence_rrbs,0.0509531825784771,0.0593127075674393,0.008359524988962204,-0.00048796730381149567,1,ok,CI_UNAVAILABLE
all,hl60,cnn(7|3),sequence_h3k4me3_rrbs,h3k4me3,sequence_rrbs,-0.0010680724880258,0.0593127075674393,0.0603807800554651,-0.0034774619463441986,1,ok,CI_UNAVAILABLE
all,hl60,cnn(7|3),sequence_ctcf_dnase_h3k4me3,h3k4me3,sequence_ctcf_dnase,0.0519951883658189,0.0029957567612477,-0.0489994316045712,0.00281950651026959,1,ok,CI_UNAVAILABLE
all,hl60,cnn(7|3),sequence_ctcf_dnase_rrbs,rrbs,sequence_ctcf_dnase,0.068420490193774,0.0029957567612477,-0.06542473343252629,0.0037808863470303877,1,ok,CI_UNAVAILABLE
all,hl60,cnn(7|3),sequence_ctcf_dnase_h3k4me3,dnase,sequence_ctcf_h3k4me3,0.0519951883658189,0.036294762880176,-0.015700425485642898,0.0009111974251117955,1,ok,CI_UNAVAILABLE
all,hl60,cnn(7|3),sequence_ctcf_h3k4me3_rrbs,rrbs,sequence_ctcf_h3k4me3,0.0781873242746027,0.036294762880176,-0.0418925613944267,0.002448255835092006,1,ok,CI_UNAVAILABLE
all,hl60,cnn(7|3),sequence_ctcf_dnase_rrbs,dnase,sequence_ctcf_rrbs,0.068420490193774,0.036350822542112,-0.032069667651662,0.0018693370150411892,1,ok,CI_UNAVAILABLE
all,hl60,cnn(7|3),sequence_ctcf_h3k4me3_rrbs,h3k4me3,sequence_ctcf_rrbs,0.0781873242746027,0.036350822542112,-0.041836501732490705,0.0024450155882606017,1,ok,CI_UNAVAILABLE
all,hl60,cnn(7|3),sequence_ctcf_dnase_h3k4me3,ctcf,sequence_dnase_h3k4me3,0.0519951883658189,0.0189050652270292,-0.0330901231387897,0.001911813075154395,1,ok,CI_UNAVAILABLE
all,hl60,cnn(7|3),sequence_dnase_h3k4me3_rrbs,rrbs,sequence_dnase_h3k4me3,-0.0396969279167689,0.0189050652270292,0.058601993143798096,-0.0033083060165240014,1,ok,CI_UNAVAILABLE
all,hl60,cnn(7|3),sequence_ctcf_dnase_rrbs,ctcf,sequence_dnase_rrbs,0.068420490193774,0.0509531825784771,-0.017467307615296898,0.0010220868664147925,1,ok,CI_UNAVAILABLE
all,hl60,cnn(7|3),sequence_dnase_h3k4me3_rrbs,h3k4me3,sequence_dnase_rrbs,-0.0396969279167689,0.0509531825784771,0.09065011049524599,-0.005159412062024402,1,ok,CI_UNAVAILABLE
all,hl60,cnn(7|3),sequence_ctcf_h3k4me3_rrbs,ctcf,sequence_h3k4me3_rrbs,0.0781873242746027,-0.0010680724880258,-0.07925539676262851,0.004587260082166908,1,ok,CI_UNAVAILABLE
all,hl60,cnn(7|3),sequence_dnase_h3k4me3_rrbs,dnase,sequence_h3k4me3_rrbs,-0.0396969279167689,-0.0010680724880258,0.0386288554287431,-0.0021699174194916987,1,ok,CI_UNAVAILABLE
all,hl60,cnn(7|3),all,rrbs,sequence_ctcf_dnase_h3k4me3,0.0288990779280385,0.0519951883658189,0.023096110437780402,-0.0013378446022835888,1,ok,CI_UNAVAILABLE
all,hl60,cnn(7|3),all,h3k4me3,sequence_ctcf_dnase_rrbs,0.0288990779280385,0.068420490193774,0.039521412265735495,-0.0022992244390443867,1,ok,CI_UNAVAILABLE
all,hl60,cnn(7|3),all,dnase,sequence_ctcf_h3k4me3_rrbs,0.0288990779280385,0.0781873242746027,0.0492882463465642,-0.002874903012263799,1,ok,CI_UNAVAILABLE
all,hl60,cnn(7|3),all,ctcf,sequence_dnase_h3k4me3_rrbs,0.0288990779280385,-0.0396969279167689,-0.06859600584480739,0.0038822744893948075,1,ok,CI_UNAVAILABLE
all,hl60,linear,sequence_ctcf,ctcf,sequence,0.0387665038262309,0.0286149155691739,-0.010151588257056997,0.0005859638567338038,1,ok,CI_UNAVAILABLE
all,hl60,linear,sequence_dnase,dnase,sequence,0.0270365579455482,0.0286149155691739,0.0015783576236256987,-9.08294745854965e-05,1,ok,CI_UNAVAILABLE
all,hl60,linear,sequence_h3k4me3,h3k4me3,sequence,0.0326853245789695,0.0286149155691739,-0.004070409009795599,0.00023458023852281074,1,ok,CI_UNAVAILABLE
all,hl60,linear,sequence_rrbs,rrbs,sequence,0.0180673357696975,0.0286149155691739,0.0105475797994764,-0.0006055867524141917,1,ok,CI_UNAVAILABLE
all,hl60,linear,sequence_ctcf_dnase,dnase,sequence_ctcf,0.0363466726180646,0.0387665038262309,0.002419831208166294,-0.00013995582253370498,1,ok,CI_UNAVAILABLE
all,hl60,linear,sequence_ctcf_h3k4me3,h3k4me3,sequence_ctcf,0.0412281839729367,0.0387665038262309,-0.002461680146705801,0.00014255711861360654,1,ok,CI_UNAVAILABLE
all,hl60,linear,sequence_ctcf_rrbs,rrbs,sequence_ctcf,0.02777050301226,0.0387665038262309,0.010996000813970896,-0.000634566291990199,1,ok,CI_UNAVAILABLE
all,hl60,linear,sequence_ctcf_dnase,ctcf,sequence_dnase,0.0363466726180646,0.0270365579455482,-0.009310114672516401,0.0005368375087855953,1,ok,CI_UNAVAILABLE
all,hl60,linear,sequence_dnase_h3k4me3,h3k4me3,sequence_dnase,0.0300736941907454,0.0270365579455482,-0.0030371362451971987,0.000174843197666405,1,ok,CI_UNAVAILABLE
all,hl60,linear,sequence_dnase_rrbs,rrbs,sequence_dnase,0.0162373976386163,0.0270365579455482,0.010799160306931902,-0.0006194910557281025,1,ok,CI_UNAVAILABLE
all,hl60,linear,sequence_ctcf_h3k4me3,ctcf,sequence_h3k4me3,0.0412281839729367,0.0326853245789695,-0.008542859393967199,0.0004939407368245996,1,ok,CI_UNAVAILABLE
all,hl60,linear,sequence_dnase_h3k4me3,dnase,sequence_h3k4me3,0.0300736941907454,0.0326853245789695,0.002611630388224099,-0.00015056651544190225,1,ok,CI_UNAVAILABLE
all,hl60,linear,sequence_h3k4me3_rrbs,rrbs,sequence_h3k4me3,0.0220280557758205,0.0326853245789695,0.010657268803149,-0.0006131463694467043,1,ok,CI_UNAVAILABLE
all,hl60,linear,sequence_ctcf_rrbs,ctcf,sequence_rrbs,0.02777050301226,0.0180673357696975,-0.0097031672425625,0.0005569843171577965,1,ok,CI_UNAVAILABLE
all,hl60,linear,sequence_dnase_rrbs,dnase,sequence_rrbs,0.0162373976386163,0.0180673357696975,0.0018299381310812012,-0.0001047337778994073,1,ok,CI_UNAVAILABLE
all,hl60,linear,sequence_h3k4me3_rrbs,h3k4me3,sequence_rrbs,0.0220280557758205,0.0180673357696975,-0.003960720006122999,0.0002270206214902981,1,ok,CI_UNAVAILABLE
all,hl60,linear,sequence_ctcf_dnase_h3k4me3,h3k4me3,sequence_ctcf_dnase,0.0383033960727199,0.0363466726180646,-0.0019567234546553,0.00011315743161439962,1,ok,CI_UNAVAILABLE
all,hl60,linear,sequence_ctcf_dnase_rrbs,rrbs,sequence_ctcf_dnase,0.0254989258402448,0.0363466726180646,0.010847746777819803,-0.0006252525405069931,1,ok,CI_UNAVAILABLE
all,hl60,linear,sequence_ctcf_dnase_h3k4me3,dnase,sequence_ctcf_h3k4me3,0.0383033960727199,0.0412281839729367,0.002924787900216795,-0.0001693555095329119,1,ok,CI_UNAVAILABLE
all,hl60,linear,sequence_ctcf_h3k4me3_rrbs,rrbs,sequence_ctcf_h3k4me3,0.0303238506507836,0.0412281839729367,0.010904333322153098,-0.0006300939407745121,1,ok,CI_UNAVAILABLE
all,hl60,linear,sequence_ctcf_dnase_rrbs,dnase,sequence_ctcf_rrbs,0.0254989258402448,0.02777050301226,0.002271577172015201,-0.00013064207105049908,1,ok,CI_UNAVAILABLE
all,hl60,linear,sequence_ctcf_h3k4me3_rrbs,h3k4me3,sequence_ctcf_rrbs,0.0303238506507836,0.02777050301226,-0.0025533476385235995,0.00014702946982929344,1,ok,CI_UNAVAILABLE
all,hl60,linear,sequence_ctcf_dnase_h3k4me3,ctcf,sequence_dnase_h3k4me3,0.0383033960727199,0.0300736941907454,-0.008229701881974503,0.00047515174273358995,1,ok,CI_UNAVAILABLE
all,hl60,linear,sequence_dnase_h3k4me3_rrbs,rrbs,sequence_dnase_h3k4me3,0.0194684233322348,0.0300736941907454,0.0106052708585106,-0.0006093453383761993,1,ok,CI_UNAVAILABLE
all,hl60,linear,sequence_ctcf_dnase_rrbs,ctcf,sequence_dnase_rrbs,0.0254989258402448,0.0162373976386163,-0.0092615282016285,0.0005310760240067047,1,ok,CI_UNAVAILABLE
all,hl60,linear,sequence_dnase_h3k4me3_rrbs,h3k4me3,sequence_dnase_rrbs,0.0194684233322348,0.0162373976386163,-0.0032310256936185014,0.00018498891501830816,1,ok,CI_UNAVAILABLE
all,hl60,linear,sequence_ctcf_h3k4me3_rrbs,ctcf,sequence_h3k4me3_rrbs,0.0303238506507836,0.0220280557758205,-0.0082957948749631,0.0004769931654967918,1,ok,CI_UNAVAILABLE
all,hl60,linear,sequence_dnase_h3k4me3_rrbs,dnase,sequence_h3k4me3_rrbs,0.0194684233322348,0.0220280557758205,0.0025596324435856986,-0.00014676548437139725,1,ok,CI_UNAVAILABLE
all,hl60,linear,all,rrbs,sequence_ctcf_dnase_h3k4me3,0.027602324518682,0.0383033960727199,0.010701071554037902,-0.0006174453456989915,1,ok,CI_UNAVAILABLE
all,hl60,linear,all,h3k4me3,sequence_ctcf_dnase_rrbs,0.027602324518682,0.0254989258402448,-0.0021033986784372016,0.00012096462642240124,1,ok,CI_UNAVAILABLE
all,hl60,linear,all,dnase,sequence_ctcf_h3k4me3_rrbs,0.027602324518682,0.0303238506507836,0.002721526132101599,-0.00015670691445739127,1,ok,CI_UNAVAILABLE
all,hl60,linear,all,ctcf,sequence_dnase_h3k4me3_rrbs,0.027602324518682,0.0194684233322348,-0.0081339011864472,0.0004670517354107978,1,ok,CI_UNAVAILABLE
all,hl60,mlp,sequence_ctcf,ctcf,sequence,-0.0384187927520529,0.0283010001726981,0.066719792924751,-0.0037766973221250028,1,ok,CI_UNAVAILABLE
all,hl60,mlp,sequence_dnase,dnase,sequence,0.0551735946279309,0.0283010001726981,-0.026872594455232802,0.0015576554288734973,1,ok,CI_UNAVAILABLE
all,hl60,mlp,sequence_h3k4me3,h3k4me3,sequence,0.0678234718713877,0.0283010001726981,-0.039522471698689596,0.0022985641599498063,1,ok,CI_UNAVAILABLE
all,hl60,mlp,sequence_rrbs,rrbs,sequence,0.0020286335664871,0.0283010001726981,0.026272366606211,-0.0015021748644951927,1,ok,CI_UNAVAILABLE
all,hl60,mlp,sequence_ctcf_dnase,dnase,sequence_ctcf,-0.1233798136876405,-0.0384187927520529,0.0849610209355876,-0.0046377188427170896,1,ok,CI_UNAVAILABLE
all,hl60,mlp,sequence_ctcf_h3k4me3,h3k4me3,sequence_ctcf,0.0125483358428657,-0.0384187927520529,-0.0509671285949186,0.0028736052656411076,1,ok,CI_UNAVAILABLE
all,hl60,mlp,sequence_ctcf_rrbs,rrbs,sequence_ctcf,-0.0350305476765324,-0.0384187927520529,-0.0033882450755204976,0.00018881507170551148,1,ok,CI_UNAVAILABLE
all,hl60,mlp,sequence_ctcf_dnase,ctcf,sequence_dnase,-0.1233798136876405,0.0551735946279309,0.1785534083155714,-0.00997207159371559,1,ok,CI_UNAVAILABLE
all,hl60,mlp,sequence_dnase_h3k4me3,h3k4me3,sequence_dnase,-0.0478708990027592,0.0551735946279309,0.1030444936306901,-0.0058594633866378976,1,ok,CI_UNAVAILABLE
all,hl60,mlp,sequence_dnase_rrbs,rrbs,sequence_dnase,0.0573698586381776,0.0551735946279309,-0.0021962640102466957,0.0001282786996794072,1,ok,CI_UNAVAILABLE
all,hl60,mlp,sequence_ctcf_h3k4me3,ctcf,sequence_h3k4me3,0.0125483358428657,0.0678234718713877,0.05527513602852199,-0.0032016562164337015,1,ok,CI_UNAVAILABLE
all,hl60,mlp,sequence_dnase_h3k4me3,dnase,sequence_h3k4me3,-0.0478708990027592,0.0678234718713877,0.11569437087414688,-0.006600372117714207,1,ok,CI_UNAVAILABLE
all,hl60,mlp,sequence_h3k4me3_rrbs,rrbs,sequence_h3k4me3,0.0450997882905929,0.0678234718713877,0.022723683580794796,-0.0013273951797807965,1,ok,CI_UNAVAILABLE
all,hl60,mlp,sequence_ctcf_rrbs,ctcf,sequence_rrbs,-0.0350305476765324,0.0020286335664871,0.037059181243019504,-0.0020857073859242986,1,ok,CI_UNAVAILABLE
all,hl60,mlp,sequence_dnase_rrbs,dnase,sequence_rrbs,0.0573698586381776,0.0020286335664871,-0.055341225071690495,0.003188108993048097,1,ok,CI_UNAVAILABLE
all,hl60,mlp,sequence_h3k4me3_rrbs,h3k4me3,sequence_rrbs,0.0450997882905929,0.0020286335664871,-0.0430711547241058,0.0024733438446642025,1,ok,CI_UNAVAILABLE
all,hl60,mlp,sequence_ctcf_dnase_h3k4me3,h3k4me3,sequence_ctcf_dnase,-0.0252362975105697,-0.1233798136876405,-0.0981435161770708,0.005374078002507901,1,ok,CI_UNAVAILABLE
all,hl60,mlp,sequence_ctcf_dnase_rrbs,rrbs,sequence_ctcf_dnase,-0.0447983630111499,-0.1233798136876405,-0.07858145067649061,0.00428304180406909,1,ok,CI_UNAVAILABLE
all,hl60,mlp,sequence_ctcf_dnase_h3k4me3,dnase,sequence_ctcf_h3k4me3,-0.0252362975105697,0.0125483358428657,0.0377846333534354,-0.002137246105850296,1,ok,CI_UNAVAILABLE
all,hl60,mlp,sequence_ctcf_h3k4me3_rrbs,rrbs,sequence_ctcf_h3k4me3,0.0077086076132166,0.0125483358428657,0.0048397282296491,-0.0002760103048031065,1,ok,CI_UNAVAILABLE
all,hl60,mlp,sequence_ctcf_dnase_rrbs,dnase,sequence_ctcf_rrbs,-0.0447983630111499,-0.0350305476765324,0.0097678153346175,-0.0005434921103535106,1,ok,CI_UNAVAILABLE
all,hl60,mlp,sequence_ctcf_h3k4me3_rrbs,h3k4me3,sequence_ctcf_rrbs,0.0077086076132166,-0.0350305476765324,-0.042739155289749,0.0024087798891324896,1,ok,CI_UNAVAILABLE
all,hl60,mlp,sequence_ctcf_dnase_h3k4me3,ctcf,sequence_dnase_h3k4me3,-0.0252362975105697,-0.0478708990027592,-0.022634601492189498,0.001261469795430209,1,ok,CI_UNAVAILABLE
all,hl60,mlp,sequence_dnase_h3k4me3_rrbs,rrbs,sequence_dnase_h3k4me3,0.0315415517434541,-0.0478708990027592,-0.0794124507462133,0.004488492780884104,1,ok,CI_UNAVAILABLE
all,hl60,mlp,sequence_ctcf_dnase_rrbs,ctcf,sequence_dnase_rrbs,-0.0447983630111499,0.0573698586381776,0.1021682216493275,-0.005817308489325906,1,ok,CI_UNAVAILABLE
all,hl60,mlp,sequence_dnase_h3k4me3_rrbs,h3k4me3,sequence_dnase_rrbs,0.0315415517434541,0.0573698586381776,0.0258283068947235,-0.0014992493054332007,1,ok,CI_UNAVAILABLE
all,hl60,mlp,sequence_ctcf_h3k4me3_rrbs,ctcf,sequence_h3k4me3_rrbs,0.0077086076132166,0.0450997882905929,0.0373911806773763,-0.0021502713414560115,1,ok,CI_UNAVAILABLE
all,hl60,mlp,sequence_dnase_h3k4me3_rrbs,dnase,sequence_h3k4me3_rrbs,0.0315415517434541,0.0450997882905929,0.0135582365471388,-0.0007844841570493061,1,ok,CI_UNAVAILABLE
all,hl60,mlp,all,rrbs,sequence_ctcf_dnase_h3k4me3,-0.051733284935497,-0.0252362975105697,0.026496987424927298,-0.0014753622907910102,1,ok,CI_UNAVAILABLE
all,hl60,mlp,all,h3k4me3,sequence_ctcf_dnase_rrbs,-0.051733284935497,-0.0447983630111499,0.0069349219243470955,-0.0003843260923521996,1,ok,CI_UNAVAILABLE
all,hl60,mlp,all,dnase,sequence_ctcf_h3k4me3_rrbs,-0.051733284935497,0.0077086076132166,0.0594418925487136,-0.0033365980918382,1,ok,CI_UNAVAILABLE
all,hl60,mlp,all,ctcf,sequence_dnase_h3k4me3_rrbs,-0.051733284935497,0.0315415517434541,0.0832748366789511,-0.004702385276244905,1,ok,CI_UNAVAILABLE
all,hl60,transformer,sequence_ctcf,ctcf,sequence,-0.0529561229844017,-0.1064063788194116,-0.053450255835009904,0.0029189636809306974,1,ok,CI_UNAVAILABLE
all,hl60,transformer,sequence_dnase,dnase,sequence,-0.0603279796653359,-0.1064063788194116,-0.0460783991540757,0.002512045576740604,1,ok,CI_UNAVAILABLE
all,hl60,transformer,sequence_h3k4me3,h3k4me3,sequence,-0.0134773275114603,-0.1064063788194116,-0.0929290513079513,0.0051228105272344004,1,ok,CI_UNAVAILABLE
all,hl60,transformer,sequence_rrbs,rrbs,sequence,-0.1087847931420247,-0.1064063788194116,0.0023784143226130983,-0.0001282302177159078,1,ok,CI_UNAVAILABLE
all,hl60,transformer,sequence_ctcf_dnase,dnase,sequence_ctcf,-0.0663868970047276,-0.0529561229844017,0.013430774020325893,-0.0007403055526064017,1,ok,CI_UNAVAILABLE
all,hl60,transformer,sequence_ctcf_h3k4me3,h3k4me3,sequence_ctcf,0.0145596676810092,-0.0529561229844017,-0.0675157906654109,0.003795150672383396,1,ok,CI_UNAVAILABLE
all,hl60,transformer,sequence_ctcf_rrbs,rrbs,sequence_ctcf,-0.025503214462754,-0.0529561229844017,-0.0274529085216477,0.0015280426621537974,1,ok,CI_UNAVAILABLE
all,hl60,transformer,sequence_ctcf_dnase,ctcf,sequence_dnase,-0.0663868970047276,-0.0603279796653359,0.006058917339391692,-0.0003333874484163085,1,ok,CI_UNAVAILABLE
all,hl60,transformer,sequence_dnase_h3k4me3,h3k4me3,sequence_dnase,-0.0323527797274383,-0.0603279796653359,-0.0279751999378976,0.0015518145589470955,1,ok,CI_UNAVAILABLE
all,hl60,transformer,sequence_dnase_rrbs,rrbs,sequence_dnase,-0.0796115521472271,-0.0603279796653359,0.019283572481891192,-0.00105779025977161,1,ok,CI_UNAVAILABLE
all,hl60,transformer,sequence_ctcf_h3k4me3,ctcf,sequence_h3k4me3,0.0145596676810092,-0.0134773275114603,-0.0280369951924695,0.001591303826079693,1,ok,CI_UNAVAILABLE
all,hl60,transformer,sequence_dnase_h3k4me3,dnase,sequence_h3k4me3,-0.0323527797274383,-0.0134773275114603,0.018875452215978,-0.0010589503915467008,1,ok,CI_UNAVAILABLE
all,hl60,transformer,sequence_h3k4me3_rrbs,rrbs,sequence_h3k4me3,-0.018258863674329,-0.0134773275114603,0.004781536162868699,-0.0002691798201176071,1,ok,CI_UNAVAILABLE
all,hl60,transformer,sequence_ctcf_rrbs,ctcf,sequence_rrbs,-0.025503214462754,-0.1087847931420247,-0.0832815786792707,0.0045752365608004025,1,ok,CI_UNAVAILABLE
all,hl60,transformer,sequence_dnase_rrbs,dnase,sequence_rrbs,-0.0796115521472271,-0.1087847931420247,-0.02917324099479761,0.001582485534684902,1,ok,CI_UNAVAILABLE
all,hl60,transformer,sequence_h3k4me3_rrbs,h3k4me3,sequence_rrbs,-0.018258863674329,-0.1087847931420247,-0.0905259294676957,0.004981860924832701,1,ok,CI_UNAVAILABLE
all,hl60,transformer,sequence_ctcf_dnase_h3k4me3,h3k4me3,sequence_ctcf_dnase,-0.0063638611221661,-0.0663868970047276,-0.06002303588256149,0.0033457875883180083,1,ok,CI_UNAVAILABLE
all,hl60,transformer,sequence_ctcf_dnase_rrbs,rrbs,sequence_ctcf_dnase,-0.0543721999902566,-0.0663868970047276,-0.012014697014470992,0.0006620294480337019,1,ok,CI_UNAVAILABLE
all,hl60,transformer,sequence_ctcf_dnase_h3k4me3,dnase,sequence_ctcf_h3k4me3,-0.0063638611221661,0.0145596676810092,0.0209235288031753,-0.0011896686366717896,1,ok,CI_UNAVAILABLE
all,hl60,transformer,sequence_ctcf_h3k4me3_rrbs,rrbs,sequence_ctcf_h3k4me3,-0.0808014647467814,0.0145596676810092,0.09536113242779061,-0.005324820394847302,1,ok,CI_UNAVAILABLE
all,hl60,transformer,sequence_ctcf_dnase_rrbs,dnase,sequence_ctcf_rrbs,-0.0543721999902566,-0.025503214462754,0.0288689855275026,-0.0016063187667264972,1,ok,CI_UNAVAILABLE
all,hl60,transformer,sequence_ctcf_h3k4me3_rrbs,h3k4me3,sequence_ctcf_rrbs,-0.0808014647467814,-0.025503214462754,0.055298250284027406,-0.003057712384617703,1,ok,CI_UNAVAILABLE
all,hl60,transformer,sequence_ctcf_dnase_h3k4me3,ctcf,sequence_dnase_h3k4me3,-0.0063638611221661,-0.0323527797274383,-0.0259889186052722,0.0014605855809546042,1,ok,CI_UNAVAILABLE
all,hl60,transformer,sequence_dnase_h3k4me3_rrbs,rrbs,sequence_dnase_h3k4me3,-0.0155659307863613,-0.0323527797274383,-0.016786848941077,0.0009412931206193992,1,ok,CI_UNAVAILABLE
all,hl60,transformer,sequence_ctcf_dnase_rrbs,ctcf,sequence_dnase_rrbs,-0.0543721999902566,-0.0796115521472271,-0.025239352156970492,0.0013864322593890033,1,ok,CI_UNAVAILABLE
all,hl60,transformer,sequence_dnase_h3k4me3_rrbs,h3k4me3,sequence_dnase_rrbs,-0.0155659307863613,-0.0796115521472271,-0.06404562136086579,0.0035508979393381046,1,ok,CI_UNAVAILABLE
all,hl60,transformer,sequence_ctcf_h3k4me3_rrbs,ctcf,sequence_h3k4me3_rrbs,-0.0808014647467814,-0.018258863674329,0.06254260107245241,-0.0034643367486500015,1,ok,CI_UNAVAILABLE
all,hl60,transformer,sequence_dnase_h3k4me3_rrbs,dnase,sequence_h3k4me3_rrbs,-0.0155659307863613,-0.018258863674329,-0.0026929328879676997,0.0001515225491903055,1,ok,CI_UNAVAILABLE
all,hl60,transformer,all,rrbs,sequence_ctcf_dnase_h3k4me3,-0.0477398300397962,-0.0063638611221661,0.041375968917630096,-0.002316687401316006,1,ok,CI_UNAVAILABLE
all,hl60,transformer,all,h3k4me3,sequence_ctcf_dnase_rrbs,-0.0477398300397962,-0.0543721999902566,-0.006632369950460404,0.00036707073896830034,1,ok,CI_UNAVAILABLE
all,hl60,transformer,all,dnase,sequence_ctcf_h3k4me3_rrbs,-0.0477398300397962,-0.0808014647467814,-0.033061634706985206,0.001818464356859506,1,ok,CI_UNAVAILABLE
all,hl60,transformer,all,ctcf,sequence_dnase_h3k4me3_rrbs,-0.0477398300397962,-0.0155659307863613,0.0321738992534349,-0.001797394940980801,1,ok,CI_UNAVAILABLE
all,hl60,xgboost,sequence_ctcf,ctcf,sequence,-0.0127385066482506,-0.0161266366663792,-0.0033881300181286024,0.0001908719192231928,1,ok,CI_UNAVAILABLE
all,hl60,xgboost,sequence_dnase,dnase,sequence,-0.0192191967324759,-0.0161266366663792,0.0030925600660966987,-0.00017394324757820379,1,ok,CI_UNAVAILABLE
all,hl60,xgboost,sequence_h3k4me3,h3k4me3,sequence,-0.0109786379953038,-0.0161266366663792,-0.005147998671075401,0.00029014095483059776,1,ok,CI_UNAVAILABLE
all,hl60,xgboost,sequence_rrbs,rrbs,sequence,-0.0237702040796217,-0.0161266366663792,0.0076435674132425,-0.0004294386919545118,1,ok,CI_UNAVAILABLE
all,hl60,xgboost,sequence_ctcf_dnase,dnase,sequence_ctcf,0.0032282129668785,-0.0127385066482506,-0.015966719615129098,0.0009038209841123052,1,ok,CI_UNAVAILABLE
all,hl60,xgboost,sequence_ctcf_h3k4me3,h3k4me3,sequence_ctcf,-0.0130663793468077,-0.0127385066482506,0.00032787269855710094,-1.84848044692959e-05,1,ok,CI_UNAVAILABLE
all,hl60,xgboost,sequence_ctcf_rrbs,rrbs,sequence_ctcf,-0.0120358714231667,-0.0127385066482506,-0.0007026352250838995,3.962324303230513e-05,1,ok,CI_UNAVAILABLE
all,hl60,xgboost,sequence_ctcf_dnase,ctcf,sequence_dnase,0.0032282129668785,-0.0192191967324759,-0.0224474096993544,0.0012686361509137017,1,ok,CI_UNAVAILABLE
all,hl60,xgboost,sequence_dnase_h3k4me3,h3k4me3,sequence_dnase,-0.0102002964773628,-0.0192191967324759,-0.0090189002551131,0.0005080157229346016,1,ok,CI_UNAVAILABLE
all,hl60,xgboost,sequence_dnase_rrbs,rrbs,sequence_dnase,-0.0177659759528843,-0.0192191967324759,-0.0014532207795916012,8.170452406010276e-05,1,ok,CI_UNAVAILABLE
all,hl60,xgboost,sequence_ctcf_h3k4me3,ctcf,sequence_h3k4me3,-0.0130663793468077,-0.0109786379953038,0.0020877413515038995,-0.00011775384007670087,1,ok,CI_UNAVAILABLE
all,hl60,xgboost,sequence_dnase_h3k4me3,dnase,sequence_h3k4me3,-0.0102002964773628,-0.0109786379953038,-0.000778341517941001,4.393152052580007e-05,1,ok,CI_UNAVAILABLE
all,hl60,xgboost,sequence_h3k4me3_rrbs,rrbs,sequence_h3k4me3,-0.0058040291645315,-0.0109786379953038,-0.005174608830772301,0.00029238611459499186,1,ok,CI_UNAVAILABLE
all,hl60,xgboost,sequence_ctcf_rrbs,ctcf,sequence_rrbs,-0.0120358714231667,-0.0237702040796217,-0.011734332656455002,0.0006599338542100097,1,ok,CI_UNAVAILABLE
all,hl60,xgboost,sequence_dnase_rrbs,dnase,sequence_rrbs,-0.0177659759528843,-0.0237702040796217,-0.006004228126737402,0.00033719996843641076,1,ok,CI_UNAVAILABLE
all,hl60,xgboost,sequence_h3k4me3_rrbs,h3k4me3,sequence_rrbs,-0.0058040291645315,-0.0237702040796217,-0.0179661749150902,0.0010119657613801014,1,ok,CI_UNAVAILABLE
all,hl60,xgboost,sequence_ctcf_dnase_h3k4me3,h3k4me3,sequence_ctcf_dnase,-0.0320846596434989,0.0032282129668785,0.035312872610377403,-0.0019894464211288043,1,ok,CI_UNAVAILABLE
all,hl60,xgboost,sequence_ctcf_dnase_rrbs,rrbs,sequence_ctcf_dnase,-0.0141680410873881,0.0032282129668785,0.017396254054266598,-0.0009843933652080028,1,ok,CI_UNAVAILABLE
all,hl60,xgboost,sequence_ctcf_dnase_h3k4me3,dnase,sequence_ctcf_h3k4me3,-0.0320846596434989,-0.0130663793468077,0.0190182802966912,-0.0010671406325472033,1,ok,CI_UNAVAILABLE
all,hl60,xgboost,sequence_ctcf_h3k4me3_rrbs,rrbs,sequence_ctcf_h3k4me3,-0.0208806365887666,-0.0130663793468077,0.007814257241958899,-0.00043967026892070826,1,ok,CI_UNAVAILABLE
all,hl60,xgboost,sequence_ctcf_dnase_rrbs,dnase,sequence_ctcf_rrbs,-0.0141680410873881,-0.0120358714231667,0.0021321696642214,-0.00012019562412800278,1,ok,CI_UNAVAILABLE
all,hl60,xgboost,sequence_ctcf_h3k4me3_rrbs,h3k4me3,sequence_ctcf_rrbs,-0.0208806365887666,-0.0120358714231667,0.0088447651655999,-0.0004977783164223093,1,ok,CI_UNAVAILABLE
all,hl60,xgboost,sequence_ctcf_dnase_h3k4me3,ctcf,sequence_dnase_h3k4me3,-0.0320846596434989,-0.0102002964773628,0.021884363166136102,-0.0012288259931497042,1,ok,CI_UNAVAILABLE
all,hl60,xgboost,sequence_dnase_h3k4me3_rrbs,rrbs,sequence_dnase_h3k4me3,-0.010779044685047,-0.0102002964773628,0.0005787482076842002,-3.266759314120293e-05,1,ok,CI_UNAVAILABLE
all,hl60,xgboost,sequence_ctcf_dnase_rrbs,ctcf,sequence_dnase_rrbs,-0.0141680410873881,-0.0177659759528843,-0.0035979348654961996,0.00020253826164559618,1,ok,CI_UNAVAILABLE
all,hl60,xgboost,sequence_dnase_h3k4me3_rrbs,h3k4me3,sequence_dnase_rrbs,-0.010779044685047,-0.0177659759528843,-0.006986931267837299,0.00039364360573329593,1,ok,CI_UNAVAILABLE
all,hl60,xgboost,sequence_ctcf_h3k4me3_rrbs,ctcf,sequence_h3k4me3_rrbs,-0.0208806365887666,-0.0058040291645315,0.015076607424235099,-0.000849810223592401,1,ok,CI_UNAVAILABLE
all,hl60,xgboost,sequence_dnase_h3k4me3_rrbs,dnase,sequence_h3k4me3_rrbs,-0.010779044685047,-0.0058040291645315,0.0049750155205155,-0.0002811221872103947,1,ok,CI_UNAVAILABLE
all,hl60,xgboost,all,rrbs,sequence_ctcf_dnase_h3k4me3,-0.0312219187184081,-0.0320846596434989,-0.0008627409250907998,4.8195549852803055e-05,1,ok,CI_UNAVAILABLE
all,hl60,xgboost,all,h3k4me3,sequence_ctcf_dnase_rrbs,-0.0312219187184081,-0.0141680410873881,0.017053877631020002,-0.0009568575060679985,1,ok,CI_UNAVAILABLE
all,hl60,xgboost,all,dnase,sequence_ctcf_h3k4me3_rrbs,-0.0312219187184081,-0.0208806365887666,0.010341282129641503,-0.0005792748137736919,1,ok,CI_UNAVAILABLE
all,hl60,xgboost,all,ctcf,sequence_dnase_h3k4me3_rrbs,-0.0312219187184081,-0.010779044685047,0.020442874033361102,-0.0011479628501556982,1,ok,CI_UNAVAILABLE
mixed,none,cnn(3|3),sequence_ctcf,ctcf,sequence,0.04216225620863458,0.04630740709358748,0.004145150884952901,-0.0003503618425769253,4,ok,CI_UNAVAILABLE
mixed,none,cnn(3|3),sequence_dnase,dnase,sequence,0.044688211494173076,0.04630740709358748,0.0016191955994144039,-0.0001367835046353072,4,ok,CI_UNAVAILABLE
mixed,none,cnn(3|3),sequence_h3k4me3,h3k4me3,sequence,0.045247076852483005,0.04630740709358748,0.0010603302411044749,-9.50209687146028e-05,4,ok,CI_UNAVAILABLE
mixed,none,cnn(3|3),sequence_rrbs,rrbs,sequence,0.03808437147105492,0.04630740709358748,0.008223035622532552,-0.0006891250057495801,4,ok,CI_UNAVAILABLE
mixed,none,cnn(3|3),sequence_ctcf_dnase,dnase,sequence_ctcf,0.04539459852743785,0.04216225620863458,-0.0032323423188032746,0.00027076727004134854,4,ok,CI_UNAVAILABLE
mixed,none,cnn(3|3),sequence_ctcf_h3k4me3,h3k4me3,sequence_ctcf,0.045888062195308305,0.04216225620863458,-0.003725805986673724,0.0003175132971457162,4,ok,CI_UNAVAILABLE
mixed,none,cnn(3|3),sequence_ctcf_rrbs,rrbs,sequence_ctcf,0.04646687183387095,0.04216225620863458,-0.004304615625236376,0.00036219214829117524,4,ok,CI_UNAVAILABLE
mixed,none,cnn(3|3),sequence_ctcf_dnase,ctcf,sequence_dnase,0.04539459852743785,0.044688211494173076,-0.0007063870332647774,5.7188932099730416e-05,4,ok,CI_UNAVAILABLE
mixed,none,cnn(3|3),sequence_dnase_h3k4me3,h3k4me3,sequence_dnase,0.04114382145422629,0.044688211494173076,0.003544390039946772,-0.0003034028722944393,4,ok,CI_UNAVAILABLE
mixed,none,cnn(3|3),sequence_dnase_rrbs,rrbs,sequence_dnase,0.03935227760284948,0.044688211494173076,0.005335933891323598,-0.000457252189714992,4,ok,CI_UNAVAILABLE
mixed,none,cnn(3|3),sequence_ctcf_h3k4me3,ctcf,sequence_h3k4me3,0.045888062195308305,0.045247076852483005,-0.0006409853428252978,6.217242328339367e-05,4,ok,CI_UNAVAILABLE
mixed,none,cnn(3|3),sequence_dnase_h3k4me3,dnase,sequence_h3k4me3,0.04114382145422629,0.045247076852483005,0.004103255398256701,-0.0003451654082151437,4,ok,CI_UNAVAILABLE
mixed,none,cnn(3|3),sequence_h3k4me3_rrbs,rrbs,sequence_h3k4me3,0.04300327841768737,0.045247076852483005,0.0022437984347956274,-0.00019198795370971994,4,ok,CI_UNAVAILABLE
mixed,none,cnn(3|3),sequence_ctcf_rrbs,ctcf,sequence_rrbs,0.04646687183387095,0.03808437147105492,-0.008382500362816027,0.0007009553114638301,4,ok,CI_UNAVAILABLE
mixed,none,cnn(3|3),sequence_dnase_rrbs,dnase,sequence_rrbs,0.03935227760284948,0.03808437147105492,-0.0012679061317945493,9.508931139928095e-05,4,ok,CI_UNAVAILABLE
mixed,none,cnn(3|3),sequence_h3k4me3_rrbs,h3k4me3,sequence_rrbs,0.04300327841768737,0.03808437147105492,-0.004918906946632449,0.0004021160833252574,4,ok,CI_UNAVAILABLE
mixed,none,cnn(3|3),sequence_ctcf_dnase_h3k4me3,h3k4me3,sequence_ctcf_dnase,0.04548501969005603,0.04539459852743785,-9.042116261817439e-05,8.83896583699778e-06,4,ok,CI_UNAVAILABLE
mixed,none,cnn(3|3),sequence_ctcf_dnase_rrbs,rrbs,sequence_ctcf_dnase,0.0410131754007089,0.04539459852743785,0.004381423126728949,-0.0003647617017176058,4,ok,CI_UNAVAILABLE
mixed,none,cnn(3|3),sequence_ctcf_dnase_h3k4me3,dnase,sequence_ctcf_h3k4me3,0.04548501969005603,0.045888062195308305,0.00040304250525227507,-3.790706126736987e-05,4,ok,CI_UNAVAILABLE
mixed,none,cnn(3|3),sequence_ctcf_h3k4me3_rrbs,rrbs,sequence_ctcf_h3k4me3,0.0409785604607674,0.045888062195308305,0.004909501734540899,-0.00041425039561085453,4,ok,CI_UNAVAILABLE
mixed,none,cnn(3|3),sequence_ctcf_dnase_rrbs,dnase,sequence_ctcf_rrbs,0.0410131754007089,0.04646687183387095,0.0054536964331620506,-0.0004561865799674325,4,ok,CI_UNAVAILABLE
mixed,none,cnn(3|3),sequence_ctcf_h3k4me3_rrbs,h3k4me3,sequence_ctcf_rrbs,0.0409785604607674,0.04646687183387095,0.005488311373103551,-0.0004589292467563136,4,ok,CI_UNAVAILABLE
mixed,none,cnn(3|3),sequence_ctcf_dnase_h3k4me3,ctcf,sequence_dnase_h3k4me3,0.04548501969005603,0.04114382145422629,-0.004341198235829724,0.0003694307702311675,4,ok,CI_UNAVAILABLE
mixed,none,cnn(3|3),sequence_dnase_h3k4me3_rrbs,rrbs,sequence_dnase_h3k4me3,0.0396842242621719,0.04114382145422629,0.001459597192054401,-0.00011491289473397615,4,ok,CI_UNAVAILABLE
mixed,none,cnn(3|3),sequence_ctcf_dnase_rrbs,ctcf,sequence_dnase_rrbs,0.0410131754007089,0.03935227760284948,-0.0016608977978594267,0.0001496794200971166,4,ok,CI_UNAVAILABLE
mixed,none,cnn(3|3),sequence_dnase_h3k4me3_rrbs,h3k4me3,sequence_dnase_rrbs,0.0396842242621719,0.03935227760284948,-0.0003319466593224253,3.8936422686576544e-05,4,ok,CI_UNAVAILABLE
mixed,none,cnn(3|3),sequence_ctcf_h3k4me3_rrbs,ctcf,sequence_h3k4me3_rrbs,0.0409785604607674,0.04300327841768737,0.0020247179569199735,-0.00016009001861774091,4,ok,CI_UNAVAILABLE
mixed,none,cnn(3|3),sequence_dnase_h3k4me3_rrbs,dnase,sequence_h3k4me3_rrbs,0.0396842242621719,0.04300327841768737,0.0033190541555154747,-0.0002680903492393999,4,ok,CI_UNAVAILABLE
mixed,none,cnn(3|3),all,rrbs,sequence_ctcf_dnase_h3k4me3,0.04061118844881813,0.04548501969005603,0.004873831241237899,-0.00041470447319200826,4,ok,CI_UNAVAILABLE
mixed,none,cnn(3|3),all,h3k4me3,sequence_ctcf_dnase_rrbs,0.04061118844881813,0.0410131754007089,0.0004019869518907754,-4.110380563740468e-05,4,ok,CI_UNAVAILABLE
mixed,none,cnn(3|3),all,dnase,sequence_ctcf_h3k4me3_rrbs,0.04061118844881813,0.0409785604607674,0.00036737201194927526,-3.83611388485236e-05,4,ok,CI_UNAVAILABLE
mixed,none,cnn(3|3),all,ctcf,sequence_dnase_h3k4me3_rrbs,0.04061118844881813,0.0396842242621719,-0.000926964186646226,6.963919177313538e-05,4,ok,CI_UNAVAILABLE
mixed,none,cnn(5|3),sequence_ctcf,ctcf,sequence,0.07182278874230043,0.07092037200682298,-0.0009024167354774477,7.032856273229277e-05,4,ok,CI_UNAVAILABLE
mixed,none,cnn(5|3),sequence_dnase,dnase,sequence,0.07346494786670313,0.07092037200682298,-0.0025445758598801483,0.00021719926682096935,4,ok,CI_UNAVAILABLE
mixed,none,cnn(5|3),sequence_h3k4me3,h3k4me3,sequence,0.07487784119676916,0.07092037200682298,-0.003957469189946173,0.0003376525749494985,4,ok,CI_UNAVAILABLE
mixed,none,cnn(5|3),sequence_rrbs,rrbs,sequence,0.06830654412586422,0.07092037200682298,0.002613827880958753,-0.00023047305193075324,4,ok,CI_UNAVAILABLE
mixed,none,cnn(5|3),sequence_ctcf_dnase,dnase,sequence_ctcf,0.06800484198937856,0.07182278874230043,0.0038179467529218733,-0.0003336328302859237,4,ok,CI_UNAVAILABLE
mixed,none,cnn(5|3),sequence_ctcf_h3k4me3,h3k4me3,sequence_ctcf,0.06473413658206535,0.07182278874230043,0.007088652160235073,-0.0006100311954779711,4,ok,CI_UNAVAILABLE
mixed,none,cnn(5|3),sequence_ctcf_rrbs,rrbs,sequence_ctcf,0.06767225922228415,0.07182278874230043,0.004150529520016275,-0.0003631829849372256,4,ok,CI_UNAVAILABLE
mixed,none,cnn(5|3),sequence_ctcf_dnase,ctcf,sequence_dnase,0.06800484198937856,0.07346494786670313,0.005460105877324574,-0.0004805035343746003,4,ok,CI_UNAVAILABLE
mixed,none,cnn(5|3),sequence_dnase_h3k4me3,h3k4me3,sequence_dnase,0.07392408174383536,0.07346494786670313,-0.00045913387713222495,2.535194443990807e-05,4,ok,CI_UNAVAILABLE
mixed,none,cnn(5|3),sequence_dnase_rrbs,rrbs,sequence_dnase,0.06815880158507373,0.07346494786670313,0.0053061462816294,-0.00046984573230142435,4,ok,CI_UNAVAILABLE
mixed,none,cnn(5|3),sequence_ctcf_h3k4me3,ctcf,sequence_h3k4me3,0.06473413658206535,0.07487784119676916,0.010143704614703798,-0.0008773552076951768,4,ok,CI_UNAVAILABLE
mixed,none,cnn(5|3),sequence_dnase_h3k4me3,dnase,sequence_h3k4me3,0.07392408174383536,0.07487784119676916,0.0009537594529338,-9.51013636886211e-05,4,ok,CI_UNAVAILABLE
mixed,none,cnn(5|3),sequence_h3k4me3_rrbs,rrbs,sequence_h3k4me3,0.06465844490319447,0.07487784119676916,0.010219396293574675,-0.0008891165315336527,4,ok,CI_UNAVAILABLE
mixed,none,cnn(5|3),sequence_ctcf_rrbs,ctcf,sequence_rrbs,0.06767225922228415,0.06830654412586422,0.0006342849035800742,-6.238137027417961e-05,4,ok,CI_UNAVAILABLE
mixed,none,cnn(5|3),sequence_dnase_rrbs,dnase,sequence_rrbs,0.06815880158507373,0.06830654412586422,0.0001477425407904985,-2.217341354970176e-05,4,ok,CI_UNAVAILABLE
mixed,none,cnn(5|3),sequence_h3k4me3_rrbs,h3k4me3,sequence_rrbs,0.06465844490319447,0.06830654412586422,0.003648099222669749,-0.00032099090465340097,4,ok,CI_UNAVAILABLE
mixed,none,cnn(5|3),sequence_ctcf_dnase_h3k4me3,h3k4me3,sequence_ctcf_dnase,0.0705552759171279,0.06800484198937856,-0.0025504339277493474,0.00022166183608027246,4,ok,CI_UNAVAILABLE
mixed,none,cnn(5|3),sequence_ctcf_dnase_rrbs,rrbs,sequence_ctcf_dnase,0.07091081633129123,0.06800484198937856,-0.0029059743419126757,0.00024256534167247518,4,ok,CI_UNAVAILABLE
mixed,none,cnn(5|3),sequence_ctcf_dnase_h3k4me3,dnase,sequence_ctcf_h3k4me3,0.0705552759171279,0.06473413658206535,-0.005821139335062547,0.0004980602012723198,4,ok,CI_UNAVAILABLE
mixed,none,cnn(5|3),sequence_ctcf_h3k4me3_rrbs,rrbs,sequence_ctcf_h3k4me3,0.07261295346059603,0.06473413658206535,-0.007878816878530674,0.0006698120238721947,4,ok,CI_UNAVAILABLE
mixed,none,cnn(5|3),sequence_ctcf_dnase_rrbs,dnase,sequence_ctcf_rrbs,0.07091081633129123,0.06767225922228415,-0.0032385571090070772,0.0002721154963237771,4,ok,CI_UNAVAILABLE
mixed,none,cnn(5|3),sequence_ctcf_h3k4me3_rrbs,h3k4me3,sequence_ctcf_rrbs,0.07261295346059603,0.06767225922228415,-0.004940694238311876,0.0004229638133314492,4,ok,CI_UNAVAILABLE
mixed,none,cnn(5|3),sequence_ctcf_dnase_h3k4me3,ctcf,sequence_dnase_h3k4me3,0.0705552759171279,0.07392408174383536,0.0033688058267074515,-0.0002841936427342359,4,ok,CI_UNAVAILABLE
mixed,none,cnn(5|3),sequence_dnase_h3k4me3_rrbs,rrbs,sequence_dnase_h3k4me3,0.06626403511602566,0.07392408174383536,0.0076600466278097,-0.0006584090960899541,4,ok,CI_UNAVAILABLE
mixed,none,cnn(5|3),sequence_ctcf_dnase_rrbs,ctcf,sequence_dnase_rrbs,0.07091081633129123,0.06815880158507373,-0.0027520147462175015,0.00023190753959929922,4,ok,CI_UNAVAILABLE
mixed,none,cnn(5|3),sequence_dnase_h3k4me3_rrbs,h3k4me3,sequence_dnase_rrbs,0.06626403511602566,0.06815880158507373,0.0018947664690480755,-0.0001632114193486217,4,ok,CI_UNAVAILABLE
mixed,none,cnn(5|3),sequence_ctcf_h3k4me3_rrbs,ctcf,sequence_h3k4me3_rrbs,0.07261295346059603,0.06465844490319447,-0.007954508557401551,0.0006815733477106706,4,ok,CI_UNAVAILABLE
mixed,none,cnn(5|3),sequence_dnase_h3k4me3_rrbs,dnase,sequence_h3k4me3_rrbs,0.06626403511602566,0.06465844490319447,-0.001605590212831175,0.0001356060717550775,4,ok,CI_UNAVAILABLE
mixed,none,cnn(5|3),all,rrbs,sequence_ctcf_dnase_h3k4me3,0.07486323079095035,0.0705552759171279,-0.004307954873822451,0.00036326812046563045,4,ok,CI_UNAVAILABLE
mixed,none,cnn(5|3),all,h3k4me3,sequence_ctcf_dnase_rrbs,0.07486323079095035,0.07091081633129123,-0.003952414459659123,0.00034236461487342773,4,ok,CI_UNAVAILABLE
mixed,none,cnn(5|3),all,dnase,sequence_ctcf_h3k4me3_rrbs,0.07486323079095035,0.07261295346059603,-0.002250277330354324,0.00019151629786575558,4,ok,CI_UNAVAILABLE
mixed,none,cnn(5|3),all,ctcf,sequence_dnase_h3k4me3_rrbs,0.07486323079095035,0.06626403511602566,-0.0085991956749247,0.0007374835738213487,4,ok,CI_UNAVAILABLE
mixed,none,cnn(7|3),sequence_ctcf,ctcf,sequence,0.07269658792383116,0.08155694587199948,0.008860357948168328,-0.0007724226464819045,4,ok,CI_UNAVAILABLE
mixed,none,cnn(7|3),sequence_dnase,dnase,sequence,0.07862217719762188,0.08155694587199948,0.0029347686743776014,-0.0002578283969617706,4,ok,CI_UNAVAILABLE
mixed,none,cnn(7|3),sequence_h3k4me3,h3k4me3,sequence,0.0739243859229495,0.08155694587199948,0.007632559949049975,-0.0006692344042086781,4,ok,CI_UNAVAILABLE
mixed,none,cnn(7|3),sequence_rrbs,rrbs,sequence,0.06956055350819686,0.08155694587199948,0.011996392363802625,-0.001033602516123465,4,ok,CI_UNAVAILABLE
mixed,none,cnn(7|3),sequence_ctcf_dnase,dnase,sequence_ctcf,0.07039954019160317,0.07269658792383116,0.0022970477322279727,-0.0001761495221254475,4,ok,CI_UNAVAILABLE
mixed,none,cnn(7|3),sequence_ctcf_h3k4me3,h3k4me3,sequence_ctcf,0.07748625479614907,0.07269658792383116,-0.004789666872317924,0.0004489973330649086,4,ok,CI_UNAVAILABLE
mixed,none,cnn(7|3),sequence_ctcf_rrbs,rrbs,sequence_ctcf,0.0775484076887494,0.07269658792383116,-0.0048518197649182505,0.00045113905989876274,4,ok,CI_UNAVAILABLE
mixed,none,cnn(7|3),sequence_ctcf_dnase,ctcf,sequence_dnase,0.07039954019160317,0.07862217719762188,0.008222637006018699,-0.0006907437716455814,4,ok,CI_UNAVAILABLE
mixed,none,cnn(7|3),sequence_dnase_h3k4me3,h3k4me3,sequence_dnase,0.07480384080582325,0.07862217719762188,0.003818336391798627,-0.0002987074743225071,4,ok,CI_UNAVAILABLE
mixed,none,cnn(7|3),sequence_dnase_rrbs,rrbs,sequence_dnase,0.0784877809352389,0.07862217719762188,0.00013439626238297836,2.4224395259939135e-06,4,ok,CI_UNAVAILABLE
mixed,none,cnn(7|3),sequence_ctcf_h3k4me3,ctcf,sequence_h3k4me3,0.07748625479614907,0.0739243859229495,-0.003561868873199571,0.0003458090907916822,4,ok,CI_UNAVAILABLE
mixed,none,cnn(7|3),sequence_dnase_h3k4me3,dnase,sequence_h3k4me3,0.07480384080582325,0.0739243859229495,-0.0008794548828737463,0.00011269853292440041,4,ok,CI_UNAVAILABLE
mixed,none,cnn(7|3),sequence_h3k4me3_rrbs,rrbs,sequence_h3k4me3,0.08460235811837462,0.0739243859229495,-0.010677972195425121,0.0009316781727149032,4,ok,CI_UNAVAILABLE
mixed,none,cnn(7|3),sequence_ctcf_rrbs,ctcf,sequence_rrbs,0.0775484076887494,0.06956055350819686,-0.007987854180552548,0.0007123189295403232,4,ok,CI_UNAVAILABLE
mixed,none,cnn(7|3),sequence_dnase_rrbs,dnase,sequence_rrbs,0.0784877809352389,0.06956055350819686,-0.008927227427042045,0.0007781965586876882,4,ok,CI_UNAVAILABLE
mixed,none,cnn(7|3),sequence_h3k4me3_rrbs,h3k4me3,sequence_rrbs,0.08460235811837462,0.06956055350819686,-0.015041804610177772,0.00129604628462969,4,ok,CI_UNAVAILABLE
mixed,none,cnn(7|3),sequence_ctcf_dnase_h3k4me3,h3k4me3,sequence_ctcf_dnase,0.08114929051669137,0.07039954019160317,-0.010749750325088198,0.0009189448904534311,4,ok,CI_UNAVAILABLE
mixed,none,cnn(7|3),sequence_ctcf_dnase_rrbs,rrbs,sequence_ctcf_dnase,0.07936556034090265,0.07039954019160317,-0.00896602014929947,0.0007692463681130829,4,ok,CI_UNAVAILABLE
mixed,none,cnn(7|3),sequence_ctcf_dnase_h3k4me3,dnase,sequence_ctcf_h3k4me3,0.08114929051669137,0.07748625479614907,-0.0036630357205423014,0.0002937980352630751,4,ok,CI_UNAVAILABLE
mixed,none,cnn(7|3),sequence_ctcf_h3k4me3_rrbs,rrbs,sequence_ctcf_h3k4me3,0.07840355327709597,0.07748625479614907,-0.0009172984809469008,6.69598275711697e-05,4,ok,CI_UNAVAILABLE
mixed,none,cnn(7|3),sequence_ctcf_dnase_rrbs,dnase,sequence_ctcf_rrbs,0.07936556034090265,0.0775484076887494,-0.001817152652153247,0.00014195778608887266,4,ok,CI_UNAVAILABLE
mixed,none,cnn(7|3),sequence_ctcf_h3k4me3_rrbs,h3k4me3,sequence_ctcf_rrbs,0.07840355327709597,0.0775484076887494,-0.0008551455883465744,6.481810073731553e-05,4,ok,CI_UNAVAILABLE
mixed,none,cnn(7|3),sequence_ctcf_dnase_h3k4me3,ctcf,sequence_dnase_h3k4me3,0.08114929051669137,0.07480384080582325,-0.006345449710868126,0.0005269085931303569,4,ok,CI_UNAVAILABLE
mixed,none,cnn(7|3),sequence_dnase_h3k4me3_rrbs,rrbs,sequence_dnase_h3k4me3,0.07441969800750285,0.07480384080582325,0.0003841427983203947,-3.8593947540313533e-05,4,ok,CI_UNAVAILABLE
mixed,none,cnn(7|3),sequence_ctcf_dnase_rrbs,ctcf,sequence_dnase_rrbs,0.07936556034090265,0.0784877809352389,-0.0008777794056637495,7.60801569415076e-05,4,ok,CI_UNAVAILABLE
mixed,none,cnn(7|3),sequence_dnase_h3k4me3_rrbs,h3k4me3,sequence_dnase_rrbs,0.07441969800750285,0.0784877809352389,0.004068082927736043,-0.00033972386138881455,4,ok,CI_UNAVAILABLE
mixed,none,cnn(7|3),sequence_ctcf_h3k4me3_rrbs,ctcf,sequence_h3k4me3_rrbs,0.07840355327709597,0.08460235811837462,0.00619880484127865,-0.0005189092543520513,4,ok,CI_UNAVAILABLE
mixed,none,cnn(7|3),sequence_dnase_h3k4me3_rrbs,dnase,sequence_h3k4me3_rrbs,0.07441969800750285,0.08460235811837462,0.01018266011087177,-0.0008575735873308163,4,ok,CI_UNAVAILABLE
mixed,none,cnn(7|3),all,rrbs,sequence_ctcf_dnase_h3k4me3,0.08434826023556531,0.08114929051669137,-0.003198969718873925,0.00027434562784279387,4,ok,CI_UNAVAILABLE
mixed,none,cnn(7|3),all,h3k4me3,sequence_ctcf_dnase_rrbs,0.08434826023556531,0.07936556034090265,-0.004982699894662653,0.0004240441501831421,4,ok,CI_UNAVAILABLE
mixed,none,cnn(7|3),all,dnase,sequence_ctcf_h3k4me3_rrbs,0.08434826023556531,0.07840355327709597,-0.005944706958469326,0.0005011838355346993,4,ok,CI_UNAVAILABLE
mixed,none,cnn(7|3),all,ctcf,sequence_dnase_h3k4me3_rrbs,0.08434826023556531,0.07441969800750285,-0.009928562228062446,0.0008398481685134643,4,ok,CI_UNAVAILABLE
mixed,none,linear,sequence_ctcf,ctcf,sequence,0.07533994538434668,0.07665283404818166,0.0013128886638349747,-0.00011402808445650642,4,ok,CI_UNAVAILABLE
mixed,none,linear,sequence_dnase,dnase,sequence,0.0719508384758845,0.07121209781445603,-0.0007387406614284692,6.434431309486806e-05,3,ok,INVALID_EXPERIMENTS_EXCLUDED;CI_UNAVAILABLE
mixed,none,linear,sequence_h3k4me3,h3k4me3,sequence,0.07462796120695185,0.07665283404818166,0.0020248728412298,-0.0001733222289034067,4,ok,CI_UNAVAILABLE
mixed,none,linear,sequence_rrbs,rrbs,sequence,0.07550575445408036,0.07665283404818166,0.0011470795941012774,-9.97437978111082e-05,4,ok,CI_UNAVAILABLE
mixed,none,linear,sequence_ctcf_dnase,dnase,sequence_ctcf,0.075622457047633,0.07533994538434668,-0.00028251166328632435,2.492735854119771e-05,4,ok,CI_UNAVAILABLE
mixed,none,linear,sequence_ctcf_h3k4me3,h3k4me3,sequence_ctcf,0.0735128453901913,0.07533994538434668,0.0018270999941553713,-0.00015636291472616998,4,ok,CI_UNAVAILABLE
mixed,none,linear,sequence_ctcf_rrbs,rrbs,sequence_ctcf,0.07419880278212543,0.07533994538434668,0.0011411426022212515,-9.938410764674666e-05,4,ok,CI_UNAVAILABLE
mixed,none,linear,sequence_ctcf_dnase,ctcf,sequence_dnase,0.06988280110179963,0.0719508384758845,0.002068037374084869,-0.0001793315797676461,3,ok,INVALID_EXPERIMENTS_EXCLUDED;CI_UNAVAILABLE
mixed,none,linear,sequence_dnase_h3k4me3,h3k4me3,sequence_dnase,0.07070972718751313,0.0719508384758845,0.001241111288371367,-0.00010619879735154769,3,ok,INVALID_EXPERIMENTS_EXCLUDED;CI_UNAVAILABLE
mixed,none,linear,sequence_dnase_rrbs,rrbs,sequence_dnase,0.07152613047264017,0.0719508384758845,0.00042470800324433355,-3.856103805345105e-05,3,ok,INVALID_EXPERIMENTS_EXCLUDED;CI_UNAVAILABLE
mixed,none,linear,sequence_ctcf_h3k4me3,ctcf,sequence_h3k4me3,0.0735128453901913,0.07462796120695185,0.0011151158167605462,-9.706877027926969e-05,4,ok,CI_UNAVAILABLE
mixed,none,linear,sequence_dnase_h3k4me3,dnase,sequence_h3k4me3,0.07070972718751313,0.07001243533937607,-0.0006972918481370702,6.094332798993e-05,3,ok,INVALID_EXPERIMENTS_EXCLUDED;CI_UNAVAILABLE
mixed,none,linear,sequence_h3k4me3_rrbs,rrbs,sequence_h3k4me3,0.0734063513953516,0.07462796120695185,0.001221609811600249,-0.00010602312406462339,4,ok,CI_UNAVAILABLE
mixed,none,linear,sequence_ctcf_rrbs,ctcf,sequence_rrbs,0.07419880278212543,0.07550575445408036,0.001306951671954949,-0.00011366839429214487,4,ok,CI_UNAVAILABLE
mixed,none,linear,sequence_dnase_rrbs,dnase,sequence_rrbs,0.07152613047264017,0.07078441886561826,-0.000741711607021904,6.451846898516041e-05,3,ok,INVALID_EXPERIMENTS_EXCLUDED;CI_UNAVAILABLE
mixed,none,linear,sequence_h3k4me3_rrbs,h3k4me3,sequence_rrbs,0.0734063513953516,0.07550575445408036,0.0020994030587287715,-0.0001796015551569219,4,ok,CI_UNAVAILABLE
mixed,none,linear,sequence_ctcf_dnase_h3k4me3,h3k4me3,sequence_ctcf_dnase,0.07377728591933035,0.075622457047633,0.0018451711283026494,-0.00015780504539510132,4,ok,CI_UNAVAILABLE
mixed,none,linear,sequence_ctcf_dnase_rrbs,rrbs,sequence_ctcf_dnase,0.069408184423651,0.06988280110179963,0.0004746166781486316,-4.29442565396306e-05,3,ok,INVALID_EXPERIMENTS_EXCLUDED;CI_UNAVAILABLE
mixed,none,linear,sequence_ctcf_dnase_h3k4me3,dnase,sequence_ctcf_h3k4me3,0.07377728591933035,0.0735128453901913,-0.0002644405291390463,2.3485227872266368e-05,4,ok,CI_UNAVAILABLE
mixed,none,linear,sequence_ctcf_h3k4me3_rrbs,rrbs,sequence_ctcf_h3k4me3,0.07232505944135585,0.0735128453901913,0.0011877859488354531,-0.00010324262135845419,4,ok,CI_UNAVAILABLE
mixed,none,linear,sequence_ctcf_dnase_rrbs,dnase,sequence_ctcf_rrbs,0.069408184423651,0.06884015106253379,-0.0005680333611172034,4.9601379007400505e-05,3,ok,INVALID_EXPERIMENTS_EXCLUDED;CI_UNAVAILABLE
mixed,none,linear,sequence_ctcf_h3k4me3_rrbs,h3k4me3,sequence_ctcf_rrbs,0.07232505944135585,0.07419880278212543,0.001873743340769573,-0.0001602214284378775,4,ok,CI_UNAVAILABLE
mixed,none,linear,sequence_ctcf_dnase_h3k4me3,ctcf,sequence_dnase_h3k4me3,0.06881682681560826,0.07070972718751313,0.001892900371904871,-0.00016429743801750032,3,ok,INVALID_EXPERIMENTS_EXCLUDED;CI_UNAVAILABLE
mixed,none,linear,sequence_dnase_h3k4me3_rrbs,rrbs,sequence_dnase_h3k4me3,0.07022117414621017,0.07070972718751313,0.000488553041302966,-4.404214290119427e-05,3,ok,INVALID_EXPERIMENTS_EXCLUDED;CI_UNAVAILABLE
mixed,none,linear,sequence_ctcf_dnase_rrbs,ctcf,sequence_dnase_rrbs,0.069408184423651,0.07152613047264017,0.002117946048989167,-0.00018371479825382564,3,ok,INVALID_EXPERIMENTS_EXCLUDED;CI_UNAVAILABLE
mixed,none,linear,sequence_dnase_h3k4me3_rrbs,h3k4me3,sequence_dnase_rrbs,0.07022117414621017,0.07152613047264017,0.0013049563264299995,-0.00011167990219929091,3,ok,INVALID_EXPERIMENTS_EXCLUDED;CI_UNAVAILABLE
mixed,none,linear,sequence_ctcf_h3k4me3_rrbs,ctcf,sequence_h3k4me3_rrbs,0.07232505944135585,0.0734063513953516,0.0010812919539957503,-9.428826757310049e-05,4,ok,CI_UNAVAILABLE
mixed,none,linear,sequence_dnase_h3k4me3_rrbs,dnase,sequence_h3k4me3_rrbs,0.07022117414621017,0.06948431009885743,-0.0007368640473527343,6.433282668919886e-05,3,ok,INVALID_EXPERIMENTS_EXCLUDED;CI_UNAVAILABLE
mixed,none,linear,all,rrbs,sequence_ctcf_dnase_h3k4me3,0.06827985591028923,0.06881682681560826,0.0005369709053190258,-4.8309854452486624e-05,3,ok,INVALID_EXPERIMENTS_EXCLUDED;CI_UNAVAILABLE
mixed,none,linear,all,h3k4me3,sequence_ctcf_dnase_rrbs,0.06827985591028923,0.069408184423651,0.001128328513361763,-9.653025351425797e-05,3,ok,INVALID_EXPERIMENTS_EXCLUDED;CI_UNAVAILABLE
mixed,none,linear,all,dnase,sequence_ctcf_h3k4me3_rrbs,0.06827985591028923,0.06775579054086496,-0.0005240653694242708,4.594421962140586e-05,3,ok,INVALID_EXPERIMENTS_EXCLUDED;CI_UNAVAILABLE
mixed,none,linear,all,ctcf,sequence_dnase_h3k4me3_rrbs,0.06827985591028923,0.07022117414621017,0.0019413182359209306,-0.00016856514956879268,3,ok,INVALID_EXPERIMENTS_EXCLUDED;CI_UNAVAILABLE
mixed,none,mlp,sequence_ctcf,ctcf,sequence,0.07323673156865673,0.07117013110556619,-0.0020666004630905278,0.00017430079442690843,4,ok,CI_UNAVAILABLE
mixed,none,mlp,sequence_dnase,dnase,sequence,0.06924796508193817,0.07117013110556619,0.0019221660236280191,-0.0001719599107686473,4,ok,CI_UNAVAILABLE
mixed,none,mlp,sequence_h3k4me3,h3k4me3,sequence,0.07178214001954446,0.07117013110556619,-0.0006120089139782531,4.8146146964404835e-05,4,ok,CI_UNAVAILABLE
mixed,none,mlp,sequence_rrbs,rrbs,sequence,0.07193215853521814,0.07117013110556619,-0.0007620274296519514,6.385007871113207e-05,4,ok,CI_UNAVAILABLE
mixed,none,mlp,sequence_ctcf_dnase,dnase,sequence_ctcf,0.07400777720490437,0.07323673156865673,-0.0007710456362476498,5.625873442301893e-05,4,ok,CI_UNAVAILABLE
mixed,none,mlp,sequence_ctcf_h3k4me3,h3k4me3,sequence_ctcf,0.07343739192905845,0.07323673156865673,-0.0002006603604017207,1.2874026158543606e-05,4,ok,CI_UNAVAILABLE
mixed,none,mlp,sequence_ctcf_rrbs,rrbs,sequence_ctcf,0.06581671691218906,0.07323673156865673,0.0074200146564676744,-0.000637015679898878,4,ok,CI_UNAVAILABLE
mixed,none,mlp,sequence_ctcf_dnase,ctcf,sequence_dnase,0.07400777720490437,0.06924796508193817,-0.004759812122966197,0.00040251943961857467,4,ok,CI_UNAVAILABLE
mixed,none,mlp,sequence_dnase_h3k4me3,h3k4me3,sequence_dnase,0.07514357399895367,0.06924796508193817,-0.005895608917015497,0.00050586212064576,4,ok,CI_UNAVAILABLE
mixed,none,mlp,sequence_dnase_rrbs,rrbs,sequence_dnase,0.07124243593143018,0.06924796508193817,-0.001994470849491994,0.00017230703768069539,4,ok,CI_UNAVAILABLE
mixed,none,mlp,sequence_ctcf_h3k4me3,ctcf,sequence_h3k4me3,0.07343739192905845,0.07178214001954446,-0.0016552519095139953,0.0001390286736210472,4,ok,CI_UNAVAILABLE
mixed,none,mlp,sequence_dnase_h3k4me3,dnase,sequence_h3k4me3,0.07514357399895367,0.07178214001954446,-0.0033614339794092243,0.0002857560629127079,4,ok,CI_UNAVAILABLE
mixed,none,mlp,sequence_h3k4me3_rrbs,rrbs,sequence_h3k4me3,0.0701202295944839,0.07178214001954446,0.00166191042506055,-0.00014388504323637613,4,ok,CI_UNAVAILABLE
mixed,none,mlp,sequence_ctcf_rrbs,ctcf,sequence_rrbs,0.06581671691218906,0.07193215853521814,0.006115441623029098,-0.0005265649641831016,4,ok,CI_UNAVAILABLE
mixed,none,mlp,sequence_dnase_rrbs,dnase,sequence_rrbs,0.07124243593143018,0.07193215853521814,0.0006897226037879765,-6.3502951799084e-05,4,ok,CI_UNAVAILABLE
mixed,none,mlp,sequence_h3k4me3_rrbs,h3k4me3,sequence_rrbs,0.0701202295944839,0.07193215853521814,0.0018119289407342483,-0.00015958897498310337,4,ok,CI_UNAVAILABLE
mixed,none,mlp,sequence_ctcf_dnase_h3k4me3,h3k4me3,sequence_ctcf_dnase,0.07488609197159578,0.07400777720490437,-0.0008783147666913994,8.536957898388348e-05,4,ok,CI_UNAVAILABLE
mixed,none,mlp,sequence_ctcf_dnase_rrbs,rrbs,sequence_ctcf_dnase,0.0748021875801953,0.07400777720490437,-0.0007944103752909239,7.246893862514897e-05,4,ok,CI_UNAVAILABLE
mixed,none,mlp,sequence_ctcf_dnase_h3k4me3,dnase,sequence_ctcf_h3k4me3,0.07488609197159578,0.07343739192905845,-0.0014487000425373285,0.0001287542872483588,4,ok,CI_UNAVAILABLE
mixed,none,mlp,sequence_ctcf_h3k4me3_rrbs,rrbs,sequence_ctcf_h3k4me3,0.07074398954064713,0.07343739192905845,0.0026934023884113197,-0.0002371555754620211,4,ok,CI_UNAVAILABLE
mixed,none,mlp,sequence_ctcf_dnase_rrbs,dnase,sequence_ctcf_rrbs,0.0748021875801953,0.06581671691218906,-0.008985470668006248,0.0007657433529470459,4,ok,CI_UNAVAILABLE
mixed,none,mlp,sequence_ctcf_h3k4me3_rrbs,h3k4me3,sequence_ctcf_rrbs,0.07074398954064713,0.06581671691218906,-0.004927272628458075,0.0004127341305954005,4,ok,CI_UNAVAILABLE
mixed,none,mlp,sequence_ctcf_dnase_h3k4me3,ctcf,sequence_dnase_h3k4me3,0.07488609197159578,0.07514357399895367,0.0002574820273579005,-1.797310204330188e-05,4,ok,CI_UNAVAILABLE
mixed,none,mlp,sequence_dnase_h3k4me3_rrbs,rrbs,sequence_dnase_h3k4me3,0.07695610899141188,0.07514357399895367,-0.0018125349924581948,0.00015103332909587042,4,ok,CI_UNAVAILABLE
mixed,none,mlp,sequence_ctcf_dnase_rrbs,ctcf,sequence_dnase_rrbs,0.0748021875801953,0.07124243593143018,-0.0035597516487651266,0.00030268134056302826,4,ok,CI_UNAVAILABLE
mixed,none,mlp,sequence_dnase_h3k4me3_rrbs,h3k4me3,sequence_dnase_rrbs,0.07695610899141188,0.07124243593143018,-0.005713673059981697,0.00048458841206093506,4,ok,CI_UNAVAILABLE
mixed,none,mlp,sequence_ctcf_h3k4me3_rrbs,ctcf,sequence_h3k4me3_rrbs,0.07074398954064713,0.0701202295944839,-0.0006237599461632257,4.575814139540224e-05,4,ok,CI_UNAVAILABLE
mixed,none,mlp,sequence_dnase_h3k4me3_rrbs,dnase,sequence_h3k4me3_rrbs,0.07695610899141188,0.0701202295944839,-0.006835879396927969,0.0005806744352449544,4,ok,CI_UNAVAILABLE
mixed,none,mlp,all,rrbs,sequence_ctcf_dnase_h3k4me3,0.07497667421988198,0.07488609197159578,-9.058224828620114e-05,5.081349938144963e-06,4,ok,CI_UNAVAILABLE
mixed,none,mlp,all,h3k4me3,sequence_ctcf_dnase_rrbs,0.07497667421988198,0.0748021875801953,-0.00017448663968667663,1.798199029687947e-05,4,ok,CI_UNAVAILABLE
mixed,none,mlp,all,dnase,sequence_ctcf_h3k4me3_rrbs,0.07497667421988198,0.07074398954064713,-0.004232684679234849,0.00037099121264852486,4,ok,CI_UNAVAILABLE
mixed,none,mlp,all,ctcf,sequence_dnase_h3k4me3_rrbs,0.07497667421988198,0.07695610899141188,0.001979434771529894,-0.00016392508120102733,4,ok,CI_UNAVAILABLE
mixed,none,transformer,sequence_ctcf,ctcf,sequence,0.07413198137341587,0.07823754200488645,0.004105560631470575,-0.0003570598091302349,4,ok,CI_UNAVAILABLE
mixed,none,transformer,sequence_dnase,dnase,sequence,0.07921422910496423,0.07823754200488645,-0.0009766871000777763,8.681535959899345e-05,4,ok,CI_UNAVAILABLE
mixed,none,transformer,sequence_h3k4me3,h3k4me3,sequence,0.07261647813191593,0.07823754200488645,0.005621063872970525,-0.00048588259774343806,4,ok,CI_UNAVAILABLE
mixed,none,transformer,sequence_rrbs,rrbs,sequence,0.07552520181553883,0.07823754200488645,0.002712340189347625,-0.00024309829693618112,4,ok,CI_UNAVAILABLE
mixed,none,transformer,sequence_ctcf_dnase,dnase,sequence_ctcf,0.07152785266961557,0.07413198137341587,0.0026041287038002982,-0.00023327391234702344,4,ok,CI_UNAVAILABLE
mixed,none,transformer,sequence_ctcf_h3k4me3,h3k4me3,sequence_ctcf,0.07474061434453633,0.07413198137341587,-0.000608632971120451,4.7507737088871294e-05,4,ok,CI_UNAVAILABLE
mixed,none,transformer,sequence_ctcf_rrbs,rrbs,sequence_ctcf,0.06842955243320663,0.07413198137341587,0.0057024289402092514,-0.000500613515723343,4,ok,CI_UNAVAILABLE
mixed,none,transformer,sequence_ctcf_dnase,ctcf,sequence_dnase,0.07152785266961557,0.07921422910496423,0.0076863764353486495,-0.0006771490810762518,4,ok,CI_UNAVAILABLE
mixed,none,transformer,sequence_dnase_h3k4me3,h3k4me3,sequence_dnase,0.08041641764721308,0.07921422910496423,-0.0012021885422488464,9.721522830020285e-05,4,ok,CI_UNAVAILABLE
mixed,none,transformer,sequence_dnase_rrbs,rrbs,sequence_dnase,0.0755521502094205,0.07921422910496423,0.003662078895543727,-0.0003050512683593076,4,ok,CI_UNAVAILABLE
mixed,none,transformer,sequence_ctcf_h3k4me3,ctcf,sequence_h3k4me3,0.07474061434453633,0.07261647813191593,-0.002124136212620401,0.00017633052570207447,4,ok,CI_UNAVAILABLE
mixed,none,transformer,sequence_dnase_h3k4me3,dnase,sequence_h3k4me3,0.08041641764721308,0.07261647813191593,-0.0077999395152971475,0.0006699131856426344,4,ok,CI_UNAVAILABLE
mixed,none,transformer,sequence_h3k4me3_rrbs,rrbs,sequence_h3k4me3,0.0743097374604096,0.07261647813191593,-0.0016932593284936723,0.00015304552300375585,4,ok,CI_UNAVAILABLE
mixed,none,transformer,sequence_ctcf_rrbs,ctcf,sequence_rrbs,0.06842955243320663,0.07552520181553883,0.007095649382332201,-0.0006145750279173967,4,ok,CI_UNAVAILABLE
mixed,none,transformer,sequence_dnase_rrbs,dnase,sequence_rrbs,0.0755521502094205,0.07552520181553883,-2.69483938816744e-05,2.4862388175866945e-05,4,ok,CI_UNAVAILABLE
mixed,none,transformer,sequence_h3k4me3_rrbs,h3k4me3,sequence_rrbs,0.0743097374604096,0.07552520181553883,0.0012154643551292275,-8.973877780350109e-05,4,ok,CI_UNAVAILABLE
mixed,none,transformer,sequence_ctcf_dnase_h3k4me3,h3k4me3,sequence_ctcf_dnase,0.07880865145430765,0.07152785266961557,-0.007280798784692075,0.0006305981291249707,4,ok,CI_UNAVAILABLE
mixed,none,transformer,sequence_ctcf_dnase_rrbs,rrbs,sequence_ctcf_dnase,0.07392911903115187,0.07152785266961557,-0.0024012663615362983,0.00021555578710092532,4,ok,CI_UNAVAILABLE
mixed,none,transformer,sequence_ctcf_dnase_h3k4me3,dnase,sequence_ctcf_h3k4me3,0.07880865145430765,0.07474061434453633,-0.004068037109771326,0.000349816479689076,4,ok,CI_UNAVAILABLE
mixed,none,transformer,sequence_ctcf_h3k4me3_rrbs,rrbs,sequence_ctcf_h3k4me3,0.07584736805231584,0.07474061434453633,-0.0011067537077795262,9.804999966406269e-05,4,ok,CI_UNAVAILABLE
mixed,none,transformer,sequence_ctcf_dnase_rrbs,dnase,sequence_ctcf_rrbs,0.07392911903115187,0.06842955243320663,-0.0054995665979452515,0.00048289539047724483,4,ok,CI_UNAVAILABLE
mixed,none,transformer,sequence_ctcf_h3k4me3_rrbs,h3k4me3,sequence_ctcf_rrbs,0.07584736805231584,0.06842955243320663,-0.007417815619109229,0.0006461712524762769,4,ok,CI_UNAVAILABLE
mixed,none,transformer,sequence_ctcf_dnase_h3k4me3,ctcf,sequence_dnase_h3k4me3,0.07880865145430765,0.08041641764721308,0.0016077661929054209,-0.0001437661802514839,4,ok,CI_UNAVAILABLE
mixed,none,transformer,sequence_dnase_h3k4me3_rrbs,rrbs,sequence_dnase_h3k4me3,0.07630235885378762,0.08041641764721308,0.004114058793425447,-0.000351401702144552,4,ok,CI_UNAVAILABLE
mixed,none,transformer,sequence_ctcf_dnase_rrbs,ctcf,sequence_dnase_rrbs,0.07392911903115187,0.0755521502094205,0.0016230311782686243,-0.00015654202561601882,4,ok,CI_UNAVAILABLE
mixed,none,transformer,sequence_dnase_h3k4me3_rrbs,h3k4me3,sequence_dnase_rrbs,0.07630235885378762,0.0755521502094205,-0.0007502086443671261,5.0864794514958456e-05,4,ok,CI_UNAVAILABLE
mixed,none,transformer,sequence_ctcf_h3k4me3_rrbs,ctcf,sequence_h3k4me3_rrbs,0.07584736805231584,0.0743097374604096,-0.0015376305919062548,0.00012133500236238132,4,ok,CI_UNAVAILABLE
mixed,none,transformer,sequence_dnase_h3k4me3_rrbs,dnase,sequence_h3k4me3_rrbs,0.07630235885378762,0.0743097374604096,-0.001992621393378028,0.0001654659604943265,4,ok,CI_UNAVAILABLE
mixed,none,transformer,all,rrbs,sequence_ctcf_dnase_h3k4me3,0.07031107531824479,0.07880865145430765,0.008497576136062853,-0.0007302129021934944,4,ok,CI_UNAVAILABLE
mixed,none,transformer,all,h3k4me3,sequence_ctcf_dnase_rrbs,0.07031107531824479,0.07392911903115187,0.0036180437129070767,-0.00031517056016944905,4,ok,CI_UNAVAILABLE
mixed,none,transformer,all,dnase,sequence_ctcf_h3k4me3_rrbs,0.07031107531824479,0.07584736805231584,0.005536292734071054,-0.00047844642216848116,4,ok,CI_UNAVAILABLE
mixed,none,transformer,all,ctcf,sequence_dnase_h3k4me3_rrbs,0.07031107531824479,0.07630235885378762,0.005991283535542827,-0.0005225773803004263,4,ok,CI_UNAVAILABLE
mixed,none,xgboost,sequence_ctcf,ctcf,sequence,0.09596313266213341,0.0965910309950518,0.000627898332918396,-5.386497294532222e-05,4,ok,CI_UNAVAILABLE
mixed,none,xgboost,sequence_dnase,dnase,sequence,0.09271164496450225,0.0965910309950518,0.003879386030549551,-0.0003323733508247273,4,ok,CI_UNAVAILABLE
mixed,none,xgboost,sequence_h3k4me3,h3k4me3,sequence,0.09323660788733797,0.0965910309950518,0.0033544231077138296,-0.00029016814446170686,4,ok,CI_UNAVAILABLE
mixed,none,xgboost,sequence_rrbs,rrbs,sequence,0.09541151566523755,0.0965910309950518,0.0011795153298142513,-9.91840216486295e-05,4,ok,CI_UNAVAILABLE
mixed,none,xgboost,sequence_ctcf_dnase,dnase,sequence_ctcf,0.09549231794143057,0.09596313266213341,0.0004708147207028307,-4.155716053257791e-05,4,ok,CI_UNAVAILABLE
mixed,none,xgboost,sequence_ctcf_h3k4me3,h3k4me3,sequence_ctcf,0.09316443001724187,0.09596313266213341,0.002798702644891529,-0.0002413040760548546,4,ok,CI_UNAVAILABLE
mixed,none,xgboost,sequence_ctcf_rrbs,rrbs,sequence_ctcf,0.09535200040869275,0.09596313266213341,0.0006111322534406542,-5.180330171158237e-05,4,ok,CI_UNAVAILABLE
mixed,none,xgboost,sequence_ctcf_dnase,ctcf,sequence_dnase,0.09549231794143057,0.09271164496450225,-0.0027806729769283244,0.00023695121734682717,4,ok,CI_UNAVAILABLE
mixed,none,xgboost,sequence_dnase_h3k4me3,h3k4me3,sequence_dnase,0.09445304467774526,0.09271164496450225,-0.001741399713243004,0.00014853486318022052,4,ok,CI_UNAVAILABLE
mixed,none,xgboost,sequence_dnase_rrbs,rrbs,sequence_dnase,0.09492934961276024,0.09271164496450225,-0.0022177046482579794,0.0001928594454586735,4,ok,CI_UNAVAILABLE
mixed,none,xgboost,sequence_ctcf_h3k4me3,ctcf,sequence_h3k4me3,0.09316443001724187,0.09323660788733797,7.217787009609553e-05,-5.0009045384699635e-06,4,ok,CI_UNAVAILABLE
mixed,none,xgboost,sequence_dnase_h3k4me3,dnase,sequence_h3k4me3,0.09445304467774526,0.09323660788733797,-0.0012164367904072826,0.00010632965681720008,4,ok,CI_UNAVAILABLE
mixed,none,xgboost,sequence_h3k4me3_rrbs,rrbs,sequence_h3k4me3,0.09226914171499413,0.09323660788733797,0.0009674661723438477,-8.144693323886704e-05,4,ok,CI_UNAVAILABLE
mixed,none,xgboost,sequence_ctcf_rrbs,ctcf,sequence_rrbs,0.09535200040869275,0.09541151566523755,5.951525654479886e-05,-6.484253008275098e-06,4,ok,CI_UNAVAILABLE
mixed,none,xgboost,sequence_dnase_rrbs,dnase,sequence_rrbs,0.09492934961276024,0.09541151566523755,0.00048216605247732025,-4.03298837174243e-05,4,ok,CI_UNAVAILABLE
mixed,none,xgboost,sequence_h3k4me3_rrbs,h3k4me3,sequence_rrbs,0.09226914171499413,0.09541151566523755,0.003142373950243426,-0.0002724310560519444,4,ok,CI_UNAVAILABLE
mixed,none,xgboost,sequence_ctcf_dnase_h3k4me3,h3k4me3,sequence_ctcf_dnase,0.09680525473203277,0.09549231794143057,-0.0013129367906022059,0.0001164069834803036,4,ok,CI_UNAVAILABLE
mixed,none,xgboost,sequence_ctcf_dnase_rrbs,rrbs,sequence_ctcf_dnase,0.0968225496188351,0.09549231794143057,-0.0013302316774045295,0.00011134294812157469,4,ok,CI_UNAVAILABLE
mixed,none,xgboost,sequence_ctcf_dnase_h3k4me3,dnase,sequence_ctcf_h3k4me3,0.09680525473203277,0.09316443001724187,-0.0036408247147909044,0.0003161538990025803,4,ok,CI_UNAVAILABLE
mixed,none,xgboost,sequence_ctcf_h3k4me3_rrbs,rrbs,sequence_ctcf_h3k4me3,0.09585543778040423,0.09316443001724187,-0.0026910077631623515,0.0002305981421730427,4,ok,CI_UNAVAILABLE
mixed,none,xgboost,sequence_ctcf_dnase_rrbs,dnase,sequence_ctcf_rrbs,0.0968225496188351,0.09535200040869275,-0.001470549210142353,0.00012158908930057916,4,ok,CI_UNAVAILABLE
mixed,none,xgboost,sequence_ctcf_h3k4me3_rrbs,h3k4me3,sequence_ctcf_rrbs,0.09585543778040423,0.09535200040869275,-0.0005034373717114765,4.109736782977047e-05,4,ok,CI_UNAVAILABLE
mixed,none,xgboost,sequence_ctcf_dnase_h3k4me3,ctcf,sequence_dnase_h3k4me3,0.09680525473203277,0.09445304467774526,-0.0023522100542875263,0.00020482333764691024,4,ok,CI_UNAVAILABLE
mixed,none,xgboost,sequence_dnase_h3k4me3_rrbs,rrbs,sequence_dnase_h3k4me3,0.09342066417091147,0.09445304467774526,0.0010323805068337792,-9.133920090654418e-05,4,ok,CI_UNAVAILABLE
mixed,none,xgboost,sequence_ctcf_dnase_rrbs,ctcf,sequence_dnase_rrbs,0.0968225496188351,0.09492934961276024,-0.0018932000060748744,0.00015543472000972836,4,ok,CI_UNAVAILABLE
mixed,none,xgboost,sequence_dnase_h3k4me3_rrbs,h3k4me3,sequence_dnase_rrbs,0.09342066417091147,0.09492934961276024,0.0015086854418487547,-0.00013566378318499717,4,ok,CI_UNAVAILABLE
mixed,none,xgboost,sequence_ctcf_h3k4me3_rrbs,ctcf,sequence_h3k4me3_rrbs,0.09585543778040423,0.09226914171499413,-0.0035862960654101037,0.00030704417087343977,4,ok,CI_UNAVAILABLE
mixed,none,xgboost,sequence_dnase_h3k4me3_rrbs,dnase,sequence_h3k4me3_rrbs,0.09342066417091147,0.09226914171499413,-0.001151522455917351,9.643738914952293e-05,4,ok,CI_UNAVAILABLE
mixed,none,xgboost,all,rrbs,sequence_ctcf_dnase_h3k4me3,0.09574547446323983,0.09680525473203277,0.001059780268792932,-9.394377376435725e-05,4,ok,CI_UNAVAILABLE
mixed,none,xgboost,all,h3k4me3,sequence_ctcf_dnase_rrbs,0.09574547446323983,0.0968225496188351,0.0010770751555952557,-8.887973840562835e-05,4,ok,CI_UNAVAILABLE
mixed,none,xgboost,all,dnase,sequence_ctcf_h3k4me3_rrbs,0.09574547446323983,0.09585543778040423,0.00010996331716437921,-8.388016934819664e-06,4,ok,CI_UNAVAILABLE
mixed,none,xgboost,all,ctcf,sequence_dnase_h3k4me3_rrbs,0.09574547446323983,0.09342066417091147,-0.0023248102923283734,0.00020221876478909717,4,ok,CI_UNAVAILABLE
single,hct116,cnn(3|3),sequence_ctcf,ctcf,sequence,0.0939106661358808,0.0795277869308057,-0.014382879205075097,0.0013566338202272987,1,ok,CI_UNAVAILABLE
single,hct116,cnn(3|3),sequence_dnase,dnase,sequence,0.0625502362549341,0.0795277869308057,0.016977550675871603,-0.0015878023063765068,1,ok,CI_UNAVAILABLE
single,hct116,cnn(3|3),sequence_h3k4me3,h3k4me3,sequence,0.0701615079221368,0.0795277869308057,0.009366279008668904,-0.0008777619419428895,1,ok,CI_UNAVAILABLE
single,hct116,cnn(3|3),sequence_rrbs,rrbs,sequence,0.0742830421675706,0.0795277869308057,0.005244744763235096,-0.0004920591275708874,1,ok,CI_UNAVAILABLE
single,hct116,cnn(3|3),sequence_ctcf_dnase,dnase,sequence_ctcf,0.0680181854063821,0.0939106661358808,0.025892480729498693,-0.0024346350594950106,1,ok,CI_UNAVAILABLE
single,hct116,cnn(3|3),sequence_ctcf_h3k4me3,h3k4me3,sequence_ctcf,0.0581324992642784,0.0939106661358808,0.035778166871602395,-0.0033552363779635885,1,ok,CI_UNAVAILABLE
single,hct116,cnn(3|3),sequence_ctcf_rrbs,rrbs,sequence_ctcf,0.0835622614381795,0.0939106661358808,0.010348404697701291,-0.0009771669199022948,1,ok,CI_UNAVAILABLE
single,hct116,cnn(3|3),sequence_ctcf_dnase,ctcf,sequence_dnase,0.0680181854063821,0.0625502362549341,-0.005467949151448007,0.0005098010671087949,1,ok,CI_UNAVAILABLE
single,hct116,cnn(3|3),sequence_dnase_h3k4me3,h3k4me3,sequence_dnase,0.0506778228974361,0.0625502362549341,0.011872413357497995,-0.0011018235475744875,1,ok,CI_UNAVAILABLE
single,hct116,cnn(3|3),sequence_dnase_rrbs,rrbs,sequence_dnase,0.0749711974771815,0.0625502362549341,-0.01242096122224741,0.0011602259490306188,1,ok,CI_UNAVAILABLE
single,hct116,cnn(3|3),sequence_ctcf_h3k4me3,ctcf,sequence_h3k4me3,0.0581324992642784,0.0701615079221368,0.012029008657858394,-0.0011208406157934003,1,ok,CI_UNAVAILABLE
single,hct116,cnn(3|3),sequence_dnase_h3k4me3,dnase,sequence_h3k4me3,0.0506778228974361,0.0701615079221368,0.019483685024700693,-0.0018118639120081048,1,ok,CI_UNAVAILABLE
single,hct116,cnn(3|3),sequence_h3k4me3_rrbs,rrbs,sequence_h3k4me3,0.0789239478337822,0.0701615079221368,-0.008762439911645409,0.0008210388001346769,1,ok,CI_UNAVAILABLE
single,hct116,cnn(3|3),sequence_ctcf_rrbs,ctcf,sequence_rrbs,0.0835622614381795,0.0742830421675706,-0.009279219270608902,0.0008715260278958914,1,ok,CI_UNAVAILABLE
single,hct116,cnn(3|3),sequence_dnase_rrbs,dnase,sequence_rrbs,0.0749711974771815,0.0742830421675706,-0.0006881553096109022,6.448277022499949e-05,1,ok,CI_UNAVAILABLE
single,hct116,cnn(3|3),sequence_h3k4me3_rrbs,h3k4me3,sequence_rrbs,0.0789239478337822,0.0742830421675706,-0.0046409056662116005,0.00043533598576267485,1,ok,CI_UNAVAILABLE
single,hct116,cnn(3|3),sequence_ctcf_dnase_h3k4me3,h3k4me3,sequence_ctcf_dnase,0.0656107183226769,0.0680181854063821,0.002407467083705206,-0.0002246425622263737,1,ok,CI_UNAVAILABLE
single,hct116,cnn(3|3),sequence_ctcf_dnase_rrbs,rrbs,sequence_ctcf_dnase,0.0802738691087292,0.0680181854063821,-0.0122556837023471,0.0011481120441331205,1,ok,CI_UNAVAILABLE
single,hct116,cnn(3|3),sequence_ctcf_dnase_h3k4me3,dnase,sequence_ctcf_h3k4me3,0.0656107183226769,0.0581324992642784,-0.007478219058398496,0.0006959587562422043,1,ok,CI_UNAVAILABLE
single,hct116,cnn(3|3),sequence_ctcf_h3k4me3_rrbs,rrbs,sequence_ctcf_h3k4me3,0.068313839900628,0.0581324992642784,-0.010181340636349602,0.0009482090555939793,1,ok,CI_UNAVAILABLE
single,hct116,cnn(3|3),sequence_ctcf_dnase_rrbs,dnase,sequence_ctcf_rrbs,0.0802738691087292,0.0835622614381795,0.0032883923294503015,-0.0003093560954595953,1,ok,CI_UNAVAILABLE
single,hct116,cnn(3|3),sequence_ctcf_h3k4me3_rrbs,h3k4me3,sequence_ctcf_rrbs,0.068313839900628,0.0835622614381795,0.015248421537551501,-0.0014298604024673145,1,ok,CI_UNAVAILABLE
single,hct116,cnn(3|3),sequence_ctcf_dnase_h3k4me3,ctcf,sequence_dnase_h3k4me3,0.0656107183226769,0.0506778228974361,-0.014932895425240796,0.0013869820524569088,1,ok,CI_UNAVAILABLE
single,hct116,cnn(3|3),sequence_dnase_h3k4me3_rrbs,rrbs,sequence_dnase_h3k4me3,0.0600032694775997,0.0506778228974361,-0.009325446580163599,0.0008648661937379898,1,ok,CI_UNAVAILABLE
single,hct116,cnn(3|3),sequence_ctcf_dnase_rrbs,ctcf,sequence_dnase_rrbs,0.0802738691087292,0.0749711974771815,-0.005302671631547698,0.0004976871622112966,1,ok,CI_UNAVAILABLE
single,hct116,cnn(3|3),sequence_dnase_h3k4me3_rrbs,h3k4me3,sequence_dnase_rrbs,0.0600032694775997,0.0749711974771815,0.014967927999581805,-0.0013971833028671166,1,ok,CI_UNAVAILABLE
single,hct116,cnn(3|3),sequence_ctcf_h3k4me3_rrbs,ctcf,sequence_h3k4me3_rrbs,0.068313839900628,0.0789239478337822,0.0106101079331542,-0.000993670360334098,1,ok,CI_UNAVAILABLE
single,hct116,cnn(3|3),sequence_dnase_h3k4me3_rrbs,dnase,sequence_h3k4me3_rrbs,0.0600032694775997,0.0789239478337822,0.018920678356182503,-0.001768036518404792,1,ok,CI_UNAVAILABLE
single,hct116,cnn(3|3),all,rrbs,sequence_ctcf_dnase_h3k4me3,0.0747730788987529,0.0656107183226769,-0.009162360576076,0.0008565005217898991,1,ok,CI_UNAVAILABLE
single,hct116,cnn(3|3),all,h3k4me3,sequence_ctcf_dnase_rrbs,0.0747730788987529,0.0802738691087292,0.005500790209976306,-0.0005162540845695951,1,ok,CI_UNAVAILABLE
single,hct116,cnn(3|3),all,dnase,sequence_ctcf_h3k4me3_rrbs,0.0747730788987529,0.068313839900628,-0.006459238998124894,0.0006042502224381241,1,ok,CI_UNAVAILABLE
single,hct116,cnn(3|3),all,ctcf,sequence_dnase_h3k4me3_rrbs,0.0747730788987529,0.0600032694775997,-0.014769809421153197,0.001378616380508818,1,ok,CI_UNAVAILABLE
single,hct116,cnn(5|3),sequence_ctcf,ctcf,sequence,0.096684593432311,0.1135994252996981,0.016914831867387098,-0.001611799706058209,1,ok,CI_UNAVAILABLE
single,hct116,cnn(5|3),sequence_dnase,dnase,sequence,0.0954775046349295,0.1135994252996981,0.0181219206647686,-0.0017262429331729168,1,ok,CI_UNAVAILABLE
single,hct116,cnn(5|3),sequence_h3k4me3,h3k4me3,sequence,0.1013200107063211,0.1135994252996981,0.012279414593377003,-0.0011716068892609066,1,ok,CI_UNAVAILABLE
single,hct116,cnn(5|3),sequence_rrbs,rrbs,sequence,0.0967872123924874,0.1135994252996981,0.016812212907210702,-0.0016020669501048967,1,ok,CI_UNAVAILABLE
single,hct116,cnn(5|3),sequence_ctcf_dnase,dnase,sequence_ctcf,0.104595144118525,0.096684593432311,-0.00791055068621399,0.0007518938798667107,1,ok,CI_UNAVAILABLE
single,hct116,cnn(5|3),sequence_ctcf_h3k4me3,h3k4me3,sequence_ctcf,0.0939144057691991,0.096684593432311,0.002770187663111906,-0.00026252610838201074,1,ok,CI_UNAVAILABLE
single,hct116,cnn(5|3),sequence_ctcf_rrbs,rrbs,sequence_ctcf,0.1315347304204726,0.096684593432311,-0.034850136988161584,0.0033377292993355123,1,ok,CI_UNAVAILABLE
single,hct116,cnn(5|3),sequence_ctcf_dnase,ctcf,sequence_dnase,0.104595144118525,0.0954775046349295,-0.009117639483595494,0.0008663371069814185,1,ok,CI_UNAVAILABLE
single,hct116,cnn(5|3),sequence_dnase_h3k4me3,h3k4me3,sequence_dnase,0.1038231927405427,0.0954775046349295,-0.008345688105613203,0.000792817657183309,1,ok,CI_UNAVAILABLE
single,hct116,cnn(5|3),sequence_dnase_rrbs,rrbs,sequence_dnase,0.1176475864075637,0.0954775046349295,-0.0221700817726342,0.002114263794127602,1,ok,CI_UNAVAILABLE
single,hct116,cnn(5|3),sequence_ctcf_h3k4me3,ctcf,sequence_h3k4me3,0.0939144057691991,0.1013200107063211,0.007405604937122001,-0.0007027189251793131,1,ok,CI_UNAVAILABLE
single,hct116,cnn(5|3),sequence_dnase_h3k4me3,dnase,sequence_h3k4me3,0.1038231927405427,0.1013200107063211,-0.0025031820342216043,0.00023818161327129883,1,ok,CI_UNAVAILABLE
single,hct116,cnn(5|3),sequence_h3k4me3_rrbs,rrbs,sequence_h3k4me3,0.0670985215819028,0.1013200107063211,0.0342214891244183,-0.0032235568437974926,1,ok,CI_UNAVAILABLE
single,hct116,cnn(5|3),sequence_ctcf_rrbs,ctcf,sequence_rrbs,0.1315347304204726,0.0967872123924874,-0.03474751802798519,0.0033279965433822,1,ok,CI_UNAVAILABLE
single,hct116,cnn(5|3),sequence_dnase_rrbs,dnase,sequence_rrbs,0.1176475864075637,0.0967872123924874,-0.020860374015076302,0.001990087811059582,1,ok,CI_UNAVAILABLE
single,hct116,cnn(5|3),sequence_h3k4me3_rrbs,h3k4me3,sequence_rrbs,0.0670985215819028,0.0967872123924874,0.029688690810584603,-0.0027930967829535025,1,ok,CI_UNAVAILABLE
single,hct116,cnn(5|3),sequence_ctcf_dnase_h3k4me3,h3k4me3,sequence_ctcf_dnase,0.1133626839669059,0.104595144118525,-0.008767539848380898,0.0008372413505095821,1,ok,CI_UNAVAILABLE
single,hct116,cnn(5|3),sequence_ctcf_dnase_rrbs,rrbs,sequence_ctcf_dnase,0.0965542797017682,0.104595144118525,0.00804086441675679,-0.0007642525119859189,1,ok,CI_UNAVAILABLE
single,hct116,cnn(5|3),sequence_ctcf_dnase_h3k4me3,dnase,sequence_ctcf_h3k4me3,0.1133626839669059,0.0939144057691991,-0.019448278197706795,0.0018516613387583036,1,ok,CI_UNAVAILABLE
single,hct116,cnn(5|3),sequence_ctcf_h3k4me3_rrbs,rrbs,sequence_ctcf_h3k4me3,0.0866262814423025,0.0939144057691991,0.0072881243268966,-0.0006887729221468908,1,ok,CI_UNAVAILABLE
single,hct116,cnn(5|3),sequence_ctcf_dnase_rrbs,dnase,sequence_ctcf_rrbs,0.0965542797017682,0.1315347304204726,0.034980450718704384,-0.0033500879314547205,1,ok,CI_UNAVAILABLE
single,hct116,cnn(5|3),sequence_ctcf_h3k4me3_rrbs,h3k4me3,sequence_ctcf_rrbs,0.0866262814423025,0.1315347304204726,0.04490844897817009,-0.004289028329864414,1,ok,CI_UNAVAILABLE
single,hct116,cnn(5|3),sequence_ctcf_dnase_h3k4me3,ctcf,sequence_dnase_h3k4me3,0.1133626839669059,0.1038231927405427,-0.00953949122636319,0.0009107608003076917,1,ok,CI_UNAVAILABLE
single,hct116,cnn(5|3),sequence_dnase_h3k4me3_rrbs,rrbs,sequence_dnase_h3k4me3,0.0972549149500698,0.1038231927405427,0.006568277790472907,-0.0006242760560093985,1,ok,CI_UNAVAILABLE
single,hct116,cnn(5|3),sequence_ctcf_dnase_rrbs,ctcf,sequence_dnase_rrbs,0.0965542797017682,0.1176475864075637,0.021093306705795498,-0.0020121791991321025,1,ok,CI_UNAVAILABLE
single,hct116,cnn(5|3),sequence_dnase_h3k4me3_rrbs,h3k4me3,sequence_dnase_rrbs,0.0972549149500698,0.1176475864075637,0.020392671457493905,-0.0019457221929536916,1,ok,CI_UNAVAILABLE
single,hct116,cnn(5|3),sequence_ctcf_h3k4me3_rrbs,ctcf,sequence_h3k4me3_rrbs,0.0866262814423025,0.0670985215819028,-0.0195277598603997,0.0018320649964712887,1,ok,CI_UNAVAILABLE
single,hct116,cnn(5|3),sequence_dnase_h3k4me3_rrbs,dnase,sequence_h3k4me3_rrbs,0.0972549149500698,0.0670985215819028,-0.030156393368167,0.002837462401059393,1,ok,CI_UNAVAILABLE
single,hct116,cnn(5|3),all,rrbs,sequence_ctcf_dnase_h3k4me3,0.0877688770367298,0.1133626839669059,0.0255938069301761,-0.0024326340097188814,1,ok,CI_UNAVAILABLE
single,hct116,cnn(5|3),all,h3k4me3,sequence_ctcf_dnase_rrbs,0.0877688770367298,0.0965542797017682,0.008785402665038411,-0.0008311401472233804,1,ok,CI_UNAVAILABLE
single,hct116,cnn(5|3),all,dnase,sequence_ctcf_h3k4me3_rrbs,0.0877688770367298,0.0866262814423025,-0.0011425955944272953,0.00010780025118631298,1,ok,CI_UNAVAILABLE
single,hct116,cnn(5|3),all,ctcf,sequence_dnase_h3k4me3_rrbs,0.0877688770367298,0.0972549149500698,0.009486037913340004,-0.0008975971534017912,1,ok,CI_UNAVAILABLE
single,hct116,cnn(7|3),sequence_ctcf,ctcf,sequence,0.1416692203885571,0.113058533152998,-0.028610687235559082,0.0027608441078317003,1,ok,CI_UNAVAILABLE
single,hct116,cnn(7|3),sequence_dnase,dnase,sequence,0.1517463138346477,0.113058533152998,-0.0386877806816497,0.003744184503535003,1,ok,CI_UNAVAILABLE
single,hct116,cnn(7|3),sequence_h3k4me3,h3k4me3,sequence,0.1268616457105033,0.113058533152998,-0.013803112557505284,0.001326309199870812,1,ok,CI_UNAVAILABLE
single,hct116,cnn(7|3),sequence_rrbs,rrbs,sequence,0.1067285139406228,0.113058533152998,0.006330019212375207,-0.0006047840541653915,1,ok,CI_UNAVAILABLE
single,hct116,cnn(7|3),sequence_ctcf_dnase,dnase,sequence_ctcf,0.1470877114528451,0.1416692203885571,-0.005418491064288017,0.0005280239852266944,1,ok,CI_UNAVAILABLE
single,hct116,cnn(7|3),sequence_ctcf_h3k4me3,h3k4me3,sequence_ctcf,0.1364987860664662,0.1416692203885571,0.005170434322090883,-0.0005022994753008936,1,ok,CI_UNAVAILABLE
single,hct116,cnn(7|3),sequence_ctcf_rrbs,rrbs,sequence_ctcf,0.1274267336314846,0.1416692203885571,0.014242486757072487,-0.0013800143396529019,1,ok,CI_UNAVAILABLE
single,hct116,cnn(7|3),sequence_ctcf_dnase,ctcf,sequence_dnase,0.1470877114528451,0.1517463138346477,0.004658602381802601,-0.0004553164104766083,1,ok,CI_UNAVAILABLE
single,hct116,cnn(7|3),sequence_dnase_h3k4me3,h3k4me3,sequence_dnase,0.1369791992836668,0.1517463138346477,0.014767114550980898,-0.0014390319762007109,1,ok,CI_UNAVAILABLE
single,hct116,cnn(7|3),sequence_dnase_rrbs,rrbs,sequence_dnase,0.1450582930242308,0.1517463138346477,0.006688020810416917,-0.0006532761629663986,1,ok,CI_UNAVAILABLE
single,hct116,cnn(7|3),sequence_ctcf_h3k4me3,ctcf,sequence_h3k4me3,0.1364987860664662,0.1268616457105033,-0.009637140355962914,0.0009322354326599946,1,ok,CI_UNAVAILABLE
single,hct116,cnn(7|3),sequence_dnase_h3k4me3,dnase,sequence_h3k4me3,0.1369791992836668,0.1268616457105033,-0.010117553573163518,0.00097884332746348,1,ok,CI_UNAVAILABLE
single,hct116,cnn(7|3),sequence_h3k4me3_rrbs,rrbs,sequence_h3k4me3,0.1314073156356818,0.1268616457105033,-0.004545669925178519,0.0004390746026586012,1,ok,CI_UNAVAILABLE
single,hct116,cnn(7|3),sequence_ctcf_rrbs,ctcf,sequence_rrbs,0.1274267336314846,0.1067285139406228,-0.020698219690861802,0.00198561382234419,1,ok,CI_UNAVAILABLE
single,hct116,cnn(7|3),sequence_dnase_rrbs,dnase,sequence_rrbs,0.1450582930242308,0.1067285139406228,-0.03832977908360799,0.003695692394733996,1,ok,CI_UNAVAILABLE
single,hct116,cnn(7|3),sequence_h3k4me3_rrbs,h3k4me3,sequence_rrbs,0.1314073156356818,0.1067285139406228,-0.02467880169505901,0.002370167856694805,1,ok,CI_UNAVAILABLE
single,hct116,cnn(7|3),sequence_ctcf_dnase_h3k4me3,h3k4me3,sequence_ctcf_dnase,0.1527673068757217,0.1470877114528451,-0.005679595422876604,0.0005552718066557938,1,ok,CI_UNAVAILABLE
single,hct116,cnn(7|3),sequence_ctcf_dnase_rrbs,rrbs,sequence_ctcf_dnase,0.1393387649680302,0.1470877114528451,0.007748946484814917,-0.0007546107641132893,1,ok,CI_UNAVAILABLE
single,hct116,cnn(7|3),sequence_ctcf_dnase_h3k4me3,dnase,sequence_ctcf_h3k4me3,0.1527673068757217,0.1364987860664662,-0.016268520809255504,0.0015855952671833817,1,ok,CI_UNAVAILABLE
single,hct116,cnn(7|3),sequence_ctcf_h3k4me3_rrbs,rrbs,sequence_ctcf_h3k4me3,0.1518995491942882,0.1364987860664662,-0.015400763127821987,0.0015006378011683807,1,ok,CI_UNAVAILABLE
single,hct116,cnn(7|3),sequence_ctcf_dnase_rrbs,dnase,sequence_ctcf_rrbs,0.1393387649680302,0.1274267336314846,-0.011912031336545587,0.001153427560766307,1,ok,CI_UNAVAILABLE
single,hct116,cnn(7|3),sequence_ctcf_h3k4me3_rrbs,h3k4me3,sequence_ctcf_rrbs,0.1518995491942882,0.1274267336314846,-0.02447281556280359,0.002378352665520389,1,ok,CI_UNAVAILABLE
single,hct116,cnn(7|3),sequence_ctcf_dnase_h3k4me3,ctcf,sequence_dnase_h3k4me3,0.1527673068757217,0.1369791992836668,-0.0157881075920549,0.0015389873723798964,1,ok,CI_UNAVAILABLE
single,hct116,cnn(7|3),sequence_dnase_h3k4me3_rrbs,rrbs,sequence_dnase_h3k4me3,0.1512743469745679,0.1369791992836668,-0.014295147690901094,0.0013928466699671127,1,ok,CI_UNAVAILABLE
single,hct116,cnn(7|3),sequence_ctcf_dnase_rrbs,ctcf,sequence_dnase_rrbs,0.1393387649680302,0.1450582930242308,0.005719528056200601,-0.0005566510116234991,1,ok,CI_UNAVAILABLE
single,hct116,cnn(7|3),sequence_dnase_h3k4me3_rrbs,h3k4me3,sequence_dnase_rrbs,0.1512743469745679,0.1450582930242308,-0.006216053950337114,0.0006070908567328004,1,ok,CI_UNAVAILABLE
single,hct116,cnn(7|3),sequence_ctcf_h3k4me3_rrbs,ctcf,sequence_h3k4me3_rrbs,0.1518995491942882,0.1314073156356818,-0.020492233558606382,0.001993798631169774,1,ok,CI_UNAVAILABLE
single,hct116,cnn(7|3),sequence_dnase_h3k4me3_rrbs,dnase,sequence_h3k4me3_rrbs,0.1512743469745679,0.1314073156356818,-0.019867031338886093,0.0019326153947719915,1,ok,CI_UNAVAILABLE
single,hct116,cnn(7|3),all,rrbs,sequence_ctcf_dnase_h3k4me3,0.143191777976027,0.1527673068757217,0.009575528899694707,-0.0009350935733087873,1,ok,CI_UNAVAILABLE
single,hct116,cnn(7|3),all,h3k4me3,sequence_ctcf_dnase_rrbs,0.143191777976027,0.1393387649680302,-0.003853013007996814,0.0003747889974602958,1,ok,CI_UNAVAILABLE
single,hct116,cnn(7|3),all,dnase,sequence_ctcf_h3k4me3_rrbs,0.143191777976027,0.1518995491942882,0.00870777121826119,-0.0008501361072937863,1,ok,CI_UNAVAILABLE
single,hct116,cnn(7|3),all,ctcf,sequence_dnase_h3k4me3_rrbs,0.143191777976027,0.1512743469745679,0.008082568998540901,-0.0007889528708960036,1,ok,CI_UNAVAILABLE
single,hct116,linear,sequence_ctcf,ctcf,sequence,0.1182679280182827,0.1320245676020137,0.013756639583730995,-0.0013257559456640033,1,ok,CI_UNAVAILABLE
single,hct116,linear,sequence_dnase,dnase,sequence,0.1324605581040019,0.1320245676020137,-0.0004359905019881982,4.2188439089096974e-05,1,ok,CI_UNAVAILABLE
single,hct116,linear,sequence_h3k4me3,h3k4me3,sequence,0.1291485088879427,0.1320245676020137,0.0028760587140710114,-0.0002780355404757018,1,ok,CI_UNAVAILABLE
single,hct116,linear,sequence_rrbs,rrbs,sequence,0.1299142374265061,0.1320245676020137,0.002110330175507602,-0.00020405561655020832,1,ok,CI_UNAVAILABLE
single,hct116,linear,sequence_ctcf_dnase,dnase,sequence_ctcf,0.1186658988957259,0.1182679280182827,-0.0003979708774431989,3.820740875740136e-05,1,ok,CI_UNAVAILABLE
single,hct116,linear,sequence_ctcf_h3k4me3,h3k4me3,sequence_ctcf,0.1147030356876479,0.1182679280182827,0.0035648923306347974,-0.0003418655912086066,1,ok,CI_UNAVAILABLE
single,hct116,linear,sequence_ctcf_rrbs,rrbs,sequence_ctcf,0.1162482651117491,0.1182679280182827,0.0020196629065336036,-0.00019376605030180238,1,ok,CI_UNAVAILABLE
single,hct116,linear,sequence_ctcf_dnase,ctcf,sequence_dnase,0.1186658988957259,0.1324605581040019,0.013794659208275994,-0.001329736975995699,1,ok,CI_UNAVAILABLE
single,hct116,linear,sequence_dnase_h3k4me3,h3k4me3,sequence_dnase,0.1294933488235781,0.1324605581040019,0.0029672092804237937,-0.0002869117191585946,1,ok,CI_UNAVAILABLE
single,hct116,linear,sequence_dnase_rrbs,rrbs,sequence_dnase,0.1307152310525235,0.1324605581040019,0.0017453270514783958,-0.0001688221933658085,1,ok,CI_UNAVAILABLE
single,hct116,linear,sequence_ctcf_h3k4me3,ctcf,sequence_h3k4me3,0.1147030356876479,0.1291485088879427,0.014445473200294781,-0.0013895859963969082,1,ok,CI_UNAVAILABLE
single,hct116,linear,sequence_dnase_h3k4me3,dnase,sequence_h3k4me3,0.1294933488235781,0.1291485088879427,-0.00034483993563541593,3.3312260406204164e-05,1,ok,CI_UNAVAILABLE
single,hct116,linear,sequence_h3k4me3_rrbs,rrbs,sequence_h3k4me3,0.1271529453324493,0.1291485088879427,0.0019955635554933793,-0.00019264623604300923,1,ok,CI_UNAVAILABLE
single,hct116,linear,sequence_ctcf_rrbs,ctcf,sequence_rrbs,0.1162482651117491,0.1299142374265061,0.013665972314756997,-0.0013154663794155974,1,ok,CI_UNAVAILABLE
single,hct116,linear,sequence_dnase_rrbs,dnase,sequence_rrbs,0.1307152310525235,0.1299142374265061,-0.0008009936260174044,7.742186227349679e-05,1,ok,CI_UNAVAILABLE
single,hct116,linear,sequence_h3k4me3_rrbs,h3k4me3,sequence_rrbs,0.1271529453324493,0.1299142374265061,0.0027612920940567887,-0.0002666261599685027,1,ok,CI_UNAVAILABLE
single,hct116,linear,sequence_ctcf_dnase_h3k4me3,h3k4me3,sequence_ctcf_dnase,0.1149732940143837,0.1186658988957259,0.0036926048813421958,-0.0003541799420636038,1,ok,CI_UNAVAILABLE
single,hct116,linear,sequence_ctcf_dnase_rrbs,rrbs,sequence_ctcf_dnase,0.1169939582072492,0.1186658988957259,0.001671940688476703,-0.0001604576227721144,1,ok,CI_UNAVAILABLE
single,hct116,linear,sequence_ctcf_dnase_h3k4me3,dnase,sequence_ctcf_h3k4me3,0.1149732940143837,0.1147030356876479,-0.0002702583267358005,2.589305790240415e-05,1,ok,CI_UNAVAILABLE
single,hct116,linear,sequence_ctcf_h3k4me3_rrbs,rrbs,sequence_ctcf_h3k4me3,0.1126832544671048,0.1147030356876479,0.00201978122054311,-0.00019338729741910643,1,ok,CI_UNAVAILABLE
single,hct116,linear,sequence_ctcf_dnase_rrbs,dnase,sequence_ctcf_rrbs,0.1169939582072492,0.1162482651117491,-0.0007456930955000995,7.151583628708935e-05,1,ok,CI_UNAVAILABLE
single,hct116,linear,sequence_ctcf_h3k4me3_rrbs,h3k4me3,sequence_ctcf_rrbs,0.1126832544671048,0.1162482651117491,0.0035650106446443036,-0.00034148683832591065,1,ok,CI_UNAVAILABLE
single,hct116,linear,sequence_ctcf_dnase_h3k4me3,ctcf,sequence_dnase_h3k4me3,0.1149732940143837,0.1294933488235781,0.014520054809194397,-0.0013970051989007082,1,ok,CI_UNAVAILABLE
single,hct116,linear,sequence_dnase_h3k4me3_rrbs,rrbs,sequence_dnase_h3k4me3,0.1280521927919619,0.1294933488235781,0.0014411560316162086,-0.00013917490022030687,1,ok,CI_UNAVAILABLE
single,hct116,linear,sequence_ctcf_dnase_rrbs,ctcf,sequence_dnase_rrbs,0.1169939582072492,0.1307152310525235,0.013721272845274302,-0.0013213724054020048,1,ok,CI_UNAVAILABLE
single,hct116,linear,sequence_dnase_h3k4me3_rrbs,h3k4me3,sequence_dnase_rrbs,0.1280521927919619,0.1307152310525235,0.0026630382605616065,-0.00025726442601309296,1,ok,CI_UNAVAILABLE
single,hct116,linear,sequence_ctcf_h3k4me3_rrbs,ctcf,sequence_h3k4me3_rrbs,0.1126832544671048,0.1271529453324493,0.014469690865344512,-0.0013903270577730054,1,ok,CI_UNAVAILABLE
single,hct116,linear,sequence_dnase_h3k4me3_rrbs,dnase,sequence_h3k4me3_rrbs,0.1280521927919619,0.1271529453324493,-0.0008992474595125866,8.678359622890652e-05,1,ok,CI_UNAVAILABLE
single,hct116,linear,all,rrbs,sequence_ctcf_dnase_h3k4me3,0.1133473613415053,0.1149732940143837,0.0016259326728784024,-0.00015571865315480715,1,ok,CI_UNAVAILABLE
single,hct116,linear,all,h3k4me3,sequence_ctcf_dnase_rrbs,0.1133473613415053,0.1169939582072492,0.003646596865743895,-0.00034944097244629657,1,ok,CI_UNAVAILABLE
single,hct116,linear,all,dnase,sequence_ctcf_h3k4me3_rrbs,0.1133473613415053,0.1126832544671048,-0.000664106874400508,6.356170216670343e-05,1,ok,CI_UNAVAILABLE
single,hct116,linear,all,ctcf,sequence_dnase_h3k4me3_rrbs,0.1133473613415053,0.1280521927919619,0.01470483145045659,-0.0014135489518352085,1,ok,CI_UNAVAILABLE
single,hct116,mlp,sequence_ctcf,ctcf,sequence,0.1254704148088992,0.1215135359766343,-0.003956878832264907,0.00038096991213248943,1,ok,CI_UNAVAILABLE
single,hct116,mlp,sequence_dnase,dnase,sequence,0.1264342351081037,0.1215135359766343,-0.004920699131469405,0.00047389738403200155,1,ok,CI_UNAVAILABLE
single,hct116,mlp,sequence_h3k4me3,h3k4me3,sequence,0.1262568503972241,0.1215135359766343,-0.004743314420589798,0.00045679085359429106,1,ok,CI_UNAVAILABLE
single,hct116,mlp,sequence_rrbs,rrbs,sequence,0.1240710821288689,0.1215135359766343,-0.0025575461522346077,0.0002461432765643867,1,ok,CI_UNAVAILABLE
single,hct116,mlp,sequence_ctcf_dnase,dnase,sequence_ctcf,0.1111150908660916,0.1254704148088992,0.014355323942807599,-0.001378065904153597,1,ok,CI_UNAVAILABLE
single,hct116,mlp,sequence_ctcf_h3k4me3,h3k4me3,sequence_ctcf,0.1204513270218875,0.1254704148088992,0.005019087787011697,-0.0004830936726432089,1,ok,CI_UNAVAILABLE
single,hct116,mlp,sequence_ctcf_rrbs,rrbs,sequence_ctcf,0.1268572087810028,0.1254704148088992,-0.0013867939721035893,0.00013372498697900026,1,ok,CI_UNAVAILABLE
single,hct116,mlp,sequence_ctcf_dnase,ctcf,sequence_dnase,0.1111150908660916,0.1264342351081037,0.015319144242012098,-0.001470993376053109,1,ok,CI_UNAVAILABLE
single,hct116,mlp,sequence_dnase_h3k4me3,h3k4me3,sequence_dnase,0.1243280135826706,0.1264342351081037,0.002106221525433105,-0.00020300666684860968,1,ok,CI_UNAVAILABLE
single,hct116,mlp,sequence_dnase_rrbs,rrbs,sequence_dnase,0.1214884788455219,0.1264342351081037,0.004945756262581799,-0.00047630715800542345,1,ok,CI_UNAVAILABLE
single,hct116,mlp,sequence_ctcf_h3k4me3,ctcf,sequence_h3k4me3,0.1204513270218875,0.1262568503972241,0.005805523375336588,-0.0005589146141050105,1,ok,CI_UNAVAILABLE
single,hct116,mlp,sequence_dnase_h3k4me3,dnase,sequence_h3k4me3,0.1243280135826706,0.1262568503972241,0.0019288368145534973,-0.0001859001364108992,1,ok,CI_UNAVAILABLE
single,hct116,mlp,sequence_h3k4me3_rrbs,rrbs,sequence_h3k4me3,0.1309374145286089,0.1262568503972241,-0.004680564131384818,0.0004519648884047933,1,ok,CI_UNAVAILABLE
single,hct116,mlp,sequence_ctcf_rrbs,ctcf,sequence_rrbs,0.1268572087810028,0.1240710821288689,-0.0027861266521338884,0.00026855162254710296,1,ok,CI_UNAVAILABLE
single,hct116,mlp,sequence_dnase_rrbs,dnase,sequence_rrbs,0.1214884788455219,0.1240710821288689,0.0025826032833470014,-0.00024855305053780863,1,ok,CI_UNAVAILABLE
single,hct116,mlp,sequence_h3k4me3_rrbs,h3k4me3,sequence_rrbs,0.1309374145286089,0.1240710821288689,-0.006866332399740008,0.0006626124654346977,1,ok,CI_UNAVAILABLE
single,hct116,mlp,sequence_ctcf_dnase_h3k4me3,h3k4me3,sequence_ctcf_dnase,0.1193740175000196,0.1111150908660916,-0.008258926633927993,0.0007914596277884822,1,ok,CI_UNAVAILABLE
single,hct116,mlp,sequence_ctcf_dnase_rrbs,rrbs,sequence_ctcf_dnase,0.1257657256003912,0.1111150908660916,-0.014650634734299603,0.001406533076467903,1,ok,CI_UNAVAILABLE
single,hct116,mlp,sequence_ctcf_dnase_h3k4me3,dnase,sequence_ctcf_h3k4me3,0.1193740175000196,0.1204513270218875,0.0010773095218679085,-0.00010351260372190585,1,ok,CI_UNAVAILABLE
single,hct116,mlp,sequence_ctcf_h3k4me3_rrbs,rrbs,sequence_ctcf_h3k4me3,0.1210549528856317,0.1204513270218875,-0.0006036258637441977,5.80267211610086e-05,1,ok,CI_UNAVAILABLE
single,hct116,mlp,sequence_ctcf_dnase_rrbs,dnase,sequence_ctcf_rrbs,0.1257657256003912,0.1268572087810028,0.0010914831806115854,-0.0001052578146646943,1,ok,CI_UNAVAILABLE
single,hct116,mlp,sequence_ctcf_h3k4me3_rrbs,h3k4me3,sequence_ctcf_rrbs,0.1210549528856317,0.1268572087810028,0.005802255895371089,-0.0005587919384612006,1,ok,CI_UNAVAILABLE
single,hct116,mlp,sequence_ctcf_dnase_h3k4me3,ctcf,sequence_dnase_h3k4me3,0.1193740175000196,0.1243280135826706,0.004953996082650999,-0.0004765270814160172,1,ok,CI_UNAVAILABLE
single,hct116,mlp,sequence_dnase_h3k4me3_rrbs,rrbs,sequence_dnase_h3k4me3,0.1224820617991225,0.1243280135826706,0.0018459517835480999,-0.0001777200905689058,1,ok,CI_UNAVAILABLE
single,hct116,mlp,sequence_ctcf_dnase_rrbs,ctcf,sequence_dnase_rrbs,0.1257657256003912,0.1214884788455219,-0.004277246754869304,0.0004118468584202173,1,ok,CI_UNAVAILABLE
single,hct116,mlp,sequence_dnase_h3k4me3_rrbs,h3k4me3,sequence_dnase_rrbs,0.1224820617991225,0.1214884788455219,-0.0009935829536005941,9.558040058790795e-05,1,ok,CI_UNAVAILABLE
single,hct116,mlp,sequence_ctcf_h3k4me3_rrbs,ctcf,sequence_h3k4me3_rrbs,0.1210549528856317,0.1309374145286089,0.009882461642977208,-0.0009528527813487953,1,ok,CI_UNAVAILABLE
single,hct116,mlp,sequence_dnase_h3k4me3_rrbs,dnase,sequence_h3k4me3_rrbs,0.1224820617991225,0.1309374145286089,0.008455352729486415,-0.0008155851153845983,1,ok,CI_UNAVAILABLE
single,hct116,mlp,all,rrbs,sequence_ctcf_dnase_h3k4me3,0.1271007489649405,0.1193740175000196,-0.007726731464920908,0.0007438261783445088,1,ok,CI_UNAVAILABLE
single,hct116,mlp,all,h3k4me3,sequence_ctcf_dnase_rrbs,0.1271007489649405,0.1257657256003912,-0.0013350233645492982,0.0001287527296650881,1,ok,CI_UNAVAILABLE
single,hct116,mlp,all,dnase,sequence_ctcf_h3k4me3_rrbs,0.1271007489649405,0.1210549528856317,-0.006045796079308802,0.0005822868534615944,1,ok,CI_UNAVAILABLE
single,hct116,mlp,all,ctcf,sequence_dnase_h3k4me3_rrbs,0.1271007489649405,0.1224820617991225,-0.004618687165818008,0.00044501918749739744,1,ok,CI_UNAVAILABLE
single,hct116,transformer,sequence_ctcf,ctcf,sequence,0.1181495288849845,0.1117370763057227,-0.006412452579261804,0.0006144052675542966,1,ok,CI_UNAVAILABLE
single,hct116,transformer,sequence_dnase,dnase,sequence,0.1202067842338439,0.1117370763057227,-0.008469707928121198,0.0008119929348702759,1,ok,CI_UNAVAILABLE
single,hct116,transformer,sequence_h3k4me3,h3k4me3,sequence,0.1291835327289376,0.1117370763057227,-0.017446456423214893,0.0016768740565887008,1,ok,CI_UNAVAILABLE
single,hct116,transformer,sequence_rrbs,rrbs,sequence,0.1217902771977786,0.1117370763057227,-0.0100532008920559,0.0009642358108303828,1,ok,CI_UNAVAILABLE
single,hct116,transformer,sequence_ctcf_dnase,dnase,sequence_ctcf,0.1016582423790272,0.1181495288849845,0.01649128650595731,-0.001575637618454695,1,ok,CI_UNAVAILABLE
single,hct116,transformer,sequence_ctcf_h3k4me3,h3k4me3,sequence_ctcf,0.1351083847429981,0.1181495288849845,-0.0169588558580136,0.001635753543741486,1,ok,CI_UNAVAILABLE
single,hct116,transformer,sequence_ctcf_rrbs,rrbs,sequence_ctcf,0.1101879086780684,0.1181495288849845,0.007961620206916112,-0.0007625049101274151,1,ok,CI_UNAVAILABLE
single,hct116,transformer,sequence_ctcf_dnase,ctcf,sequence_dnase,0.1016582423790272,0.1202067842338439,0.018548541854816705,-0.0017732252857706743,1,ok,CI_UNAVAILABLE
single,hct116,transformer,sequence_dnase_h3k4me3,h3k4me3,sequence_dnase,0.1149749626303872,0.1202067842338439,0.005231821603456699,-0.0005020350122988959,1,ok,CI_UNAVAILABLE
single,hct116,transformer,sequence_dnase_rrbs,rrbs,sequence_dnase,0.1180486602190147,0.1202067842338439,0.0021581240148292047,-0.00020726959826608549,1,ok,CI_UNAVAILABLE
single,hct116,transformer,sequence_ctcf_h3k4me3,ctcf,sequence_h3k4me3,0.1351083847429981,0.1291835327289376,-0.005924852014060511,0.0005732847547070818,1,ok,CI_UNAVAILABLE
single,hct116,transformer,sequence_dnase_h3k4me3,dnase,sequence_h3k4me3,0.1149749626303872,0.1291835327289376,0.014208570098550394,-0.0013669161340173208,1,ok,CI_UNAVAILABLE
single,hct116,transformer,sequence_h3k4me3_rrbs,rrbs,sequence_h3k4me3,0.1321623773995696,0.1291835327289376,-0.0029788446706320026,0.0002879864270753929,1,ok,CI_UNAVAILABLE
single,hct116,transformer,sequence_ctcf_rrbs,ctcf,sequence_rrbs,0.1101879086780684,0.1217902771977786,0.011602368519710207,-0.0011123354534035013,1,ok,CI_UNAVAILABLE
single,hct116,transformer,sequence_dnase_rrbs,dnase,sequence_rrbs,0.1180486602190147,0.1217902771977786,0.0037416169787639064,-0.00035951247422619237,1,ok,CI_UNAVAILABLE
single,hct116,transformer,sequence_h3k4me3_rrbs,h3k4me3,sequence_rrbs,0.1321623773995696,0.1217902771977786,-0.010372100201790996,0.001000624672833711,1,ok,CI_UNAVAILABLE
single,hct116,transformer,sequence_ctcf_dnase_h3k4me3,h3k4me3,sequence_ctcf_dnase,0.1232083057966296,0.1016582423790272,-0.021550063417602405,0.002061919212777985,1,ok,CI_UNAVAILABLE
single,hct116,transformer,sequence_ctcf_dnase_rrbs,rrbs,sequence_ctcf_dnase,0.0945506253424133,0.1016582423790272,0.007107617036613889,-0.0006746248500775209,1,ok,CI_UNAVAILABLE
single,hct116,transformer,sequence_ctcf_dnase_h3k4me3,dnase,sequence_ctcf_h3k4me3,0.1232083057966296,0.1351083847429981,0.011900078946368506,-0.001149471949418196,1,ok,CI_UNAVAILABLE
single,hct116,transformer,sequence_ctcf_h3k4me3_rrbs,rrbs,sequence_ctcf_h3k4me3,0.1342947711208362,0.1351083847429981,0.0008136136221618961,-7.884077148068158e-05,1,ok,CI_UNAVAILABLE
single,hct116,transformer,sequence_ctcf_dnase_rrbs,dnase,sequence_ctcf_rrbs,0.0945506253424133,0.1101879086780684,0.01563728333565509,-0.0014877575584048008,1,ok,CI_UNAVAILABLE
single,hct116,transformer,sequence_ctcf_h3k4me3_rrbs,h3k4me3,sequence_ctcf_rrbs,0.1342947711208362,0.1101879086780684,-0.024106862442767815,0.0023194176823882195,1,ok,CI_UNAVAILABLE
single,hct116,transformer,sequence_ctcf_dnase_h3k4me3,ctcf,sequence_dnase_h3k4me3,0.1232083057966296,0.1149749626303872,-0.008233343166242399,0.0007907289393062067,1,ok,CI_UNAVAILABLE
single,hct116,transformer,sequence_dnase_h3k4me3_rrbs,rrbs,sequence_dnase_h3k4me3,0.1141801982371858,0.1149749626303872,0.0007947643932014054,-7.613401851488955e-05,1,ok,CI_UNAVAILABLE
single,hct116,transformer,sequence_ctcf_dnase_rrbs,ctcf,sequence_dnase_rrbs,0.0945506253424133,0.1180486602190147,0.02349803487660139,-0.0022405805375821097,1,ok,CI_UNAVAILABLE
single,hct116,transformer,sequence_dnase_h3k4me3_rrbs,h3k4me3,sequence_dnase_rrbs,0.1141801982371858,0.1180486602190147,0.0038684619818288996,-0.00037089943254769997,1,ok,CI_UNAVAILABLE
single,hct116,transformer,sequence_ctcf_h3k4me3_rrbs,ctcf,sequence_h3k4me3_rrbs,0.1342947711208362,0.1321623773995696,-0.002132393721266612,0.00020645755615100736,1,ok,CI_UNAVAILABLE
single,hct116,transformer,sequence_dnase_h3k4me3_rrbs,dnase,sequence_h3k4me3_rrbs,0.1141801982371858,0.1321623773995696,0.017982179162383802,-0.0017310365796076033,1,ok,CI_UNAVAILABLE
single,hct116,transformer,all,rrbs,sequence_ctcf_dnase_h3k4me3,0.1206748735517289,0.1232083057966296,0.002533432244900699,-0.0002437043612381895,1,ok,CI_UNAVAILABLE
single,hct116,transformer,all,h3k4me3,sequence_ctcf_dnase_rrbs,0.1206748735517289,0.0945506253424133,-0.026124248209315595,0.0024928397016173165,1,ok,CI_UNAVAILABLE
single,hct116,transformer,all,dnase,sequence_ctcf_h3k4me3_rrbs,0.1206748735517289,0.1342947711208362,0.013619897569107309,-0.001314335539175704,1,ok,CI_UNAVAILABLE
single,hct116,transformer,all,ctcf,sequence_dnase_h3k4me3_rrbs,0.1206748735517289,0.1141801982371858,-0.006494675314543105,0.0006231585965829067,1,ok,CI_UNAVAILABLE
single,hct116,xgboost,sequence_ctcf,ctcf,sequence,0.1417252711400015,0.1505827350288201,0.008857463888818612,-0.0008640456249524031,1,ok,CI_UNAVAILABLE
single,hct116,xgboost,sequence_dnase,dnase,sequence,0.1461694845357602,0.1505827350288201,0.004413250493059906,-0.00043107280234369605,1,ok,CI_UNAVAILABLE
single,hct116,xgboost,sequence_h3k4me3,h3k4me3,sequence,0.1352406850554437,0.1505827350288201,0.015342049973376404,-0.0014937934778959938,1,ok,CI_UNAVAILABLE
single,hct116,xgboost,sequence_rrbs,rrbs,sequence,0.1439091135933405,0.1505827350288201,0.006673621435479615,-0.0006514275095300948,1,ok,CI_UNAVAILABLE
single,hct116,xgboost,sequence_ctcf_dnase,dnase,sequence_ctcf,0.1511571611658079,0.1417252711400015,-0.009431890025806411,0.0009202360983459057,1,ok,CI_UNAVAILABLE
single,hct116,xgboost,sequence_ctcf_h3k4me3,h3k4me3,sequence_ctcf,0.1455062684890344,0.1417252711400015,-0.003780997349032894,0.0003682882851495928,1,ok,CI_UNAVAILABLE
single,hct116,xgboost,sequence_ctcf_rrbs,rrbs,sequence_ctcf,0.1368333012525739,0.1417252711400015,0.0048919698874276,-0.0004753009519000151,1,ok,CI_UNAVAILABLE
single,hct116,xgboost,sequence_ctcf_dnase,ctcf,sequence_dnase,0.1511571611658079,0.1461694845357602,-0.004987676630047705,0.00048726327573719863,1,ok,CI_UNAVAILABLE
single,hct116,xgboost,sequence_dnase_h3k4me3,h3k4me3,sequence_dnase,0.1602593450687273,0.1461694845357602,-0.014089860532967097,0.001380191414804277,1,ok,CI_UNAVAILABLE
single,hct116,xgboost,sequence_dnase_rrbs,rrbs,sequence_dnase,0.1406323437267738,0.1461694845357602,0.005537140808986402,-0.0005392782805822005,1,ok,CI_UNAVAILABLE
single,hct116,xgboost,sequence_ctcf_h3k4me3,ctcf,sequence_h3k4me3,0.1455062684890344,0.1352406850554437,-0.010265583433590686,0.0009980361380931835,1,ok,CI_UNAVAILABLE
single,hct116,xgboost,sequence_dnase_h3k4me3,dnase,sequence_h3k4me3,0.1602593450687273,0.1352406850554437,-0.025018660013283595,0.002442912090356575,1,ok,CI_UNAVAILABLE
single,hct116,xgboost,sequence_h3k4me3_rrbs,rrbs,sequence_h3k4me3,0.1480816831966264,0.1352406850554437,-0.012840998141182697,0.0012493612800438814,1,ok,CI_UNAVAILABLE
single,hct116,xgboost,sequence_ctcf_rrbs,ctcf,sequence_rrbs,0.1368333012525739,0.1439091135933405,0.007075812340766596,-0.0006879190673223234,1,ok,CI_UNAVAILABLE
single,hct116,xgboost,sequence_dnase_rrbs,dnase,sequence_rrbs,0.1406323437267738,0.1439091135933405,0.0032767698665666922,-0.0003189235733958018,1,ok,CI_UNAVAILABLE
single,hct116,xgboost,sequence_h3k4me3_rrbs,h3k4me3,sequence_rrbs,0.1480816831966264,0.1439091135933405,-0.004172569603285908,0.0004069953116779823,1,ok,CI_UNAVAILABLE
single,hct116,xgboost,sequence_ctcf_dnase_h3k4me3,h3k4me3,sequence_ctcf_dnase,0.1432782154601848,0.1511571611658079,0.007878945705623114,-0.0007690698258626949,1,ok,CI_UNAVAILABLE
single,hct116,xgboost,sequence_ctcf_dnase_rrbs,rrbs,sequence_ctcf_dnase,0.1385939093174959,0.1511571611658079,0.012563251848312001,-0.0012246329136723078,1,ok,CI_UNAVAILABLE
single,hct116,xgboost,sequence_ctcf_dnase_h3k4me3,dnase,sequence_ctcf_h3k4me3,0.1432782154601848,0.1455062684890344,0.002228053028849597,-0.00021712201266638198,1,ok,CI_UNAVAILABLE
single,hct116,xgboost,sequence_ctcf_h3k4me3_rrbs,rrbs,sequence_ctcf_h3k4me3,0.1387338009541425,0.1455062684890344,0.006772467534891885,-0.0006590981806295915,1,ok,CI_UNAVAILABLE
single,hct116,xgboost,sequence_ctcf_dnase_rrbs,dnase,sequence_ctcf_rrbs,0.1385939093174959,0.1368333012525739,-0.001760608064922009,0.00017090413657361303,1,ok,CI_UNAVAILABLE
single,hct116,xgboost,sequence_ctcf_h3k4me3_rrbs,h3k4me3,sequence_ctcf_rrbs,0.1387338009541425,0.1368333012525739,-0.0019004997015686087,0.0001844910564200164,1,ok,CI_UNAVAILABLE
single,hct116,xgboost,sequence_ctcf_dnase_h3k4me3,ctcf,sequence_dnase_h3k4me3,0.1432782154601848,0.1602593450687273,0.016981129608542506,-0.0016619979649297734,1,ok,CI_UNAVAILABLE
single,hct116,xgboost,sequence_dnase_h3k4me3_rrbs,rrbs,sequence_dnase_h3k4me3,0.1521864377421264,0.1602593450687273,0.008072907326600903,-0.0007921965337353842,1,ok,CI_UNAVAILABLE
single,hct116,xgboost,sequence_ctcf_dnase_rrbs,ctcf,sequence_dnase_rrbs,0.1385939093174959,0.1406323437267738,0.002038434409277895,-0.00019809135735290861,1,ok,CI_UNAVAILABLE
single,hct116,xgboost,sequence_dnase_h3k4me3_rrbs,h3k4me3,sequence_dnase_rrbs,0.1521864377421264,0.1406323437267738,-0.011554094015352595,0.0011272731616510934,1,ok,CI_UNAVAILABLE
single,hct116,xgboost,sequence_ctcf_h3k4me3_rrbs,ctcf,sequence_h3k4me3_rrbs,0.1387338009541425,0.1480816831966264,0.009347882242483896,-0.0009104233225802894,1,ok,CI_UNAVAILABLE
single,hct116,xgboost,sequence_dnase_h3k4me3_rrbs,dnase,sequence_h3k4me3_rrbs,0.1521864377421264,0.1480816831966264,-0.0041047545454999945,0.00040135427657730927,1,ok,CI_UNAVAILABLE
single,hct116,xgboost,all,rrbs,sequence_ctcf_dnase_h3k4me3,0.1494956040692782,0.1432782154601848,-0.006217388609093405,0.0006065879768057947,1,ok,CI_UNAVAILABLE
single,hct116,xgboost,all,h3k4me3,sequence_ctcf_dnase_rrbs,0.1494956040692782,0.1385939093174959,-0.010901694751782293,0.0010621510646154075,1,ok,CI_UNAVAILABLE
single,hct116,xgboost,all,dnase,sequence_ctcf_h3k4me3_rrbs,0.1494956040692782,0.1387338009541425,-0.010761803115135693,0.0010485641447690042,1,ok,CI_UNAVAILABLE
single,hct116,xgboost,all,ctcf,sequence_dnase_h3k4me3_rrbs,0.1494956040692782,0.1521864377421264,0.0026908336728481974,-0.00026321345438859445,1,ok,CI_UNAVAILABLE
single,hek293t,cnn(3|3),sequence_ctcf,ctcf,sequence,0.0506842982630209,0.0719680377001372,0.021283739437116297,-0.0013191064256622975,1,ok,CI_UNAVAILABLE
single,hek293t,cnn(3|3),sequence_dnase,dnase,sequence,0.0546397555668173,0.0719680377001372,0.017328282133319897,-0.0010750856829402078,1,ok,CI_UNAVAILABLE
single,hek293t,cnn(3|3),sequence_h3k4me3,h3k4me3,sequence,0.0475501061251215,0.0719680377001372,0.0244179315750157,-0.0015121007551809063,1,ok,CI_UNAVAILABLE
single,hek293t,cnn(3|3),sequence_rrbs,rrbs,sequence,0.0479715448718981,0.0719680377001372,0.023996492828239097,-0.0014861682948366095,1,ok,CI_UNAVAILABLE
single,hek293t,cnn(3|3),sequence_ctcf_dnase,dnase,sequence_ctcf,0.0493485065860529,0.0506842982630209,0.0013357916769679984,-8.229301737740224e-05,1,ok,CI_UNAVAILABLE
single,hek293t,cnn(3|3),sequence_ctcf_h3k4me3,h3k4me3,sequence_ctcf,0.0477717469712093,0.0506842982630209,0.002912551291811602,-0.0001793567819503017,1,ok,CI_UNAVAILABLE
single,hek293t,cnn(3|3),sequence_ctcf_rrbs,rrbs,sequence_ctcf,0.0410431456239113,0.0506842982630209,0.009641152639109599,-0.0005926624608763031,1,ok,CI_UNAVAILABLE
single,hek293t,cnn(3|3),sequence_ctcf_dnase,ctcf,sequence_dnase,0.0493485065860529,0.0546397555668173,0.005291248980764399,-0.000326313760099492,1,ok,CI_UNAVAILABLE
single,hek293t,cnn(3|3),sequence_dnase_h3k4me3,h3k4me3,sequence_dnase,0.0362943633035737,0.0546397555668173,0.018345392263243603,-0.00112750593198159,1,ok,CI_UNAVAILABLE
single,hek293t,cnn(3|3),sequence_dnase_rrbs,rrbs,sequence_dnase,0.0140146135096113,0.0546397555668173,0.040625142057206,-0.002482482486032195,1,ok,CI_UNAVAILABLE
single,hek293t,cnn(3|3),sequence_ctcf_h3k4me3,ctcf,sequence_h3k4me3,0.0477717469712093,0.0475501061251215,-0.00022164084608779916,1.363754756830704e-05,1,ok,CI_UNAVAILABLE
single,hek293t,cnn(3|3),sequence_dnase_h3k4me3,dnase,sequence_h3k4me3,0.0362943633035737,0.0475501061251215,0.011255742821547801,-0.0006904908597408915,1,ok,CI_UNAVAILABLE
single,hek293t,cnn(3|3),sequence_h3k4me3_rrbs,rrbs,sequence_h3k4me3,0.0376339469844496,0.0475501061251215,0.009916159140671899,-0.0006085253907057997,1,ok,CI_UNAVAILABLE
single,hek293t,cnn(3|3),sequence_ctcf_rrbs,ctcf,sequence_rrbs,0.0410431456239113,0.0479715448718981,0.0069283992479867995,-0.00042560059170199116,1,ok,CI_UNAVAILABLE
single,hek293t,cnn(3|3),sequence_dnase_rrbs,dnase,sequence_rrbs,0.0140146135096113,0.0479715448718981,0.0339569313622868,-0.002071399874135793,1,ok,CI_UNAVAILABLE
single,hek293t,cnn(3|3),sequence_h3k4me3_rrbs,h3k4me3,sequence_rrbs,0.0376339469844496,0.0479715448718981,0.0103375978874485,-0.0006344578510500964,1,ok,CI_UNAVAILABLE
single,hek293t,cnn(3|3),sequence_ctcf_dnase_h3k4me3,h3k4me3,sequence_ctcf_dnase,0.0629200755026138,0.0493485065860529,-0.013571568916560903,0.0008388031219941916,1,ok,CI_UNAVAILABLE
single,hek293t,cnn(3|3),sequence_ctcf_dnase_rrbs,rrbs,sequence_ctcf_dnase,0.0532879357242958,0.0493485065860529,-0.0039394291382428975,0.00024285974086439566,1,ok,CI_UNAVAILABLE
single,hek293t,cnn(3|3),sequence_ctcf_dnase_h3k4me3,dnase,sequence_ctcf_h3k4me3,0.0629200755026138,0.0477717469712093,-0.015148328531404506,0.000935866886567091,1,ok,CI_UNAVAILABLE
single,hek293t,cnn(3|3),sequence_ctcf_h3k4me3_rrbs,rrbs,sequence_ctcf_h3k4me3,0.0481289547090211,0.0477717469712093,-0.000357207737811803,2.1982310664594995e-05,1,ok,CI_UNAVAILABLE
single,hek293t,cnn(3|3),sequence_ctcf_dnase_rrbs,dnase,sequence_ctcf_rrbs,0.0532879357242958,0.0410431456239113,-0.012244790100384498,0.0007532291843632966,1,ok,CI_UNAVAILABLE
single,hek293t,cnn(3|3),sequence_ctcf_h3k4me3_rrbs,h3k4me3,sequence_ctcf_rrbs,0.0481289547090211,0.0410431456239113,-0.0070858090851098,0.00043528798959059645,1,ok,CI_UNAVAILABLE
single,hek293t,cnn(3|3),sequence_ctcf_dnase_h3k4me3,ctcf,sequence_dnase_h3k4me3,0.0629200755026138,0.0362943633035737,-0.026625712199040107,0.0016399952938762896,1,ok,CI_UNAVAILABLE
single,hek293t,cnn(3|3),sequence_dnase_h3k4me3_rrbs,rrbs,sequence_dnase_h3k4me3,0.013954054342662,0.0362943633035737,0.022340308960911697,-0.0013586385702815118,1,ok,CI_UNAVAILABLE
single,hek293t,cnn(3|3),sequence_ctcf_dnase_rrbs,ctcf,sequence_dnase_rrbs,0.0532879357242958,0.0140146135096113,-0.0392733222146845,0.0023990284667970985,1,ok,CI_UNAVAILABLE
single,hek293t,cnn(3|3),sequence_dnase_h3k4me3_rrbs,h3k4me3,sequence_dnase_rrbs,0.013954054342662,0.0140146135096113,6.055916694929983e-05,-3.662016230907006e-06,1,ok,CI_UNAVAILABLE
single,hek293t,cnn(3|3),sequence_ctcf_h3k4me3_rrbs,ctcf,sequence_h3k4me3_rrbs,0.0481289547090211,0.0376339469844496,-0.0104950077245715,0.0006441452489387017,1,ok,CI_UNAVAILABLE
single,hek293t,cnn(3|3),sequence_dnase_h3k4me3_rrbs,dnase,sequence_h3k4me3_rrbs,0.013954054342662,0.0376339469844496,0.0236798926417876,-0.0014406040393166036,1,ok,CI_UNAVAILABLE
single,hek293t,cnn(3|3),all,rrbs,sequence_ctcf_dnase_h3k4me3,0.0623498178782192,0.0629200755026138,0.0005702576243946031,-3.536706385039168e-05,1,ok,CI_UNAVAILABLE
single,hek293t,cnn(3|3),all,h3k4me3,sequence_ctcf_dnase_rrbs,0.0623498178782192,0.0532879357242958,-0.009061882153923402,0.0005605763172794043,1,ok,CI_UNAVAILABLE
single,hek293t,cnn(3|3),all,dnase,sequence_ctcf_h3k4me3_rrbs,0.0623498178782192,0.0481289547090211,-0.0142208631691981,0.0008785175120521044,1,ok,CI_UNAVAILABLE
single,hek293t,cnn(3|3),all,ctcf,sequence_dnase_h3k4me3_rrbs,0.0623498178782192,0.013954054342662,-0.048395763535557204,0.0029632668003074097,1,ok,CI_UNAVAILABLE
single,hek293t,cnn(5|3),sequence_ctcf,ctcf,sequence,0.0322033773980848,0.035220988850447,0.0030176114523621997,-0.00018432849606329904,1,ok,CI_UNAVAILABLE
single,hek293t,cnn(5|3),sequence_dnase,dnase,sequence,0.0542935105224092,0.035220988850447,-0.019072521671962203,0.0011717607119060974,1,ok,CI_UNAVAILABLE
single,hek293t,cnn(5|3),sequence_h3k4me3,h3k4me3,sequence,0.029418324408747,0.035220988850447,0.0058026644416999985,-0.00035419649981789647,1,ok,CI_UNAVAILABLE
single,hek293t,cnn(5|3),sequence_rrbs,rrbs,sequence,0.061081022028421,0.035220988850447,-0.025860033177974,0.0015916125250259039,1,ok,CI_UNAVAILABLE
single,hek293t,cnn(5|3),sequence_ctcf_dnase,dnase,sequence_ctcf,0.0885234686043192,0.0322033773980848,-0.0563200912062344,0.0034891082709360977,1,ok,CI_UNAVAILABLE
single,hek293t,cnn(5|3),sequence_ctcf_h3k4me3,h3k4me3,sequence_ctcf,0.0240116172471682,0.0322033773980848,0.008191760150916598,-0.0004989434850393992,1,ok,CI_UNAVAILABLE
single,hek293t,cnn(5|3),sequence_ctcf_rrbs,rrbs,sequence_ctcf,0.0251485592306521,0.0322033773980848,0.0070548181674327005,-0.00042982013246159467,1,ok,CI_UNAVAILABLE
single,hek293t,cnn(5|3),sequence_ctcf_dnase,ctcf,sequence_dnase,0.0885234686043192,0.0542935105224092,-0.03422995808191,0.002133019062966701,1,ok,CI_UNAVAILABLE
single,hek293t,cnn(5|3),sequence_dnase_h3k4me3,h3k4me3,sequence_dnase,0.00951307115213,0.0542935105224092,0.0447804393702792,-0.0027330042231750035,1,ok,CI_UNAVAILABLE
single,hek293t,cnn(5|3),sequence_dnase_rrbs,rrbs,sequence_dnase,-0.0089382038819407,0.0542935105224092,0.06323171440434991,-0.003841095944344494,1,ok,CI_UNAVAILABLE
single,hek293t,cnn(5|3),sequence_ctcf_h3k4me3,ctcf,sequence_h3k4me3,0.0240116172471682,0.029418324408747,0.005406707161578799,-0.0003290754812848018,1,ok,CI_UNAVAILABLE
single,hek293t,cnn(5|3),sequence_dnase_h3k4me3,dnase,sequence_h3k4me3,0.00951307115213,0.029418324408747,0.019905253256617003,-0.0012070470114510096,1,ok,CI_UNAVAILABLE
single,hek293t,cnn(5|3),sequence_h3k4me3_rrbs,rrbs,sequence_h3k4me3,0.0044864562483567,0.029418324408747,0.0249318681603903,-0.0015099360568211068,1,ok,CI_UNAVAILABLE
single,hek293t,cnn(5|3),sequence_ctcf_rrbs,ctcf,sequence_rrbs,0.0251485592306521,0.061081022028421,0.035932462797768905,-0.0022057611535507976,1,ok,CI_UNAVAILABLE
single,hek293t,cnn(5|3),sequence_dnase_rrbs,dnase,sequence_rrbs,-0.0089382038819407,0.061081022028421,0.0700192259103617,-0.004260947757464301,1,ok,CI_UNAVAILABLE
single,hek293t,cnn(5|3),sequence_h3k4me3_rrbs,h3k4me3,sequence_rrbs,0.0044864562483567,0.061081022028421,0.056594565780064304,-0.003455745081664907,1,ok,CI_UNAVAILABLE
single,hek293t,cnn(5|3),sequence_ctcf_dnase_h3k4me3,h3k4me3,sequence_ctcf_dnase,0.0377345979152672,0.0885234686043192,0.050788870689052,-0.0031510176960014985,1,ok,CI_UNAVAILABLE
single,hek293t,cnn(5|3),sequence_ctcf_dnase_rrbs,rrbs,sequence_ctcf_dnase,0.0444840255621389,0.0885234686043192,0.0440394430421803,-0.002737146361013104,1,ok,CI_UNAVAILABLE
single,hek293t,cnn(5|3),sequence_ctcf_dnase_h3k4me3,dnase,sequence_ctcf_h3k4me3,0.0377345979152672,0.0240116172471682,-0.013722980668098995,0.0008370340599739984,1,ok,CI_UNAVAILABLE
single,hek293t,cnn(5|3),sequence_ctcf_h3k4me3_rrbs,rrbs,sequence_ctcf_h3k4me3,0.0514336506917392,0.0240116172471682,-0.027422033444570997,0.001678583009697393,1,ok,CI_UNAVAILABLE
single,hek293t,cnn(5|3),sequence_ctcf_dnase_rrbs,dnase,sequence_ctcf_rrbs,0.0444840255621389,0.0251485592306521,-0.019335466331486802,0.0011817820423845882,1,ok,CI_UNAVAILABLE
single,hek293t,cnn(5|3),sequence_ctcf_h3k4me3_rrbs,h3k4me3,sequence_ctcf_rrbs,0.0514336506917392,0.0251485592306521,-0.0262850914610871,0.0016094596571195885,1,ok,CI_UNAVAILABLE
single,hek293t,cnn(5|3),sequence_ctcf_dnase_h3k4me3,ctcf,sequence_dnase_h3k4me3,0.0377345979152672,0.00951307115213,-0.028221526763137196,0.0017150055901402061,1,ok,CI_UNAVAILABLE
single,hek293t,cnn(5|3),sequence_dnase_h3k4me3_rrbs,rrbs,sequence_dnase_h3k4me3,0.0527742066138485,0.00951307115213,-0.043261135461718496,0.002639231953262211,1,ok,CI_UNAVAILABLE
single,hek293t,cnn(5|3),sequence_ctcf_dnase_rrbs,ctcf,sequence_dnase_rrbs,0.0444840255621389,-0.0089382038819407,-0.0534222294440796,0.0032369686462980912,1,ok,CI_UNAVAILABLE
single,hek293t,cnn(5|3),sequence_dnase_h3k4me3_rrbs,h3k4me3,sequence_dnase_rrbs,0.0527742066138485,-0.0089382038819407,-0.0617124104957892,0.0037473236744317018,1,ok,CI_UNAVAILABLE
single,hek293t,cnn(5|3),sequence_ctcf_h3k4me3_rrbs,ctcf,sequence_h3k4me3_rrbs,0.0514336506917392,0.0044864562483567,-0.046947194443382495,0.002859443585233698,1,ok,CI_UNAVAILABLE
single,hek293t,cnn(5|3),sequence_dnase_h3k4me3_rrbs,dnase,sequence_h3k4me3_rrbs,0.0527742066138485,0.0044864562483567,-0.048287750365491794,0.0029421209986323082,1,ok,CI_UNAVAILABLE
single,hek293t,cnn(5|3),all,rrbs,sequence_ctcf_dnase_h3k4me3,0.048156375161999,0.0377345979152672,-0.010421777246731802,0.0006396719953987995,1,ok,CI_UNAVAILABLE
single,hek293t,cnn(5|3),all,h3k4me3,sequence_ctcf_dnase_rrbs,0.048156375161999,0.0444840255621389,-0.0036723495998600975,0.00022580066041040514,1,ok,CI_UNAVAILABLE
single,hek293t,cnn(5|3),all,dnase,sequence_ctcf_h3k4me3_rrbs,0.048156375161999,0.0514336506917392,0.0032772755297401993,-0.00020187695432459518,1,ok,CI_UNAVAILABLE
single,hek293t,cnn(5|3),all,ctcf,sequence_dnase_h3k4me3_rrbs,0.048156375161999,0.0527742066138485,0.004617831451849498,-0.0002845543677232054,1,ok,CI_UNAVAILABLE
single,hek293t,cnn(7|3),sequence_ctcf,ctcf,sequence,0.0753995160054019,0.0716263219298164,-0.0037731940755855037,0.00023538130429620607,1,ok,CI_UNAVAILABLE
single,hek293t,cnn(7|3),sequence_dnase,dnase,sequence,0.0824194445543414,0.0716263219298164,-0.010793122624525003,0.0006745836024264068,1,ok,CI_UNAVAILABLE
single,hek293t,cnn(7|3),sequence_h3k4me3,h3k4me3,sequence,-0.0457830810168309,0.0716263219298164,0.1174094029466473,-0.007099072488638794,1,ok,CI_UNAVAILABLE
single,hek293t,cnn(7|3),sequence_rrbs,rrbs,sequence,0.0286624921151575,0.0716263219298164,0.0429638298146589,-0.0026471847213518918,1,ok,CI_UNAVAILABLE
single,hek293t,cnn(7|3),sequence_ctcf_dnase,dnase,sequence_ctcf,0.0667965536219872,0.0753995160054019,0.008602962383414695,-0.0005359774612013063,1,ok,CI_UNAVAILABLE
single,hek293t,cnn(7|3),sequence_ctcf_h3k4me3,h3k4me3,sequence_ctcf,0.0198461330051662,0.0753995160054019,0.0555533830002357,-0.0034184914239926006,1,ok,CI_UNAVAILABLE
single,hek293t,cnn(7|3),sequence_ctcf_rrbs,rrbs,sequence_ctcf,0.0904389414866165,0.0753995160054019,-0.015039425481214605,0.0009430036688163057,1,ok,CI_UNAVAILABLE
single,hek293t,cnn(7|3),sequence_ctcf_dnase,ctcf,sequence_dnase,0.0667965536219872,0.0824194445543414,0.015622890932354194,-0.000975179759331507,1,ok,CI_UNAVAILABLE
single,hek293t,cnn(7|3),sequence_dnase_h3k4me3,h3k4me3,sequence_dnase,0.0520193671674555,0.0824194445543414,0.030400077386885903,-0.001890086302503105,1,ok,CI_UNAVAILABLE
single,hek293t,cnn(7|3),sequence_dnase_rrbs,rrbs,sequence_dnase,0.0546886577439708,0.0824194445543414,0.027730786810370597,-0.001725351848065701,1,ok,CI_UNAVAILABLE
single,hek293t,cnn(7|3),sequence_ctcf_h3k4me3,ctcf,sequence_h3k4me3,0.0198461330051662,-0.0457830810168309,-0.0656292140219971,0.0039159623689423995,1,ok,CI_UNAVAILABLE
single,hek293t,cnn(7|3),sequence_dnase_h3k4me3,dnase,sequence_h3k4me3,0.0520193671674555,-0.0457830810168309,-0.0978024481842864,0.005883569788562096,1,ok,CI_UNAVAILABLE
single,hek293t,cnn(7|3),sequence_h3k4me3_rrbs,rrbs,sequence_h3k4me3,0.0443965632469793,-0.0457830810168309,-0.0901796442638102,0.005414403427205602,1,ok,CI_UNAVAILABLE
single,hek293t,cnn(7|3),sequence_ctcf_rrbs,ctcf,sequence_rrbs,0.0904389414866165,0.0286624921151575,-0.06177644937145901,0.0038255696944644035,1,ok,CI_UNAVAILABLE
single,hek293t,cnn(7|3),sequence_dnase_rrbs,dnase,sequence_rrbs,0.0546886577439708,0.0286624921151575,-0.026026165628813304,0.0015964164757125976,1,ok,CI_UNAVAILABLE
single,hek293t,cnn(7|3),sequence_h3k4me3_rrbs,h3k4me3,sequence_rrbs,0.0443965632469793,0.0286624921151575,-0.0157340711318218,0.0009625156599187001,1,ok,CI_UNAVAILABLE
single,hek293t,cnn(7|3),sequence_ctcf_dnase_h3k4me3,h3k4me3,sequence_ctcf_dnase,0.0287322334318657,0.0667965536219872,0.03806432019012151,-0.0023423394821887877,1,ok,CI_UNAVAILABLE
single,hek293t,cnn(7|3),sequence_ctcf_dnase_rrbs,rrbs,sequence_ctcf_dnase,0.0631818607241788,0.0667965536219872,0.0036146928978083998,-0.00022446342049989298,1,ok,CI_UNAVAILABLE
single,hek293t,cnn(7|3),sequence_ctcf_dnase_h3k4me3,dnase,sequence_ctcf_h3k4me3,0.0287322334318657,0.0198461330051662,-0.0088861004266995,0.0005401744806025066,1,ok,CI_UNAVAILABLE
single,hek293t,cnn(7|3),sequence_ctcf_h3k4me3_rrbs,rrbs,sequence_ctcf_h3k4me3,0.0414360838465431,0.0198461330051662,-0.0215899508413769,0.0013167349617442953,1,ok,CI_UNAVAILABLE
single,hek293t,cnn(7|3),sequence_ctcf_dnase_rrbs,dnase,sequence_ctcf_rrbs,0.0631818607241788,0.0904389414866165,0.0272570807624377,-0.001703444550517505,1,ok,CI_UNAVAILABLE
single,hek293t,cnn(7|3),sequence_ctcf_h3k4me3_rrbs,h3k4me3,sequence_ctcf_rrbs,0.0414360838465431,0.0904389414866165,0.04900285764007341,-0.003044760131064611,1,ok,CI_UNAVAILABLE
single,hek293t,cnn(7|3),sequence_ctcf_dnase_h3k4me3,ctcf,sequence_dnase_h3k4me3,0.0287322334318657,0.0520193671674555,0.0232871337355898,-0.0014274329390171897,1,ok,CI_UNAVAILABLE
single,hek293t,cnn(7|3),sequence_dnase_h3k4me3_rrbs,rrbs,sequence_dnase_h3k4me3,0.0314902592803784,0.0520193671674555,0.020529107887077097,-0.0012592740768333915,1,ok,CI_UNAVAILABLE
single,hek293t,cnn(7|3),sequence_ctcf_dnase_rrbs,ctcf,sequence_dnase_rrbs,0.0631818607241788,0.0546886577439708,-0.008493202980208003,0.000525708668234301,1,ok,CI_UNAVAILABLE
single,hek293t,cnn(7|3),sequence_dnase_h3k4me3_rrbs,h3k4me3,sequence_dnase_rrbs,0.0314902592803784,0.0546886577439708,0.023198398463592403,-0.0014240085312707956,1,ok,CI_UNAVAILABLE
single,hek293t,cnn(7|3),sequence_ctcf_h3k4me3_rrbs,ctcf,sequence_h3k4me3_rrbs,0.0414360838465431,0.0443965632469793,0.0029604794004362,-0.00018170609651890768,1,ok,CI_UNAVAILABLE
single,hek293t,cnn(7|3),sequence_dnase_h3k4me3_rrbs,dnase,sequence_h3k4me3_rrbs,0.0314902592803784,0.0443965632469793,0.012906303966600897,-0.0007901077154768982,1,ok,CI_UNAVAILABLE
single,hek293t,cnn(7|3),all,rrbs,sequence_ctcf_dnase_h3k4me3,0.0630954715360135,0.0287322334318657,-0.0343632381041478,0.0021125168117046983,1,ok,CI_UNAVAILABLE
single,hek293t,cnn(7|3),all,h3k4me3,sequence_ctcf_dnase_rrbs,0.0630954715360135,0.0631818607241788,8.638918816530894e-05,-5.359249984196457e-06,1,ok,CI_UNAVAILABLE
single,hek293t,cnn(7|3),all,dnase,sequence_ctcf_h3k4me3_rrbs,0.0630954715360135,0.0414360838465431,-0.0216593876894704,0.0013359563305629096,1,ok,CI_UNAVAILABLE
single,hek293t,cnn(7|3),all,ctcf,sequence_dnase_h3k4me3_rrbs,0.0630954715360135,0.0314902592803784,-0.0316052122556351,0.0019443579495209001,1,ok,CI_UNAVAILABLE
single,hek293t,linear,sequence_ctcf,ctcf,sequence,-0.0061753065053427,-0.0033419667602085,0.0028333397451342003,-0.00016972670017251223,1,ok,CI_UNAVAILABLE
single,hek293t,linear,sequence_dnase,dnase,sequence,-0.0032674008395727,-0.0033419667602085,-7.456592063579976e-05,4.469986839894524e-06,1,ok,CI_UNAVAILABLE
single,hek293t,linear,sequence_h3k4me3,h3k4me3,sequence,-0.0326914478479014,-0.0033419667602085,0.0293494810876929,-0.0017466928225671058,1,ok,CI_UNAVAILABLE
single,hek293t,linear,sequence_rrbs,rrbs,sequence,-0.0197152665900723,-0.0033419667602085,0.0163732998298638,-0.0009775364583924084,1,ok,CI_UNAVAILABLE
single,hek293t,linear,sequence_ctcf_dnase,dnase,sequence_ctcf,-0.0057777002142678,-0.0061753065053427,-0.0003976062910749003,2.380354339720503e-05,1,ok,CI_UNAVAILABLE
single,hek293t,linear,sequence_ctcf_h3k4me3,h3k4me3,sequence_ctcf,-0.0373689783001167,-0.0061753065053427,0.031193671794774,-0.001853038316678296,1,ok,CI_UNAVAILABLE
single,hek293t,linear,sequence_ctcf_rrbs,rrbs,sequence_ctcf,-0.0211413444377952,-0.0061753065053427,0.014966037932452499,-0.0008925782179140945,1,ok,CI_UNAVAILABLE
single,hek293t,linear,sequence_ctcf_dnase,ctcf,sequence_dnase,-0.0057777002142678,-0.0032674008395727,0.0025102993746950997,-0.00015039314361520173,1,ok,CI_UNAVAILABLE
single,hek293t,linear,sequence_dnase_h3k4me3,h3k4me3,sequence_dnase,-0.0318865291716123,-0.0032674008395727,0.028619128332039598,-0.0017035927553196994,1,ok,CI_UNAVAILABLE
single,hek293t,linear,sequence_dnase_rrbs,rrbs,sequence_dnase,-0.019640565193677,-0.0032674008395727,0.0163731643541043,-0.0009775644356251056,1,ok,CI_UNAVAILABLE
single,hek293t,linear,sequence_ctcf_h3k4me3,ctcf,sequence_h3k4me3,-0.0373689783001167,-0.0326914478479014,0.004677530452215299,-0.00027607219428370244,1,ok,CI_UNAVAILABLE
single,hek293t,linear,sequence_dnase_h3k4me3,dnase,sequence_h3k4me3,-0.0318865291716123,-0.0326914478479014,-0.0008049186762891028,4.757005408730086e-05,1,ok,CI_UNAVAILABLE
single,hek293t,linear,sequence_h3k4me3_rrbs,rrbs,sequence_h3k4me3,-0.0479041532375488,-0.0326914478479014,0.015212705389647398,-0.000895597343939597,1,ok,CI_UNAVAILABLE
single,hek293t,linear,sequence_ctcf_rrbs,ctcf,sequence_rrbs,-0.0211413444377952,-0.0197152665900723,0.0014260778477229001,-8.476845969419833e-05,1,ok,CI_UNAVAILABLE
single,hek293t,linear,sequence_dnase_rrbs,dnase,sequence_rrbs,-0.019640565193677,-0.0197152665900723,-7.470139639529846e-05,4.442009607197317e-06,1,ok,CI_UNAVAILABLE
single,hek293t,linear,sequence_h3k4me3_rrbs,h3k4me3,sequence_rrbs,-0.0479041532375488,-0.0197152665900723,0.0281888866474765,-0.0016647537081142944,1,ok,CI_UNAVAILABLE
single,hek293t,linear,sequence_ctcf_dnase_h3k4me3,h3k4me3,sequence_ctcf_dnase,-0.0367555276393594,-0.0057777002142678,0.0309778274250916,-0.0018406709438480023,1,ok,CI_UNAVAILABLE
single,hek293t,linear,sequence_ctcf_dnase_rrbs,rrbs,sequence_ctcf_dnase,-0.021170308862294,-0.0057777002142678,0.015392608648026199,-0.0009181028417713927,1,ok,CI_UNAVAILABLE
single,hek293t,linear,sequence_ctcf_dnase_h3k4me3,dnase,sequence_ctcf_h3k4me3,-0.0367555276393594,-0.0373689783001167,-0.0006134506607572976,3.6170916227498684e-05,1,ok,CI_UNAVAILABLE
single,hek293t,linear,sequence_ctcf_h3k4me3_rrbs,rrbs,sequence_ctcf_h3k4me3,-0.0513576450922472,-0.0373689783001167,0.013988666792130504,-0.0008219307661472969,1,ok,CI_UNAVAILABLE
single,hek293t,linear,sequence_ctcf_dnase_rrbs,dnase,sequence_ctcf_rrbs,-0.021170308862294,-0.0211413444377952,2.8964424498800073e-05,-1.7210804600931162e-06,1,ok,CI_UNAVAILABLE
single,hek293t,linear,sequence_ctcf_h3k4me3_rrbs,h3k4me3,sequence_ctcf_rrbs,-0.0513576450922472,-0.0211413444377952,0.030216300654452004,-0.0017823908649114983,1,ok,CI_UNAVAILABLE
single,hek293t,linear,sequence_ctcf_dnase_h3k4me3,ctcf,sequence_dnase_h3k4me3,-0.0367555276393594,-0.0318865291716123,0.004868998467747104,-0.0002874713321435046,1,ok,CI_UNAVAILABLE
single,hek293t,linear,sequence_dnase_h3k4me3_rrbs,rrbs,sequence_dnase_h3k4me3,-0.0470962435556154,-0.0318865291716123,0.0152097143840031,-0.0008957685219441042,1,ok,CI_UNAVAILABLE
single,hek293t,linear,sequence_ctcf_dnase_rrbs,ctcf,sequence_dnase_rrbs,-0.021170308862294,-0.019640565193677,0.0015297436686169986,-9.093154976148876e-05,1,ok,CI_UNAVAILABLE
single,hek293t,linear,sequence_dnase_h3k4me3_rrbs,h3k4me3,sequence_dnase_rrbs,-0.0470962435556154,-0.019640565193677,0.027455678361938397,-0.001621796841638698,1,ok,CI_UNAVAILABLE
single,hek293t,linear,sequence_ctcf_h3k4me3_rrbs,ctcf,sequence_h3k4me3_rrbs,-0.0513576450922472,-0.0479041532375488,0.0034534918546984053,-0.00020240561649140232,1,ok,CI_UNAVAILABLE
single,hek293t,linear,sequence_dnase_h3k4me3_rrbs,dnase,sequence_h3k4me3_rrbs,-0.0470962435556154,-0.0479041532375488,-0.0008079096819334011,4.7398876082793695e-05,1,ok,CI_UNAVAILABLE
single,hek293t,linear,all,rrbs,sequence_ctcf_dnase_h3k4me3,-0.0510118985867347,-0.0367555276393594,0.0142563709473753,-0.0008378528236454019,1,ok,CI_UNAVAILABLE
single,hek293t,linear,all,h3k4me3,sequence_ctcf_dnase_rrbs,-0.0510118985867347,-0.021170308862294,0.029841589724440704,-0.0017604209257220116,1,ok,CI_UNAVAILABLE
single,hek293t,linear,all,dnase,sequence_ctcf_h3k4me3_rrbs,-0.0510118985867347,-0.0513576450922472,-0.00034574650551250086,2.0248858729393637e-05,1,ok,CI_UNAVAILABLE
single,hek293t,linear,all,ctcf,sequence_dnase_h3k4me3_rrbs,-0.0510118985867347,-0.0470962435556154,0.003915655031119306,-0.00022955563384480238,1,ok,CI_UNAVAILABLE
single,hek293t,mlp,sequence_ctcf,ctcf,sequence,-0.001575706728683,-0.0036809091350349,-0.0021052024063518996,0.00012624268317600051,1,ok,CI_UNAVAILABLE
single,hek293t,mlp,sequence_dnase,dnase,sequence,-0.0063429899947413,-0.0036809091350349,0.0026620808597064,-0.00015944760686180393,1,ok,CI_UNAVAILABLE
single,hek293t,mlp,sequence_h3k4me3,h3k4me3,sequence,-0.0205978435849789,-0.0036809091350349,0.016916934449944,-0.0010096888897674072,1,ok,CI_UNAVAILABLE
single,hek293t,mlp,sequence_rrbs,rrbs,sequence,-0.0029248721884707,-0.0036809091350349,-0.0007560369465642001,4.532202180448919e-05,1,ok,CI_UNAVAILABLE
single,hek293t,mlp,sequence_ctcf_dnase,dnase,sequence_ctcf,0.0126023369114952,-0.001575706728683,-0.0141780436401782,0.0008536932763110877,1,ok,CI_UNAVAILABLE
single,hek293t,mlp,sequence_ctcf_h3k4me3,h3k4me3,sequence_ctcf,-0.037412207362971,-0.001575706728683,0.035836500634288004,-0.002131239802763113,1,ok,CI_UNAVAILABLE
single,hek293t,mlp,sequence_ctcf_rrbs,rrbs,sequence_ctcf,0.0026055461294058,-0.001575706728683,-0.0041812528580888,0.0002511312692808909,1,ok,CI_UNAVAILABLE
single,hek293t,mlp,sequence_ctcf_dnase,ctcf,sequence_dnase,0.0126023369114952,-0.0063429899947413,-0.0189453269062365,0.0011393835663488922,1,ok,CI_UNAVAILABLE
single,hek293t,mlp,sequence_dnase_h3k4me3,h3k4me3,sequence_dnase,-0.029258263315482,-0.0063429899947413,0.0229152733207407,-0.0013639009897527948,1,ok,CI_UNAVAILABLE
single,hek293t,mlp,sequence_dnase_rrbs,rrbs,sequence_dnase,-0.0020466934069569,-0.0063429899947413,-0.0042962965877844,0.0002574351174067929,1,ok,CI_UNAVAILABLE
single,hek293t,mlp,sequence_ctcf_h3k4me3,ctcf,sequence_h3k4me3,-0.037412207362971,-0.0205978435849789,0.016814363777992104,-0.0009953082298197052,1,ok,CI_UNAVAILABLE
single,hek293t,mlp,sequence_dnase_h3k4me3,dnase,sequence_h3k4me3,-0.029258263315482,-0.0205978435849789,0.008660419730503102,-0.0005136597068471915,1,ok,CI_UNAVAILABLE
single,hek293t,mlp,sequence_h3k4me3_rrbs,rrbs,sequence_h3k4me3,-0.0195441520178358,-0.0205978435849789,-0.0010536915671430988,6.26441612495976e-05,1,ok,CI_UNAVAILABLE
single,hek293t,mlp,sequence_ctcf_rrbs,ctcf,sequence_rrbs,0.0026055461294058,-0.0029248721884707,-0.0055304183178765,0.00033205193065240224,1,ok,CI_UNAVAILABLE
single,hek293t,mlp,sequence_dnase_rrbs,dnase,sequence_rrbs,-0.0020466934069569,-0.0029248721884707,-0.0008781787815137997,5.266548874049981e-05,1,ok,CI_UNAVAILABLE
single,hek293t,mlp,sequence_h3k4me3_rrbs,h3k4me3,sequence_rrbs,-0.0195441520178358,-0.0029248721884707,0.0166192798293651,-0.0009923667503222988,1,ok,CI_UNAVAILABLE
single,hek293t,mlp,sequence_ctcf_dnase_h3k4me3,h3k4me3,sequence_ctcf_dnase,-0.0077747848723057,0.0126023369114952,0.020377121783800897,-0.0012250549297627006,1,ok,CI_UNAVAILABLE
single,hek293t,mlp,sequence_ctcf_dnase_rrbs,rrbs,sequence_ctcf_dnase,0.0123304194979029,0.0126023369114952,0.0002719174135922993,-1.643021915849474e-05,1,ok,CI_UNAVAILABLE
single,hek293t,mlp,sequence_ctcf_dnase_h3k4me3,dnase,sequence_ctcf_h3k4me3,-0.0077747848723057,-0.037412207362971,-0.029637422490665304,0.0017598781493115,1,ok,CI_UNAVAILABLE
single,hek293t,mlp,sequence_ctcf_h3k4me3_rrbs,rrbs,sequence_ctcf_h3k4me3,-0.0367355006030813,-0.037412207362971,-0.0006767067598897059,3.990046509350087e-05,1,ok,CI_UNAVAILABLE
single,hek293t,mlp,sequence_ctcf_dnase_rrbs,dnase,sequence_ctcf_rrbs,0.0123304194979029,0.0026055461294058,-0.0097248733684971,0.0005861317878717021,1,ok,CI_UNAVAILABLE
single,hek293t,mlp,sequence_ctcf_h3k4me3_rrbs,h3k4me3,sequence_ctcf_rrbs,-0.0367355006030813,0.0026055461294058,0.039341046732487096,-0.002342470606950503,1,ok,CI_UNAVAILABLE
single,hek293t,mlp,sequence_ctcf_dnase_h3k4me3,ctcf,sequence_dnase_h3k4me3,-0.0077747848723057,-0.029258263315482,-0.0214834784431763,0.0012782296263389864,1,ok,CI_UNAVAILABLE
single,hek293t,mlp,sequence_dnase_h3k4me3_rrbs,rrbs,sequence_dnase_h3k4me3,-0.0202033681874422,-0.029258263315482,-0.009054895128039801,0.0005371083031968926,1,ok,CI_UNAVAILABLE
single,hek293t,mlp,sequence_ctcf_dnase_rrbs,ctcf,sequence_dnase_rrbs,0.0123304194979029,-0.0020466934069569,-0.014377112904859799,0.0008655182297836045,1,ok,CI_UNAVAILABLE
single,hek293t,mlp,sequence_dnase_h3k4me3_rrbs,h3k4me3,sequence_dnase_rrbs,-0.0202033681874422,-0.0020466934069569,0.0181566747804853,-0.0010842278039626951,1,ok,CI_UNAVAILABLE
single,hek293t,mlp,sequence_ctcf_h3k4me3_rrbs,ctcf,sequence_h3k4me3_rrbs,-0.0367355006030813,-0.0195441520178358,0.017191348585245497,-0.001018051925975802,1,ok,CI_UNAVAILABLE
single,hek293t,mlp,sequence_dnase_h3k4me3_rrbs,dnase,sequence_h3k4me3_rrbs,-0.0202033681874422,-0.0195441520178358,0.000659216169606399,-3.919556489989651e-05,1,ok,CI_UNAVAILABLE
single,hek293t,mlp,all,rrbs,sequence_ctcf_dnase_h3k4me3,-0.0218754779576473,-0.0077747848723057,0.0141006930853416,-0.0008404845862717975,1,ok,CI_UNAVAILABLE
single,hek293t,mlp,all,h3k4me3,sequence_ctcf_dnase_rrbs,-0.0218754779576473,0.0123304194979029,0.0342058974555502,-0.0020491092968760033,1,ok,CI_UNAVAILABLE
single,hek293t,mlp,all,dnase,sequence_ctcf_h3k4me3_rrbs,-0.0218754779576473,-0.0367355006030813,-0.014860022645433998,0.0008794930979462018,1,ok,CI_UNAVAILABLE
single,hek293t,mlp,all,ctcf,sequence_dnase_h3k4me3_rrbs,-0.0218754779576473,-0.0202033681874422,0.001672109770205099,-9.936326312970367e-05,1,ok,CI_UNAVAILABLE
single,hek293t,transformer,sequence_ctcf,ctcf,sequence,0.0223584858819947,0.0365317119118739,0.014173226029879197,-0.0008638609327887015,1,ok,CI_UNAVAILABLE
single,hek293t,transformer,sequence_dnase,dnase,sequence,0.0431414979032251,0.0365317119118739,-0.0066097859913512025,0.0004050398457235982,1,ok,CI_UNAVAILABLE
single,hek293t,transformer,sequence_h3k4me3,h3k4me3,sequence,-0.0204490928853329,0.0365317119118739,0.0569808047972068,-0.0034356495811109083,1,ok,CI_UNAVAILABLE
single,hek293t,transformer,sequence_rrbs,rrbs,sequence,0.0060144760732382,0.0365317119118739,0.0305172358386357,-0.0018522939410414024,1,ok,CI_UNAVAILABLE
single,hek293t,transformer,sequence_ctcf_dnase,dnase,sequence_ctcf,0.0404105676069245,0.0223584858819947,-0.018052081724929798,0.0011013835454402043,1,ok,CI_UNAVAILABLE
single,hek293t,transformer,sequence_ctcf_h3k4me3,h3k4me3,sequence_ctcf,-0.0707490636858645,0.0223584858819947,0.0931075495678592,-0.005525709345849797,1,ok,CI_UNAVAILABLE
single,hek293t,transformer,sequence_ctcf_rrbs,rrbs,sequence_ctcf,0.0085622601967426,0.0223584858819947,0.0137962256852521,-0.0008348887993890053,1,ok,CI_UNAVAILABLE
single,hek293t,transformer,sequence_ctcf_dnase,ctcf,sequence_dnase,0.0404105676069245,0.0431414979032251,0.0027309302963006016,-0.00016751723307209532,1,ok,CI_UNAVAILABLE
single,hek293t,transformer,sequence_dnase_h3k4me3,h3k4me3,sequence_dnase,0.0202200253958071,0.0431414979032251,0.022921472507418,-0.0013986953104641042,1,ok,CI_UNAVAILABLE
single,hek293t,transformer,sequence_dnase_rrbs,rrbs,sequence_dnase,0.0059414086144877,0.0431414979032251,0.0372000892887374,-0.002261734350063299,1,ok,CI_UNAVAILABLE
single,hek293t,transformer,sequence_ctcf_h3k4me3,ctcf,sequence_h3k4me3,-0.0707490636858645,-0.0204490928853329,0.050299970800531606,-0.00295392069752759,1,ok,CI_UNAVAILABLE
single,hek293t,transformer,sequence_dnase_h3k4me3,dnase,sequence_h3k4me3,0.0202200253958071,-0.0204490928853329,-0.040669118281140004,0.0024419941163704023,1,ok,CI_UNAVAILABLE
single,hek293t,transformer,sequence_h3k4me3_rrbs,rrbs,sequence_h3k4me3,-0.0004424179901763,-0.0204490928853329,-0.0200066748951566,0.001195104863613003,1,ok,CI_UNAVAILABLE
single,hek293t,transformer,sequence_ctcf_rrbs,ctcf,sequence_rrbs,0.0085622601967426,0.0060144760732382,-0.0025477841235044003,0.00015354420886369569,1,ok,CI_UNAVAILABLE
single,hek293t,transformer,sequence_dnase_rrbs,dnase,sequence_rrbs,0.0059414086144877,0.0060144760732382,7.306745875049984e-05,-4.400563298298521e-06,1,ok,CI_UNAVAILABLE
single,hek293t,transformer,sequence_h3k4me3_rrbs,h3k4me3,sequence_rrbs,-0.0004424179901763,0.0060144760732382,0.0064568940634145,-0.00038825077645650297,1,ok,CI_UNAVAILABLE
single,hek293t,transformer,sequence_ctcf_dnase_h3k4me3,h3k4me3,sequence_ctcf_dnase,-0.1031966615109034,0.0404105676069245,0.1436072291178279,-0.008495913326705198,1,ok,CI_UNAVAILABLE
single,hek293t,transformer,sequence_ctcf_dnase_rrbs,rrbs,sequence_ctcf_dnase,0.0143302336713243,0.0404105676069245,0.0260803339356002,-0.0015879303360665092,1,ok,CI_UNAVAILABLE
single,hek293t,transformer,sequence_ctcf_dnase_h3k4me3,dnase,sequence_ctcf_h3k4me3,-0.1031966615109034,-0.0707490636858645,0.03244759782503889,-0.0018688204354151972,1,ok,CI_UNAVAILABLE
single,hek293t,transformer,sequence_ctcf_h3k4me3_rrbs,rrbs,sequence_ctcf_h3k4me3,-0.0201635244399849,-0.0707490636858645,-0.05058553924587961,0.0029708963787920956,1,ok,CI_UNAVAILABLE
single,hek293t,transformer,sequence_ctcf_dnase_rrbs,dnase,sequence_ctcf_rrbs,0.0143302336713243,0.0085622601967426,-0.0057679734745816995,0.0003483420087627004,1,ok,CI_UNAVAILABLE
single,hek293t,transformer,sequence_ctcf_h3k4me3_rrbs,h3k4me3,sequence_ctcf_rrbs,-0.0201635244399849,0.0085622601967426,0.0287257846367275,-0.001719924167668696,1,ok,CI_UNAVAILABLE
single,hek293t,transformer,sequence_ctcf_dnase_h3k4me3,ctcf,sequence_dnase_h3k4me3,-0.1031966615109034,0.0202200253958071,0.1234166869067105,-0.0072647352493131895,1,ok,CI_UNAVAILABLE
single,hek293t,transformer,sequence_dnase_h3k4me3_rrbs,rrbs,sequence_dnase_h3k4me3,0.0049580303540287,0.0202200253958071,0.0152619950417784,-0.0009222482847380947,1,ok,CI_UNAVAILABLE
single,hek293t,transformer,sequence_ctcf_dnase_rrbs,ctcf,sequence_dnase_rrbs,0.0143302336713243,0.0059414086144877,-0.0083888250568366,0.0005062867809246946,1,ok,CI_UNAVAILABLE
single,hek293t,transformer,sequence_dnase_h3k4me3_rrbs,h3k4me3,sequence_dnase_rrbs,0.0049580303540287,0.0059414086144877,0.0009833782604589999,-5.92092451388998e-05,1,ok,CI_UNAVAILABLE
single,hek293t,transformer,sequence_ctcf_h3k4me3_rrbs,ctcf,sequence_h3k4me3_rrbs,-0.0201635244399849,-0.0004424179901763,0.019721106449808602,-0.0011781291823484974,1,ok,CI_UNAVAILABLE
single,hek293t,transformer,sequence_dnase_h3k4me3_rrbs,dnase,sequence_h3k4me3_rrbs,0.0049580303540287,-0.0004424179901763,-0.005400448344205,0.00032464096801930464,1,ok,CI_UNAVAILABLE
single,hek293t,transformer,all,rrbs,sequence_ctcf_dnase_h3k4me3,-0.0224039528041291,-0.1031966615109034,-0.0807927087067743,0.004706597767426296,1,ok,CI_UNAVAILABLE
single,hek293t,transformer,all,h3k4me3,sequence_ctcf_dnase_rrbs,-0.0224039528041291,0.0143302336713243,0.0367341864754534,-0.002201385223212393,1,ok,CI_UNAVAILABLE
single,hek293t,transformer,all,dnase,sequence_ctcf_h3k4me3_rrbs,-0.0224039528041291,-0.0201635244399849,0.0022404283641442,-0.00013311904678099673,1,ok,CI_UNAVAILABLE
single,hek293t,transformer,all,ctcf,sequence_dnase_h3k4me3_rrbs,-0.0224039528041291,0.0049580303540287,0.027361983158157802,-0.0016358891971487988,1,ok,CI_UNAVAILABLE
single,hek293t,xgboost,sequence_ctcf,ctcf,sequence,0.0458632506012794,0.0372497226251367,-0.008613527976142704,0.0005283006968273968,1,ok,CI_UNAVAILABLE
single,hek293t,xgboost,sequence_dnase,dnase,sequence,0.0372497226251367,0.0372497226251367,-0.0,-0.0,1,ok,CI_UNAVAILABLE
single,hek293t,xgboost,sequence_h3k4me3,h3k4me3,sequence,0.0190666566113274,0.0372497226251367,0.0181830660138093,-0.0011075321879922967,1,ok,CI_UNAVAILABLE
single,hek293t,xgboost,sequence_rrbs,rrbs,sequence,0.044806695998697,0.0372497226251367,-0.007556973373560302,0.00046337019843439853,1,ok,CI_UNAVAILABLE
single,hek293t,xgboost,sequence_ctcf_dnase,dnase,sequence_ctcf,0.0458632506012794,0.0458632506012794,-0.0,-0.0,1,ok,CI_UNAVAILABLE
single,hek293t,xgboost,sequence_ctcf_h3k4me3,h3k4me3,sequence_ctcf,0.0167968400307224,0.0458632506012794,0.029066410570557002,-0.00177336441688479,1,ok,CI_UNAVAILABLE
single,hek293t,xgboost,sequence_ctcf_rrbs,rrbs,sequence_ctcf,0.0316066736129798,0.0458632506012794,0.014256576988299602,-0.0008731300906441031,1,ok,CI_UNAVAILABLE
single,hek293t,xgboost,sequence_ctcf_dnase,ctcf,sequence_dnase,0.0458632506012794,0.0372497226251367,-0.008613527976142704,0.0005283006968273968,1,ok,CI_UNAVAILABLE
single,hek293t,xgboost,sequence_dnase_h3k4me3,h3k4me3,sequence_dnase,0.0190666566113274,0.0372497226251367,0.0181830660138093,-0.0011075321879922967,1,ok,CI_UNAVAILABLE
single,hek293t,xgboost,sequence_dnase_rrbs,rrbs,sequence_dnase,0.044806695998697,0.0372497226251367,-0.007556973373560302,0.00046337019843439853,1,ok,CI_UNAVAILABLE
single,hek293t,xgboost,sequence_ctcf_h3k4me3,ctcf,sequence_h3k4me3,0.0167968400307224,0.0190666566113274,0.002269816580604999,-0.0001375315320650966,1,ok,CI_UNAVAILABLE
single,hek293t,xgboost,sequence_dnase_h3k4me3,dnase,sequence_h3k4me3,0.0190666566113274,0.0190666566113274,-0.0,-0.0,1,ok,CI_UNAVAILABLE
single,hek293t,xgboost,sequence_h3k4me3_rrbs,rrbs,sequence_h3k4me3,0.0188954814013209,0.0190666566113274,0.00017117521000650088,-1.0377301998709676e-05,1,ok,CI_UNAVAILABLE
single,hek293t,xgboost,sequence_ctcf_rrbs,ctcf,sequence_rrbs,0.0316066736129798,0.044806695998697,0.0132000223857172,-0.0008081995922511048,1,ok,CI_UNAVAILABLE
single,hek293t,xgboost,sequence_dnase_rrbs,dnase,sequence_rrbs,0.044806695998697,0.044806695998697,-0.0,-0.0,1,ok,CI_UNAVAILABLE
single,hek293t,xgboost,sequence_h3k4me3_rrbs,h3k4me3,sequence_rrbs,0.0188954814013209,0.044806695998697,0.025911214597376102,-0.001581279688425405,1,ok,CI_UNAVAILABLE
single,hek293t,xgboost,sequence_ctcf_dnase_h3k4me3,h3k4me3,sequence_ctcf_dnase,0.0167968400307224,0.0458632506012794,0.029066410570557002,-0.00177336441688479,1,ok,CI_UNAVAILABLE
single,hek293t,xgboost,sequence_ctcf_dnase_rrbs,rrbs,sequence_ctcf_dnase,0.0316066736129798,0.0458632506012794,0.014256576988299602,-0.0008731300906441031,1,ok,CI_UNAVAILABLE
single,hek293t,xgboost,sequence_ctcf_dnase_h3k4me3,dnase,sequence_ctcf_h3k4me3,0.0167968400307224,0.0167968400307224,-0.0,-0.0,1,ok,CI_UNAVAILABLE
single,hek293t,xgboost,sequence_ctcf_h3k4me3_rrbs,rrbs,sequence_ctcf_h3k4me3,0.0096359384694149,0.0167968400307224,0.007160901561307501,-0.00043285230493900206,1,ok,CI_UNAVAILABLE
single,hek293t,xgboost,sequence_ctcf_dnase_rrbs,dnase,sequence_ctcf_rrbs,0.0316066736129798,0.0316066736129798,-0.0,-0.0,1,ok,CI_UNAVAILABLE
single,hek293t,xgboost,sequence_ctcf_h3k4me3_rrbs,h3k4me3,sequence_ctcf_rrbs,0.0096359384694149,0.0316066736129798,0.0219707351435649,-0.001333086631179689,1,ok,CI_UNAVAILABLE
single,hek293t,xgboost,sequence_ctcf_dnase_h3k4me3,ctcf,sequence_dnase_h3k4me3,0.0167968400307224,0.0190666566113274,0.002269816580604999,-0.0001375315320650966,1,ok,CI_UNAVAILABLE
single,hek293t,xgboost,sequence_dnase_h3k4me3_rrbs,rrbs,sequence_dnase_h3k4me3,0.0188954814013209,0.0190666566113274,0.00017117521000650088,-1.0377301998709676e-05,1,ok,CI_UNAVAILABLE
single,hek293t,xgboost,sequence_ctcf_dnase_rrbs,ctcf,sequence_dnase_rrbs,0.0316066736129798,0.044806695998697,0.0132000223857172,-0.0008081995922511048,1,ok,CI_UNAVAILABLE
single,hek293t,xgboost,sequence_dnase_h3k4me3_rrbs,h3k4me3,sequence_dnase_rrbs,0.0188954814013209,0.044806695998697,0.025911214597376102,-0.001581279688425405,1,ok,CI_UNAVAILABLE
single,hek293t,xgboost,sequence_ctcf_h3k4me3_rrbs,ctcf,sequence_h3k4me3_rrbs,0.0096359384694149,0.0188954814013209,0.009259542931906,-0.000560006535005389,1,ok,CI_UNAVAILABLE
single,hek293t,xgboost,sequence_dnase_h3k4me3_rrbs,dnase,sequence_h3k4me3_rrbs,0.0188954814013209,0.0188954814013209,-0.0,-0.0,1,ok,CI_UNAVAILABLE
single,hek293t,xgboost,all,rrbs,sequence_ctcf_dnase_h3k4me3,0.0096359384694149,0.0167968400307224,0.007160901561307501,-0.00043285230493900206,1,ok,CI_UNAVAILABLE
single,hek293t,xgboost,all,h3k4me3,sequence_ctcf_dnase_rrbs,0.0096359384694149,0.0316066736129798,0.0219707351435649,-0.001333086631179689,1,ok,CI_UNAVAILABLE
single,hek293t,xgboost,all,dnase,sequence_ctcf_h3k4me3_rrbs,0.0096359384694149,0.0096359384694149,-0.0,-0.0,1,ok,CI_UNAVAILABLE
single,hek293t,xgboost,all,ctcf,sequence_dnase_h3k4me3_rrbs,0.0096359384694149,0.0188954814013209,0.009259542931906,-0.000560006535005389,1,ok,CI_UNAVAILABLE
single,hela,cnn(3|3),sequence_ctcf,ctcf,sequence,0.0803180918303588,0.0685170169818476,-0.0118010748485112,0.0011441301677685978,1,ok,CI_UNAVAILABLE
single,hela,cnn(3|3),sequence_dnase,dnase,sequence,0.078055564049665,0.0685170169818476,-0.009538547067817399,0.0009242087830841073,1,ok,CI_UNAVAILABLE
single,hela,cnn(3|3),sequence_h3k4me3,h3k4me3,sequence,0.0637529270326924,0.0685170169818476,0.004764089949155198,-0.0004598301783907133,1,ok,CI_UNAVAILABLE
single,hela,cnn(3|3),sequence_rrbs,rrbs,sequence,0.0635993921228823,0.0685170169818476,0.004917624858965297,-0.00047462989223689966,1,ok,CI_UNAVAILABLE
single,hela,cnn(3|3),sequence_ctcf_dnase,dnase,sequence_ctcf,0.0699838651334383,0.0803180918303588,0.01033422669692051,-0.0010023132662196899,1,ok,CI_UNAVAILABLE
single,hela,cnn(3|3),sequence_ctcf_h3k4me3,h3k4me3,sequence_ctcf,0.083140259334809,0.0803180918303588,-0.0028221675044501904,0.0002746987875703877,1,ok,CI_UNAVAILABLE
single,hela,cnn(3|3),sequence_ctcf_rrbs,rrbs,sequence_ctcf,0.0870765976080532,0.0803180918303588,-0.006758505777694393,0.0006585536720500884,1,ok,CI_UNAVAILABLE
single,hela,cnn(3|3),sequence_ctcf_dnase,ctcf,sequence_dnase,0.0699838651334383,0.078055564049665,0.008071698916226708,-0.0007823918815351993,1,ok,CI_UNAVAILABLE
single,hela,cnn(3|3),sequence_dnase_h3k4me3,h3k4me3,sequence_dnase,0.0727466610750829,0.078055564049665,0.0053089029745821,-0.0005149769288431971,1,ok,CI_UNAVAILABLE
single,hela,cnn(3|3),sequence_dnase_rrbs,rrbs,sequence_dnase,0.0668859205337433,0.078055564049665,0.011169643515921701,-0.0010817743817945202,1,ok,CI_UNAVAILABLE
single,hela,cnn(3|3),sequence_ctcf_h3k4me3,ctcf,sequence_h3k4me3,0.083140259334809,0.0637529270326924,-0.01938733230211659,0.0018786591337296987,1,ok,CI_UNAVAILABLE
single,hela,cnn(3|3),sequence_dnase_h3k4me3,dnase,sequence_h3k4me3,0.0727466610750829,0.0637529270326924,-0.008993734042390497,0.0008690620326316234,1,ok,CI_UNAVAILABLE
single,hela,cnn(3|3),sequence_h3k4me3_rrbs,rrbs,sequence_h3k4me3,0.0734982009465675,0.0637529270326924,-0.0097452739138751,0.0009418735479616025,1,ok,CI_UNAVAILABLE
single,hela,cnn(3|3),sequence_ctcf_rrbs,ctcf,sequence_rrbs,0.0870765976080532,0.0635993921228823,-0.02347720548517089,0.002277313732055586,1,ok,CI_UNAVAILABLE
single,hela,cnn(3|3),sequence_dnase_rrbs,dnase,sequence_rrbs,0.0668859205337433,0.0635993921228823,-0.003286528410860995,0.0003170642935264867,1,ok,CI_UNAVAILABLE
single,hela,cnn(3|3),sequence_h3k4me3_rrbs,h3k4me3,sequence_rrbs,0.0734982009465675,0.0635993921228823,-0.009898808823685198,0.0009566732618077889,1,ok,CI_UNAVAILABLE
single,hela,cnn(3|3),sequence_ctcf_dnase_h3k4me3,h3k4me3,sequence_ctcf_dnase,0.0712387501360465,0.0699838651334383,-0.0012548850026082026,0.00012141280202809801,1,ok,CI_UNAVAILABLE
single,hela,cnn(3|3),sequence_ctcf_dnase_rrbs,rrbs,sequence_ctcf_dnase,0.0610257155061446,0.0699838651334383,0.008958149627293695,-0.0008643512015548971,1,ok,CI_UNAVAILABLE
single,hela,cnn(3|3),sequence_ctcf_dnase_h3k4me3,dnase,sequence_ctcf_h3k4me3,0.0712387501360465,0.083140259334809,0.011901509198762497,-0.0011555992517619795,1,ok,CI_UNAVAILABLE
single,hela,cnn(3|3),sequence_ctcf_h3k4me3_rrbs,rrbs,sequence_ctcf_h3k4me3,0.0790473224617382,0.083140259334809,0.004092936873070788,-0.0003982528964869003,1,ok,CI_UNAVAILABLE
single,hela,cnn(3|3),sequence_ctcf_dnase_rrbs,dnase,sequence_ctcf_rrbs,0.0610257155061446,0.0870765976080532,0.026050882101908597,-0.0025252181398246754,1,ok,CI_UNAVAILABLE
single,hela,cnn(3|3),sequence_ctcf_h3k4me3_rrbs,h3k4me3,sequence_ctcf_rrbs,0.0790473224617382,0.0870765976080532,0.00802927514631499,-0.000782107780966601,1,ok,CI_UNAVAILABLE
single,hela,cnn(3|3),sequence_ctcf_dnase_h3k4me3,ctcf,sequence_dnase_h3k4me3,0.0712387501360465,0.0727466610750829,0.0015079109390364054,-0.0001460021506639042,1,ok,CI_UNAVAILABLE
single,hela,cnn(3|3),sequence_dnase_h3k4me3_rrbs,rrbs,sequence_dnase_h3k4me3,0.0741035274606985,0.0727466610750829,-0.0013568663856155933,0.0001314789012601958,1,ok,CI_UNAVAILABLE
single,hela,cnn(3|3),sequence_ctcf_dnase_rrbs,ctcf,sequence_dnase_rrbs,0.0610257155061446,0.0668859205337433,0.005860205027598701,-0.0005649687012955762,1,ok,CI_UNAVAILABLE
single,hela,cnn(3|3),sequence_dnase_h3k4me3_rrbs,h3k4me3,sequence_dnase_rrbs,0.0741035274606985,0.0668859205337433,-0.007217606926955195,0.0006982763542115189,1,ok,CI_UNAVAILABLE
single,hela,cnn(3|3),sequence_ctcf_h3k4me3_rrbs,ctcf,sequence_h3k4me3_rrbs,0.0790473224617382,0.0734982009465675,-0.005549121515170702,0.0005385326892811959,1,ok,CI_UNAVAILABLE
single,hela,cnn(3|3),sequence_dnase_h3k4me3_rrbs,dnase,sequence_h3k4me3_rrbs,0.0741035274606985,0.0734982009465675,-0.000605326514130991,5.86673859302167e-05,1,ok,CI_UNAVAILABLE
single,hela,cnn(3|3),all,rrbs,sequence_ctcf_dnase_h3k4me3,0.0839952925913092,0.0712387501360465,-0.012756542455262698,0.0012389082789924788,1,ok,CI_UNAVAILABLE
single,hela,cnn(3|3),all,h3k4me3,sequence_ctcf_dnase_rrbs,0.0839952925913092,0.0610257155061446,-0.022969577085164596,0.002224672282575474,1,ok,CI_UNAVAILABLE
single,hela,cnn(3|3),all,dnase,sequence_ctcf_h3k4me3_rrbs,0.0839952925913092,0.0790473224617382,-0.004947970129570989,0.0004815619237173996,1,ok,CI_UNAVAILABLE
single,hela,cnn(3|3),all,ctcf,sequence_dnase_h3k4me3_rrbs,0.0839952925913092,0.0741035274606985,-0.0098917651306107,0.0009614272270683788,1,ok,CI_UNAVAILABLE
single,hela,cnn(5|3),sequence_ctcf,ctcf,sequence,0.0800025015118214,0.1004897576259579,0.0204872561141365,-0.0020034935293163914,1,ok,CI_UNAVAILABLE
single,hela,cnn(5|3),sequence_dnase,dnase,sequence,0.0812967940510498,0.1004897576259579,0.0191929635749081,-0.0018775861536876881,1,ok,CI_UNAVAILABLE
single,hela,cnn(5|3),sequence_h3k4me3,h3k4me3,sequence,0.076765109984681,0.1004897576259579,0.023724647641276894,-0.0023180361964390828,1,ok,CI_UNAVAILABLE
single,hela,cnn(5|3),sequence_rrbs,rrbs,sequence,0.1072008840063104,0.1004897576259579,-0.006711126380352511,0.0006612472981669115,1,ok,CI_UNAVAILABLE
single,hela,cnn(5|3),sequence_ctcf_dnase,dnase,sequence_ctcf,0.0775939608372582,0.0800025015118214,0.0024085406745631976,-0.00023406469741429903,1,ok,CI_UNAVAILABLE
single,hela,cnn(5|3),sequence_ctcf_h3k4me3,h3k4me3,sequence_ctcf,0.0769969888292233,0.0800025015118214,0.003005512682598091,-0.00029203183673920385,1,ok,CI_UNAVAILABLE
single,hela,cnn(5|3),sequence_ctcf_rrbs,rrbs,sequence_ctcf,0.0744513868223598,0.0800025015118214,0.005551114689461595,-0.0005390045848026048,1,ok,CI_UNAVAILABLE
single,hela,cnn(5|3),sequence_ctcf_dnase,ctcf,sequence_dnase,0.0775939608372582,0.0812967940510498,0.003702833213791598,-0.00035997207304300227,1,ok,CI_UNAVAILABLE
single,hela,cnn(5|3),sequence_dnase_h3k4me3,h3k4me3,sequence_dnase,0.0716292490850585,0.0812967940510498,0.009667544965991301,-0.0009383173868000028,1,ok,CI_UNAVAILABLE
single,hela,cnn(5|3),sequence_dnase_rrbs,rrbs,sequence_dnase,0.1175420697963045,0.0812967940510498,-0.0362452757452547,0.003562634992222008,1,ok,CI_UNAVAILABLE
single,hela,cnn(5|3),sequence_ctcf_h3k4me3,ctcf,sequence_h3k4me3,0.0769969888292233,0.076765109984681,-0.000231878844542302,2.2510830383487557e-05,1,ok,CI_UNAVAILABLE
single,hela,cnn(5|3),sequence_dnase_h3k4me3,dnase,sequence_h3k4me3,0.0716292490850585,0.076765109984681,0.0051358608996225075,-0.0004978673440486081,1,ok,CI_UNAVAILABLE
single,hela,cnn(5|3),sequence_h3k4me3_rrbs,rrbs,sequence_h3k4me3,0.0607733904200245,0.076765109984681,0.015991719564656504,-0.0015457161126360974,1,ok,CI_UNAVAILABLE
single,hela,cnn(5|3),sequence_ctcf_rrbs,ctcf,sequence_rrbs,0.0744513868223598,0.1072008840063104,0.03274949718395061,-0.0032037454122859077,1,ok,CI_UNAVAILABLE
single,hela,cnn(5|3),sequence_dnase_rrbs,dnase,sequence_rrbs,0.1175420697963045,0.1072008840063104,-0.010341185789994087,0.0010238015403674083,1,ok,CI_UNAVAILABLE
single,hela,cnn(5|3),sequence_h3k4me3_rrbs,h3k4me3,sequence_rrbs,0.0607733904200245,0.1072008840063104,0.04642749358628591,-0.004524999607242092,1,ok,CI_UNAVAILABLE
single,hela,cnn(5|3),sequence_ctcf_dnase_h3k4me3,h3k4me3,sequence_ctcf_dnase,0.0738350798165747,0.0775939608372582,0.003758881020683502,-0.0003646825299442047,1,ok,CI_UNAVAILABLE
single,hela,cnn(5|3),sequence_ctcf_dnase_rrbs,rrbs,sequence_ctcf_dnase,0.1089418377300953,0.0775939608372582,-0.03134787689283711,0.003070747315431388,1,ok,CI_UNAVAILABLE
single,hela,cnn(5|3),sequence_ctcf_dnase_h3k4me3,dnase,sequence_ctcf_h3k4me3,0.0738350798165747,0.0769969888292233,0.003161909012648609,-0.00030671539061929987,1,ok,CI_UNAVAILABLE
single,hela,cnn(5|3),sequence_ctcf_h3k4me3_rrbs,rrbs,sequence_ctcf_h3k4me3,0.1053489724805385,0.0769969888292233,-0.028351983651315193,0.0027740562588453033,1,ok,CI_UNAVAILABLE
single,hela,cnn(5|3),sequence_ctcf_dnase_rrbs,dnase,sequence_ctcf_rrbs,0.1089418377300953,0.0744513868223598,-0.034490450907735504,0.003375687202819694,1,ok,CI_UNAVAILABLE
single,hela,cnn(5|3),sequence_ctcf_h3k4me3_rrbs,h3k4me3,sequence_ctcf_rrbs,0.1053489724805385,0.0744513868223598,-0.030897585658178697,0.0030210290069087042,1,ok,CI_UNAVAILABLE
single,hela,cnn(5|3),sequence_ctcf_dnase_h3k4me3,ctcf,sequence_dnase_h3k4me3,0.0738350798165747,0.0716292490850585,-0.0022058307315162007,0.0002136627838127958,1,ok,CI_UNAVAILABLE
single,hela,cnn(5|3),sequence_dnase_h3k4me3_rrbs,rrbs,sequence_dnase_h3k4me3,0.096683310684704,0.0716292490850585,-0.025054061599645502,0.002441950367818302,1,ok,CI_UNAVAILABLE
single,hela,cnn(5|3),sequence_ctcf_dnase_rrbs,ctcf,sequence_dnase_rrbs,0.1089418377300953,0.1175420697963045,0.00860023206620919,-0.0008518597498336222,1,ok,CI_UNAVAILABLE
single,hela,cnn(5|3),sequence_dnase_h3k4me3_rrbs,h3k4me3,sequence_dnase_rrbs,0.096683310684704,0.1175420697963045,0.020858759111600497,-0.002059002011203709,1,ok,CI_UNAVAILABLE
single,hela,cnn(5|3),sequence_ctcf_h3k4me3_rrbs,ctcf,sequence_h3k4me3_rrbs,0.1053489724805385,0.0607733904200245,-0.044575582060514,0.004342283201864888,1,ok,CI_UNAVAILABLE
single,hela,cnn(5|3),sequence_dnase_h3k4me3_rrbs,dnase,sequence_h3k4me3_rrbs,0.096683310684704,0.0607733904200245,-0.0359099202646795,0.003489799136405791,1,ok,CI_UNAVAILABLE
single,hela,cnn(5|3),all,rrbs,sequence_ctcf_dnase_h3k4me3,0.1093150267516582,0.0738350798165747,-0.03547994693508351,0.003472308963958115,1,ok,CI_UNAVAILABLE
single,hela,cnn(5|3),all,h3k4me3,sequence_ctcf_dnase_rrbs,0.1093150267516582,0.1089418377300953,-0.00037318902156290024,3.687911858252235e-05,1,ok,CI_UNAVAILABLE
single,hela,cnn(5|3),all,dnase,sequence_ctcf_h3k4me3_rrbs,0.1093150267516582,0.1053489724805385,-0.003966054271119707,0.0003915373144935119,1,ok,CI_UNAVAILABLE
single,hela,cnn(5|3),all,ctcf,sequence_dnase_h3k4me3_rrbs,0.1093150267516582,0.096683310684704,-0.012631716066954207,0.001244021379952609,1,ok,CI_UNAVAILABLE
single,hela,cnn(7|3),sequence_ctcf,ctcf,sequence,0.1054343170195002,0.118753442357289,0.013319125337788798,-0.0013184220428832938,1,ok,CI_UNAVAILABLE
single,hela,cnn(7|3),sequence_dnase,dnase,sequence,0.1084901439417206,0.118753442357289,0.010263298415568403,-0.0010168068467162894,1,ok,CI_UNAVAILABLE
single,hela,cnn(7|3),sequence_h3k4me3,h3k4me3,sequence,0.0918933139341439,0.118753442357289,0.0268601284231451,-0.002648783694205986,1,ok,CI_UNAVAILABLE
single,hela,cnn(7|3),sequence_rrbs,rrbs,sequence,0.0897638746284082,0.118753442357289,0.02898956772888081,-0.0028570896450220984,1,ok,CI_UNAVAILABLE
single,hela,cnn(7|3),sequence_ctcf_dnase,dnase,sequence_ctcf,0.1051575000549199,0.1054343170195002,0.0002768169645803037,-2.729682982149928e-05,1,ok,CI_UNAVAILABLE
single,hela,cnn(7|3),sequence_ctcf_h3k4me3,h3k4me3,sequence_ctcf,0.1259907210063595,0.1054343170195002,-0.02055640398685929,0.0020389987552089095,1,ok,CI_UNAVAILABLE
single,hela,cnn(7|3),sequence_ctcf_rrbs,rrbs,sequence_ctcf,0.1232173940306776,0.1054343170195002,-0.017783077011177387,0.0017625222901798965,1,ok,CI_UNAVAILABLE
single,hela,cnn(7|3),sequence_ctcf_dnase,ctcf,sequence_dnase,0.1051575000549199,0.1084901439417206,0.0033326438868006986,-0.00032891202598850366,1,ok,CI_UNAVAILABLE
single,hela,cnn(7|3),sequence_dnase_h3k4me3,h3k4me3,sequence_dnase,0.1302863933120697,0.1084901439417206,-0.021796249370349102,0.0021664919015194906,1,ok,CI_UNAVAILABLE
single,hela,cnn(7|3),sequence_dnase_rrbs,rrbs,sequence_dnase,0.1234205343900625,0.1084901439417206,-0.014930390448341893,0.0014811435581467969,1,ok,CI_UNAVAILABLE
single,hela,cnn(7|3),sequence_ctcf_h3k4me3,ctcf,sequence_h3k4me3,0.1259907210063595,0.0918933139341439,-0.03409740707221559,0.003369360406531602,1,ok,CI_UNAVAILABLE
single,hela,cnn(7|3),sequence_dnase_h3k4me3,dnase,sequence_h3k4me3,0.1302863933120697,0.0918933139341439,-0.0383930793779258,0.0037984687490091873,1,ok,CI_UNAVAILABLE
single,hela,cnn(7|3),sequence_h3k4me3_rrbs,rrbs,sequence_h3k4me3,0.1209094468906103,0.0918933139341439,-0.029016132956466392,0.0028631349573446097,1,ok,CI_UNAVAILABLE
single,hela,cnn(7|3),sequence_ctcf_rrbs,ctcf,sequence_rrbs,0.1232173940306776,0.0897638746284082,-0.0334535194022694,0.003301189892318701,1,ok,CI_UNAVAILABLE
single,hela,cnn(7|3),sequence_dnase_rrbs,dnase,sequence_rrbs,0.1234205343900625,0.0897638746284082,-0.0336566597616543,0.003321426356452606,1,ok,CI_UNAVAILABLE
single,hela,cnn(7|3),sequence_h3k4me3_rrbs,h3k4me3,sequence_rrbs,0.1209094468906103,0.0897638746284082,-0.031145572262202104,0.003071440908160722,1,ok,CI_UNAVAILABLE
single,hela,cnn(7|3),sequence_ctcf_dnase_h3k4me3,h3k4me3,sequence_ctcf_dnase,0.1192032873772876,0.1051575000549199,-0.014045787322367692,0.001390421068279718,1,ok,CI_UNAVAILABLE
single,hela,cnn(7|3),sequence_ctcf_dnase_rrbs,rrbs,sequence_ctcf_dnase,0.1097546587291357,0.1051575000549199,-0.004597158674215798,0.00045387292497561793,1,ok,CI_UNAVAILABLE
single,hela,cnn(7|3),sequence_ctcf_dnase_h3k4me3,dnase,sequence_ctcf_h3k4me3,0.1192032873772876,0.1259907210063595,0.006787433629071901,-0.0006758745167506908,1,ok,CI_UNAVAILABLE
single,hela,cnn(7|3),sequence_ctcf_h3k4me3_rrbs,rrbs,sequence_ctcf_h3k4me3,0.1065930900353463,0.1259907210063595,0.0193976309710132,-0.0019246866597937007,1,ok,CI_UNAVAILABLE
single,hela,cnn(7|3),sequence_ctcf_dnase_rrbs,dnase,sequence_ctcf_rrbs,0.1097546587291357,0.1232173940306776,0.013462735301541892,-0.0013359461950257778,1,ok,CI_UNAVAILABLE
single,hela,cnn(7|3),sequence_ctcf_h3k4me3_rrbs,h3k4me3,sequence_ctcf_rrbs,0.1065930900353463,0.1232173940306776,0.016624303995331297,-0.0016482101947646877,1,ok,CI_UNAVAILABLE
single,hela,cnn(7|3),sequence_ctcf_dnase_h3k4me3,ctcf,sequence_dnase_h3k4me3,0.1192032873772876,0.1302863933120697,0.011083105934782109,-0.0011049828592282762,1,ok,CI_UNAVAILABLE
single,hela,cnn(7|3),sequence_dnase_h3k4me3_rrbs,rrbs,sequence_dnase_h3k4me3,0.1182386884770402,0.1302863933120697,0.01204770483502951,-0.001200823406613677,1,ok,CI_UNAVAILABLE
single,hela,cnn(7|3),sequence_ctcf_dnase_rrbs,ctcf,sequence_dnase_rrbs,0.1097546587291357,0.1234205343900625,0.013665875660926793,-0.0013561826591596826,1,ok,CI_UNAVAILABLE
single,hela,cnn(7|3),sequence_dnase_h3k4me3_rrbs,h3k4me3,sequence_dnase_rrbs,0.1182386884770402,0.1234205343900625,0.005181845913022301,-0.0005154750632409832,1,ok,CI_UNAVAILABLE
single,hela,cnn(7|3),sequence_ctcf_h3k4me3_rrbs,ctcf,sequence_h3k4me3_rrbs,0.1065930900353463,0.1209094468906103,0.014316356855264,-0.0014184612106067085,1,ok,CI_UNAVAILABLE
single,hela,cnn(7|3),sequence_dnase_h3k4me3_rrbs,dnase,sequence_h3k4me3_rrbs,0.1182386884770402,0.1209094468906103,0.002670758413570104,-0.0002654896149490993,1,ok,CI_UNAVAILABLE
single,hela,cnn(7|3),all,rrbs,sequence_ctcf_dnase_h3k4me3,0.114125383575098,0.1192032873772876,0.005077903802189601,-0.0005039428125267198,1,ok,CI_UNAVAILABLE
single,hela,cnn(7|3),all,h3k4me3,sequence_ctcf_dnase_rrbs,0.114125383575098,0.1097546587291357,-0.004370724845962293,0.0004326053307773803,1,ok,CI_UNAVAILABLE
single,hela,cnn(7|3),all,dnase,sequence_ctcf_h3k4me3_rrbs,0.114125383575098,0.1065930900353463,-0.007532293539751697,0.0007448693305162901,1,ok,CI_UNAVAILABLE
single,hela,cnn(7|3),all,ctcf,sequence_dnase_h3k4me3_rrbs,0.114125383575098,0.1182386884770402,0.0041133049019422,-0.0004081022651413191,1,ok,CI_UNAVAILABLE
single,hela,linear,sequence_ctcf,ctcf,sequence,0.0734934726701228,0.0806070904811947,0.007113617811071907,-0.0006906555948737736,1,ok,CI_UNAVAILABLE
single,hela,linear,sequence_dnase,dnase,sequence,0.0807225503449131,0.0806070904811947,-0.00011545986371840067,1.1231902415920203e-05,1,ok,CI_UNAVAILABLE
single,hela,linear,sequence_h3k4me3,h3k4me3,sequence,0.0769483723004584,0.0806070904811947,0.003658718180736306,-0.00035555449973448394,1,ok,CI_UNAVAILABLE
single,hela,linear,sequence_rrbs,rrbs,sequence,0.0859122023507527,0.0806070904811947,-0.005305111869557996,0.0005168101648254098,1,ok,CI_UNAVAILABLE
single,hela,linear,sequence_ctcf_dnase,dnase,sequence_ctcf,0.0735486529373494,0.0734934726701228,-5.518026722660385e-05,5.347185427884149e-06,1,ok,CI_UNAVAILABLE
single,hela,linear,sequence_ctcf_h3k4me3,h3k4me3,sequence_ctcf,0.0662529285717316,0.0734934726701228,0.0072405440983911995,-0.0007002613666008128,1,ok,CI_UNAVAILABLE
single,hela,linear,sequence_ctcf_rrbs,rrbs,sequence_ctcf,0.0788161352236229,0.0734934726701228,-0.005322662553500099,0.0005165222119528912,1,ok,CI_UNAVAILABLE
single,hela,linear,sequence_ctcf_dnase,ctcf,sequence_dnase,0.0735486529373494,0.0807225503449131,0.0071738974075637035,-0.0006965403118618096,1,ok,CI_UNAVAILABLE
single,hela,linear,sequence_dnase_h3k4me3,h3k4me3,sequence_dnase,0.0769620660660459,0.0807225503449131,0.0037604842788672016,-0.00036545695608131146,1,ok,CI_UNAVAILABLE
single,hela,linear,sequence_dnase_rrbs,rrbs,sequence_dnase,0.0859596530088222,0.0807225503449131,-0.005237102663909102,0.0005102075391164862,1,ok,CI_UNAVAILABLE
single,hela,linear,sequence_ctcf_h3k4me3,ctcf,sequence_h3k4me3,0.0662529285717316,0.0769483723004584,0.0106954437287268,-0.0010353624617401025,1,ok,CI_UNAVAILABLE
single,hela,linear,sequence_dnase_h3k4me3,dnase,sequence_h3k4me3,0.0769620660660459,0.0769483723004584,-1.3693765587505236e-05,1.329446069092688e-06,1,ok,CI_UNAVAILABLE
single,hela,linear,sequence_h3k4me3_rrbs,rrbs,sequence_h3k4me3,0.0824048624916541,0.0769483723004584,-0.0054564901911957064,0.0005305213282167098,1,ok,CI_UNAVAILABLE
single,hela,linear,sequence_ctcf_rrbs,ctcf,sequence_rrbs,0.0788161352236229,0.0859122023507527,0.007096067127129804,-0.0006909435477462922,1,ok,CI_UNAVAILABLE
single,hela,linear,sequence_dnase_rrbs,dnase,sequence_rrbs,0.0859596530088222,0.0859122023507527,-4.74506580695061e-05,4.629276706996643e-06,1,ok,CI_UNAVAILABLE
single,hela,linear,sequence_h3k4me3_rrbs,h3k4me3,sequence_rrbs,0.0824048624916541,0.0859122023507527,0.003507339859098596,-0.00034184333634318387,1,ok,CI_UNAVAILABLE
single,hela,linear,sequence_ctcf_dnase_h3k4me3,h3k4me3,sequence_ctcf_dnase,0.0662233071581248,0.0735486529373494,0.0073253457792245985,-0.0007084677677962059,1,ok,CI_UNAVAILABLE
single,hela,linear,sequence_ctcf_dnase_rrbs,rrbs,sequence_ctcf_dnase,0.0787862090096578,0.0735486529373494,-0.0052375560723084,0.0005082667593009071,1,ok,CI_UNAVAILABLE
single,hela,linear,sequence_ctcf_dnase_h3k4me3,dnase,sequence_ctcf_h3k4me3,0.0662233071581248,0.0662529285717316,2.9621413606795155e-05,-2.859215767508916e-06,1,ok,CI_UNAVAILABLE
single,hela,linear,sequence_ctcf_h3k4me3_rrbs,rrbs,sequence_ctcf_h3k4me3,0.0715283842870437,0.0662529285717316,-0.0052754557153120996,0.0005099402534569919,1,ok,CI_UNAVAILABLE
single,hela,linear,sequence_ctcf_dnase_rrbs,dnase,sequence_ctcf_rrbs,0.0787862090096578,0.0788161352236229,2.9926213965095205e-05,-2.9082672240998697e-06,1,ok,CI_UNAVAILABLE
single,hela,linear,sequence_ctcf_h3k4me3_rrbs,h3k4me3,sequence_ctcf_rrbs,0.0715283842870437,0.0788161352236229,0.007287750936579199,-0.0007068433250967121,1,ok,CI_UNAVAILABLE
single,hela,linear,sequence_ctcf_dnase_h3k4me3,ctcf,sequence_dnase_h3k4me3,0.0662233071581248,0.0769620660660459,0.0107387589079211,-0.001039551123576704,1,ok,CI_UNAVAILABLE
single,hela,linear,sequence_dnase_h3k4me3_rrbs,rrbs,sequence_dnase_h3k4me3,0.0823983264759943,0.0769620660660459,-0.005436260409948393,0.0005285554589820052,1,ok,CI_UNAVAILABLE
single,hela,linear,sequence_ctcf_dnase_rrbs,ctcf,sequence_dnase_rrbs,0.0787862090096578,0.0859596530088222,0.0071734439991644056,-0.0006984810916773887,1,ok,CI_UNAVAILABLE
single,hela,linear,sequence_dnase_h3k4me3_rrbs,h3k4me3,sequence_dnase_rrbs,0.0823983264759943,0.0859596530088222,0.0035613265328279103,-0.0003471090362157925,1,ok,CI_UNAVAILABLE
single,hela,linear,sequence_ctcf_h3k4me3_rrbs,ctcf,sequence_h3k4me3_rrbs,0.0715283842870437,0.0824048624916541,0.010876478204610407,-0.0010559435364998204,1,ok,CI_UNAVAILABLE
single,hela,linear,sequence_dnase_h3k4me3_rrbs,dnase,sequence_h3k4me3_rrbs,0.0823983264759943,0.0824048624916541,6.536015659808214e-06,-6.364231656119657e-07,1,ok,CI_UNAVAILABLE
single,hela,linear,all,rrbs,sequence_ctcf_dnase_h3k4me3,0.0715023761826328,0.0662233071581248,-0.005279069024508004,0.0005102819049712104,1,ok,CI_UNAVAILABLE
single,hela,linear,all,h3k4me3,sequence_ctcf_dnase_rrbs,0.0715023761826328,0.0787862090096578,0.007283832827024994,-0.0007064526221259027,1,ok,CI_UNAVAILABLE
single,hela,linear,all,dnase,sequence_ctcf_h3k4me3_rrbs,0.0715023761826328,0.0715283842870437,2.600810441089063e-05,-2.5175642532904163e-06,1,ok,CI_UNAVAILABLE
single,hela,linear,all,ctcf,sequence_dnase_h3k4me3_rrbs,0.0715023761826328,0.0823983264759943,0.01089595029336149,-0.0010578246775874989,1,ok,CI_UNAVAILABLE
single,hela,mlp,sequence_ctcf,ctcf,sequence,0.0796082455552054,0.0730918116619281,-0.006516433893277301,0.0006324354118451003,1,ok,CI_UNAVAILABLE
single,hela,mlp,sequence_dnase,dnase,sequence,0.0614381909248921,0.0730918116619281,0.011653620737036005,-0.0011254937369390983,1,ok,CI_UNAVAILABLE
single,hela,mlp,sequence_h3k4me3,h3k4me3,sequence,0.0604535944924006,0.0730918116619281,0.012638217169527503,-0.0012202640215686067,1,ok,CI_UNAVAILABLE
single,hela,mlp,sequence_rrbs,rrbs,sequence,0.0776507317552505,0.0730918116619281,-0.0045589200933223994,0.0004422194490110998,1,ok,CI_UNAVAILABLE
single,hela,mlp,sequence_ctcf_dnase,dnase,sequence_ctcf,0.0795539088401422,0.0796082455552054,5.433671506320514e-05,-5.2827472266092634e-06,1,ok,CI_UNAVAILABLE
single,hela,mlp,sequence_ctcf_h3k4me3,h3k4me3,sequence_ctcf,0.0544162946895662,0.0796082455552054,0.025191950865639204,-0.002432724620320209,1,ok,CI_UNAVAILABLE
single,hela,mlp,sequence_ctcf_rrbs,rrbs,sequence_ctcf,0.0647983490441211,0.0796082455552054,0.014809896511084303,-0.0014341292381177262,1,ok,CI_UNAVAILABLE
single,hela,mlp,sequence_ctcf_dnase,ctcf,sequence_dnase,0.0795539088401422,0.0614381909248921,-0.0181157179152501,0.0017526464015575893,1,ok,CI_UNAVAILABLE
single,hela,mlp,sequence_dnase_h3k4me3,h3k4me3,sequence_dnase,0.082103088937571,0.0614381909248921,-0.0206648980126789,0.0020006520479831924,1,ok,CI_UNAVAILABLE
single,hela,mlp,sequence_dnase_rrbs,rrbs,sequence_dnase,0.071777796947509,0.0614381909248921,-0.01033960602261691,0.0009982351038912984,1,ok,CI_UNAVAILABLE
single,hela,mlp,sequence_ctcf_h3k4me3,ctcf,sequence_h3k4me3,0.0544162946895662,0.0604535944924006,0.006037299802834399,-0.0005800251869065021,1,ok,CI_UNAVAILABLE
single,hela,mlp,sequence_dnase_h3k4me3,dnase,sequence_h3k4me3,0.082103088937571,0.0604535944924006,-0.0216494944451704,0.002095422332612701,1,ok,CI_UNAVAILABLE
single,hela,mlp,sequence_h3k4me3_rrbs,rrbs,sequence_h3k4me3,0.077988679676534,0.0604535944924006,-0.017535085184133402,0.0016953081945640935,1,ok,CI_UNAVAILABLE
single,hela,mlp,sequence_ctcf_rrbs,ctcf,sequence_rrbs,0.0647983490441211,0.0776507317552505,0.012852382711129401,-0.0012439132752837256,1,ok,CI_UNAVAILABLE
single,hela,mlp,sequence_dnase_rrbs,dnase,sequence_rrbs,0.071777796947509,0.0776507317552505,0.005872934807741495,-0.0005694780820588996,1,ok,CI_UNAVAILABLE
single,hela,mlp,sequence_h3k4me3_rrbs,h3k4me3,sequence_rrbs,0.077988679676534,0.0776507317552505,-0.00033794792128349904,3.282472398438707e-05,1,ok,CI_UNAVAILABLE
single,hela,mlp,sequence_ctcf_dnase_h3k4me3,h3k4me3,sequence_ctcf_dnase,0.0790115605897237,0.0795539088401422,0.0005423482504185034,-5.2719869326006696e-05,1,ok,CI_UNAVAILABLE
single,hela,mlp,sequence_ctcf_dnase_rrbs,rrbs,sequence_ctcf_dnase,0.089529362734103,0.0795539088401422,-0.009975453893960803,0.0009724654916324904,1,ok,CI_UNAVAILABLE
single,hela,mlp,sequence_ctcf_dnase_h3k4me3,dnase,sequence_ctcf_h3k4me3,0.0790115605897237,0.0544162946895662,-0.024595265900157495,0.002374722003767593,1,ok,CI_UNAVAILABLE
single,hela,mlp,sequence_ctcf_h3k4me3_rrbs,rrbs,sequence_ctcf_h3k4me3,0.0749917285612334,0.0544162946895662,-0.0205754338716672,0.0019844504293136944,1,ok,CI_UNAVAILABLE
single,hela,mlp,sequence_ctcf_dnase_rrbs,dnase,sequence_ctcf_rrbs,0.089529362734103,0.0647983490441211,-0.0247310136899819,0.0024013119825236073,1,ok,CI_UNAVAILABLE
single,hela,mlp,sequence_ctcf_h3k4me3_rrbs,h3k4me3,sequence_ctcf_rrbs,0.0749917285612334,0.0647983490441211,-0.0101933795171123,0.0009858550471112115,1,ok,CI_UNAVAILABLE
single,hela,mlp,sequence_ctcf_dnase_h3k4me3,ctcf,sequence_dnase_h3k4me3,0.0790115605897237,0.082103088937571,0.0030915283478473027,-0.0003007255157516098,1,ok,CI_UNAVAILABLE
single,hela,mlp,sequence_dnase_h3k4me3_rrbs,rrbs,sequence_dnase_h3k4me3,0.0808459305127203,0.082103088937571,0.0012571584248507045,-0.0001223499086782931,1,ok,CI_UNAVAILABLE
single,hela,mlp,sequence_ctcf_dnase_rrbs,ctcf,sequence_dnase_rrbs,0.089529362734103,0.071777796947509,-0.017751565786593995,0.0017268767892987813,1,ok,CI_UNAVAILABLE
single,hela,mlp,sequence_dnase_h3k4me3_rrbs,h3k4me3,sequence_dnase_rrbs,0.0808459305127203,0.071777796947509,-0.009068133565211287,0.0008800670354136009,1,ok,CI_UNAVAILABLE
single,hela,mlp,sequence_ctcf_h3k4me3_rrbs,ctcf,sequence_h3k4me3_rrbs,0.0749917285612334,0.077988679676534,0.0029969511153006,-0.0002908829521569012,1,ok,CI_UNAVAILABLE
single,hela,mlp,sequence_dnase_h3k4me3_rrbs,dnase,sequence_h3k4me3_rrbs,0.0808459305127203,0.077988679676534,-0.0028572508361862925,0.0002777642293703142,1,ok,CI_UNAVAILABLE
single,hela,mlp,all,rrbs,sequence_ctcf_dnase_h3k4me3,0.1022335311135135,0.0790115605897237,-0.02322197052378981,0.0022714074670455164,1,ok,CI_UNAVAILABLE
single,hela,mlp,all,h3k4me3,sequence_ctcf_dnase_rrbs,0.1022335311135135,0.089529362734103,-0.012704168379410505,0.0012462221060870193,1,ok,CI_UNAVAILABLE
single,hela,mlp,all,dnase,sequence_ctcf_h3k4me3_rrbs,0.1022335311135135,0.0749917285612334,-0.027241802552280106,0.002661679041499415,1,ok,CI_UNAVAILABLE
single,hela,mlp,all,ctcf,sequence_dnase_h3k4me3_rrbs,0.1022335311135135,0.0808459305127203,-0.021387600600793213,0.0020930318599721998,1,ok,CI_UNAVAILABLE
single,hela,transformer,sequence_ctcf,ctcf,sequence,0.0741512979095918,0.0865409599937047,0.012389662084112907,-0.0012050607567342941,1,ok,CI_UNAVAILABLE
single,hela,transformer,sequence_dnase,dnase,sequence,0.0770503414663823,0.0865409599937047,0.0094906185273224,-0.0009238160751340874,1,ok,CI_UNAVAILABLE
single,hela,transformer,sequence_h3k4me3,h3k4me3,sequence,0.0871390100650405,0.0865409599937047,-0.0005980500713358011,5.8374520949616704e-05,1,ok,CI_UNAVAILABLE
single,hela,transformer,sequence_rrbs,rrbs,sequence,0.0821103851911833,0.0865409599937047,0.004430574802521403,-0.000431866077781895,1,ok,CI_UNAVAILABLE
single,hela,transformer,sequence_ctcf_dnase,dnase,sequence_ctcf,0.0862984498227762,0.0741512979095918,-0.012147151913184398,0.0011813952495033087,1,ok,CI_UNAVAILABLE
single,hela,transformer,sequence_ctcf_h3k4me3,h3k4me3,sequence_ctcf,0.0987742022518013,0.0741512979095918,-0.024622904342209498,0.002402952734217284,1,ok,CI_UNAVAILABLE
single,hela,transformer,sequence_ctcf_rrbs,rrbs,sequence_ctcf,0.072543524486673,0.0741512979095918,0.00160777342291879,-0.00015578499869431384,1,ok,CI_UNAVAILABLE
single,hela,transformer,sequence_ctcf_dnase,ctcf,sequence_dnase,0.0862984498227762,0.0770503414663823,-0.009248108356393892,0.0009001505679031019,1,ok,CI_UNAVAILABLE
single,hela,transformer,sequence_dnase_h3k4me3,h3k4me3,sequence_dnase,0.0764886501275863,0.0770503414663823,0.0005616913387960082,-5.4525779121211704e-05,1,ok,CI_UNAVAILABLE
single,hela,transformer,sequence_dnase_rrbs,rrbs,sequence_dnase,0.0768950593768426,0.0770503414663823,0.00015528208953970168,-1.507555516949699e-05,1,ok,CI_UNAVAILABLE
single,hela,transformer,sequence_ctcf_h3k4me3,ctcf,sequence_h3k4me3,0.0987742022518013,0.0871390100650405,-0.01163519218676079,0.0011395174565333732,1,ok,CI_UNAVAILABLE
single,hela,transformer,sequence_dnase_h3k4me3,dnase,sequence_h3k4me3,0.0764886501275863,0.0871390100650405,0.01065035993745421,-0.0010367163752049158,1,ok,CI_UNAVAILABLE
single,hela,transformer,sequence_h3k4me3_rrbs,rrbs,sequence_h3k4me3,0.0916590890772394,0.0871390100650405,-0.004520079012198891,0.00044181609388288523,1,ok,CI_UNAVAILABLE
single,hela,transformer,sequence_ctcf_rrbs,ctcf,sequence_rrbs,0.072543524486673,0.0821103851911833,0.009566860704510294,-0.000928979677646713,1,ok,CI_UNAVAILABLE
single,hela,transformer,sequence_dnase_rrbs,dnase,sequence_rrbs,0.0768950593768426,0.0821103851911833,0.005215325814340699,-0.0005070255525216893,1,ok,CI_UNAVAILABLE
single,hela,transformer,sequence_h3k4me3_rrbs,h3k4me3,sequence_rrbs,0.0916590890772394,0.0821103851911833,-0.009548703886056095,0.0009320566926143969,1,ok,CI_UNAVAILABLE
single,hela,transformer,sequence_ctcf_dnase_h3k4me3,h3k4me3,sequence_ctcf_dnase,0.0685999335041551,0.0862984498227762,0.0176985163186211,-0.0017187231605780007,1,ok,CI_UNAVAILABLE
single,hela,transformer,sequence_ctcf_dnase_rrbs,rrbs,sequence_ctcf_dnase,0.0595350646287371,0.0862984498227762,0.02676338519403909,-0.0025926996613274134,1,ok,CI_UNAVAILABLE
single,hela,transformer,sequence_ctcf_dnase_h3k4me3,dnase,sequence_ctcf_h3k4me3,0.0685999335041551,0.0987742022518013,0.0301742687476462,-0.002940280645291976,1,ok,CI_UNAVAILABLE
single,hela,transformer,sequence_ctcf_h3k4me3_rrbs,rrbs,sequence_ctcf_h3k4me3,0.1012027559488334,0.0987742022518013,-0.0024285536970321125,0.00023877177909301106,1,ok,CI_UNAVAILABLE
single,hela,transformer,sequence_ctcf_dnase_rrbs,dnase,sequence_ctcf_rrbs,0.0595350646287371,0.072543524486673,0.013008459857935903,-0.0012555194131297909,1,ok,CI_UNAVAILABLE
single,hela,transformer,sequence_ctcf_h3k4me3_rrbs,h3k4me3,sequence_ctcf_rrbs,0.1012027559488334,0.072543524486673,-0.0286592314621604,0.002797509512004609,1,ok,CI_UNAVAILABLE
single,hela,transformer,sequence_ctcf_dnase_h3k4me3,ctcf,sequence_dnase_h3k4me3,0.0685999335041551,0.0764886501275863,0.0078887166234312,-0.0007640468135536871,1,ok,CI_UNAVAILABLE
single,hela,transformer,sequence_dnase_h3k4me3_rrbs,rrbs,sequence_dnase_h3k4me3,0.082066230599382,0.0764886501275863,-0.005577580471795712,0.0005421771011555054,1,ok,CI_UNAVAILABLE
single,hela,transformer,sequence_ctcf_dnase_rrbs,ctcf,sequence_dnase_rrbs,0.0595350646287371,0.0768950593768426,0.017359994748105498,-0.0016774735382548145,1,ok,CI_UNAVAILABLE
single,hela,transformer,sequence_dnase_h3k4me3_rrbs,h3k4me3,sequence_dnase_rrbs,0.082066230599382,0.0768950593768426,-0.005171171222539406,0.0005027268772037907,1,ok,CI_UNAVAILABLE
single,hela,transformer,sequence_ctcf_h3k4me3_rrbs,ctcf,sequence_h3k4me3_rrbs,0.1012027559488334,0.0916590890772394,-0.009543666871594012,0.000936473141743499,1,ok,CI_UNAVAILABLE
single,hela,transformer,sequence_dnase_h3k4me3_rrbs,dnase,sequence_h3k4me3_rrbs,0.082066230599382,0.0916590890772394,0.009592858477857388,-0.0009363553679322956,1,ok,CI_UNAVAILABLE
single,hela,transformer,all,rrbs,sequence_ctcf_dnase_h3k4me3,0.0712608346155401,0.0685999335041551,-0.0026609011113850056,0.00025735365351067796,1,ok,CI_UNAVAILABLE
single,hela,transformer,all,h3k4me3,sequence_ctcf_dnase_rrbs,0.0712608346155401,0.0595350646287371,-0.011725769986802997,0.0011313301542600906,1,ok,CI_UNAVAILABLE
single,hela,transformer,all,dnase,sequence_ctcf_h3k4me3_rrbs,0.0712608346155401,0.1012027559488334,0.029941921333293306,-0.002921698770874309,1,ok,CI_UNAVAILABLE
single,hela,transformer,all,ctcf,sequence_dnase_h3k4me3_rrbs,0.0712608346155401,0.082066230599382,0.010805395983841906,-0.0010488702611985146,1,ok,CI_UNAVAILABLE
single,hela,xgboost,sequence_ctcf,ctcf,sequence,0.0987772813987289,0.0992608377204441,0.00048355632171519225,-4.7516942478981194e-05,1,ok,CI_UNAVAILABLE
single,hela,xgboost,sequence_dnase,dnase,sequence,0.0992608377204441,0.0992608377204441,-0.0,-0.0,1,ok,CI_UNAVAILABLE
single,hela,xgboost,sequence_h3k4me3,h3k4me3,sequence,0.095653499669192,0.0992608377204441,0.0036073380512521014,-0.0003541704878183838,1,ok,CI_UNAVAILABLE
single,hela,xgboost,sequence_rrbs,rrbs,sequence,0.0960221794571578,0.0992608377204441,0.003238658263286301,-0.00031800574442170104,1,ok,CI_UNAVAILABLE
single,hela,xgboost,sequence_ctcf_dnase,dnase,sequence_ctcf,0.0987772813987289,0.0987772813987289,-0.0,-0.0,1,ok,CI_UNAVAILABLE
single,hela,xgboost,sequence_ctcf_h3k4me3,h3k4me3,sequence_ctcf,0.0999728919622454,0.0987772813987289,-0.001195610563516497,0.00011751059078940473,1,ok,CI_UNAVAILABLE
single,hela,xgboost,sequence_ctcf_rrbs,rrbs,sequence_ctcf,0.1027548682055191,0.0987772813987289,-0.003977586806790195,0.0003912396042641819,1,ok,CI_UNAVAILABLE
single,hela,xgboost,sequence_ctcf_dnase,ctcf,sequence_dnase,0.0987772813987289,0.0992608377204441,0.00048355632171519225,-4.7516942478981194e-05,1,ok,CI_UNAVAILABLE
single,hela,xgboost,sequence_dnase_h3k4me3,h3k4me3,sequence_dnase,0.095653499669192,0.0992608377204441,0.0036073380512521014,-0.0003541704878183838,1,ok,CI_UNAVAILABLE
single,hela,xgboost,sequence_dnase_rrbs,rrbs,sequence_dnase,0.0960221794571578,0.0992608377204441,0.003238658263286301,-0.00031800574442170104,1,ok,CI_UNAVAILABLE
single,hela,xgboost,sequence_ctcf_h3k4me3,ctcf,sequence_h3k4me3,0.0999728919622454,0.095653499669192,-0.004319392293053406,0.0004241641361288073,1,ok,CI_UNAVAILABLE
single,hela,xgboost,sequence_dnase_h3k4me3,dnase,sequence_h3k4me3,0.095653499669192,0.095653499669192,-0.0,-0.0,1,ok,CI_UNAVAILABLE
single,hela,xgboost,sequence_h3k4me3_rrbs,rrbs,sequence_h3k4me3,0.0986253750439331,0.095653499669192,-0.002971875374741098,0.00029172901072108126,1,ok,CI_UNAVAILABLE
single,hela,xgboost,sequence_ctcf_rrbs,ctcf,sequence_rrbs,0.1027548682055191,0.0960221794571578,-0.006732688748361304,0.0006617284062069018,1,ok,CI_UNAVAILABLE
single,hela,xgboost,sequence_dnase_rrbs,dnase,sequence_rrbs,0.0960221794571578,0.0960221794571578,-0.0,-0.0,1,ok,CI_UNAVAILABLE
single,hela,xgboost,sequence_h3k4me3_rrbs,h3k4me3,sequence_rrbs,0.0986253750439331,0.0960221794571578,-0.0026031955867752976,0.0002555642673243985,1,ok,CI_UNAVAILABLE
single,hela,xgboost,sequence_ctcf_dnase_h3k4me3,h3k4me3,sequence_ctcf_dnase,0.0999728919622454,0.0987772813987289,-0.001195610563516497,0.00011751059078940473,1,ok,CI_UNAVAILABLE
single,hela,xgboost,sequence_ctcf_dnase_rrbs,rrbs,sequence_ctcf_dnase,0.1027548682055191,0.0987772813987289,-0.003977586806790195,0.0003912396042641819,1,ok,CI_UNAVAILABLE
single,hela,xgboost,sequence_ctcf_dnase_h3k4me3,dnase,sequence_ctcf_h3k4me3,0.0999728919622454,0.0999728919622454,-0.0,-0.0,1,ok,CI_UNAVAILABLE
single,hela,xgboost,sequence_ctcf_h3k4me3_rrbs,rrbs,sequence_ctcf_h3k4me3,0.1061562893479148,0.0999728919622454,-0.0061833973856693925,0.0006089847800796744,1,ok,CI_UNAVAILABLE
single,hela,xgboost,sequence_ctcf_dnase_rrbs,dnase,sequence_ctcf_rrbs,0.1027548682055191,0.1027548682055191,-0.0,-0.0,1,ok,CI_UNAVAILABLE
single,hela,xgboost,sequence_ctcf_h3k4me3_rrbs,h3k4me3,sequence_ctcf_rrbs,0.1061562893479148,0.1027548682055191,-0.003401421142395694,0.0003352557666048972,1,ok,CI_UNAVAILABLE
single,hela,xgboost,sequence_ctcf_dnase_h3k4me3,ctcf,sequence_dnase_h3k4me3,0.0999728919622454,0.095653499669192,-0.004319392293053406,0.0004241641361288073,1,ok,CI_UNAVAILABLE
single,hela,xgboost,sequence_dnase_h3k4me3_rrbs,rrbs,sequence_dnase_h3k4me3,0.0986253750439331,0.095653499669192,-0.002971875374741098,0.00029172901072108126,1,ok,CI_UNAVAILABLE
single,hela,xgboost,sequence_ctcf_dnase_rrbs,ctcf,sequence_dnase_rrbs,0.1027548682055191,0.0960221794571578,-0.006732688748361304,0.0006617284062069018,1,ok,CI_UNAVAILABLE
single,hela,xgboost,sequence_dnase_h3k4me3_rrbs,h3k4me3,sequence_dnase_rrbs,0.0986253750439331,0.0960221794571578,-0.0026031955867752976,0.0002555642673243985,1,ok,CI_UNAVAILABLE
single,hela,xgboost,sequence_ctcf_h3k4me3_rrbs,ctcf,sequence_h3k4me3_rrbs,0.1061562893479148,0.0986253750439331,-0.007530914303981701,0.0007414199054874004,1,ok,CI_UNAVAILABLE
single,hela,xgboost,sequence_dnase_h3k4me3_rrbs,dnase,sequence_h3k4me3_rrbs,0.0986253750439331,0.0986253750439331,-0.0,-0.0,1,ok,CI_UNAVAILABLE
single,hela,xgboost,all,rrbs,sequence_ctcf_dnase_h3k4me3,0.1061562893479148,0.0999728919622454,-0.0061833973856693925,0.0006089847800796744,1,ok,CI_UNAVAILABLE
single,hela,xgboost,all,h3k4me3,sequence_ctcf_dnase_rrbs,0.1061562893479148,0.1027548682055191,-0.003401421142395694,0.0003352557666048972,1,ok,CI_UNAVAILABLE
single,hela,xgboost,all,dnase,sequence_ctcf_h3k4me3_rrbs,0.1061562893479148,0.1061562893479148,-0.0,-0.0,1,ok,CI_UNAVAILABLE
single,hela,xgboost,all,ctcf,sequence_dnase_h3k4me3_rrbs,0.1061562893479148,0.0986253750439331,-0.007530914303981701,0.0007414199054874004,1,ok,CI_UNAVAILABLE
single,hl60,cnn(3|3),sequence_ctcf,ctcf,sequence,0.0131112783925472,0.0737911663320098,0.0606798879394626,-0.0034645922642861093,1,ok,CI_UNAVAILABLE
single,hl60,cnn(3|3),sequence_dnase,dnase,sequence,0.0781912520951015,0.0737911663320098,-0.004400085763091699,0.0002555816586398002,1,ok,CI_UNAVAILABLE
single,hl60,cnn(3|3),sequence_h3k4me3,h3k4me3,sequence,0.1029392745999385,0.0737911663320098,-0.0291481082679287,0.0017045906167273972,1,ok,CI_UNAVAILABLE
single,hl60,cnn(3|3),sequence_rrbs,rrbs,sequence,0.0628116585695408,0.0737911663320098,0.010979507762469004,-0.0006351163934609078,1,ok,CI_UNAVAILABLE
single,hl60,cnn(3|3),sequence_ctcf_dnase,dnase,sequence_ctcf,0.078487709287336,0.0131112783925472,-0.06537643089478881,0.0037374157302203087,1,ok,CI_UNAVAILABLE
single,hl60,cnn(3|3),sequence_ctcf_h3k4me3,h3k4me3,sequence_ctcf,0.0484805646492029,0.0131112783925472,-0.035369286256655696,0.0020060559532850963,1,ok,CI_UNAVAILABLE
single,hl60,cnn(3|3),sequence_ctcf_rrbs,rrbs,sequence_ctcf,0.0650792420044006,0.0131112783925472,-0.0519679636118534,0.0029603395308552966,1,ok,CI_UNAVAILABLE
single,hl60,cnn(3|3),sequence_ctcf_dnase,ctcf,sequence_dnase,0.078487709287336,0.0781912520951015,-0.00029645719223450606,1.724180729439917e-05,1,ok,CI_UNAVAILABLE
single,hl60,cnn(3|3),sequence_dnase_h3k4me3,h3k4me3,sequence_dnase,0.0871827451134138,0.0781912520951015,-0.0089914930183123,0.0005241802183122979,1,ok,CI_UNAVAILABLE
single,hl60,cnn(3|3),sequence_dnase_rrbs,rrbs,sequence_dnase,0.0722170774714472,0.0781912520951015,0.005974174623654294,-0.00034686608055820023,1,ok,CI_UNAVAILABLE
single,hl60,cnn(3|3),sequence_ctcf_h3k4me3,ctcf,sequence_h3k4me3,0.0484805646492029,0.1029392745999385,0.0544587099507356,-0.00316312692772841,1,ok,CI_UNAVAILABLE
single,hl60,cnn(3|3),sequence_dnase_h3k4me3,dnase,sequence_h3k4me3,0.0871827451134138,0.1029392745999385,0.0157565294865247,-0.0009248287397752991,1,ok,CI_UNAVAILABLE
single,hl60,cnn(3|3),sequence_h3k4me3_rrbs,rrbs,sequence_h3k4me3,0.0686382979979405,0.1029392745999385,0.034300976601998004,-0.002003127566143098,1,ok,CI_UNAVAILABLE
single,hl60,cnn(3|3),sequence_ctcf_rrbs,ctcf,sequence_rrbs,0.0650792420044006,0.0628116585695408,-0.0022675834348598045,0.00013086366003009497,1,ok,CI_UNAVAILABLE
single,hl60,cnn(3|3),sequence_dnase_rrbs,dnase,sequence_rrbs,0.0722170774714472,0.0628116585695408,-0.00940541890190641,0.0005438319715425077,1,ok,CI_UNAVAILABLE
single,hl60,cnn(3|3),sequence_h3k4me3_rrbs,h3k4me3,sequence_rrbs,0.0686382979979405,0.0628116585695408,-0.005826639428399699,0.0003365794440452069,1,ok,CI_UNAVAILABLE
single,hl60,cnn(3|3),sequence_ctcf_dnase_h3k4me3,h3k4me3,sequence_ctcf_dnase,0.069999968467087,0.078487709287336,0.008487740820249001,-0.0004925510297698055,1,ok,CI_UNAVAILABLE
single,hl60,cnn(3|3),sequence_ctcf_dnase_rrbs,rrbs,sequence_ctcf_dnase,0.0610351989674967,0.078487709287336,0.017452510319839305,-0.0010103498971389124,1,ok,CI_UNAVAILABLE
single,hl60,cnn(3|3),sequence_ctcf_dnase_h3k4me3,dnase,sequence_ctcf_h3k4me3,0.069999968467087,0.0484805646492029,-0.021519403817884107,0.001238808747165407,1,ok,CI_UNAVAILABLE
single,hl60,cnn(3|3),sequence_ctcf_h3k4me3_rrbs,rrbs,sequence_ctcf_h3k4me3,0.0477431307784464,0.0484805646492029,0.0007374338707564973,-4.220232863338946e-05,1,ok,CI_UNAVAILABLE
single,hl60,cnn(3|3),sequence_ctcf_dnase_rrbs,dnase,sequence_ctcf_rrbs,0.0610351989674967,0.0650792420044006,0.004044043036903901,-0.00023327369777390028,1,ok,CI_UNAVAILABLE
single,hl60,cnn(3|3),sequence_ctcf_h3k4me3_rrbs,h3k4me3,sequence_ctcf_rrbs,0.0477431307784464,0.0650792420044006,0.0173361112259542,-0.0009964859062035897,1,ok,CI_UNAVAILABLE
single,hl60,cnn(3|3),sequence_ctcf_dnase_h3k4me3,ctcf,sequence_dnase_h3k4me3,0.069999968467087,0.0871827451134138,0.017182776646326794,-0.0009994894407877042,1,ok,CI_UNAVAILABLE
single,hl60,cnn(3|3),sequence_dnase_h3k4me3_rrbs,rrbs,sequence_dnase_h3k4me3,0.0301147798896201,0.0871827451134138,0.0570679652237937,-0.0032845261314502078,1,ok,CI_UNAVAILABLE
single,hl60,cnn(3|3),sequence_ctcf_dnase_rrbs,ctcf,sequence_dnase_rrbs,0.0610351989674967,0.0722170774714472,0.011181878503950506,-0.000646242009286313,1,ok,CI_UNAVAILABLE
single,hl60,cnn(3|3),sequence_dnase_h3k4me3_rrbs,h3k4me3,sequence_dnase_rrbs,0.0301147798896201,0.0722170774714472,0.042102297581827104,-0.0024134798325797097,1,ok,CI_UNAVAILABLE
single,hl60,cnn(3|3),sequence_ctcf_h3k4me3_rrbs,ctcf,sequence_h3k4me3_rrbs,0.0477431307784464,0.0686382979979405,0.020895167219494096,-0.0012022016902187016,1,ok,CI_UNAVAILABLE
single,hl60,cnn(3|3),sequence_dnase_h3k4me3_rrbs,dnase,sequence_h3k4me3_rrbs,0.0301147798896201,0.0686382979979405,0.038523518108320394,-0.002206227305082409,1,ok,CI_UNAVAILABLE
single,hl60,cnn(3|3),all,rrbs,sequence_ctcf_dnase_h3k4me3,0.0380998898018104,0.069999968467087,0.0319000786652766,-0.0018313838043064051,1,ok,CI_UNAVAILABLE
single,hl60,cnn(3|3),all,h3k4me3,sequence_ctcf_dnase_rrbs,0.0380998898018104,0.0610351989674967,0.0229353091656863,-0.0013135849369372982,1,ok,CI_UNAVAILABLE
single,hl60,cnn(3|3),all,dnase,sequence_ctcf_h3k4me3_rrbs,0.0380998898018104,0.0477431307784464,0.009643240976635999,-0.0005503727285076088,1,ok,CI_UNAVAILABLE
single,hl60,cnn(3|3),all,ctcf,sequence_dnase_h3k4me3_rrbs,0.0380998898018104,0.0301147798896201,-0.0079851099121903,0.00045365288635609846,1,ok,CI_UNAVAILABLE
single,hl60,cnn(5|3),sequence_ctcf,ctcf,sequence,-0.0743810067208501,0.0264997445588651,0.1008807512797152,-0.005568126087989594,1,ok,CI_UNAVAILABLE
single,hl60,cnn(5|3),sequence_dnase,dnase,sequence,0.0529872264415978,0.0264997445588651,-0.0264874818827327,0.0015092585854375035,1,ok,CI_UNAVAILABLE
single,hl60,cnn(5|3),sequence_h3k4me3,h3k4me3,sequence,0.0277592789888915,0.0264997445588651,-0.0012595344300263996,7.129988644900831e-05,1,ok,CI_UNAVAILABLE
single,hl60,cnn(5|3),sequence_rrbs,rrbs,sequence,-0.0237699365386305,0.0264997445588651,0.0502696810974956,-0.002808946078762503,1,ok,CI_UNAVAILABLE
single,hl60,cnn(5|3),sequence_ctcf_dnase,dnase,sequence_ctcf,0.0032642664144363,-0.0743810067208501,-0.07764527313528641,0.004260988435036792,1,ok,CI_UNAVAILABLE
single,hl60,cnn(5|3),sequence_ctcf_h3k4me3,h3k4me3,sequence_ctcf,0.0026449835874291,-0.0743810067208501,-0.0770259903082792,0.004226359601150795,1,ok,CI_UNAVAILABLE
single,hl60,cnn(5|3),sequence_ctcf_rrbs,rrbs,sequence_ctcf,-0.0037146864640482,-0.0743810067208501,-0.0706663202568019,0.003871362089587993,1,ok,CI_UNAVAILABLE
single,hl60,cnn(5|3),sequence_ctcf_dnase,ctcf,sequence_dnase,0.0032642664144363,0.0529872264415978,0.0497229600271615,-0.0028163962383903063,1,ok,CI_UNAVAILABLE
single,hl60,cnn(5|3),sequence_dnase_h3k4me3,h3k4me3,sequence_dnase,0.0159526387935499,0.0529872264415978,0.0370345876480479,-0.0021045093938524967,1,ok,CI_UNAVAILABLE
single,hl60,cnn(5|3),sequence_dnase_rrbs,rrbs,sequence_dnase,0.0541899285251253,0.0529872264415978,-0.0012027020835275043,6.90278561032015e-05,1,ok,CI_UNAVAILABLE
single,hl60,cnn(5|3),sequence_ctcf_h3k4me3,ctcf,sequence_h3k4me3,0.0026449835874291,0.0277592789888915,0.0251142954014624,-0.001413066373287808,1,ok,CI_UNAVAILABLE
single,hl60,cnn(5|3),sequence_dnase_h3k4me3,dnase,sequence_h3k4me3,0.0159526387935499,0.0277592789888915,0.011806640195341597,-0.0006665506948640015,1,ok,CI_UNAVAILABLE
single,hl60,cnn(5|3),sequence_h3k4me3_rrbs,rrbs,sequence_h3k4me3,0.0352935728638691,0.0277592789888915,-0.007534293874977598,0.0004274701329087943,1,ok,CI_UNAVAILABLE
single,hl60,cnn(5|3),sequence_ctcf_rrbs,ctcf,sequence_rrbs,-0.0037146864640482,-0.0237699365386305,-0.0200552500745823,0.0011121820803609017,1,ok,CI_UNAVAILABLE
single,hl60,cnn(5|3),sequence_dnase_rrbs,dnase,sequence_rrbs,0.0541899285251253,-0.0237699365386305,-0.0779598650637558,0.004387232520303208,1,ok,CI_UNAVAILABLE
single,hl60,cnn(5|3),sequence_h3k4me3_rrbs,h3k4me3,sequence_rrbs,0.0352935728638691,-0.0237699365386305,-0.059063509402499596,0.0033077160981203058,1,ok,CI_UNAVAILABLE
single,hl60,cnn(5|3),sequence_ctcf_dnase_h3k4me3,h3k4me3,sequence_ctcf_dnase,0.0348993642252798,0.0032642664144363,-0.0316350978108435,0.0017835003233405006,1,ok,CI_UNAVAILABLE
single,hl60,cnn(5|3),sequence_ctcf_dnase_rrbs,rrbs,sequence_ctcf_dnase,-0.0025260702094105,0.0032642664144363,0.0057903366238468,-0.0003233632920913998,1,ok,CI_UNAVAILABLE
single,hl60,cnn(5|3),sequence_ctcf_dnase_h3k4me3,dnase,sequence_ctcf_h3k4me3,0.0348993642252798,0.0026449835874291,-0.032254380637850695,0.0018181291572264974,1,ok,CI_UNAVAILABLE
single,hl60,cnn(5|3),sequence_ctcf_h3k4me3_rrbs,rrbs,sequence_ctcf_h3k4me3,-0.0040019233239663,0.0026449835874291,0.0066469069113954,-0.0003710045228002973,1,ok,CI_UNAVAILABLE
single,hl60,cnn(5|3),sequence_ctcf_dnase_rrbs,dnase,sequence_ctcf_rrbs,-0.0025260702094105,-0.0037146864640482,-0.0011886162546377002,6.62630533573988e-05,1,ok,CI_UNAVAILABLE
single,hl60,cnn(5|3),sequence_ctcf_h3k4me3_rrbs,h3k4me3,sequence_ctcf_rrbs,-0.0040019233239663,-0.0037146864640482,0.0002872368599181,-1.6007011237495483e-05,1,ok,CI_UNAVAILABLE
single,hl60,cnn(5|3),sequence_ctcf_dnase_h3k4me3,ctcf,sequence_dnase_h3k4me3,0.0348993642252798,0.0159526387935499,-0.018946725431729896,0.001071613478802691,1,ok,CI_UNAVAILABLE
single,hl60,cnn(5|3),sequence_dnase_h3k4me3_rrbs,rrbs,sequence_dnase_h3k4me3,0.0743881888683496,0.0159526387935499,-0.0584355500747997,0.003339422270333098,1,ok,CI_UNAVAILABLE
single,hl60,cnn(5|3),sequence_ctcf_dnase_rrbs,ctcf,sequence_dnase_rrbs,-0.0025260702094105,0.0541899285251253,0.056715998734535804,-0.0032087873865849076,1,ok,CI_UNAVAILABLE
single,hl60,cnn(5|3),sequence_dnase_h3k4me3_rrbs,h3k4me3,sequence_dnase_rrbs,0.0743881888683496,0.0541899285251253,-0.020198260343224292,0.0011658850203773996,1,ok,CI_UNAVAILABLE
single,hl60,cnn(5|3),sequence_ctcf_h3k4me3_rrbs,ctcf,sequence_h3k4me3_rrbs,-0.0040019233239663,0.0352935728638691,0.0392954961878354,-0.0022115410289968995,1,ok,CI_UNAVAILABLE
single,hl60,cnn(5|3),sequence_dnase_h3k4me3_rrbs,dnase,sequence_h3k4me3_rrbs,0.0743881888683496,0.0352935728638691,-0.0390946160044805,0.002245401442560302,1,ok,CI_UNAVAILABLE
single,hl60,cnn(5|3),all,rrbs,sequence_ctcf_dnase_h3k4me3,0.0797498100131516,0.0348993642252798,-0.0448504457878718,0.0025794237168898088,1,ok,CI_UNAVAILABLE
single,hl60,cnn(5|3),all,h3k4me3,sequence_ctcf_dnase_rrbs,0.0797498100131516,-0.0025260702094105,-0.08227588022256209,0.004686287332321709,1,ok,CI_UNAVAILABLE
single,hl60,cnn(5|3),all,dnase,sequence_ctcf_h3k4me3_rrbs,0.0797498100131516,-0.0040019233239663,-0.0837517333371179,0.004768557396916603,1,ok,CI_UNAVAILABLE
single,hl60,cnn(5|3),all,ctcf,sequence_dnase_h3k4me3_rrbs,0.0797498100131516,0.0743881888683496,-0.005361621144802001,0.00031161492535940194,1,ok,CI_UNAVAILABLE
single,hl60,cnn(7|3),sequence_ctcf,ctcf,sequence,0.0789941324909769,0.0986134049513389,0.01961927246036199,-0.0011475973047916088,1,ok,CI_UNAVAILABLE
single,hl60,cnn(7|3),sequence_dnase,dnase,sequence,0.0588817914495685,0.0986134049513389,0.039731613501770395,-0.0023114176218756027,1,ok,CI_UNAVAILABLE
single,hl60,cnn(7|3),sequence_h3k4me3,h3k4me3,sequence,0.0649756904027599,0.0986134049513389,0.033637714548579,-0.0019601127336655033,1,ok,CI_UNAVAILABLE
single,hl60,cnn(7|3),sequence_rrbs,rrbs,sequence,0.0588879049789716,0.0986134049513389,0.039725499972367295,-0.002311065756195607,1,ok,CI_UNAVAILABLE
single,hl60,cnn(7|3),sequence_ctcf_dnase,dnase,sequence_ctcf,0.0586548766987544,0.0789941324909769,0.020339255792222503,-0.0011768796427120004,1,ok,CI_UNAVAILABLE
single,hl60,cnn(7|3),sequence_ctcf_h3k4me3,h3k4me3,sequence_ctcf,0.0547262307202053,0.0789941324909769,0.024267901770771608,-0.001402730802565394,1,ok,CI_UNAVAILABLE
single,hl60,cnn(7|3),sequence_ctcf_rrbs,rrbs,sequence_ctcf,0.0471505950047137,0.0789941324909769,0.03184353748626321,-0.001836920022088101,1,ok,CI_UNAVAILABLE
single,hl60,cnn(7|3),sequence_ctcf_dnase,ctcf,sequence_dnase,0.0586548766987544,0.0588817914495685,0.00022691475081410006,-1.305932562800649e-05,1,ok,CI_UNAVAILABLE
single,hl60,cnn(7|3),sequence_dnase_h3k4me3,h3k4me3,sequence_dnase,0.0784282028514362,0.0588817914495685,-0.0195464114018677,0.001130899483139991,1,ok,CI_UNAVAILABLE
single,hl60,cnn(7|3),sequence_dnase_rrbs,rrbs,sequence_dnase,0.0306983861304833,0.0588817914495685,0.028183405319085204,-0.0016101345111489002,1,ok,CI_UNAVAILABLE
single,hl60,cnn(7|3),sequence_ctcf_h3k4me3,ctcf,sequence_h3k4me3,0.0547262307202053,0.0649756904027599,0.010249459682554599,-0.0005902153736914995,1,ok,CI_UNAVAILABLE
single,hl60,cnn(7|3),sequence_dnase_h3k4me3,dnase,sequence_h3k4me3,0.0784282028514362,0.0649756904027599,-0.013452512448676304,0.0007795945949298916,1,ok,CI_UNAVAILABLE
single,hl60,cnn(7|3),sequence_h3k4me3_rrbs,rrbs,sequence_h3k4me3,0.0728613054571543,0.0649756904027599,-0.007885615054394404,0.00045629843932790126,1,ok,CI_UNAVAILABLE
single,hl60,cnn(7|3),sequence_ctcf_rrbs,ctcf,sequence_rrbs,0.0471505950047137,0.0588879049789716,0.011737309974257905,-0.0006734515706841027,1,ok,CI_UNAVAILABLE
single,hl60,cnn(7|3),sequence_dnase_rrbs,dnase,sequence_rrbs,0.0306983861304833,0.0588879049789716,0.028189518848488304,-0.0016104863768288957,1,ok,CI_UNAVAILABLE
single,hl60,cnn(7|3),sequence_h3k4me3_rrbs,h3k4me3,sequence_rrbs,0.0728613054571543,0.0588879049789716,-0.013973400478182699,0.0008072514618580051,1,ok,CI_UNAVAILABLE
single,hl60,cnn(7|3),sequence_ctcf_dnase_h3k4me3,h3k4me3,sequence_ctcf_dnase,0.075524712826003,0.0586548766987544,-0.016869836127248593,0.0009752179052645998,1,ok,CI_UNAVAILABLE
single,hl60,cnn(7|3),sequence_ctcf_dnase_rrbs,rrbs,sequence_ctcf_dnase,0.0575017392752755,0.0586548766987544,0.0011531374234789032,-6.634068848339336e-05,1,ok,CI_UNAVAILABLE
single,hl60,cnn(7|3),sequence_ctcf_dnase_h3k4me3,dnase,sequence_ctcf_h3k4me3,0.075524712826003,0.0547262307202053,-0.020798482105797697,0.0012010690651179934,1,ok,CI_UNAVAILABLE
single,hl60,cnn(7|3),sequence_ctcf_h3k4me3_rrbs,rrbs,sequence_ctcf_h3k4me3,0.085404190600274,0.0547262307202053,-0.030677959880068703,0.0017763203270178968,1,ok,CI_UNAVAILABLE
single,hl60,cnn(7|3),sequence_ctcf_dnase_rrbs,dnase,sequence_ctcf_rrbs,0.0575017392752755,0.0471505950047137,-0.010351144270561802,0.0005936996908927072,1,ok,CI_UNAVAILABLE
single,hl60,cnn(7|3),sequence_ctcf_h3k4me3_rrbs,h3k4me3,sequence_ctcf_rrbs,0.085404190600274,0.0471505950047137,-0.038253595595560304,0.002210509546540604,1,ok,CI_UNAVAILABLE
single,hl60,cnn(7|3),sequence_ctcf_dnase_h3k4me3,ctcf,sequence_dnase_h3k4me3,0.075524712826003,0.0784282028514362,0.0029034900254332058,-0.00016874090350339765,1,ok,CI_UNAVAILABLE
single,hl60,cnn(7|3),sequence_dnase_h3k4me3_rrbs,rrbs,sequence_dnase_h3k4me3,0.0928517344328565,0.0784282028514362,-0.014423531581420304,0.0008422143881778033,1,ok,CI_UNAVAILABLE
single,hl60,cnn(7|3),sequence_ctcf_dnase_rrbs,ctcf,sequence_dnase_rrbs,0.0575017392752755,0.0306983861304833,-0.0268033531447922,0.0015307344970375003,1,ok,CI_UNAVAILABLE
single,hl60,cnn(7|3),sequence_dnase_h3k4me3_rrbs,h3k4me3,sequence_dnase_rrbs,0.0928517344328565,0.0306983861304833,-0.06215334830237321,0.0035832483824666944,1,ok,CI_UNAVAILABLE
single,hl60,cnn(7|3),sequence_ctcf_h3k4me3_rrbs,ctcf,sequence_h3k4me3_rrbs,0.085404190600274,0.0728613054571543,-0.0125428851431197,0.000729806513998496,1,ok,CI_UNAVAILABLE
single,hl60,cnn(7|3),sequence_dnase_h3k4me3_rrbs,dnase,sequence_h3k4me3_rrbs,0.0928517344328565,0.0728613054571543,-0.019990428975702204,0.0011655105437797936,1,ok,CI_UNAVAILABLE
single,hl60,cnn(7|3),all,rrbs,sequence_ctcf_dnase_h3k4me3,0.065937559122481,0.075524712826003,0.009587153703521992,-0.0005552987913461926,1,ok,CI_UNAVAILABLE
single,hl60,cnn(7|3),all,h3k4me3,sequence_ctcf_dnase_rrbs,0.065937559122481,0.0575017392752755,-0.008435819847205504,0.00048625980240180056,1,ok,CI_UNAVAILABLE
single,hl60,cnn(7|3),all,dnase,sequence_ctcf_h3k4me3_rrbs,0.065937559122481,0.085404190600274,0.019466631477792998,-0.001130550053246096,1,ok,CI_UNAVAILABLE
single,hl60,cnn(7|3),all,ctcf,sequence_dnase_h3k4me3_rrbs,0.065937559122481,0.0928517344328565,0.0269141753103755,-0.0015662540830273936,1,ok,CI_UNAVAILABLE
single,hl60,linear,sequence_ctcf,ctcf,sequence,0.1313181663382421,0.1494839333225623,0.01816576698432021,-0.0010940020825469937,1,ok,CI_UNAVAILABLE
single,hl60,linear,sequence_dnase,dnase,sequence,0.1517807706326207,0.1494839333225623,-0.0022968373100583916,0.00013915177885659435,1,ok,CI_UNAVAILABLE
single,hl60,linear,sequence_h3k4me3,h3k4me3,sequence,,,,,0,unavailable,INVALID_EXPERIMENTS_EXCLUDED;child_all_invalid;CI_UNAVAILABLE
single,hl60,linear,sequence_rrbs,rrbs,sequence,0.1436138495658894,0.1494839333225623,0.005870083756672889,-0.00035478226587820627,1,ok,CI_UNAVAILABLE
single,hl60,linear,sequence_ctcf_dnase,dnase,sequence_ctcf,0.1328915329520724,0.1313181663382421,-0.0015733666138303126,9.429803233899914e-05,1,ok,CI_UNAVAILABLE
single,hl60,linear,sequence_ctcf_h3k4me3,h3k4me3,sequence_ctcf,0.1230928471606935,0.1313181663382421,0.008225319177548582,-0.0004915913727180088,1,ok,CI_UNAVAILABLE
single,hl60,linear,sequence_ctcf_rrbs,rrbs,sequence_ctcf,0.119393906660734,0.1313181663382421,0.011924259677508084,-0.0007119091628271096,1,ok,CI_UNAVAILABLE
single,hl60,linear,sequence_ctcf_dnase,ctcf,sequence_dnase,0.1328915329520724,0.1517807706326207,0.018889237680548288,-0.001138855829064589,1,ok,CI_UNAVAILABLE
single,hl60,linear,sequence_dnase_h3k4me3,h3k4me3,sequence_dnase,,,,,0,unavailable,INVALID_EXPERIMENTS_EXCLUDED;child_all_invalid;CI_UNAVAILABLE
single,hl60,linear,sequence_dnase_rrbs,rrbs,sequence_dnase,0.1440974093173289,0.1517807706326207,0.007683361315291792,-0.0004647542028825974,1,ok,CI_UNAVAILABLE
single,hl60,linear,sequence_ctcf_h3k4me3,ctcf,sequence_h3k4me3,,,,,0,unavailable,INVALID_EXPERIMENTS_EXCLUDED;parent_all_invalid;CI_UNAVAILABLE
single,hl60,linear,sequence_dnase_h3k4me3,dnase,sequence_h3k4me3,,,,,0,unavailable,INVALID_EXPERIMENTS_EXCLUDED;parent_all_invalid;CI_UNAVAILABLE
single,hl60,linear,sequence_h3k4me3_rrbs,rrbs,sequence_h3k4me3,,,,,0,unavailable,INVALID_EXPERIMENTS_EXCLUDED;parent_all_invalid;CI_UNAVAILABLE
single,hl60,linear,sequence_ctcf_rrbs,ctcf,sequence_rrbs,0.119393906660734,0.1436138495658894,0.024219942905155403,-0.001451128979495897,1,ok,CI_UNAVAILABLE
single,hl60,linear,sequence_dnase_rrbs,dnase,sequence_rrbs,0.1440974093173289,0.1436138495658894,-0.0004835597514394885,2.9179841852203237e-05,1,ok,CI_UNAVAILABLE
single,hl60,linear,sequence_h3k4me3_rrbs,h3k4me3,sequence_rrbs,0.1400862507974984,0.1436138495658894,0.0035275987683910104,-0.00021261999686379707,1,ok,CI_UNAVAILABLE
single,hl60,linear,sequence_ctcf_dnase_h3k4me3,h3k4me3,sequence_ctcf_dnase,,,,,0,unavailable,INVALID_EXPERIMENTS_EXCLUDED;child_all_invalid;CI_UNAVAILABLE
single,hl60,linear,sequence_ctcf_dnase_rrbs,rrbs,sequence_ctcf_dnase,0.1219256459157975,0.1328915329520724,0.010965887036274893,-0.0006554608107189053,1,ok,CI_UNAVAILABLE
single,hl60,linear,sequence_ctcf_dnase_h3k4me3,dnase,sequence_ctcf_h3k4me3,,,,,0,unavailable,INVALID_EXPERIMENTS_EXCLUDED;child_all_invalid;CI_UNAVAILABLE
single,hl60,linear,sequence_ctcf_h3k4me3_rrbs,rrbs,sequence_ctcf_h3k4me3,,,,,0,unavailable,INVALID_EXPERIMENTS_EXCLUDED;child_all_invalid;CI_UNAVAILABLE
single,hl60,linear,sequence_ctcf_dnase_rrbs,dnase,sequence_ctcf_rrbs,0.1219256459157975,0.119393906660734,-0.002531739255063503,0.00015074638444720345,1,ok,CI_UNAVAILABLE
single,hl60,linear,sequence_ctcf_h3k4me3_rrbs,h3k4me3,sequence_ctcf_rrbs,,,,,0,unavailable,INVALID_EXPERIMENTS_EXCLUDED;child_all_invalid;CI_UNAVAILABLE
single,hl60,linear,sequence_ctcf_dnase_h3k4me3,ctcf,sequence_dnase_h3k4me3,,,,,0,unavailable,INVALID_EXPERIMENTS_EXCLUDED;parent_all_invalid;CI_UNAVAILABLE
single,hl60,linear,sequence_dnase_h3k4me3_rrbs,rrbs,sequence_dnase_h3k4me3,,,,,0,unavailable,INVALID_EXPERIMENTS_EXCLUDED;parent_all_invalid;CI_UNAVAILABLE
single,hl60,linear,sequence_ctcf_dnase_rrbs,ctcf,sequence_dnase_rrbs,0.1219256459157975,0.1440974093173289,0.02217176340153139,-0.0013295624369008968,1,ok,CI_UNAVAILABLE
single,hl60,linear,sequence_dnase_h3k4me3_rrbs,h3k4me3,sequence_dnase_rrbs,,,,,0,unavailable,INVALID_EXPERIMENTS_EXCLUDED;child_all_invalid;CI_UNAVAILABLE
single,hl60,linear,sequence_ctcf_h3k4me3_rrbs,ctcf,sequence_h3k4me3_rrbs,,,,,0,unavailable,INVALID_EXPERIMENTS_EXCLUDED;child_all_invalid;CI_UNAVAILABLE
single,hl60,linear,sequence_dnase_h3k4me3_rrbs,dnase,sequence_h3k4me3_rrbs,,,,,0,unavailable,INVALID_EXPERIMENTS_EXCLUDED;child_all_invalid;CI_UNAVAILABLE
single,hl60,linear,all,rrbs,sequence_ctcf_dnase_h3k4me3,,,,,0,unavailable,INVALID_EXPERIMENTS_EXCLUDED;parent_all_invalid;CI_UNAVAILABLE
single,hl60,linear,all,h3k4me3,sequence_ctcf_dnase_rrbs,,,,,0,unavailable,INVALID_EXPERIMENTS_EXCLUDED;child_all_invalid;CI_UNAVAILABLE
single,hl60,linear,all,dnase,sequence_ctcf_h3k4me3_rrbs,,,,,0,unavailable,INVALID_EXPERIMENTS_EXCLUDED;parent_all_invalid;CI_UNAVAILABLE
single,hl60,linear,all,ctcf,sequence_dnase_h3k4me3_rrbs,,,,,0,unavailable,INVALID_EXPERIMENTS_EXCLUDED;parent_all_invalid;CI_UNAVAILABLE
single,hl60,mlp,sequence_ctcf,ctcf,sequence,0.1540311629530861,0.1560170469981641,0.00198588404507799,-0.00012062521159300621,1,ok,CI_UNAVAILABLE
single,hl60,mlp,sequence_dnase,dnase,sequence,0.1544255518590312,0.1560170469981641,0.001591495139132898,-9.668078620780896e-05,1,ok,CI_UNAVAILABLE
single,hl60,mlp,sequence_h3k4me3,h3k4me3,sequence,0.1623509237719551,0.1560170469981641,-0.006333876773790992,0.0003856791657426001,1,ok,CI_UNAVAILABLE
single,hl60,mlp,sequence_rrbs,rrbs,sequence,0.1641901575134629,0.1560170469981641,-0.008173110515298787,0.0004979458116530916,1,ok,CI_UNAVAILABLE
single,hl60,mlp,sequence_ctcf_dnase,dnase,sequence_ctcf,0.0453948276868523,0.1540311629530861,0.10863633526623381,-0.0063957103787501,1,ok,CI_UNAVAILABLE
single,hl60,mlp,sequence_ctcf_h3k4me3,h3k4me3,sequence_ctcf,0.1255734833203921,0.1540311629530861,0.028457679632694022,-0.0017132529766247934,1,ok,CI_UNAVAILABLE
single,hl60,mlp,sequence_ctcf_rrbs,rrbs,sequence_ctcf,0.1630338295065843,0.1540311629530861,-0.009002666553498184,0.0005479744763620953,1,ok,CI_UNAVAILABLE
single,hl60,mlp,sequence_ctcf_dnase,ctcf,sequence_dnase,0.0453948276868523,0.1544255518590312,0.1090307241721789,-0.006419654804135297,1,ok,CI_UNAVAILABLE
single,hl60,mlp,sequence_dnase_h3k4me3,h3k4me3,sequence_dnase,0.1496763188440542,0.1544255518590312,0.004749233014977011,-0.00028796871449988937,1,ok,CI_UNAVAILABLE
single,hl60,mlp,sequence_dnase_rrbs,rrbs,sequence_dnase,0.1560645111705412,0.1544255518590312,-0.0016389593115100076,9.95655580335042e-05,1,ok,CI_UNAVAILABLE
single,hl60,mlp,sequence_ctcf_h3k4me3,ctcf,sequence_h3k4me3,0.1255734833203921,0.1623509237719551,0.036777440451563004,-0.0022195573539603997,1,ok,CI_UNAVAILABLE
single,hl60,mlp,sequence_dnase_h3k4me3,dnase,sequence_h3k4me3,0.1496763188440542,0.1623509237719551,0.012674604927900901,-0.0007703286664502984,1,ok,CI_UNAVAILABLE
single,hl60,mlp,sequence_h3k4me3_rrbs,rrbs,sequence_h3k4me3,0.1643294356217099,0.1623509237719551,-0.0019785118497548104,0.00012077319669169528,1,ok,CI_UNAVAILABLE
single,hl60,mlp,sequence_ctcf_rrbs,ctcf,sequence_rrbs,0.1630338295065843,0.1641901575134629,0.001156328006878593,-7.059654688400252e-05,1,ok,CI_UNAVAILABLE
single,hl60,mlp,sequence_dnase_rrbs,dnase,sequence_rrbs,0.1560645111705412,0.1641901575134629,0.008125646342921677,-0.0004950610398273964,1,ok,CI_UNAVAILABLE
single,hl60,mlp,sequence_h3k4me3_rrbs,h3k4me3,sequence_rrbs,0.1643294356217099,0.1641901575134629,-0.00013927810824701514,8.50655078120377e-06,1,ok,CI_UNAVAILABLE
single,hl60,mlp,sequence_ctcf_dnase_h3k4me3,h3k4me3,sequence_ctcf_dnase,0.1325829061908832,0.0453948276868523,-0.0871880785040309,0.0051018298019299,1,ok,CI_UNAVAILABLE
single,hl60,mlp,sequence_ctcf_dnase_rrbs,rrbs,sequence_ctcf_dnase,0.1323066711343588,0.0453948276868523,-0.08691184344750649,0.005085270709903306,1,ok,CI_UNAVAILABLE
single,hl60,mlp,sequence_ctcf_dnase_h3k4me3,dnase,sequence_ctcf_h3k4me3,0.1325829061908832,0.1255734833203921,-0.007009422870491111,0.0004193723998045934,1,ok,CI_UNAVAILABLE
single,hl60,mlp,sequence_ctcf_h3k4me3_rrbs,rrbs,sequence_ctcf_h3k4me3,0.1189348891884835,0.1255734833203921,0.006638594131908593,-0.00039563872817890977,1,ok,CI_UNAVAILABLE
single,hl60,mlp,sequence_ctcf_dnase_rrbs,dnase,sequence_ctcf_rrbs,0.1323066711343588,0.1630338295065843,0.030727158372225505,-0.0018584141452088893,1,ok,CI_UNAVAILABLE
single,hl60,mlp,sequence_ctcf_h3k4me3_rrbs,h3k4me3,sequence_ctcf_rrbs,0.1189348891884835,0.1630338295065843,0.0440989403181008,-0.0026568661811657984,1,ok,CI_UNAVAILABLE
single,hl60,mlp,sequence_ctcf_dnase_h3k4me3,ctcf,sequence_dnase_h3k4me3,0.1325829061908832,0.1496763188440542,0.017093412653170992,-0.0010298562877055079,1,ok,CI_UNAVAILABLE
single,hl60,mlp,sequence_dnase_h3k4me3_rrbs,rrbs,sequence_dnase_h3k4me3,0.1472380538196684,0.1496763188440542,0.002438265024385794,-0.00014753126376661208,1,ok,CI_UNAVAILABLE
single,hl60,mlp,sequence_ctcf_dnase_rrbs,ctcf,sequence_dnase_rrbs,0.1323066711343588,0.1560645111705412,0.02375784003618242,-0.0014339496522654954,1,ok,CI_UNAVAILABLE
single,hl60,mlp,sequence_dnase_h3k4me3_rrbs,h3k4me3,sequence_dnase_rrbs,0.1472380538196684,0.1560645111705412,0.008826457350872813,-0.0005350655363000056,1,ok,CI_UNAVAILABLE
single,hl60,mlp,sequence_ctcf_h3k4me3_rrbs,ctcf,sequence_h3k4me3_rrbs,0.1189348891884835,0.1643294356217099,0.04539454643322641,-0.0027359692788310047,1,ok,CI_UNAVAILABLE
single,hl60,mlp,sequence_dnase_h3k4me3_rrbs,dnase,sequence_h3k4me3_rrbs,0.1472380538196684,0.1643294356217099,0.017091381802041505,-0.0010386331269086058,1,ok,CI_UNAVAILABLE
single,hl60,mlp,all,rrbs,sequence_ctcf_dnase_h3k4me3,0.1029248636075094,0.1325829061908832,0.029658042583373803,-0.001763068686832403,1,ok,CI_UNAVAILABLE
single,hl60,mlp,all,h3k4me3,sequence_ctcf_dnase_rrbs,0.1029248636075094,0.1323066711343588,0.029381807526849393,-0.001746509594805809,1,ok,CI_UNAVAILABLE
single,hl60,mlp,all,dnase,sequence_ctcf_h3k4me3_rrbs,0.1029248636075094,0.1189348891884835,0.0160100255809741,-0.0009480575588488999,1,ok,CI_UNAVAILABLE
single,hl60,mlp,all,ctcf,sequence_dnase_h3k4me3_rrbs,0.1029248636075094,0.1472380538196684,0.044313190212159,-0.002645393710771299,1,ok,CI_UNAVAILABLE
single,hl60,transformer,sequence_ctcf,ctcf,sequence,0.0885192226523627,0.1428012731320992,0.0542820504797365,-0.0032233250939590063,1,ok,CI_UNAVAILABLE
single,hl60,transformer,sequence_dnase,dnase,sequence,0.1508090782705182,0.1428012731320992,-0.008007805138419005,0.00048405740964049815,1,ok,CI_UNAVAILABLE
single,hl60,transformer,sequence_h3k4me3,h3k4me3,sequence,0.1438999019487821,0.1428012731320992,-0.0010986288166829061,6.62759153184922e-05,1,ok,CI_UNAVAILABLE
single,hl60,transformer,sequence_rrbs,rrbs,sequence,0.1376068935286817,0.1428012731320992,0.005194379603417509,-0.00031278273818120816,1,ok,CI_UNAVAILABLE
single,hl60,transformer,sequence_ctcf_dnase,dnase,sequence_ctcf,0.139170182291037,0.0885192226523627,-0.0506509596386743,0.0030045774151837984,1,ok,CI_UNAVAILABLE
single,hl60,transformer,sequence_ctcf_h3k4me3,h3k4me3,sequence_ctcf,0.1086848679698647,0.0885192226523627,-0.020165645317502007,0.001185951474624511,1,ok,CI_UNAVAILABLE
single,hl60,transformer,sequence_ctcf_rrbs,rrbs,sequence_ctcf,0.1090296094228009,0.0885192226523627,-0.020510386770438205,0.0012063418938214054,1,ok,CI_UNAVAILABLE
single,hl60,transformer,sequence_ctcf_dnase,ctcf,sequence_dnase,0.139170182291037,0.1508090782705182,0.0116388959794812,-0.0007028050884157061,1,ok,CI_UNAVAILABLE
single,hl60,transformer,sequence_dnase_h3k4me3,h3k4me3,sequence_dnase,0.1585395707540315,0.1508090782705182,-0.0077304924835132904,0.0004694642798011017,1,ok,CI_UNAVAILABLE
single,hl60,transformer,sequence_dnase_rrbs,rrbs,sequence_dnase,0.1527738692665959,0.1508090782705182,-0.0019647909960776866,0.00011911635673320098,1,ok,CI_UNAVAILABLE
single,hl60,transformer,sequence_ctcf_h3k4me3,ctcf,sequence_h3k4me3,0.1086848679698647,0.1438999019487821,0.0352150339789174,-0.0021036495346529877,1,ok,CI_UNAVAILABLE
single,hl60,transformer,sequence_dnase_h3k4me3,dnase,sequence_h3k4me3,0.1585395707540315,0.1438999019487821,-0.01463966880524939,0.0008872457741231077,1,ok,CI_UNAVAILABLE
single,hl60,transformer,sequence_h3k4me3_rrbs,rrbs,sequence_h3k4me3,0.1318088697585326,0.1438999019487821,0.012091032190249512,-0.0007270797038314986,1,ok,CI_UNAVAILABLE
single,hl60,transformer,sequence_ctcf_rrbs,ctcf,sequence_rrbs,0.1090296094228009,0.1376068935286817,0.028577284105880785,-0.0017042004619563927,1,ok,CI_UNAVAILABLE
single,hl60,transformer,sequence_dnase_rrbs,dnase,sequence_rrbs,0.1527738692665959,0.1376068935286817,-0.015166975737914201,0.0009159565045549073,1,ok,CI_UNAVAILABLE
single,hl60,transformer,sequence_h3k4me3_rrbs,h3k4me3,sequence_rrbs,0.1318088697585326,0.1376068935286817,0.005798023770149097,-0.0003480210503317982,1,ok,CI_UNAVAILABLE
single,hl60,transformer,sequence_ctcf_dnase_h3k4me3,h3k4me3,sequence_ctcf_dnase,0.1400072243420562,0.139170182291037,-0.0008370420510191989,5.0384914266107805e-05,1,ok,CI_UNAVAILABLE
single,hl60,transformer,sequence_ctcf_dnase_rrbs,rrbs,sequence_ctcf_dnase,0.1385500439508247,0.139170182291037,0.0006201383402122951,-3.7312815719794945e-05,1,ok,CI_UNAVAILABLE
single,hl60,transformer,sequence_ctcf_dnase_h3k4me3,dnase,sequence_ctcf_h3k4me3,0.1400072243420562,0.1086848679698647,-0.031322356372191495,0.0018690108548253953,1,ok,CI_UNAVAILABLE
single,hl60,transformer,sequence_ctcf_h3k4me3_rrbs,rrbs,sequence_ctcf_h3k4me3,0.1230906806620135,0.1086848679698647,-0.014405812692148787,0.0008554486700334957,1,ok,CI_UNAVAILABLE
single,hl60,transformer,sequence_ctcf_dnase_rrbs,dnase,sequence_ctcf_rrbs,0.1385500439508247,0.1090296094228009,-0.029520434528023803,0.001760922705642598,1,ok,CI_UNAVAILABLE
single,hl60,transformer,sequence_ctcf_h3k4me3_rrbs,h3k4me3,sequence_ctcf_rrbs,0.1230906806620135,0.1090296094228009,-0.014061071239212589,0.0008350582508366011,1,ok,CI_UNAVAILABLE
single,hl60,transformer,sequence_ctcf_dnase_h3k4me3,ctcf,sequence_dnase_h3k4me3,0.1400072243420562,0.1585395707540315,0.018532346411975292,-0.0011218844539507,1,ok,CI_UNAVAILABLE
single,hl60,transformer,sequence_dnase_h3k4me3_rrbs,rrbs,sequence_dnase_h3k4me3,0.157127524631723,0.1585395707540315,0.0014120461223084968,-8.591247657240009e-05,1,ok,CI_UNAVAILABLE
single,hl60,transformer,sequence_ctcf_dnase_rrbs,ctcf,sequence_dnase_rrbs,0.1385500439508247,0.1527738692665959,0.014223825315771182,-0.000859234260868702,1,ok,CI_UNAVAILABLE
single,hl60,transformer,sequence_dnase_h3k4me3_rrbs,h3k4me3,sequence_dnase_rrbs,0.157127524631723,0.1527738692665959,-0.004353655365127107,0.00026443544649550066,1,ok,CI_UNAVAILABLE
single,hl60,transformer,sequence_ctcf_h3k4me3_rrbs,ctcf,sequence_h3k4me3_rrbs,0.1230906806620135,0.1318088697585326,0.0087181890965191,-0.0005211211607879934,1,ok,CI_UNAVAILABLE
single,hl60,transformer,sequence_dnase_h3k4me3_rrbs,dnase,sequence_h3k4me3_rrbs,0.157127524631723,0.1318088697585326,-0.025318654873190405,0.0015284130013822061,1,ok,CI_UNAVAILABLE
single,hl60,transformer,all,rrbs,sequence_ctcf_dnase_h3k4me3,0.1241731756400218,0.1400072243420562,0.015834048702034406,-0.0009489984085064018,1,ok,CI_UNAVAILABLE
single,hl60,transformer,all,h3k4me3,sequence_ctcf_dnase_rrbs,0.1241731756400218,0.1385500439508247,0.014376868310802912,-0.0008613006785204991,1,ok,CI_UNAVAILABLE
single,hl60,transformer,all,dnase,sequence_ctcf_h3k4me3_rrbs,0.1241731756400218,0.1230906806620135,-0.0010824949780083026,6.456377628549781e-05,1,ok,CI_UNAVAILABLE
single,hl60,transformer,all,ctcf,sequence_dnase_h3k4me3_rrbs,0.1241731756400218,0.157127524631723,0.0329543489917012,-0.0019849703858847018,1,ok,CI_UNAVAILABLE
single,hl60,xgboost,sequence_ctcf,ctcf,sequence,0.1394624164155748,0.1546637524256472,0.015201336010072397,-0.0009190389137233995,1,ok,CI_UNAVAILABLE
single,hl60,xgboost,sequence_dnase,dnase,sequence,0.139404239350024,0.1546637524256472,0.015259513075623204,-0.0009225405081053906,1,ok,CI_UNAVAILABLE
single,hl60,xgboost,sequence_h3k4me3,h3k4me3,sequence,0.1583049333000665,0.1546637524256472,-0.0036411808744193086,0.00022136156580830624,1,ok,CI_UNAVAILABLE
single,hl60,xgboost,sequence_rrbs,rrbs,sequence,0.1394928218081149,0.1546637524256472,0.015170930617532302,-0.0009172088095303899,1,ok,CI_UNAVAILABLE
single,hl60,xgboost,sequence_ctcf_dnase,dnase,sequence_ctcf,0.1460374853037219,0.1394624164155748,-0.006575068888147101,0.0003965095327217033,1,ok,CI_UNAVAILABLE
single,hl60,xgboost,sequence_ctcf_h3k4me3,h3k4me3,sequence_ctcf,0.1560205068204598,0.1394624164155748,-0.016558090404884984,0.001001465467394505,1,ok,CI_UNAVAILABLE
single,hl60,xgboost,sequence_ctcf_rrbs,rrbs,sequence_ctcf,0.1525049186092674,0.1394624164155748,-0.013042502193692601,0.0007880200764407985,1,ok,CI_UNAVAILABLE
single,hl60,xgboost,sequence_ctcf_dnase,ctcf,sequence_dnase,0.1460374853037219,0.139404239350024,-0.006633245953697908,0.00040001112710369435,1,ok,CI_UNAVAILABLE
single,hl60,xgboost,sequence_dnase_h3k4me3,h3k4me3,sequence_dnase,0.1541716182404235,0.139404239350024,-0.014767378890399502,0.0008926583555160933,1,ok,CI_UNAVAILABLE
single,hl60,xgboost,sequence_dnase_rrbs,rrbs,sequence_dnase,0.1468759458822836,0.139404239350024,-0.007471706532259592,0.000450684075359295,1,ok,CI_UNAVAILABLE
single,hl60,xgboost,sequence_ctcf_h3k4me3,ctcf,sequence_h3k4me3,0.1560205068204598,0.1583049333000665,0.0022844264796067215,-0.00013893501213720072,1,ok,CI_UNAVAILABLE
single,hl60,xgboost,sequence_dnase_h3k4me3,dnase,sequence_h3k4me3,0.1541716182404235,0.1583049333000665,0.004133315059643011,-0.0002512437183976035,1,ok,CI_UNAVAILABLE
single,hl60,xgboost,sequence_h3k4me3_rrbs,rrbs,sequence_h3k4me3,0.1464371434031179,0.1583049333000665,0.011867789896948616,-0.0007197404358701004,1,ok,CI_UNAVAILABLE
single,hl60,xgboost,sequence_ctcf_rrbs,ctcf,sequence_rrbs,0.1525049186092674,0.1394928218081149,-0.013012096801152506,0.0007861899722477889,1,ok,CI_UNAVAILABLE
single,hl60,xgboost,sequence_dnase_rrbs,dnase,sequence_rrbs,0.1468759458822836,0.1394928218081149,-0.00738312407416869,0.0004453523767842943,1,ok,CI_UNAVAILABLE
single,hl60,xgboost,sequence_h3k4me3_rrbs,h3k4me3,sequence_rrbs,0.1464371434031179,0.1394928218081149,-0.006944321595002995,0.0004188299394685957,1,ok,CI_UNAVAILABLE
single,hl60,xgboost,sequence_ctcf_dnase_h3k4me3,h3k4me3,sequence_ctcf_dnase,0.1517879765250529,0.1460374853037219,-0.0057504912213310055,0.0003480365089719023,1,ok,CI_UNAVAILABLE
single,hl60,xgboost,sequence_ctcf_dnase_rrbs,rrbs,sequence_ctcf_dnase,0.1419313611517347,0.1460374853037219,0.004106124151987217,-0.0002477980254738943,1,ok,CI_UNAVAILABLE
single,hl60,xgboost,sequence_ctcf_dnase_h3k4me3,dnase,sequence_ctcf_h3k4me3,0.1517879765250529,0.1560205068204598,0.004232530295406878,-0.00025691942570089943,1,ok,CI_UNAVAILABLE
single,hl60,xgboost,sequence_ctcf_h3k4me3_rrbs,rrbs,sequence_ctcf_h3k4me3,0.1587241215290388,0.1560205068204598,-0.002703614708579022,0.00016444980561579337,1,ok,CI_UNAVAILABLE
single,hl60,xgboost,sequence_ctcf_dnase_rrbs,dnase,sequence_ctcf_rrbs,0.1419313611517347,0.1525049186092674,0.010573557457532717,-0.0006393085691929895,1,ok,CI_UNAVAILABLE
single,hl60,xgboost,sequence_ctcf_h3k4me3_rrbs,h3k4me3,sequence_ctcf_rrbs,0.1587241215290388,0.1525049186092674,-0.006219202919771405,0.0003778951965694999,1,ok,CI_UNAVAILABLE
single,hl60,xgboost,sequence_ctcf_dnase_h3k4me3,ctcf,sequence_dnase_h3k4me3,0.1517879765250529,0.1541716182404235,0.002383641715370588,-0.00014461071944049664,1,ok,CI_UNAVAILABLE
single,hl60,xgboost,sequence_dnase_h3k4me3_rrbs,rrbs,sequence_dnase_h3k4me3,0.1606184307657119,0.1541716182404235,-0.006446812525288392,0.00039213906802670895,1,ok,CI_UNAVAILABLE
single,hl60,xgboost,sequence_ctcf_dnase_rrbs,ctcf,sequence_dnase_rrbs,0.1419313611517347,0.1468759458822836,0.004944584730548901,-0.00029847097372949494,1,ok,CI_UNAVAILABLE
single,hl60,xgboost,sequence_dnase_h3k4me3_rrbs,h3k4me3,sequence_dnase_rrbs,0.1606184307657119,0.1468759458822836,-0.013742484883428302,0.0008341133481835072,1,ok,CI_UNAVAILABLE
single,hl60,xgboost,sequence_ctcf_h3k4me3_rrbs,ctcf,sequence_h3k4me3_rrbs,0.1587241215290388,0.1464371434031179,-0.012286978125920917,0.000745255229348693,1,ok,CI_UNAVAILABLE
single,hl60,xgboost,sequence_dnase_h3k4me3_rrbs,dnase,sequence_h3k4me3_rrbs,0.1606184307657119,0.1464371434031179,-0.014181287362593997,0.0008606357854992058,1,ok,CI_UNAVAILABLE
single,hl60,xgboost,all,rrbs,sequence_ctcf_dnase_h3k4me3,0.1333781178816487,0.1517879765250529,0.01840985864340422,-0.001110112427064297,1,ok,CI_UNAVAILABLE
single,hl60,xgboost,all,h3k4me3,sequence_ctcf_dnase_rrbs,0.1333781178816487,0.1419313611517347,0.008553243270085997,-0.0005142778926185004,1,ok,CI_UNAVAILABLE
single,hl60,xgboost,all,dnase,sequence_ctcf_h3k4me3_rrbs,0.1333781178816487,0.1587241215290388,0.02534600364739012,-0.0015314816583809898,1,ok,CI_UNAVAILABLE
single,hl60,xgboost,all,ctcf,sequence_dnase_h3k4me3_rrbs,0.1333781178816487,0.1606184307657119,0.0272403128840632,-0.0016468622145315026,1,ok,CI_UNAVAILABLE
