batch,run,split,dataset,model,model_label,cell_line,random_seed,n_train,n_valid,n_test,test_r2,test_pearson,test_spearman,test_rmse,test_mae,test_mse,valid_r2,r2,divergent
ultimate_run,all_cnn_all_heldout_hct116_kernel_3,all,DeepCRISPR,cnn_dual_branch,cnn_k3,hct116,42,7003,1240,4239,0.04579192113924502,0.2184670776828303,0.2211506790735672,0.1677448106571773,0.1343345511708734,0.028138321502412265,0.0456607802735568,0.04579192113924502,False
ultimate_run,all_cnn_all_heldout_hct116_kernel_5,all,DeepCRISPR,cnn_dual_branch,cnn_k5,hct116,42,7003,1240,4239,0.05945573304914209,0.24483912684684217,0.2705117426953945,0.16653946662252075,0.13357640495623638,0.027735393942913706,0.0501566711239918,0.05945573304914209,False
ultimate_run,all_cnn_all_heldout_hct116_kernel_7,all,DeepCRISPR,cnn_dual_branch,cnn_k7,hct116,42,7003,1240,4239,0.09179555303369813,0.3056892604675615,0.3157583877085458,0.163651262918738,0.13003846322074983,0.026781735854897907,0.06286179789479374,0.09179555303369813,False
ultimate_run,all_cnn_all_heldout_hek293t_kernel_3,all,DeepCRISPR,cnn_dual_branch,cnn_k3,hek293t,42,12270,2144,2333,-0.21797557065643547,-0.10261647979847582,-0.05436838957652302,0.1322111476882135,0.10724766267422847,0.017479787573034596,0.06425563666848033,-0.21797557065643547,False
ultimate_run,all_cnn_all_heldout_hek293t_kernel_5,all,DeepCRISPR,cnn_dual_branch,cnn_k5,hek293t,42,12270,2144,2333,-0.4296633974087478,-0.11945733776648891,-0.0814165565691016,0.14324045294602347,0.11667457590038512,0.020517827360181963,0.10316345483739664,-0.4296633974087478,False
ultimate_run,all_cnn_all_heldout_hek293t_kernel_7,all,DeepCRISPR,cnn_dual_branch,cnn_k7,hek293t,42,12270,2144,2333,-0.3783082042208923,-0.12146984537471545,-0.10048411530615253,0.14064424209379586,0.10865365686529806,0.019780802834138262,0.11230722257820014,-0.3783082042208923,False
ultimate_run,all_cnn_all_heldout_hela_kernel_3,all,DeepCRISPR,cnn_dual_branch,cnn_k3,hela,42,3707,655,8101,-0.02728210151175947,-0.029107385107147582,-0.029455373752725132,0.18455275002931656,0.14576103002588606,0.034059717543383404,0.05544056174143874,-0.02728210151175947,False
ultimate_run,all_cnn_all_heldout_hela_kernel_5,all,DeepCRISPR,cnn_dual_branch,cnn_k5,hela,42,3707,655,8101,-0.02989808233180047,0.023230386686376434,0.021399835867200685,0.18478758303654425,0.14394062305223715,0.03414645084448773,0.03810008614662719,-0.02989808233180047,False
ultimate_run,all_cnn_all_heldout_hela_kernel_7,all,DeepCRISPR,cnn_dual_branch,cnn_k7,hela,42,3707,655,8101,-0.013036378449264419,0.03442172328526057,0.03445239022416901,0.18326865009187107,0.1454863299262361,0.03358739810649668,0.046378492006569294,-0.013036378449264419,False
ultimate_run,all_cnn_all_heldout_hl60_kernel_3,all,DeepCRISPR,cnn_dual_branch,cnn_k3,hl60,42,12313,2186,2076,-0.011879594849069752,0.13104109231951191,0.14412555525850004,0.11415313116639553,0.0894333673524446,0.013030937355092302,0.06279714289650595,-0.011879594849069752,False
ultimate_run,all_cnn_all_heldout_hl60_kernel_5,all,DeepCRISPR,cnn_dual_branch,cnn_k5,hl60,42,12313,2186,2076,0.04400624318912938,0.22057774347401513,0.24933159615901318,0.11095603718403302,0.0867598974020337,0.012311242187584519,0.08534484659273955,0.04400624318912938,False
ultimate_run,all_cnn_all_heldout_hl60_kernel_7,all,DeepCRISPR,cnn_dual_branch,cnn_k7,hl60,42,12313,2186,2076,0.028899077928038586,0.1996967064198297,0.1938347481456822,0.1118292964485618,0.08783779453812796,0.012505791544180316,0.09335816487318027,0.028899077928038586,False
ultimate_run,all_cnn_sequence_ctcf_dnase_h3k4me3_heldout_hct116_kernel_3,all,DeepCRISPR,cnn_dual_branch,cnn_k3,hct116,42,7003,1240,4239,0.04128921243014261,0.2066454726015766,0.19490339044956775,0.1681401212292792,0.13490862976013643,0.02827110036699671,0.04643876071542685,0.04128921243014261,False
ultimate_run,all_cnn_sequence_ctcf_dnase_h3k4me3_heldout_hct116_kernel_5,all,DeepCRISPR,cnn_dual_branch,cnn_k5,hct116,42,7003,1240,4239,0.07517895862511359,0.2761540099452163,0.28561152191332717,0.16514156661970117,0.1319539784034931,0.027271737025609196,0.052452136351153866,0.07517895862511359,False
ultimate_run,all_cnn_sequence_ctcf_dnase_h3k4me3_heldout_hct116_kernel_7,all,DeepCRISPR,cnn_dual_branch,cnn_k7,hct116,42,7003,1240,4239,0.07089006269047937,0.27951414898829374,0.2846408225630734,0.16552404912009247,0.13444140622721495,0.027398210837110783,0.048067902320134914,0.07089006269047937,False
ultimate_run,all_cnn_sequence_ctcf_dnase_h3k4me3_heldout_hek293t_kernel_3,all,DeepCRISPR,cnn_dual_branch,cnn_k3,hek293t,42,12270,2144,2333,-0.23097418528954372,-0.12802738529313035,-0.08068569974744078,0.13291477461200266,0.10653512077497863,0.017666337310159468,0.06274974863804028,-0.23097418528954372,False
ultimate_run,all_cnn_sequence_ctcf_dnase_h3k4me3_heldout_hek293t_kernel_5,all,DeepCRISPR,cnn_dual_branch,cnn_k5,hek293t,42,12270,2144,2333,-0.4173102473211334,-0.12312999627370501,-0.09975973839853268,0.14262026859251695,0.11333418679828813,0.020340541013401676,0.11681758869709347,-0.4173102473211334,False
ultimate_run,all_cnn_sequence_ctcf_dnase_h3k4me3_heldout_hek293t_kernel_7,all,DeepCRISPR,cnn_dual_branch,cnn_k7,hek293t,42,12270,2144,2333,-0.3849125221166556,-0.16085629314492325,-0.14445805173381457,0.14098079572406777,0.11260985402470998,0.019875584762991328,0.11362275041865633,-0.3849125221166556,False
ultimate_run,all_cnn_sequence_ctcf_dnase_h3k4me3_heldout_hela_kernel_3,all,DeepCRISPR,cnn_dual_branch,cnn_k3,hela,42,3707,655,8101,-0.03703091985894358,-0.05660759780020861,-0.04471070617796252,0.18542637708486306,0.1459777411797683,0.034382941318817827,0.058047261142868956,-0.03703091985894358,False
ultimate_run,all_cnn_sequence_ctcf_dnase_h3k4me3_heldout_hela_kernel_5,all,DeepCRISPR,cnn_dual_branch,cnn_k5,hela,42,3707,655,8101,-0.02213897560252076,0.01783091489145708,0.01479722906096296,0.184090185249922,0.14549183724715592,0.033889196305350595,0.04830648144527783,-0.02213897560252076,False
ultimate_run,all_cnn_sequence_ctcf_dnase_h3k4me3_heldout_hela_kernel_7,all,DeepCRISPR,cnn_dual_branch,cnn_k7,hela,42,3707,655,8101,-0.022733836142480257,0.03912818489651742,0.035877624221793324,0.18414374551006615,0.1448914437162599,0.033908919010476005,0.028971915529811043,-0.022733836142480257,False
ultimate_run,all_cnn_sequence_ctcf_dnase_h3k4me3_heldout_hl60_kernel_3,all,DeepCRISPR,cnn_dual_branch,cnn_k3,hl60,42,12313,2186,2076,-0.0036728120274953646,0.15125996183189608,0.1280238246470394,0.11368927300217614,0.08903044617693577,0.012925250795763338,0.06050901592956315,-0.0036728120274953646,False
ultimate_run,all_cnn_sequence_ctcf_dnase_h3k4me3_heldout_hl60_kernel_5,all,DeepCRISPR,cnn_dual_branch,cnn_k5,hl60,42,12313,2186,2076,0.0031309262294436646,0.2020358046383728,0.23138311269536468,0.11330327699448434,0.08777138143365122,0.012837632577688843,0.0855917238537921,0.0031309262294436646,False
ultimate_run,all_cnn_sequence_ctcf_dnase_h3k4me3_heldout_hl60_kernel_7,all,DeepCRISPR,cnn_dual_branch,cnn_k7,hl60,42,12313,2186,2076,0.051995188365818956,0.2580514213871214,0.27315405937920334,0.11049145184627826,0.08549521322701277,0.012208360931098429,0.09753426756462635,0.051995188365818956,False
ultimate_run,all_cnn_sequence_ctcf_dnase_heldout_hct116_kernel_3,all,DeepCRISPR,cnn_dual_branch,cnn_k3,hct116,42,7003,1240,4239,0.03553936836412097,0.20601944999718727,0.21465188856213346,0.1686435755882413,0.13406220928101753,0.02844065558718686,0.04068507699186086,0.03553936836412097,False
ultimate_run,all_cnn_sequence_ctcf_dnase_heldout_hct116_kernel_5,all,DeepCRISPR,cnn_dual_branch,cnn_k5,hct116,42,7003,1240,4239,0.06644581601992228,0.26325419939212324,0.2752746240958735,0.16591945556286936,0.13424889575295526,0.027529265734278982,0.054603150892235885,0.06644581601992228,False
ultimate_run,all_cnn_sequence_ctcf_dnase_heldout_hct116_kernel_7,all,DeepCRISPR,cnn_dual_branch,cnn_k7,hct116,42,7003,1240,4239,0.07655758459081263,0.2842216217666984,0.29858569878184704,0.1650184328722436,0.13436033045744383,0.02723108318761117,0.04645829048435446,0.07655758459081263,False
ultimate_run,all_cnn_sequence_ctcf_dnase_heldout_hek293t_kernel_3,all,DeepCRISPR,cnn_dual_branch,cnn_k3,hek293t,42,12270,2144,2333,-0.262964602856248,-0.10928069583193244,-0.06401179697122228,0.1346307843001394,0.10794252607343895,0.018125448081270656,0.06780887154559212,-0.262964602856248,False
ultimate_run,all_cnn_sequence_ctcf_dnase_heldout_hek293t_kernel_5,all,DeepCRISPR,cnn_dual_branch,cnn_k5,hek293t,42,12270,2144,2333,-0.3209298330146375,-0.1410943983297842,-0.11183463514901736,0.13768564418094376,0.11129451997376949,0.01895733661352145,0.10442165496577194,-0.3209298330146375,False
ultimate_run,all_cnn_sequence_ctcf_dnase_heldout_hek293t_kernel_7,all,DeepCRISPR,cnn_dual_branch,cnn_k7,hek293t,42,12270,2144,2333,-0.3188588845293028,-0.11193962080729335,-0.06576137919376103,0.13757767034421067,0.10993628928647806,0.018927615377340303,0.10922548592627024,-0.3188588845293028,False
ultimate_run,all_cnn_sequence_ctcf_dnase_heldout_hela_kernel_3,all,DeepCRISPR,cnn_dual_branch,cnn_k3,hela,42,3707,655,8101,-0.035326498724135735,-0.03071655266929474,-0.024210217857774045,0.18527393485951626,0.1455135783411636,0.03432643093832828,0.042150551593101104,-0.035326498724135735,False
ultimate_run,all_cnn_sequence_ctcf_dnase_heldout_hela_kernel_5,all,DeepCRISPR,cnn_dual_branch,cnn_k5,hela,42,3707,655,8101,-0.022949375511220893,0.012031703499552444,0.011447309714459206,0.1841631484741224,0.1449289304539829,0.033916065255901656,0.04256840800256423,-0.022949375511220893,False
ultimate_run,all_cnn_sequence_ctcf_dnase_heldout_hela_kernel_7,all,DeepCRISPR,cnn_dual_branch,cnn_k7,hela,42,3707,655,8101,-0.03179474349609035,0.014287576043447667,0.008633839897276254,0.18495765725359786,0.14345748047714785,0.03420933497673938,0.030876467810321828,-0.03179474349609035,False
ultimate_run,all_cnn_sequence_ctcf_dnase_heldout_hl60_kernel_3,all,DeepCRISPR,cnn_dual_branch,cnn_k3,hl60,42,12313,2186,2076,-0.03816350123540424,0.10272439868364364,0.08167901833009336,0.11562620919570793,0.09086127800019979,0.013369420252969614,0.0664605437395428,-0.03816350123540424,False
ultimate_run,all_cnn_sequence_ctcf_dnase_heldout_hl60_kernel_5,all,DeepCRISPR,cnn_dual_branch,cnn_k5,hl60,42,12313,2186,2076,0.009642954815461957,0.20776220299800763,0.21486344245357095,0.11293259486481023,0.08887095757004641,0.012753770982899364,0.08094351678797262,0.009642954815461957,False
ultimate_run,all_cnn_sequence_ctcf_dnase_heldout_hl60_kernel_7,all,DeepCRISPR,cnn_dual_branch,cnn_k7,hl60,42,12313,2186,2076,0.0029957567612477476,0.18457896636068166,0.15113864010662767,0.1133109583565478,0.08792124003591824,0.012839373283679309,0.09894408921788633,0.0029957567612477476,False
ultimate_run,all_cnn_sequence_ctcf_dnase_rrbs_heldout_hct116_kernel_3,all,DeepCRISPR,cnn_dual_branch,cnn_k3,hct116,42,7003,1240,4239,0.04683599759147805,0.2168704390975881,0.2290227011086089,0.16765301393841933,0.13538734243283324,0.02810753308263583,0.04161155772165481,0.04683599759147805,False
ultimate_run,all_cnn_sequence_ctcf_dnase_rrbs_heldout_hct116_kernel_5,all,DeepCRISPR,cnn_dual_branch,cnn_k5,hct116,42,7003,1240,4239,0.08535386976506432,0.29702791395812844,0.29807340511372526,0.16423060764952754,0.13284854868594415,0.026971692488933052,0.050612457655443865,0.08535386976506432,False
ultimate_run,all_cnn_sequence_ctcf_dnase_rrbs_heldout_hct116_kernel_7,all,DeepCRISPR,cnn_dual_branch,cnn_k7,hct116,42,7003,1240,4239,0.08064752390660812,0.31444957871375817,0.3136877541099124,0.16465259287666723,0.12954790287347354,0.027110476341009524,0.04552422683043145,0.08064752390660812,False
ultimate_run,all_cnn_sequence_ctcf_dnase_rrbs_heldout_hek293t_kernel_3,all,DeepCRISPR,cnn_dual_branch,cnn_k3,hek293t,42,12270,2144,2333,-0.28704779982098416,-0.14023946286704442,-0.08989130850110041,0.13590834523086137,0.1109363285627454,0.018471078303391,0.065165694782085,-0.28704779982098416,False
ultimate_run,all_cnn_sequence_ctcf_dnase_rrbs_heldout_hek293t_kernel_5,all,DeepCRISPR,cnn_dual_branch,cnn_k5,hek293t,42,12270,2144,2333,-0.4959393492852109,-0.12237732801992779,-0.10199530445999337,0.14652299236431165,0.11469371658835706,0.021468987291392128,0.10304348514412143,-0.4959393492852109,False
ultimate_run,all_cnn_sequence_ctcf_dnase_rrbs_heldout_hek293t_kernel_7,all,DeepCRISPR,cnn_dual_branch,cnn_k7,hek293t,42,12270,2144,2333,-0.5279979127271694,-0.19947352480368796,-0.1783588437626688,0.1480846921820653,0.11899626678980782,0.021929076058657033,0.12178804102716045,-0.5279979127271694,False
ultimate_run,all_cnn_sequence_ctcf_dnase_rrbs_heldout_hela_kernel_3,all,DeepCRISPR,cnn_dual_branch,cnn_k3,hela,42,3707,655,8101,-0.03356827481867408,-0.04535301195178234,-0.039648185591617945,0.1851165490105579,0.14696240860730725,0.034268136717578286,0.04633013182273793,-0.03356827481867408,False
ultimate_run,all_cnn_sequence_ctcf_dnase_rrbs_heldout_hela_kernel_5,all,DeepCRISPR,cnn_dual_branch,cnn_k5,hela,42,3707,655,8101,-0.02793841142704956,0.0100642634103641,0.0065904070145644325,0.1846116941401145,0.14695378645441157,0.03408147761328319,0.045057998398195576,-0.02793841142704956,False
ultimate_run,all_cnn_sequence_ctcf_dnase_rrbs_heldout_hela_kernel_7,all,DeepCRISPR,cnn_dual_branch,cnn_k7,hela,42,3707,655,8101,-0.017052268196153797,0.044007717404537905,0.04081864331493259,0.183631548576591,0.14492898300260318,0.033720545632636906,0.028893646019948704,-0.017052268196153797,False
ultimate_run,all_cnn_sequence_ctcf_dnase_rrbs_heldout_hl60_kernel_3,all,DeepCRISPR,cnn_dual_branch,cnn_k3,hl60,42,12313,2186,2076,-0.02079145444302455,0.11773140282933128,0.07583184822774403,0.11465471581929229,0.09012780967751709,0.013145703859602675,0.0630083025894077,-0.02079145444302455,False
ultimate_run,all_cnn_sequence_ctcf_dnase_rrbs_heldout_hl60_kernel_5,all,DeepCRISPR,cnn_dual_branch,cnn_k5,hl60,42,12313,2186,2076,0.040805475061062135,0.24169139460948197,0.25268635609543677,0.11114162823843954,0.08570157595585336,0.0123524615274915,0.09386157952772112,0.040805475061062135,False
ultimate_run,all_cnn_sequence_ctcf_dnase_rrbs_heldout_hl60_kernel_7,all,DeepCRISPR,cnn_dual_branch,cnn_k7,hl60,42,12313,2186,2076,0.06842049019377405,0.28336027563268545,0.30175499861201394,0.10953007200951742,0.0846348254123132,0.011996836674410071,0.09256905196743848,0.06842049019377405,False
ultimate_run,all_cnn_sequence_ctcf_h3k4me3_heldout_hct116_kernel_3,all,DeepCRISPR,cnn_dual_branch,cnn_k3,hct116,42,7003,1240,4239,0.036599156327575044,0.20329292818170527,0.22085764547965367,0.16855089396361503,0.13360885035934805,0.0284094038559338,0.05059929245161365,0.036599156327575044,False
ultimate_run,all_cnn_sequence_ctcf_h3k4me3_heldout_hct116_kernel_5,all,DeepCRISPR,cnn_dual_branch,cnn_k5,hct116,42,7003,1240,4239,0.06482071074755391,0.2690320957236647,0.28317150821959963,0.1660638067664194,0.13566344138033687,0.027577187917754688,0.051342304192713795,0.06482071074755391,False
ultimate_run,all_cnn_sequence_ctcf_h3k4me3_heldout_hct116_kernel_7,all,DeepCRISPR,cnn_dual_branch,cnn_k7,hct116,42,7003,1240,4239,0.08593306709906157,0.30253739194031026,0.3126903829621168,0.16417860010766713,0.13367609078938622,0.026954612733313277,0.0518006096803062,0.08593306709906157,False
ultimate_run,all_cnn_sequence_ctcf_h3k4me3_heldout_hek293t_kernel_3,all,DeepCRISPR,cnn_dual_branch,cnn_k3,hek293t,42,12270,2144,2333,-0.2987209112122722,-0.12921924811323046,-0.09753843832854368,0.13652327665487643,0.11030234136980743,0.01863860506858393,0.07248528817589206,-0.2987209112122722,False
ultimate_run,all_cnn_sequence_ctcf_h3k4me3_heldout_hek293t_kernel_5,all,DeepCRISPR,cnn_dual_branch,cnn_k5,hek293t,42,12270,2144,2333,-0.32046055906521986,-0.14660930022007798,-0.11069037737972112,0.13766118488569098,0.10939431672558936,0.0189506018241324,0.11355850277815449,-0.32046055906521986,False
ultimate_run,all_cnn_sequence_ctcf_h3k4me3_heldout_hek293t_kernel_7,all,DeepCRISPR,cnn_dual_branch,cnn_k7,hek293t,42,12270,2144,2333,-0.4588366955547998,-0.15613290105323774,-0.14276400231756706,0.14469453416107406,0.1163120140164669,0.020936508216090225,0.12547275034409577,-0.4588366955547998,False
ultimate_run,all_cnn_sequence_ctcf_h3k4me3_heldout_hela_kernel_3,all,DeepCRISPR,cnn_dual_branch,cnn_k3,hela,42,3707,655,8101,-0.029646361038806024,-0.014098213732372892,-0.008806801601764894,0.18476499933981652,0.1448597119574547,0.0341381049810424,0.046453188635177556,-0.029646361038806024,False
ultimate_run,all_cnn_sequence_ctcf_h3k4me3_heldout_hela_kernel_5,all,DeepCRISPR,cnn_dual_branch,cnn_k5,hela,42,3707,655,8101,-0.021191043096395523,0.003699488065261084,0.007683409450202072,0.18400480275662573,0.14551467065826765,0.033857767437504745,0.04874979148574066,-0.021191043096395523,False
ultimate_run,all_cnn_sequence_ctcf_h3k4me3_heldout_hela_kernel_7,all,DeepCRISPR,cnn_dual_branch,cnn_k7,hela,42,3707,655,8101,-0.03111355816398187,0.026320712928303923,0.021817694753944333,0.18489659314884416,0.14328866350028335,0.0341867501580492,0.027172522861786175,-0.03111355816398187,False
ultimate_run,all_cnn_sequence_ctcf_h3k4me3_heldout_hl60_kernel_3,all,DeepCRISPR,cnn_dual_branch,cnn_k3,hl60,42,12313,2186,2076,-0.030278505279141,0.11030416036512206,0.08171052023733756,0.11518627370310348,0.0901571391105494,0.01326787764960627,0.06024623136159324,-0.030278505279141,False
ultimate_run,all_cnn_sequence_ctcf_h3k4me3_heldout_hl60_kernel_5,all,DeepCRISPR,cnn_dual_branch,cnn_k5,hl60,42,12313,2186,2076,0.04395827969978372,0.2310577121228089,0.2500279034489984,0.11095882055574446,0.08659866456254628,0.0123118598591219,0.08568498240323286,0.04395827969978372,False
ultimate_run,all_cnn_sequence_ctcf_h3k4me3_heldout_hl60_kernel_7,all,DeepCRISPR,cnn_dual_branch,cnn_k7,hl60,42,12313,2186,2076,0.03629476288017608,0.24098145297177795,0.2462582780329798,0.11140264927139,0.08701743974811568,0.012410550264684331,0.09534649586375388,0.03629476288017608,False
ultimate_run,all_cnn_sequence_ctcf_h3k4me3_rrbs_heldout_hct116_kernel_3,all,DeepCRISPR,cnn_dual_branch,cnn_k3,hct116,42,7003,1240,4239,0.04241324859705031,0.20765861808146743,0.21575841452828598,0.16804152475520476,0.13502660438355196,0.028237954042054095,0.035705759409971005,0.04241324859705031,False
ultimate_run,all_cnn_sequence_ctcf_h3k4me3_rrbs_heldout_hct116_kernel_5,all,DeepCRISPR,cnn_dual_branch,cnn_k5,hct116,42,7003,1240,4239,0.06976820618608204,0.26941046935045887,0.2843414574308398,0.16562395022072687,0.1314422272445959,0.027431292886717817,0.05125702229067075,0.06976820618608204,False
ultimate_run,all_cnn_sequence_ctcf_h3k4me3_rrbs_heldout_hct116_kernel_7,all,DeepCRISPR,cnn_dual_branch,cnn_k7,hct116,42,7003,1240,4239,0.08059107460680603,0.2873370951889756,0.29558628820079014,0.1646576477283976,0.13166183216735983,0.027112140955449084,0.04923130668154929,0.08059107460680603,False
ultimate_run,all_cnn_sequence_ctcf_h3k4me3_rrbs_heldout_hek293t_kernel_3,all,DeepCRISPR,cnn_dual_branch,cnn_k3,hek293t,42,12270,2144,2333,-0.24306289543341553,-0.13090429380878368,-0.08694789051734594,0.13356582101968226,0.10744325624857907,0.017839828544661797,0.06402402209671554,-0.24306289543341553,False
ultimate_run,all_cnn_sequence_ctcf_h3k4me3_rrbs_heldout_hek293t_kernel_5,all,DeepCRISPR,cnn_dual_branch,cnn_k5,hek293t,42,12270,2144,2333,-0.3982013275983285,-0.12977026004534045,-0.114935200545908,0.14165556528686363,0.11286409768809641,0.02006629917674088,0.10078447774175703,-0.3982013275983285,False
ultimate_run,all_cnn_sequence_ctcf_h3k4me3_rrbs_heldout_hek293t_kernel_7,all,DeepCRISPR,cnn_dual_branch,cnn_k7,hek293t,42,12270,2144,2333,-0.3921994416279133,-0.15433227098054617,-0.13324452789013919,0.14135120464711187,0.11347342997412542,0.0199801630551897,0.11716883640065767,-0.3921994416279133,False
ultimate_run,all_cnn_sequence_ctcf_h3k4me3_rrbs_heldout_hela_kernel_3,all,DeepCRISPR,cnn_dual_branch,cnn_k3,hela,42,3707,655,8101,-0.03052550043630764,-0.026098538744394467,-0.024226440105137113,0.18484386114056794,0.1452900307953557,0.034167253001353565,0.04648469755008677,-0.03052550043630764,False
ultimate_run,all_cnn_sequence_ctcf_h3k4me3_rrbs_heldout_hela_kernel_5,all,DeepCRISPR,cnn_dual_branch,cnn_k5,hela,42,3707,655,8101,-0.056731766563822505,-0.0013069946460205531,-0.0005058002440659552,0.18717939612330806,0.14537655133530625,0.03503612633308627,0.051518929570258054,-0.056731766563822505,False
ultimate_run,all_cnn_sequence_ctcf_h3k4me3_rrbs_heldout_hela_kernel_7,all,DeepCRISPR,cnn_dual_branch,cnn_k7,hela,42,3707,655,8101,0.002394393954284424,0.08579843572368834,0.0803310016320773,0.18186750163698123,0.14508221244514768,0.033075788151677374,0.031403610903594226,0.002394393954284424,False
ultimate_run,all_cnn_sequence_ctcf_h3k4me3_rrbs_heldout_hl60_kernel_3,all,DeepCRISPR,cnn_dual_branch,cnn_k3,hl60,42,12313,2186,2076,0.004530061042747224,0.14983106623199227,0.15197262119225058,0.11322373684888828,0.08839175506783847,0.012819614586026302,0.058922790302257,0.004530061042747224,False
ultimate_run,all_cnn_sequence_ctcf_h3k4me3_rrbs_heldout_hl60_kernel_5,all,DeepCRISPR,cnn_dual_branch,cnn_k5,hl60,42,12313,2186,2076,-0.0055625443855027434,0.19086662598668838,0.18376069574566822,0.11379625072603092,0.08841233360733629,0.012949586679301692,0.08651916312696206,-0.0055625443855027434,False
ultimate_run,all_cnn_sequence_ctcf_h3k4me3_rrbs_heldout_hl60_kernel_7,all,DeepCRISPR,cnn_dual_branch,cnn_k7,hl60,42,12313,2186,2076,0.07818732427460273,0.2892808357023492,0.3050412919776988,0.10895439343629809,0.08448456350250999,0.011871059849071636,0.09298574388011904,0.07818732427460273,False
ultimate_run,all_cnn_sequence_ctcf_heldout_hct116_kernel_3,all,DeepCRISPR,cnn_dual_branch,cnn_k3,hct116,42,7003,1240,4239,0.04626197342894245,0.21658682823205505,0.21244434596952516,0.16770348919548492,0.1344070145791863,0.02812446028834013,0.043126298760668313,0.04626197342894245,False
ultimate_run,all_cnn_sequence_ctcf_heldout_hct116_kernel_5,all,DeepCRISPR,cnn_dual_branch,cnn_k5,hct116,42,7003,1240,4239,0.06258266564477155,0.27020581927502557,0.28494009348058275,0.16626239766703807,0.13234600730590196,0.02764318487799231,0.053118402850114044,0.06258266564477155,False
ultimate_run,all_cnn_sequence_ctcf_heldout_hct116_kernel_7,all,DeepCRISPR,cnn_dual_branch,cnn_k7,hct116,42,7003,1240,4239,0.08027502385549268,0.28780481869176355,0.30605666790508385,0.16468594618208202,0.13061794395726253,0.027121460869887613,0.05347907338148705,0.08027502385549268,False
ultimate_run,all_cnn_sequence_ctcf_heldout_hek293t_kernel_3,all,DeepCRISPR,cnn_dual_branch,cnn_k3,hek293t,42,12270,2144,2333,-0.23953364603004057,-0.14835436646504752,-0.08130848361299364,0.13337607915020022,0.107602598376339,0.017789178489480476,0.07068433568634291,-0.23953364603004057,False
ultimate_run,all_cnn_sequence_ctcf_heldout_hek293t_kernel_5,all,DeepCRISPR,cnn_dual_branch,cnn_k5,hek293t,42,12270,2144,2333,-0.33564804349857913,-0.11735244008710517,-0.08454829956248427,0.13845058738145882,0.11052756572754609,0.019168565146270963,0.11141770903136161,-0.33564804349857913,False
ultimate_run,all_cnn_sequence_ctcf_heldout_hek293t_kernel_7,all,DeepCRISPR,cnn_dual_branch,cnn_k7,hek293t,42,12270,2144,2333,-0.4041041201358444,-0.15658025112181917,-0.12774162358677615,0.1419542643177054,0.113549591648479,0.020151013157980967,0.12488670054030349,-0.4041041201358444,False
ultimate_run,all_cnn_sequence_ctcf_heldout_hela_kernel_3,all,DeepCRISPR,cnn_dual_branch,cnn_k3,hela,42,3707,655,8101,-0.025769420035675283,-0.04740281505877696,-0.039643078654048466,0.18441682223912234,0.14612938931866534,0.034009564324776045,0.03926669290728024,-0.025769420035675283,False
ultimate_run,all_cnn_sequence_ctcf_heldout_hela_kernel_5,all,DeepCRISPR,cnn_dual_branch,cnn_k5,hela,42,3707,655,8101,-0.015415988829256433,0.0186413606538387,0.013486718323538002,0.1834837717738735,0.14780427406290678,0.0336662945043669,0.046098512624759835,-0.015415988829256433,False
ultimate_run,all_cnn_sequence_ctcf_heldout_hela_kernel_7,all,DeepCRISPR,cnn_dual_branch,cnn_k7,hela,42,3707,655,8101,-0.009184823163153721,0.039209656704876326,0.03607312439523815,0.18291992542670973,0.14533524225199912,0.03345969911811305,0.03701981722706704,-0.009184823163153721,False
ultimate_run,all_cnn_sequence_ctcf_heldout_hl60_kernel_3,all,DeepCRISPR,cnn_dual_branch,cnn_k3,hl60,42,12313,2186,2076,-0.020109600643444026,0.1027137044270423,0.09874326566844065,0.11461641670703991,0.09024798523128635,0.013136922978761819,0.0600669460339599,-0.020109600643444026,False
ultimate_run,all_cnn_sequence_ctcf_heldout_hl60_kernel_5,all,DeepCRISPR,cnn_dual_branch,cnn_k5,hl60,42,12313,2186,2076,0.03200089490020441,0.23671171268063676,0.253618043649826,0.11165055527205654,0.08658967684390946,0.012465846492558552,0.08627950910886584,0.03200089490020441,False
ultimate_run,all_cnn_sequence_ctcf_heldout_hl60_kernel_7,all,DeepCRISPR,cnn_dual_branch,cnn_k7,hl60,42,12313,2186,2076,-0.02473012193715829,0.19746836340932108,0.19668644269361468,0.11487569731015079,0.09043444878007205,0.013196425832493386,0.09882995764974489,-0.02473012193715829,False
ultimate_run,all_cnn_sequence_ctcf_rrbs_heldout_hct116_kernel_3,all,DeepCRISPR,cnn_dual_branch,cnn_k3,hct116,42,7003,1240,4239,0.0425483658645327,0.2125285204731797,0.2251382687463393,0.16802966885149048,0.13399997968016716,0.02823396961434155,0.043326586758041685,0.0425483658645327,False
ultimate_run,all_cnn_sequence_ctcf_rrbs_heldout_hct116_kernel_5,all,DeepCRISPR,cnn_dual_branch,cnn_k5,hct116,42,7003,1240,4239,0.06425569134328168,0.2682809714531238,0.27670920955260003,0.16611396565360606,0.13309999027882072,0.02759384958516741,0.05536266056609107,0.06425569134328168,False
ultimate_run,all_cnn_sequence_ctcf_rrbs_heldout_hct116_kernel_7,all,DeepCRISPR,cnn_dual_branch,cnn_k7,hct116,42,7003,1240,4239,0.07139447427291279,0.2792796032608862,0.2926929277627185,0.1654791117132221,0.13555277011165529,0.02738333641339704,0.04378526071081368,0.07139447427291279,False
ultimate_run,all_cnn_sequence_ctcf_rrbs_heldout_hek293t_kernel_3,all,DeepCRISPR,cnn_dual_branch,cnn_k3,hek293t,42,12270,2144,2333,-0.2687464278963787,-0.1195376354504763,-0.07748227282708807,0.13493860083890952,0.10834154148617631,0.018208425996362552,0.07020198326217841,-0.2687464278963787,False
ultimate_run,all_cnn_sequence_ctcf_rrbs_heldout_hek293t_kernel_5,all,DeepCRISPR,cnn_dual_branch,cnn_k5,hek293t,42,12270,2144,2333,-0.3981426361952374,-0.14215963932944845,-0.1251679824748215,0.14165259216311973,0.1127650236868189,0.020065456866531127,0.10860820958482276,-0.3981426361952374,False
ultimate_run,all_cnn_sequence_ctcf_rrbs_heldout_hek293t_kernel_7,all,DeepCRISPR,cnn_dual_branch,cnn_k7,hek293t,42,12270,2144,2333,-0.45292026100131055,-0.16090080186393513,-0.14052239104228836,0.14440082566014914,0.11512842873870636,0.020851598451332783,0.12173129892790802,-0.45292026100131055,False
ultimate_run,all_cnn_sequence_ctcf_rrbs_heldout_hela_kernel_3,all,DeepCRISPR,cnn_dual_branch,cnn_k3,hela,42,3707,655,8101,-0.02033949220644171,-0.018062987530188153,-0.01421543321746614,0.1839280677846127,0.14502153571875454,0.03382953411898108,0.0389373608629946,-0.02033949220644171,False
ultimate_run,all_cnn_sequence_ctcf_rrbs_heldout_hela_kernel_5,all,DeepCRISPR,cnn_dual_branch,cnn_k5,hela,42,3707,655,8101,-0.022544608323102233,-0.004758029266847356,-0.0010549775693698134,0.18412670943963053,0.14529746351332132,0.03390264512906613,0.03650085776152345,-0.022544608323102233,False
ultimate_run,all_cnn_sequence_ctcf_rrbs_heldout_hela_kernel_7,all,DeepCRISPR,cnn_dual_branch,cnn_k7,hela,42,3707,655,8101,-0.03637721297100782,0.038712243453006764,0.030637048012753607,0.1853679248218114,0.14803320884294038,0.03436126755274472,0.030657490410351707,-0.03637721297100782,False
ultimate_run,all_cnn_sequence_ctcf_rrbs_heldout_hl60_kernel_3,all,DeepCRISPR,cnn_dual_branch,cnn_k3,hl60,42,12313,2186,2076,-0.05524741085489815,0.09020147950725857,0.054429237324275306,0.1165736935569579,0.09162342194234503,0.013589426029511527,0.062235997733357196,-0.05524741085489815,False
ultimate_run,all_cnn_sequence_ctcf_rrbs_heldout_hl60_kernel_5,all,DeepCRISPR,cnn_dual_branch,cnn_k5,hl60,42,12313,2186,2076,-0.04129781518122022,0.18487754207213927,0.1803186823627125,0.11580062089243882,0.09023349883343472,0.013409783799074338,0.07216488019718681,-0.04129781518122022,False
ultimate_run,all_cnn_sequence_ctcf_rrbs_heldout_hl60_kernel_7,all,DeepCRISPR,cnn_dual_branch,cnn_k7,hl60,42,12313,2186,2076,0.03635082254211208,0.22101217819691188,0.24103351054870598,0.11139940902455868,0.08654306655720967,0.012409828331020925,0.09689333535302613,0.03635082254211208,False
ultimate_run,all_cnn_sequence_dnase_h3k4me3_heldout_hct116_kernel_3,all,DeepCRISPR,cnn_dual_branch,cnn_k3,hct116,42,7003,1240,4239,0.03701895782469167,0.19489815959433693,0.19894234491962015,0.1685141669729995,0.1351609782041477,0.02839702447060396,0.038528011787844374,0.03701895782469167,False
ultimate_run,all_cnn_sequence_dnase_h3k4me3_heldout_hct116_kernel_5,all,DeepCRISPR,cnn_dual_branch,cnn_k5,hct116,42,7003,1240,4239,0.06583743437018319,0.2627348523222912,0.2734176676913359,0.16597351022492157,0.13476162704196956,0.027547206096382146,0.053763842754269375,0.06583743437018319,False
ultimate_run,all_cnn_sequence_dnase_h3k4me3_heldout_hct116_kernel_7,all,DeepCRISPR,cnn_dual_branch,cnn_k7,hct116,42,7003,1240,4239,0.07773115618907911,0.28672444221762267,0.30352479833743157,0.1649135413753917,0.12985979735594758,0.027196476128973027,0.04607811740811252,0.07773115618907911,False
ultimate_run,all_cnn_sequence_dnase_h3k4me3_heldout_hek293t_kernel_3,all,DeepCRISPR,cnn_dual_branch,cnn_k3,hek293t,42,12270,2144,2333,-0.22320290393744946,-0.11919118784839385,-0.0738167633927201,0.13249455722617426,0.10851377216668738,0.017554807694559967,0.06859305036736552,-0.22320290393744946,False
ultimate_run,all_cnn_sequence_dnase_h3k4me3_heldout_hek293t_kernel_5,all,DeepCRISPR,cnn_dual_branch,cnn_k5,hek293t,42,12270,2144,2333,-0.34403505418923785,-0.1242639771657911,-0.10375069130133639,0.13888459744377732,0.10957709954236385,0.01928893140712008,0.11175053770521237,-0.34403505418923785,False
ultimate_run,all_cnn_sequence_dnase_h3k4me3_heldout_hek293t_kernel_7,all,DeepCRISPR,cnn_dual_branch,cnn_k7,hek293t,42,12270,2144,2333,-0.47558790427344166,-0.16050420482153335,-0.13739053019725103,0.14552289627976364,0.11400818743491908,0.021176913341650845,0.12391049849009916,-0.47558790427344166,False
ultimate_run,all_cnn_sequence_dnase_h3k4me3_heldout_hela_kernel_3,all,DeepCRISPR,cnn_dual_branch,cnn_k3,hela,42,3707,655,8101,-0.02209995366383577,-0.008256490788631428,-0.010287963638626637,0.18408667123438432,0.14470868385291347,0.033887902526156304,0.02944917219566967,-0.02209995366383577,False
ultimate_run,all_cnn_sequence_dnase_h3k4me3_heldout_hela_kernel_5,all,DeepCRISPR,cnn_dual_branch,cnn_k5,hela,42,3707,655,8101,-0.03400852147889544,0.033198191221920643,0.026227668029183884,0.18515596985382268,0.14363157820775185,0.03428273317250969,0.022294330413910712,-0.03400852147889544,False
ultimate_run,all_cnn_sequence_dnase_h3k4me3_heldout_hela_kernel_7,all,DeepCRISPR,cnn_dual_branch,cnn_k7,hela,42,3707,655,8101,-0.03411988283575984,0.05109081656906217,0.04427318233087528,0.1851659401125151,0.1433815647483594,0.034286425377751534,0.025154719243906665,-0.03411988283575984,False
ultimate_run,all_cnn_sequence_dnase_h3k4me3_heldout_hl60_kernel_3,all,DeepCRISPR,cnn_dual_branch,cnn_k3,hl60,42,12313,2186,2076,-0.05172813454613423,0.13227006914962347,0.1419476709732254,0.11637914313305305,0.09132188764312851,0.013544104956383647,0.056968069477743466,-0.05172813454613423,False
ultimate_run,all_cnn_sequence_dnase_h3k4me3_heldout_hl60_kernel_5,all,DeepCRISPR,cnn_dual_branch,cnn_k5,hl60,42,12313,2186,2076,0.018007191061282013,0.2626681381011838,0.26995245318615496,0.11245468752280842,0.089233122325479,0.012646056745852485,0.07234832073130282,0.018007191061282013,False
ultimate_run,all_cnn_sequence_dnase_h3k4me3_heldout_hl60_kernel_7,all,DeepCRISPR,cnn_dual_branch,cnn_k7,hl60,42,12313,2186,2076,0.018905065227029283,0.30824403637352854,0.3150858355098817,0.1124032649214326,0.08942455268394998,0.012634493964997759,0.09503238662474423,0.018905065227029283,False
ultimate_run,all_cnn_sequence_dnase_h3k4me3_rrbs_heldout_hct116_kernel_3,all,DeepCRISPR,cnn_dual_branch,cnn_k3,hct116,42,7003,1240,4239,0.046539709600671,0.21725807763960805,0.22990726062936787,0.16767906911617933,0.1343747617065296,0.028116270219668442,0.04177171362747811,0.046539709600671,False
ultimate_run,all_cnn_sequence_dnase_h3k4me3_rrbs_heldout_hct116_kernel_5,all,DeepCRISPR,cnn_dual_branch,cnn_k5,hct116,42,7003,1240,4239,0.07906119881944362,0.28529104256344756,0.28865792875525614,0.16479458409981407,0.13220716828679496,0.027157254948630694,0.04827378682166117,0.07906119881944362,False
ultimate_run,all_cnn_sequence_dnase_h3k4me3_rrbs_heldout_hct116_kernel_7,all,DeepCRISPR,cnn_dual_branch,cnn_k7,hct116,42,7003,1240,4239,0.0789758756392408,0.2823807602279099,0.288890433788035,0.1648022178710898,0.13123924537037923,0.027159771015230153,0.051670172027247,0.0789758756392408,False
ultimate_run,all_cnn_sequence_dnase_h3k4me3_rrbs_heldout_hek293t_kernel_3,all,DeepCRISPR,cnn_dual_branch,cnn_k3,hek293t,42,12270,2144,2333,-0.32385331692961006,-0.14527170601375966,-0.1094163992942769,0.13783792301010683,0.11138972737600862,0.01899929301974014,0.0603304022951201,-0.32385331692961006,False
ultimate_run,all_cnn_sequence_dnase_h3k4me3_rrbs_heldout_hek293t_kernel_5,all,DeepCRISPR,cnn_dual_branch,cnn_k5,hek293t,42,12270,2144,2333,-0.4481309760622796,-0.15160827298112753,-0.12477992623478264,0.14416263380156794,0.11459587469530934,0.020782864984604976,0.10875314824382443,-0.4481309760622796,False
ultimate_run,all_cnn_sequence_dnase_h3k4me3_rrbs_heldout_hek293t_kernel_7,all,DeepCRISPR,cnn_dual_branch,cnn_k7,hek293t,42,12270,2144,2333,-0.4076863413373084,-0.17999042685283323,-0.1516501731456281,0.14213522940639453,0.11391356983252007,0.020202423438408404,0.11468224401318927,-0.4076863413373084,False
ultimate_run,all_cnn_sequence_dnase_h3k4me3_rrbs_heldout_hela_kernel_3,all,DeepCRISPR,cnn_dual_branch,cnn_k3,hela,42,3707,655,8101,-0.019058057491505798,-0.02283893118045714,-0.022993755379558927,0.1838125347388985,0.14576672751181605,0.03378704792713877,0.03195896740126447,-0.019058057491505798,False
ultimate_run,all_cnn_sequence_dnase_h3k4me3_rrbs_heldout_hela_kernel_5,all,DeepCRISPR,cnn_dual_branch,cnn_k5,hela,42,3707,655,8101,-0.02707669311880756,0.04103638289610296,0.03862754539127811,0.1845342981459813,0.1449797874954127,0.03405290719222992,0.03930665785935272,-0.02707669311880756,False
ultimate_run,all_cnn_sequence_dnase_h3k4me3_rrbs_heldout_hela_kernel_7,all,DeepCRISPR,cnn_dual_branch,cnn_k7,hela,42,3707,655,8101,-0.027311888128692896,0.01324912741365943,0.011993639849471277,0.1845554256148315,0.1459006667491199,0.0340607051238716,0.036940731766326285,-0.027311888128692896,False
ultimate_run,all_cnn_sequence_dnase_h3k4me3_rrbs_heldout_hl60_kernel_3,all,DeepCRISPR,cnn_dual_branch,cnn_k3,hl60,42,12313,2186,2076,-0.036659565795228,0.19799811028879005,0.21055504146231235,0.1155424278947459,0.09196108816234622,0.013350052643812556,0.053939375724635585,-0.036659565795228,False
ultimate_run,all_cnn_sequence_dnase_h3k4me3_rrbs_heldout_hl60_kernel_5,all,DeepCRISPR,cnn_dual_branch,cnn_k5,hl60,42,12313,2186,2076,0.044578930420533514,0.2930603785952975,0.3086006136924327,0.11092279814638148,0.08761718162642307,0.012303867148622891,0.08558973801730363,0.044578930420533514,False
ultimate_run,all_cnn_sequence_dnase_h3k4me3_rrbs_heldout_hl60_kernel_7,all,DeepCRISPR,cnn_dual_branch,cnn_k7,hl60,42,12313,2186,2076,-0.03969692791676893,0.26089640180374896,0.24213307977450385,0.11571157093795666,0.09081217586753713,0.013389167648929775,0.10158129416044193,-0.03969692791676893,False
ultimate_run,all_cnn_sequence_dnase_heldout_hct116_kernel_3,all,DeepCRISPR,cnn_dual_branch,cnn_k3,hct116,42,7003,1240,4239,0.04480200716222804,0.21185459495557243,0.21564324986233852,0.1678317989629831,0.1352599444191302,0.028167512743151175,0.03516783541661417,0.04480200716222804,False
ultimate_run,all_cnn_sequence_dnase_heldout_hct116_kernel_5,all,DeepCRISPR,cnn_dual_branch,cnn_k5,hct116,42,7003,1240,4239,0.07448641282396651,0.28508041648288984,0.2907375412153552,0.1652033876047977,0.13200172082053796,0.027292159276101024,0.04806874511504844,0.07448641282396651,False
ultimate_run,all_cnn_sequence_dnase_heldout_hct116_kernel_7,all,DeepCRISPR,cnn_dual_branch,cnn_k7,hct116,42,7003,1240,4239,0.08542454671327437,0.29608185362969736,0.3006415512507819,0.16422426227615974,0.13214696404165016,0.026969608320148903,0.04755226452295325,0.08542454671327437,False
ultimate_run,all_cnn_sequence_dnase_heldout_hek293t_kernel_3,all,DeepCRISPR,cnn_dual_branch,cnn_k3,hek293t,42,12270,2144,2333,-0.26945053814137543,-0.16984008260284403,-0.10893512715205951,0.13497603876615075,0.10835983648423571,0.018218531041001428,0.06858298336098811,-0.26945053814137543,False
ultimate_run,all_cnn_sequence_dnase_heldout_hek293t_kernel_5,all,DeepCRISPR,cnn_dual_branch,cnn_k5,hek293t,42,12270,2144,2333,-0.3821253034025123,-0.15344130642129708,-0.10681789870883351,0.1408388581608503,0.1130344615462789,0.019835583968052108,0.11805872431727871,-0.3821253034025123,False
ultimate_run,all_cnn_sequence_dnase_heldout_hek293t_kernel_7,all,DeepCRISPR,cnn_dual_branch,cnn_k7,hek293t,42,12270,2144,2333,-0.3552162925978217,-0.16474869044087884,-0.13461929611808882,0.13946110229268402,0.11013041657507036,0.01944939905269048,0.12154281832846536,-0.3552162925978217,False
ultimate_run,all_cnn_sequence_dnase_heldout_hela_kernel_3,all,DeepCRISPR,cnn_dual_branch,cnn_k3,hela,42,3707,655,8101,-0.018370928993217683,0.00677847292787092,-0.0002954700880307089,0.1837505539086498,0.14460422411935894,0.03376426606173562,0.036204232412456405,-0.018370928993217683,False
ultimate_run,all_cnn_sequence_dnase_heldout_hela_kernel_5,all,DeepCRISPR,cnn_dual_branch,cnn_k5,hela,42,3707,655,8101,-0.03872342041774024,0.03239163273919061,0.029655427657877625,0.1855776292297301,0.14402090826281477,0.034439056470527175,0.045154273562154845,-0.03872342041774024,False
ultimate_run,all_cnn_sequence_dnase_heldout_hela_kernel_7,all,DeepCRISPR,cnn_dual_branch,cnn_k7,hela,42,3707,655,8101,-0.013412256797462385,0.05276054705402297,0.0492012232313676,0.18330264705889468,0.14455366355787758,0.03359986041879771,0.04200349444756313,-0.013412256797462385,False
ultimate_run,all_cnn_sequence_dnase_heldout_hl60_kernel_3,all,DeepCRISPR,cnn_dual_branch,cnn_k3,hl60,42,12313,2186,2076,-0.1442477203718493,0.150837302918471,0.16008019873424745,0.12139014699589111,0.09726584358643274,0.014735567787684051,0.053385208982032584,-0.1442477203718493,False
ultimate_run,all_cnn_sequence_dnase_heldout_hl60_kernel_5,all,DeepCRISPR,cnn_dual_branch,cnn_k5,hl60,42,12313,2186,2076,-0.05690249535846781,0.24612243546315113,0.26590607167928154,0.11666507673304348,0.09247674175443016,0.013610740129126924,0.06922152734675124,-0.05690249535846781,False
ultimate_run,all_cnn_sequence_dnase_heldout_hl60_kernel_7,all,DeepCRISPR,cnn_dual_branch,cnn_k7,hl60,42,12313,2186,2076,-0.027985639330667444,0.28353492915062795,0.29635334998659063,0.11505802984077194,0.0902387818405925,0.013238350230839968,0.0896985206678167,-0.027985639330667444,False
ultimate_run,all_cnn_sequence_dnase_rrbs_heldout_hct116_kernel_3,all,DeepCRISPR,cnn_dual_branch,cnn_k3,hct116,42,7003,1240,4239,0.04210677147097963,0.21432256674356212,0.21839050134212948,0.1680684135793332,0.13366789895071907,0.02824699164307379,0.03442074440690235,0.04210677147097963,False
ultimate_run,all_cnn_sequence_dnase_rrbs_heldout_hct116_kernel_5,all,DeepCRISPR,cnn_dual_branch,cnn_k5,hct116,42,7003,1240,4239,0.07846334552280798,0.2815725601223027,0.28379534673545925,0.16484806593850548,0.13313477758624975,0.02717488484366585,0.05655001307789509,0.07846334552280798,False
ultimate_run,all_cnn_sequence_dnase_rrbs_heldout_hct116_kernel_7,all,DeepCRISPR,cnn_dual_branch,cnn_k7,hct116,42,7003,1240,4239,0.08492186154756443,0.3012149240567303,0.2953941211952225,0.16426938800074659,0.1335736193495439,0.026984431834139823,0.04214755239404,0.08492186154756443,False
ultimate_run,all_cnn_sequence_dnase_rrbs_heldout_hek293t_kernel_3,all,DeepCRISPR,cnn_dual_branch,cnn_k3,hek293t,42,12270,2144,2333,-0.3203181304580267,-0.1414600363137925,-0.09760853135556584,0.13765376042328073,0.11290302579967801,0.018948557758669972,0.06681059005814338,-0.3203181304580267,False
ultimate_run,all_cnn_sequence_dnase_rrbs_heldout_hek293t_kernel_5,all,DeepCRISPR,cnn_dual_branch,cnn_k5,hek293t,42,12270,2144,2333,-0.32626979034361336,-0.16980583014948214,-0.11703397427844632,0.13796366572436414,0.11350432870389819,0.019033973060104088,0.1095378288884028,-0.32626979034361336,False
ultimate_run,all_cnn_sequence_dnase_rrbs_heldout_hek293t_kernel_7,all,DeepCRISPR,cnn_dual_branch,cnn_k7,hek293t,42,12270,2144,2333,-0.3338525594738364,-0.18009605707991042,-0.1370613675263178,0.1383574979566429,0.1121520646893692,0.019142797240822445,0.10682148585474549,-0.3338525594738364,False
ultimate_run,all_cnn_sequence_dnase_rrbs_heldout_hela_kernel_3,all,DeepCRISPR,cnn_dual_branch,cnn_k3,hela,42,3707,655,8101,-0.01726956960132897,-0.019255848190391882,-0.020463220453749955,0.18365116470822715,0.14524502094125127,0.03372775029868837,0.03268485333554971,-0.01726956960132897,False
ultimate_run,all_cnn_sequence_dnase_rrbs_heldout_hela_kernel_5,all,DeepCRISPR,cnn_dual_branch,cnn_k5,hela,42,3707,655,8101,-0.020832361905153363,0.013121381290194599,0.008757306400605782,0.18397248517087267,0.14505146462651577,0.03384587529994696,0.03688841119644515,-0.020832361905153363,False
ultimate_run,all_cnn_sequence_dnase_rrbs_heldout_hela_kernel_7,all,DeepCRISPR,cnn_dual_branch,cnn_k7,hela,42,3707,655,8101,-0.012736316004026804,0.047092163424275545,0.04313578293588981,0.18324150589782723,0.14605109761342822,0.03357744948370345,0.03391779166266684,-0.012736316004026804,False
ultimate_run,all_cnn_sequence_dnase_rrbs_heldout_hl60_kernel_3,all,DeepCRISPR,cnn_dual_branch,cnn_k3,hl60,42,12313,2186,2076,-0.051111652944577424,0.15659883975310127,0.1814542920650267,0.11634502969875232,0.09164421108635663,0.01353616593560356,0.05798067586792566,-0.051111652944577424,False
ultimate_run,all_cnn_sequence_dnase_rrbs_heldout_hl60_kernel_5,all,DeepCRISPR,cnn_dual_branch,cnn_k5,hl60,42,12313,2186,2076,0.03853828030662798,0.2858698917246319,0.30222143566356785,0.11127290035691718,0.0871964387841494,0.01238165835384042,0.0776977022303933,0.03853828030662798,False
ultimate_run,all_cnn_sequence_dnase_rrbs_heldout_hl60_kernel_7,all,DeepCRISPR,cnn_dual_branch,cnn_k7,hl60,42,12313,2186,2076,0.05095318257847714,0.304345598048946,0.3165615888261023,0.1105521588759322,0.08704712427524501,0.012221779832129355,0.09342578847246208,0.05095318257847714,False
ultimate_run,all_cnn_sequence_h3k4me3_heldout_hct116_kernel_3,all,DeepCRISPR,cnn_dual_branch,cnn_k3,hct116,42,7003,1240,4239,0.042863390856502925,0.20771602320126137,0.21927012101480126,0.168002023643097,0.13529401429487978,0.02822467994817572,0.04358834530930533,0.042863390856502925,False
ultimate_run,all_cnn_sequence_h3k4me3_heldout_hct116_kernel_5,all,DeepCRISPR,cnn_dual_branch,cnn_k5,hct116,42,7003,1240,4239,0.07768718925958651,0.28085339308655316,0.2831154403820282,0.16491747225502693,0.13229376282236321,0.02719777265498758,0.05575733101241198,0.07768718925958651,False
ultimate_run,all_cnn_sequence_h3k4me3_heldout_hct116_kernel_7,all,DeepCRISPR,cnn_dual_branch,cnn_k7,hct116,42,7003,1240,4239,0.07816742864557824,0.2957343476333644,0.2986323268484561,0.1648745311958607,0.13121213998592018,0.02718361103705484,0.048702867174695186,0.07816742864557824,False
ultimate_run,all_cnn_sequence_h3k4me3_heldout_hek293t_kernel_3,all,DeepCRISPR,cnn_dual_branch,cnn_k3,hek293t,42,12270,2144,2333,-0.27491193451208606,-0.13369350862194898,-0.09017019459738597,0.1352660723208348,0.10979229128614956,0.018296910321105305,0.06826767551554758,-0.27491193451208606,False
ultimate_run,all_cnn_sequence_h3k4me3_heldout_hek293t_kernel_5,all,DeepCRISPR,cnn_dual_branch,cnn_k5,hek293t,42,12270,2144,2333,-0.3676727256837544,-0.1551558833773424,-0.10912645324284662,0.14010056269111984,0.11247395079756979,0.0196281676663684,0.11632673106990798,-0.3676727256837544,False
ultimate_run,all_cnn_sequence_h3k4me3_heldout_hek293t_kernel_7,all,DeepCRISPR,cnn_dual_branch,cnn_k7,hek293t,42,12270,2144,2333,-0.4953420897761325,-0.15270420001432616,-0.12372138810954796,0.1464937395115224,0.11652222378406972,0.02146041571606978,0.12653772497983606,-0.4953420897761325,False
ultimate_run,all_cnn_sequence_h3k4me3_heldout_hela_kernel_3,all,DeepCRISPR,cnn_dual_branch,cnn_k3,hela,42,3707,655,8101,-0.014764681937801782,0.012040089279425707,0.008520942753969833,0.1834249173656524,0.14488782384694035,0.03364470031059641,0.028395230968528362,-0.014764681937801782,False
ultimate_run,all_cnn_sequence_h3k4me3_heldout_hela_kernel_5,all,DeepCRISPR,cnn_dual_branch,cnn_k5,hela,42,3707,655,8101,-0.0356832317203446,9.198023007504655e-05,-0.0018718590079168252,0.18530585118430393,0.14390092263214685,0.03433825848313939,0.026678249468855553,-0.0356832317203446,False
ultimate_run,all_cnn_sequence_h3k4me3_heldout_hela_kernel_7,all,DeepCRISPR,cnn_dual_branch,cnn_k7,hela,42,3707,655,8101,-0.02554134171247746,0.04552609406790101,0.04571818700868424,0.18439631869461168,0.14342466827471048,0.034002002348124796,0.038753276461287345,-0.02554134171247746,False
ultimate_run,all_cnn_sequence_h3k4me3_heldout_hl60_kernel_3,all,DeepCRISPR,cnn_dual_branch,cnn_k3,hl60,42,12313,2186,2076,-0.037274142197099236,0.2208352921542442,0.24939714874042948,0.11557667208187644,0.09193646595301914,0.013357967129521597,0.05465287173394484,-0.037274142197099236,False
ultimate_run,all_cnn_sequence_h3k4me3_heldout_hl60_kernel_5,all,DeepCRISPR,cnn_dual_branch,cnn_k5,hl60,42,12313,2186,2076,0.013582816932733777,0.2574940758188877,0.26461503053801516,0.1127077354297771,0.0874075862930761,0.012703033625708633,0.07100671894900301,0.013582816932733777,False
ultimate_run,all_cnn_sequence_h3k4me3_heldout_hl60_kernel_7,all,DeepCRISPR,cnn_dual_branch,cnn_k7,hl60,42,12313,2186,2076,0.0659371960638484,0.30290852542289226,0.3016121555661221,0.10967596098622155,0.08621536904177943,0.012028816418251192,0.08789126230341726,0.0659371960638484,False
ultimate_run,all_cnn_sequence_h3k4me3_rrbs_heldout_hct116_kernel_3,all,DeepCRISPR,cnn_dual_branch,cnn_k3,hct116,42,7003,1240,4239,0.04369237161177375,0.2147917721508424,0.2353096356101982,0.1679292541910212,0.13403025701881155,0.028200234413152614,0.03707350608802529,0.04369237161177375,False
ultimate_run,all_cnn_sequence_h3k4me3_rrbs_heldout_hct116_kernel_5,all,DeepCRISPR,cnn_dual_branch,cnn_k5,hct116,42,7003,1240,4239,0.0674224261913875,0.2663102028141644,0.27330338177645697,0.16583264698180816,0.13208372377367225,0.027500466804993007,0.045693876713888915,0.0674224261913875,False
ultimate_run,all_cnn_sequence_h3k4me3_rrbs_heldout_hct116_kernel_7,all,DeepCRISPR,cnn_dual_branch,cnn_k7,hct116,42,7003,1240,4239,0.07608841951266221,0.2800564154047085,0.2924670747016665,0.16506034726426583,0.13153739507660603,0.027244918239000025,0.04533545696861929,0.07608841951266221,False
ultimate_run,all_cnn_sequence_h3k4me3_rrbs_heldout_hek293t_kernel_3,all,DeepCRISPR,cnn_dual_branch,cnn_k3,hek293t,42,12270,2144,2333,-0.26057061379123714,-0.11471171626393135,-0.07613529909536468,0.134503125336356,0.10840956033700483,0.01809109072524749,0.06801111012160299,-0.26057061379123714,False
ultimate_run,all_cnn_sequence_h3k4me3_rrbs_heldout_hek293t_kernel_5,all,DeepCRISPR,cnn_dual_branch,cnn_k5,hek293t,42,12270,2144,2333,-0.3788577673690081,-0.12245511139172911,-0.10311003112504644,0.14067227834473572,0.11034031209615337,0.019788689894698806,0.11184842850593324,-0.3788577673690081,False
ultimate_run,all_cnn_sequence_h3k4me3_rrbs_heldout_hek293t_kernel_7,all,DeepCRISPR,cnn_dual_branch,cnn_k7,hek293t,42,12270,2144,2333,-0.46594235132770545,-0.16816729425468552,-0.15033185173967825,0.14504649289136626,0.11595299387605365,0.02103848510008516,0.12216488738238773,-0.46594235132770545,False
ultimate_run,all_cnn_sequence_h3k4me3_rrbs_heldout_hela_kernel_3,all,DeepCRISPR,cnn_dual_branch,cnn_k3,hela,42,3707,655,8101,-0.023045444962513928,-0.006049443851294993,-0.00770919300974914,0.1841717960365885,0.14452480913769866,0.033919250455342755,0.026949658832892243,-0.023045444962513928,False
ultimate_run,all_cnn_sequence_h3k4me3_rrbs_heldout_hela_kernel_5,all,DeepCRISPR,cnn_dual_branch,cnn_k5,hela,42,3707,655,8101,-0.026894777335162434,0.046360852939089675,0.043374948601901206,0.1845179550684491,0.14325270361746414,0.034046875742642195,0.0283079194319783,-0.026894777335162434,False
ultimate_run,all_cnn_sequence_h3k4me3_rrbs_heldout_hela_kernel_7,all,DeepCRISPR,cnn_dual_branch,cnn_k7,hela,42,3707,655,8101,-0.034683902145120404,0.050259431242903226,0.04327316598978693,0.18521642890545217,0.14368847109319083,0.034305125536488415,0.029060587376215086,-0.034683902145120404,False
ultimate_run,all_cnn_sequence_h3k4me3_rrbs_heldout_hl60_kernel_3,all,DeepCRISPR,cnn_dual_branch,cnn_k3,hl60,42,12313,2186,2076,-0.03646894429413772,0.15896059769044887,0.1704377211726011,0.11553180440543903,0.09082633505713532,0.01334759782917662,0.0523487472470886,-0.03646894429413772,False
ultimate_run,all_cnn_sequence_h3k4me3_rrbs_heldout_hl60_kernel_5,all,DeepCRISPR,cnn_dual_branch,cnn_k5,hl60,42,12313,2186,2076,-0.044971432646838005,0.2334240338674357,0.22747011415056562,0.11600470882808381,0.09030418241260167,0.013457092470288505,0.08252250438913378,-0.044971432646838005,False
ultimate_run,all_cnn_sequence_h3k4me3_rrbs_heldout_hl60_kernel_7,all,DeepCRISPR,cnn_dual_branch,cnn_k7,hl60,42,12313,2186,2076,-0.001068072488025873,0.29925164137473437,0.3087810249187613,0.11354165351846493,0.0904648546927998,0.01289170708370714,0.08837080422040966,-0.001068072488025873,False
ultimate_run,all_cnn_sequence_heldout_hct116_kernel_3,all,DeepCRISPR,cnn_dual_branch,cnn_k3,hct116,42,7003,1240,4239,0.046250833076030395,0.22117899727205295,0.2184286360589331,0.16770446864190863,0.13386937058398787,0.028124788802464915,0.04048283052687429,0.046250833076030395,False
ultimate_run,all_cnn_sequence_heldout_hct116_kernel_5,all,DeepCRISPR,cnn_dual_branch,cnn_k5,hct116,42,7003,1240,4239,0.0791453814297618,0.2829949249160709,0.2736958473807805,0.1647870520274983,0.1329611493509309,0.027154772515913427,0.04763096926022092,0.0791453814297618,False
ultimate_run,all_cnn_sequence_heldout_hct116_kernel_7,all,DeepCRISPR,cnn_dual_branch,cnn_k7,hct116,42,7003,1240,4239,0.11156450801955542,0.33574435950688264,0.3236710259194793,0.16186035889635314,0.12993289895157173,0.026198775782056247,0.05775125886820609,0.11156450801955542,False
ultimate_run,all_cnn_sequence_heldout_hek293t_kernel_3,all,DeepCRISPR,cnn_dual_branch,cnn_k3,hek293t,42,12270,2144,2333,-0.23818424058404464,-0.15482222588944267,-0.1086965778897526,0.13330346013831032,0.10905858044473848,0.017769812484846086,0.07182781401014438,-0.23818424058404464,False
ultimate_run,all_cnn_sequence_heldout_hek293t_kernel_5,all,DeepCRISPR,cnn_dual_branch,cnn_k5,hek293t,42,12270,2144,2333,-0.3673019148398373,-0.17252519373945838,-0.1304597895656153,0.14008156899157362,0.11141564741258043,0.019622845971141,0.10796605497245915,-0.3673019148398373,False
ultimate_run,all_cnn_sequence_heldout_hek293t_kernel_7,all,DeepCRISPR,cnn_dual_branch,cnn_k7,hek293t,42,12270,2144,2333,-0.4686219139728227,-0.13762988882749289,-0.11091229113138248,0.14517899596002992,0.11392402608527219,0.021076940867962385,0.12810118786496782,-0.4686219139728227,False
ultimate_run,all_cnn_sequence_heldout_hela_kernel_3,all,DeepCRISPR,cnn_dual_branch,cnn_k3,hela,42,3707,655,8101,-0.023653935885685762,-0.015393717218498726,-0.022972112219726632,0.1842265591010287,0.1460820275919039,0.03393942507820482,0.04218268016970406,-0.023653935885685762,False
ultimate_run,all_cnn_sequence_heldout_hela_kernel_5,all,DeepCRISPR,cnn_dual_branch,cnn_k5,hela,42,3707,655,8101,-0.04284179334946492,0.03761543782594063,0.030286002867762358,0.18594515816381074,0.14591076766705907,0.03457560184456459,0.03205818453865139,-0.04284179334946492,False
ultimate_run,all_cnn_sequence_heldout_hela_kernel_7,all,DeepCRISPR,cnn_dual_branch,cnn_k7,hela,42,3707,655,8101,-0.007030169299339084,0.01326276427240614,0.011283253859874737,0.18272455005509508,0.1458603385635813,0.03338826119283694,0.032068305091995875,-0.007030169299339084,False
ultimate_run,all_cnn_sequence_heldout_hl60_kernel_3,all,DeepCRISPR,cnn_dual_branch,cnn_k3,hl60,42,12313,2186,2076,-0.1032804417340738,0.14874586206597168,0.15627864613929207,0.11919728654402226,0.09400015973678014,0.01420799311945775,0.05566491297604759,-0.1032804417340738,False
ultimate_run,all_cnn_sequence_heldout_hl60_kernel_5,all,DeepCRISPR,cnn_dual_branch,cnn_k5,hl60,42,12313,2186,2076,0.0178327184814403,0.23851281575815936,0.24549941039312237,0.11246467710106896,0.08678078885156094,0.012648303595447705,0.07374986634295544,0.0178327184814403,False
ultimate_run,all_cnn_sequence_heldout_hl60_kernel_7,all,DeepCRISPR,cnn_dual_branch,cnn_k7,hl60,42,12313,2186,2076,0.04141729579003994,0.26762083577086276,0.26397587010275825,0.11110617682742521,0.08719567677207105,0.012344582529207079,0.09895548774652596,0.04141729579003994,False
ultimate_run,all_cnn_sequence_rrbs_heldout_hct116_kernel_3,all,DeepCRISPR,cnn_dual_branch,cnn_k3,hct116,42,7003,1240,4239,0.0493531114793655,0.2233239012774821,0.2191336367170545,0.16743149869943325,0.13516801464213937,0.028033306756738315,0.03987349490888237,0.0493531114793655,False
ultimate_run,all_cnn_sequence_rrbs_heldout_hct116_kernel_5,all,DeepCRISPR,cnn_dual_branch,cnn_k5,hct116,42,7003,1240,4239,0.07815359270347688,0.2924419285172134,0.2857996724859488,0.16487576850618085,0.130831498098131,0.027184019040503736,0.05450026911746064,0.07815359270347688,False
ultimate_run,all_cnn_sequence_rrbs_heldout_hct116_kernel_7,all,DeepCRISPR,cnn_dual_branch,cnn_k7,hct116,42,7003,1240,4239,0.1026771836647955,0.3239596517254232,0.3232073755694958,0.16266791664168667,0.130242066268449,0.026460851104546726,0.05296211059429212,0.1026771836647955,False
ultimate_run,all_cnn_sequence_rrbs_heldout_hek293t_kernel_3,all,DeepCRISPR,cnn_dual_branch,cnn_k3,hek293t,42,12270,2144,2333,-0.30471334911889225,-0.1379187689671275,-0.09603531093064191,0.13683788070618788,0.11122846133780234,0.018724605596160904,0.06690992248247452,-0.30471334911889225,False
ultimate_run,all_cnn_sequence_rrbs_heldout_hek293t_kernel_5,all,DeepCRISPR,cnn_dual_branch,cnn_k5,hek293t,42,12270,2144,2333,-0.4058134902024504,-0.1593734777100209,-0.10773844106197335,0.1420406462889038,0.11736366169210212,0.020175545198169487,0.11547834952043112,-0.4058134902024504,False
ultimate_run,all_cnn_sequence_rrbs_heldout_hek293t_kernel_7,all,DeepCRISPR,cnn_dual_branch,cnn_k7,hek293t,42,12270,2144,2333,-0.5195528840787187,-0.15173476062622476,-0.1207921023008215,0.14767490359758,0.11845973749599946,0.02180787715255455,0.12631631911871832,-0.5195528840787187,False
ultimate_run,all_cnn_sequence_rrbs_heldout_hela_kernel_3,all,DeepCRISPR,cnn_dual_branch,cnn_k3,hela,42,3707,655,8101,-0.018178990326533695,0.004477452987660619,0.0008439502225571679,0.18373323679103282,0.14501914746967934,0.03375790230170973,0.030252619550615645,-0.018178990326533695,False
ultimate_run,all_cnn_sequence_rrbs_heldout_hela_kernel_5,all,DeepCRISPR,cnn_dual_branch,cnn_k5,hela,42,3707,655,8101,-0.02981267476232774,0.052898941329264544,0.04220382458334697,0.18477992082907987,0.14367834879012634,0.03414361914160102,0.04702714205507241,-0.02981267476232774,False
ultimate_run,all_cnn_sequence_rrbs_heldout_hela_kernel_7,all,DeepCRISPR,cnn_dual_branch,cnn_k7,hela,42,3707,655,8101,-0.020780259439384663,0.030679851001124133,0.029087869937335042,0.18396779020685122,0.14466924586506225,0.03384414783359202,0.034832812816469216,-0.020780259439384663,False
ultimate_run,all_cnn_sequence_rrbs_heldout_hl60_kernel_3,all,DeepCRISPR,cnn_dual_branch,cnn_k3,hl60,42,12313,2186,2076,-0.021034514369566493,0.14560866288024113,0.16207114088922153,0.11466836518321256,0.09021580770974243,0.013148833973790595,0.05561356284176977,-0.021034514369566493,False
ultimate_run,all_cnn_sequence_rrbs_heldout_hl60_kernel_5,all,DeepCRISPR,cnn_dual_branch,cnn_k5,hl60,42,12313,2186,2076,-0.04356615813644571,0.2252217210975283,0.222882244583324,0.11592668119073585,0.09004072612151504,0.013438995411898507,0.07488380161345864,-0.04356615813644571,False
ultimate_run,all_cnn_sequence_rrbs_heldout_hl60_kernel_7,all,DeepCRISPR,cnn_dual_branch,cnn_k7,hl60,42,12313,2186,2076,0.05931270756743934,0.2957887668081741,0.3004845624670693,0.11006419157212073,0.0865920805318464,0.012114126266424493,0.08150812793845663,0.05931270756743934,False
ultimate_run,all_linear_all_heldout_hct116,all,DeepCRISPR,linear,linear,hct116,42,7003,1240,4239,-1.1036558405629403e+18,0.02515210719635611,0.30126004236182563,180403260.35064337,6311408.5406669155,3.2545336345142016e+16,-10050581424.443584,-1.1036558405629403e+18,True
ultimate_run,all_linear_all_heldout_hek293t,all,DeepCRISPR,linear,linear,hek293t,42,12270,2144,2333,-0.44966367143157004,-0.1690491868771738,-0.12831206279079635,0.1442389041703194,0.11388394079116088,0.020804861476254582,0.11576225215086433,-0.44966367143157004,False
ultimate_run,all_linear_all_heldout_hela,all,DeepCRISPR,linear,linear,hela,42,3707,655,8101,0.005222501303915106,0.10734445352211662,0.11471001197043784,0.1816095310230872,0.14398108340579638,0.03298202175842567,-0.023739777097702364,0.005222501303915106,False
ultimate_run,all_linear_all_heldout_hl60,all,DeepCRISPR,linear,linear,hl60,42,12313,2186,2076,0.027602324518682053,0.27081188820193824,0.2712021234578246,0.11190393680736285,0.08872750392736091,0.012522491072986258,0.06564404612914143,0.027602324518682053,False
ultimate_run,all_linear_sequence_ctcf_dnase_h3k4me3_heldout_hct116,all,DeepCRISPR,linear,linear,hct116,42,7003,1240,4239,-1.2346487394492056e+19,0.024789851571185215,0.29632644818114184,603391597.0379678,20704880.522892233,3.640814193760293e+17,-407393638601.69293,-1.2346487394492056e+19,True
ultimate_run,all_linear_sequence_ctcf_dnase_h3k4me3_heldout_hek293t,all,DeepCRISPR,linear,linear,hek293t,42,12270,2144,2333,-0.4472608682889312,-0.16838157325604192,-0.12660073478360884,0.1441193173204602,0.11363156251813906,0.020770377624915504,0.11444126411272859,-0.4472608682889312,False
ultimate_run,all_linear_sequence_ctcf_dnase_h3k4me3_heldout_hela,all,DeepCRISPR,linear,linear,hela,42,3707,655,8101,0.013047355848381903,0.139355564252011,0.1383156681014564,0.18089385655402943,0.14340890107296417,0.03272258733898977,-0.018708839349861117,0.013047355848381903,False
ultimate_run,all_linear_sequence_ctcf_dnase_h3k4me3_heldout_hl60,all,DeepCRISPR,linear,linear,hl60,42,12313,2186,2076,0.03830339607271993,0.2799513830788213,0.27857608982051735,0.1112864914616638,0.08800720427317457,0.01238468318184697,0.06365117176288515,0.03830339607271993,False
ultimate_run,all_linear_sequence_ctcf_dnase_heldout_hct116,all,DeepCRISPR,linear,linear,hct116,42,7003,1240,4239,-4.1171388522977714e+19,0.026887258002380475,0.3032560749372188,1101857180.385747,44003978.05365307,1.2140892459676285e+18,-213604887461.27664,-4.1171388522977714e+19,True
ultimate_run,all_linear_sequence_ctcf_dnase_heldout_hek293t,all,DeepCRISPR,linear,linear,hek293t,42,12270,2144,2333,-0.43779800218924336,-0.16969287138601608,-0.128750760771497,0.14364738499289298,0.11346745158685857,0.020634571215296413,0.11234580481339274,-0.43779800218924336,False
ultimate_run,all_linear_sequence_ctcf_dnase_heldout_hela,all,DeepCRISPR,linear,linear,hela,42,3707,655,8101,0.010291402044924958,0.13694751639895603,0.13477002479490402,0.18114624331962487,0.14322606816983147,0.03281396146881274,-0.007835628739812694,0.010291402044924958,False
ultimate_run,all_linear_sequence_ctcf_dnase_heldout_hl60,all,DeepCRISPR,linear,linear,hl60,42,12313,2186,2076,0.03634667261806468,0.2771140597104176,0.27518706185583974,0.11139964889327827,0.08816095240298516,0.012409881773545675,0.06706967319266577,0.03634667261806468,False
ultimate_run,all_linear_sequence_ctcf_dnase_rrbs_heldout_hct116,all,DeepCRISPR,linear,linear,hct116,42,7003,1240,4239,-2.6611851382391896e+16,0.025892203137391413,0.2975423835435407,28013352.99515203,1040799.891896901,784747946030993.2,-8110025295.874095,-2.6611851382391896e+16,True
ultimate_run,all_linear_sequence_ctcf_dnase_rrbs_heldout_hek293t,all,DeepCRISPR,linear,linear,hek293t,42,12270,2144,2333,-0.44003143085449303,-0.1703036547657299,-0.13012607008151028,0.14375891028826634,0.11371206916889791,0.02066662428726981,0.11371350931805224,-0.44003143085449303,False
ultimate_run,all_linear_sequence_ctcf_dnase_rrbs_heldout_hela,all,DeepCRISPR,linear,linear,hela,42,3707,655,8101,0.0026160080084578485,0.10495122478941528,0.11193036107899376,0.18184729994969664,0.1437414507490223,0.03306844049899494,-0.012925127347434007,0.0026160080084578485,False
ultimate_run,all_linear_sequence_ctcf_dnase_rrbs_heldout_hl60,all,DeepCRISPR,linear,linear,hl60,42,12313,2186,2076,0.025498925840244824,0.2678110481752999,0.2678860993177609,0.11202490143378527,0.08889184531453125,0.012549578541249305,0.06903185179500304,0.025498925840244824,False
ultimate_run,all_linear_sequence_ctcf_h3k4me3_heldout_hct116,all,DeepCRISPR,linear,linear,hct116,42,7003,1240,4239,0.09119823433132979,0.3049224418613487,0.30819080588514114,0.1637050701275385,0.1322684558699108,0.026799349985462295,0.022515014352487817,0.09119823433132979,False
ultimate_run,all_linear_sequence_ctcf_h3k4me3_heldout_hek293t,all,DeepCRISPR,linear,linear,hek293t,42,12270,2144,2333,-0.44739684505511024,-0.16749349629117866,-0.12593198069013214,0.1441260874953679,0.11362039847910226,0.02077232909672244,0.11659379990449747,-0.44739684505511024,False
ultimate_run,all_linear_sequence_ctcf_h3k4me3_heldout_hela,all,DeepCRISPR,linear,linear,hela,42,3707,655,8101,0.013323211181806016,0.14221466636522467,0.1413607449807834,0.18086857468122466,0.1432834541164413,0.03271344130721774,-0.01863799844472669,0.013323211181806016,False
ultimate_run,all_linear_sequence_ctcf_h3k4me3_heldout_hl60,all,DeepCRISPR,linear,linear,hl60,42,12313,2186,2076,0.041228183972936705,0.28222467887793334,0.2806515372157517,0.11111713595213091,0.0878567178643924,0.012347017902204343,0.06556343374520435,0.041228183972936705,False
ultimate_run,all_linear_sequence_ctcf_h3k4me3_rrbs_heldout_hct116,all,DeepCRISPR,linear,linear,hct116,42,7003,1240,4239,0.08938335267866904,0.3011721703568974,0.30708787190830916,0.16386844852157248,0.1323105024050918,0.02685286842086725,0.023002033154061352,0.08938335267866904,False
ultimate_run,all_linear_sequence_ctcf_h3k4me3_rrbs_heldout_hek293t,all,DeepCRISPR,linear,linear,hek293t,42,12270,2144,2333,-0.44981689079779463,-0.16821847889410754,-0.1275464196411927,0.14424652649334133,0.11386294033255624,0.02080706040539422,0.11787324449824454,-0.44981689079779463,False
ultimate_run,all_linear_sequence_ctcf_h3k4me3_rrbs_heldout_hela,all,DeepCRISPR,linear,linear,hela,42,3707,655,8101,0.005775238199996591,0.1093839473037247,0.1167747186759251,0.1815590693688203,0.1439473591257417,0.0329636956700721,-0.023897687683727575,0.005775238199996591,False
ultimate_run,all_linear_sequence_ctcf_h3k4me3_rrbs_heldout_hl60,all,DeepCRISPR,linear,linear,hl60,42,12313,2186,2076,0.03032385065078369,0.27290567973953206,0.2731051338610238,0.11174722989290545,0.08860001982654479,0.012487443388737862,0.06747263096382217,0.03032385065078369,False
ultimate_run,all_linear_sequence_ctcf_heldout_hct116,all,DeepCRISPR,linear,linear,hct116,42,7003,1240,4239,0.09341622820546958,0.31158844161947585,0.31064599469520143,0.1635051812915131,0.13240063678725536,0.02673394430917056,0.023991455067209233,0.09341622820546958,False
ultimate_run,all_linear_sequence_ctcf_heldout_hek293t,all,DeepCRISPR,linear,linear,hek293t,42,12270,2144,2333,-0.43762244164431907,-0.16872679607364063,-0.12795633554878547,0.14363861478211826,0.1134163684587314,0.020632051656525763,0.11451300181265933,-0.43762244164431907,False
ultimate_run,all_linear_sequence_ctcf_heldout_hela,all,DeepCRISPR,linear,linear,hela,42,3707,655,8101,0.012236106454436069,0.14157924350746018,0.1397141143008924,0.18096818630458933,0.14327746193817473,0.032749484454372556,-0.007954236677123694,0.012236106454436069,False
ultimate_run,all_linear_sequence_ctcf_heldout_hl60,all,DeepCRISPR,linear,linear,hl60,42,12313,2186,2076,0.038766503826230925,0.27890545803694217,0.27657640453458543,0.11125969307074457,0.08802701173353628,0.012378719302196289,0.06913269592350424,0.038766503826230925,False
ultimate_run,all_linear_sequence_ctcf_rrbs_heldout_hct116,all,DeepCRISPR,linear,linear,hct116,42,7003,1240,4239,0.09212334751417295,0.3076171363747326,0.3097012062480637,0.163621727266201,0.13213706956164456,0.026772069633575063,0.02467821731940434,0.09212334751417295,False
ultimate_run,all_linear_sequence_ctcf_rrbs_heldout_hek293t,all,DeepCRISPR,linear,linear,hek293t,42,12270,2144,2333,-0.439822695403705,-0.16942687658116762,-0.12929037118472556,0.1437484908391507,0.11365677348461418,0.02066362861853339,0.11583378221823237,-0.439822695403705,False
ultimate_run,all_linear_sequence_ctcf_rrbs_heldout_hela,all,DeepCRISPR,linear,linear,hela,42,3707,655,8101,0.0037959575601040907,0.10837921003530138,0.11549724693540553,0.18173970140140297,0.1437225208884772,0.03302931906547111,-0.013285638298560443,0.0037959575601040907,False
ultimate_run,all_linear_sequence_ctcf_rrbs_heldout_hl60,all,DeepCRISPR,linear,linear,hl60,42,12313,2186,2076,0.027770503012260028,0.26943319463961063,0.2689995679360674,0.11189425936273475,0.08876825742484545,0.012520325278334953,0.07100533675930776,0.027770503012260028,False
ultimate_run,all_linear_sequence_dnase_h3k4me3_heldout_hct116,all,DeepCRISPR,linear,linear,hct116,42,7003,1240,4239,-7.278874105363035e+19,0.025316872550197628,0.3035366808910266,1465074310.035047,68456865.75650892,2.1464427339246694e+18,-4064148727.775788,-7.278874105363035e+19,True
ultimate_run,all_linear_sequence_dnase_h3k4me3_heldout_hek293t,all,DeepCRISPR,linear,linear,hek293t,42,12270,2144,2333,-0.45927911656010734,-0.1793193050597063,-0.14166964729999224,0.1447164732337186,0.11419201711942396,0.020942857625205598,0.115643496701058,-0.45927911656010734,False
ultimate_run,all_linear_sequence_dnase_h3k4me3_heldout_hela,all,DeepCRISPR,linear,linear,hela,42,3707,655,8101,0.008926062910018628,0.13833580506663393,0.1369857453619493,0.18127114918363982,0.14286065278989485,0.032859229526357406,-0.016042693200448488,0.008926062910018628,False
ultimate_run,all_linear_sequence_dnase_h3k4me3_heldout_hl60,all,DeepCRISPR,linear,linear,hl60,42,12313,2186,2076,0.03007369419074546,0.2933870043070671,0.29674154736460806,0.11176164320439745,0.08911002487923848,0.01249066489174704,0.06149068137432945,0.03007369419074546,False
ultimate_run,all_linear_sequence_dnase_h3k4me3_rrbs_heldout_hct116,all,DeepCRISPR,linear,linear,hct116,42,7003,1240,4239,-7.754732215139507e+19,0.02558164065206498,0.30084071147412395,1512205982.4727533,128719960.88804708,2.2867669334263852e+18,-2.0144099443448335e+18,-7.754732215139507e+19,True
ultimate_run,all_linear_sequence_dnase_h3k4me3_rrbs_heldout_hek293t,all,DeepCRISPR,linear,linear,hek293t,42,12270,2144,2333,-0.46178188389181574,-0.1800197088961993,-0.14316348609953397,0.1448405195845449,0.11447252343944855,0.020978776113520937,0.11673230090366793,-0.46178188389181574,False
ultimate_run,all_linear_sequence_dnase_h3k4me3_rrbs_heldout_hela,all,DeepCRISPR,linear,linear,hela,42,3707,655,8101,-0.0001698569780728132,0.10686891966190012,0.1132433380979343,0.18210108824309165,0.1432772101469945,0.033160806339318255,-0.021032182228857943,-0.0001698569780728132,False
ultimate_run,all_linear_sequence_dnase_h3k4me3_rrbs_heldout_hl60,all,DeepCRISPR,linear,linear,hl60,42,12313,2186,2076,0.019468423332234863,0.28362061666363914,0.2893263593442643,0.1123709885427736,0.08978686912937554,0.012627239066080154,0.06325472757893136,0.019468423332234863,False
ultimate_run,all_linear_sequence_dnase_heldout_hct116,all,DeepCRISPR,linear,linear,hct116,42,7003,1240,4239,-2.9403506563768638e+20,0.02541891145649196,0.3011679394187486,2944605453.8919406,137706602.4812742,8.670701279090161e+18,-18967269972751.723,-2.9403506563768638e+20,True
ultimate_run,all_linear_sequence_dnase_heldout_hek293t,all,DeepCRISPR,linear,linear,hek293t,42,12270,2144,2333,-0.45147812388320463,-0.18151005784868046,-0.1437956926751209,0.14432914330534777,0.1140953794979538,0.020830901607255613,0.11310798584534731,-0.45147812388320463,False
ultimate_run,all_linear_sequence_dnase_heldout_hela,all,DeepCRISPR,linear,linear,hela,42,3707,655,8101,0.006344796267251929,0.13897507309591856,0.13613117067731306,0.18150705736375536,0.1426765413741215,0.03294481187284958,-0.002382916753134179,0.006344796267251929,False
ultimate_run,all_linear_sequence_dnase_heldout_hl60,all,DeepCRISPR,linear,linear,hl60,42,12313,2186,2076,0.027036557945548267,0.28966204164318865,0.29332777393201465,0.11193648640206388,0.089301866490565,0.012529776988039433,0.06483103379856692,0.027036557945548267,False
ultimate_run,all_linear_sequence_dnase_rrbs_heldout_hct116,all,DeepCRISPR,linear,linear,hct116,42,7003,1240,4239,-3.9673470461309564e+20,0.025031757368050744,0.30085453237879667,3420405887.352935,158900131.3277611,1.1699176434238618e+19,-32084588545.913456,-3.9673470461309564e+20,True
ultimate_run,all_linear_sequence_dnase_rrbs_heldout_hek293t,all,DeepCRISPR,linear,linear,hek293t,42,12270,2144,2333,-0.45382302124740304,-0.18214717072964842,-0.14498158481769674,0.14444567983600035,0.11437747783489485,0.020864554423284314,0.1142254375660019,-0.45382302124740304,False
ultimate_run,all_linear_sequence_dnase_rrbs_heldout_hela,all,DeepCRISPR,linear,linear,hela,42,3707,655,8101,-0.0005628963171371293,0.10678251838788932,0.11258700885535303,0.18213686509674398,0.14327520009237027,0.03317383762726951,-0.006157657832673191,-0.0005628963171371293,False
ultimate_run,all_linear_sequence_dnase_rrbs_heldout_hl60,all,DeepCRISPR,linear,linear,hl60,42,12313,2186,2076,0.016237397638616313,0.2797359390433794,0.28583854867876274,0.11255597745779197,0.08998816167480723,0.012668848061478975,0.06654093944818162,0.016237397638616313,False
ultimate_run,all_linear_sequence_h3k4me3_heldout_hct116,all,DeepCRISPR,linear,linear,hct116,42,7003,1240,4239,0.0950047554874418,0.3149456792642394,0.31473988715663964,0.16336187058725318,0.13180353213276877,0.026687100761766457,0.027917097490090526,0.0950047554874418,False
ultimate_run,all_linear_sequence_h3k4me3_heldout_hek293t,all,DeepCRISPR,linear,linear,hek293t,42,12270,2144,2333,-0.46075512249556727,-0.17894275423605752,-0.141302763003216,0.14478964237101236,0.11420061454764519,0.020964040537925655,0.1179083756264423,-0.46075512249556727,False
ultimate_run,all_linear_sequence_h3k4me3_heldout_hela,all,DeepCRISPR,linear,linear,hela,42,3707,655,8101,0.008899627496140594,0.14268984144518698,0.14162557481784538,0.18127356673581188,0.14266586354809652,0.03286010599712284,-0.017026106402840302,0.008899627496140594,False
ultimate_run,all_linear_sequence_h3k4me3_heldout_hl60,all,DeepCRISPR,linear,linear,hl60,42,12313,2186,2076,0.032685324578969555,0.29522887765831685,0.29801033736624377,0.11161107668895555,0.0889899042184211,0.012457032439667916,0.0632845508739196,0.032685324578969555,False
ultimate_run,all_linear_sequence_h3k4me3_rrbs_heldout_hct116,all,DeepCRISPR,linear,linear,hct116,42,7003,1240,4239,0.09320858323258996,0.31037552655273704,0.3134431018592919,0.1635239049253174,0.13182893394491899,0.026740067482024243,0.02830717362375401,0.09320858323258996,False
ultimate_run,all_linear_sequence_h3k4me3_rrbs_heldout_hek293t,all,DeepCRISPR,linear,linear,hek293t,42,12270,2144,2333,-0.46326025921022507,-0.1796948363831926,-0.1427228281649059,0.14491374341470215,0.11447110439684496,0.020999993030462127,0.11895393721755032,-0.46326025921022507,False
ultimate_run,all_linear_sequence_h3k4me3_rrbs_heldout_hela,all,DeepCRISPR,linear,linear,hela,42,3707,655,8101,0.0014987674009545593,0.11080596201845364,0.11756421319689553,0.18194912147773717,0.14327765245451463,0.033105482806520356,-0.021718417078738783,0.0014987674009545593,False
ultimate_run,all_linear_sequence_h3k4me3_rrbs_heldout_hl60,all,DeepCRISPR,linear,linear,hl60,42,12313,2186,2076,0.022028055775820565,0.285268635949364,0.29044772680930986,0.11222422305840225,0.0896674672290611,0.012594276241062023,0.06499713960787534,0.022028055775820565,False
ultimate_run,all_linear_sequence_heldout_hct116,all,DeepCRISPR,linear,linear,hct116,42,7003,1240,4239,0.09685070336521173,0.3220260385691417,0.316636124856664,0.16319517831383665,0.131835120192893,0.026632666224884943,0.02815295472033641,0.09685070336521173,False
ultimate_run,all_linear_sequence_heldout_hek293t,all,DeepCRISPR,linear,linear,hek293t,42,12270,2144,2333,-0.45272644252298755,-0.1813376713648645,-0.14367521057297106,0.14439119385774019,0.1141084817090849,0.020848816863663508,0.11553458324327204,-0.45272644252298755,False
ultimate_run,all_linear_sequence_heldout_hela,all,DeepCRISPR,linear,linear,hela,42,3707,655,8101,0.007291341586057931,0.14366743669362533,0.14104782147321673,0.18142058592519664,0.1425859325577663,0.03291342899744165,-0.003610756484371924,0.007291341586057931,False
ultimate_run,all_linear_sequence_heldout_hl60,all,DeepCRISPR,linear,linear,hl60,42,12313,2186,2076,0.02861491556917395,0.29084249291140113,0.29355031591506703,0.11184565692747839,0.08923065513533922,0.012509450973539194,0.06676473107112968,0.02861491556917395,False
ultimate_run,all_linear_sequence_rrbs_heldout_hct116,all,DeepCRISPR,linear,linear,hct116,42,7003,1240,4239,0.09532482016526911,0.31714099853490224,0.31531766808246514,0.16333298038668526,0.13165618857489747,0.026677662481997308,0.02866448214180084,0.09532482016526911,False
ultimate_run,all_linear_sequence_rrbs_heldout_hek293t,all,DeepCRISPR,linear,linear,hek293t,42,12270,2144,2333,-0.4548185056174876,-0.18200274066608355,-0.144816448719411,0.1444951249224407,0.11438284390731733,0.020878841126351744,0.1166524024429677,-0.4548185056174876,False
ultimate_run,all_linear_sequence_rrbs_heldout_hela,all,DeepCRISPR,linear,linear,hela,42,3707,655,8101,-9.403728939316736e-05,0.1108010448012457,0.11702000734847925,0.18209418586076345,0.1431528987484117,0.03315829252429427,-0.00769774347898311,-9.403728939316736e-05,False
ultimate_run,all_linear_sequence_rrbs_heldout_hl60,all,DeepCRISPR,linear,linear,hl60,42,12313,2186,2076,0.018067335769697546,0.2808088854726365,0.286158173090568,0.11245124367989251,0.08989658926367788,0.012645282205154566,0.06840773683795531,0.018067335769697546,False
ultimate_run,all_mlp_all_heldout_hct116,all,DeepCRISPR,mlp,mlp,hct116,42,7003,1240,4239,0.07444703294909982,0.2894772653574909,0.2928960982724013,0.16520690220448594,0.1351101289494804,0.027293320536002582,0.04115890711032355,0.07444703294909982,False
ultimate_run,all_mlp_all_heldout_hek293t,all,DeepCRISPR,mlp,mlp,hek293t,42,12270,2144,2333,-0.3394723825136705,-0.13611922255308062,-0.11985395107520953,0.13864865734193488,0.11162231723784737,0.019223450182721275,0.11449878351964637,-0.3394723825136705,False
ultimate_run,all_mlp_all_heldout_hela,all,DeepCRISPR,mlp,mlp,hela,42,3707,655,8101,6.172579955410207e-05,0.07139986581775946,0.06369154152665082,0.1820800048656309,0.1449779319099668,0.03315312817186817,-0.00724867284846753,6.172579955410207e-05,False
ultimate_run,all_mlp_all_heldout_hl60,all,DeepCRISPR,mlp,mlp,hl60,42,12313,2186,2076,-0.051733284935497004,0.12138339002231625,0.1324820675093007,0.11637942809127909,0.09140300925961034,0.013544171282853202,0.06557761413870622,-0.051733284935497004,False
ultimate_run,all_mlp_sequence_ctcf_dnase_h3k4me3_heldout_hct116,all,DeepCRISPR,mlp,mlp,hct116,42,7003,1240,4239,0.07630972197964547,0.2844158944233233,0.28879267543992926,0.16504057781312603,0.13383432300716167,0.027238392324890507,0.043110950039655815,0.07630972197964547,False
ultimate_run,all_mlp_sequence_ctcf_dnase_h3k4me3_heldout_hek293t,all,DeepCRISPR,mlp,mlp,hek293t,42,12270,2144,2333,-0.33518739491035743,-0.15140434326650531,-0.12896677245360488,0.13842671036990017,0.11084212691543494,0.019161954143832226,0.11408976603736454,-0.33518739491035743,False
ultimate_run,all_mlp_sequence_ctcf_dnase_h3k4me3_heldout_hela,all,DeepCRISPR,mlp,mlp,hela,42,3707,655,8101,0.0030477898305962814,0.10552966326979489,0.10744456668006572,0.1818079335377007,0.14381505349054416,0.03305412469724899,-0.009306387383774428,0.0030477898305962814,False
ultimate_run,all_mlp_sequence_ctcf_dnase_h3k4me3_heldout_hl60,all,DeepCRISPR,mlp,mlp,hl60,42,12313,2186,2076,-0.025236297510569772,0.14753228092644285,0.15260993856801458,0.11490406580048808,0.0900321528216849,0.013202944337482894,0.06268146178612366,-0.025236297510569772,False
ultimate_run,all_mlp_sequence_ctcf_dnase_heldout_hct116,all,DeepCRISPR,mlp,mlp,hct116,42,7003,1240,4239,0.07147539277637804,0.27618239783812165,0.28034774542668967,0.16547190164747091,0.13405894697074647,0.02738095023483029,0.04544389921830527,0.07147539277637804,False
ultimate_run,all_mlp_sequence_ctcf_dnase_heldout_hek293t,all,DeepCRISPR,mlp,mlp,hek293t,42,12270,2144,2333,-0.30193832471011905,-0.15475339329678844,-0.12807517013376996,0.13669228144963796,0.10916284441890453,0.01868477980790704,0.10766797957777663,-0.30193832471011905,False
ultimate_run,all_mlp_sequence_ctcf_dnase_heldout_hela,all,DeepCRISPR,mlp,mlp,hela,42,3707,655,8101,-0.0013376460115825939,0.0629905817344771,0.06081927530006674,0.1822073669990838,0.14555856541586054,0.03319952458873881,-0.00758718456178431,-0.0013376460115825939,False
ultimate_run,all_mlp_sequence_ctcf_dnase_heldout_hl60,all,DeepCRISPR,mlp,mlp,hl60,42,12313,2186,2076,-0.1233798136876405,0.08259985226655042,0.0771535604515566,0.12027814380299594,0.09390251282584604,0.01446683187669417,0.06811114984567879,-0.1233798136876405,False
ultimate_run,all_mlp_sequence_ctcf_dnase_rrbs_heldout_hct116,all,DeepCRISPR,mlp,mlp,hct116,42,7003,1240,4239,0.07690026956667206,0.2839057690725501,0.2812188776437868,0.16498781126335335,0.13045979272390595,0.027220977865471903,0.032714183747195036,0.07690026956667206,False
ultimate_run,all_mlp_sequence_ctcf_dnase_rrbs_heldout_hek293t,all,DeepCRISPR,mlp,mlp,hek293t,42,12270,2144,2333,-0.36155933107796345,-0.13526258892953727,-0.1047500443091103,0.1397870924928833,0.11108896668491014,0.01954043122761391,0.11460708021186494,-0.36155933107796345,False
ultimate_run,all_mlp_sequence_ctcf_dnase_rrbs_heldout_hela,all,DeepCRISPR,mlp,mlp,hela,42,3707,655,8101,-0.001128358960466258,0.07614181163325144,0.07351269192876024,0.182188324653355,0.14473267153103764,0.033192585639996275,-0.003417996782874244,-0.001128358960466258,False
ultimate_run,all_mlp_sequence_ctcf_dnase_rrbs_heldout_hl60,all,DeepCRISPR,mlp,mlp,hl60,42,12313,2186,2076,-0.04479836301114992,0.16857960380604578,0.17052428667169248,0.11599510199892689,0.0914161836123722,0.013454863687741452,0.06612436297328705,-0.04479836301114992,False
ultimate_run,all_mlp_sequence_ctcf_h3k4me3_heldout_hct116,all,DeepCRISPR,mlp,mlp,hct116,42,7003,1240,4239,0.08348696852150017,0.2944500585486703,0.2911034703495014,0.16439812928552403,0.13359055194080197,0.02702674491257987,0.043783758234625436,0.08348696852150017,False
ultimate_run,all_mlp_sequence_ctcf_h3k4me3_heldout_hek293t,all,DeepCRISPR,mlp,mlp,hek293t,42,12270,2144,2333,-0.44735676781059674,-0.15070576443720005,-0.11186945365301681,0.14412409211433125,0.11486385508324269,0.02077175392778024,0.11322689072530889,-0.44735676781059674,False
ultimate_run,all_mlp_sequence_ctcf_h3k4me3_heldout_hela,all,DeepCRISPR,mlp,mlp,hela,42,3707,655,8101,-0.006213685330547891,0.07464133236281259,0.07749015697976133,0.18265045996167287,0.14385371258048105,0.03336119052421066,-0.014341903433897185,-0.006213685330547891,False
ultimate_run,all_mlp_sequence_ctcf_h3k4me3_heldout_hl60,all,DeepCRISPR,mlp,mlp,hl60,42,12313,2186,2076,0.012548335842865743,0.19228160068060668,0.18708887875818672,0.11276681969463774,0.08825102418765196,0.01271635562404294,0.058486821914005116,0.012548335842865743,False
ultimate_run,all_mlp_sequence_ctcf_h3k4me3_rrbs_heldout_hct116,all,DeepCRISPR,mlp,mlp,hct116,42,7003,1240,4239,0.07713214441966676,0.2933183557547803,0.2957152870475493,0.16496708818980452,0.13014865699492076,0.027214140185822744,0.036031763321051846,0.07713214441966676,False
ultimate_run,all_mlp_sequence_ctcf_h3k4me3_rrbs_heldout_hek293t,all,DeepCRISPR,mlp,mlp,hek293t,42,12270,2144,2333,-0.34167107091591453,-0.15500376191860837,-0.1389988169490346,0.13876240369599946,0.11121062406662499,0.019255004679491525,0.11147370562603987,-0.34167107091591453,False
ultimate_run,all_mlp_sequence_ctcf_h3k4me3_rrbs_heldout_hela,all,DeepCRISPR,mlp,mlp,hela,42,3707,655,8101,-0.011167095841582597,0.06907583260515224,0.07445888624058873,0.18309948584054636,0.14352328737664122,0.03352542171507244,-0.014861995944618123,-0.011167095841582597,False
ultimate_run,all_mlp_sequence_ctcf_h3k4me3_rrbs_heldout_hl60,all,DeepCRISPR,mlp,mlp,hl60,42,12313,2186,2076,0.007708607613216678,0.19135004252790813,0.18997940015574813,0.1130428299994408,0.08832633814115888,0.012778681414282475,0.05984873770715615,0.007708607613216678,False
ultimate_run,all_mlp_sequence_ctcf_heldout_hct116,all,DeepCRISPR,mlp,mlp,hct116,42,7003,1240,4239,0.08287393340980653,0.2943616024174823,0.28904528125209333,0.1644531012144783,0.1332138167374419,0.027044822499059436,0.03666473644370882,0.08287393340980653,False
ultimate_run,all_mlp_sequence_ctcf_heldout_hek293t,all,DeepCRISPR,mlp,mlp,hek293t,42,12270,2144,2333,-0.43303836750550206,-0.14925786417102985,-0.11787052308902546,0.14340942533348125,0.1125771258788026,0.020566263274479336,0.10467077879709985,-0.43303836750550206,False
ultimate_run,all_mlp_sequence_ctcf_heldout_hela,all,DeepCRISPR,mlp,mlp,hela,42,3707,655,8101,-0.0013966687993729465,0.049486444742867224,0.04356163477259858,0.1822127369301591,0.14579244521457088,0.03320148149957937,-0.0019723772377191473,-0.0013966687993729465,False
ultimate_run,all_mlp_sequence_ctcf_heldout_hl60,all,DeepCRISPR,mlp,mlp,hl60,42,12313,2186,2076,-0.038418792752052955,0.1646711676687623,0.16347187391471907,0.11564042496027888,0.0906585328655967,0.013372707884993888,0.06357587281228405,-0.038418792752052955,False
ultimate_run,all_mlp_sequence_ctcf_rrbs_heldout_hct116,all,DeepCRISPR,mlp,mlp,hct116,42,7003,1240,4239,0.08474944975049592,0.2960873669601678,0.2953514815309311,0.164284862442367,0.13278722744427246,0.02698951602770745,0.039285998515065534,0.08474944975049592,False
ultimate_run,all_mlp_sequence_ctcf_rrbs_heldout_hek293t,all,DeepCRISPR,mlp,mlp,hek293t,42,12270,2144,2333,-0.36126205834764047,-0.15537448373442056,-0.12927149425870121,0.1397718316231787,0.11293005371491029,0.019536164915298217,0.10511944841054621,-0.36126205834764047,False
ultimate_run,all_mlp_sequence_ctcf_rrbs_heldout_hela,all,DeepCRISPR,mlp,mlp,hela,42,3707,655,8101,-0.00202173532776162,0.04701410022917831,0.04049575525288453,0.182269596174261,0.14585183392954593,0.033222205689528175,0.0005681264898270699,-0.00202173532776162,False
ultimate_run,all_mlp_sequence_ctcf_rrbs_heldout_hl60,all,DeepCRISPR,mlp,mlp,hl60,42,12313,2186,2076,-0.035030547676532464,0.1664758247939531,0.16503885613845212,0.11545160988857338,0.09045724521313932,0.013329074225863335,0.06325705828315209,-0.035030547676532464,False
ultimate_run,all_mlp_sequence_dnase_h3k4me3_heldout_hct116,all,DeepCRISPR,mlp,mlp,hct116,42,7003,1240,4239,0.08185456607044195,0.29383859735215234,0.2946219777415556,0.16454446900490674,0.13424699562465392,0.027074882280106714,0.04226284896812993,0.08185456607044195,False
ultimate_run,all_mlp_sequence_dnase_h3k4me3_heldout_hek293t,all,DeepCRISPR,mlp,mlp,hek293t,42,12270,2144,2333,-0.3806751789541829,-0.16426865274637256,-0.14317186933070228,0.1407649547782827,0.11224625636957206,0.019814772493731977,0.11558388977326395,-0.3806751789541829,False
ultimate_run,all_mlp_sequence_dnase_h3k4me3_heldout_hela,all,DeepCRISPR,mlp,mlp,hela,42,3707,655,8101,-0.008116358717892513,0.05648804232795945,0.05569664609769004,0.18282306745257293,0.14416084343050023,0.03342427399276803,-0.013797100263782447,-0.008116358717892513,False
ultimate_run,all_mlp_sequence_dnase_h3k4me3_heldout_hl60,all,DeepCRISPR,mlp,mlp,hl60,42,12313,2186,2076,-0.047870899002759204,0.21421562896146024,0.21907452784232234,0.11616553559591823,0.0925021396047276,0.013494431660286545,0.055831486522912144,-0.047870899002759204,False
ultimate_run,all_mlp_sequence_dnase_h3k4me3_rrbs_heldout_hct116,all,DeepCRISPR,mlp,mlp,hct116,42,7003,1240,4239,0.07126930738609172,0.2866853753118678,0.29008076917315484,0.16549026381535795,0.1356457785478142,0.02738702741767677,0.03872122247692289,0.07126930738609172,False
ultimate_run,all_mlp_sequence_dnase_h3k4me3_rrbs_heldout_hek293t,all,DeepCRISPR,mlp,mlp,hek293t,42,12270,2144,2333,-0.43073084129063854,-0.18077094395425033,-0.1532156811121619,0.14329391749422954,0.11625430284110302,0.020533146790843063,0.12021302865836914,-0.43073084129063854,False
ultimate_run,all_mlp_sequence_dnase_h3k4me3_rrbs_heldout_hela,all,DeepCRISPR,mlp,mlp,hela,42,3707,655,8101,-0.010232870435606722,0.1274671181011029,0.12713299316778393,0.1830148827514492,0.14199813641446452,0.0334944473085267,-0.007055533938654435,-0.010232870435606722,False
ultimate_run,all_mlp_sequence_dnase_h3k4me3_rrbs_heldout_hl60,all,DeepCRISPR,mlp,mlp,hl60,42,12313,2186,2076,0.03154155174345419,0.23255775791202749,0.23770590976713663,0.11167704281503418,0.08815545389636892,0.012471761891910977,0.060763774725063446,0.03154155174345419,False
ultimate_run,all_mlp_sequence_dnase_heldout_hct116,all,DeepCRISPR,mlp,mlp,hct116,42,7003,1240,4239,0.08109208171277671,0.2934462328066801,0.2975922052741134,0.16461277874210778,0.13371897853888157,0.027097366925198128,0.03553802830920516,0.08109208171277671,False
ultimate_run,all_mlp_sequence_dnase_heldout_hek293t,all,DeepCRISPR,mlp,mlp,hek293t,42,12270,2144,2333,-0.39503468865223845,-0.17958835807720125,-0.14808988416185132,0.14149506397349343,0.11346279114861628,0.020020853128862995,0.11096344113764955,-0.39503468865223845,False
ultimate_run,all_mlp_sequence_dnase_heldout_hela,all,DeepCRISPR,mlp,mlp,hela,42,3707,655,8101,-0.00030092846530016537,0.09647885477719174,0.0908697313296724,0.18211301995567386,0.1437310913867119,0.03316515203737567,-0.0038008803957476633,-0.00030092846530016537,False
ultimate_run,all_mlp_sequence_dnase_heldout_hl60,all,DeepCRISPR,mlp,mlp,hl60,42,12313,2186,2076,0.05517359462793092,0.2748159790223819,0.27608003401207565,0.11030607220928033,0.08706698604448482,0.012167429566238966,0.060679398803692775,0.05517359462793092,False
ultimate_run,all_mlp_sequence_dnase_rrbs_heldout_hct116,all,DeepCRISPR,mlp,mlp,hct116,42,7003,1240,4239,0.08807621850622571,0.30319405448506953,0.3022934557583651,0.16398601788381015,0.13324393279799593,0.0268914140613893,0.031771348416392065,0.08807621850622571,False
ultimate_run,all_mlp_sequence_dnase_rrbs_heldout_hek293t,all,DeepCRISPR,mlp,mlp,hek293t,42,12270,2144,2333,-0.3606257068074552,-0.16985808208081477,-0.14367433996362608,0.13973915811372598,0.11307104704905568,0.019527032310332905,0.11072487083088445,-0.3606257068074552,False
ultimate_run,all_mlp_sequence_dnase_rrbs_heldout_hela,all,DeepCRISPR,mlp,mlp,hela,42,3707,655,8101,-0.015586780647851795,0.09888368970039914,0.09533992841813033,0.18349920200630307,0.1425114004443773,0.03367195713695002,-0.002455565983589647,-0.015586780647851795,False
ultimate_run,all_mlp_sequence_dnase_rrbs_heldout_hl60,all,DeepCRISPR,mlp,mlp,hl60,42,12313,2186,2076,0.05736985863817767,0.2684536248618632,0.26873335597362585,0.11017779350960094,0.08660366525873542,0.012139146182644263,0.05954163130291468,0.05736985863817767,False
ultimate_run,all_mlp_sequence_h3k4me3_heldout_hct116,all,DeepCRISPR,mlp,mlp,hct116,42,7003,1240,4239,0.07595119523399241,0.27958420290791147,0.2797725855640869,0.1650726046309856,0.1336806742568566,0.027248964799657695,0.03439886242935053,0.07595119523399241,False
ultimate_run,all_mlp_sequence_h3k4me3_heldout_hek293t,all,DeepCRISPR,mlp,mlp,hek293t,42,12270,2144,2333,-0.34923820237119174,-0.1647459770371859,-0.13702821513646066,0.13915316897568117,0.11178822942042985,0.019363604435974475,0.10611968712145936,-0.34923820237119174,False
ultimate_run,all_mlp_sequence_h3k4me3_heldout_hela,all,DeepCRISPR,mlp,mlp,hela,42,3707,655,8101,0.0028485424919026947,0.1326398665089619,0.13312766157890105,0.1818261003749797,0.14254910489430098,0.03306073077757219,-0.005519821709638384,0.0028485424919026947,False
ultimate_run,all_mlp_sequence_h3k4me3_heldout_hl60,all,DeepCRISPR,mlp,mlp,hl60,42,12313,2186,2076,0.06782347187138771,0.28376137848707117,0.28592867851312287,0.109565163478204,0.08571252835239777,0.012004525048005567,0.05306263260569555,0.06782347187138771,False
ultimate_run,all_mlp_sequence_h3k4me3_rrbs_heldout_hct116,all,DeepCRISPR,mlp,mlp,hct116,42,7003,1240,4239,0.08033378923494494,0.30501824909627745,0.31134336030406606,0.16468068483387255,0.12938188016059685,0.02711972795735326,0.032683577678501496,0.08033378923494494,False
ultimate_run,all_mlp_sequence_h3k4me3_rrbs_heldout_hek293t,all,DeepCRISPR,mlp,mlp,hek293t,42,12270,2144,2333,-0.39461970749685515,-0.1659524550391035,-0.14145528230048734,0.1414740171303744,0.11257111287383986,0.020014897523005476,0.10269206004961884,-0.39461970749685515,False
ultimate_run,all_mlp_sequence_h3k4me3_rrbs_heldout_hela,all,DeepCRISPR,mlp,mlp,hela,42,3707,655,8101,0.002135342208726909,0.13140194031489727,0.13435721349053825,0.1818911131901668,0.14241086708126424,0.03308437705755807,-0.004669453914265098,0.002135342208726909,False
ultimate_run,all_mlp_sequence_h3k4me3_rrbs_heldout_hl60,all,DeepCRISPR,mlp,mlp,hl60,42,12313,2186,2076,0.04509978829059291,0.26927126069586005,0.27320274625498,0.11089255865798484,0.08782260397427602,0.012297159565714607,0.054874031912402366,0.04509978829059291,False
ultimate_run,all_mlp_sequence_heldout_hct116,all,DeepCRISPR,mlp,mlp,hct116,42,7003,1240,4239,0.0927671929123749,0.3081272704014368,0.31381421635002904,0.16356369857919686,0.1299579305541878,0.02675308349290637,0.029265796887768425,0.0927671929123749,False
ultimate_run,all_mlp_sequence_heldout_hek293t,all,DeepCRISPR,mlp,mlp,hek293t,42,12270,2144,2333,-0.39660485689618574,-0.17587754789013546,-0.1463587865133126,0.14157467080243177,0.11285232354803398,0.020043387412816926,0.10982097889656917,-0.39660485689618574,False
ultimate_run,all_mlp_sequence_heldout_hela,all,DeepCRISPR,mlp,mlp,hela,42,3707,655,8101,0.004542165643389828,0.11524859508616143,0.10904654383276201,0.18167162245685503,0.1434732167545241,0.03300457840610607,-0.006668129000469536,0.004542165643389828,False
ultimate_run,all_mlp_sequence_heldout_hl60,all,DeepCRISPR,mlp,mlp,hl60,42,12313,2186,2076,0.0283010001726981,0.2566305122560393,0.2559588803500081,0.11186372763815386,0.08870617724212178,0.012513493561103069,0.05488097034063344,0.0283010001726981,False
ultimate_run,all_mlp_sequence_rrbs_heldout_hct116,all,DeepCRISPR,mlp,mlp,hct116,42,7003,1240,4239,0.08938689574463443,0.30161146921705306,0.312564842225636,0.16386812972809928,0.1300359947848691,0.026852763940585174,0.03178131471668655,0.08938689574463443,False
ultimate_run,all_mlp_sequence_rrbs_heldout_hek293t,all,DeepCRISPR,mlp,mlp,hek293t,42,12270,2144,2333,-0.39658669860638507,-0.17525806121319873,-0.1459816933621944,0.14157375044108392,0.11348619830203424,0.02004312681395431,0.11071878404690083,-0.39658669860638507,False
ultimate_run,all_mlp_sequence_rrbs_heldout_hela,all,DeepCRISPR,mlp,mlp,hela,42,3707,655,8101,5.9293628670298304e-05,0.06122032746999383,0.05645965357319754,0.18208022630400789,0.145534289901234,0.033153208810918725,-0.00042176847038799536,5.9293628670298304e-05,False
ultimate_run,all_mlp_sequence_rrbs_heldout_hl60,all,DeepCRISPR,mlp,mlp,hl60,42,12313,2186,2076,0.0020286335664871924,0.24542049821792347,0.23967836154647956,0.11336590250264902,0.09039855417965953,0.012851827850240125,0.057518959437093065,0.0020286335664871924,False
ultimate_run,all_transformer_all_heldout_hct116,all,DeepCRISPR,transformer,transformer,hct116,42,7003,1240,4239,0.07280295571827389,0.28227681031398977,0.28284049220244023,0.16535356717406563,0.13169685240605664,0.027341802177188235,0.048496732414381016,0.07280295571827389,False
ultimate_run,all_transformer_all_heldout_hek293t,all,DeepCRISPR,transformer,transformer,hek293t,42,12270,2144,2333,-0.3941039237650126,-0.15818656715655802,-0.124358589543613,0.1414478534586064,0.11335897358654141,0.020007495248047385,0.13560291650640188,-0.3941039237650126,False
ultimate_run,all_transformer_all_heldout_hela,all,DeepCRISPR,transformer,transformer,hela,42,3707,655,8101,-0.0007337336142057005,0.08668512209453878,0.0862392376341494,0.1821524135653968,0.14502485171548682,0.033179501767699356,0.011338938890415706,-0.0007337336142057005,False
ultimate_run,all_transformer_all_heldout_hl60,all,DeepCRISPR,transformer,transformer,hl60,42,12313,2186,2076,-0.047739830039796205,0.1363024805389179,0.03685020711500632,0.11615827030568113,0.09215477453939516,0.013492743760407683,0.08037947195318063,-0.047739830039796205,False
ultimate_run,all_transformer_sequence_ctcf_dnase_h3k4me3_heldout_hct116,all,DeepCRISPR,transformer,transformer,hct116,42,7003,1240,4239,0.06751521220685686,0.27207019143849276,0.2858478200269913,0.16582439708725394,0.1323721456862019,0.02749773066935127,0.051871742885106764,0.06751521220685686,False
ultimate_run,all_transformer_sequence_ctcf_dnase_h3k4me3_heldout_hek293t,all,DeepCRISPR,transformer,transformer,hek293t,42,12270,2144,2333,-0.4291375527057404,-0.16377830506700544,-0.1290525280285124,0.1432141078773454,0.11276055781583494,0.020510280695103925,0.13975699212996773,-0.4291375527057404,False
ultimate_run,all_transformer_sequence_ctcf_dnase_h3k4me3_heldout_hela,all,DeepCRISPR,transformer,transformer,hela,42,3707,655,8101,-0.0009920168636887716,0.08463901664354484,0.08468705109668721,0.18217591826023122,0.1449963308929618,0.03318806519395844,0.011527956102305392,-0.0009920168636887716,False
ultimate_run,all_transformer_sequence_ctcf_dnase_h3k4me3_heldout_hl60,all,DeepCRISPR,transformer,transformer,hl60,42,12313,2186,2076,-0.006363861122166137,0.1765498769531999,0.1477550849810737,0.11384158290436518,0.09062748826297291,0.012959905998171449,0.08016805256279225,-0.006363861122166137,False
ultimate_run,all_transformer_sequence_ctcf_dnase_heldout_hct116,all,DeepCRISPR,transformer,transformer,hct116,42,7003,1240,4239,0.08246091734236516,0.29070521802875393,0.29694260608885453,0.1644901267284238,0.13271641999472644,0.02705700179113292,0.04635018278542391,0.08246091734236516,False
ultimate_run,all_transformer_sequence_ctcf_dnase_heldout_hek293t,all,DeepCRISPR,transformer,transformer,hek293t,42,12270,2144,2333,-0.48265019470804416,-0.18451102475721715,-0.14109084379885925,0.14587072313386054,0.11756898271957028,0.021278267867595395,0.12778400349535013,-0.48265019470804416,False
ultimate_run,all_transformer_sequence_ctcf_dnase_heldout_hela,all,DeepCRISPR,transformer,transformer,hela,42,3707,655,8101,6.591056004368046e-05,0.10182399848580817,0.10050377814316705,0.18207962386110932,0.14485634254941301,0.03315298942540305,0.012662431798894813,6.591056004368046e-05,False
ultimate_run,all_transformer_sequence_ctcf_dnase_heldout_hl60,all,DeepCRISPR,transformer,transformer,hl60,42,12313,2186,2076,-0.06638689700472766,0.13707540336511814,0.07277922227379026,0.11718737049268314,0.09314814448331506,0.013732879802989385,0.08906478822218811,-0.06638689700472766,False
ultimate_run,all_transformer_sequence_ctcf_dnase_rrbs_heldout_hct116,all,DeepCRISPR,transformer,transformer,hct116,42,7003,1240,4239,0.0809466103596026,0.2870785467365148,0.2920094395428211,0.16462580806503432,0.13223024724321675,0.027101656681065518,0.048441446911064556,0.0809466103596026,False
ultimate_run,all_transformer_sequence_ctcf_dnase_rrbs_heldout_hek293t,all,DeepCRISPR,transformer,transformer,hek293t,42,12270,2144,2333,-0.5506964623844011,-0.1677190622935366,-0.1279880608603249,0.14918054330992475,0.11896530844261602,0.02225483450224433,0.12408457385338545,-0.5506964623844011,False
ultimate_run,all_transformer_sequence_ctcf_dnase_rrbs_heldout_hela,all,DeepCRISPR,transformer,transformer,hela,42,3707,655,8101,-0.00024302493104388923,0.10069433916062999,0.09933044114662161,0.18210774897181495,0.1448323968027628,0.03316323223558157,0.012714429262880578,-0.00024302493104388923,False
ultimate_run,all_transformer_sequence_ctcf_dnase_rrbs_heldout_hl60,all,DeepCRISPR,transformer,transformer,hl60,42,12313,2186,2076,-0.054372199990256664,0.14952852219446994,0.08967066915613005,0.11652534104464944,0.0920175641518524,0.013578155105571865,0.08425626684043175,-0.054372199990256664,False
ultimate_run,all_transformer_sequence_ctcf_h3k4me3_heldout_hct116,all,DeepCRISPR,transformer,transformer,hct116,42,7003,1240,4239,0.07330908630958466,0.2935710545624956,0.2992828198606656,0.16530843010021948,0.13078045143383632,0.02732687706219915,0.05666052289290757,0.07330908630958466,False
ultimate_run,all_transformer_sequence_ctcf_h3k4me3_heldout_hek293t,all,DeepCRISPR,transformer,transformer,hek293t,42,12270,2144,2333,-0.38490483100821016,-0.16814512702032033,-0.13778931463822172,0.14098040425526498,0.11085852242421808,0.019875474383977933,0.14301694006237653,-0.38490483100821016,False
ultimate_run,all_transformer_sequence_ctcf_h3k4me3_heldout_hela,all,DeepCRISPR,transformer,transformer,hela,42,3707,655,8101,0.0008435595251968797,0.09474876494801858,0.09638454476653809,0.1820088084080189,0.14519673717639997,0.03312720633810693,0.011575873177042673,0.0008435595251968797,False
ultimate_run,all_transformer_sequence_ctcf_h3k4me3_heldout_hl60,all,DeepCRISPR,transformer,transformer,hl60,42,12313,2186,2076,0.014559667681009247,0.1721521614478572,0.1301680926507444,0.11265191426769337,0.08839034390059768,0.012690453788175737,0.08391891879147662,0.014559667681009247,False
ultimate_run,all_transformer_sequence_ctcf_h3k4me3_rrbs_heldout_hct116,all,DeepCRISPR,transformer,transformer,hct116,42,7003,1240,4239,0.08122563113791981,0.29617692098954895,0.306354164752719,0.16460081631347293,0.132362648517766,0.02709342873106166,0.04981987246891462,0.08122563113791981,False
ultimate_run,all_transformer_sequence_ctcf_h3k4me3_rrbs_heldout_hek293t,all,DeepCRISPR,transformer,transformer,hek293t,42,12270,2144,2333,-0.475452922963421,-0.18757733183676104,-0.1429684635961656,0.14551624018006407,0.11574760229321596,0.02117497615614209,0.14423432525480806,-0.475452922963421,False
ultimate_run,all_transformer_sequence_ctcf_h3k4me3_rrbs_heldout_hela,all,DeepCRISPR,transformer,transformer,hela,42,3707,655,8101,0.0010950211497445794,0.09441329661595715,0.09592641866951286,0.18198590353105462,0.1452441723604966,0.03311886908401432,0.011397019207470271,0.0010950211497445794,False
ultimate_run,all_transformer_sequence_ctcf_h3k4me3_rrbs_heldout_hl60,all,DeepCRISPR,transformer,transformer,hl60,42,12313,2186,2076,-0.0808014647467814,0.09720483314374233,-0.006637508377682107,0.11797673466254066,0.09454833686455855,0.013918509921635522,0.07828733578416558,-0.0808014647467814,False
ultimate_run,all_transformer_sequence_ctcf_heldout_hct116,all,DeepCRISPR,transformer,transformer,hct116,42,7003,1240,4239,0.09194454871026359,0.3035465984429544,0.30513544007299603,0.16363783844649718,0.13124725102186707,0.026777342171441912,0.050287346298201974,0.09194454871026359,False
ultimate_run,all_transformer_sequence_ctcf_heldout_hek293t,all,DeepCRISPR,transformer,transformer,hek293t,42,12270,2144,2333,-0.4245872437035445,-0.15952427201113606,-0.1242753326684188,0.1429859325029053,0.11419868952903275,0.020444976893725396,0.13924998018642987,-0.4245872437035445,False
ultimate_run,all_transformer_sequence_ctcf_heldout_hela,all,DeepCRISPR,transformer,transformer,hela,42,3707,655,8101,-0.004912545264844637,0.08857096314809,0.08741721630172326,0.18253232863802812,0.14423997509327963,0.033318050998021105,0.01244567206308711,-0.004912545264844637,False
ultimate_run,all_transformer_sequence_ctcf_heldout_hl60,all,DeepCRISPR,transformer,transformer,hl60,42,12313,2186,2076,-0.05295612298440178,0.13264410145908948,0.07941324689156165,0.11644706494007676,0.09302418255955985,0.013559918933158454,0.08545546719064812,-0.05295612298440178,False
ultimate_run,all_transformer_sequence_ctcf_rrbs_heldout_hct116,all,DeepCRISPR,transformer,transformer,hct116,42,7003,1240,4239,0.0826742061606226,0.2881875547106235,0.292677244076692,0.16447100713748536,0.13151511614451122,0.02705071218881876,0.05028329250173347,0.0826742061606226,False
ultimate_run,all_transformer_sequence_ctcf_rrbs_heldout_hek293t,all,DeepCRISPR,transformer,transformer,hek293t,42,12270,2144,2333,-0.5617751147120842,-0.19642059036996473,-0.14828312579097847,0.149712490737192,0.11994862384484195,0.022413829882733806,0.14128620898568334,-0.5617751147120842,False
ultimate_run,all_transformer_sequence_ctcf_rrbs_heldout_hela,all,DeepCRISPR,transformer,transformer,hela,42,3707,655,8101,-0.004989288432028838,0.0881988341884562,0.08689758456117148,0.1825392983199405,0.14423383652304542,0.03332059543113624,0.012338982293810585,-0.004989288432028838,False
ultimate_run,all_transformer_sequence_ctcf_rrbs_heldout_hl60,all,DeepCRISPR,transformer,transformer,hl60,42,12313,2186,2076,-0.025503214462754054,0.153287655523466,0.10882764217323188,0.11491902227792294,0.09189832336242403,0.01320638168131375,0.08863435103862449,-0.025503214462754054,False
ultimate_run,all_transformer_sequence_dnase_h3k4me3_heldout_hct116,all,DeepCRISPR,transformer,transformer,hct116,42,7003,1240,4239,0.08846237506812582,0.30904357861762244,0.3144512695034187,0.163951294048727,0.1329491499931465,0.026880026820252142,0.04337754205292155,0.08846237506812582,False
ultimate_run,all_transformer_sequence_dnase_h3k4me3_heldout_hek293t,all,DeepCRISPR,transformer,transformer,hek293t,42,12270,2144,2333,-0.49764634726721435,-0.18236334859807532,-0.14021241780800842,0.1466065663215216,0.11823462596361953,0.021493485288586717,0.1358579138467968,-0.49764634726721435,False
ultimate_run,all_transformer_sequence_dnase_h3k4me3_heldout_hela,all,DeepCRISPR,transformer,transformer,hela,42,3707,655,8101,-0.0028485488614597987,0.09132684158978575,0.09255080221484077,0.18234478011910168,0.143737857816205,0.03324961883668354,0.01174812740337805,-0.0028485488614597987,False
ultimate_run,all_transformer_sequence_dnase_h3k4me3_heldout_hl60,all,DeepCRISPR,transformer,transformer,hl60,42,12313,2186,2076,-0.03235277972743833,0.1563970291747026,0.09976355148801043,0.11530216848531975,0.09169043497647193,0.013294590057417064,0.08010568260872808,-0.03235277972743833,False
ultimate_run,all_transformer_sequence_dnase_h3k4me3_rrbs_heldout_hct116,all,DeepCRISPR,transformer,transformer,hct116,42,7003,1240,4239,0.07393458512750972,0.2781279831295254,0.29608754453316616,0.1652526306528078,0.13211209480419897,0.027308431937673308,0.05324860743523918,0.07393458512750972,False
ultimate_run,all_transformer_sequence_dnase_h3k4me3_rrbs_heldout_hek293t,all,DeepCRISPR,transformer,transformer,hek293t,42,12270,2144,2333,-0.5292057246796218,-0.18528438383043164,-0.14712929701435631,0.14814320768422087,0.119795996315723,0.0219464099829702,0.13300446119608478,-0.5292057246796218,False
ultimate_run,all_transformer_sequence_dnase_h3k4me3_rrbs_heldout_hela,all,DeepCRISPR,transformer,transformer,hela,42,3707,655,8101,-0.0025381144996290406,0.08589187758905825,0.07912889779007651,0.18231655528553536,0.14445799586995423,0.03323932633118368,0.01022633706140108,-0.0025381144996290406,False
ultimate_run,all_transformer_sequence_dnase_h3k4me3_rrbs_heldout_hl60,all,DeepCRISPR,transformer,transformer,hl60,42,12313,2186,2076,-0.01556593078636137,0.17550565943578006,0.12648024207921252,0.11436087536470031,0.09081759781582076,0.013078409814180517,0.0857619663748459,-0.01556593078636137,False
ultimate_run,all_transformer_sequence_dnase_heldout_hct116,all,DeepCRISPR,transformer,transformer,hct116,42,7003,1240,4239,0.09694357214329996,0.3133468417629487,0.3155488668136368,0.16318678760452435,0.13078396699354258,0.02662992764868414,0.0492673215180357,0.09694357214329996,False
ultimate_run,all_transformer_sequence_dnase_heldout_hek293t,all,DeepCRISPR,transformer,transformer,hek293t,42,12270,2144,2333,-0.5212078916617495,-0.1894690080402925,-0.14065680378002382,0.14775530111999857,0.1176162832334759,0.021831629009061448,0.14418716312072022,-0.5212078916617495,False
ultimate_run,all_transformer_sequence_dnase_heldout_hela,all,DeepCRISPR,transformer,transformer,hela,42,3707,655,8101,-0.009411013330692608,0.09262271383978198,0.0846250496536561,0.18294042334222793,0.1430275772107618,0.033467198492633576,0.0201140869103007,-0.009411013330692608,False
ultimate_run,all_transformer_sequence_dnase_heldout_hl60,all,DeepCRISPR,transformer,transformer,hl60,42,12313,2186,2076,-0.060327979665335985,0.13768811186749066,0.04542779840199643,0.11685398304426682,0.09310694825288217,0.013654853353309796,0.0865204354115916,-0.060327979665335985,False
ultimate_run,all_transformer_sequence_dnase_rrbs_heldout_hct116,all,DeepCRISPR,transformer,transformer,hct116,42,7003,1240,4239,0.08890456978483907,0.2995587327285366,0.30080188922764695,0.1639115221355469,0.13104114833865138,0.02686698708879189,0.06267457882774763,0.08890456978483907,False
ultimate_run,all_transformer_sequence_dnase_rrbs_heldout_hek293t,all,DeepCRISPR,transformer,transformer,hek293t,42,12270,2144,2333,-0.4679560636316231,-0.17284299096083613,-0.15293274462182724,0.14514608127911605,0.11487919777037757,0.02106738491068376,0.13870815709577788,-0.4679560636316231,False
ultimate_run,all_transformer_sequence_dnase_rrbs_heldout_hela,all,DeepCRISPR,transformer,transformer,hela,42,3707,655,8101,-0.01033076499121588,0.08388872367659092,0.07460794313042281,0.18302374987858883,0.14318131664973288,0.033497693019620245,0.02019292477392387,-0.01033076499121588,False
ultimate_run,all_transformer_sequence_dnase_rrbs_heldout_hl60,all,DeepCRISPR,transformer,transformer,hl60,42,12313,2186,2076,-0.07961155214722715,0.12554209418633192,0.06321239100563589,0.11791177330403842,0.09440560346497995,0.013903186283702946,0.08642992145025541,-0.07961155214722715,False
ultimate_run,all_transformer_sequence_h3k4me3_heldout_hct116,all,DeepCRISPR,transformer,transformer,hct116,42,7003,1240,4239,0.07371270560514454,0.3061963755561117,0.3087647523648272,0.16527242621918253,0.13397181346942297,0.027314974868375134,0.0470603269757669,0.07371270560514454,False
ultimate_run,all_transformer_sequence_h3k4me3_heldout_hek293t,all,DeepCRISPR,transformer,transformer,hek293t,42,12270,2144,2333,-0.47467421178249314,-0.1695741468167974,-0.14016084518777577,0.14547783499724964,0.11655544409942739,0.021163800475486994,0.14254893046617068,-0.47467421178249314,False
ultimate_run,all_transformer_sequence_h3k4me3_heldout_hela,all,DeepCRISPR,transformer,transformer,hela,42,3707,655,8101,-0.0014977746517625956,0.09336955741292789,0.0877281337111144,0.1822219352377169,0.14442930806466003,0.03320483368177869,0.010035823962471935,-0.0014977746517625956,False
ultimate_run,all_transformer_sequence_h3k4me3_heldout_hl60,all,DeepCRISPR,transformer,transformer,hl60,42,12313,2186,2076,-0.013477327511460357,0.15080443668069143,0.06864187794716009,0.114243218093773,0.09106392370041654,0.013051512880421383,0.08085335907108071,-0.013477327511460357,False
ultimate_run,all_transformer_sequence_h3k4me3_rrbs_heldout_hct116,all,DeepCRISPR,transformer,transformer,hct116,42,7003,1240,4239,0.07785762363519111,0.3108623881658033,0.31600158836021397,0.16490223398407083,0.13314743321732658,0.02719274677293725,0.04925128145800506,0.07785762363519111,False
ultimate_run,all_transformer_sequence_h3k4me3_rrbs_heldout_hek293t,all,DeepCRISPR,transformer,transformer,hek293t,42,12270,2144,2333,-0.5243058463006673,-0.1723932984868522,-0.12962400107528893,0.14790567715092956,0.12035787776687398,0.02187608933347501,0.13741060695413643,-0.5243058463006673,False
ultimate_run,all_transformer_sequence_h3k4me3_rrbs_heldout_hela,all,DeepCRISPR,transformer,transformer,hela,42,3707,655,8101,-0.008355229067838366,0.0695382894863935,0.06514976464036314,0.18284472587677092,0.14414674507051534,0.033432193780951504,0.009486517782879789,-0.008355229067838366,False
ultimate_run,all_transformer_sequence_h3k4me3_rrbs_heldout_hl60,all,DeepCRISPR,transformer,transformer,hl60,42,12313,2186,2076,-0.01825886367432905,0.16069121860435626,0.09549837572743608,0.11451239791389062,0.09146300296753157,0.013113089275989219,0.0791392069626432,-0.01825886367432905,False
ultimate_run,all_transformer_sequence_heldout_hct116,all,DeepCRISPR,transformer,transformer,hct116,42,7003,1240,4239,0.09799799314352775,0.3265775653785916,0.32516184076533283,0.16309149021946792,0.12883234442711156,0.0265988341820068,0.03588846476223995,0.09799799314352775,False
ultimate_run,all_transformer_sequence_heldout_hek293t,all,DeepCRISPR,transformer,transformer,hek293t,42,12270,2144,2333,-0.48599074545487775,-0.15608475563260105,-0.13828715994600313,0.1460349609246933,0.11519129322167124,0.0213262098122767,0.14116785679156174,-0.48599074545487775,False
ultimate_run,all_transformer_sequence_heldout_hela,all,DeepCRISPR,transformer,transformer,hela,42,3707,655,8101,-0.006561778466817048,0.08913474866442671,0.08088626739680643,0.1826820506042016,0.14347612923715553,0.03337273161295607,0.019880579957140654,-0.006561778466817048,False
ultimate_run,all_transformer_sequence_heldout_hl60,all,DeepCRISPR,transformer,transformer,hl60,42,12313,2186,2076,-0.10640637881941162,0.12912097997050762,0.06205751532374165,0.11936602862100743,0.09544115517959573,0.014248248788751163,0.09070767871323548,-0.10640637881941162,False
ultimate_run,all_transformer_sequence_rrbs_heldout_hct116,all,DeepCRISPR,transformer,transformer,hct116,42,7003,1240,4239,0.09319430494991532,0.32620070264795037,0.32602068233845954,0.16352519233899623,0.1312981934430656,0.02674048852950571,0.0430874701100844,0.09319430494991532,False
ultimate_run,all_transformer_sequence_rrbs_heldout_hek293t,all,DeepCRISPR,transformer,transformer,hek293t,42,12270,2144,2333,-0.42619159870859136,-0.16256004004735916,-0.1272104576447107,0.14306642446533285,0.1147156597394137,0.02046800180929479,0.14509316853893295,-0.42619159870859136,False
ultimate_run,all_transformer_sequence_rrbs_heldout_hela,all,DeepCRISPR,transformer,transformer,hela,42,3707,655,8101,-0.005695205707919149,0.0712272548285386,0.07017912590507203,0.1826033960301484,0.143936240229117,0.03334400024174322,0.016751779897621,-0.005695205707919149,False
ultimate_run,all_transformer_sequence_rrbs_heldout_hl60,all,DeepCRISPR,transformer,transformer,hl60,42,12313,2186,2076,-0.10878479314202472,0.056841211370276416,-0.03473981100798425,0.11949425883872339,0.09389094268070508,0.014278877895415824,0.08522753873514277,-0.10878479314202472,False
ultimate_run,all_xgboost_all_heldout_hct116,all,DeepCRISPR,xgboost,xgboost,hct116,42,7003,1240,4239,0.09135336556024054,0.3157547999664613,0.32155895464881845,0.16369109741450275,0.13214280321491131,0.02679477537276423,0.04799323457325344,0.09135336556024054,False
ultimate_run,all_xgboost_all_heldout_hek293t,all,DeepCRISPR,xgboost,xgboost,hek293t,42,12270,2144,2333,-0.3576249551940054,-0.17941517916160787,-0.13876512977114122,0.13958498126958663,0.11121036369549937,0.019483966996030846,0.13362935082914384,-0.3576249551940054,False
ultimate_run,all_xgboost_all_heldout_hela,all,DeepCRISPR,xgboost,xgboost,hela,42,3707,655,8101,-0.0037570705317997444,0.07586326382428446,0.0716721612000505,0.18242735823166378,0.14415677962025344,0.033279741031383786,0.013967809516788443,-0.0037570705317997444,False
ultimate_run,all_xgboost_all_heldout_hl60,all,DeepCRISPR,xgboost,xgboost,hl60,42,12313,2186,2076,-0.03122191871840818,0.17009472161977557,0.1572978628496832,0.11523899896763305,0.09111668587337483,0.01328002688306213,0.09574787629631887,-0.03122191871840818,False
ultimate_run,all_xgboost_sequence_ctcf_dnase_h3k4me3_heldout_hct116,all,DeepCRISPR,xgboost,xgboost,hct116,42,7003,1240,4239,0.09645825010938314,0.3178916083896137,0.3212382310265287,0.16323063176718453,0.1316983351682649,0.02664423914711419,0.04994558991231801,0.09645825010938314,False
ultimate_run,all_xgboost_sequence_ctcf_dnase_h3k4me3_heldout_hek293t,all,DeepCRISPR,xgboost,xgboost,hek293t,42,12270,2144,2333,-0.442169842102593,-0.18544869227055608,-0.1443536251921644,0.1438656099139385,0.11392326818589893,0.020697313715909525,0.1358651763284745,-0.442169842102593,False
ultimate_run,all_xgboost_sequence_ctcf_dnase_h3k4me3_heldout_hela,all,DeepCRISPR,xgboost,xgboost,hela,42,3707,655,8101,-0.0022473300292700227,0.08894099610391036,0.08631051347567834,0.18229011306504922,0.14400912198694008,0.03322968532126843,0.01878516971306854,-0.0022473300292700227,False
ultimate_run,all_xgboost_sequence_ctcf_dnase_h3k4me3_heldout_hl60,all,DeepCRISPR,xgboost,xgboost,hl60,42,12313,2186,2076,-0.032084659643498936,0.17291197094871488,0.15337135460395818,0.11528719451748584,0.09126881338917939,0.013291137219712616,0.09196519302419215,-0.032084659643498936,False
ultimate_run,all_xgboost_sequence_ctcf_dnase_heldout_hct116,all,DeepCRISPR,xgboost,xgboost,hct116,42,7003,1240,4239,0.09315450124724722,0.31370690466899753,0.31725141088532416,0.16352878122068584,0.13192365589032112,0.026741662287522932,0.04468134717489669,0.09315450124724722,False
ultimate_run,all_xgboost_sequence_ctcf_dnase_heldout_hek293t,all,DeepCRISPR,xgboost,xgboost,hek293t,42,12270,2144,2333,-0.43043917896277506,-0.17906015942179157,-0.13979370442565803,0.14327931112435502,0.11371859040572774,0.020528960996269725,0.13603470710351184,-0.43043917896277506,False
ultimate_run,all_xgboost_sequence_ctcf_dnase_heldout_hela,all,DeepCRISPR,xgboost,xgboost,hela,42,3707,655,8101,-0.005123696814169021,0.08416647106852337,0.07946364569430639,0.1825515044159523,0.14400553182429296,0.03332505176452746,0.013292374275943541,-0.005123696814169021,False
ultimate_run,all_xgboost_sequence_ctcf_dnase_heldout_hl60,all,DeepCRISPR,xgboost,xgboost,hl60,42,12313,2186,2076,0.0032282129668785853,0.1967281493331345,0.17510158127748107,0.11329774809635704,0.0900142841760665,0.012836379723705573,0.0897398070412947,0.0032282129668785853,False
ultimate_run,all_xgboost_sequence_ctcf_dnase_rrbs_heldout_hct116,all,DeepCRISPR,xgboost,xgboost,hct116,42,7003,1240,4239,0.08362982861098389,0.3028308900122513,0.3082643508720699,0.16438531613070032,0.13277500688562247,0.027022532159390277,0.04754507227619187,0.08362982861098389,False
ultimate_run,all_xgboost_sequence_ctcf_dnase_rrbs_heldout_hek293t,all,DeepCRISPR,xgboost,xgboost,hek293t,42,12270,2144,2333,-0.42842319091254644,-0.1846216752606272,-0.1419921717049258,0.14317831024731742,0.11350487930276237,0.02050002852527708,0.13557766049149333,-0.42842319091254644,False
ultimate_run,all_xgboost_sequence_ctcf_dnase_rrbs_heldout_hela,all,DeepCRISPR,xgboost,xgboost,hela,42,3707,655,8101,-0.008217284791924628,0.054108101473871746,0.04840820160799452,0.18283221875365543,0.1442094548314373,0.033427620214384515,0.013751847482514679,-0.008217284791924628,False
ultimate_run,all_xgboost_sequence_ctcf_dnase_rrbs_heldout_hl60,all,DeepCRISPR,xgboost,xgboost,hl60,42,12313,2186,2076,-0.014168041087388117,0.18640121171408872,0.1730387641996633,0.11428214146156508,0.09032589776857769,0.013060407857041174,0.09383153100506592,-0.014168041087388117,False
ultimate_run,all_xgboost_sequence_ctcf_h3k4me3_heldout_hct116,all,DeepCRISPR,xgboost,xgboost,hct116,42,7003,1240,4239,0.09442572338144639,0.31481692664673316,0.31767222350439706,0.16341412315045842,0.13179342429374066,0.026704175645033187,0.04858537709940758,0.09442572338144639,False
ultimate_run,all_xgboost_sequence_ctcf_h3k4me3_heldout_hek293t,all,DeepCRISPR,xgboost,xgboost,hek293t,42,12270,2144,2333,-0.4430889145785155,-0.18475753495535469,-0.1408995644861884,0.14391144427382094,0.11381096379616666,0.02071050379297707,0.13634204748485867,-0.4430889145785155,False
ultimate_run,all_xgboost_sequence_ctcf_h3k4me3_heldout_hela,all,DeepCRISPR,xgboost,xgboost,hela,42,3707,655,8101,-0.0022142638087052635,0.08918273673473116,0.08654427533976325,0.18228710597557055,0.14400598185002966,0.033228589004948884,0.018380812635154564,-0.0022142638087052635,False
ultimate_run,all_xgboost_sequence_ctcf_h3k4me3_heldout_hl60,all,DeepCRISPR,xgboost,xgboost,hl60,42,12313,2186,2076,-0.013066379346807766,0.18486679203653375,0.16551569800764399,0.11422005388493861,0.09045052881261086,0.01304622070947828,0.09501473903195734,-0.013066379346807766,False
ultimate_run,all_xgboost_sequence_ctcf_h3k4me3_rrbs_heldout_hct116,all,DeepCRISPR,xgboost,xgboost,hct116,42,7003,1240,4239,0.09565821907844041,0.3176731600618174,0.32294391665812444,0.16330288115474662,0.13169754292846764,0.0266678309934413,0.04817408379672683,0.09565821907844041,False
ultimate_run,all_xgboost_sequence_ctcf_h3k4me3_rrbs_heldout_hek293t,all,DeepCRISPR,xgboost,xgboost,hek293t,42,12270,2144,2333,-0.35095954339369806,-0.17677031103413354,-0.13733304558551043,0.13924190560835623,0.11098107447918781,0.01938830827744639,0.1315673681295495,-0.35095954339369806,False
ultimate_run,all_xgboost_sequence_ctcf_h3k4me3_rrbs_heldout_hela,all,DeepCRISPR,xgboost,xgboost,hela,42,3707,655,8101,-0.003760109185713123,0.07667104398785649,0.07210419409859531,0.1824276343608203,0.14414667731906858,0.03327984177848514,0.013895335837695089,-0.003760109185713123,False
ultimate_run,all_xgboost_sequence_ctcf_h3k4me3_rrbs_heldout_hl60,all,DeepCRISPR,xgboost,xgboost,hl60,42,12313,2186,2076,-0.0208806365887666,0.17569598580498705,0.15905798317000774,0.11465972415385936,0.09071434260595425,0.013146852343039118,0.0947297424512612,-0.0208806365887666,False
ultimate_run,all_xgboost_sequence_ctcf_heldout_hct116,all,DeepCRISPR,xgboost,xgboost,hct116,42,7003,1240,4239,0.09144096864592455,0.3139050672569917,0.31799083647099713,0.16368320645319084,0.1320651428798702,0.026792192074797893,0.04871824876143194,0.09144096864592455,False
ultimate_run,all_xgboost_sequence_ctcf_heldout_hek293t,all,DeepCRISPR,xgboost,xgboost,hek293t,42,12270,2144,2333,-0.37317025349535915,-0.18328824940245833,-0.1427373917377005,0.14038185597568387,0.11172315908018683,0.01970706548717765,0.13550800572120092,-0.37317025349535915,False
ultimate_run,all_xgboost_sequence_ctcf_heldout_hela,all,DeepCRISPR,xgboost,xgboost,hela,42,3707,655,8101,-0.005123696814169021,0.08416647106852337,0.07946364569430639,0.1825515044159523,0.14400553182429296,0.03332505176452746,0.013292374275943541,-0.005123696814169021,False
ultimate_run,all_xgboost_sequence_ctcf_heldout_hl60,all,DeepCRISPR,xgboost,xgboost,hl60,42,12313,2186,2076,-0.012738506648250603,0.18455630260876923,0.1694040934830183,0.11420156908046937,0.0903102584328567,0.013041998380441218,0.09185159357981743,-0.012738506648250603,False
ultimate_run,all_xgboost_sequence_ctcf_rrbs_heldout_hct116,all,DeepCRISPR,xgboost,xgboost,hct116,42,7003,1240,4239,0.08524036969266457,0.30386337585176476,0.30898662226164664,0.16424079716818654,0.13265604728455474,0.026975039454441397,0.04842716138370784,0.08524036969266457,False
ultimate_run,all_xgboost_sequence_ctcf_rrbs_heldout_hek293t,all,DeepCRISPR,xgboost,xgboost,hek293t,42,12270,2144,2333,-0.4269160475499556,-0.18595602501413802,-0.13992652296212962,0.14310275589060462,0.1133512573782155,0.020478398743485973,0.1333754888742077,-0.4269160475499556,False
ultimate_run,all_xgboost_sequence_ctcf_rrbs_heldout_hela,all,DeepCRISPR,xgboost,xgboost,hela,42,3707,655,8101,-0.008217284791924628,0.054108101473871746,0.04840820160799452,0.18283221875365543,0.1442094548314373,0.033427620214384515,0.013751847482514679,-0.008217284791924628,False
ultimate_run,all_xgboost_sequence_ctcf_rrbs_heldout_hl60,all,DeepCRISPR,xgboost,xgboost,hl60,42,12313,2186,2076,-0.012035871423166755,0.1840900574545297,0.17176037504440403,0.11416194583743704,0.09022891787123043,0.013032949877389908,0.09490595622120745,-0.012035871423166755,False
ultimate_run,all_xgboost_sequence_dnase_h3k4me3_heldout_hct116,all,DeepCRISPR,xgboost,xgboost,hct116,42,7003,1240,4239,0.09262464792114311,0.3298216465321249,0.32874546460072135,0.16357654769027696,0.13198895554517737,0.026757286954269457,0.044310699777505236,0.09262464792114311,False
ultimate_run,all_xgboost_sequence_dnase_h3k4me3_heldout_hek293t,all,DeepCRISPR,xgboost,xgboost,hek293t,42,12270,2144,2333,-0.4667874103841432,-0.19739895017569842,-0.15672757409428692,0.1450882937141524,0.11445068428751945,0.021050612972884155,0.14251917640464495,-0.4667874103841432,False
ultimate_run,all_xgboost_sequence_dnase_h3k4me3_heldout_hela,all,DeepCRISPR,xgboost,xgboost,hela,42,3707,655,8101,0.002270001993739945,0.12927833853458978,0.1273202904581444,0.1818788398601132,0.14294567467880587,0.0330799123888607,0.015182644688596425,0.002270001993739945,False
ultimate_run,all_xgboost_sequence_dnase_h3k4me3_heldout_hl60,all,DeepCRISPR,xgboost,xgboost,hl60,42,12313,2186,2076,-0.010200296477362869,0.2260696680748305,0.22159360239336767,0.11405836852433612,0.09084692107592503,0.013009311430433268,0.09159417614796961,-0.010200296477362869,False
ultimate_run,all_xgboost_sequence_dnase_h3k4me3_rrbs_heldout_hct116,all,DeepCRISPR,xgboost,xgboost,hct116,42,7003,1240,4239,0.09307457823371967,0.3279702566550976,0.3276452589783253,0.1635359872028824,0.13196510245603105,0.026744019110421312,0.04602118349272355,0.09307457823371967,False
ultimate_run,all_xgboost_sequence_dnase_h3k4me3_rrbs_heldout_hek293t,all,DeepCRISPR,xgboost,xgboost,hek293t,42,12270,2144,2333,-0.3604500537034323,-0.1931552147986835,-0.1550744389155006,0.13973013784863844,0.11164280551693698,0.0195245114231995,0.13053133680626172,-0.3604500537034323,False
ultimate_run,all_xgboost_sequence_dnase_h3k4me3_rrbs_heldout_hela,all,DeepCRISPR,xgboost,xgboost,hela,42,3707,655,8101,-0.0046800350451743356,0.09946290103330599,0.10440022489266898,0.18251121083667174,0.1434186155503216,0.03331034208106804,0.01233305155539488,-0.0046800350451743356,False
ultimate_run,all_xgboost_sequence_dnase_h3k4me3_rrbs_heldout_hl60,all,DeepCRISPR,xgboost,xgboost,hl60,42,12313,2186,2076,-0.01077904468504709,0.22619363751677335,0.21635951679861448,0.11409103611747733,0.09106868723055675,0.013016764522359515,0.08685136495941737,-0.01077904468504709,False
ultimate_run,all_xgboost_sequence_dnase_heldout_hct116,all,DeepCRISPR,xgboost,xgboost,hct116,42,7003,1240,4239,0.10258911557815398,0.3351868376226632,0.33257989185320513,0.16267589899788504,0.13133198005262706,0.026463448114770093,0.04567822113752218,0.10258911557815398,False
ultimate_run,all_xgboost_sequence_dnase_heldout_hek293t,all,DeepCRISPR,xgboost,xgboost,hek293t,42,12270,2144,2333,-0.44953496723220354,-0.19272285706051182,-0.15473123057055393,0.14423250111107744,0.11409786935501276,0.020803014376756954,0.13742697241343438,-0.44953496723220354,False
ultimate_run,all_xgboost_sequence_dnase_heldout_hela,all,DeepCRISPR,xgboost,xgboost,hela,42,3707,655,8101,-0.0006587516239071611,0.11455421801004376,0.11342394735818097,0.18214558936936007,0.14300384206510514,0.033177015726711535,0.016910486852786177,-0.0006587516239071611,False
ultimate_run,all_xgboost_sequence_dnase_heldout_hl60,all,DeepCRISPR,xgboost,xgboost,hl60,42,12313,2186,2076,-0.019219196732475963,0.21517547171291637,0.20779432916326543,0.11456638424727073,0.09143091170189037,0.013125456399493281,0.08988686435644766,-0.019219196732475963,False
ultimate_run,all_xgboost_sequence_dnase_rrbs_heldout_hct116,all,DeepCRISPR,xgboost,xgboost,hct116,42,7003,1240,4239,0.10342339924996224,0.33148689196311565,0.3303349230265464,0.16260026507918907,0.13113671465632598,0.026438846203822555,0.04684703914447452,0.10342339924996224,False
ultimate_run,all_xgboost_sequence_dnase_rrbs_heldout_hek293t,all,DeepCRISPR,xgboost,xgboost,hek293t,42,12270,2144,2333,-0.43514216761592417,-0.19537572653643595,-0.15327415035726732,0.1435146542380228,0.11369077595444999,0.02059645598105923,0.13433782865224808,-0.43514216761592417,False
ultimate_run,all_xgboost_sequence_dnase_rrbs_heldout_hela,all,DeepCRISPR,xgboost,xgboost,hela,42,3707,655,8101,-0.007136542240458121,0.08563909777355229,0.08607066931809028,0.18273420042860955,0.14349441955626982,0.03339178800628325,0.011977178582749937,-0.007136542240458121,False
ultimate_run,all_xgboost_sequence_dnase_rrbs_heldout_hl60,all,DeepCRISPR,xgboost,xgboost,hl60,42,12313,2186,2076,-0.017765975952884316,0.21879787730111908,0.2121833489117119,0.11448467972321068,0.09128475411093448,0.013106741891326127,0.09068827856884809,-0.017765975952884316,False
ultimate_run,all_xgboost_sequence_h3k4me3_heldout_hct116,all,DeepCRISPR,xgboost,xgboost,hct116,42,7003,1240,4239,0.10004620966863664,0.3316106676001871,0.3320618004742399,0.16290621539072556,0.1313285265336365,0.02653843501292947,0.04462460775754551,0.10004620966863664,False
ultimate_run,all_xgboost_sequence_h3k4me3_heldout_hek293t,all,DeepCRISPR,xgboost,xgboost,hek293t,42,12270,2144,2333,-0.46694808897260653,-0.19408832397767745,-0.1540912975806416,0.1450962403135249,0.11445400683768972,0.021052918953120163,0.1408947531034903,-0.46694808897260653,False
ultimate_run,all_xgboost_sequence_h3k4me3_heldout_hela,all,DeepCRISPR,xgboost,xgboost,hela,42,3707,655,8101,-0.007043856013625005,0.0931795496515665,0.09246564089925285,0.18272579177072998,0.14357218550490894,0.033388714978240176,0.012580271947409849,-0.007043856013625005,False
ultimate_run,all_xgboost_sequence_h3k4me3_heldout_hl60,all,DeepCRISPR,xgboost,xgboost,hl60,42,12313,2186,2076,-0.010978637995303853,0.22029840500156178,0.21397496169596045,0.11410230004486197,0.09091560770569078,0.013019334875527708,0.08831191251025938,-0.010978637995303853,False
ultimate_run,all_xgboost_sequence_h3k4me3_rrbs_heldout_hct116,all,DeepCRISPR,xgboost,xgboost,hct116,42,7003,1240,4239,0.09321958518932882,0.32842256867559183,0.3277659853045805,0.16352291291747992,0.13193795125375296,0.026739743049017717,0.0462411333180599,0.09321958518932882,False
ultimate_run,all_xgboost_sequence_h3k4me3_rrbs_heldout_hek293t,all,DeepCRISPR,xgboost,xgboost,hek293t,42,12270,2144,2333,-0.4428235793720381,-0.19580592834338892,-0.15391371526518605,0.14389821344383597,0.11387591934381663,0.02070669583232777,0.13481369872131044,-0.4428235793720381,False
ultimate_run,all_xgboost_sequence_h3k4me3_rrbs_heldout_hela,all,DeepCRISPR,xgboost,xgboost,hela,42,3707,655,8101,-0.004665718976508693,0.09808048910626133,0.10397925416988602,0.18250991049614373,0.14342049712312774,0.03330986742931039,0.013435949901065447,-0.004665718976508693,False
ultimate_run,all_xgboost_sequence_h3k4me3_rrbs_heldout_hl60,all,DeepCRISPR,xgboost,xgboost,hl60,42,12313,2186,2076,-0.005804029164531599,0.22302410173110088,0.21511963808729825,0.1138099139302669,0.09073177691071738,0.01295269650881476,0.0869391333740186,-0.005804029164531599,False
ultimate_run,all_xgboost_sequence_heldout_hct116,all,DeepCRISPR,xgboost,xgboost,hct116,42,7003,1240,4239,0.10226866842819238,0.33471910047963216,0.33163972291238597,0.16270494053080112,0.13134511343131286,0.026472897673131532,0.04573185911247113,0.10226866842819238,False
ultimate_run,all_xgboost_sequence_heldout_hek293t,all,DeepCRISPR,xgboost,xgboost,hek293t,42,12270,2144,2333,-0.4586661654382509,-0.19187023070001077,-0.15198952955189493,0.1446860769098345,0.11441843708728804,0.020934060851558547,0.1399945716597173,-0.4586661654382509,False
ultimate_run,all_xgboost_sequence_heldout_hela,all,DeepCRISPR,xgboost,xgboost,hela,42,3707,655,8101,0.0017708616812232014,0.11821408204363422,0.11202935695987097,0.18192432897532634,0.14308393919105936,0.033096461473122764,0.013848672296690845,0.0017708616812232014,False
ultimate_run,all_xgboost_sequence_heldout_hl60,all,DeepCRISPR,xgboost,xgboost,hl60,42,12313,2186,2076,-0.016126636666379257,0.21526419849429484,0.2098973102781539,0.11439244099969256,0.09115914790577082,0.013085630557868143,0.08522447910480069,-0.016126636666379257,False
ultimate_run,all_xgboost_sequence_rrbs_heldout_hct116,all,DeepCRISPR,xgboost,xgboost,hct116,42,7003,1240,4239,0.09231454411628326,0.3282842340667745,0.3273912383837459,0.16360449719124992,0.1320871778797102,0.026766431501201702,0.046195166195797,0.09231454411628326,False
ultimate_run,all_xgboost_sequence_rrbs_heldout_hek293t,all,DeepCRISPR,xgboost,xgboost,hek293t,42,12270,2144,2333,-0.43719896551574644,-0.19248617872869647,-0.14997419700336753,0.14361745762609296,0.11353025514994933,0.02062597413498261,0.13887393298119421,-0.43719896551574644,False
ultimate_run,all_xgboost_sequence_rrbs_heldout_hela,all,DeepCRISPR,xgboost,xgboost,hela,42,3707,655,8101,-0.007245353365812335,0.08471181397075576,0.08531864033883982,0.18274407147197375,0.1434959003833059,0.033395395658153845,0.011031261645026325,-0.007245353365812335,False
ultimate_run,all_xgboost_sequence_rrbs_heldout_hl60,all,DeepCRISPR,xgboost,xgboost,hl60,42,12313,2186,2076,-0.023770204079621715,0.21555375086516332,0.2080570863969329,0.11482187969164702,0.09167871034662876,0.013184064055923062,0.08904666112054771,-0.023770204079621715,False
ultimate_run,mixed_cnn_all_seed_42_kernel_3,mixed,DeepCRISPR,cnn_dual_branch,cnn_k3,None,42,11738,2485,2526,0.04813474933068007,0.2214331400078242,0.22297532744035273,0.15912804903659616,0.12541911615512413,0.025321735990193352,0.0666312019775348,0.04813474933068007,False
ultimate_run,mixed_cnn_all_seed_42_kernel_5,mixed,DeepCRISPR,cnn_dual_branch,cnn_k5,None,42,11738,2485,2526,0.08534477073652369,0.30035730702990765,0.28760440959542843,0.15598675114833352,0.1208629569413135,0.024331866533812127,0.09985398776238574,0.08534477073652369,False
ultimate_run,mixed_cnn_all_seed_42_kernel_7,mixed,DeepCRISPR,cnn_dual_branch,cnn_k7,None,42,11738,2485,2526,0.0919122911911866,0.3082412851272909,0.2900046035352818,0.1554257245769591,0.12328788248933577,0.02415715586027275,0.10237141086920454,0.0919122911911866,False
ultimate_run,mixed_cnn_all_seed_43_kernel_3,mixed,DeepCRISPR,cnn_dual_branch,cnn_k3,None,43,11736,2514,2499,0.026190353060549287,0.19835036595093156,0.2119477282715983,0.16462193443971646,0.1280250387862703,0.0271003812986743,0.056605979731023215,0.026190353060549287,False
ultimate_run,mixed_cnn_all_seed_43_kernel_5,mixed,DeepCRISPR,cnn_dual_branch,cnn_k5,None,43,11736,2514,2499,0.062311653263249056,0.27970484582259525,0.2605332155831447,0.16153994244858869,0.12516843496453148,0.026095153006293344,0.08642230195155975,0.062311653263249056,False
ultimate_run,mixed_cnn_all_seed_43_kernel_7,mixed,DeepCRISPR,cnn_dual_branch,cnn_k7,None,43,11736,2514,2499,0.0876765059504544,0.3001183439662228,0.29099941773972465,0.15934010311731184,0.12442045826883688,0.025389268461435566,0.08808358248475501,0.0876765059504544,False
ultimate_run,mixed_cnn_all_seed_44_kernel_3,mixed,DeepCRISPR,cnn_dual_branch,cnn_k3,None,44,11709,2537,2503,0.0383312323788777,0.20360677261553894,0.18608572404970755,0.1665414734593438,0.1316619028612269,0.027736062382009322,0.053431704928570745,0.0383312323788777,False
ultimate_run,mixed_cnn_all_seed_44_kernel_5,mixed,DeepCRISPR,cnn_dual_branch,cnn_k5,None,44,11709,2537,2503,0.07595841475963072,0.28849505022752026,0.2759292685117176,0.16325083270050758,0.1293424287114383,0.026650834377409116,0.0774601165260167,0.07595841475963072,False
ultimate_run,mixed_cnn_all_seed_44_kernel_7,mixed,DeepCRISPR,cnn_dual_branch,cnn_k7,None,44,11709,2537,2503,0.08191165510430243,0.28779733896379,0.27219311980868127,0.16272410215649422,0.12788406179907547,0.026479133422637167,0.0774149219481316,0.08191165510430243,False
ultimate_run,mixed_cnn_all_seed_45_kernel_3,mixed,DeepCRISPR,cnn_dual_branch,cnn_k3,None,45,11694,2554,2501,0.04978841902516562,0.22740702734038207,0.22592327365666126,0.1582176850468912,0.12695214698121965,0.02503283586159726,0.043592632720846236,0.04978841902516562,False
ultimate_run,mixed_cnn_all_seed_45_kernel_5,mixed,DeepCRISPR,cnn_dual_branch,cnn_k5,None,45,11694,2554,2501,0.0758380844043981,0.28809057117459463,0.2620640625839502,0.1560338771294899,0.12225475254345641,0.02434657081206075,0.06892617506983789,0.0758380844043981,False
ultimate_run,mixed_cnn_all_seed_45_kernel_7,mixed,DeepCRISPR,cnn_dual_branch,cnn_k7,None,45,11694,2554,2501,0.07589258869631788,0.29019014810059973,0.27966181457193573,0.1560292758571147,0.12129185682129408,0.024345134924495603,0.06675545469603605,0.07589258869631788,False
ultimate_run,mixed_cnn_sequence_ctcf_dnase_h3k4me3_seed_42_kernel_3,mixed,DeepCRISPR,cnn_dual_branch,cnn_k3,None,42,11738,2485,2526,0.041561288997134516,0.22152216885450068,0.218783527370246,0.1596765627064359,0.12692906390313088,0.025496604677742358,0.06737836542044617,0.041561288997134516,False
ultimate_run,mixed_cnn_sequence_ctcf_dnase_h3k4me3_seed_42_kernel_5,mixed,DeepCRISPR,cnn_dual_branch,cnn_k5,None,42,11738,2485,2526,0.061092523747447225,0.2836729631493,0.27609831451729255,0.1580412298316034,0.1265999378323619,0.024977030326685686,0.08881174318974361,0.061092523747447225,False
ultimate_run,mixed_cnn_sequence_ctcf_dnase_h3k4me3_seed_42_kernel_7,mixed,DeepCRISPR,cnn_dual_branch,cnn_k7,None,42,11738,2485,2526,0.09014492012128184,0.30810206257503575,0.29136631745968744,0.15557690017361275,0.12180250567070075,0.024204171867630266,0.08437800690900576,0.09014492012128184,False
ultimate_run,mixed_cnn_sequence_ctcf_dnase_h3k4me3_seed_43_kernel_3,mixed,DeepCRISPR,cnn_dual_branch,cnn_k3,None,43,11736,2514,2499,0.044664252598327736,0.217074329356773,0.21722929599448687,0.16305295684284918,0.128249958904922,0.026586266735196033,0.06368097771647374,0.044664252598327736,False
ultimate_run,mixed_cnn_sequence_ctcf_dnase_h3k4me3_seed_43_kernel_5,mixed,DeepCRISPR,cnn_dual_branch,cnn_k5,None,43,11736,2514,2499,0.07611485177644195,0.28319029845248445,0.27370888547436856,0.1603465637218801,0.1276706870204919,0.02571102049741496,0.08485326982782537,0.07611485177644195,False
ultimate_run,mixed_cnn_sequence_ctcf_dnase_h3k4me3_seed_43_kernel_7,mixed,DeepCRISPR,cnn_dual_branch,cnn_k7,None,43,11736,2514,2499,0.0911056217783619,0.3061224589174644,0.29963437001025717,0.15904036839078656,0.12490356091512687,0.0252938387778771,0.08635837038869332,0.0911056217783619,False
ultimate_run,mixed_cnn_sequence_ctcf_dnase_h3k4me3_seed_44_kernel_3,mixed,DeepCRISPR,cnn_dual_branch,cnn_k3,None,44,11709,2537,2503,0.03988830230082896,0.20545537155228236,0.1773636278691712,0.16640659241715805,0.13241786654083088,0.027691153999890163,0.049714110145039236,0.03988830230082896,False
ultimate_run,mixed_cnn_sequence_ctcf_dnase_h3k4me3_seed_44_kernel_5,mixed,DeepCRISPR,cnn_dual_branch,cnn_k5,None,44,11709,2537,2503,0.07083457706935492,0.28050405591999694,0.27670968873076796,0.163702822320333,0.12926229392187658,0.026798614035642515,0.07046146928522867,0.07083457706935492,False
ultimate_run,mixed_cnn_sequence_ctcf_dnase_h3k4me3_seed_44_kernel_7,mixed,DeepCRISPR,cnn_dual_branch,cnn_k7,None,44,11709,2537,2503,0.07527854264045042,0.2918315339625193,0.28124932140289305,0.16331087831070715,0.1281950180282979,0.0266704429746146,0.08031769760685392,0.07527854264045042,False
ultimate_run,mixed_cnn_sequence_ctcf_dnase_h3k4me3_seed_45_kernel_3,mixed,DeepCRISPR,cnn_dual_branch,cnn_k3,None,45,11694,2554,2501,0.05582623486393301,0.24102452407316655,0.23771358783444063,0.15771421212333658,0.12359424947716965,0.024873772705684808,0.04572099721225198,0.05582623486393301,False
ultimate_run,mixed_cnn_sequence_ctcf_dnase_h3k4me3_seed_45_kernel_5,mixed,DeepCRISPR,cnn_dual_branch,cnn_k5,None,45,11694,2554,2501,0.07417915107526762,0.27489557262024145,0.2734305834685113,0.15617386003496553,0.12294095868448365,0.024390274558221004,0.06786758193424147,0.07417915107526762,False
ultimate_run,mixed_cnn_sequence_ctcf_dnase_h3k4me3_seed_45_kernel_7,mixed,DeepCRISPR,cnn_dual_branch,cnn_k7,None,45,11694,2554,2501,0.06806807752667143,0.27648811337032303,0.2613943882270977,0.15668844134414478,0.122029166741896,0.0245512676508575,0.0634264016841356,0.06806807752667143,False
ultimate_run,mixed_cnn_sequence_ctcf_dnase_rrbs_seed_42_kernel_3,mixed,DeepCRISPR,cnn_dual_branch,cnn_k3,None,42,11738,2485,2526,0.046798591282545265,0.2325528037824033,0.2150584371747216,0.15923969596374363,0.12800785370761858,0.02535728077062551,0.06355734363488397,0.046798591282545265,False
ultimate_run,mixed_cnn_sequence_ctcf_dnase_rrbs_seed_42_kernel_5,mixed,DeepCRISPR,cnn_dual_branch,cnn_k5,None,42,11738,2485,2526,0.08265842425176517,0.29467340495643723,0.2916401258684757,0.15621565009391206,0.12317804809486571,0.024403329334263566,0.09917369073752458,0.08265842425176517,False
ultimate_run,mixed_cnn_sequence_ctcf_dnase_rrbs_seed_42_kernel_7,mixed,DeepCRISPR,cnn_dual_branch,cnn_k7,None,42,11738,2485,2526,0.09528138489960403,0.31618319579247156,0.2997229963894582,0.1551371343773696,0.12044219015678788,0.024067530462822027,0.08582353845195878,0.09528138489960403,False
ultimate_run,mixed_cnn_sequence_ctcf_dnase_rrbs_seed_43_kernel_3,mixed,DeepCRISPR,cnn_dual_branch,cnn_k3,None,43,11736,2514,2499,0.04116492611567246,0.21815340139956485,0.22308062223024322,0.16335130953817953,0.12755965899913016,0.026683650327838142,0.06271864198222732,0.04116492611567246,False
ultimate_run,mixed_cnn_sequence_ctcf_dnase_rrbs_seed_43_kernel_5,mixed,DeepCRISPR,cnn_dual_branch,cnn_k5,None,43,11736,2514,2499,0.07264972296842387,0.282836619711733,0.26982930702299945,0.16064698065883495,0.1276837497516688,0.02580745239480009,0.0851006462905366,0.07264972296842387,False
ultimate_run,mixed_cnn_sequence_ctcf_dnase_rrbs_seed_43_kernel_7,mixed,DeepCRISPR,cnn_dual_branch,cnn_k7,None,43,11736,2514,2499,0.08345911272414352,0.29091765327750735,0.2837080071616504,0.15970796882130295,0.12558448340509645,0.02550663530502628,0.08388624795627209,0.08345911272414352,False
ultimate_run,mixed_cnn_sequence_ctcf_dnase_rrbs_seed_44_kernel_3,mixed,DeepCRISPR,cnn_dual_branch,cnn_k3,None,44,11709,2537,2503,0.03932326050788382,0.20927893059596658,0.17267074401936436,0.16645555174635043,0.1319446344337122,0.027707450707181943,0.04531321283684231,0.03932326050788382,False
ultimate_run,mixed_cnn_sequence_ctcf_dnase_rrbs_seed_44_kernel_5,mixed,DeepCRISPR,cnn_dual_branch,cnn_k5,None,44,11709,2537,2503,0.06063625720903465,0.25885466685664565,0.24981033547133763,0.16459875412687364,0.12799332828733131,0.027092749860119003,0.06933879117414155,0.06063625720903465,False
ultimate_run,mixed_cnn_sequence_ctcf_dnase_rrbs_seed_44_kernel_7,mixed,DeepCRISPR,cnn_dual_branch,cnn_k7,None,44,11709,2537,2503,0.07903698280353266,0.28607187263114,0.26283015268640963,0.16297865983209742,0.12856332245690258,0.02656204356066652,0.07475287667416564,0.07903698280353266,False
ultimate_run,mixed_cnn_sequence_ctcf_dnase_rrbs_seed_45_kernel_3,mixed,DeepCRISPR,cnn_dual_branch,cnn_k3,None,45,11694,2554,2501,0.03676592369673426,0.20547195343310617,0.19904762066232112,0.1592981695117244,0.12448798644954379,0.025375906809786086,0.04404048272658445,0.03676592369673426,False
ultimate_run,mixed_cnn_sequence_ctcf_dnase_rrbs_seed_45_kernel_5,mixed,DeepCRISPR,cnn_dual_branch,cnn_k5,None,45,11694,2554,2501,0.06769886089594146,0.27073299915425686,0.26288805095553247,0.1567194770067927,0.12452393935878155,0.024560994473282624,0.06007766317173957,0.06769886089594146,False
ultimate_run,mixed_cnn_sequence_ctcf_dnase_rrbs_seed_45_kernel_7,mixed,DeepCRISPR,cnn_dual_branch,cnn_k7,None,45,11694,2554,2501,0.05968476093633057,0.2776615806362995,0.2613124871594387,0.1573916192778425,0.12087502913565462,0.02477212181890133,0.06499859197059843,0.05968476093633057,False
ultimate_run,mixed_cnn_sequence_ctcf_dnase_seed_42_kernel_3,mixed,DeepCRISPR,cnn_dual_branch,cnn_k3,None,42,11738,2485,2526,0.05529203008298744,0.23520629244127758,0.2264305679184132,0.15852866106486613,0.12449314664274456,0.025131336379019206,0.07281788954784785,0.05529203008298744,False
ultimate_run,mixed_cnn_sequence_ctcf_dnase_seed_42_kernel_5,mixed,DeepCRISPR,cnn_dual_branch,cnn_k5,None,42,11738,2485,2526,0.06293133239174753,0.2794962163667858,0.2681112684695759,0.1578863956163382,0.12492930843276703,0.024928113920718857,0.10421396551072781,0.06293133239174753,False
ultimate_run,mixed_cnn_sequence_ctcf_dnase_seed_42_kernel_7,mixed,DeepCRISPR,cnn_dual_branch,cnn_k7,None,42,11738,2485,2526,0.06707784389043214,0.26233715833062826,0.24133963913641637,0.15753668613473545,0.12442402000258936,0.024817807478314153,0.09678556532719518,0.06707784389043214,False
ultimate_run,mixed_cnn_sequence_ctcf_dnase_seed_43_kernel_3,mixed,DeepCRISPR,cnn_dual_branch,cnn_k3,None,43,11736,2514,2499,0.04035345498839993,0.20666382964221447,0.2063052140038549,0.16342041779316271,0.1299911380287589,0.026706232951691854,0.06117018800259,0.04035345498839993,False
ultimate_run,mixed_cnn_sequence_ctcf_dnase_seed_43_kernel_5,mixed,DeepCRISPR,cnn_dual_branch,cnn_k5,None,43,11736,2514,2499,0.07638474849359989,0.27998204662413967,0.29300256068715286,0.16032314080380716,0.1252243264057046,0.025703509477197378,0.09423286581437373,0.07638474849359989,False
ultimate_run,mixed_cnn_sequence_ctcf_dnase_seed_43_kernel_7,mixed,DeepCRISPR,cnn_dual_branch,cnn_k7,None,43,11736,2514,2499,0.08107393196962553,0.3000753031723113,0.30616908400518317,0.1599156436063748,0.12371402846128192,0.025573013070041083,0.09282432965852605,0.08107393196962553,False
ultimate_run,mixed_cnn_sequence_ctcf_dnase_seed_44_kernel_3,mixed,DeepCRISPR,cnn_dual_branch,cnn_k3,None,44,11709,2537,2503,0.03962326295168894,0.21094245517283036,0.19620846759687313,0.16642955914682034,0.13082482435048828,0.02769879815780497,0.05123389856975691,0.03962326295168894,False
ultimate_run,mixed_cnn_sequence_ctcf_dnase_seed_44_kernel_5,mixed,DeepCRISPR,cnn_dual_branch,cnn_k5,None,44,11709,2537,2503,0.06323928040739601,0.27982523768554884,0.27165545541061714,0.164370540291866,0.12699331706884653,0.02701767451583995,0.07329929044385197,0.06323928040739601,False
ultimate_run,mixed_cnn_sequence_ctcf_dnase_seed_44_kernel_7,mixed,DeepCRISPR,cnn_dual_branch,cnn_k7,None,44,11709,2537,2503,0.07295151849904025,0.2850607722036126,0.2628567604339786,0.16351623181051614,0.12691055269762308,0.02673755806551045,0.08065924423533688,0.07295151849904025,False
ultimate_run,mixed_cnn_sequence_ctcf_dnase_seed_45_kernel_3,mixed,DeepCRISPR,cnn_dual_branch,cnn_k3,None,45,11694,2554,2501,0.046309646086675205,0.22117065472252392,0.21045420615868377,0.15850704194827842,0.12489057246804433,0.025124482347193295,0.04555847672832769,0.046309646086675205,False
ultimate_run,mixed_cnn_sequence_ctcf_dnase_seed_45_kernel_5,mixed,DeepCRISPR,cnn_dual_branch,cnn_k5,None,45,11694,2554,2501,0.06946400666477093,0.2828112285755482,0.26170868110397894,0.15657104654109183,0.1223030176845931,0.02451449261497274,0.06419553530139788,0.06946400666477093,False
ultimate_run,mixed_cnn_sequence_ctcf_dnase_seed_45_kernel_7,mixed,DeepCRISPR,cnn_dual_branch,cnn_k7,None,45,11694,2554,2501,0.06049486640731494,0.2912573927743527,0.2657568850346081,0.15732380622943845,0.12026570011693213,0.024750780006517894,0.06050145948693897,0.06049486640731494,False
ultimate_run,mixed_cnn_sequence_ctcf_h3k4me3_rrbs_seed_42_kernel_3,mixed,DeepCRISPR,cnn_dual_branch,cnn_k3,None,42,11738,2485,2526,0.043115631033126545,0.22093519582914303,0.21167203252658418,0.15954703293141684,0.12823638462297968,0.02545525571721861,0.060592389320860085,0.043115631033126545,False
ultimate_run,mixed_cnn_sequence_ctcf_h3k4me3_rrbs_seed_42_kernel_5,mixed,DeepCRISPR,cnn_dual_branch,cnn_k5,None,42,11738,2485,2526,0.0700730628606363,0.2960553874605092,0.2888553760342535,0.15728359094871466,0.12567551721487058,0.024738127981722598,0.09402834665903825,0.0700730628606363,False
ultimate_run,mixed_cnn_sequence_ctcf_h3k4me3_rrbs_seed_42_kernel_7,mixed,DeepCRISPR,cnn_dual_branch,cnn_k7,None,42,11738,2485,2526,0.08296698363712396,0.30269505671850494,0.3002222492298705,0.1561893753341859,0.11937402643759741,0.0243951209672832,0.09407597671409906,0.08296698363712396,False
ultimate_run,mixed_cnn_sequence_ctcf_h3k4me3_rrbs_seed_43_kernel_3,mixed,DeepCRISPR,cnn_dual_branch,cnn_k3,None,43,11736,2514,2499,0.04081578457673296,0.21637870933201364,0.20908379167972532,0.16338104746613644,0.12829624269868625,0.02669336667113193,0.06071358613202671,0.04081578457673296,False
ultimate_run,mixed_cnn_sequence_ctcf_h3k4me3_rrbs_seed_43_kernel_5,mixed,DeepCRISPR,cnn_dual_branch,cnn_k5,None,43,11736,2514,2499,0.08592366224334425,0.2946638324834136,0.2823309639309013,0.15949309943599022,0.12635105230763802,0.025438048767698663,0.08951510773064775,0.08592366224334425,False
ultimate_run,mixed_cnn_sequence_ctcf_h3k4me3_rrbs_seed_43_kernel_7,mixed,DeepCRISPR,cnn_dual_branch,cnn_k7,None,43,11736,2514,2499,0.09697858240315538,0.3124256549091439,0.29696141142000987,0.15852570376331557,0.12609654080240382,0.02513039875365448,0.08285592112861961,0.09697858240315538,False
ultimate_run,mixed_cnn_sequence_ctcf_h3k4me3_rrbs_seed_44_kernel_3,mixed,DeepCRISPR,cnn_dual_branch,cnn_k3,None,44,11709,2537,2503,0.040321744789353686,0.20743216489468,0.1724255154308959,0.1663690260433458,0.13147482497389143,0.027678652826611475,0.047444141568964704,0.040321744789353686,False
ultimate_run,mixed_cnn_sequence_ctcf_h3k4me3_rrbs_seed_44_kernel_5,mixed,DeepCRISPR,cnn_dual_branch,cnn_k5,None,44,11709,2537,2503,0.06130687827215686,0.2585903515853813,0.2613405976384355,0.1645399892978537,0.12938326369759695,0.027073408078137812,0.07602676395559205,0.06130687827215686,False
ultimate_run,mixed_cnn_sequence_ctcf_h3k4me3_rrbs_seed_44_kernel_7,mixed,DeepCRISPR,cnn_dual_branch,cnn_k7,None,44,11709,2537,2503,0.07569429997803168,0.29782598946687183,0.2896476080171813,0.16327416167085393,0.1261746522260192,0.026658451869320143,0.07554795023743421,0.07569429997803168,False
ultimate_run,mixed_cnn_sequence_ctcf_h3k4me3_rrbs_seed_45_kernel_3,mixed,DeepCRISPR,cnn_dual_branch,cnn_k3,None,45,11694,2554,2501,0.039661081443856605,0.2123240034833182,0.2047041405109858,0.15905859098625444,0.12412033481225025,0.02529963536653258,0.04241959337927703,0.039661081443856605,False
ultimate_run,mixed_cnn_sequence_ctcf_h3k4me3_rrbs_seed_45_kernel_5,mixed,DeepCRISPR,cnn_dual_branch,cnn_k5,None,45,11694,2554,2501,0.07314821046624687,0.27276470139089254,0.2712193594408061,0.15626078893582407,0.12253561557580314,0.024417434158846157,0.06701480386535108,0.07314821046624687,False
ultimate_run,mixed_cnn_sequence_ctcf_h3k4me3_rrbs_seed_45_kernel_7,mixed,DeepCRISPR,cnn_dual_branch,cnn_k7,None,45,11694,2554,2501,0.0579743470900731,0.26649225565522067,0.25285447509178044,0.15753470028166333,0.12152765075240365,0.024817181792833494,0.06703483366875984,0.0579743470900731,False
ultimate_run,mixed_cnn_sequence_ctcf_h3k4me3_seed_42_kernel_3,mixed,DeepCRISPR,cnn_dual_branch,cnn_k3,None,42,11738,2485,2526,0.055946116831320225,0.23670093400879305,0.23246855441973402,0.15847377137717802,0.12456630706734893,0.025113936214506086,0.07140800558626115,0.055946116831320225,False
ultimate_run,mixed_cnn_sequence_ctcf_h3k4me3_seed_42_kernel_5,mixed,DeepCRISPR,cnn_dual_branch,cnn_k5,None,42,11738,2485,2526,0.05174154899428496,0.2708824617756063,0.253923176686092,0.15882627957877124,0.12547347158566108,0.025225787084834004,0.09490393860894297,0.05174154899428496,False
ultimate_run,mixed_cnn_sequence_ctcf_h3k4me3_seed_42_kernel_7,mixed,DeepCRISPR,cnn_dual_branch,cnn_k7,None,42,11738,2485,2526,0.06554026397391965,0.2595928965393944,0.23038858637671963,0.15766645340439853,0.12491911144310087,0.024858710529121374,0.09635813875976096,0.06554026397391965,False
ultimate_run,mixed_cnn_sequence_ctcf_h3k4me3_seed_43_kernel_3,mixed,DeepCRISPR,cnn_dual_branch,cnn_k3,None,43,11736,2514,2499,0.041808158792278616,0.21156552058567443,0.20604832729675876,0.16329650838893833,0.12984991128072973,0.02666574965201861,0.05918366768008598,0.041808158792278616,False
ultimate_run,mixed_cnn_sequence_ctcf_h3k4me3_seed_43_kernel_5,mixed,DeepCRISPR,cnn_dual_branch,cnn_k5,None,43,11736,2514,2499,0.07336510533129958,0.2774131553465352,0.28361124844234037,0.16058500505378911,0.12507752238976572,0.02578754384812548,0.0911074492516395,0.07336510533129958,False
ultimate_run,mixed_cnn_sequence_ctcf_h3k4me3_seed_43_kernel_7,mixed,DeepCRISPR,cnn_dual_branch,cnn_k7,None,43,11736,2514,2499,0.08870591862502364,0.30593804958676774,0.3041301862945784,0.15925018270067365,0.12384533455403725,0.025360620690197937,0.09610057173842834,0.08870591862502364,False
ultimate_run,mixed_cnn_sequence_ctcf_h3k4me3_seed_44_kernel_3,mixed,DeepCRISPR,cnn_dual_branch,cnn_k3,None,44,11709,2537,2503,0.04475563323782328,0.215693442531036,0.19763448045924378,0.16598425348775203,0.13098468300761804,0.027550772405886326,0.04929428036291594,0.04475563323782328,False
ultimate_run,mixed_cnn_sequence_ctcf_h3k4me3_seed_44_kernel_5,mixed,DeepCRISPR,cnn_dual_branch,cnn_k5,None,44,11709,2537,2503,0.06361608931088969,0.2764807510472297,0.2613227310755194,0.16433747821345698,0.12734426196613968,0.02700680674555845,0.07524092037955499,0.06361608931088969,False
ultimate_run,mixed_cnn_sequence_ctcf_h3k4me3_seed_44_kernel_7,mixed,DeepCRISPR,cnn_dual_branch,cnn_k7,None,44,11709,2537,2503,0.09346233620088085,0.3095342703765937,0.28621190144390674,0.1616972273767115,0.12720935639586334,0.026145993341315933,0.08739092527088343,0.09346233620088085,False
ultimate_run,mixed_cnn_sequence_ctcf_h3k4me3_seed_45_kernel_3,mixed,DeepCRISPR,cnn_dual_branch,cnn_k3,None,45,11694,2554,2501,0.04104233991981121,0.20275780499184862,0.19769895271759136,0.1589441625908417,0.12633140698571585,0.025263246821703923,0.04489132822625863,0.04104233991981121,False
ultimate_run,mixed_cnn_sequence_ctcf_h3k4me3_seed_45_kernel_5,mixed,DeepCRISPR,cnn_dual_branch,cnn_k5,None,45,11694,2554,2501,0.07021380269178745,0.27044312726652536,0.2529167478497934,0.1565079538678541,0.12401099706832293,0.024494739623902344,0.053545929822818805,0.07021380269178745,False
ultimate_run,mixed_cnn_sequence_ctcf_h3k4me3_seed_45_kernel_7,mixed,DeepCRISPR,cnn_dual_branch,cnn_k7,None,45,11694,2554,2501,0.06223650038477235,0.29433351516641515,0.2631025417641358,0.1571779168785197,0.12020770102610025,0.024704897554270844,0.05912740243215009,0.06223650038477235,False
ultimate_run,mixed_cnn_sequence_ctcf_rrbs_seed_42_kernel_3,mixed,DeepCRISPR,cnn_dual_branch,cnn_k3,None,42,11738,2485,2526,0.053356262561529255,0.2321121180863066,0.22803802378212917,0.1586909956711428,0.12489650736082268,0.025182832107098665,0.06861143993118957,0.053356262561529255,False
ultimate_run,mixed_cnn_sequence_ctcf_rrbs_seed_42_kernel_5,mixed,DeepCRISPR,cnn_dual_branch,cnn_k5,None,42,11738,2485,2526,0.07048081817660445,0.28693076149669966,0.2790790965677837,0.15724910423282115,0.12324091600545585,0.02472728078202465,0.09981258386031222,0.07048081817660445,False
ultimate_run,mixed_cnn_sequence_ctcf_rrbs_seed_42_kernel_7,mixed,DeepCRISPR,cnn_dual_branch,cnn_k7,None,42,11738,2485,2526,0.06802729663538387,0.2701076325293439,0.24666858871176559,0.15745650167697112,0.12509850291245603,0.024792549920350012,0.09759267967012597,0.06802729663538387,False
ultimate_run,mixed_cnn_sequence_ctcf_rrbs_seed_43_kernel_3,mixed,DeepCRISPR,cnn_dual_branch,cnn_k3,None,43,11736,2514,2499,0.03959011737645157,0.207570351861431,0.20052919305825506,0.163485400132394,0.1299646297931996,0.026727476056448967,0.06154662978926739,0.03959011737645157,False
ultimate_run,mixed_cnn_sequence_ctcf_rrbs_seed_43_kernel_5,mixed,DeepCRISPR,cnn_dual_branch,cnn_k5,None,43,11736,2514,2499,0.0754363466526502,0.27823040747878,0.28388881863584914,0.1604054325096051,0.12642714533473265,0.025729902778593477,0.08817063709768724,0.0754363466526502,False
ultimate_run,mixed_cnn_sequence_ctcf_rrbs_seed_43_kernel_7,mixed,DeepCRISPR,cnn_dual_branch,cnn_k7,None,43,11736,2514,2499,0.08599323543501469,0.29918354194610747,0.30495766890733067,0.15948702956268038,0.12402363485446022,0.025436112598727283,0.09705385599797234,0.08599323543501469,False
ultimate_run,mixed_cnn_sequence_ctcf_rrbs_seed_44_kernel_3,mixed,DeepCRISPR,cnn_dual_branch,cnn_k3,None,44,11709,2537,2503,0.04293414385130889,0.21172292159225573,0.17630448000896976,0.16614243006366425,0.13295689953846057,0.027603307067459566,0.05052827253770875,0.04293414385130889,False
ultimate_run,mixed_cnn_sequence_ctcf_rrbs_seed_44_kernel_5,mixed,DeepCRISPR,cnn_dual_branch,cnn_k5,None,44,11709,2537,2503,0.06134170582313281,0.27268023559414545,0.2703343237305366,0.16453693687428367,0.12819059934880833,0.027072403595972013,0.07297444771225914,0.06134170582313281,False
ultimate_run,mixed_cnn_sequence_ctcf_rrbs_seed_44_kernel_7,mixed,DeepCRISPR,cnn_dual_branch,cnn_k7,None,44,11709,2537,2503,0.09265628971124973,0.31103391451969703,0.2844321161770369,0.16176909781778143,0.12674219518136404,0.026169241008778932,0.07678137712487965,0.09265628971124973,False
ultimate_run,mixed_cnn_sequence_ctcf_rrbs_seed_45_kernel_3,mixed,DeepCRISPR,cnn_dual_branch,cnn_k3,None,45,11694,2554,2501,0.04998696354619436,0.2287042221290944,0.21556802110400167,0.15820115457292722,0.12539884107274807,0.02502760530820721,0.04379201439854741,0.04998696354619436,False
ultimate_run,mixed_cnn_sequence_ctcf_rrbs_seed_45_kernel_5,mixed,DeepCRISPR,cnn_dual_branch,cnn_k5,None,45,11694,2554,2501,0.06343016623674924,0.2776739460928607,0.2575895723442859,0.15707785025499857,0.12229645638932857,0.02467345104073175,0.061201518305250224,0.06343016623674924,False
ultimate_run,mixed_cnn_sequence_ctcf_rrbs_seed_45_kernel_7,mixed,DeepCRISPR,cnn_dual_branch,cnn_k7,None,45,11694,2554,2501,0.06351680897334955,0.2842426056727406,0.27095493663881304,0.15707058439553512,0.12058313844564156,0.024671168482354917,0.057820225283225946,0.06351680897334955,False
ultimate_run,mixed_cnn_sequence_ctcf_seed_42_kernel_3,mixed,DeepCRISPR,cnn_dual_branch,cnn_k3,None,42,11738,2485,2526,0.030662350961218054,0.21061943714009398,0.19228944097465975,0.1605818816285615,0.1289911987430851,0.025786540707369337,0.06615530003459336,0.030662350961218054,False
ultimate_run,mixed_cnn_sequence_ctcf_seed_42_kernel_5,mixed,DeepCRISPR,cnn_dual_branch,cnn_k5,None,42,11738,2485,2526,0.09015639013248966,0.30474115495962373,0.2858888680808901,0.15557591953699704,0.12155420261338014,0.024203866739782177,0.09508899969982565,0.09015639013248966,False
ultimate_run,mixed_cnn_sequence_ctcf_seed_42_kernel_7,mixed,DeepCRISPR,cnn_dual_branch,cnn_k7,None,42,11738,2485,2526,0.08433526734262264,0.31804051852215476,0.2974523092265176,0.15607280856319536,0.12482095280452161,0.02435872157280383,0.09395419724439458,0.08433526734262264,False
ultimate_run,mixed_cnn_sequence_ctcf_seed_43_kernel_3,mixed,DeepCRISPR,cnn_dual_branch,cnn_k3,None,43,11736,2514,2499,0.04470419352786492,0.22143454968762905,0.22349468105134612,0.1630495483266557,0.1300678074785632,0.02658515520952643,0.061130350135189304,0.04470419352786492,False
ultimate_run,mixed_cnn_sequence_ctcf_seed_43_kernel_5,mixed,DeepCRISPR,cnn_dual_branch,cnn_k5,None,43,11736,2514,2499,0.0674191980819624,0.2733966331076596,0.25261167235579596,0.1610993914370529,0.12574208760259056,0.025953013921388792,0.08341839263494111,0.0674191980819624,False
ultimate_run,mixed_cnn_sequence_ctcf_seed_43_kernel_7,mixed,DeepCRISPR,cnn_dual_branch,cnn_k7,None,43,11736,2514,2499,0.07386359806156007,0.28117033793121776,0.2726374883038383,0.1605418050691153,0.125311841521681,0.02577367117484982,0.08873644793819868,0.07386359806156007,False
ultimate_run,mixed_cnn_sequence_ctcf_seed_44_kernel_3,mixed,DeepCRISPR,cnn_dual_branch,cnn_k3,None,44,11709,2537,2503,0.03545533726476857,0.208792250388522,0.19247923478768855,0.16679031083347548,0.13208690961347347,0.027819007787927372,0.049013798392994135,0.03545533726476857,False
ultimate_run,mixed_cnn_sequence_ctcf_seed_44_kernel_5,mixed,DeepCRISPR,cnn_dual_branch,cnn_k5,None,44,11709,2537,2503,0.0752358553262783,0.2768596631842603,0.2635555555988343,0.1633146476740455,0.1280638681519278,0.02667167414489761,0.07602243957310839,0.0752358553262783,False
ultimate_run,mixed_cnn_sequence_ctcf_seed_44_kernel_7,mixed,DeepCRISPR,cnn_dual_branch,cnn_k7,None,44,11709,2537,2503,0.05663571577960391,0.26960150976783237,0.2734321038073476,0.16494887650741313,0.12736415907649803,0.027208131861057833,0.07905525785102985,0.05663571577960391,False
ultimate_run,mixed_cnn_sequence_ctcf_seed_45_kernel_3,mixed,DeepCRISPR,cnn_dual_branch,cnn_k3,None,45,11694,2554,2501,0.05782714308068693,0.24053230795801567,0.23049958422800348,0.15754700824460038,0.12505025681474938,0.02482105980682418,0.044556566958800725,0.05782714308068693,False
ultimate_run,mixed_cnn_sequence_ctcf_seed_45_kernel_5,mixed,DeepCRISPR,cnn_dual_branch,cnn_k5,None,45,11694,2554,2501,0.05447971142847141,0.25022271467156354,0.24069288922752516,0.157826633283864,0.12277174991592657,0.02490924617371929,0.06143257571109528,0.05447971142847141,False
ultimate_run,mixed_cnn_sequence_ctcf_seed_45_kernel_7,mixed,DeepCRISPR,cnn_dual_branch,cnn_k7,None,45,11694,2554,2501,0.07595177051153812,0.3005159588895849,0.2804606853521893,0.1560242795528392,0.11998126879568584,0.024343575809982518,0.07505150670627381,0.07595177051153812,False
ultimate_run,mixed_cnn_sequence_dnase_h3k4me3_rrbs_seed_42_kernel_3,mixed,DeepCRISPR,cnn_dual_branch,cnn_k3,None,42,11738,2485,2526,0.039884577076088834,0.22750247945765248,0.22656166058769725,0.1598161723662312,0.12815878326889718,0.025541208949792917,0.05520611323720803,0.039884577076088834,False
ultimate_run,mixed_cnn_sequence_dnase_h3k4me3_rrbs_seed_42_kernel_5,mixed,DeepCRISPR,cnn_dual_branch,cnn_k5,None,42,11738,2485,2526,0.062118433629608005,0.28709706472374596,0.2830537391724001,0.15795486329505684,0.12638358422143706,0.024949738838560092,0.08197880835690763,0.062118433629608005,False
ultimate_run,mixed_cnn_sequence_dnase_h3k4me3_rrbs_seed_42_kernel_7,mixed,DeepCRISPR,cnn_dual_branch,cnn_k7,None,42,11738,2485,2526,0.07630133314169008,0.30591553093117074,0.29220955983819935,0.1567559954786296,0.11929276392838052,0.024572442118496143,0.06548307754303329,0.07630133314169008,False
ultimate_run,mixed_cnn_sequence_dnase_h3k4me3_rrbs_seed_43_kernel_3,mixed,DeepCRISPR,cnn_dual_branch,cnn_k3,None,43,11736,2514,2499,0.0447289810728424,0.2250730525227448,0.2207958960253239,0.16304743294825508,0.12790586196443568,0.02658446539101574,0.05838460458297523,0.0447289810728424,False
ultimate_run,mixed_cnn_sequence_dnase_h3k4me3_rrbs_seed_43_kernel_5,mixed,DeepCRISPR,cnn_dual_branch,cnn_k5,None,43,11736,2514,2499,0.07627601321222088,0.28056503241948116,0.2723167732686524,0.16033257777918594,0.12633012441085598,0.025706535497318713,0.08423294209627585,0.07627601321222088,False
ultimate_run,mixed_cnn_sequence_dnase_h3k4me3_rrbs_seed_43_kernel_7,mixed,DeepCRISPR,cnn_dual_branch,cnn_k7,None,43,11736,2514,2499,0.09036418350935449,0.3094221406567278,0.29879465685037543,0.15910522442895444,0.12417444631081576,0.02531447244058796,0.08700713160795792,0.09036418350935449,False
ultimate_run,mixed_cnn_sequence_dnase_h3k4me3_rrbs_seed_44_kernel_3,mixed,DeepCRISPR,cnn_dual_branch,cnn_k3,None,44,11709,2537,2503,0.037318730036883685,0.19853948084155376,0.18973424977481065,0.1666291228021756,0.13255146159476047,0.02776526456582251,0.048698254404856756,0.037318730036883685,False
ultimate_run,mixed_cnn_sequence_dnase_h3k4me3_rrbs_seed_44_kernel_5,mixed,DeepCRISPR,cnn_dual_branch,cnn_k5,None,44,11709,2537,2503,0.05624868795765103,0.2587935828864712,0.2605332034975447,0.16498270927967051,0.12741169741223193,0.027219294361260277,0.07003529162739608,0.05624868795765103,False
ultimate_run,mixed_cnn_sequence_dnase_h3k4me3_rrbs_seed_44_kernel_7,mixed,DeepCRISPR,cnn_dual_branch,cnn_k7,None,44,11709,2537,2503,0.07839275093470066,0.282922449575707,0.264675143878886,0.16303565326688202,0.12836538205764922,0.026580624236158982,0.07725013507278666,0.07839275093470066,False
ultimate_run,mixed_cnn_sequence_dnase_h3k4me3_rrbs_seed_45_kernel_3,mixed,DeepCRISPR,cnn_dual_branch,cnn_k3,None,45,11694,2554,2501,0.036804608862872845,0.19328686031362521,0.19445927089058648,0.15929497063297834,0.12604574173988561,0.025374887668961434,0.03647785653701385,0.036804608862872845,False
ultimate_run,mixed_cnn_sequence_dnase_h3k4me3_rrbs_seed_45_kernel_5,mixed,DeepCRISPR,cnn_dual_branch,cnn_k5,None,45,11694,2554,2501,0.07041300566462283,0.29492024183237303,0.279275338714724,0.1564911873682917,0.12061440724844034,0.02448949172393778,0.06002729451565514,0.07041300566462283,False
ultimate_run,mixed_cnn_sequence_dnase_h3k4me3_rrbs_seed_45_kernel_7,mixed,DeepCRISPR,cnn_dual_branch,cnn_k7,None,45,11694,2554,2501,0.05262052444426646,0.27509393863247344,0.2649747248789859,0.1579817252074677,0.12058905355124658,0.024958225499527836,0.05866733575012406,0.05262052444426646,False
ultimate_run,mixed_cnn_sequence_dnase_h3k4me3_seed_42_kernel_3,mixed,DeepCRISPR,cnn_dual_branch,cnn_k3,None,42,11738,2485,2526,0.05324863503465893,0.23256827133933394,0.23596828771535208,0.15870001650616972,0.12403606947432672,0.025185695239058545,0.06279641374789979,0.05324863503465893,False
ultimate_run,mixed_cnn_sequence_dnase_h3k4me3_seed_42_kernel_5,mixed,DeepCRISPR,cnn_dual_branch,cnn_k5,None,42,11738,2485,2526,0.07987013706239443,0.28891598837271176,0.27822513164006357,0.15645288103622498,0.12236816065158222,0.024477503984535166,0.09006256320508721,0.07987013706239443,False
ultimate_run,mixed_cnn_sequence_dnase_h3k4me3_seed_42_kernel_7,mixed,DeepCRISPR,cnn_dual_branch,cnn_k7,None,42,11738,2485,2526,0.05996198295664579,0.2502125887195024,0.24553548104054404,0.15813635012245333,0.12529980326533863,0.025007105230051143,0.08595185200600552,0.05996198295664579,False
ultimate_run,mixed_cnn_sequence_dnase_h3k4me3_seed_43_kernel_3,mixed,DeepCRISPR,cnn_dual_branch,cnn_k3,None,43,11736,2514,2499,0.04843991123048652,0.22042203336802318,0.22142426216806,0.1627304305566486,0.12893978956426322,0.026481193029152233,0.05387334441321512,0.04843991123048652,False
ultimate_run,mixed_cnn_sequence_dnase_h3k4me3_seed_43_kernel_5,mixed,DeepCRISPR,cnn_dual_branch,cnn_k5,None,43,11736,2514,2499,0.08203874419706891,0.2870459998826942,0.2858034925430524,0.1598316710795422,0.12595913221605592,0.025546163080078964,0.07930832527487308,0.08203874419706891,False
ultimate_run,mixed_cnn_sequence_dnase_h3k4me3_seed_43_kernel_7,mixed,DeepCRISPR,cnn_dual_branch,cnn_k7,None,43,11736,2514,2499,0.09064598152500924,0.30400790669415384,0.30380886190869305,0.15908057774691226,0.12442945092582476,0.025306630216291398,0.09132853241795169,0.09064598152500924,False
ultimate_run,mixed_cnn_sequence_dnase_h3k4me3_seed_44_kernel_3,mixed,DeepCRISPR,cnn_dual_branch,cnn_k3,None,44,11709,2537,2503,0.02491168615673167,0.18489374967163189,0.18542290521007637,0.167699443996826,0.13095672575022416,0.028123103516844574,0.0518649002109266,0.02491168615673167,False
ultimate_run,mixed_cnn_sequence_dnase_h3k4me3_seed_44_kernel_5,mixed,DeepCRISPR,cnn_dual_branch,cnn_k5,None,44,11709,2537,2503,0.06521446321114022,0.27120635985895564,0.2660057771754974,0.16419715920432693,0.12785293287446903,0.026960707090771086,0.0771726092961399,0.06521446321114022,False
ultimate_run,mixed_cnn_sequence_dnase_h3k4me3_seed_44_kernel_7,mixed,DeepCRISPR,cnn_dual_branch,cnn_k7,None,44,11709,2537,2503,0.08618378538796245,0.29774435817799577,0.2790163994643254,0.1623450595663499,0.1272760700316124,0.0263559183656017,0.08946371368440043,0.08618378538796245,False
ultimate_run,mixed_cnn_sequence_dnase_h3k4me3_seed_45_kernel_3,mixed,DeepCRISPR,cnn_dual_branch,cnn_k3,None,45,11694,2554,2501,0.03797505339502827,0.1982668896402118,0.1979849221797548,0.15919815611105997,0.1255802520274435,0.025344052909161422,0.037796093088709126,0.03797505339502827,False
ultimate_run,mixed_cnn_sequence_dnase_h3k4me3_seed_45_kernel_5,mixed,DeepCRISPR,cnn_dual_branch,cnn_k5,None,45,11694,2554,2501,0.06857298250473798,0.2794783695943788,0.26870616472813036,0.15664599001775115,0.12161621399568164,0.024537966188641396,0.05716369591377857,0.06857298250473798,False
ultimate_run,mixed_cnn_sequence_dnase_h3k4me3_seed_45_kernel_7,mixed,DeepCRISPR,cnn_dual_branch,cnn_k7,None,45,11694,2554,2501,0.062423613353675744,0.28493816970969116,0.26544891891885886,0.157162235156057,0.12083148360516305,0.02469996815924776,0.060197982213864853,0.062423613353675744,False
ultimate_run,mixed_cnn_sequence_dnase_rrbs_seed_42_kernel_3,mixed,DeepCRISPR,cnn_dual_branch,cnn_k3,None,42,11738,2485,2526,0.051572160847937476,0.22877564318598262,0.23430701167074097,0.15884046457639978,0.12390895513645994,0.025230293186846515,0.06368620776427081,0.051572160847937476,False
ultimate_run,mixed_cnn_sequence_dnase_rrbs_seed_42_kernel_5,mixed,DeepCRISPR,cnn_dual_branch,cnn_k5,None,42,11738,2485,2526,0.06948061113965087,0.2923381911597458,0.28060816892499424,0.15733368525911257,0.12251100587868141,0.024753888517213496,0.08506957910427315,0.06948061113965087,False
ultimate_run,mixed_cnn_sequence_dnase_rrbs_seed_42_kernel_7,mixed,DeepCRISPR,cnn_dual_branch,cnn_k7,None,42,11738,2485,2526,0.09973684642219971,0.31991625071051294,0.30355190331672527,0.15475466151809872,0.11930127044442976,0.023949005261581304,0.09437138884594398,0.09973684642219971,False
ultimate_run,mixed_cnn_sequence_dnase_rrbs_seed_43_kernel_3,mixed,DeepCRISPR,cnn_dual_branch,cnn_k3,None,43,11736,2514,2499,0.03817828655844502,0.20622669666314525,0.20728736534656111,0.16360552018057464,0.1312193359309972,0.026766766233556418,0.05062253909582681,0.03817828655844502,False
ultimate_run,mixed_cnn_sequence_dnase_rrbs_seed_43_kernel_5,mixed,DeepCRISPR,cnn_dual_branch,cnn_k5,None,43,11736,2514,2499,0.07536189177703356,0.27815084529675993,0.2787196018356974,0.16041189108390183,0.12565082760239185,0.025731974801113583,0.08537515792250083,0.07536189177703356,False
ultimate_run,mixed_cnn_sequence_dnase_rrbs_seed_43_kernel_7,mixed,DeepCRISPR,cnn_dual_branch,cnn_k7,None,43,11736,2514,2499,0.06964568059442122,0.2828305423014264,0.2859883088866802,0.1609069687976993,0.12434383713600303,0.025891052607663775,0.08017435049320776,0.06964568059442122,False
ultimate_run,mixed_cnn_sequence_dnase_rrbs_seed_44_kernel_3,mixed,DeepCRISPR,cnn_dual_branch,cnn_k3,None,44,11709,2537,2503,0.02645873155831413,0.18568935299286335,0.185937769547462,0.1675663577747488,0.13071772416840005,0.02807848425789512,0.04465344386051062,0.02645873155831413,False
ultimate_run,mixed_cnn_sequence_dnase_rrbs_seed_44_kernel_5,mixed,DeepCRISPR,cnn_dual_branch,cnn_k5,None,44,11709,2537,2503,0.060886029487171034,0.26676281228117155,0.2693207439669472,0.16457686966552423,0.12854733563627702,0.02708554602890295,0.07468275541834057,0.060886029487171034,False
ultimate_run,mixed_cnn_sequence_dnase_rrbs_seed_44_kernel_7,mixed,DeepCRISPR,cnn_dual_branch,cnn_k7,None,44,11709,2537,2503,0.08369575020708053,0.3004042317553463,0.2824718944641909,0.16256591669811923,0.12897574690200725,0.026427677271899843,0.08269013044226425,0.08369575020708053,False
ultimate_run,mixed_cnn_sequence_dnase_rrbs_seed_45_kernel_3,mixed,DeepCRISPR,cnn_dual_branch,cnn_k3,None,45,11694,2554,2501,0.04119993144670142,0.21103926674706872,0.205025790970075,0.15893110190866333,0.12488894451171534,0.025259095153901925,0.036364097874963086,0.04119993144670142,False
ultimate_run,mixed_cnn_sequence_dnase_rrbs_seed_45_kernel_5,mixed,DeepCRISPR,cnn_dual_branch,cnn_k5,None,45,11694,2554,2501,0.06690667393643968,0.2809062737441033,0.27261794192819133,0.1567860460362719,0.1235453925198229,0.02458186423168797,0.05857646762946245,0.06690667393643968,False
ultimate_run,mixed_cnn_sequence_dnase_rrbs_seed_45_kernel_7,mixed,DeepCRISPR,cnn_dual_branch,cnn_k7,None,45,11694,2554,2501,0.06087284651725422,0.2743622785856539,0.2557083725585862,0.15729215592246126,0.12103608837514584,0.02474082231473587,0.05722835125278214,0.06087284651725422,False
ultimate_run,mixed_cnn_sequence_dnase_seed_42_kernel_3,mixed,DeepCRISPR,cnn_dual_branch,cnn_k3,None,42,11738,2485,2526,0.03933838459432304,0.215003590190169,0.21531925839702984,0.15986162418315428,0.12795390997622638,0.025555738886476054,0.06259353409681312,0.03933838459432304,False
ultimate_run,mixed_cnn_sequence_dnase_seed_42_kernel_5,mixed,DeepCRISPR,cnn_dual_branch,cnn_k5,None,42,11738,2485,2526,0.09438974580610848,0.3102332956012374,0.2870262687050716,0.1552135627091748,0.12145235478707822,0.02409125004887494,0.09121934398186327,0.09438974580610848,False
ultimate_run,mixed_cnn_sequence_dnase_seed_42_kernel_7,mixed,DeepCRISPR,cnn_dual_branch,cnn_k7,None,42,11738,2485,2526,0.08616933554309836,0.3175446386679682,0.3076123578819345,0.15591642400081618,0.12450027512583463,0.024309931273202284,0.09246298530427988,0.08616933554309836,False
ultimate_run,mixed_cnn_sequence_dnase_seed_43_kernel_3,mixed,DeepCRISPR,cnn_dual_branch,cnn_k3,None,43,11736,2514,2499,0.04701441493649727,0.22233340830681106,0.22264128720009574,0.1628522751024847,0.12914327707265275,0.026520863506055363,0.058754285447645604,0.04701441493649727,False
ultimate_run,mixed_cnn_sequence_dnase_seed_43_kernel_5,mixed,DeepCRISPR,cnn_dual_branch,cnn_k5,None,43,11736,2514,2499,0.07549592240527347,0.2888372144992272,0.27911519981076593,0.16040026443476219,0.12468220594848431,0.025728244830741636,0.09306261199669574,0.07549592240527347,False
ultimate_run,mixed_cnn_sequence_dnase_seed_43_kernel_7,mixed,DeepCRISPR,cnn_dual_branch,cnn_k7,None,43,11736,2514,2499,0.09557688327313008,0.31271891756471043,0.3016256193624742,0.1586486904250922,0.12580346352973334,0.025169406973596736,0.07800950628730419,0.09557688327313008,False
ultimate_run,mixed_cnn_sequence_dnase_seed_44_kernel_3,mixed,DeepCRISPR,cnn_dual_branch,cnn_k3,None,44,11709,2537,2503,0.03891732997396369,0.20332727183761104,0.19983886282435548,0.16649071563235038,0.13147567756082587,0.02771915839177216,0.04758684366701038,0.03891732997396369,False
ultimate_run,mixed_cnn_sequence_dnase_seed_44_kernel_5,mixed,DeepCRISPR,cnn_dual_branch,cnn_k5,None,44,11709,2537,2503,0.07610401782559972,0.2796270164484884,0.27167840226787937,0.16323797031499315,0.1275084543488756,0.026646634952558586,0.08231606958241755,0.07610401782559972,False
ultimate_run,mixed_cnn_sequence_dnase_seed_44_kernel_7,mixed,DeepCRISPR,cnn_dual_branch,cnn_k7,None,44,11709,2537,2503,0.05519843327345764,0.2598054517070578,0.2594252154757914,0.16507448434839053,0.12873905532164748,0.02724958538288703,0.0887440289973197,0.05519843327345764,False
ultimate_run,mixed_cnn_sequence_dnase_seed_45_kernel_3,mixed,DeepCRISPR,cnn_dual_branch,cnn_k3,None,45,11694,2554,2501,0.0534827164719085,0.2316250362168947,0.2242207755774511,0.1579098207635372,0.125838939802324,0.02493551149357245,0.03802558364040909,0.0534827164719085,False
ultimate_run,mixed_cnn_sequence_dnase_seed_45_kernel_5,mixed,DeepCRISPR,cnn_dual_branch,cnn_k5,None,45,11694,2554,2501,0.047870105429831056,0.24862258416132813,0.24420384616560628,0.15837731165667476,0.1225272835626249,0.025083372847595486,0.05406051802291656,0.047870105429831056,False
ultimate_run,mixed_cnn_sequence_dnase_seed_45_kernel_7,mixed,DeepCRISPR,cnn_dual_branch,cnn_k7,None,45,11694,2554,2501,0.07754405670080167,0.2793942357358876,0.2722529366058778,0.15588979392018362,0.12336596078609434,0.024301627848477322,0.06151568901111426,0.07754405670080167,False
ultimate_run,mixed_cnn_sequence_h3k4me3_rrbs_seed_42_kernel_3,mixed,DeepCRISPR,cnn_dual_branch,cnn_k3,None,42,11738,2485,2526,0.04949908998161867,0.22644701719890575,0.23444291197657904,0.15901396633550338,0.12368780621270081,0.025285441489748605,0.06428837519915864,0.04949908998161867,False
ultimate_run,mixed_cnn_sequence_h3k4me3_rrbs_seed_42_kernel_5,mixed,DeepCRISPR,cnn_dual_branch,cnn_k5,None,42,11738,2485,2526,0.06599110943265007,0.2851824868308795,0.2718392448588526,0.15762841442976178,0.12471920583536655,0.024846717035640734,0.09369390674248756,0.06599110943265007,False
ultimate_run,mixed_cnn_sequence_h3k4me3_rrbs_seed_42_kernel_7,mixed,DeepCRISPR,cnn_dual_branch,cnn_k7,None,42,11738,2485,2526,0.09441646545483007,0.30738073366299945,0.28959713208796833,0.15521127293692213,0.12139922556401128,0.024090539246699735,0.09198255353637141,0.09441646545483007,False
ultimate_run,mixed_cnn_sequence_h3k4me3_rrbs_seed_43_kernel_3,mixed,DeepCRISPR,cnn_dual_branch,cnn_k3,None,43,11736,2514,2499,0.039582654443951704,0.20194121638469326,0.20467219583304355,0.16348603531855657,0.129470986337387,0.02672768374418033,0.05463162832260282,0.039582654443951704,False
ultimate_run,mixed_cnn_sequence_h3k4me3_rrbs_seed_43_kernel_5,mixed,DeepCRISPR,cnn_dual_branch,cnn_k5,None,43,11736,2514,2499,0.06954139525636394,0.2721007318170971,0.25999512381588685,0.160915986742304,0.12580742695835698,0.025893954789249357,0.07495390141806135,0.06954139525636394,False
ultimate_run,mixed_cnn_sequence_h3k4me3_rrbs_seed_43_kernel_7,mixed,DeepCRISPR,cnn_dual_branch,cnn_k7,None,43,11736,2514,2499,0.07996626931687822,0.288264619728001,0.29616016181265414,0.16001199479606087,0.12487368359797954,0.025603838478614614,0.0797326975372441,0.07996626931687822,False
ultimate_run,mixed_cnn_sequence_h3k4me3_rrbs_seed_44_kernel_3,mixed,DeepCRISPR,cnn_dual_branch,cnn_k3,None,44,11709,2537,2503,0.03062653131608095,0.19530440166760335,0.19007819547163907,0.1672072912877023,0.13049171332127027,0.027958278259770524,0.04787513167431934,0.03062653131608095,False
ultimate_run,mixed_cnn_sequence_h3k4me3_rrbs_seed_44_kernel_5,mixed,DeepCRISPR,cnn_dual_branch,cnn_k5,None,44,11709,2537,2503,0.06014831557198419,0.2677957484853006,0.269721551581927,0.16464149803691305,0.12749786035552518,0.02710682287583884,0.07465402262801557,0.06014831557198419,False
ultimate_run,mixed_cnn_sequence_h3k4me3_rrbs_seed_44_kernel_7,mixed,DeepCRISPR,cnn_dual_branch,cnn_k7,None,44,11709,2537,2503,0.0824560899187452,0.2937347966040295,0.2713407988298923,0.16267584655842604,0.12818509028295053,0.026463431053500575,0.08595905842819407,0.0824560899187452,False
ultimate_run,mixed_cnn_sequence_h3k4me3_rrbs_seed_45_kernel_3,mixed,DeepCRISPR,cnn_dual_branch,cnn_k3,None,45,11694,2554,2501,0.05230483792909835,0.23909076123294326,0.23649514553520168,0.15800804441092045,0.12342145748280331,0.02496654209856341,0.03751503586994687,0.05230483792909835,False
ultimate_run,mixed_cnn_sequence_h3k4me3_rrbs_seed_45_kernel_5,mixed,DeepCRISPR,cnn_dual_branch,cnn_k5,None,45,11694,2554,2501,0.06295295935177991,0.2780499436088038,0.27127913836090745,0.1571178628002465,0.12103807428703796,0.024686022810917085,0.06039132318984064,0.06295295935177991,False
ultimate_run,mixed_cnn_sequence_h3k4me3_rrbs_seed_45_kernel_7,mixed,DeepCRISPR,cnn_dual_branch,cnn_k7,None,45,11694,2554,2501,0.08157060778304515,0.2939219625243577,0.2812933013978572,0.15554918974120158,0.12157488317336006,0.024195550429144327,0.05607874112544453,0.08157060778304515,False
ultimate_run,mixed_cnn_sequence_h3k4me3_seed_42_kernel_3,mixed,DeepCRISPR,cnn_dual_branch,cnn_k3,None,42,11738,2485,2526,0.046751522464969164,0.219029820108524,0.21527882760561182,0.15924362752091817,0.12623133084595323,0.025358532906020928,0.06068385078873595,0.046751522464969164,False
ultimate_run,mixed_cnn_sequence_h3k4me3_seed_42_kernel_5,mixed,DeepCRISPR,cnn_dual_branch,cnn_k5,None,42,11738,2485,2526,0.07671752028822709,0.28643446094998076,0.27966738393485746,0.15672067704461587,0.12306093740321374,0.024561370613322787,0.09289031322103902,0.07671752028822709,False
ultimate_run,mixed_cnn_sequence_h3k4me3_seed_42_kernel_7,mixed,DeepCRISPR,cnn_dual_branch,cnn_k7,None,42,11738,2485,2526,0.08499638787219155,0.3063663915225092,0.2963311977263519,0.15601645520278226,0.1237939045450908,0.024341134294041767,0.09302853320016347,0.08499638787219155,False
ultimate_run,mixed_cnn_sequence_h3k4me3_seed_43_kernel_3,mixed,DeepCRISPR,cnn_dual_branch,cnn_k3,None,43,11736,2514,2499,0.04642836462848132,0.22651101257913694,0.225469644405834,0.16290234141987972,0.12728005406366535,0.026537172840079063,0.056232014000484276,0.04642836462848132,False
ultimate_run,mixed_cnn_sequence_h3k4me3_seed_43_kernel_5,mixed,DeepCRISPR,cnn_dual_branch,cnn_k5,None,43,11736,2514,2499,0.08498157270900053,0.292613502436611,0.28825988947274445,0.1595752687680841,0.12583155539081975,0.025464266402406274,0.08261473834394628,0.08498157270900053,False
ultimate_run,mixed_cnn_sequence_h3k4me3_seed_43_kernel_7,mixed,DeepCRISPR,cnn_dual_branch,cnn_k7,None,43,11736,2514,2499,0.0819015910213684,0.29182995984748733,0.282355169487006,0.1598436109094453,0.1265908639992214,0.025549979948570143,0.08095955713478686,0.0819015910213684,False
ultimate_run,mixed_cnn_sequence_h3k4me3_seed_44_kernel_3,mixed,DeepCRISPR,cnn_dual_branch,cnn_k3,None,44,11709,2537,2503,0.03308546970377724,0.1937796743986733,0.19166525931489772,0.16699508541102467,0.13298805287168103,0.02788735855143543,0.047102255438933094,0.03308546970377724,False
ultimate_run,mixed_cnn_sequence_h3k4me3_seed_44_kernel_5,mixed,DeepCRISPR,cnn_dual_branch,cnn_k5,None,44,11709,2537,2503,0.07799713838468592,0.27965299080538103,0.271720094692998,0.16307064215738726,0.12843604382243612,0.026592034333622644,0.08015415031748829,0.07799713838468592,False
ultimate_run,mixed_cnn_sequence_h3k4me3_seed_44_kernel_7,mixed,DeepCRISPR,cnn_dual_branch,cnn_k7,None,44,11709,2537,2503,0.04868804719795694,0.26937726201766493,0.2620274976416474,0.1656422509805839,0.1264090822292235,0.02743735530991475,0.08568483391364612,0.04868804719795694,False
ultimate_run,mixed_cnn_sequence_h3k4me3_seed_45_kernel_3,mixed,DeepCRISPR,cnn_dual_branch,cnn_k3,None,45,11694,2554,2501,0.05472295061270449,0.2342332800313037,0.22834352525673485,0.1578063311860212,0.12514073267956208,0.024902838162392204,0.03826828084350109,0.05472295061270449,False
ultimate_run,mixed_cnn_sequence_h3k4me3_seed_45_kernel_5,mixed,DeepCRISPR,cnn_dual_branch,cnn_k5,None,45,11694,2554,2501,0.0598151334051632,0.25849922936969216,0.2548897500798883,0.1573807079130035,0.12274165204291872,0.024768687223198117,0.05648190081844662,0.0598151334051632,False
ultimate_run,mixed_cnn_sequence_h3k4me3_seed_45_kernel_7,mixed,DeepCRISPR,cnn_dual_branch,cnn_k7,None,45,11694,2554,2501,0.08011151760028123,0.29929016387359747,0.2868569395874597,0.15567269963065863,0.12021367865580986,0.024233989410297266,0.071617098473442,0.08011151760028123,False
ultimate_run,mixed_cnn_sequence_rrbs_seed_42_kernel_3,mixed,DeepCRISPR,cnn_dual_branch,cnn_k3,None,42,11738,2485,2526,0.04108098035911134,0.20899485254461087,0.21145512552878185,0.1597165675733821,0.12675652333407086,0.025509381957422732,0.06446407591520309,0.04108098035911134,False
ultimate_run,mixed_cnn_sequence_rrbs_seed_42_kernel_5,mixed,DeepCRISPR,cnn_dual_branch,cnn_k5,None,42,11738,2485,2526,0.07233431222077324,0.290272263964869,0.28746223610149396,0.15709224586754414,0.12367288261717758,0.024677973711708937,0.093091943152398,0.07233431222077324,False
ultimate_run,mixed_cnn_sequence_rrbs_seed_42_kernel_7,mixed,DeepCRISPR,cnn_dual_branch,cnn_k7,None,42,11738,2485,2526,0.0817401213052743,0.3103589301742016,0.29909475627675397,0.15629382021756677,0.12481288271080265,0.02442775823820108,0.09437629654649693,0.0817401213052743,False
ultimate_run,mixed_cnn_sequence_rrbs_seed_43_kernel_3,mixed,DeepCRISPR,cnn_dual_branch,cnn_k3,None,43,11736,2514,2499,0.04121917474684911,0.2039445467640821,0.2108805781745629,0.16334668845655131,0.12997700146588292,0.026682140629721636,0.05210383731525703,0.04121917474684911,False
ultimate_run,mixed_cnn_sequence_rrbs_seed_43_kernel_5,mixed,DeepCRISPR,cnn_dual_branch,cnn_k5,None,43,11736,2514,2499,0.06670416352542785,0.2799427661373856,0.26755327586696176,0.16116113920197278,0.12465070511434595,0.025972912788877645,0.08769473641162273,0.06670416352542785,False
ultimate_run,mixed_cnn_sequence_rrbs_seed_43_kernel_7,mixed,DeepCRISPR,cnn_dual_branch,cnn_k7,None,43,11736,2514,2499,0.07312480988347247,0.2849075668104011,0.27598383523833314,0.16060582519805247,0.12449105432971759,0.02579423108754739,0.09449117875821134,0.07312480988347247,False
ultimate_run,mixed_cnn_sequence_rrbs_seed_44_kernel_3,mixed,DeepCRISPR,cnn_dual_branch,cnn_k3,None,44,11709,2537,2503,0.037582571055096325,0.2029742811800183,0.20444183103132077,0.1666062873053852,0.1309541511236639,0.027757654969684558,0.04616384829517939,0.037582571055096325,False
ultimate_run,mixed_cnn_sequence_rrbs_seed_44_kernel_5,mixed,DeepCRISPR,cnn_dual_branch,cnn_k5,None,44,11709,2537,2503,0.07548940053450548,0.2761091379781418,0.27280568896259555,0.1632922579192136,0.1280669994496741,0.026664361496354972,0.080602604297912,0.07548940053450548,False
ultimate_run,mixed_cnn_sequence_rrbs_seed_44_kernel_7,mixed,DeepCRISPR,cnn_dual_branch,cnn_k7,None,44,11709,2537,2503,0.061041186901587885,0.27352264029511636,0.27071385494188543,0.16456327367122794,0.12838966776536873,0.02708107104139146,0.08764241238534032,0.061041186901587885,False
ultimate_run,mixed_cnn_sequence_rrbs_seed_45_kernel_3,mixed,DeepCRISPR,cnn_dual_branch,cnn_k3,None,45,11694,2554,2501,0.03245475972316303,0.18403328653207673,0.18611615511102816,0.15965425835066496,0.12649039355173586,0.025489482209500876,0.03353421253449018,0.03245475972316303,False
ultimate_run,mixed_cnn_sequence_rrbs_seed_45_kernel_5,mixed,DeepCRISPR,cnn_dual_branch,cnn_k5,None,45,11694,2554,2501,0.05869830022275058,0.2537301728467328,0.24939156148071573,0.1574741554018812,0.12341036959489367,0.024798109619535828,0.057250149427395924,0.05869830022275058,False
ultimate_run,mixed_cnn_sequence_rrbs_seed_45_kernel_7,mixed,DeepCRISPR,cnn_dual_branch,cnn_k7,None,45,11694,2554,2501,0.06233609594245293,0.2887906011041834,0.28088011989940614,0.1571695700842822,0.12015805508771886,0.02470227376047809,0.05895567328948126,0.06233609594245293,False
ultimate_run,mixed_cnn_sequence_seed_42_kernel_3,mixed,DeepCRISPR,cnn_dual_branch,cnn_k3,None,42,11738,2485,2526,0.04989734946795199,0.23119544996641847,0.22880712169269557,0.15898064945228815,0.1261514839116551,0.025274846900271333,0.06558036300089909,0.04989734946795199,False
ultimate_run,mixed_cnn_sequence_seed_42_kernel_5,mixed,DeepCRISPR,cnn_dual_branch,cnn_k5,None,42,11738,2485,2526,0.0865828200517531,0.3033064210230138,0.2901964548226784,0.15588114595491284,0.12195537403468638,0.02429893166421684,0.09536665354690466,0.0865828200517531,False
ultimate_run,mixed_cnn_sequence_seed_42_kernel_7,mixed,DeepCRISPR,cnn_dual_branch,cnn_k7,None,42,11738,2485,2526,0.09693895127526786,0.31710214477691884,0.2974797062774287,0.15499495315953415,0.121578359607843,0.024023435504926183,0.11142347464632363,0.09693895127526786,False
ultimate_run,mixed_cnn_sequence_seed_43_kernel_3,mixed,DeepCRISPR,cnn_dual_branch,cnn_k3,None,43,11736,2514,2499,0.04600600840817648,0.21582036701371082,0.2152023279152094,0.1629384138017517,0.12946126585497483,0.026548926692230867,0.05234221762895519,0.04600600840817648,False
ultimate_run,mixed_cnn_sequence_seed_43_kernel_5,mixed,DeepCRISPR,cnn_dual_branch,cnn_k5,None,43,11736,2514,2499,0.06951038924207686,0.2883984652290188,0.2827486819963338,0.16091866785127198,0.123693043541769,0.025894817663027998,0.08195743162841673,0.06951038924207686,False
ultimate_run,mixed_cnn_sequence_seed_43_kernel_7,mixed,DeepCRISPR,cnn_dual_branch,cnn_k7,None,43,11736,2514,2499,0.10015166158421973,0.33047300864239715,0.31168798416472654,0.15824694112400964,0.12230886538835278,0.02504209437510577,0.09144897221574477,0.10015166158421973,False
ultimate_run,mixed_cnn_sequence_seed_44_kernel_3,mixed,DeepCRISPR,cnn_dual_branch,cnn_k3,None,44,11709,2537,2503,0.04138283895394179,0.2045443753232041,0.20263478948080116,0.1662770254035925,0.13265143157419412,0.02764804917706694,0.0492061675445572,0.04138283895394179,False
ultimate_run,mixed_cnn_sequence_seed_44_kernel_5,mixed,DeepCRISPR,cnn_dual_branch,cnn_k5,None,44,11709,2537,2503,0.07926638796426466,0.29320128035666726,0.2740800224298277,0.16295836017102253,0.12725454820055832,0.026555427149628698,0.07287235612268916,0.07926638796426466,False
ultimate_run,mixed_cnn_sequence_seed_44_kernel_7,mixed,DeepCRISPR,cnn_dual_branch,cnn_k7,None,44,11709,2537,2503,0.05907864700571397,0.2768719463340795,0.26525777207577134,0.16473516268488433,0.1267975156381131,0.02713767382481531,0.07147407085310697,0.05907864700571397,False
ultimate_run,mixed_cnn_sequence_seed_45_kernel_3,mixed,DeepCRISPR,cnn_dual_branch,cnn_k3,None,45,11694,2554,2501,0.047943431544279935,0.2190254605857802,0.21405058041951724,0.15837121300535295,0.1255451318315567,0.02508144110878687,0.03558302241266287,0.047943431544279935,False
ultimate_run,mixed_cnn_sequence_seed_45_kernel_5,mixed,DeepCRISPR,cnn_dual_branch,cnn_k5,None,45,11694,2554,2501,0.04832189076919746,0.27152639583901766,0.25258028279662514,0.15833973220568148,0.12193136387304948,0.025071470794966924,0.05994845081394817,0.04832189076919746,False
ultimate_run,mixed_cnn_sequence_seed_45_kernel_7,mixed,DeepCRISPR,cnn_dual_branch,cnn_k7,None,45,11694,2554,2501,0.07005852362279652,0.26887714729565604,0.2572590641126232,0.1565210221382073,0.12296533400515618,0.02449883037118918,0.058708050939213496,0.07005852362279652,False
ultimate_run,mixed_linear_all_seed_42,mixed,DeepCRISPR,linear,linear,None,42,11738,2485,2526,-1.224028777311605e+18,-0.026339199307623715,0.28753178857848316,180449139.80204523,3590361.3305618223,3.2561892055298064e+16,-1.1871130474681316e+18,-1.224028777311605e+18,True
ultimate_run,mixed_linear_all_seed_43,mixed,DeepCRISPR,linear,linear,None,43,11736,2514,2499,0.07563944969553349,0.27870738649952637,0.2748445597690924,0.16038781305165822,0.12786254866278846,0.025724250575493664,0.052727699884950296,0.07563944969553349,False
ultimate_run,mixed_linear_all_seed_44,mixed,DeepCRISPR,linear,linear,None,44,11709,2537,2503,0.0611622971038831,0.2563294136440722,0.2443764120154292,0.16455266035475558,0.12994612165582756,0.027077578029827545,0.05109407220529194,0.0611622971038831,False
ultimate_run,mixed_linear_all_seed_45,mixed,DeepCRISPR,linear,linear,None,45,11694,2554,2501,0.06803782093145128,0.2695348713556288,0.25746100643579023,0.1566909848884488,0.12375442120443905,0.02455206474531209,0.03616929339322328,0.06803782093145128,False
ultimate_run,mixed_linear_sequence_ctcf_dnase_h3k4me3_seed_42,mixed,DeepCRISPR,linear,linear,None,42,11738,2485,2526,0.08865866323049665,0.2982175174210441,0.29118425975975876,0.15570391649418713,0.12189407341308636,0.024243709611628802,0.06614175028776259,0.08865866323049665,False
ultimate_run,mixed_linear_sequence_ctcf_dnase_h3k4me3_seed_43,mixed,DeepCRISPR,linear,linear,None,43,11736,2514,2499,0.07594637887895084,0.27887168210215574,0.2752679152126453,0.16036118286519913,0.12800180874322817,0.025715708969925838,0.05409596786437132,0.07594637887895084,False
ultimate_run,mixed_linear_sequence_ctcf_dnase_h3k4me3_seed_44,mixed,DeepCRISPR,linear,linear,None,44,11709,2537,2503,0.06354813770688561,0.25934253356998593,0.2460524832183991,0.16434344093479947,0.13000497963309768,0.02700876657828992,0.05283209755240681,0.06354813770688561,False
ultimate_run,mixed_linear_sequence_ctcf_dnase_h3k4me3_seed_45,mixed,DeepCRISPR,linear,linear,None,45,11694,2554,2501,0.06695596386098845,0.26700913176106017,0.2548988559177392,0.15678190493150654,0.12391857851202899,0.024580565713951955,0.0400810170315955,0.06695596386098845,False
ultimate_run,mixed_linear_sequence_ctcf_dnase_rrbs_seed_42,mixed,DeepCRISPR,linear,linear,None,42,11738,2485,2526,-4.704408775889988e+16,0.02633919982646697,0.29111592262885133,35376228.27824998,703874.0103902235,1251477527194853.2,-4.562527569314228e+16,-4.704408775889988e+16,True
ultimate_run,mixed_linear_sequence_ctcf_dnase_rrbs_seed_43,mixed,DeepCRISPR,linear,linear,None,43,11736,2514,2499,0.0776856632851487,0.2815684507754084,0.2774005244181605,0.1602101932109409,0.12776675843282181,0.025667306008687017,0.055892790239007506,0.0776856632851487,False
ultimate_run,mixed_linear_sequence_ctcf_dnase_rrbs_seed_44,mixed,DeepCRISPR,linear,linear,None,44,11709,2537,2503,0.06098714411236217,0.25577278683463095,0.2438886978059258,0.16456800941161653,0.13001355599806808,0.027082629721701907,0.05409838792124633,0.06098714411236217,False
ultimate_run,mixed_linear_sequence_ctcf_dnase_rrbs_seed_45,mixed,DeepCRISPR,linear,linear,None,45,11694,2554,2501,0.06955174587344226,0.2710208340823888,0.25852544305790415,0.1565636649117623,0.12365289935813122,0.02451218117060259,0.03829522257210305,0.06955174587344226,False
ultimate_run,mixed_linear_sequence_ctcf_dnase_seed_42,mixed,DeepCRISPR,linear,linear,None,42,11738,2485,2526,0.09284142488513314,0.3048059507701216,0.29239362030804344,0.1553461902794109,0.1218278320429957,0.02413243883432694,0.0738521872100859,0.09284142488513314,False
ultimate_run,mixed_linear_sequence_ctcf_dnase_seed_43,mixed,DeepCRISPR,linear,linear,None,43,11736,2514,2499,0.0778133756111109,0.28151283248498277,0.2775348089189784,0.16019910072112933,0.12791436400560569,0.02566375187185854,0.05726190508922502,0.0778133756111109,False
ultimate_run,mixed_linear_sequence_ctcf_dnase_seed_44,mixed,DeepCRISPR,linear,linear,None,44,11709,2537,2503,0.06342603310437811,0.2588981092115698,0.24556619817151978,0.16435415501271433,0.13006505371840374,0.027012288269943334,0.055800113638347915,0.06342603310437811,False
ultimate_run,mixed_linear_sequence_ctcf_dnase_seed_45,mixed,DeepCRISPR,linear,linear,None,45,11694,2554,2501,0.0684089945899099,0.26844113964109717,0.25612187355909954,0.15665977903085723,0.1238177923566256,0.024542286365997017,0.04220400911896394,0.0684089945899099,False
ultimate_run,mixed_linear_sequence_ctcf_h3k4me3_rrbs_seed_42,mixed,DeepCRISPR,linear,linear,None,42,11738,2485,2526,0.08603286614282857,0.29423613574026086,0.2882660597401137,0.15592806566888834,0.12195766134687297,0.02431356166324115,0.06688703958254594,0.08603286614282857,False
ultimate_run,mixed_linear_sequence_ctcf_h3k4me3_rrbs_seed_43,mixed,DeepCRISPR,linear,linear,None,43,11736,2514,2499,0.0774975600746407,0.28103883718698847,0.27522739670345603,0.16022652956944533,0.1277953821257278,0.025672540777868336,0.057740161362034303,0.0774975600746407,False
ultimate_run,mixed_linear_sequence_ctcf_h3k4me3_rrbs_seed_44,mixed,DeepCRISPR,linear,linear,None,44,11709,2537,2503,0.058090616166138975,0.2501787096211757,0.24462724621735535,0.16482163150337573,0.1300093836712536,0.027166170211434575,0.05462851423447601,0.058090616166138975,False
ultimate_run,mixed_linear_sequence_ctcf_h3k4me3_rrbs_seed_45,mixed,DeepCRISPR,linear,linear,None,45,11694,2554,2501,0.06767919538181533,0.2680811378161966,0.2557923959712041,0.1567211298809057,0.12384984705746394,0.02456151255114771,0.03754033758676234,0.06767919538181533,False
ultimate_run,mixed_linear_sequence_ctcf_h3k4me3_seed_42,mixed,DeepCRISPR,linear,linear,None,42,11738,2485,2526,0.08900250546177935,0.2987101752670977,0.29065524425487227,0.15567454076486864,0.1218505291184805,0.02423456264235275,0.07012205984922515,0.08900250546177935,False
ultimate_run,mixed_linear_sequence_ctcf_h3k4me3_seed_43,mixed,DeepCRISPR,linear,linear,None,43,11736,2514,2499,0.07794109884413247,0.28148818639229034,0.27596431242848224,0.1601880065157654,0.1279181413141399,0.025660197431494898,0.05926749052883784,0.07794109884413247,False
ultimate_run,mixed_linear_sequence_ctcf_h3k4me3_seed_44,mixed,DeepCRISPR,linear,linear,None,44,11709,2537,2503,0.060502261064818486,0.2532888351748754,0.24650558321724805,0.16461049335573327,0.13006561116274504,0.02709661452281791,0.056335615642130854,0.060502261064818486,False
ultimate_run,mixed_linear_sequence_ctcf_h3k4me3_seed_45,mixed,DeepCRISPR,linear,linear,None,45,11694,2554,2501,0.06660551619003519,0.2655603492983442,0.25338112466443274,0.156811345500814,0.12400898104187276,0.024589798077775653,0.0415348724190715,0.06660551619003519,False
ultimate_run,mixed_linear_sequence_ctcf_rrbs_seed_42,mixed,DeepCRISPR,linear,linear,None,42,11738,2485,2526,0.09027475794090034,0.3007043796484932,0.28944559608274134,0.1555657992375216,0.12188261312134853,0.02420071789240887,0.07455447100652535,0.09027475794090034,False
ultimate_run,mixed_linear_sequence_ctcf_rrbs_seed_43,mixed,DeepCRISPR,linear,linear,None,43,11736,2514,2499,0.07959600495992802,0.2841027993071854,0.27801550945612996,0.1600441896910252,0.12773006805244377,0.025614142653856864,0.060702431854740224,0.07959600495992802,False
ultimate_run,mixed_linear_sequence_ctcf_rrbs_seed_44,mixed,DeepCRISPR,linear,linear,None,44,11709,2537,2503,0.05785503236057332,0.24949972252536898,0.24425912488129753,0.16484224223314983,0.13008273608091053,0.027172964824452448,0.057904078987602525,0.05785503236057332,False
ultimate_run,mixed_linear_sequence_ctcf_rrbs_seed_45,mixed,DeepCRISPR,linear,linear,None,45,11694,2554,2501,0.06906941586710014,0.2694847333834575,0.25676739043883007,0.1566042397471669,0.12375191637585856,0.024524887906788126,0.03965920386665134,0.06906941586710014,False
ultimate_run,mixed_linear_sequence_ctcf_seed_42,mixed,DeepCRISPR,linear,linear,None,42,11738,2485,2526,0.09324005784430534,0.3054633314560073,0.29218931327163705,0.15531205461792147,0.12178073477595311,0.024121834309640225,0.07781363796116281,0.09324005784430534,False
ultimate_run,mixed_linear_sequence_ctcf_seed_43,mixed,DeepCRISPR,linear,linear,None,43,11736,2514,2499,0.07991687854493423,0.28432369798597673,0.27839710677014057,0.16001628975265622,0.1277916296806122,0.025605212986206036,0.062462191255372,0.07991687854493423,False
ultimate_run,mixed_linear_sequence_ctcf_seed_44,mixed,DeepCRISPR,linear,linear,None,44,11709,2537,2503,0.060286631817665026,0.25269517924791957,0.24617523865288007,0.1646293825977534,0.13012260036030282,0.027102833614517464,0.05960383874654207,0.060286631817665026,False
ultimate_run,mixed_linear_sequence_ctcf_seed_45,mixed,DeepCRISPR,linear,linear,None,45,11694,2554,2501,0.06791621333048226,0.26688766327300734,0.25449679935824016,0.15670120750994554,0.12390882196880021,0.024555268435075012,0.04363999598370183,0.06791621333048226,False
ultimate_run,mixed_linear_sequence_dnase_h3k4me3_rrbs_seed_42,mixed,DeepCRISPR,linear,linear,None,42,11738,2485,2526,-1.598495714259286e+19,-0.026339199369381457,0.28951463951074863,652100810.6109455,12974722.290868605,4.2523546719945216e+17,-1.550286360941777e+19,-1.598495714259286e+19,True
ultimate_run,mixed_linear_sequence_dnase_h3k4me3_rrbs_seed_43,mixed,DeepCRISPR,linear,linear,None,43,11736,2514,2499,0.08006769701314864,0.2848851478382267,0.2809041167544727,0.16000317441546272,0.12742173268240137,0.02560101582302498,0.05491509622621271,0.08006769701314864,False
ultimate_run,mixed_linear_sequence_dnase_h3k4me3_rrbs_seed_44,mixed,DeepCRISPR,linear,linear,None,44,11709,2537,2503,0.062197940456738876,0.25688828452977225,0.24760250841674017,0.16446187528518827,0.12990013913175913,0.027047708422320817,0.0512164972170952,0.062197940456738876,False
ultimate_run,mixed_linear_sequence_dnase_h3k4me3_rrbs_seed_45,mixed,DeepCRISPR,linear,linear,None,45,11694,2554,2501,0.0683978849687431,0.2688753823191763,0.25753230662209864,0.15666071314550528,0.12353737129803664,0.024542579043258295,0.039409275650374,0.0683978849687431,False
ultimate_run,mixed_linear_sequence_dnase_h3k4me3_seed_42,mixed,DeepCRISPR,linear,linear,None,42,11738,2485,2526,-1.692202567621396e+19,-0.026339199370080998,0.29305674055054415,670942305.6834427,13349607.829663573,4.501635775558143e+17,-1.6411670904929225e+19,-1.692202567621396e+19,True
ultimate_run,mixed_linear_sequence_dnase_h3k4me3_seed_43,mixed,DeepCRISPR,linear,linear,None,43,11736,2514,2499,0.08033061595114588,0.28509653904872906,0.28190749563180895,0.1599803081291275,0.12756931490258677,0.025593698989090582,0.05653238598041055,0.08033061595114588,False
ultimate_run,mixed_linear_sequence_dnase_h3k4me3_seed_44,mixed,DeepCRISPR,linear,linear,None,44,11709,2537,2503,0.06441631438328355,0.2597384774450792,0.24865987403318146,0.1642672425563337,0.12994412581482706,0.026983726977061376,0.05299660650774651,0.06441631438328355,False
ultimate_run,mixed_linear_sequence_dnase_h3k4me3_seed_45,mixed,DeepCRISPR,linear,linear,None,45,11694,2554,2501,0.06738225122811015,0.26643824877666866,0.2548747763330501,0.1567460857319913,0.12369643204932411,0.02456933539230077,0.04336616151517558,0.06738225122811015,False
ultimate_run,mixed_linear_sequence_dnase_rrbs_seed_42,mixed,DeepCRISPR,linear,linear,None,42,11738,2485,2526,-2.1003734615547953e+19,-0.02633919937217905,0.2922960822811773,747493229.0871888,14872726.566506112,5.5874612753119264e+17,-2.0370278764585755e+19,-2.1003734615547953e+19,True
ultimate_run,mixed_linear_sequence_dnase_rrbs_seed_43,mixed,DeepCRISPR,linear,linear,None,43,11736,2514,2499,0.08232306045776938,0.2882422744584448,0.28409066864750065,0.15980691716862397,0.12733954599216457,0.025538250774939444,0.057056190989160704,0.08232306045776938,False
ultimate_run,mixed_linear_sequence_dnase_rrbs_seed_44,mixed,DeepCRISPR,linear,linear,None,44,11709,2537,2503,0.06196677546635321,0.25622985570706597,0.24693582663499355,0.16448214368026423,0.12998139785922094,0.027054375589655087,0.05404027941104961,0.06196677546635321,False
ultimate_run,mixed_linear_sequence_dnase_rrbs_seed_45,mixed,DeepCRISPR,linear,linear,None,45,11694,2554,2501,0.07028855549379809,0.2709636817925317,0.2588852338341475,0.15650166229067017,0.12340472409210756,0.024492770299742974,0.04175824204027068,0.07028855549379809,False
ultimate_run,mixed_linear_sequence_dnase_seed_42,mixed,DeepCRISPR,linear,linear,None,42,11738,2485,2526,-4.532008090282079e+19,-0.02633919937863834,0.29598470620706296,1098005056.6918273,21846791.78153841,1.205615104520823e+18,-4.395326348049907e+19,-4.532008090282079e+19,True
ultimate_run,mixed_linear_sequence_dnase_seed_43,mixed,DeepCRISPR,linear,linear,None,43,11736,2514,2499,0.08243530767729135,0.2882731554879628,0.28534369744994303,0.15979714334196515,0.12749142738279606,0.025535127020252554,0.05866895623236823,0.08243530767729135,False
ultimate_run,mixed_linear_sequence_dnase_seed_44,mixed,DeepCRISPR,linear,linear,None,44,11709,2537,2503,0.06423903764066674,0.25919717013676374,0.24807012980768092,0.16428280470368015,0.13001495688505316,0.026988839921307513,0.0557828219780796,0.06423903764066674,False
ultimate_run,mixed_linear_sequence_dnase_seed_45,mixed,DeepCRISPR,linear,linear,None,45,11694,2554,2501,0.06917817010969551,0.26843506348029816,0.2562417587002022,0.15659509197975274,0.12356876531948781,0.024522022832147224,0.0457309687579498,0.06917817010969551,False
ultimate_run,mixed_linear_sequence_h3k4me3_rrbs_seed_42,mixed,DeepCRISPR,linear,linear,None,42,11738,2485,2526,0.08517247528483418,0.29249003547391167,0.29047820758220805,0.15600144222609896,0.12204736140985932,0.02433644997662289,0.06744662398012802,0.08517247528483418,False
ultimate_run,mixed_linear_sequence_h3k4me3_rrbs_seed_43,mixed,DeepCRISPR,linear,linear,None,43,11736,2514,2499,0.08154101099366295,0.2868328275915215,0.28060253140096664,0.15987499684534898,0.12735525209684667,0.025560014616300347,0.06043140228892663,0.08154101099366295,False
ultimate_run,mixed_linear_sequence_h3k4me3_rrbs_seed_44,mixed,DeepCRISPR,linear,linear,None,44,11709,2537,2503,0.0589571781682634,0.2505320012599395,0.2480125320418717,0.16474579563676156,0.12996173458326127,0.027141177179989602,0.054767016525165024,0.0589571781682634,False
ultimate_run,mixed_linear_sequence_h3k4me3_rrbs_seed_45,mixed,DeepCRISPR,linear,linear,None,45,11694,2554,2501,0.06795474113464606,0.26749073113527494,0.25577653251020954,0.15669796884411338,0.12361926827061663,0.02455425343987073,0.04043488770394188,0.06795474113464606,False
ultimate_run,mixed_linear_sequence_h3k4me3_seed_42,mixed,DeepCRISPR,linear,linear,None,42,11738,2485,2526,0.08847453880967926,0.29760433201469744,0.2937813091900834,0.15571964465464183,0.12186543099020666,0.024248607731367923,0.07038490892264482,0.08847453880967926,False
ultimate_run,mixed_linear_sequence_h3k4me3_seed_43,mixed,DeepCRISPR,linear,linear,None,43,11736,2514,2499,0.08192267722270596,0.28731254080775764,0.281928952948423,0.15984177531432708,0.12749245775655604,0.025549393135635822,0.062215534101029646,0.08192267722270596,False
ultimate_run,mixed_linear_sequence_h3k4me3_seed_44,mixed,DeepCRISPR,linear,linear,None,44,11709,2537,2503,0.061211810584308024,0.25348267001168473,0.24941798834899895,0.16454832111575343,0.1300048859344349,0.027076149982013107,0.056535279341952904,0.061211810584308024,False
ultimate_run,mixed_linear_sequence_h3k4me3_seed_45,mixed,DeepCRISPR,linear,linear,None,45,11694,2554,2501,0.06690281821111432,0.264977467879833,0.2529630249921278,0.15678636997134193,0.1237887781378083,0.02458196580879051,0.044455306001579764,0.06690281821111432,False
ultimate_run,mixed_linear_sequence_rrbs_seed_42,mixed,DeepCRISPR,linear,linear,None,42,11738,2485,2526,0.08966976121946679,0.29953442716721523,0.2928231346694633,0.15561751878518124,0.12188768996969328,0.02421681215285624,0.07487967194997702,0.08966976121946679,False
ultimate_run,mixed_linear_sequence_rrbs_seed_43,mixed,DeepCRISPR,linear,linear,None,43,11736,2514,2499,0.0839262550658968,0.2904739567390614,0.28385447163208904,0.15966726367418493,0.12725638942164583,0.0254936350892017,0.06254808354114594,0.0839262550658968,False
ultimate_run,mixed_linear_sequence_rrbs_seed_44,mixed,DeepCRISPR,linear,linear,None,44,11709,2537,2503,0.05876216664335754,0.24978402571033395,0.24732044429941707,0.16476286481991995,0.1300955780897523,0.02714680162366721,0.05794183747692072,0.05876216664335754,False
ultimate_run,mixed_linear_sequence_rrbs_seed_45,mixed,DeepCRISPR,linear,linear,None,45,11694,2554,2501,0.06966483488760056,0.2693869956299744,0.25675302719316895,0.1565541500524089,0.12350845335748048,0.024509201898632163,0.042752143937266784,0.06966483488760056,False
ultimate_run,mixed_linear_sequence_seed_42,mixed,DeepCRISPR,linear,linear,None,42,11738,2485,2526,0.09297504274935853,0.30500627574231326,0.29636252047133205,0.15533474917576806,0.12174385611602905,0.02412888430149878,0.07794498638572689,0.09297504274935853,False
ultimate_run,mixed_linear_sequence_seed_43,mixed,DeepCRISPR,linear,linear,None,43,11736,2514,2499,0.08414727470167482,0.2907664059698808,0.28509590613467956,0.1596480011805914,0.12740501294151696,0.025487484280958112,0.06431406512857785,0.08414727470167482,False
ultimate_run,mixed_linear_sequence_seed_44,mixed,DeepCRISPR,linear,linear,None,44,11709,2537,2503,0.06096086272087131,0.25282315749601636,0.24874730121340194,0.1645703123864867,0.13006274303279242,0.027083387718985816,0.059680395705670075,0.06096086272087131,False
ultimate_run,mixed_linear_sequence_seed_45,mixed,DeepCRISPR,linear,linear,None,45,11694,2554,2501,0.06852815602082207,0.2668011861747135,0.25403176079600404,0.1566497593976044,0.12367419901514622,0.024539147119327347,0.04687236861236033,0.06852815602082207,False
ultimate_run,mixed_mlp_all_seed_42,mixed,DeepCRISPR,mlp,mlp,None,42,11738,2485,2526,0.08726601045486082,0.29932079205041145,0.28190281162788616,0.15582283939672328,0.12405553582982871,0.02428075727765702,0.08628641644722335,0.08726601045486082,False
ultimate_run,mixed_mlp_all_seed_43,mixed,DeepCRISPR,mlp,mlp,None,43,11736,2514,2499,0.08746855107312146,0.3035825854450701,0.30101462849495175,0.15935826206191925,0.12459911279830424,0.025395055687395335,0.07600514270763559,0.08746855107312146,False
ultimate_run,mixed_mlp_all_seed_44,mixed,DeepCRISPR,mlp,mlp,None,44,11709,2537,2503,0.05537236962165182,0.24581149719744083,0.2476101405550191,0.16505928868424327,0.1302920585770578,0.027244568780948355,0.06867751854067972,0.05537236962165182,False
ultimate_run,mixed_mlp_all_seed_45,mixed,DeepCRISPR,mlp,mlp,None,45,11694,2554,2501,0.06979976572989399,0.27060588511286693,0.24833311168894479,0.15654279675194996,0.12271748178450745,0.024505647214922318,0.05575564785203302,0.06979976572989399,False
ultimate_run,mixed_mlp_sequence_ctcf_dnase_h3k4me3_seed_42,mixed,DeepCRISPR,mlp,mlp,None,42,11738,2485,2526,0.07717848406949701,0.2796480854863688,0.26256178892986154,0.15668154948788188,0.1229713826632526,0.02454910794992358,0.08473450438378816,0.07717848406949701,False
ultimate_run,mixed_mlp_sequence_ctcf_dnase_h3k4me3_seed_43,mixed,DeepCRISPR,mlp,mlp,None,43,11736,2514,2499,0.08408744698293447,0.2959430681128569,0.29339522540321256,0.15965321556685047,0.12569335172406673,0.025489149240835222,0.07899225654811726,0.08408744698293447,False
ultimate_run,mixed_mlp_sequence_ctcf_dnase_h3k4me3_seed_44,mixed,DeepCRISPR,mlp,mlp,None,44,11709,2537,2503,0.06415303387890359,0.2616142069968489,0.25432781501261853,0.16429035396847141,0.1301039639667653,0.026991320407085635,0.08047569627424866,0.06415303387890359,False
ultimate_run,mixed_mlp_sequence_ctcf_dnase_h3k4me3_seed_45,mixed,DeepCRISPR,mlp,mlp,None,45,11694,2554,2501,0.07412540295504821,0.28179999986112014,0.25599086244463276,0.1561783932713845,0.1225835897600003,0.02439169052483124,0.05856006281240145,0.07412540295504821,False
ultimate_run,mixed_mlp_sequence_ctcf_dnase_rrbs_seed_42,mixed,DeepCRISPR,mlp,mlp,None,42,11738,2485,2526,0.07475482395438782,0.29844098803451774,0.2760886594223811,0.15688716552923224,0.12627669006616446,0.02461358270779672,0.08211670649503,0.07475482395438782,False
ultimate_run,mixed_mlp_sequence_ctcf_dnase_rrbs_seed_43,mixed,DeepCRISPR,mlp,mlp,None,43,11736,2514,2499,0.08696914772366948,0.2950536610128421,0.2897654309531942,0.15940186229310502,0.1264936773021625,0.025408953702510013,0.0687131399621479,0.08696914772366948,False
ultimate_run,mixed_mlp_sequence_ctcf_dnase_rrbs_seed_44,mixed,DeepCRISPR,mlp,mlp,None,44,11709,2537,2503,0.05402664117446099,0.25210136460728405,0.24097888666129882,0.16517681961331135,0.1322822121857162,0.027283381737568398,0.06393730081723548,0.05402664117446099,False
ultimate_run,mixed_mlp_sequence_ctcf_dnase_rrbs_seed_45,mixed,DeepCRISPR,mlp,mlp,None,45,11694,2554,2501,0.08345813746826314,0.2958742247393759,0.2701672634815952,0.15538926742037457,0.1217269711511782,0.02414582442944068,0.06393112655891453,0.08345813746826314,False
ultimate_run,mixed_mlp_sequence_ctcf_dnase_seed_42,mixed,DeepCRISPR,mlp,mlp,None,42,11738,2485,2526,0.08750118685695318,0.307250062905022,0.28856460607085693,0.15580276333074267,0.12471184790624933,0.024274501061495413,0.08520106956488793,0.08750118685695318,False
ultimate_run,mixed_mlp_sequence_ctcf_dnase_seed_43,mixed,DeepCRISPR,mlp,mlp,None,43,11736,2514,2499,0.07680604080093867,0.28964363634946483,0.2898272852423093,0.16028657221655737,0.1241734339829291,0.025691785232933664,0.08232140757629414,0.07680604080093867,False
ultimate_run,mixed_mlp_sequence_ctcf_dnase_seed_44,mixed,DeepCRISPR,mlp,mlp,None,44,11709,2537,2503,0.053309311806506,0.25547509537219987,0.2544586928572255,0.16523943434187258,0.12990991663428852,0.027304070661622014,0.07023469655237546,0.053309311806506,False
ultimate_run,mixed_mlp_sequence_ctcf_dnase_seed_45,mixed,DeepCRISPR,mlp,mlp,None,45,11694,2554,2501,0.07841456935521984,0.2881679566834396,0.2531707285404953,0.1558162207213512,0.12194472606483678,0.024278694639884836,0.06153730369672106,0.07841456935521984,False
ultimate_run,mixed_mlp_sequence_ctcf_h3k4me3_rrbs_seed_42,mixed,DeepCRISPR,mlp,mlp,None,42,11738,2485,2526,0.08425186169831933,0.2987069692000691,0.28080067739349795,0.15607991654512152,0.12453847689830755,0.024360940348732096,0.08264378259241845,0.08425186169831933,False
ultimate_run,mixed_mlp_sequence_ctcf_h3k4me3_rrbs_seed_43,mixed,DeepCRISPR,mlp,mlp,None,43,11736,2514,2499,0.07297914157921215,0.2842574620353523,0.28163522279184383,0.16061844515990512,0.12576100564935488,0.025798284925585443,0.06425885162542821,0.07297914157921215,False
ultimate_run,mixed_mlp_sequence_ctcf_h3k4me3_rrbs_seed_44,mixed,DeepCRISPR,mlp,mlp,None,44,11709,2537,2503,0.05034616178198348,0.24795074104018927,0.24070112710711716,0.16549783273034874,0.13122378399798776,0.027389532638442488,0.07049233147723766,0.05034616178198348,False
ultimate_run,mixed_mlp_sequence_ctcf_h3k4me3_rrbs_seed_45,mixed,DeepCRISPR,mlp,mlp,None,45,11694,2554,2501,0.07539879310307374,0.2787778254652596,0.250610612585767,0.15607095731005435,0.12331433167355917,0.024358143715676805,0.05389610550118362,0.07539879310307374,False
ultimate_run,mixed_mlp_sequence_ctcf_h3k4me3_seed_42,mixed,DeepCRISPR,mlp,mlp,None,42,11738,2485,2526,0.09080491879135544,0.306629337710906,0.29256617139484026,0.15552046306782194,0.12384447422531304,0.02418661443282977,0.0827458096509679,0.09080491879135544,False
ultimate_run,mixed_mlp_sequence_ctcf_h3k4me3_seed_43,mixed,DeepCRISPR,mlp,mlp,None,43,11736,2514,2499,0.07187675621125322,0.2912667125296249,0.28672985773153375,0.160713918100891,0.12558182498785153,0.025828963471339905,0.07437864829067575,0.07187675621125322,False
ultimate_run,mixed_mlp_sequence_ctcf_h3k4me3_seed_44,mixed,DeepCRISPR,mlp,mlp,None,44,11709,2537,2503,0.061845455385450054,0.2687911573788684,0.25291145437901474,0.1644927799462733,0.1277850765911278,0.02705787465445309,0.07182906280644419,0.061845455385450054,False
ultimate_run,mixed_mlp_sequence_ctcf_h3k4me3_seed_45,mixed,DeepCRISPR,mlp,mlp,None,45,11694,2554,2501,0.06922243732817523,0.26936029700971015,0.2477245662746657,0.15659136832859538,0.12312738238742146,0.024520856635021824,0.055870501262599404,0.06922243732817523,False
ultimate_run,mixed_mlp_sequence_ctcf_rrbs_seed_42,mixed,DeepCRISPR,mlp,mlp,None,42,11738,2485,2526,0.09234171071791697,0.30906116848022247,0.2962993595693557,0.15538897111542546,0.12370987387677249,0.02414573234431053,0.08998699511550601,0.09234171071791697,False
ultimate_run,mixed_mlp_sequence_ctcf_rrbs_seed_43,mixed,DeepCRISPR,mlp,mlp,None,43,11736,2514,2499,0.0724906044040231,0.27683657149808866,0.27843609932273916,0.1606607623016296,0.12525959853948906,0.02581188054334073,0.07168294039435497,0.0724906044040231,False
ultimate_run,mixed_mlp_sequence_ctcf_rrbs_seed_44,mixed,DeepCRISPR,mlp,mlp,None,44,11709,2537,2503,0.04737317123657925,0.24988731569020117,0.24089422759933513,0.1657566844250745,0.13204450217379637,0.027475278431593735,0.060085033123634335,0.04737317123657925,False
ultimate_run,mixed_mlp_sequence_ctcf_rrbs_seed_45,mixed,DeepCRISPR,mlp,mlp,None,45,11694,2554,2501,0.05106138129023707,0.2574374939933937,0.23588624655368517,0.15811167042568172,0.12229921465920864,0.024999300324799394,0.047947326088093045,0.05106138129023707,False
ultimate_run,mixed_mlp_sequence_ctcf_seed_42,mixed,DeepCRISPR,mlp,mlp,None,42,11738,2485,2526,0.09482068932342769,0.31185011517573913,0.29569178406,0.1551766283670589,0.12318993524549578,0.024079785991368306,0.08827522337643989,0.09482068932342769,False
ultimate_run,mixed_mlp_sequence_ctcf_seed_43,mixed,DeepCRISPR,mlp,mlp,None,43,11736,2514,2499,0.07922982104470755,0.2852585203598746,0.28319529373175745,0.1600760234185977,0.1257702345425189,0.02562433327351144,0.06738980114442283,0.07922982104470755,False
ultimate_run,mixed_mlp_sequence_ctcf_seed_44,mixed,DeepCRISPR,mlp,mlp,None,44,11709,2537,2503,0.058627635361203856,0.2542382171537318,0.2490894921690366,0.16477463919122531,0.12852517061443017,0.027150681720598483,0.06420008996644389,0.058627635361203856,False
ultimate_run,mixed_mlp_sequence_ctcf_seed_45,mixed,DeepCRISPR,mlp,mlp,None,45,11694,2554,2501,0.06026878054528806,0.2643033633352309,0.23828793003595308,0.1573427345713338,0.12410461381609804,0.024756736122385204,0.059971328237868105,0.06026878054528806,False
ultimate_run,mixed_mlp_sequence_dnase_h3k4me3_rrbs_seed_42,mixed,DeepCRISPR,mlp,mlp,None,42,11738,2485,2526,0.08930064342862809,0.29885866958756047,0.28813450424008863,0.15564906523432423,0.12217168357923193,0.024226631508318924,0.08002082762647111,0.08930064342862809,False
ultimate_run,mixed_mlp_sequence_dnase_h3k4me3_rrbs_seed_43,mixed,DeepCRISPR,mlp,mlp,None,43,11736,2514,2499,0.07984759598314772,0.28722173337057477,0.2905859783633996,0.16002231427888094,0.1251597986891767,0.025607141067168947,0.0679462066001193,0.07984759598314772,False
ultimate_run,mixed_mlp_sequence_dnase_h3k4me3_rrbs_seed_44,mixed,DeepCRISPR,mlp,mlp,None,44,11709,2537,2503,0.05742034204550206,0.2604710405631433,0.2595922170534421,0.16488026560823058,0.129948870076482,0.027185501987040662,0.07036839619011737,0.05742034204550206,False
ultimate_run,mixed_mlp_sequence_dnase_h3k4me3_rrbs_seed_45,mixed,DeepCRISPR,mlp,mlp,None,45,11694,2554,2501,0.08125585450836981,0.2884604391676738,0.26649957437746846,0.15557584144859585,0.12239910501331633,0.024203842442438634,0.05652473263616131,0.08125585450836981,False
ultimate_run,mixed_mlp_sequence_dnase_h3k4me3_seed_42,mixed,DeepCRISPR,mlp,mlp,None,42,11738,2485,2526,0.0834835881717455,0.29842088917205023,0.2910348237452475,0.15614537500644257,0.12469622204483714,0.02438137813590258,0.07992098084201216,0.0834835881717455,False
ultimate_run,mixed_mlp_sequence_dnase_h3k4me3_seed_43,mixed,DeepCRISPR,mlp,mlp,None,43,11736,2514,2499,0.0791367631304738,0.2966393565666626,0.28829843659443116,0.1600841122798803,0.12405496563707177,0.025626923004437314,0.07388234338316413,0.0791367631304738,False
ultimate_run,mixed_mlp_sequence_dnase_h3k4me3_seed_44,mixed,DeepCRISPR,mlp,mlp,None,44,11709,2537,2503,0.062365403908072214,0.2685643836841494,0.27174056509730754,0.16444719063900232,0.12851607968567122,0.027042878509060373,0.07362892448756508,0.062365403908072214,False
ultimate_run,mixed_mlp_sequence_dnase_h3k4me3_seed_45,mixed,DeepCRISPR,mlp,mlp,None,45,11694,2554,2501,0.07558854078552324,0.2763232674215861,0.24938656613305787,0.15605494196108985,0.12337407180212304,0.02435314491047912,0.05828408141219654,0.07558854078552324,False
ultimate_run,mixed_mlp_sequence_dnase_rrbs_seed_42,mixed,DeepCRISPR,mlp,mlp,None,42,11738,2485,2526,0.0804530578389906,0.2975422742784553,0.28890200703117225,0.15640331516114236,0.1255514165867128,0.024461996993395622,0.0791596337222622,0.0804530578389906,False
ultimate_run,mixed_mlp_sequence_dnase_rrbs_seed_43,mixed,DeepCRISPR,mlp,mlp,None,43,11736,2514,2499,0.07737825885041882,0.2924980094290196,0.2988211373261133,0.1602368897605578,0.12387613814024415,0.025675860840137153,0.07606893818484484,0.07737825885041882,False
ultimate_run,mixed_mlp_sequence_dnase_rrbs_seed_44,mixed,DeepCRISPR,mlp,mlp,None,44,11709,2537,2503,0.05869267601134198,0.2624326866350936,0.2535942963498478,0.16476894684503904,0.13179632108673436,0.0271488058444233,0.06085988716163049,0.05869267601134198,False
ultimate_run,mixed_mlp_sequence_dnase_rrbs_seed_45,mixed,DeepCRISPR,mlp,mlp,None,45,11694,2554,2501,0.06844575102496941,0.27399859206065896,0.251705200788461,0.15665668845153605,0.12222771785407346,0.024541318036601624,0.060841131019924055,0.06844575102496941,False
ultimate_run,mixed_mlp_sequence_dnase_seed_42,mixed,DeepCRISPR,mlp,mlp,None,42,11738,2485,2526,0.08381510169718809,0.2991715427949094,0.29148678322349997,0.15611713274866604,0.12492151322594805,0.02437255913766461,0.08182854612589097,0.08381510169718809,False
ultimate_run,mixed_mlp_sequence_dnase_seed_43,mixed,DeepCRISPR,mlp,mlp,None,43,11736,2514,2499,0.07619764217903358,0.29234484273085276,0.2960250316710862,0.16033937914163005,0.12431092458231063,0.02570871650352339,0.07281690501698646,0.07619764217903358,False
ultimate_run,mixed_mlp_sequence_dnase_seed_44,mixed,DeepCRISPR,mlp,mlp,None,44,11709,2537,2503,0.05290494289796588,0.2505912221476999,0.2488060651799291,0.16527472071204183,0.12856664639219337,0.02731573330644343,0.06063549725020445,0.05290494289796588,False
ultimate_run,mixed_mlp_sequence_dnase_seed_45,mixed,DeepCRISPR,mlp,mlp,None,45,11694,2554,2501,0.06407417355356548,0.27628693175831387,0.2597052464928445,0.15702383576666015,0.12140296989468997,0.02465648499887506,0.05607877032886188,0.06407417355356548,False
ultimate_run,mixed_mlp_sequence_h3k4me3_rrbs_seed_42,mixed,DeepCRISPR,mlp,mlp,None,42,11738,2485,2526,0.09147625298114759,0.3025792640125889,0.29528467496455274,0.15546303563212185,0.12212263997612617,0.02416875544795439,0.07984308204952761,0.09147625298114759,False
ultimate_run,mixed_mlp_sequence_h3k4me3_rrbs_seed_43,mixed,DeepCRISPR,mlp,mlp,None,43,11736,2514,2499,0.06961536137637858,0.2756570990679223,0.2775383280320885,0.16090959066639146,0.12478277014667487,0.025891896368425656,0.07210034288257228,0.06961536137637858,False
ultimate_run,mixed_mlp_sequence_h3k4me3_rrbs_seed_44,mixed,DeepCRISPR,mlp,mlp,None,44,11709,2537,2503,0.058241467680075654,0.26039078848978553,0.24336064347601805,0.1648084324692353,0.1321321049842074,0.02716181941296649,0.06822175358627769,0.058241467680075654,False
ultimate_run,mixed_mlp_sequence_h3k4me3_rrbs_seed_45,mixed,DeepCRISPR,mlp,mlp,None,45,11694,2554,2501,0.06114783634033405,0.26343655623341605,0.24884023929401342,0.1572691255432627,0.12358915199905389,0.024733577849142527,0.04920136798403929,0.06114783634033405,False
ultimate_run,mixed_mlp_sequence_h3k4me3_seed_42,mixed,DeepCRISPR,mlp,mlp,None,42,11738,2485,2526,0.09112294036706003,0.3022209577391477,0.2949739002251926,0.15549326143119116,0.12258417555899516,0.024178154350508758,0.08432460526695185,0.09112294036706003,False
ultimate_run,mixed_mlp_sequence_h3k4me3_seed_43,mixed,DeepCRISPR,mlp,mlp,None,43,11736,2514,2499,0.07531588588454763,0.28195331468424606,0.2808303254066671,0.16041588172648602,0.12493796349549592,0.025733255110085954,0.06948978798232297,0.07531588588454763,False
ultimate_run,mixed_mlp_sequence_h3k4me3_seed_44,mixed,DeepCRISPR,mlp,mlp,None,44,11709,2537,2503,0.059073975187395766,0.254415968598212,0.2512596088285843,0.16473557165200625,0.12875570708054557,0.02713780856751329,0.06157787943539872,0.059073975187395766,False
ultimate_run,mixed_mlp_sequence_h3k4me3_seed_45,mixed,DeepCRISPR,mlp,mlp,None,45,11694,2554,2501,0.06161575863917457,0.2613256711246303,0.2383865474893641,0.15722992932838242,0.12302215350612604,0.02472125067660813,0.05437809382179215,0.06161575863917457,False
ultimate_run,mixed_mlp_sequence_rrbs_seed_42,mixed,DeepCRISPR,mlp,mlp,None,42,11738,2485,2526,0.09375980948453388,0.3064114085488293,0.3022438492663203,0.1552675360731925,0.12138532234998212,0.024108007758240135,0.08058941572159184,0.09375980948453388,False
ultimate_run,mixed_mlp_sequence_rrbs_seed_43,mixed,DeepCRISPR,mlp,mlp,None,43,11736,2514,2499,0.07981944556596121,0.28452897972783553,0.28293359938337587,0.16002476205841926,0.12776291789782818,0.0256079244718537,0.05808431600755315,0.07981944556596121,False
ultimate_run,mixed_mlp_sequence_rrbs_seed_44,mixed,DeepCRISPR,mlp,mlp,None,44,11709,2537,2503,0.057299137657795596,0.2511629866948091,0.2494414731859449,0.164890866075299,0.12992273225801387,0.027188997715062186,0.06571577319890176,0.057299137657795596,False
ultimate_run,mixed_mlp_sequence_rrbs_seed_45,mixed,DeepCRISPR,mlp,mlp,None,45,11694,2554,2501,0.056850241432582105,0.2734882303865975,0.2563050012106136,0.1576286642041681,0.12131602020110054,0.024846795778790388,0.04361871500687542,0.056850241432582105,False
ultimate_run,mixed_mlp_sequence_seed_42,mixed,DeepCRISPR,mlp,mlp,None,42,11738,2485,2526,0.09005881881965705,0.3006608642932286,0.2942998867714078,0.15558426126716027,0.12210059722991075,0.024206462354047983,0.08205615841030467,0.09005881881965705,False
ultimate_run,mixed_mlp_sequence_seed_43,mixed,DeepCRISPR,mlp,mlp,None,43,11736,2514,2499,0.07770555131319745,0.28266708448015254,0.2800805448051698,0.16020846588118678,0.12823533203481055,0.025666752540003387,0.05642730413937824,0.07770555131319745,False
ultimate_run,mixed_mlp_sequence_seed_44,mixed,DeepCRISPR,mlp,mlp,None,44,11709,2537,2503,0.060776112819404426,0.25669563474836193,0.2529035816558745,0.16458650066473463,0.13003249387798183,0.02708871620106269,0.06426312096398856,0.060776112819404426,False
ultimate_run,mixed_mlp_sequence_seed_45,mixed,DeepCRISPR,mlp,mlp,None,45,11694,2554,2501,0.056140041470006063,0.2646464110960586,0.24280619833265327,0.15768800091284185,0.12200536466013623,0.02486550563188841,0.04852535762785737,0.056140041470006063,False
ultimate_run,mixed_transformer_all_seed_42,mixed,DeepCRISPR,transformer,transformer,None,42,11738,2485,2526,0.0733815978546728,0.28610404778096715,0.2645415570567271,0.15700354639616154,0.12259040863921389,0.02465011358097165,0.0828405685140593,0.0733815978546728,False
ultimate_run,mixed_transformer_all_seed_43,mixed,DeepCRISPR,transformer,transformer,None,43,11736,2514,2499,0.07880731571608912,0.2897790359659427,0.2845985533009737,0.16011274551151175,0.1249040129378864,0.025636091275234123,0.1028733592982285,0.07880731571608912,False
ultimate_run,mixed_transformer_all_seed_44,mixed,DeepCRISPR,transformer,transformer,None,44,11709,2537,2503,0.05928627265723496,0.2652351002670539,0.2706394004311371,0.16471698628128806,0.13098720996594113,0.027131685569590037,0.07383265243724224,0.05928627265723496,False
ultimate_run,mixed_transformer_all_seed_45,mixed,DeepCRISPR,transformer,transformer,None,45,11694,2554,2501,0.0697691150449824,0.2642717782496722,0.2548599561119756,0.15654537582269024,0.12384896601811599,0.02450645469146733,0.07025122125753314,0.0697691150449824,False
ultimate_run,mixed_transformer_sequence_ctcf_dnase_h3k4me3_seed_42,mixed,DeepCRISPR,transformer,transformer,None,42,11738,2485,2526,0.09742858127006704,0.31723623660503913,0.29282964749831425,0.15495292916363934,0.12271791896098656,0.02401041025639183,0.09961018982652448,0.09742858127006704,False
ultimate_run,mixed_transformer_sequence_ctcf_dnase_h3k4me3_seed_43,mixed,DeepCRISPR,transformer,transformer,None,43,11736,2514,2499,0.08062186558917261,0.28923098029811567,0.2836464173969102,0.15995497408126177,0.12659595857445458,0.025585593733337127,0.09777592398016899,0.08062186558917261,False
ultimate_run,mixed_transformer_sequence_ctcf_dnase_h3k4me3_seed_44,mixed,DeepCRISPR,transformer,transformer,None,44,11709,2537,2503,0.06721742505245765,0.2743035336684792,0.26426080113778855,0.16402115251977287,0.1300235025036248,0.02690293847391459,0.0785038833990418,0.06721742505245765,False
ultimate_run,mixed_transformer_sequence_ctcf_dnase_h3k4me3_seed_45,mixed,DeepCRISPR,transformer,transformer,None,45,11694,2554,2501,0.06996673390553343,0.264807184789871,0.25270772177950146,0.15652874663820363,0.12376050293614183,0.02450124852412694,0.07138997261327806,0.06996673390553343,False
ultimate_run,mixed_transformer_sequence_ctcf_dnase_rrbs_seed_42,mixed,DeepCRISPR,transformer,transformer,None,42,11738,2485,2526,0.08228329069862639,0.2876439048135224,0.27679931424782117,0.15624758789307377,0.12209876089480859,0.024413308722403815,0.08524574325463308,0.08228329069862639,False
ultimate_run,mixed_transformer_sequence_ctcf_dnase_rrbs_seed_43,mixed,DeepCRISPR,transformer,transformer,None,43,11736,2514,2499,0.06847488348104258,0.2731697551236245,0.27655255851187116,0.1610081830225546,0.12495726962836472,0.025923635000224442,0.0924489329204089,0.06847488348104258,False
ultimate_run,mixed_transformer_sequence_ctcf_dnase_rrbs_seed_44,mixed,DeepCRISPR,transformer,transformer,None,44,11709,2537,2503,0.07565448055414914,0.27627912818420713,0.2732960408925127,0.16327767858794773,0.12882504366000402,0.02665960032506916,0.08451311840155518,0.07565448055414914,False
ultimate_run,mixed_transformer_sequence_ctcf_dnase_rrbs_seed_45,mixed,DeepCRISPR,transformer,transformer,None,45,11694,2554,2501,0.06930382139078961,0.2642888830300994,0.24992650248051962,0.1565845222673976,0.12448829090749541,0.024518712613709134,0.07436492694592678,0.06930382139078961,False
ultimate_run,mixed_transformer_sequence_ctcf_dnase_seed_42,mixed,DeepCRISPR,transformer,transformer,None,42,11738,2485,2526,0.08916166833358397,0.299771085553652,0.2855385219369076,0.15566094100775676,0.12217430584735256,0.024230328555420334,0.09039344896701296,0.08916166833358397,False
ultimate_run,mixed_transformer_sequence_ctcf_dnase_seed_43,mixed,DeepCRISPR,transformer,transformer,None,43,11736,2514,2499,0.06528684107024463,0.27738956613865445,0.26966654747277224,0.16128346410611344,0.125332137836413,0.026012355794067986,0.10534618580645727,0.06528684107024463,False
ultimate_run,mixed_transformer_sequence_ctcf_dnase_seed_44,mixed,DeepCRISPR,transformer,transformer,None,44,11709,2537,2503,0.06135957451540264,0.2630552899827592,0.28259576864250147,0.16453537076982241,0.12805624006712707,0.027071888234362934,0.08127957117803153,0.06135957451540264,False
ultimate_run,mixed_transformer_sequence_ctcf_dnase_seed_45,mixed,DeepCRISPR,transformer,transformer,None,45,11694,2554,2501,0.07030332675923123,0.266400229772713,0.25136419680159905,0.15650041903568482,0.12430853522693149,0.024492381158344935,0.07589555876546938,0.07030332675923123,False
ultimate_run,mixed_transformer_sequence_ctcf_h3k4me3_rrbs_seed_42,mixed,DeepCRISPR,transformer,transformer,None,42,11738,2485,2526,0.08597933515120793,0.2978891665173311,0.27252922565120885,0.15593263195002172,0.12132720588641682,0.02431498570686093,0.08671219258301965,0.08597933515120793,False
ultimate_run,mixed_transformer_sequence_ctcf_h3k4me3_rrbs_seed_43,mixed,DeepCRISPR,transformer,transformer,None,43,11736,2514,2499,0.0854098998342202,0.3054564226690778,0.29573613752368966,0.15953791519421082,0.1230753171268622,0.025452346384515198,0.10121275434751709,0.0854098998342202,False
ultimate_run,mixed_transformer_sequence_ctcf_h3k4me3_rrbs_seed_44,mixed,DeepCRISPR,transformer,transformer,None,44,11709,2537,2503,0.064962490925773,0.26114151091082594,0.2574551613466752,0.1642192874595051,0.12932997595450363,0.02696797437370757,0.07613577168531294,0.064962490925773,False
ultimate_run,mixed_transformer_sequence_ctcf_h3k4me3_rrbs_seed_45,mixed,DeepCRISPR,transformer,transformer,None,45,11694,2554,2501,0.06703774629806236,0.27106191277856656,0.2528641357379233,0.15677503371923995,0.12431119121443082,0.024578411197668824,0.06828802725774674,0.06703774629806236,False
ultimate_run,mixed_transformer_sequence_ctcf_h3k4me3_seed_42,mixed,DeepCRISPR,transformer,transformer,None,42,11738,2485,2526,0.08617334926840747,0.2966472187824474,0.28467956487621776,0.15591608159252948,0.12140713475350508,0.024309824499168308,0.09032939395059925,0.08617334926840747,False
ultimate_run,mixed_transformer_sequence_ctcf_h3k4me3_seed_43,mixed,DeepCRISPR,transformer,transformer,None,43,11736,2514,2499,0.08470782246147024,0.3014571279037056,0.29708206787691666,0.15959913741446463,0.12588222370368476,0.025471884663441163,0.09587675885210178,0.08470782246147024,False
ultimate_run,mixed_transformer_sequence_ctcf_h3k4me3_seed_44,mixed,DeepCRISPR,transformer,transformer,None,44,11709,2537,2503,0.059991468798498704,0.2543752904061149,0.2572052642506412,0.16465523552915837,0.12987481307646143,0.02711134658716262,0.07587437175994949,0.059991468798498704,False
ultimate_run,mixed_transformer_sequence_ctcf_h3k4me3_seed_45,mixed,DeepCRISPR,transformer,transformer,None,45,11694,2554,2501,0.068089816849769,0.2609585266144583,0.24436314049521463,0.15668661378548146,0.12447992050639972,0.02455069493956063,0.06767785705049412,0.068089816849769,False
ultimate_run,mixed_transformer_sequence_ctcf_rrbs_seed_42,mixed,DeepCRISPR,transformer,transformer,None,42,11738,2485,2526,0.07852740238660083,0.285490716143959,0.2711725978765014,0.1565669943439957,0.12199138080299493,0.024513223717912782,0.08422169497847454,0.07852740238660083,False
ultimate_run,mixed_transformer_sequence_ctcf_rrbs_seed_43,mixed,DeepCRISPR,transformer,transformer,None,43,11736,2514,2499,0.07338347436706893,0.2861457392093306,0.27531117561487817,0.1605834133771009,0.12619878637511525,0.025787032651840864,0.09798553802646925,0.07338347436706893,False
ultimate_run,mixed_transformer_sequence_ctcf_rrbs_seed_44,mixed,DeepCRISPR,transformer,transformer,None,44,11709,2537,2503,0.05089798034496951,0.2393806171503698,0.23521495105926396,0.1654497425510573,0.1302044614699278,0.027373617310211134,0.07700461030601236,0.05089798034496951,False
ultimate_run,mixed_transformer_sequence_ctcf_rrbs_seed_45,mixed,DeepCRISPR,transformer,transformer,None,45,11694,2554,2501,0.0709093526341873,0.27055595993954523,0.2567005971385105,0.15644940306072877,0.12355897693016638,0.02447641571805837,0.07124508583071765,0.0709093526341873,False
ultimate_run,mixed_transformer_sequence_ctcf_seed_42,mixed,DeepCRISPR,transformer,transformer,None,42,11738,2485,2526,0.08229146664665188,0.2911840724198293,0.2815652945003451,0.15624689188580376,0.12222500775915783,0.02441309122397405,0.09454420584647472,0.08229146664665188,False
ultimate_run,mixed_transformer_sequence_ctcf_seed_43,mixed,DeepCRISPR,transformer,transformer,None,43,11736,2514,2499,0.08153420008638013,0.2924111635236433,0.29540663956290014,0.15987558962726667,0.12411969654366323,0.02556020415866618,0.10569493248695261,0.08153420008638013,False
ultimate_run,mixed_transformer_sequence_ctcf_seed_44,mixed,DeepCRISPR,transformer,transformer,None,44,11709,2537,2503,0.06771578373249543,0.2717149922464325,0.28074044375978735,0.16397733079315002,0.12853909412430933,0.026888565014046142,0.08498790895299624,0.06771578373249543,False
ultimate_run,mixed_transformer_sequence_ctcf_seed_45,mixed,DeepCRISPR,transformer,transformer,None,45,11694,2554,2501,0.06498647502813626,0.2593086126200098,0.24600047649245757,0.15694728696376897,0.12384257307439511,0.02463245088528765,0.06755334583724848,0.06498647502813626,False
ultimate_run,mixed_transformer_sequence_dnase_h3k4me3_rrbs_seed_42,mixed,DeepCRISPR,transformer,transformer,None,42,11738,2485,2526,0.0829553637997753,0.29534925574026394,0.2880983852993577,0.15619036487837648,0.1225662656521965,0.024395430080840382,0.08357606392930861,0.0829553637997753,False
ultimate_run,mixed_transformer_sequence_dnase_h3k4me3_rrbs_seed_43,mixed,DeepCRISPR,transformer,transformer,None,43,11736,2514,2499,0.09537405807936905,0.30972138060661947,0.29741399971742133,0.15866647864110098,0.12609299377149466,0.02517505144436695,0.09650736248164082,0.09537405807936905,False
ultimate_run,mixed_transformer_sequence_dnase_h3k4me3_rrbs_seed_44,mixed,DeepCRISPR,transformer,transformer,None,44,11709,2537,2503,0.06303985699114656,0.25998870354633274,0.2569488402818454,0.1643880354694546,0.12861754599649086,0.027023426205506663,0.07245352822095663,0.06303985699114656,False
ultimate_run,mixed_transformer_sequence_dnase_h3k4me3_rrbs_seed_45,mixed,DeepCRISPR,transformer,transformer,None,45,11694,2554,2501,0.06384015654485975,0.25321667343582377,0.2422963518805307,0.15704346550151785,0.12522747926811995,0.02466265005672643,0.06107426343082312,0.06384015654485975,False
ultimate_run,mixed_transformer_sequence_dnase_h3k4me3_seed_42,mixed,DeepCRISPR,transformer,transformer,None,42,11738,2485,2526,0.08474000359795553,0.29468170677578975,0.29167817718649625,0.156038311599568,0.12147329897674489,0.024347954686843875,0.08926624993098253,0.08474000359795553,False
ultimate_run,mixed_transformer_sequence_dnase_h3k4me3_seed_43,mixed,DeepCRISPR,transformer,transformer,None,43,11736,2514,2499,0.09977690414075002,0.3160153932261216,0.31316479632952526,0.15827989003510878,0.12511349746600303,0.025052523589526126,0.08990534903423752,0.09977690414075002,False
ultimate_run,mixed_transformer_sequence_dnase_h3k4me3_seed_44,mixed,DeepCRISPR,transformer,transformer,None,44,11709,2537,2503,0.06399783739631892,0.2620088106920662,0.2593275577871651,0.16430397597558452,0.12850357517056818,0.026995796521385455,0.07249009493101188,0.06399783739631892,False
ultimate_run,mixed_transformer_sequence_dnase_h3k4me3_seed_45,mixed,DeepCRISPR,transformer,transformer,None,45,11694,2554,2501,0.07315092545382795,0.28547167298645887,0.2738842907888422,0.15626056007161038,0.12133853194120507,0.024417362633893352,0.06949504987411459,0.07315092545382795,False
ultimate_run,mixed_transformer_sequence_dnase_rrbs_seed_42,mixed,DeepCRISPR,transformer,transformer,None,42,11738,2485,2526,0.06940323487093558,0.26392003885447246,0.2619293095607487,0.15734022657388166,0.12338338856784557,0.02475594689832042,0.07148230216497364,0.06940323487093558,False
ultimate_run,mixed_transformer_sequence_dnase_rrbs_seed_43,mixed,DeepCRISPR,transformer,transformer,None,43,11736,2514,2499,0.09411784121071898,0.31302736362849676,0.30218762234802127,0.15877660723073486,0.12642246905340013,0.02521001100370305,0.09252269634976051,0.09411784121071898,False
ultimate_run,mixed_transformer_sequence_dnase_rrbs_seed_44,mixed,DeepCRISPR,transformer,transformer,None,44,11709,2537,2503,0.0786544273147457,0.28527064352315423,0.27950070284874157,0.16301250587498256,0.12823676752783075,0.02657307707164122,0.0815118426067345,0.0786544273147457,False
ultimate_run,mixed_transformer_sequence_dnase_rrbs_seed_45,mixed,DeepCRISPR,transformer,transformer,None,45,11694,2554,2501,0.060033097441281935,0.24889547204845952,0.23424593454823617,0.15736246398891063,0.12490403403764776,0.02476294507266119,0.06159197029542973,0.060033097441281935,False
ultimate_run,mixed_transformer_sequence_dnase_seed_42,mixed,DeepCRISPR,transformer,transformer,None,42,11738,2485,2526,0.0882010990458012,0.29939283114739806,0.2951211640144867,0.15574299932320032,0.12342214612826484,0.024255881838186374,0.07394463759382108,0.0882010990458012,False
ultimate_run,mixed_transformer_sequence_dnase_seed_43,mixed,DeepCRISPR,transformer,transformer,None,43,11736,2514,2499,0.08400813041480237,0.29641229933703195,0.2944272217004661,0.1596601282742744,0.12397191781945592,0.025491356560557753,0.09256799252987724,0.08400813041480237,False
ultimate_run,mixed_transformer_sequence_dnase_seed_44,mixed,DeepCRISPR,transformer,transformer,None,44,11709,2537,2503,0.08014584703121652,0.299307968462563,0.29167001894514655,0.1628805149373195,0.12925236578063337,0.02653006214624636,0.08329724234786084,0.08014584703121652,False
ultimate_run,mixed_transformer_sequence_dnase_seed_45,mixed,DeepCRISPR,transformer,transformer,None,45,11694,2554,2501,0.06450183992803693,0.25653321597372253,0.24282144724699747,0.1569879560602781,0.12458045420816216,0.02464521834798381,0.063728919670195,0.06450183992803693,False
ultimate_run,mixed_transformer_sequence_h3k4me3_rrbs_seed_42,mixed,DeepCRISPR,transformer,transformer,None,42,11738,2485,2526,0.07971045958822509,0.284225999803915,0.27560710962046475,0.1564664557054859,0.12373567579779543,0.024481751761036778,0.08213922901265869,0.07971045958822509,False
ultimate_run,mixed_transformer_sequence_h3k4me3_rrbs_seed_43,mixed,DeepCRISPR,transformer,transformer,None,43,11736,2514,2499,0.09802467260130276,0.31755611725251326,0.3065619197102213,0.1584338564184723,0.12560663095804636,0.025101286859629094,0.0989618475894537,0.09802467260130276,False
ultimate_run,mixed_transformer_sequence_h3k4me3_rrbs_seed_44,mixed,DeepCRISPR,transformer,transformer,None,44,11709,2537,2503,0.06281896344248161,0.2624495703517531,0.26079930157213266,0.16440741202289294,0.1295003840681932,0.027029797128065282,0.0744145804942592,0.06281896344248161,False
ultimate_run,mixed_transformer_sequence_h3k4me3_rrbs_seed_45,mixed,DeepCRISPR,transformer,transformer,None,45,11694,2554,2501,0.0566848542096291,0.2541090332672234,0.24531905071806026,0.15764248418557597,0.12449215925728264,0.024851152820199566,0.06197018174422764,0.0566848542096291,False
ultimate_run,mixed_transformer_sequence_h3k4me3_seed_42,mixed,DeepCRISPR,transformer,transformer,None,42,11738,2485,2526,0.0651417848131507,0.297651868495883,0.2861530104337269,0.15770006646297893,0.12270330532554377,0.02486931096242797,0.08883776466427984,0.0651417848131507,False
ultimate_run,mixed_transformer_sequence_h3k4me3_seed_43,mixed,DeepCRISPR,transformer,transformer,None,43,11736,2514,2499,0.08679430609183758,0.2968212918382023,0.29608771786969207,0.15941712396116764,0.1260831618613117,0.02541381941205029,0.09489579448669716,0.08679430609183758,False
ultimate_run,mixed_transformer_sequence_h3k4me3_seed_44,mixed,DeepCRISPR,transformer,transformer,None,44,11709,2537,2503,0.06483136188604954,0.2593651293770285,0.2635397407649995,0.16423080205776294,0.1304802750458675,0.026971756344536114,0.07547712865778144,0.06483136188604954,False
ultimate_run,mixed_transformer_sequence_h3k4me3_seed_45,mixed,DeepCRISPR,transformer,transformer,None,45,11694,2554,2501,0.07369845973662603,0.27598303139889974,0.2685735458891716,0.15621439794253264,0.12245934381838519,0.024402938124547947,0.07114167925570525,0.07369845973662603,False
ultimate_run,mixed_transformer_sequence_rrbs_seed_42,mixed,DeepCRISPR,transformer,transformer,None,42,11738,2485,2526,0.08487768516765049,0.29441323091700183,0.2839603370859163,0.1560265748210802,0.12185377854887189,0.024344292050398137,0.09206148062154595,0.08487768516765049,False
ultimate_run,mixed_transformer_sequence_rrbs_seed_43,mixed,DeepCRISPR,transformer,transformer,None,43,11736,2514,2499,0.07836478475799624,0.2887996625327649,0.27792763968360695,0.16015119910566825,0.12477541352269937,0.02564840657498339,0.10107388293177355,0.07836478475799624,False
ultimate_run,mixed_transformer_sequence_rrbs_seed_44,mixed,DeepCRISPR,transformer,transformer,None,44,11709,2537,2503,0.06597124196557203,0.26508706664151693,0.2556813501677997,0.16413068081086465,0.13045711916824115,0.026938880383437933,0.08996852642108977,0.06597124196557203,False
ultimate_run,mixed_transformer_sequence_rrbs_seed_45,mixed,DeepCRISPR,transformer,transformer,None,45,11694,2554,2501,0.07288709537093674,0.27411630418101557,0.25587651218590407,0.15628279848360002,0.12475318776268861,0.024424313101865536,0.07212306908933419,0.07288709537093674,False
ultimate_run,mixed_transformer_sequence_seed_42,mixed,DeepCRISPR,transformer,transformer,None,42,11738,2485,2526,0.0657291531295433,0.28256579162853096,0.27058318179116786,0.15765051746449404,0.1256547070235715,0.024853685656822746,0.0985395277501212,0.0657291531295433,False
ultimate_run,mixed_transformer_sequence_seed_43,mixed,DeepCRISPR,transformer,transformer,None,43,11736,2514,2499,0.0965836058141214,0.32126314017701985,0.31153615155223907,0.15856036910750085,0.12446918064150635,0.02514139065150691,0.10675607948846777,0.0965836058141214,False
ultimate_run,mixed_transformer_sequence_seed_44,mixed,DeepCRISPR,transformer,transformer,None,44,11709,2537,2503,0.06897355208007117,0.2701577403117943,0.259333079152688,0.16386668046650238,0.12932114780531126,0.026852288967110796,0.10231951586810761,0.06897355208007117,False
ultimate_run,mixed_transformer_sequence_seed_45,mixed,DeepCRISPR,transformer,transformer,None,45,11694,2554,2501,0.08166385699581002,0.2891870286422509,0.2720260201989648,0.15554129299497124,0.12337685399965738,0.02419309382654749,0.0800388590179758,0.08166385699581002,False
ultimate_run,mixed_xgboost_all_seed_42,mixed,DeepCRISPR,xgboost,xgboost,None,42,11738,2485,2526,0.10610167489435507,0.32615573942655746,0.3136525208529783,0.15420663619404346,0.12059972427137369,0.023779686646282074,0.10078556322868515,0.10610167489435507,False
ultimate_run,mixed_xgboost_all_seed_43,mixed,DeepCRISPR,xgboost,xgboost,None,43,11736,2514,2499,0.09833315665870568,0.3142643668074879,0.3099517896637642,0.15840676116599847,0.12540017000910378,0.02509270198310168,0.10425903341100451,0.09833315665870568,False
ultimate_run,mixed_xgboost_all_seed_44,mixed,DeepCRISPR,xgboost,xgboost,None,44,11709,2537,2503,0.08738128292683423,0.29594940956738236,0.2896438118677277,0.16223865330124143,0.12792433297006348,0.02632138062500042,0.08963275893027345,0.08738128292683423,False
ultimate_run,mixed_xgboost_all_seed_45,mixed,DeepCRISPR,xgboost,xgboost,None,45,11694,2554,2501,0.09116578337306469,0.3038939873789243,0.28831752960472096,0.15473451605389543,0.12203506338340724,0.023942770458433228,0.0720846439757924,0.09116578337306469,False
ultimate_run,mixed_xgboost_sequence_ctcf_dnase_h3k4me3_seed_42,mixed,DeepCRISPR,xgboost,xgboost,None,42,11738,2485,2526,0.10948349950970049,0.3309009797919772,0.31819332849981813,0.1539146600501343,0.12094862010970892,0.023689722578348404,0.1025782758616074,0.10948349950970049,False
ultimate_run,mixed_xgboost_sequence_ctcf_dnase_h3k4me3_seed_43,mixed,DeepCRISPR,xgboost,xgboost,None,43,11736,2514,2499,0.09909674813413227,0.3149362161956857,0.3099987273677765,0.15833967226667228,0.1252142184096215,0.025071451813517186,0.10532810500831291,0.09909674813413227,False
ultimate_run,mixed_xgboost_sequence_ctcf_dnase_h3k4me3_seed_44,mixed,DeepCRISPR,xgboost,xgboost,None,44,11709,2537,2503,0.08964256167987439,0.2998417731700472,0.2892085939257942,0.16203753187473371,0.12789543814803844,0.026256161736055342,0.09329761245431434,0.08964256167987439,False
ultimate_run,mixed_xgboost_sequence_ctcf_dnase_h3k4me3_seed_45,mixed,DeepCRISPR,xgboost,xgboost,None,45,11694,2554,2501,0.08899820960442428,0.29931637883368006,0.2875624371020558,0.15491892742858102,0.12217768214695414,0.02399987407562195,0.07162486418825198,0.08899820960442428,False
ultimate_run,mixed_xgboost_sequence_ctcf_dnase_rrbs_seed_42,mixed,DeepCRISPR,xgboost,xgboost,None,42,11738,2485,2526,0.11022959370438912,0.3322225031443827,0.3158406917420003,0.15385017000579337,0.12028334379320924,0.02366987481081152,0.10327712342666917,0.11022959370438912,False
ultimate_run,mixed_xgboost_sequence_ctcf_dnase_rrbs_seed_43,mixed,DeepCRISPR,xgboost,xgboost,None,43,11736,2514,2499,0.09599595949401551,0.31012905702841237,0.30741906506198513,0.15861193019862138,0.12571253485527362,0.025157744401332338,0.10117579471511373,0.09599595949401551,False
ultimate_run,mixed_xgboost_sequence_ctcf_dnase_rrbs_seed_44,mixed,DeepCRISPR,xgboost,xgboost,None,44,11709,2537,2503,0.08445467931676764,0.2929547148760808,0.28787827407671174,0.1624985801319153,0.12859482687529247,0.02640578854488849,0.08469647588933837,0.08445467931676764,False
ultimate_run,mixed_xgboost_sequence_ctcf_dnase_rrbs_seed_45,mixed,DeepCRISPR,xgboost,xgboost,None,45,11694,2554,2501,0.09660996596016824,0.3133263669595602,0.2969963359492315,0.15427036742522623,0.12178738703042166,0.023799346265514307,0.0709098528934129,0.09660996596016824,False
ultimate_run,mixed_xgboost_sequence_ctcf_dnase_seed_42,mixed,DeepCRISPR,xgboost,xgboost,None,42,11738,2485,2526,0.10528791350602162,0.3272969236345457,0.3138328225472018,0.1542768113227053,0.12063743851159528,0.02380133451190161,0.10615933347286255,0.10528791350602162,False
ultimate_run,mixed_xgboost_sequence_ctcf_dnase_seed_43,mixed,DeepCRISPR,xgboost,xgboost,None,43,11736,2514,2499,0.09766560313905293,0.31291677031091125,0.30890673129973656,0.15846538893232293,0.1256050282036977,0.025111279489472376,0.10510339038569705,0.09766560313905293,False
ultimate_run,mixed_xgboost_sequence_ctcf_dnase_seed_44,mixed,DeepCRISPR,xgboost,xgboost,None,44,11709,2537,2503,0.08712521094496972,0.29589624050551494,0.286993005676202,0.1622614130029943,0.1281405263541313,0.026328766149728282,0.09403503548994174,0.08712521094496972,False
ultimate_run,mixed_xgboost_sequence_ctcf_dnase_seed_45,mixed,DeepCRISPR,xgboost,xgboost,None,45,11694,2554,2501,0.0918905441756781,0.3047025363454335,0.2914208607191662,0.1546728062960199,0.12197694744268597,0.023923677007486096,0.07127126502430159,0.0918905441756781,False
ultimate_run,mixed_xgboost_sequence_ctcf_h3k4me3_rrbs_seed_42,mixed,DeepCRISPR,xgboost,xgboost,None,42,11738,2485,2526,0.10496591682500456,0.3240652539902477,0.3120521129140509,0.154304570058306,0.12055885321779354,0.02380990034087866,0.10219520319499087,0.10496591682500456,False
ultimate_run,mixed_xgboost_sequence_ctcf_h3k4me3_rrbs_seed_43,mixed,DeepCRISPR,xgboost,xgboost,None,43,11736,2514,2499,0.09790319218265975,0.31412682989508334,0.3133226309191115,0.1584445252043126,0.1257512915710432,0.025104667567220046,0.10161276343136738,0.09790319218265975,False
ultimate_run,mixed_xgboost_sequence_ctcf_h3k4me3_rrbs_seed_44,mixed,DeepCRISPR,xgboost,xgboost,None,44,11709,2537,2503,0.08694900473516787,0.2952919820736657,0.28600289068886176,0.1622770723734537,0.12819165684308081,0.026333848218099136,0.08941612882850625,0.08694900473516787,False
ultimate_run,mixed_xgboost_sequence_ctcf_h3k4me3_rrbs_seed_45,mixed,DeepCRISPR,xgboost,xgboost,None,45,11694,2554,2501,0.09360363737878497,0.3082734695154192,0.2925645872063291,0.15452684701136707,0.12183569492079128,0.023878546447274444,0.07005035794555037,0.09360363737878497,False
ultimate_run,mixed_xgboost_sequence_ctcf_h3k4me3_seed_42,mixed,DeepCRISPR,xgboost,xgboost,None,42,11738,2485,2526,0.10505379456122577,0.3247811485918077,0.309092952550991,0.15429699477742134,0.12100190403408297,0.02380756259734359,0.10481466130547235,0.10505379456122577,False
ultimate_run,mixed_xgboost_sequence_ctcf_h3k4me3_seed_43,mixed,DeepCRISPR,xgboost,xgboost,None,43,11736,2514,2499,0.0967164610611464,0.3111703597728992,0.3028140177958038,0.15854870983738586,0.1253360034474701,0.02513769339109958,0.10344509882668007,0.0967164610611464,False
ultimate_run,mixed_xgboost_sequence_ctcf_h3k4me3_seed_44,mixed,DeepCRISPR,xgboost,xgboost,None,44,11709,2537,2503,0.08593430758720044,0.2935486877091161,0.2833656328456532,0.16236721868536208,0.12850421073813403,0.026363113703620194,0.09009196138048348,0.08593430758720044,False
ultimate_run,mixed_xgboost_sequence_ctcf_h3k4me3_seed_45,mixed,DeepCRISPR,xgboost,xgboost,None,45,11694,2554,2501,0.08495315685939508,0.2962241208263334,0.2859253681259698,0.15526248391596242,0.122519290820467,0.02410643891175449,0.07027133050439405,0.08495315685939508,False
ultimate_run,mixed_xgboost_sequence_ctcf_rrbs_seed_42,mixed,DeepCRISPR,xgboost,xgboost,None,42,11738,2485,2526,0.10513530527204684,0.32427113353312786,0.3110848183214727,0.15428996801758368,0.12072525900356633,0.023805394230867,0.09916633316566292,0.10513530527204684,False
ultimate_run,mixed_xgboost_sequence_ctcf_rrbs_seed_43,mixed,DeepCRISPR,xgboost,xgboost,None,43,11736,2514,2499,0.09861021653539137,0.3142238037339647,0.31225220540758303,0.1583824220600455,0.12556859372567447,0.025084991617606387,0.10681017377629931,0.09861021653539137,False
ultimate_run,mixed_xgboost_sequence_ctcf_rrbs_seed_44,mixed,DeepCRISPR,xgboost,xgboost,None,44,11709,2537,2503,0.08827657216838791,0.2977625439106238,0.28998725739566045,0.16215905480149007,0.12820350889509444,0.026295559054112662,0.08472215240449843,0.08827657216838791,False
ultimate_run,mixed_xgboost_sequence_ctcf_rrbs_seed_45,mixed,DeepCRISPR,xgboost,xgboost,None,45,11694,2554,2501,0.08938590765894505,0.3020349329653041,0.2888342108220739,0.15488595923963933,0.12216498912216668,0.023989660369583218,0.06794835889486739,0.08938590765894505,False
ultimate_run,mixed_xgboost_sequence_ctcf_seed_42,mixed,DeepCRISPR,xgboost,xgboost,None,42,11738,2485,2526,0.10780628243753188,0.3283590186867406,0.31288053155152257,0.15405953488357702,0.12064289284096645,0.023734340288544084,0.10521281556325712,0.10780628243753188,False
ultimate_run,mixed_xgboost_sequence_ctcf_seed_43,mixed,DeepCRISPR,xgboost,xgboost,None,43,11736,2514,2499,0.09949108350230085,0.31554535497669056,0.30977224344356324,0.1583050149564233,0.1252586917033564,0.0250604777603534,0.1012813352453924,0.09949108350230085,False
ultimate_run,mixed_xgboost_sequence_ctcf_seed_44,mixed,DeepCRISPR,xgboost,xgboost,None,44,11709,2537,2503,0.0865952527860101,0.2981388535400645,0.29252347332468065,0.16230850559663065,0.12819736544042826,0.02634405098901148,0.09413281763241055,0.0865952527860101,False
ultimate_run,mixed_xgboost_sequence_ctcf_seed_45,mixed,DeepCRISPR,xgboost,xgboost,None,45,11694,2554,2501,0.08995991192269093,0.30177694421104423,0.2902467176564039,0.15483713547528122,0.12208282345799679,0.02397453852219059,0.07084686924420835,0.08995991192269093,False
ultimate_run,mixed_xgboost_sequence_dnase_h3k4me3_rrbs_seed_42,mixed,DeepCRISPR,xgboost,xgboost,None,42,11738,2485,2526,0.10727176095767654,0.3277959031026404,0.31354781513554053,0.15410567721722235,0.12080597964969476,0.02374855975057872,0.10203882378109264,0.10727176095767654,False
ultimate_run,mixed_xgboost_sequence_dnase_h3k4me3_rrbs_seed_43,mixed,DeepCRISPR,xgboost,xgboost,None,43,11736,2514,2499,0.09384242739915627,0.3076568194066048,0.3090502402685564,0.15880074168737,0.12551284792412185,0.025217675560458806,0.10648351185666338,0.09384242739915627,False
ultimate_run,mixed_xgboost_sequence_dnase_h3k4me3_rrbs_seed_44,mixed,DeepCRISPR,xgboost,xgboost,None,44,11709,2537,2503,0.0854182216275794,0.2937052132928623,0.2886585775252799,0.16241304888010108,0.12800378541384358,0.0263779984465301,0.09319558848502851,0.0854182216275794,False
ultimate_run,mixed_xgboost_sequence_dnase_h3k4me3_rrbs_seed_45,mixed,DeepCRISPR,xgboost,xgboost,None,45,11694,2554,2501,0.08715024669923388,0.2964332897886753,0.28538486779843214,0.15507597398964174,0.12242393103304462,0.024048557708836037,0.06967485986232835,0.08715024669923388,False
ultimate_run,mixed_xgboost_sequence_dnase_h3k4me3_seed_42,mixed,DeepCRISPR,xgboost,xgboost,None,42,11738,2485,2526,0.10723039000042445,0.32831336569446634,0.31732469201691826,0.15410924797103281,0.12101292555171896,0.023749660310197283,0.10029275823779393,0.10723039000042445,False
ultimate_run,mixed_xgboost_sequence_dnase_h3k4me3_seed_43,mixed,DeepCRISPR,xgboost,xgboost,None,43,11736,2514,2499,0.09698383021784052,0.3127926657818649,0.31226520800938984,0.15852524313485836,0.1257037312086929,0.025130252710965955,0.09946271734209566,0.09698383021784052,False
ultimate_run,mixed_xgboost_sequence_dnase_h3k4me3_seed_44,mixed,DeepCRISPR,xgboost,xgboost,None,44,11709,2537,2503,0.08695578406157878,0.29566600516865893,0.29092638889652866,0.1622764699255672,0.1280281497649268,0.02633365269150352,0.09406122356833746,0.08695578406157878,False
ultimate_run,mixed_xgboost_sequence_dnase_h3k4me3_seed_45,mixed,DeepCRISPR,xgboost,xgboost,None,45,11694,2554,2501,0.08664217443113742,0.2953544967922198,0.28788404891894415,0.1551191239392505,0.12239997829524249,0.024061942611680556,0.07343157237191467,0.08664217443113742,False
ultimate_run,mixed_xgboost_sequence_dnase_rrbs_seed_42,mixed,DeepCRISPR,xgboost,xgboost,None,42,11738,2485,2526,0.1079402659588442,0.32860546598476453,0.31510614538508763,0.15404796664812845,0.12069258028513913,0.02373077602842289,0.09690948629887441,0.1079402659588442,False
ultimate_run,mixed_xgboost_sequence_dnase_rrbs_seed_43,mixed,DeepCRISPR,xgboost,xgboost,None,43,11736,2514,2499,0.09910592584470557,0.3153297419209848,0.3168307161472688,0.1583388657431181,0.12548338285454566,0.025071196404817173,0.10043119434506731,0.09910592584470557,False
ultimate_run,mixed_xgboost_sequence_dnase_rrbs_seed_44,mixed,DeepCRISPR,xgboost,xgboost,None,44,11709,2537,2503,0.08898996963719219,0.300015155659575,0.2930832015073753,0.1620955999782446,0.12792215095010642,0.026274983532307093,0.09278086536957375,0.08898996963719219,False
ultimate_run,mixed_xgboost_sequence_dnase_rrbs_seed_45,mixed,DeepCRISPR,xgboost,xgboost,None,45,11694,2554,2501,0.08368123701029917,0.2908331852316602,0.28262592295083216,0.15537035427210397,0.12266241244607098,0.024139946986639092,0.06722751080532796,0.08368123701029917,False
ultimate_run,mixed_xgboost_sequence_dnase_seed_42,mixed,DeepCRISPR,xgboost,xgboost,None,42,11738,2485,2526,0.10541659428287975,0.3246916189573466,0.31357866837975773,0.15426571659508473,0.12119834102785482,0.023797911316595,0.10165119079737617,0.10541659428287975,False
ultimate_run,mixed_xgboost_sequence_dnase_seed_43,mixed,DeepCRISPR,xgboost,xgboost,None,43,11736,2514,2499,0.09730899888388811,0.3131591712772628,0.3110247487012567,0.15849669874946534,0.1256485384852937,0.02512120351447877,0.0992765615212674,0.09730899888388811,False
ultimate_run,mixed_xgboost_sequence_dnase_seed_44,mixed,DeepCRISPR,xgboost,xgboost,None,44,11709,2537,2503,0.08651990703616397,0.29491942509758334,0.2910661767996989,0.16231519978336104,0.12817627596927497,0.026346224080712403,0.09488065486623365,0.08651990703616397,False
ultimate_run,mixed_xgboost_sequence_dnase_seed_45,mixed,DeepCRISPR,xgboost,xgboost,None,45,11694,2554,2501,0.08160107965507735,0.2890295521289258,0.28124904181593957,0.1555466092955187,0.12283816460585847,0.024194747663332742,0.06806346278219055,0.08160107965507735,False
ultimate_run,mixed_xgboost_sequence_h3k4me3_rrbs_seed_42,mixed,DeepCRISPR,xgboost,xgboost,None,42,11738,2485,2526,0.10176051297570177,0.3190233699001213,0.3093061116514469,0.15458063016901716,0.1209614642617555,0.023895171223450456,0.09566119453157673,0.10176051297570177,False
ultimate_run,mixed_xgboost_sequence_h3k4me3_rrbs_seed_43,mixed,DeepCRISPR,xgboost,xgboost,None,43,11736,2514,2499,0.09544878052226635,0.31024713424397377,0.3115170516519567,0.158659925550383,0.12558638956115933,0.02517297197565307,0.10410789061750414,0.09544878052226635,False
ultimate_run,mixed_xgboost_sequence_h3k4me3_rrbs_seed_44,mixed,DeepCRISPR,xgboost,xgboost,None,44,11709,2537,2503,0.08741328222203393,0.2982622712121821,0.29504363248057,0.16223580897645867,0.1281028990170543,0.02632045771424599,0.0908948695779851,0.08741328222203393,False
ultimate_run,mixed_xgboost_sequence_h3k4me3_rrbs_seed_45,mixed,DeepCRISPR,xgboost,xgboost,None,45,11694,2554,2501,0.08445399113997465,0.292944841086674,0.28356927949810273,0.1553048266350744,0.12261968047965727,0.024119589176150515,0.06702963254341499,0.08445399113997465,False
ultimate_run,mixed_xgboost_sequence_h3k4me3_seed_42,mixed,DeepCRISPR,xgboost,xgboost,None,42,11738,2485,2526,0.1053517579209804,0.325252533914946,0.3138644749892526,0.15427130682096207,0.1211250694875449,0.023799636108247417,0.09893807833627455,0.1053517579209804,False
ultimate_run,mixed_xgboost_sequence_h3k4me3_seed_43,mixed,DeepCRISPR,xgboost,xgboost,None,43,11736,2514,2499,0.09632489811224909,0.31095756811249814,0.30731542649393007,0.15858307062844118,0.12546708492564318,0.025148590289945164,0.10380082744933139,0.09632489811224909,False
ultimate_run,mixed_xgboost_sequence_h3k4me3_seed_44,mixed,DeepCRISPR,xgboost,xgboost,None,44,11709,2537,2503,0.08497324123262695,0.2941561006353547,0.28897852080876896,0.16245255427800534,0.12835178226552518,0.02639083239144827,0.0901467378972306,0.08497324123262695,False
ultimate_run,mixed_xgboost_sequence_h3k4me3_seed_45,mixed,DeepCRISPR,xgboost,xgboost,None,45,11694,2554,2501,0.0862965342834956,0.29475124530422936,0.286146549718847,0.15514847187056927,0.12239035746567782,0.024071048323772826,0.07008883088731432,0.0862965342834956,False
ultimate_run,mixed_xgboost_sequence_rrbs_seed_42,mixed,DeepCRISPR,xgboost,xgboost,None,42,11738,2485,2526,0.10728830465677985,0.3291927007160932,0.3200146310583224,0.1541042492968015,0.12053245735335688,0.023748119651330744,0.10499120386714644,0.10728830465677985,False
ultimate_run,mixed_xgboost_sequence_rrbs_seed_43,mixed,DeepCRISPR,xgboost,xgboost,None,43,11736,2514,2499,0.09514984698454587,0.3095567574316769,0.30952939474421975,0.1586861401272547,0.1254034507868518,0.025181291068486714,0.1029342533591493,0.09514984698454587,False
ultimate_run,mixed_xgboost_sequence_rrbs_seed_44,mixed,DeepCRISPR,xgboost,xgboost,None,44,11709,2537,2503,0.09141800427024538,0.30310298724126883,0.2995418605991082,0.1618794463098634,0.1277891844001279,0.02620495513758795,0.09161131796207345,0.09141800427024538,False
ultimate_run,mixed_xgboost_sequence_rrbs_seed_45,mixed,DeepCRISPR,xgboost,xgboost,None,45,11694,2554,2501,0.08778990674937937,0.29733114606973127,0.28857077369710593,0.15502163137280575,0.12233970630961917,0.02403170619348607,0.06741084843107958,0.08778990674937937,False
ultimate_run,mixed_xgboost_sequence_seed_42,mixed,DeepCRISPR,xgboost,xgboost,None,42,11738,2485,2526,0.10654342836532549,0.3271769114580728,0.31706280430641376,0.15416852798132524,0.1209373139067451,0.023767935019928663,0.10309963702874259,0.10654342836532549,False
ultimate_run,mixed_xgboost_sequence_seed_43,mixed,DeepCRISPR,xgboost,xgboost,None,43,11736,2514,2499,0.09725702303913342,0.3127469348283126,0.3111632925790076,0.15850126170689932,0.1256107443791707,0.02512264996267899,0.09798164199993764,0.09725702303913342,False
ultimate_run,mixed_xgboost_sequence_seed_44,mixed,DeepCRISPR,xgboost,xgboost,None,44,11709,2537,2503,0.08900535989264347,0.29904075142783454,0.29407452000629236,0.16209423078188878,0.1280947902284137,0.02627453965277222,0.09142391345784961,0.08900535989264347,False
ultimate_run,mixed_xgboost_sequence_seed_45,mixed,DeepCRISPR,xgboost,xgboost,None,45,11694,2554,2501,0.093558312683105,0.3083053241732459,0.2956627714319736,0.15453071055001763,0.12190244286408147,0.02387974050309333,0.07225733421689318,0.093558312683105,False
ultimate_run,single_hct116_cnn_all_kernel_3,single,DeepCRISPR,cnn_dual_branch,cnn_k3,hct116,42,2968,635,636,0.07477307889875295,0.27614280759101184,0.2695551460924272,0.17340823744898437,0.13785026357626343,0.03007041681516335,0.08611194767607255,0.07477307889875295,False
ultimate_run,single_hct116_cnn_all_kernel_5,single,DeepCRISPR,cnn_dual_branch,cnn_k5,hct116,42,2968,635,636,0.08776887703672986,0.33900347954112636,0.32696460700897956,0.17218607889259172,0.13543393538310047,0.029648045764405818,0.11426615559446207,0.08776887703672986,False
ultimate_run,single_hct116_cnn_all_kernel_7,single,DeepCRISPR,cnn_dual_branch,cnn_k7,hct116,42,2968,635,636,0.143191777976027,0.3866260627534561,0.3733606144974226,0.1668735120510296,0.1295549437131311,0.02784676902424512,0.1288363204887244,0.143191777976027,False
ultimate_run,single_hct116_cnn_sequence_ctcf_dnase_h3k4me3_kernel_3,single,DeepCRISPR,cnn_dual_branch,cnn_k3,hct116,42,2968,635,636,0.06561071832267695,0.2589284054927491,0.2778772865149263,0.1742647379707742,0.1383178773257038,0.03036819890002259,0.08906550543195868,0.06561071832267695,False
ultimate_run,single_hct116_cnn_sequence_ctcf_dnase_h3k4me3_kernel_5,single,DeepCRISPR,cnn_dual_branch,cnn_k5,hct116,42,2968,635,636,0.11336268396690596,0.3482558504757714,0.33984642788744535,0.16975344488287286,0.13371809988294336,0.02881623204960256,0.109838021540267,0.11336268396690596,False
ultimate_run,single_hct116_cnn_sequence_ctcf_dnase_h3k4me3_kernel_7,single,DeepCRISPR,cnn_dual_branch,cnn_k7,hct116,42,2968,635,636,0.1527673068757217,0.3965950626502495,0.3871363056139685,0.16593841847772084,0.13182002027612766,0.02753555872688721,0.10633404035554761,0.1527673068757217,False
ultimate_run,single_hct116_cnn_sequence_ctcf_dnase_kernel_3,single,DeepCRISPR,cnn_dual_branch,cnn_k3,hct116,42,2968,635,636,0.06801818540638216,0.27821928461068685,0.2823672783973037,0.17404009540854787,0.1367856985786871,0.03028995480981644,0.10500986054540606,0.06801818540638216,False
ultimate_run,single_hct116_cnn_sequence_ctcf_dnase_kernel_5,single,DeepCRISPR,cnn_dual_branch,cnn_k5,hct116,42,2968,635,636,0.104595144118525,0.3281174501386984,0.35011212851841733,0.1705906862333824,0.13639888042472773,0.02910118222957632,0.09874570410748851,0.104595144118525,False
ultimate_run,single_hct116_cnn_sequence_ctcf_dnase_kernel_7,single,DeepCRISPR,cnn_dual_branch,cnn_k7,hct116,42,2968,635,636,0.14708771145284516,0.38478823516911104,0.36393136333204856,0.1664936902843766,0.13236836579909442,0.02772014890450992,0.10786394997614479,0.14708771145284516,False
ultimate_run,single_hct116_cnn_sequence_ctcf_dnase_rrbs_kernel_3,single,DeepCRISPR,cnn_dual_branch,cnn_k3,hct116,42,2968,635,636,0.08027386910872925,0.30117085062690485,0.29746530320086173,0.17289198336441478,0.1350321765540976,0.02989163791168108,0.0939220568798037,0.08027386910872925,False
ultimate_run,single_hct116_cnn_sequence_ctcf_dnase_rrbs_kernel_5,single,DeepCRISPR,cnn_dual_branch,cnn_k5,hct116,42,2968,635,636,0.09655427970176822,0.32368662487366023,0.32237791873232474,0.17135493874536836,0.135917835246549,0.029362515032428944,0.11383829188027972,0.09655427970176822,False
ultimate_run,single_hct116_cnn_sequence_ctcf_dnase_rrbs_kernel_7,single,DeepCRISPR,cnn_dual_branch,cnn_k7,hct116,42,2968,635,636,0.13933876496803022,0.3912506144544649,0.38878110055213383,0.16724830104848992,0.13580824726893795,0.027971994203606312,0.10479806741663455,0.13933876496803022,False
ultimate_run,single_hct116_cnn_sequence_ctcf_h3k4me3_kernel_3,single,DeepCRISPR,cnn_dual_branch,cnn_k3,hct116,42,2968,635,636,0.05813249926427844,0.2587857692127394,0.26697568931135995,0.17496069672701642,0.13766169105656445,0.030611245399203017,0.09667295770637707,0.05813249926427844,False
ultimate_run,single_hct116_cnn_sequence_ctcf_h3k4me3_kernel_5,single,DeepCRISPR,cnn_dual_branch,cnn_k5,hct116,42,2968,635,636,0.09391440576919918,0.3084565852012965,0.33555537962378174,0.17160510622163117,0.1354486072866492,0.029448312481337315,0.10199860569605002,0.09391440576919918,False
ultimate_run,single_hct116_cnn_sequence_ctcf_h3k4me3_kernel_7,single,DeepCRISPR,cnn_dual_branch,cnn_k7,hct116,42,2968,635,636,0.13649878606646626,0.37036431477756127,0.3573768357956804,0.16752401374490425,0.13239554344360135,0.02806429518120287,0.11099619246864567,0.13649878606646626,False
ultimate_run,single_hct116_cnn_sequence_ctcf_h3k4me3_rrbs_kernel_3,single,DeepCRISPR,cnn_dual_branch,cnn_k3,hct116,42,2968,635,636,0.068313839900628,0.2624759272538306,0.26501400727501595,0.1740124876714224,0.13851711353574112,0.030280345865596935,0.08500079746713396,0.068313839900628,False
ultimate_run,single_hct116_cnn_sequence_ctcf_h3k4me3_rrbs_kernel_5,single,DeepCRISPR,cnn_dual_branch,cnn_k5,hct116,42,2968,635,636,0.08662628144230256,0.3509743231612596,0.3251927493703743,0.17229387914377803,0.13217339208261725,0.02968518079041079,0.1329601579131946,0.08662628144230256,False
ultimate_run,single_hct116_cnn_sequence_ctcf_h3k4me3_rrbs_kernel_7,single,DeepCRISPR,cnn_dual_branch,cnn_k7,hct116,42,2968,635,636,0.15189954919428827,0.3964665511025542,0.3847067678928182,0.16602337594373587,0.1317575037195318,0.027563761359755055,0.11717740280222988,0.15189954919428827,False
ultimate_run,single_hct116_cnn_sequence_ctcf_kernel_3,single,DeepCRISPR,cnn_dual_branch,cnn_k3,hct116,42,2968,635,636,0.09391066613588084,0.3069700105945674,0.2993242482336378,0.17160546034905289,0.13683968190097912,0.029448434021610362,0.09896716532468186,0.09391066613588084,False
ultimate_run,single_hct116_cnn_sequence_ctcf_kernel_5,single,DeepCRISPR,cnn_dual_branch,cnn_k5,hct116,42,2968,635,636,0.09668459343231106,0.3391700078862254,0.3321345289401684,0.17134258011324918,0.13211458546999819,0.029358279759865213,0.11215796499676778,0.09668459343231106,False
ultimate_run,single_hct116_cnn_sequence_ctcf_kernel_7,single,DeepCRISPR,cnn_dual_branch,cnn_k7,hct116,42,2968,635,636,0.14166922038855712,0.38184926157048865,0.37794296473034006,0.16702171426960336,0.13370948577000988,0.027896253037557026,0.11324825898144775,0.14166922038855712,False
ultimate_run,single_hct116_cnn_sequence_ctcf_rrbs_kernel_3,single,DeepCRISPR,cnn_dual_branch,cnn_k3,hct116,42,2968,635,636,0.08356226143817957,0.2934364179615176,0.29971264308503753,0.17258262726895512,0.13604923138986547,0.02978476323505509,0.09927046850671417,0.08356226143817957,False
ultimate_run,single_hct116_cnn_sequence_ctcf_rrbs_kernel_5,single,DeepCRISPR,cnn_dual_branch,cnn_k5,hct116,42,2968,635,636,0.1315347304204726,0.37144344826194803,0.3624059578879273,0.16800485081391364,0.1343932278591952,0.028225629897005375,0.10667180234525142,0.1315347304204726,False
ultimate_run,single_hct116_cnn_sequence_ctcf_rrbs_kernel_7,single,DeepCRISPR,cnn_dual_branch,cnn_k7,hct116,42,2968,635,636,0.1274267336314846,0.3815831510090094,0.36037442401828346,0.16840172860925628,0.13094649549848955,0.02835914219858561,0.11722214547361443,0.1274267336314846,False
ultimate_run,single_hct116_cnn_sequence_dnase_h3k4me3_kernel_3,single,DeepCRISPR,cnn_dual_branch,cnn_k3,hct116,42,2968,635,636,0.050677822897436164,0.25155669508410533,0.25419324695098783,0.17565172002323112,0.1384720528928809,0.03085352674711957,0.07857500211652868,0.050677822897436164,False
ultimate_run,single_hct116_cnn_sequence_dnase_h3k4me3_kernel_5,single,DeepCRISPR,cnn_dual_branch,cnn_k5,hct116,42,2968,635,636,0.10382319274054275,0.3268268918819988,0.3371679230395581,0.1706642056831805,0.1371690228672218,0.02912627110147094,0.09566939881726422,0.10382319274054275,False
ultimate_run,single_hct116_cnn_sequence_dnase_h3k4me3_kernel_7,single,DeepCRISPR,cnn_dual_branch,cnn_k7,hct116,42,2968,635,636,0.13697919928366686,0.37822648461309744,0.36406113147912056,0.16747740585010074,0.13382547269516723,0.028048681470279353,0.09088062310851652,0.13697919928366686,False
ultimate_run,single_hct116_cnn_sequence_dnase_h3k4me3_rrbs_kernel_3,single,DeepCRISPR,cnn_dual_branch,cnn_k3,hct116,42,2968,635,636,0.06000326947759971,0.25156046292149603,0.25822244996174415,0.17478685382949313,0.13826720363097325,0.0305504442716126,0.08427882490868244,0.06000326947759971,False
ultimate_run,single_hct116_cnn_sequence_dnase_h3k4me3_rrbs_kernel_5,single,DeepCRISPR,cnn_dual_branch,cnn_k5,hct116,42,2968,635,636,0.09725491495006988,0.31610262121228877,0.31850315940774926,0.1712884817391899,0.13393572334100567,0.02933974397651679,0.10852326177661209,0.09725491495006988,False
ultimate_run,single_hct116_cnn_sequence_dnase_h3k4me3_rrbs_kernel_7,single,DeepCRISPR,cnn_dual_branch,cnn_k7,hct116,42,2968,635,636,0.15127434697456799,0.3919804303058328,0.38317096047285326,0.16608455918013362,0.1321005205544731,0.02758408079805931,0.10450055887199383,0.15127434697456799,False
ultimate_run,single_hct116_cnn_sequence_dnase_kernel_3,single,DeepCRISPR,cnn_dual_branch,cnn_k3,hct116,42,2968,635,636,0.06255023625493417,0.2653946606155176,0.2730360530267073,0.17454989647565666,0.13817629354431898,0.03046766635966246,0.07260835907495133,0.06255023625493417,False
ultimate_run,single_hct116_cnn_sequence_dnase_kernel_5,single,DeepCRISPR,cnn_dual_branch,cnn_k5,hct116,42,2968,635,636,0.09547750463492954,0.3308825351634034,0.32739568261328045,0.1714570233403638,0.1328400030260636,0.029397510852738055,0.09930513314526712,0.09547750463492954,False
ultimate_run,single_hct116_cnn_sequence_dnase_kernel_7,single,DeepCRISPR,cnn_dual_branch,cnn_k7,hct116,42,2968,635,636,0.15174631383464776,0.39185976665010214,0.38327458374342127,0.16603837387390002,0.13186859738216414,0.02756874159868901,0.09455513589898645,0.15174631383464776,False
ultimate_run,single_hct116_cnn_sequence_dnase_rrbs_kernel_3,single,DeepCRISPR,cnn_dual_branch,cnn_k3,hct116,42,2968,635,636,0.0749711974771815,0.2881076752568958,0.27554997269539644,0.17338967052662607,0.13623576614062693,0.030063977845331945,0.08338719168605224,0.0749711974771815,False
ultimate_run,single_hct116_cnn_sequence_dnase_rrbs_kernel_5,single,DeepCRISPR,cnn_dual_branch,cnn_k5,hct116,42,2968,635,636,0.11764758640756379,0.3450313665025442,0.3498504465252205,0.16934275954623626,0.1352416257997799,0.02867697021073439,0.08965063908406135,0.11764758640756379,False
ultimate_run,single_hct116_cnn_sequence_dnase_rrbs_kernel_7,single,DeepCRISPR,cnn_dual_branch,cnn_k7,hct116,42,2968,635,636,0.1450582930242308,0.39301592617577075,0.3705235805387382,0.16669165003686642,0.13058092738443153,0.027786106192013153,0.09335189409419231,0.1450582930242308,False
ultimate_run,single_hct116_cnn_sequence_h3k4me3_kernel_3,single,DeepCRISPR,cnn_dual_branch,cnn_k3,hct116,42,2968,635,636,0.07016150792213682,0.2717537864465817,0.2875038953475402,0.17383985611122305,0.1371800407998662,0.030220295572770728,0.08788234428689812,0.07016150792213682,False
ultimate_run,single_hct116_cnn_sequence_h3k4me3_kernel_5,single,DeepCRISPR,cnn_dual_branch,cnn_k5,hct116,42,2968,635,636,0.10132001070632113,0.32173108946985157,0.3175459910476071,0.17090238729645185,0.1348484002519399,0.029207625983626424,0.1041900886374082,0.10132001070632113,False
ultimate_run,single_hct116_cnn_sequence_h3k4me3_kernel_7,single,DeepCRISPR,cnn_dual_branch,cnn_k7,hct116,42,2968,635,636,0.1268616457105033,0.369466711890973,0.3357917097162116,0.1684562491775642,0.1314924376117616,0.0283775078869736,0.10317695203365851,0.1268616457105033,False
ultimate_run,single_hct116_cnn_sequence_h3k4me3_rrbs_kernel_3,single,DeepCRISPR,cnn_dual_branch,cnn_k3,hct116,42,2968,635,636,0.0789239478337822,0.28333561363636767,0.27432886002892565,0.17301881731108834,0.13805735629467797,0.029935511143727764,0.0791430453839308,0.0789239478337822,False
ultimate_run,single_hct116_cnn_sequence_h3k4me3_rrbs_kernel_5,single,DeepCRISPR,cnn_dual_branch,cnn_k5,hct116,42,2968,635,636,0.06709852158190288,0.3157686199961904,0.2803419283430265,0.17412594414024937,0.1335715535228615,0.030319844422733246,0.0957677975742417,0.06709852158190288,False
ultimate_run,single_hct116_cnn_sequence_h3k4me3_rrbs_kernel_7,single,DeepCRISPR,cnn_dual_branch,cnn_k7,hct116,42,2968,635,636,0.13140731563568187,0.3791248317212921,0.361593997378912,0.16801717457490567,0.1316634953979684,0.028229770952134327,0.10392127120782746,0.13140731563568187,False
ultimate_run,single_hct116_cnn_sequence_kernel_3,single,DeepCRISPR,cnn_dual_branch,cnn_k3,hct116,42,2968,635,636,0.07952778693080576,0.2893450653082441,0.2778201222934178,0.17296209416928013,0.13782666394422594,0.02991588601942293,0.07409536941357708,0.07952778693080576,False
ultimate_run,single_hct116_cnn_sequence_kernel_5,single,DeepCRISPR,cnn_dual_branch,cnn_k5,hct116,42,2968,635,636,0.11359942529969813,0.3390107709534017,0.33657855155261795,0.16973078040719095,0.13381454356032302,0.028808537817634074,0.10138965379172493,0.11359942529969813,False
ultimate_run,single_hct116_cnn_sequence_kernel_7,single,DeepCRISPR,cnn_dual_branch,cnn_k7,hct116,42,2968,635,636,0.11305853315299808,0.3397464586435825,0.30578331548496546,0.16978255837743503,0.13535449202113883,0.028826117129187135,0.08493435612373079,0.11305853315299808,False
ultimate_run,single_hct116_cnn_sequence_rrbs_kernel_3,single,DeepCRISPR,cnn_dual_branch,cnn_k3,hct116,42,2968,635,636,0.07428304216757065,0.28426503947139453,0.28877981663112445,0.17345415329685104,0.13628032087032102,0.0300863432959275,0.08704486496385933,0.07428304216757065,False
ultimate_run,single_hct116_cnn_sequence_rrbs_kernel_5,single,DeepCRISPR,cnn_dual_branch,cnn_k5,hct116,42,2968,635,636,0.09678721239248744,0.3307974517400681,0.33858510668654745,0.17133284735729587,0.1319639082315653,0.029354944583558445,0.11088462293357071,0.09678721239248744,False
ultimate_run,single_hct116_cnn_sequence_rrbs_kernel_7,single,DeepCRISPR,cnn_dual_branch,cnn_k7,hct116,42,2968,635,636,0.10672851394062288,0.35151934555300396,0.3229919385037054,0.17038734243160042,0.1334854670076883,0.029031846460903465,0.10083637804202683,0.10672851394062288,False
ultimate_run,single_hct116_linear_all,single,DeepCRISPR,linear,linear,hct116,42,2968,635,636,0.11334736134150536,0.34103013493444634,0.3154954834432725,0.16975491169301143,0.13516443141197212,0.028816730043902106,0.13264959054488745,0.11334736134150536,False
ultimate_run,single_hct116_linear_sequence,single,DeepCRISPR,linear,linear,hct116,42,2968,635,636,0.13202456760201375,0.3634216323987913,0.34192348051993804,0.16795746456088648,0.13408004764742773,0.028209709901721433,0.14040698557845444,0.13202456760201375,False
ultimate_run,single_hct116_linear_sequence_ctcf,single,DeepCRISPR,linear,linear,hct116,42,2968,635,636,0.11826792801828279,0.34470577416938997,0.3221330855143828,0.16928322050655048,0.1347499987470724,0.028656808745069397,0.14827806254124565,0.11826792801828279,False
ultimate_run,single_hct116_linear_sequence_ctcf_dnase,single,DeepCRISPR,linear,linear,hct116,42,2968,635,636,0.11866589889572599,0.34579834341925403,0.3232385364081294,0.16924501309779308,0.1348256497166512,0.02864387445847215,0.14123684465069863,0.11866589889572599,False
ultimate_run,single_hct116_linear_sequence_ctcf_dnase_h3k4me3,single,DeepCRISPR,linear,linear,hct116,42,2968,635,636,0.11497329401438372,0.34176757470765357,0.3193840192390842,0.16959919303985663,0.13533869646226038,0.02876388627977055,0.1374097864463003,0.11497329401438372,False
ultimate_run,single_hct116_linear_sequence_ctcf_dnase_rrbs,single,DeepCRISPR,linear,linear,hct116,42,2968,635,636,0.11699395820724923,0.3446016146897792,0.3182436930820528,0.16940547072056517,0.13473584679095954,0.028698213510056258,0.13740477905555615,0.11699395820724923,False
ultimate_run,single_hct116_linear_sequence_ctcf_h3k4me3,single,DeepCRISPR,linear,linear,hct116,42,2968,635,636,0.11470303568764795,0.3404541125532729,0.31807703936807485,0.169625086097759,0.13521777998228446,0.028772669833672153,0.14526011254820503,0.11470303568764795,False
ultimate_run,single_hct116_linear_sequence_ctcf_h3k4me3_rrbs,single,DeepCRISPR,linear,linear,hct116,42,2968,635,636,0.11268325446710481,0.33883702834411494,0.31145451832799004,0.16981847339517817,0.13509878764989194,0.02883831390626883,0.14088043015591067,0.11268325446710481,False
ultimate_run,single_hct116_linear_sequence_ctcf_rrbs,single,DeepCRISPR,linear,linear,hct116,42,2968,635,636,0.11624826511174913,0.3427757105021183,0.3157363479849524,0.16947698655685225,0.13471499994930183,0.028722448972391477,0.1448145930946535,0.11624826511174913,False
ultimate_run,single_hct116_linear_sequence_dnase,single,DeepCRISPR,linear,linear,hct116,42,2968,635,636,0.13246055810400192,0.364191986757967,0.3461074933986816,0.16791527612179735,0.13392909614328272,0.02819553995505945,0.13370721987546963,0.13246055810400192,False
ultimate_run,single_hct116_linear_sequence_dnase_h3k4me3,single,DeepCRISPR,linear,linear,hct116,42,2968,635,636,0.1294933488235781,0.36037899110507043,0.34213655440111634,0.1682021878409559,0.13431337867488605,0.028291975994484207,0.13108697248947143,0.1294933488235781,False
ultimate_run,single_hct116_linear_sequence_dnase_h3k4me3_rrbs,single,DeepCRISPR,linear,linear,hct116,42,2968,635,636,0.1280521927919619,0.35913219973216176,0.3370570542331053,0.1683413627411762,0.13419036270095822,0.028338814409556268,0.12635578667608183,0.1280521927919619,False
ultimate_run,single_hct116_linear_sequence_dnase_rrbs,single,DeepCRISPR,linear,linear,hct116,42,2968,635,636,0.13071523105252358,0.3622697609230519,0.3406423422991951,0.16808409831516316,0.1338273634151505,0.028252264106421437,0.12981940883287624,0.13071523105252358,False
ultimate_run,single_hct116_linear_sequence_h3k4me3,single,DeepCRISPR,linear,linear,hct116,42,2968,635,636,0.12914850888794271,0.3594595338541508,0.3368019342827816,0.1682355001013621,0.1343229764518943,0.028303183494355403,0.13850823608683593,0.12914850888794271,False
ultimate_run,single_hct116_linear_sequence_h3k4me3_rrbs,single,DeepCRISPR,linear,linear,hct116,42,2968,635,636,0.12715294533244936,0.35716222774542833,0.3308398092925876,0.16842814633740513,0.13421887206645836,0.02836804047865436,0.13427747086959008,0.12715294533244936,False
ultimate_run,single_hct116_linear_sequence_rrbs,single,DeepCRISPR,linear,linear,hct116,42,2968,635,636,0.1299142374265061,0.36069823945023355,0.33570001239957725,0.16816152017743666,0.13394976304639014,0.028278296868386434,0.13662738404329577,0.1299142374265061,False
ultimate_run,single_hct116_mlp_all,single,DeepCRISPR,mlp,mlp,hct116,42,2968,635,636,0.1271007489649405,0.357031731531571,0.329903468381416,0.1684331822746585,0.13482951973096333,0.02836973689116834,0.14426267379510394,0.1271007489649405,False
ultimate_run,single_hct116_mlp_sequence,single,DeepCRISPR,mlp,mlp,hct116,42,2968,635,636,0.12151353597663439,0.35565488670985484,0.3424764252103359,0.16897137208877047,0.132717385224752,0.02855132458556172,0.1270235194691166,0.12151353597663439,False
ultimate_run,single_hct116_mlp_sequence_ctcf,single,DeepCRISPR,mlp,mlp,hct116,42,2968,635,636,0.1254704148088992,0.35714591385154,0.33856740466936064,0.16859040217663793,0.13536863605808117,0.02842272370608052,0.14136923900113885,0.1254704148088992,False
ultimate_run,single_hct116_mlp_sequence_ctcf_dnase,single,DeepCRISPR,mlp,mlp,hct116,42,2968,635,636,0.11111509086609161,0.33418838982695265,0.31962920827704805,0.16996846808079155,0.13498159774883692,0.028889280141731057,0.14126049823478848,0.11111509086609161,False
ultimate_run,single_hct116_mlp_sequence_ctcf_dnase_h3k4me3,single,DeepCRISPR,mlp,mlp,hct116,42,2968,635,636,0.11937401750001964,0.35137554684875993,0.34120628798506836,0.16917700845300304,0.13396298411337412,0.028620860189107467,0.1372300996807696,0.11937401750001964,False
ultimate_run,single_hct116_mlp_sequence_ctcf_dnase_rrbs,single,DeepCRISPR,mlp,mlp,hct116,42,2968,635,636,0.12576572560039123,0.3619734674540656,0.3408082374879303,0.1685619350043236,0.13608342194021825,0.028413125932401813,0.13560046861310582,0.12576572560039123,False
ultimate_run,single_hct116_mlp_sequence_ctcf_h3k4me3,single,DeepCRISPR,mlp,mlp,hct116,42,2968,635,636,0.12045132702188754,0.35701984486756905,0.3336784760228451,0.16907349584928114,0.13653784718967787,0.028585846998696887,0.13121120574369172,0.12045132702188754,False
ultimate_run,single_hct116_mlp_sequence_ctcf_h3k4me3_rrbs,single,DeepCRISPR,mlp,mlp,hct116,42,2968,635,636,0.12105495288563173,0.35581978584535856,0.3352712144361606,0.1690154691281201,0.13615746850458285,0.02856622880459852,0.12931873829775742,0.12105495288563173,False
ultimate_run,single_hct116_mlp_sequence_ctcf_rrbs,single,DeepCRISPR,mlp,mlp,hct116,42,2968,635,636,0.12685720878100282,0.3577439372567561,0.33950549496618415,0.1684566771896589,0.13492493545080084,0.028377652089780946,0.14626922076762539,0.12685720878100282,False
ultimate_run,single_hct116_mlp_sequence_dnase,single,DeepCRISPR,mlp,mlp,hct116,42,2968,635,636,0.1264342351081037,0.3566463589150756,0.3340895872968272,0.1684974747047384,0.13419863777733027,0.02839139898187395,0.13553437802896395,0.1264342351081037,False
ultimate_run,single_hct116_mlp_sequence_dnase_h3k4me3,single,DeepCRISPR,mlp,mlp,hct116,42,2968,635,636,0.12432801358267065,0.3561406641535312,0.3495074378733538,0.16870048137158708,0.13302597354763662,0.0284598524150052,0.1317757301894441,0.12432801358267065,False
ultimate_run,single_hct116_mlp_sequence_dnase_h3k4me3_rrbs,single,DeepCRISPR,mlp,mlp,hct116,42,2968,635,636,0.12248206179912258,0.35419628182457386,0.34361987290021623,0.16887820146215596,0.13295843857984826,0.02851984692909253,0.12395974981957769,0.12248206179912258,False
ultimate_run,single_hct116_mlp_sequence_dnase_rrbs,single,DeepCRISPR,mlp,mlp,hct116,42,2968,635,636,0.12148847884552194,0.3499501929536589,0.32397807380106236,0.1689737818627438,0.1353912907315758,0.028552138956998128,0.12586339609103636,0.12148847884552194,False
ultimate_run,single_hct116_mlp_sequence_h3k4me3,single,DeepCRISPR,mlp,mlp,hct116,42,2968,635,636,0.12625685039722412,0.35601871152038533,0.3349085446505804,0.1685145812351761,0.13518713272188398,0.028397164088866764,0.13343146322819655,0.12625685039722412,False
ultimate_run,single_hct116_mlp_sequence_h3k4me3_rrbs,single,DeepCRISPR,mlp,mlp,hct116,42,2968,635,636,0.13093741452860896,0.36284127799444904,0.34196290345220703,0.16806261634677133,0.13459561161152175,0.028245043013322053,0.1303817409300434,0.13093741452860896,False
ultimate_run,single_hct116_mlp_sequence_rrbs,single,DeepCRISPR,mlp,mlp,hct116,42,2968,635,636,0.12407108212886897,0.35828214051986484,0.3454312393887748,0.16872522881220603,0.1328243050861916,0.02846820283773128,0.12682738670309313,0.12407108212886897,False
ultimate_run,single_hct116_transformer_all,single,DeepCRISPR,transformer,transformer,hct116,42,2968,635,636,0.1206748735517289,0.35009725275207826,0.34892243168481957,0.16905200858183297,0.13395589799034474,0.02857858160555213,0.15653609877486208,0.1206748735517289,False
ultimate_run,single_hct116_transformer_sequence,single,DeepCRISPR,transformer,transformer,hct116,42,2968,635,636,0.11173707630572272,0.33781579409799095,0.32685804506362165,0.16990899108247237,0.13741392985941056,0.028869065250663677,0.12204579617020872,0.11173707630572272,False
ultimate_run,single_hct116_transformer_sequence_ctcf,single,DeepCRISPR,transformer,transformer,hct116,42,2968,635,636,0.11814952888498453,0.3454219242804247,0.34315516579554195,0.169294585814918,0.1355104208177061,0.02866065678624463,0.13273554528784604,0.11814952888498453,False
ultimate_run,single_hct116_transformer_sequence_ctcf_dnase,single,DeepCRISPR,transformer,transformer,hct116,42,2968,635,636,0.10165824237902721,0.32626943507698875,0.34533521935615524,0.1708702234333727,0.1346267696584241,0.029196633256170706,0.1338033265756734,0.10165824237902721,False
ultimate_run,single_hct116_transformer_sequence_ctcf_dnase_h3k4me3,single,DeepCRISPR,transformer,transformer,hct116,42,2968,635,636,0.12320830579662967,0.35373730301476863,0.3578975643038893,0.16880830422059478,0.13437952540973025,0.028496243573832875,0.14421049272847497,0.12320830579662967,False
ultimate_run,single_hct116_transformer_sequence_ctcf_dnase_rrbs,single,DeepCRISPR,transformer,transformer,hct116,42,2968,635,636,0.09455062534241332,0.3147968682802598,0.33373526707930096,0.1715448482834502,0.13506733503561677,0.029427634972591953,0.1336617858889425,0.09455062534241332,False
ultimate_run,single_hct116_transformer_sequence_ctcf_h3k4me3,single,DeepCRISPR,transformer,transformer,hct116,42,2968,635,636,0.13510838474299813,0.3684489171648832,0.3688134117479052,0.16765883227117656,0.13353657342183092,0.028109484038534516,0.147054723261834,0.13510838474299813,False
ultimate_run,single_hct116_transformer_sequence_ctcf_h3k4me3_rrbs,single,DeepCRISPR,transformer,transformer,hct116,42,2968,635,636,0.1342947711208362,0.3671971603397969,0.36616818462630185,0.16773767304265724,0.13399256548387403,0.028135926957765383,0.14696369609952953,0.1342947711208362,False
ultimate_run,single_hct116_transformer_sequence_ctcf_rrbs,single,DeepCRISPR,transformer,transformer,hct116,42,2968,635,636,0.11018790867806849,0.346357475307678,0.3422885832519396,0.1700570907250454,0.1346731520998848,0.028919414105866327,0.13068433241853283,0.11018790867806849,False
ultimate_run,single_hct116_transformer_sequence_dnase,single,DeepCRISPR,transformer,transformer,hct116,42,2968,635,636,0.1202067842338439,0.34996648939334773,0.351384504734001,0.16909699814760207,0.13385641158253844,0.028593794782530133,0.13566545419381204,0.1202067842338439,False
ultimate_run,single_hct116_transformer_sequence_dnase_h3k4me3,single,DeepCRISPR,transformer,transformer,hct116,42,2968,635,636,0.1149749626303872,0.3513489653572133,0.3515636939277381,0.16959903315990094,0.13532212078307737,0.028763832048773173,0.12347598648002889,0.1149749626303872,False
ultimate_run,single_hct116_transformer_sequence_dnase_h3k4me3_rrbs,single,DeepCRISPR,transformer,transformer,hct116,42,2968,635,636,0.11418019823718584,0.34874338976844765,0.3462943701556398,0.16967516717841583,0.13538945945852535,0.028789662357023356,0.12257796045340785,0.11418019823718584,False
ultimate_run,single_hct116_transformer_sequence_dnase_rrbs,single,DeepCRISPR,transformer,transformer,hct116,42,2968,635,636,0.11804866021901472,0.34756287766383315,0.34577669693629975,0.1693042677458681,0.13372211179801458,0.02866393507696459,0.1343806647565028,0.11804866021901472,False
ultimate_run,single_hct116_transformer_sequence_h3k4me3,single,DeepCRISPR,transformer,transformer,hct116,42,2968,635,636,0.12918353272893768,0.3679655591092108,0.356897948419004,0.1682321170258836,0.13395575502354348,0.028302045199010587,0.12057137740478452,0.12918353272893768,False
ultimate_run,single_hct116_transformer_sequence_h3k4me3_rrbs,single,DeepCRISPR,transformer,transformer,hct116,42,2968,635,636,0.1321623773995696,0.3679913283046769,0.3503641781886916,0.16794413059880822,0.13499360673756297,0.02820523100258955,0.1250656430930709,0.1321623773995696,False
ultimate_run,single_hct116_transformer_sequence_rrbs,single,DeepCRISPR,transformer,transformer,hct116,42,2968,635,636,0.12179027719777868,0.3548492458075533,0.3513270139930714,0.1689447552716419,0.13364758299599233,0.02854233033379498,0.12041605594264382,0.12179027719777868,False
ultimate_run,single_hct116_xgboost_all,single,DeepCRISPR,xgboost,xgboost,hct116,42,2968,635,636,0.1494956040692782,0.38682188125582606,0.3725202467987715,0.1662585065018957,0.13279967703973675,0.027641890984240896,0.1323772281432396,0.1494956040692782,False
ultimate_run,single_hct116_xgboost_sequence,single,DeepCRISPR,xgboost,xgboost,hct116,42,2968,635,636,0.15058273502882014,0.38968988617760975,0.37402431186644225,0.1661522151262323,0.13282604817060883,0.02760655859135377,0.12159184392953559,0.15058273502882014,False
ultimate_run,single_hct116_xgboost_sequence_ctcf,single,DeepCRISPR,xgboost,xgboost,hct116,42,2968,635,636,0.14172527114000155,0.3775457053982474,0.3607247327114934,0.16701626075118475,0.13356562802691083,0.027894431355307735,0.12775406301002457,0.14172527114000155,False
ultimate_run,single_hct116_xgboost_sequence_ctcf_dnase,single,DeepCRISPR,xgboost,xgboost,hct116,42,2968,635,636,0.1511571611658079,0.38892889379222145,0.37153674697959915,0.16609602465283882,0.13229857911590087,0.02758788940547644,0.12960159041146824,0.1511571611658079,False
ultimate_run,single_hct116_xgboost_sequence_ctcf_dnase_h3k4me3,single,DeepCRISPR,xgboost,xgboost,hct116,42,2968,635,636,0.14327821546018482,0.3798795712399408,0.36600061019482955,0.16686509447870154,0.13352429645821312,0.027843959755385988,0.12504948469820032,0.14327821546018482,False
ultimate_run,single_hct116_xgboost_sequence_ctcf_dnase_rrbs,single,DeepCRISPR,xgboost,xgboost,hct116,42,2968,635,636,0.13859390931749593,0.3760038695349489,0.359765675203272,0.16732065756651113,0.13419116227946146,0.027996202448489674,0.12586362422226527,0.13859390931749593,False
ultimate_run,single_hct116_xgboost_sequence_ctcf_h3k4me3,single,DeepCRISPR,xgboost,xgboost,hct116,42,2968,635,636,0.14550626848903447,0.38326145105433584,0.36766977747549845,0.16664797246603516,0.13354540804149173,0.02777154672704041,0.12488883649074423,0.14550626848903447,False
ultimate_run,single_hct116_xgboost_sequence_ctcf_h3k4me3_rrbs,single,DeepCRISPR,xgboost,xgboost,hct116,42,2968,635,636,0.13873380095414256,0.3761290236097337,0.3621428065573356,0.16730707064666472,0.13410304946409035,0.027991655888368064,0.12867365415337462,0.13873380095414256,False
ultimate_run,single_hct116_xgboost_sequence_ctcf_rrbs,single,DeepCRISPR,xgboost,xgboost,hct116,42,2968,635,636,0.13683330125257398,0.3750210899523746,0.35762879217469146,0.1674915617030847,0.13491708053562954,0.028053423241738238,0.12568070928053676,0.13683330125257398,False
ultimate_run,single_hct116_xgboost_sequence_dnase,single,DeepCRISPR,xgboost,xgboost,hct116,42,2968,635,636,0.14616948453576029,0.38436336569342516,0.37395338718361587,0.166583287928576,0.13328400185571854,0.02774999181709485,0.12249103168486086,0.14616948453576029,False
ultimate_run,single_hct116_xgboost_sequence_dnase_h3k4me3,single,DeepCRISPR,xgboost,xgboost,hct116,42,2968,635,636,0.1602593450687273,0.40555548380048817,0.38682611216392243,0.1652030965137717,0.1325028162470099,0.027292063097738576,0.12001521487605171,0.1602593450687273,False
ultimate_run,single_hct116_xgboost_sequence_dnase_h3k4me3_rrbs,single,DeepCRISPR,xgboost,xgboost,hct116,42,2968,635,636,0.15218643774212648,0.39261575208073113,0.37230091903905466,0.1659952930475071,0.1332808845140532,0.02755443731392776,0.1233805088213491,0.15218643774212648,False
ultimate_run,single_hct116_xgboost_sequence_dnase_rrbs,single,DeepCRISPR,xgboost,xgboost,hct116,42,2968,635,636,0.1406323437267738,0.37904343895966314,0.36119706637693194,0.16712256620915822,0.13454327833510749,0.02792995213633447,0.12498319930745294,0.1406323437267738,False
ultimate_run,single_hct116_xgboost_sequence_h3k4me3,single,DeepCRISPR,xgboost,xgboost,hct116,42,2968,635,636,0.13524068505544373,0.37119978544574395,0.35480113398795576,0.16764600860412832,0.1343762857075078,0.028105184200895465,0.11941290287445427,0.13524068505544373,False
ultimate_run,single_hct116_xgboost_sequence_h3k4me3_rrbs,single,DeepCRISPR,xgboost,xgboost,hct116,42,2968,635,636,0.1480816831966264,0.38558305458110287,0.36762042639728065,0.16639664732408446,0.13322761199589372,0.027687844240695748,0.13066366494712367,0.1480816831966264,False
ultimate_run,single_hct116_xgboost_sequence_rrbs,single,DeepCRISPR,xgboost,xgboost,hct116,42,2968,635,636,0.14390911359334058,0.38080035515102284,0.3648002781572302,0.16680364263576244,0.13341691572681866,0.027823455196559144,0.11785014971286811,0.14390911359334058,False
ultimate_run,single_hek293t_cnn_all_kernel_3,single,DeepCRISPR,cnn_dual_branch,cnn_k3,hek293t,42,1633,345,355,0.06234981787821925,0.2659918243331296,0.2096941964106099,0.11628740972762949,0.09410143407507682,0.013522761661161578,0.07401416535621097,0.06234981787821925,False
ultimate_run,single_hek293t_cnn_all_kernel_5,single,DeepCRISPR,cnn_dual_branch,cnn_k5,hek293t,42,1633,345,355,0.048156375161999,0.24054166951758443,0.2061732037626636,0.11716423963401686,0.09578231393661298,0.013727459049017326,0.05849504454458809,0.048156375161999,False
ultimate_run,single_hek293t_cnn_all_kernel_7,single,DeepCRISPR,cnn_dual_branch,cnn_k7,hek293t,42,1633,345,355,0.06309547153601358,0.27985294968887975,0.2236845563956966,0.11624116253454186,0.09679476330187958,0.01351200786738178,0.06915678238108924,0.06309547153601358,False
ultimate_run,single_hek293t_cnn_sequence_ctcf_dnase_h3k4me3_kernel_3,single,DeepCRISPR,cnn_dual_branch,cnn_k3,hek293t,42,1633,345,355,0.0629200755026138,0.26417365012429905,0.2027672797401434,0.11625204266377909,0.09399637816027856,0.013514537423501113,0.08072991504055671,0.0629200755026138,False
ultimate_run,single_hek293t_cnn_sequence_ctcf_dnase_h3k4me3_kernel_5,single,DeepCRISPR,cnn_dual_branch,cnn_k5,hek293t,42,1633,345,355,0.03773459791526723,0.23889028300683912,0.18007757073769987,0.11780391162941563,0.09441781972705478,0.013877761595191168,0.047731116217713754,0.03773459791526723,False
ultimate_run,single_hek293t_cnn_sequence_ctcf_dnase_h3k4me3_kernel_7,single,DeepCRISPR,cnn_dual_branch,cnn_k7,hek293t,42,1633,345,355,0.028732233431865706,0.23144677858790114,0.15418230196260405,0.11835367934624659,0.09699094728894636,0.014007593414794158,0.05324177518080142,0.028732233431865706,False
ultimate_run,single_hek293t_cnn_sequence_ctcf_dnase_kernel_3,single,DeepCRISPR,cnn_dual_branch,cnn_k3,hek293t,42,1633,345,355,0.04934850658605294,0.24426081419797271,0.16891135424238443,0.11709084578577329,0.0962016617853037,0.013710266166827743,0.05885057175757147,0.04934850658605294,False
ultimate_run,single_hek293t_cnn_sequence_ctcf_dnase_kernel_5,single,DeepCRISPR,cnn_dual_branch,cnn_k5,hek293t,42,1633,345,355,0.08852346860431926,0.30286072859090324,0.267947084525818,0.11465289393341413,0.09283222183585167,0.013145286087306711,0.06112399788416545,0.08852346860431926,False
ultimate_run,single_hek293t_cnn_sequence_ctcf_dnase_kernel_7,single,DeepCRISPR,cnn_dual_branch,cnn_k7,hek293t,42,1633,345,355,0.06679655362198722,0.28480670991247314,0.192317761070326,0.11601133986405776,0.09394225059470661,0.013458630977053918,0.07130025030222664,0.06679655362198722,False
ultimate_run,single_hek293t_cnn_sequence_ctcf_dnase_rrbs_kernel_3,single,DeepCRISPR,cnn_dual_branch,cnn_k3,hek293t,42,1633,345,355,0.0532879357242958,0.23243275278234324,0.1675353587914844,0.1168479860449088,0.09586772323704101,0.013653451842751201,0.06685809818189847,0.0532879357242958,False
ultimate_run,single_hek293t_cnn_sequence_ctcf_dnase_rrbs_kernel_5,single,DeepCRISPR,cnn_dual_branch,cnn_k5,hek293t,42,1633,345,355,0.04448402556213893,0.2589375277995154,0.20408319273860645,0.1173900402944272,0.09583913928396265,0.013780421560327242,0.024514629682343525,0.04448402556213893,False
ultimate_run,single_hek293t_cnn_sequence_ctcf_dnase_rrbs_kernel_7,single,DeepCRISPR,cnn_dual_branch,cnn_k7,hek293t,42,1633,345,355,0.06318186072417886,0.2844836945344424,0.2079185453609105,0.11623580328455768,0.09570100451229324,0.013510761965206392,0.06208317136163455,0.06318186072417886,False
ultimate_run,single_hek293t_cnn_sequence_ctcf_h3k4me3_kernel_3,single,DeepCRISPR,cnn_dual_branch,cnn_k3,hek293t,42,1633,345,355,0.04777174697120934,0.2435679251300897,0.18540452388679826,0.11718790955034611,0.09820207501171341,0.0137330061447801,0.08053741578152285,0.04777174697120934,False
ultimate_run,single_hek293t_cnn_sequence_ctcf_h3k4me3_kernel_5,single,DeepCRISPR,cnn_dual_branch,cnn_k5,hek293t,42,1633,345,355,0.02401161724716827,0.23742387994030298,0.1622486394275001,0.11864094568938965,0.09641871037827411,0.014075673994072705,0.06438078464883834,0.02401161724716827,False
ultimate_run,single_hek293t_cnn_sequence_ctcf_h3k4me3_kernel_7,single,DeepCRISPR,cnn_dual_branch,cnn_k7,hek293t,42,1633,345,355,0.019846133005166244,0.23744889335018965,0.18470552892675038,0.11889385382684908,0.09467057238372278,0.014135748477800157,0.05673174651007151,0.019846133005166244,False
ultimate_run,single_hek293t_cnn_sequence_ctcf_h3k4me3_rrbs_kernel_3,single,DeepCRISPR,cnn_dual_branch,cnn_k3,hek293t,42,1633,345,355,0.04812895470902112,0.24414450551758174,0.2015318343119084,0.11716592723968151,0.09419433878551067,0.013727854505934342,0.06793779627315177,0.04812895470902112,False
ultimate_run,single_hek293t_cnn_sequence_ctcf_h3k4me3_rrbs_kernel_5,single,DeepCRISPR,cnn_dual_branch,cnn_k5,hek293t,42,1633,345,355,0.05143365069173922,0.24201819442461203,0.19001960726461226,0.1169623626796922,0.0947029843821492,0.013680194283615854,0.05408867293115005,0.05143365069173922,False
ultimate_run,single_hek293t_cnn_sequence_ctcf_h3k4me3_rrbs_kernel_7,single,DeepCRISPR,cnn_dual_branch,cnn_k7,hek293t,42,1633,345,355,0.04143608384654318,0.25287788395251093,0.1757647771987093,0.1175771188651047,0.09598671499062592,0.01382437888061896,0.07473274941701813,0.04143608384654318,False
ultimate_run,single_hek293t_cnn_sequence_ctcf_kernel_3,single,DeepCRISPR,cnn_dual_branch,cnn_k3,hek293t,42,1633,345,355,0.0506842982630209,0.24333010777746403,0.16788914787525383,0.11700855276839583,0.09488789070869835,0.013691001420954472,0.07054594599672315,0.0506842982630209,False
ultimate_run,single_hek293t_cnn_sequence_ctcf_kernel_5,single,DeepCRISPR,cnn_dual_branch,cnn_k5,hek293t,42,1633,345,355,0.032203377398084876,0.2451124895100446,0.16312037143830418,0.11814200220435023,0.09573940786887222,0.013957532684852695,0.0597829584874352,0.032203377398084876,False
ultimate_run,single_hek293t_cnn_sequence_ctcf_kernel_7,single,DeepCRISPR,cnn_dual_branch,cnn_k7,hek293t,42,1633,345,355,0.07539951600540196,0.2765435409841583,0.21116380246820865,0.11547536240285643,0.0963422378708779,0.013334559322071029,0.06193738366215462,0.07539951600540196,False
ultimate_run,single_hek293t_cnn_sequence_ctcf_rrbs_kernel_3,single,DeepCRISPR,cnn_dual_branch,cnn_k3,hek293t,42,1633,345,355,0.041043145623911315,0.23548377251108374,0.14723741420145325,0.11760121522927217,0.09529536191216657,0.013830045823401594,0.06388291734733276,0.041043145623911315,False
ultimate_run,single_hek293t_cnn_sequence_ctcf_rrbs_kernel_5,single,DeepCRISPR,cnn_dual_branch,cnn_k5,hek293t,42,1633,345,355,0.02514855923065218,0.25140433876466417,0.17492308641412369,0.11857182233681186,0.09570173773337418,0.014059277052272478,0.08211602706655963,0.02514855923065218,False
ultimate_run,single_hek293t_cnn_sequence_ctcf_rrbs_kernel_7,single,DeepCRISPR,cnn_dual_branch,cnn_k7,hek293t,42,1633,345,355,0.09043894148661658,0.3042717287972367,0.22204730956678945,0.11453235873404014,0.09384917764806412,0.01311766119718286,0.07926809365593701,0.09043894148661658,False
ultimate_run,single_hek293t_cnn_sequence_dnase_h3k4me3_kernel_3,single,DeepCRISPR,cnn_dual_branch,cnn_k3,hek293t,42,1633,345,355,0.03629436330357372,0.1946688836490579,0.12821836752758026,0.1178920379576553,0.09810161532860406,0.013898532613809238,0.05382048017633423,0.03629436330357372,False
ultimate_run,single_hek293t_cnn_sequence_dnase_h3k4me3_kernel_5,single,DeepCRISPR,cnn_dual_branch,cnn_k5,hek293t,42,1633,345,355,0.00951307115213007,0.23983523990322178,0.1686742431354457,0.11951891721955589,0.0970805250108242,0.014284771573335055,0.056495080617725235,0.00951307115213007,False
ultimate_run,single_hek293t_cnn_sequence_dnase_h3k4me3_kernel_7,single,DeepCRISPR,cnn_dual_branch,cnn_k7,hek293t,42,1633,345,355,0.05201936716745559,0.23294708576901757,0.17177358571539694,0.11692624640722936,0.09620842514953143,0.013671747098884118,0.05916298630705685,0.05201936716745559,False
ultimate_run,single_hek293t_cnn_sequence_dnase_h3k4me3_rrbs_kernel_3,single,DeepCRISPR,cnn_dual_branch,cnn_k3,hek293t,42,1633,345,355,0.013954054342662059,0.19901162918807527,0.12247754284227552,0.1192506765279368,0.09896133454962515,0.014220723852370618,0.05424744724620345,0.013954054342662059,False
ultimate_run,single_hek293t_cnn_sequence_dnase_h3k4me3_rrbs_kernel_5,single,DeepCRISPR,cnn_dual_branch,cnn_k5,hek293t,42,1633,345,355,0.05277420661384857,0.23625844127393614,0.1684703919575346,0.11687968526629362,0.09642005903829991,0.013660860827947855,0.03838030115776492,0.05277420661384857,False
ultimate_run,single_hek293t_cnn_sequence_dnase_h3k4me3_rrbs_kernel_7,single,DeepCRISPR,cnn_dual_branch,cnn_k7,hek293t,42,1633,345,355,0.03149025928037841,0.2530808098126334,0.17683526410797673,0.11818552048406279,0.09543214273494734,0.013967817252088826,0.051442617181169936,0.03149025928037841,False
ultimate_run,single_hek293t_cnn_sequence_dnase_kernel_3,single,DeepCRISPR,cnn_dual_branch,cnn_k3,hek293t,42,1633,345,355,0.05463975556681733,0.2405734185776545,0.15363753651216,0.1167645320256737,0.09586824536533423,0.013633955939174582,0.06301591148468844,0.05463975556681733,False
ultimate_run,single_hek293t_cnn_sequence_dnase_kernel_5,single,DeepCRISPR,cnn_dual_branch,cnn_k5,hek293t,42,1633,345,355,0.05429351052240927,0.2582469576405113,0.1899842015337119,0.11678591299638083,0.09757510601005084,0.013638949474398232,0.05923543058815173,0.05429351052240927,False
ultimate_run,single_hek293t_cnn_sequence_dnase_kernel_7,single,DeepCRISPR,cnn_dual_branch,cnn_k7,hek293t,42,1633,345,355,0.08241944455434147,0.2877016405228077,0.20853948677783712,0.1150361601047262,0.09529325526574968,0.0132333181316402,0.06696368375783679,0.08241944455434147,False
ultimate_run,single_hek293t_cnn_sequence_dnase_rrbs_kernel_3,single,DeepCRISPR,cnn_dual_branch,cnn_k3,hek293t,42,1633,345,355,0.014014613509611307,0.20854666371237568,0.12553155535766494,0.11924701451170597,0.09829389915709764,0.014219850469955015,0.05976190450748131,0.014014613509611307,False
ultimate_run,single_hek293t_cnn_sequence_dnase_rrbs_kernel_5,single,DeepCRISPR,cnn_dual_branch,cnn_k5,hek293t,42,1633,345,355,-0.008938203881940776,0.24732794248949289,0.16026430914567583,0.12062700894072532,0.09614039412896398,0.014550875285985828,0.05940863685100106,-0.008938203881940776,False
ultimate_run,single_hek293t_cnn_sequence_dnase_rrbs_kernel_7,single,DeepCRISPR,cnn_dual_branch,cnn_k7,hek293t,42,1633,345,355,0.0546886577439708,0.25065154752630564,0.17622692927705255,0.11676151195279195,0.0961686225529288,0.01363325067350198,0.061350511570069544,0.0546886577439708,False
ultimate_run,single_hek293t_cnn_sequence_h3k4me3_kernel_3,single,DeepCRISPR,cnn_dual_branch,cnn_k3,hek293t,42,1633,345,355,0.04755010612512156,0.2249880129326125,0.14865310698699916,0.11720154709791443,0.09676984024929329,0.013736202642144653,0.06854901454098683,0.04755010612512156,False
ultimate_run,single_hek293t_cnn_sequence_h3k4me3_kernel_5,single,DeepCRISPR,cnn_dual_branch,cnn_k5,hek293t,42,1633,345,355,0.029418324408747032,0.1717398441419871,0.1148291002920973,0.11831187020810487,0.09767337077310388,0.013997698632139453,0.04419637724602199,0.029418324408747032,False
ultimate_run,single_hek293t_cnn_sequence_h3k4me3_kernel_7,single,DeepCRISPR,cnn_dual_branch,cnn_k7,hek293t,42,1633,345,355,-0.04578308101683093,0.21853358782698434,0.1763618465698016,0.12280981619579145,0.09773157193837032,0.01508225095404408,0.06518348414704167,-0.04578308101683093,False
ultimate_run,single_hek293t_cnn_sequence_h3k4me3_rrbs_kernel_3,single,DeepCRISPR,cnn_dual_branch,cnn_k3,hek293t,42,1633,345,355,0.03763394698444966,0.20087019582247378,0.13231001823328237,0.11781007248862026,0.09763941606375533,0.013879213179773961,0.05450853536328193,0.03763394698444966,False
ultimate_run,single_hek293t_cnn_sequence_h3k4me3_rrbs_kernel_5,single,DeepCRISPR,cnn_dual_branch,cnn_k5,hek293t,42,1633,345,355,0.004486456248356752,0.24132579413030758,0.16121463115006937,0.11982180626492599,0.09534009246968887,0.014357265256589457,0.052432396802545966,0.004486456248356752,False
ultimate_run,single_hek293t_cnn_sequence_h3k4me3_rrbs_kernel_7,single,DeepCRISPR,cnn_dual_branch,cnn_k7,hek293t,42,1633,345,355,0.04439656324697938,0.27033659595381854,0.2085266119666006,0.11739541276858585,0.09629226286016719,0.01378168293910665,0.06563422563259058,0.04439656324697938,False
ultimate_run,single_hek293t_cnn_sequence_kernel_3,single,DeepCRISPR,cnn_dual_branch,cnn_k3,hek293t,42,1633,345,355,0.07196803770013727,0.2689219921518645,0.19876857795027641,0.11568944634273355,0.09554255433695417,0.013384047995088227,0.06060727301553337,0.07196803770013727,False
ultimate_run,single_hek293t_cnn_sequence_kernel_5,single,DeepCRISPR,cnn_dual_branch,cnn_k5,hek293t,42,1633,345,355,0.035220988850447,0.21815948356472897,0.15904871238476373,0.11795767370828693,0.097885688352333,0.013914012786670685,0.050986044346165604,0.035220988850447,False
ultimate_run,single_hek293t_cnn_sequence_kernel_7,single,DeepCRISPR,cnn_dual_branch,cnn_k7,hek293t,42,1633,345,355,0.07162632192981644,0.28762235841544653,0.21769642804455758,0.1157107437071526,0.09465613487950512,0.013388976209262358,0.05339236354739829,0.07162632192981644,False
ultimate_run,single_hek293t_cnn_sequence_rrbs_kernel_3,single,DeepCRISPR,cnn_dual_branch,cnn_k3,hek293t,42,1633,345,355,0.04797154487189814,0.23891431781961553,0.17042950906735405,0.11717561463757015,0.09593497263923498,0.013730124665692345,0.05925441293043443,0.04797154487189814,False
ultimate_run,single_hek293t_cnn_sequence_rrbs_kernel_5,single,DeepCRISPR,cnn_dual_branch,cnn_k5,hek293t,42,1633,345,355,0.06108102202842103,0.25865084661791304,0.21972716129188002,0.116366061183261,0.09674663641293284,0.01354106019530644,0.04134545576710558,0.06108102202842103,False
ultimate_run,single_hek293t_cnn_sequence_rrbs_kernel_7,single,DeepCRISPR,cnn_dual_branch,cnn_k7,hek293t,42,1633,345,355,0.02866249211515759,0.19889735950317916,0.15907285265583218,0.11835792842850451,0.09726815845974734,0.014008599221886997,0.047639317590769115,0.02866249211515759,False
ultimate_run,single_hek293t_linear_all,single,DeepCRISPR,linear,linear,hek293t,42,1633,345,355,-0.051011898586734716,0.08199491322479432,0.07850407477964534,0.12311645218182006,0.10262190087790221,0.015157660797838384,-0.1363306126185011,-0.051011898586734716,False
ultimate_run,single_hek293t_linear_sequence,single,DeepCRISPR,linear,linear,hek293t,42,1633,345,355,-0.0033419667602085923,0.12988315995073285,0.1055578105112673,0.1202920052575513,0.10004505600098153,0.014470166528882748,0.012514936025063261,-0.0033419667602085923,False
ultimate_run,single_hek293t_linear_sequence_ctcf,single,DeepCRISPR,linear,linear,hek293t,42,1633,345,355,-0.006175306505342704,0.13179397836969345,0.10614079121380471,0.1204617319577238,0.10025910618649402,0.014511028866254497,-0.008498485619920615,-0.006175306505342704,False
ultimate_run,single_hek293t_linear_sequence_ctcf_dnase,single,DeepCRISPR,linear,linear,hek293t,42,1633,345,355,-0.005777700214267822,0.13225826795211457,0.10623277825894802,0.12043792841432666,0.10025356681623929,0.014505294600734473,-0.008389763035719255,-0.005777700214267822,False
ultimate_run,single_hek293t_linear_sequence_ctcf_dnase_h3k4me3,single,DeepCRISPR,linear,linear,hek293t,42,1633,345,355,-0.03675552763935941,0.09904253283518613,0.09540747953022212,0.12227859935817467,0.10177512312649002,0.014952055860996996,-0.08249644018546798,-0.03675552763935941,False
ultimate_run,single_hek293t_linear_sequence_ctcf_dnase_rrbs,single,DeepCRISPR,linear,linear,hek293t,42,1633,345,355,-0.021170308862294096,0.11032294396655988,0.08903553664389105,0.12135603125609808,0.10099809607359725,0.014727286322231053,-0.06087561479801096,-0.021170308862294096,False
ultimate_run,single_hek293t_linear_sequence_ctcf_h3k4me3,single,DeepCRISPR,linear,linear,hek293t,42,1633,345,355,-0.03736897830011676,0.09889251639042361,0.09501771627671189,0.12231477027440213,0.10192079033020517,0.014960903027279768,-0.08287180872390398,-0.03736897830011676,False
ultimate_run,single_hek293t_linear_sequence_ctcf_h3k4me3_rrbs,single,DeepCRISPR,linear,linear,hek293t,42,1633,345,355,-0.05135764509224727,0.08172239276470572,0.07807178243714813,0.12313670104054943,0.10268053188997427,0.015162647143149644,-0.13630117981964762,-0.05135764509224727,False
ultimate_run,single_hek293t_linear_sequence_ctcf_rrbs,single,DeepCRISPR,linear,linear,hek293t,42,1633,345,355,-0.02114134443779525,0.11056628734267523,0.08967790635678691,0.12135431017563798,0.10102820783643655,0.014726868598204953,-0.0606633728263426,-0.02114134443779525,False
ultimate_run,single_hek293t_linear_sequence_dnase,single,DeepCRISPR,linear,linear,hek293t,42,1633,345,355,-0.003267400839572776,0.12997204735125892,0.10705059721705902,0.12028753527071143,0.09996612400446139,0.014469091141502646,0.013069663911036034,-0.003267400839572776,False
ultimate_run,single_hek293t_linear_sequence_dnase_h3k4me3,single,DeepCRISPR,linear,linear,hek293t,42,1633,345,355,-0.03188652917161239,0.09333652728468105,0.08392276985657862,0.12199112802603118,0.10163666036137393,0.014881835317063531,-0.04249619278736283,-0.03188652917161239,False
ultimate_run,single_hek293t_linear_sequence_dnase_h3k4me3_rrbs,single,DeepCRISPR,linear,linear,hek293t,42,1633,345,355,-0.04709624355561548,0.07255942564819286,0.06506288039799639,0.1228868965479752,0.10263900531219765,0.015101189343192758,-0.09061008408224902,-0.04709624355561548,False
ultimate_run,single_hek293t_linear_sequence_dnase_rrbs,single,DeepCRISPR,linear,linear,hek293t,42,1633,345,355,-0.019640565193677073,0.10495583147028117,0.08472554011360489,0.12126509970633652,0.10089316847668567,0.014705224406787738,-0.035950400715711206,-0.019640565193677073,False
ultimate_run,single_hek293t_linear_sequence_h3k4me3,single,DeepCRISPR,linear,linear,hek293t,42,1633,345,355,-0.032691447847901456,0.09261737289168794,0.08377237333733885,0.12203869808011847,0.10177122422228026,0.014893443829090311,-0.0434154150513264,-0.032691447847901456,False
ultimate_run,single_hek293t_linear_sequence_h3k4me3_rrbs,single,DeepCRISPR,linear,linear,hek293t,42,1633,345,355,-0.04790415323754882,0.07198828795259102,0.06537051292711517,0.12293429542405807,0.1025867176014442,0.015112840991409585,-0.09217734323795135,-0.04790415323754882,False
ultimate_run,single_hek293t_linear_sequence_rrbs,single,DeepCRISPR,linear,linear,hek293t,42,1633,345,355,-0.01971526659007239,0.10523335985674888,0.08387716028720635,0.12126954171594373,0.10082506538486817,0.014706301747995016,-0.03669961565538271,-0.01971526659007239,False
ultimate_run,single_hek293t_mlp_all,single,DeepCRISPR,mlp,mlp,hek293t,42,1633,345,355,-0.021875477957647327,0.07964743850241422,0.0880773883445407,0.1213979252249185,0.10191129304363694,0.014737456248914904,0.011750041721494076,-0.021875477957647327,False
ultimate_run,single_hek293t_mlp_sequence,single,DeepCRISPR,mlp,mlp,hek293t,42,1633,345,355,-0.0036809091350349377,0.09304628380010865,0.06812786833359709,0.12031232166837118,0.1005012834261001,0.014475054745233617,0.007597272407991573,-0.0036809091350349377,False
ultimate_run,single_hek293t_mlp_sequence_ctcf,single,DeepCRISPR,mlp,mlp,hek293t,42,1633,345,355,-0.0015757067286830129,0.131535611608435,0.13199927042736326,0.12018607898519519,0.09902739005399422,0.014444693581835576,0.019655480599168662,-0.0015757067286830129,False
ultimate_run,single_hek293t_mlp_sequence_ctcf_dnase,single,DeepCRISPR,mlp,mlp,hek293t,42,1633,345,355,0.01260233691149526,0.15153089632656325,0.14447658155499465,0.11933238570888406,0.0975230147406249,0.014240218278973878,0.017107277019468903,0.01260233691149526,False
ultimate_run,single_hek293t_mlp_sequence_ctcf_dnase_h3k4me3,single,DeepCRISPR,mlp,mlp,hek293t,42,1633,345,355,-0.007774784872305762,0.10386547034135662,0.10558525404953048,0.12055744063864678,0.10170846313867771,0.01453409649334084,0.01607338678157355,-0.007774784872305762,False
ultimate_run,single_hek293t_mlp_sequence_ctcf_dnase_rrbs,single,DeepCRISPR,mlp,mlp,hek293t,42,1633,345,355,0.012330419497902922,0.15005351714061235,0.1242856491453003,0.11934881592804253,0.09999737555921917,0.014244139863425776,0.012426401322062297,0.012330419497902922,False
ultimate_run,single_hek293t_mlp_sequence_ctcf_h3k4me3,single,DeepCRISPR,mlp,mlp,hek293t,42,1633,345,355,-0.03741220736297102,0.0769269192613506,0.0861354376497032,0.12231731878795828,0.10115256407101389,0.01496152647547501,0.0022842393793702787,-0.03741220736297102,False
ultimate_run,single_hek293t_mlp_sequence_ctcf_h3k4me3_rrbs,single,DeepCRISPR,mlp,mlp,hek293t,42,1633,345,355,-0.036735500603081395,0.08004207729786698,0.08894187827402428,0.12227741832286476,0.10205863429836824,0.014951767031704864,0.0001393634626850604,-0.036735500603081395,False
ultimate_run,single_hek293t_mlp_sequence_ctcf_rrbs,single,DeepCRISPR,mlp,mlp,hek293t,42,1633,345,355,0.002605546129405889,0.1421292855844736,0.1393765372658729,0.11993494771591423,0.09834156604090206,0.01438439168361908,0.01828503996357589,0.002605546129405889,False
ultimate_run,single_hek293t_mlp_sequence_dnase,single,DeepCRISPR,mlp,mlp,hek293t,42,1633,345,355,-0.006342989994741366,0.10933868322301311,0.10648327213327576,0.12047176927523297,0.099317639405039,0.014513447192304966,0.02398886669600553,-0.006342989994741366,False
ultimate_run,single_hek293t_mlp_sequence_dnase_h3k4me3,single,DeepCRISPR,mlp,mlp,hek293t,42,1633,345,355,-0.02925826331548209,0.06959457897647245,0.0498104988721129,0.12183567026498579,0.10219524650716445,0.014843930548918343,0.008596532428240988,-0.02925826331548209,False
ultimate_run,single_hek293t_mlp_sequence_dnase_h3k4me3_rrbs,single,DeepCRISPR,mlp,mlp,hek293t,42,1633,345,355,-0.020203368187442283,0.06022572490708663,0.061376370966227764,0.12129856196178888,0.09871182904486925,0.014713341133997937,-0.0047005218851579045,-0.020203368187442283,False
ultimate_run,single_hek293t_mlp_sequence_dnase_rrbs,single,DeepCRISPR,mlp,mlp,hek293t,42,1633,345,355,-0.0020466934069569565,0.11945793791300709,0.10747758307606065,0.1202143341578261,0.09897112352117686,0.014451486137009476,0.024805806170550282,-0.0020466934069569565,False
ultimate_run,single_hek293t_mlp_sequence_h3k4me3,single,DeepCRISPR,mlp,mlp,hek293t,42,1633,345,355,-0.02059784358497896,0.0593996129337957,0.07596916482708861,0.1213220105581385,0.0991379425244432,0.014719030245869071,-0.0035169155543661734,-0.02059784358497896,False
ultimate_run,single_hek293t_mlp_sequence_h3k4me3_rrbs,single,DeepCRISPR,mlp,mlp,hek293t,42,1633,345,355,-0.01954415201783588,0.06271142081741693,0.0768746932173885,0.1212593663968889,0.09913971500707344,0.014703833938974951,-0.002727977848819396,-0.01954415201783588,False
ultimate_run,single_hek293t_mlp_sequence_rrbs,single,DeepCRISPR,mlp,mlp,hek293t,42,1633,345,355,-0.0029248721884707063,0.09638614875135548,0.07295780012392006,0.12026699964656663,0.10037924631590575,0.014464151203987257,0.006185279962124035,-0.0029248721884707063,False
ultimate_run,single_hek293t_transformer_all,single,DeepCRISPR,transformer,transformer,hek293t,42,1633,345,355,-0.0224039528041291,-0.05272223567008073,-0.044234364480541605,0.12142931234531641,0.10034658956065984,0.014745077896656411,0.015143316606237578,-0.0224039528041291,False
ultimate_run,single_hek293t_transformer_sequence,single,DeepCRISPR,transformer,transformer,hek293t,42,1633,345,355,0.03653171191187399,0.21035823047149999,0.09180410974703679,0.11787751939868908,0.09544860360697961,0.01389510957958832,0.043449736856635224,0.03653171191187399,False
ultimate_run,single_hek293t_transformer_sequence_ctcf,single,DeepCRISPR,transformer,transformer,hek293t,42,1633,345,355,0.02235848588199474,0.15703979280011995,0.10268466636804258,0.11874138033147776,0.09881348673936347,0.014099515403024652,0.04521828078225543,0.02235848588199474,False
ultimate_run,single_hek293t_transformer_sequence_ctcf_dnase,single,DeepCRISPR,transformer,transformer,hek293t,42,1633,345,355,0.04041056760692452,0.21007572752126535,0.13549049007432523,0.11763999678603751,0.09601883796948782,0.013839168843818916,0.04513648923867919,0.04041056760692452,False
ultimate_run,single_hek293t_transformer_sequence_ctcf_dnase_h3k4me3,single,DeepCRISPR,transformer,transformer,hek293t,42,1633,345,355,-0.10319666151090345,0.0656586881682257,0.05172884574635013,0.1261359101127427,0.10167738473121549,0.015910267819969907,0.06552730323040568,-0.10319666151090345,False
ultimate_run,single_hek293t_transformer_sequence_ctcf_dnase_rrbs,single,DeepCRISPR,transformer,transformer,hek293t,42,1633,345,355,0.014330233671324355,0.16700030735651056,0.10425485688842635,0.119227927122104,0.09898761998809559,0.014215298605833744,0.03871370291107623,0.014330233671324355,False
ultimate_run,single_hek293t_transformer_sequence_ctcf_h3k4me3,single,DeepCRISPR,transformer,transformer,hek293t,42,1633,345,355,-0.07074906368586453,0.019891189124672203,0.02087436061809823,0.12426708967732758,0.10275021536459386,0.015442309576872976,0.05644917529246807,-0.07074906368586453,False
ultimate_run,single_hek293t_transformer_sequence_ctcf_h3k4me3_rrbs,single,DeepCRISPR,transformer,transformer,hek293t,42,1633,345,355,-0.020163524439984926,-0.03991999157239996,-0.03604410695749435,0.12129619329853548,0.10039074858519392,0.014712766508715686,0.018292773210292657,-0.020163524439984926,False
ultimate_run,single_hek293t_transformer_sequence_ctcf_rrbs,single,DeepCRISPR,transformer,transformer,hek293t,42,1633,345,355,0.008562260196742666,0.09820046535559458,0.08076798249025673,0.11957626913086679,0.09904971782800177,0.014298484139257486,0.015773865882738547,0.008562260196742666,False
ultimate_run,single_hek293t_transformer_sequence_dnase,single,DeepCRISPR,transformer,transformer,hek293t,42,1633,345,355,0.04314149790322519,0.2270411995927604,0.07496036972166267,0.11747247955296548,0.09571560269720118,0.013799783452321895,0.061142895323099355,0.04314149790322519,False
ultimate_run,single_hek293t_transformer_sequence_dnase_h3k4me3,single,DeepCRISPR,transformer,transformer,hek293t,42,1633,345,355,0.02022002539580714,0.15331434648356937,0.10977600510700848,0.11887117486342956,0.09900763510188586,0.014130356213412049,0.03238609172714657,0.02022002539580714,False
ultimate_run,single_hek293t_transformer_sequence_dnase_h3k4me3_rrbs,single,DeepCRISPR,transformer,transformer,hek293t,42,1633,345,355,0.004958030354028753,0.14115086530372664,0.10487204315207567,0.11979342314816768,0.09954835920476578,0.014350464229555956,0.03168915405666495,0.004958030354028753,False
ultimate_run,single_hek293t_transformer_sequence_dnase_rrbs,single,DeepCRISPR,transformer,transformer,hek293t,42,1633,345,355,0.005941408614487775,0.07777471915323467,0.06571250010058446,0.11973421390302878,0.09929815065902724,0.014336281978976252,0.01896434182950757,0.005941408614487775,False
ultimate_run,single_hek293t_transformer_sequence_h3k4me3,single,DeepCRISPR,transformer,transformer,hek293t,42,1633,345,355,-0.02044909288533292,0.08955708639724694,0.02063242284047998,0.12131316897979995,0.10197489283664125,0.014716884967921498,0.04042749978650273,-0.02044909288533292,False
ultimate_run,single_hek293t_transformer_sequence_h3k4me3_rrbs,single,DeepCRISPR,transformer,transformer,hek293t,42,1633,345,355,-0.00044241799017630257,0.0997127653263217,0.044509831795955704,0.12011806411618692,0.09884938225150108,0.014428349327020392,0.042839062786680704,-0.00044241799017630257,False
ultimate_run,single_hek293t_transformer_sequence_rrbs,single,DeepCRISPR,transformer,transformer,hek293t,42,1633,345,355,0.00601447607323824,0.07783661201722675,0.0704818129880023,0.11972981333973044,0.09955612061099267,0.014335228202366693,0.019624734170682445,0.00601447607323824,False
ultimate_run,single_hek293t_xgboost_all,single,DeepCRISPR,xgboost,xgboost,hek293t,42,1633,345,355,0.009635938469414906,0.10839455988869016,0.08726922571421675,0.11951150398484674,0.09828450747988593,0.014282999584720037,0.03227323811976146,0.009635938469414906,False
ultimate_run,single_hek293t_xgboost_sequence,single,DeepCRISPR,xgboost,xgboost,hek293t,42,1633,345,355,0.037249722625136705,0.19905219576734098,0.12232599558501264,0.11783358795985031,0.09709565019313718,0.013884754451491782,0.033983673283042415,0.037249722625136705,False
ultimate_run,single_hek293t_xgboost_sequence_ctcf,single,DeepCRISPR,xgboost,xgboost,hek293t,42,1633,345,355,0.04586325060127949,0.23121373347974705,0.15522918505127128,0.11730528726302296,0.09666090058818669,0.013760530419860337,0.02611986654462428,0.04586325060127949,False
ultimate_run,single_hek293t_xgboost_sequence_ctcf_dnase,single,DeepCRISPR,xgboost,xgboost,hek293t,42,1633,345,355,0.04586325060127949,0.23121373347974705,0.15522918505127128,0.11730528726302296,0.09666090058818669,0.013760530419860337,0.02611986654462428,0.04586325060127949,False
ultimate_run,single_hek293t_xgboost_sequence_ctcf_dnase_h3k4me3,single,DeepCRISPR,xgboost,xgboost,hek293t,42,1633,345,355,0.01679684003072246,0.13559818837309548,0.0906386711049002,0.11907865167990778,0.09813538920921339,0.014179725285904804,0.032214815395670726,0.01679684003072246,False
ultimate_run,single_hek293t_xgboost_sequence_ctcf_dnase_rrbs,single,DeepCRISPR,xgboost,xgboost,hek293t,42,1633,345,355,0.03160667361297986,0.18428498852162212,0.11905793933281657,0.11817841735366702,0.09739375803881968,0.013966138328217506,0.0433888293775494,0.03160667361297986,False
ultimate_run,single_hek293t_xgboost_sequence_ctcf_h3k4me3,single,DeepCRISPR,xgboost,xgboost,hek293t,42,1633,345,355,0.01679684003072246,0.13559818837309548,0.0906386711049002,0.11907865167990778,0.09813538920921339,0.014179725285904804,0.032214815395670726,0.01679684003072246,False
ultimate_run,single_hek293t_xgboost_sequence_ctcf_h3k4me3_rrbs,single,DeepCRISPR,xgboost,xgboost,hek293t,42,1633,345,355,0.009635938469414906,0.10839455988869016,0.08726922571421675,0.11951150398484674,0.09828450747988593,0.014282999584720037,0.03227323811976146,0.009635938469414906,False
ultimate_run,single_hek293t_xgboost_sequence_ctcf_rrbs,single,DeepCRISPR,xgboost,xgboost,hek293t,42,1633,345,355,0.03160667361297986,0.18428498852162212,0.11905793933281657,0.11817841735366702,0.09739375803881968,0.013966138328217506,0.0433888293775494,0.03160667361297986,False
ultimate_run,single_hek293t_xgboost_sequence_dnase,single,DeepCRISPR,xgboost,xgboost,hek293t,42,1633,345,355,0.037249722625136705,0.19905219576734098,0.12232599558501264,0.11783358795985031,0.09709565019313718,0.013884754451491782,0.033983673283042415,0.037249722625136705,False
ultimate_run,single_hek293t_xgboost_sequence_dnase_h3k4me3,single,DeepCRISPR,xgboost,xgboost,hek293t,42,1633,345,355,0.01906665661132745,0.143270864057394,0.0842374758932571,0.11894112014784261,0.09803668051748209,0.01414699006202353,0.030694353147214803,0.01906665661132745,False
ultimate_run,single_hek293t_xgboost_sequence_dnase_h3k4me3_rrbs,single,DeepCRISPR,xgboost,xgboost,hek293t,42,1633,345,355,0.018895481401320913,0.14235896914144572,0.08817448587928256,0.11895149744984139,0.09815829468654914,0.014149458745559621,0.023557815451273667,0.018895481401320913,False
ultimate_run,single_hek293t_xgboost_sequence_dnase_rrbs,single,DeepCRISPR,xgboost,xgboost,hek293t,42,1633,345,355,0.04480669599869702,0.2154626278849814,0.15043304964044407,0.11737021776141597,0.09710799679160118,0.013775768017362206,0.027810289358143336,0.04480669599869702,False
ultimate_run,single_hek293t_xgboost_sequence_h3k4me3,single,DeepCRISPR,xgboost,xgboost,hek293t,42,1633,345,355,0.01906665661132745,0.143270864057394,0.0842374758932571,0.11894112014784261,0.09803668051748209,0.01414699006202353,0.030694353147214803,0.01906665661132745,False
ultimate_run,single_hek293t_xgboost_sequence_h3k4me3_rrbs,single,DeepCRISPR,xgboost,xgboost,hek293t,42,1633,345,355,0.018895481401320913,0.14235896914144572,0.08817448587928256,0.11895149744984139,0.09815829468654914,0.014149458745559621,0.023557815451273667,0.018895481401320913,False
ultimate_run,single_hek293t_xgboost_sequence_rrbs,single,DeepCRISPR,xgboost,xgboost,hek293t,42,1633,345,355,0.04480669599869702,0.2154626278849814,0.15043304964044407,0.11737021776141597,0.09710799679160118,0.013775768017362206,0.027810289358143336,0.04480669599869702,False
ultimate_run,single_hela_cnn_all_kernel_3,single,DeepCRISPR,cnn_dual_branch,cnn_k3,hela,42,5669,1215,1217,0.08399529259130922,0.29032251654563773,0.2777126131710476,0.1785410435816341,0.14183730977345294,0.03187690424321897,0.06501983580014203,0.08399529259130922,False
ultimate_run,single_hela_cnn_all_kernel_5,single,DeepCRISPR,cnn_dual_branch,cnn_k5,hela,42,5669,1215,1217,0.10931502675165827,0.33157873625158657,0.3293897395722196,0.1760561817749368,0.13863254154833082,0.03099577914116958,0.12393297828686478,0.10931502675165827,False
ultimate_run,single_hela_cnn_all_kernel_7,single,DeepCRISPR,cnn_dual_branch,cnn_k7,hela,42,5669,1215,1217,0.11412538357509805,0.3430973909217987,0.33611151319972793,0.1755801214163129,0.13615825870843898,0.03082837903656718,0.13645123208043397,0.11412538357509805,False
ultimate_run,single_hela_cnn_sequence_ctcf_dnase_h3k4me3_kernel_3,single,DeepCRISPR,cnn_dual_branch,cnn_k3,hela,42,5669,1215,1217,0.07123875013604652,0.27699165462379804,0.2700653267958642,0.1797799518606266,0.14019418108647122,0.032320831091009215,0.0727474765003111,0.07123875013604652,False
ultimate_run,single_hela_cnn_sequence_ctcf_dnase_h3k4me3_kernel_5,single,DeepCRISPR,cnn_dual_branch,cnn_k5,hela,42,5669,1215,1217,0.07383507981657478,0.31273269050525504,0.3272823811620147,0.1795284907388949,0.13967241264180733,0.03223047898698547,0.13934651615732663,0.07383507981657478,False
ultimate_run,single_hela_cnn_sequence_ctcf_dnase_h3k4me3_kernel_7,single,DeepCRISPR,cnn_dual_branch,cnn_k7,hela,42,5669,1215,1217,0.11920328737728769,0.3467857543753273,0.3453853149051407,0.17507617860378624,0.13748351446573007,0.030651668314504856,0.14801565842561604,0.11920328737728769,False
ultimate_run,single_hela_cnn_sequence_ctcf_dnase_kernel_3,single,DeepCRISPR,cnn_dual_branch,cnn_k3,hela,42,5669,1215,1217,0.06998386513343835,0.2727045384854827,0.2668880240174286,0.17990136466265472,0.14151088835246536,0.03236450100748547,0.07387582187157582,0.06998386513343835,False
ultimate_run,single_hela_cnn_sequence_ctcf_dnase_kernel_5,single,DeepCRISPR,cnn_dual_branch,cnn_k5,hela,42,5669,1215,1217,0.07759396083725822,0.3223770025590465,0.34010955570782797,0.17916380820895078,0.13514741917876677,0.0320996701719337,0.1360561219804195,0.07759396083725822,False
ultimate_run,single_hela_cnn_sequence_ctcf_dnase_kernel_7,single,DeepCRISPR,cnn_dual_branch,cnn_k7,hela,42,5669,1215,1217,0.10515750005491997,0.3404978027238567,0.3456965254195889,0.1764665996720659,0.13595878909546794,0.031140460799821166,0.1430097851694353,0.10515750005491997,False
ultimate_run,single_hela_cnn_sequence_ctcf_dnase_rrbs_kernel_3,single,DeepCRISPR,cnn_dual_branch,cnn_k3,hela,42,5669,1215,1217,0.06102571550614466,0.26301825014583463,0.26632421970447057,0.1807657158642096,0.1401101952768457,0.03267624403190015,0.07124939740384062,0.06102571550614466,False
ultimate_run,single_hela_cnn_sequence_ctcf_dnase_rrbs_kernel_5,single,DeepCRISPR,cnn_dual_branch,cnn_k5,hela,42,5669,1215,1217,0.10894183773009536,0.33936862293804604,0.34780488910912644,0.17609306089351934,0.1365751445770232,0.031008766094848705,0.14628464949862574,0.10894183773009536,False
ultimate_run,single_hela_cnn_sequence_ctcf_dnase_rrbs_kernel_7,single,DeepCRISPR,cnn_dual_branch,cnn_k7,hela,42,5669,1215,1217,0.1097546587291357,0.3502814414720327,0.3490562688113207,0.17601272674709037,0.13454072984294096,0.030980479976945904,0.13630999031104962,0.1097546587291357,False
ultimate_run,single_hela_cnn_sequence_ctcf_h3k4me3_kernel_3,single,DeepCRISPR,cnn_dual_branch,cnn_k3,hela,42,5669,1215,1217,0.08314025933480906,0.28979530007466664,0.2677921361685388,0.1786243526088646,0.14093788841773447,0.031906659344936,0.06708268141235263,0.08314025933480906,False
ultimate_run,single_hela_cnn_sequence_ctcf_h3k4me3_kernel_5,single,DeepCRISPR,cnn_dual_branch,cnn_k5,hela,42,5669,1215,1217,0.07699698882922335,0.3191416145408011,0.33299585296144696,0.17922177534827563,0.13639478164433919,0.03212044475898778,0.14023314924601438,0.07699698882922335,False
ultimate_run,single_hela_cnn_sequence_ctcf_h3k4me3_kernel_7,single,DeepCRISPR,cnn_dual_branch,cnn_k7,hela,42,5669,1215,1217,0.12599072100635955,0.35901152662280883,0.3531264451046441,0.17440030408703558,0.13728641158447832,0.03041546606565048,0.14268521181512916,0.12599072100635955,False
ultimate_run,single_hela_cnn_sequence_ctcf_h3k4me3_rrbs_kernel_3,single,DeepCRISPR,cnn_dual_branch,cnn_k3,hela,42,5669,1215,1217,0.07904732246173829,0.28408066031374574,0.2687012626037125,0.17902260550535154,0.14341543038768734,0.03204909328192472,0.06464901185768057,0.07904732246173829,False
ultimate_run,single_hela_cnn_sequence_ctcf_h3k4me3_rrbs_kernel_5,single,DeepCRISPR,cnn_dual_branch,cnn_k5,hela,42,5669,1215,1217,0.10534897248053854,0.3336421656773192,0.3438176783193981,0.17644771908943035,0.13577738638742767,0.03113379757186252,0.1512976445743871,0.10534897248053854,False
ultimate_run,single_hela_cnn_sequence_ctcf_h3k4me3_rrbs_kernel_7,single,DeepCRISPR,cnn_dual_branch,cnn_k7,hela,42,5669,1215,1217,0.10659309003534634,0.3360651414251452,0.3418999515417081,0.17632499074682928,0.13582464807101788,0.03109050236186943,0.14092397168565785,0.10659309003534634,False
ultimate_run,single_hela_cnn_sequence_ctcf_kernel_3,single,DeepCRISPR,cnn_dual_branch,cnn_k3,hela,42,5669,1215,1217,0.08031809183035887,0.28576713583205776,0.2774878371686082,0.17889905139643505,0.14160147503366285,0.03200487059054431,0.06662288274719219,0.08031809183035887,False
ultimate_run,single_hela_cnn_sequence_ctcf_kernel_5,single,DeepCRISPR,cnn_dual_branch,cnn_k5,hela,42,5669,1215,1217,0.08000250151182142,0.30458649779163566,0.32906692561952183,0.17892974351153645,0.13839897116058927,0.032015853113104224,0.13765357337009554,0.08000250151182142,False
ultimate_run,single_hela_cnn_sequence_ctcf_kernel_7,single,DeepCRISPR,cnn_dual_branch,cnn_k7,hela,42,5669,1215,1217,0.10543431701950023,0.3354082785639536,0.33275840398584333,0.17643930284224443,0.1368062211201408,0.031130827587457242,0.13815685104612474,0.10543431701950023,False
ultimate_run,single_hela_cnn_sequence_ctcf_rrbs_kernel_3,single,DeepCRISPR,cnn_dual_branch,cnn_k3,hela,42,5669,1215,1217,0.0870765976080532,0.2961741042710096,0.2805578426354622,0.17824049772438497,0.1408231232127861,0.03176967502903648,0.07488284646497534,0.0870765976080532,False
ultimate_run,single_hela_cnn_sequence_ctcf_rrbs_kernel_5,single,DeepCRISPR,cnn_dual_branch,cnn_k5,hela,42,5669,1215,1217,0.07445138682235986,0.3167681041954455,0.328304217856391,0.179468748096339,0.1382385912482983,0.03220903154326719,0.15257964737119245,0.07445138682235986,False
ultimate_run,single_hela_cnn_sequence_ctcf_rrbs_kernel_7,single,DeepCRISPR,cnn_dual_branch,cnn_k7,hela,42,5669,1215,1217,0.12321739403067766,0.3518794739695477,0.341525102185271,0.17467678055206456,0.13578682340178488,0.03051197766403412,0.13624731955144087,0.12321739403067766,False
ultimate_run,single_hela_cnn_sequence_dnase_h3k4me3_kernel_3,single,DeepCRISPR,cnn_dual_branch,cnn_k3,hela,42,5669,1215,1217,0.07274666107508299,0.2750511102318308,0.27464148148121764,0.17963394970996271,0.14117168905719027,0.032268355888401414,0.0743365341078106,0.07274666107508299,False
ultimate_run,single_hela_cnn_sequence_dnase_h3k4me3_kernel_5,single,DeepCRISPR,cnn_dual_branch,cnn_k5,hela,42,5669,1215,1217,0.07162924908505852,0.31362180556891894,0.32280590558134564,0.17974215352270778,0.13570864664516663,0.03230724175298065,0.14609411373105807,0.07162924908505852,False
ultimate_run,single_hela_cnn_sequence_dnase_h3k4me3_kernel_7,single,DeepCRISPR,cnn_dual_branch,cnn_k7,hela,42,5669,1215,1217,0.1302863933120697,0.363136425277113,0.3563743095613804,0.17397119574455797,0.13662967824767117,0.030265976948791306,0.14173150726427142,0.1302863933120697,False
ultimate_run,single_hela_cnn_sequence_dnase_h3k4me3_rrbs_kernel_3,single,DeepCRISPR,cnn_dual_branch,cnn_k3,hela,42,5669,1215,1217,0.07410352746069859,0.272600156294196,0.2544538680301814,0.17950247080870255,0.14284184680985812,0.03222113702642911,0.06380599517546104,0.07410352746069859,False
ultimate_run,single_hela_cnn_sequence_dnase_h3k4me3_rrbs_kernel_5,single,DeepCRISPR,cnn_dual_branch,cnn_k5,hela,42,5669,1215,1217,0.09668331068470404,0.3256338956857681,0.33658934377044514,0.17730020315488945,0.137502009978013,0.031435362038765076,0.14769162687824544,0.09668331068470404,False
ultimate_run,single_hela_cnn_sequence_dnase_h3k4me3_rrbs_kernel_7,single,DeepCRISPR,cnn_dual_branch,cnn_k7,hela,42,5669,1215,1217,0.11823868847704022,0.34399097270930623,0.33910824812586804,0.1751720191511716,0.13786534512608853,0.03068523629349842,0.14504958389327505,0.11823868847704022,False
ultimate_run,single_hela_cnn_sequence_dnase_kernel_3,single,DeepCRISPR,cnn_dual_branch,cnn_k3,hela,42,5669,1215,1217,0.07805556404966507,0.2855976569126067,0.276978562862619,0.17911897278111952,0.14401092106008564,0.03208360641016343,0.0592301206968846,0.07805556404966507,False
ultimate_run,single_hela_cnn_sequence_dnase_kernel_5,single,DeepCRISPR,cnn_dual_branch,cnn_k5,hela,42,5669,1215,1217,0.08129679405104984,0.3231033523053626,0.33526267444681285,0.17880383613590775,0.1373830297035148,0.03197081181691655,0.14083426632625273,0.08129679405104984,False
ultimate_run,single_hela_cnn_sequence_dnase_kernel_7,single,DeepCRISPR,cnn_dual_branch,cnn_k7,hela,42,5669,1215,1217,0.10849014394172063,0.33312421054454094,0.33444561222359354,0.17613768764607743,0.13678272880894368,0.03102448500930714,0.12982822021057028,0.10849014394172063,False
ultimate_run,single_hela_cnn_sequence_dnase_rrbs_kernel_3,single,DeepCRISPR,cnn_dual_branch,cnn_k3,hela,42,5669,1215,1217,0.06688592053374331,0.26524659147006335,0.25529491507026997,0.180200747162914,0.14424352751289196,0.032472309278072466,0.06802510337097512,0.06688592053374331,False
ultimate_run,single_hela_cnn_sequence_dnase_rrbs_kernel_5,single,DeepCRISPR,cnn_dual_branch,cnn_k5,hela,42,5669,1215,1217,0.11754206979630455,0.34377732542933337,0.34540959473114063,0.17524120114368574,0.1360369551506771,0.030709478578281726,0.1250687830402536,0.11754206979630455,False
ultimate_run,single_hela_cnn_sequence_dnase_rrbs_kernel_7,single,DeepCRISPR,cnn_dual_branch,cnn_k7,hela,42,5669,1215,1217,0.12342053439006251,0.3527951570524545,0.3404973372172689,0.17465654408793063,0.13686370234332398,0.030504908392739255,0.13651039741711912,0.12342053439006251,False
ultimate_run,single_hela_cnn_sequence_h3k4me3_kernel_3,single,DeepCRISPR,cnn_dual_branch,cnn_k3,hela,42,5669,1215,1217,0.06375292703269242,0.2636007852115644,0.25190433650691085,0.18050301174259434,0.1433898047371161,0.03258133724814715,0.06393611920828646,0.06375292703269242,False
ultimate_run,single_hela_cnn_sequence_h3k4me3_kernel_5,single,DeepCRISPR,cnn_dual_branch,cnn_k5,hela,42,5669,1215,1217,0.076765109984681,0.29959820568733647,0.3310105794015812,0.17924428617865912,0.1367544634611338,0.032128514127697044,0.13380633033804767,0.076765109984681,False
ultimate_run,single_hela_cnn_sequence_h3k4me3_kernel_7,single,DeepCRISPR,cnn_dual_branch,cnn_k7,hela,42,5669,1215,1217,0.0918933139341439,0.31794092968545795,0.3110421101875725,0.17776966449356715,0.1373328602609587,0.03160205361415543,0.13718235399177636,0.0918933139341439,False
ultimate_run,single_hela_cnn_sequence_h3k4me3_rrbs_kernel_3,single,DeepCRISPR,cnn_dual_branch,cnn_k3,hela,42,5669,1215,1217,0.07349820094656756,0.2727919040409137,0.2704611562141738,0.1795611381946327,0.14294146915359462,0.03224220234975199,0.06871526056611865,0.07349820094656756,False
ultimate_run,single_hela_cnn_sequence_h3k4me3_rrbs_kernel_5,single,DeepCRISPR,cnn_dual_branch,cnn_k5,hela,42,5669,1215,1217,0.0607733904200245,0.304906238840059,0.3255878796559939,0.18079000229129527,0.1355201089501447,0.03268502492848655,0.1224263765749174,0.0607733904200245,False
ultimate_run,single_hela_cnn_sequence_h3k4me3_rrbs_kernel_7,single,DeepCRISPR,cnn_dual_branch,cnn_k7,hela,42,5669,1215,1217,0.12090944689061034,0.34940413051693037,0.33786346542098483,0.17490652953622252,0.137334379518215,0.030592294074405477,0.13556989682432918,0.12090944689061034,False
ultimate_run,single_hela_cnn_sequence_kernel_3,single,DeepCRISPR,cnn_dual_branch,cnn_k3,hela,42,5669,1215,1217,0.06851701698184764,0.2742200810839765,0.25688271943118685,0.1800431815642036,0.14044584696929258,0.03241554722776078,0.051053182999431734,0.06851701698184764,False
ultimate_run,single_hela_cnn_sequence_kernel_5,single,DeepCRISPR,cnn_dual_branch,cnn_k5,hela,42,5669,1215,1217,0.10048975762595791,0.334683745711875,0.3380522116087896,0.17692624998222004,0.13489904699131297,0.031302897932771016,0.11734271259486939,0.10048975762595791,False
ultimate_run,single_hela_cnn_sequence_kernel_7,single,DeepCRISPR,cnn_dual_branch,cnn_k7,hela,42,5669,1215,1217,0.11875344235728902,0.3476920889537434,0.3502336406479465,0.1751208807993611,0.13550742525193055,0.03066732289194404,0.14077386792797075,0.11875344235728902,False
ultimate_run,single_hela_cnn_sequence_rrbs_kernel_3,single,DeepCRISPR,cnn_dual_branch,cnn_k3,hela,42,5669,1215,1217,0.06359939212288235,0.25729218769023743,0.2574522401317599,0.18051781145644055,0.14435553956607447,0.03258668025302302,0.06847628118323557,0.06359939212288235,False
ultimate_run,single_hela_cnn_sequence_rrbs_kernel_5,single,DeepCRISPR,cnn_dual_branch,cnn_k5,hela,42,5669,1215,1217,0.10720088400631045,0.3306463880318171,0.34343829189100633,0.1762650026840531,0.13592347837579452,0.031069351171209243,0.13444950881170692,0.10720088400631045,False
ultimate_run,single_hela_cnn_sequence_rrbs_kernel_7,single,DeepCRISPR,cnn_dual_branch,cnn_k7,hela,42,5669,1215,1217,0.08976387462840829,0.3236818818762859,0.3205775940922357,0.1779779704443832,0.13610751478142763,0.03167615796350175,0.1254849985636255,0.08976387462840829,False
ultimate_run,single_hela_linear_all,single,DeepCRISPR,linear,linear,hela,42,5669,1215,1217,0.07150237618263289,0.2813321329676411,0.2931626918043843,0.17975443505441965,0.1414839190873308,0.03231165692173357,-2469925585.746402,0.07150237618263289,False
ultimate_run,single_hela_linear_sequence,single,DeepCRISPR,linear,linear,hela,42,5669,1215,1217,0.08060709048119474,0.2891781692431445,0.2899514750425211,0.1788709407821487,0.14089991133300883,0.03199481345629095,0.11021247534390866,0.08060709048119474,False
ultimate_run,single_hela_linear_sequence_ctcf,single,DeepCRISPR,linear,linear,hela,42,5669,1215,1217,0.07349347267012285,0.28033570303930505,0.2893654856298311,0.17956159637702251,0.1415237038898358,0.03224236689346475,-5054222598214290.0,0.07349347267012285,False
ultimate_run,single_hela_linear_sequence_ctcf_dnase,single,DeepCRISPR,linear,linear,hela,42,5669,1215,1217,0.07354865293734947,0.2804635831918386,0.2893085131616772,0.17955624919159466,0.14150905983183237,0.03224044662375404,-274.44452174454017,0.07354865293734947,False
ultimate_run,single_hela_linear_sequence_ctcf_dnase_h3k4me3,single,DeepCRISPR,linear,linear,hela,42,5669,1215,1217,0.06622330715812486,0.2726636664511294,0.2837921668993777,0.18026471695939086,0.1419695241524501,0.032495368180449305,-4858072558.908395,0.06622330715812486,False
ultimate_run,single_hela_linear_sequence_ctcf_dnase_rrbs,single,DeepCRISPR,linear,linear,hela,42,5669,1215,1217,0.07878620900965783,0.2890534122463987,0.29932212116431545,0.17904798243229375,0.14101954343841694,0.03205818001307497,-1102925106.2243152,0.07878620900965783,False
ultimate_run,single_hela_linear_sequence_ctcf_h3k4me3,single,DeepCRISPR,linear,linear,hela,42,5669,1215,1217,0.0662529285717316,0.27269210688007883,0.28391578915503624,0.18026185774362333,0.14196367613800084,0.03249433735718229,0.09962729676846649,0.0662529285717316,False
ultimate_run,single_hela_linear_sequence_ctcf_h3k4me3_rrbs,single,DeepCRISPR,linear,linear,hela,42,5669,1215,1217,0.07152838428704378,0.2813406535538768,0.2932130351728314,0.17975191749016636,0.14146101920942558,0.03231075184139157,0.09566815537852458,0.07152838428704378,False
ultimate_run,single_hela_linear_sequence_ctcf_rrbs,single,DeepCRISPR,linear,linear,hela,42,5669,1215,1217,0.07881613522362296,0.2890828944568241,0.29931737755197163,0.17904507416506968,0.1410088499609435,0.0320571385827753,0.09998230374731143,0.07881613522362296,False
ultimate_run,single_hela_linear_sequence_dnase,single,DeepCRISPR,linear,linear,hela,42,5669,1215,1217,0.08072255034491316,0.2892852399281765,0.28999127768692295,0.1788597088797328,0.14082434537737584,0.031990795460542766,0.11024978316015654,0.08072255034491316,False
ultimate_run,single_hela_linear_sequence_dnase_h3k4me3,single,DeepCRISPR,linear,linear,hela,42,5669,1215,1217,0.07696206606604594,0.2850699895598637,0.2858752397849254,0.1792251658358141,0.1411468132643954,0.03212166006887507,-163905135308.538,0.07696206606604594,False
ultimate_run,single_hela_linear_sequence_dnase_h3k4me3_rrbs,single,DeepCRISPR,linear,linear,hela,42,5669,1215,1217,0.08239832647599432,0.2938400962500194,0.2949271759657759,0.1786966103768321,0.14063216457495925,0.03193247856016934,-719286286893.9249,0.08239832647599432,False
ultimate_run,single_hela_linear_sequence_dnase_rrbs,single,DeepCRISPR,linear,linear,hela,42,5669,1215,1217,0.08595965300882225,0.2977814533415567,0.29952653256356565,0.1783495013406163,0.14035357535490442,0.0318085446284465,0.1060336776746339,0.08595965300882225,False
ultimate_run,single_hela_linear_sequence_h3k4me3,single,DeepCRISPR,linear,linear,hela,42,5669,1215,1217,0.07694837230045848,0.2850714786498061,0.2858589104140577,0.17922649528188322,0.14116200074338164,0.032122136611026905,-10433190941149.734,0.07694837230045848,False
ultimate_run,single_hela_linear_sequence_h3k4me3_rrbs,single,DeepCRISPR,linear,linear,hela,42,5669,1215,1217,0.08240486249165413,0.293851936435296,0.295040456684958,0.17869597395366651,0.1406443225511458,0.03193225110724946,-1071187483489.8691,0.08240486249165413,False
ultimate_run,single_hela_linear_sequence_rrbs,single,DeepCRISPR,linear,linear,hela,42,5669,1215,1217,0.0859122023507527,0.29767210472104066,0.2994866352535831,0.17835413061732336,0.14034815069553275,0.03181019590826124,0.10607749192385219,0.0859122023507527,False
ultimate_run,single_hela_mlp_all,single,DeepCRISPR,mlp,mlp,hela,42,5669,1215,1217,0.10223353111351352,0.3231176203454339,0.32021533123284984,0.176754673852814,0.13833640047457416,0.03124221472881465,0.13666498222975532,0.10223353111351352,False
ultimate_run,single_hela_mlp_sequence,single,DeepCRISPR,mlp,mlp,hela,42,5669,1215,1217,0.07309181166192813,0.28454208135773384,0.28618472458114963,0.17960051411515202,0.1393779189299898,0.03225634467042692,0.1078877269846027,0.07309181166192813,False
ultimate_run,single_hela_mlp_sequence_ctcf,single,DeepCRISPR,mlp,mlp,hela,42,5669,1215,1217,0.0796082455552054,0.2887812013096092,0.2849201863716648,0.17896807870330694,0.1395571221250112,0.032029573194753067,0.12399123604807072,0.0796082455552054,False
ultimate_run,single_hela_mlp_sequence_ctcf_dnase,single,DeepCRISPR,mlp,mlp,hela,42,5669,1215,1217,0.07955390884014224,0.29092201800579415,0.2978379459058159,0.17897336145053358,0.13893458445533216,0.03203146410890334,0.12627597815506542,0.07955390884014224,False
ultimate_run,single_hela_mlp_sequence_ctcf_dnase_h3k4me3,single,DeepCRISPR,mlp,mlp,hela,42,5669,1215,1217,0.0790115605897237,0.3005794461757019,0.3003466238090567,0.17902608131985956,0.13873586191458764,0.032050337792744965,0.12592622449435942,0.0790115605897237,False
ultimate_run,single_hela_mlp_sequence_ctcf_dnase_rrbs,single,DeepCRISPR,mlp,mlp,hela,42,5669,1215,1217,0.08952936273410306,0.30432098864712426,0.3116775798753556,0.17800089595890103,0.14020945362574244,0.03168431896217151,0.1178759217096782,0.08952936273410306,False
ultimate_run,single_hela_mlp_sequence_ctcf_h3k4me3,single,DeepCRISPR,mlp,mlp,hela,42,5669,1215,1217,0.054416294689566214,0.28070022561304453,0.27098368275358875,0.18140080332362712,0.14270932955282165,0.03290625144645725,0.12413025272341494,0.054416294689566214,False
ultimate_run,single_hela_mlp_sequence_ctcf_h3k4me3_rrbs,single,DeepCRISPR,mlp,mlp,hela,42,5669,1215,1217,0.07499172856123348,0.2923692496844103,0.2910043366169257,0.17941635289431349,0.14003445193372477,0.03219022768589683,0.11402593506693226,0.07499172856123348,False
ultimate_run,single_hela_mlp_sequence_ctcf_rrbs,single,DeepCRISPR,mlp,mlp,hela,42,5669,1215,1217,0.06479834904412118,0.2825388478262485,0.29024994105260027,0.1804022079414246,0.1391823486705116,0.032544956630141,0.11266175081817198,0.06479834904412118,False
ultimate_run,single_hela_mlp_sequence_dnase,single,DeepCRISPR,mlp,mlp,hela,42,5669,1215,1217,0.06143819092489211,0.2761503698110706,0.2790571310047854,0.1807260078520911,0.14046248857876736,0.032661889914154085,0.12811313212014153,0.06143819092489211,False
ultimate_run,single_hela_mlp_sequence_dnase_h3k4me3,single,DeepCRISPR,mlp,mlp,hela,42,5669,1215,1217,0.08210308893757101,0.29829961685782996,0.2914147701987452,0.17872535580410792,0.13864851356671964,0.03194275280730498,0.12721836700962086,0.08210308893757101,False
ultimate_run,single_hela_mlp_sequence_dnase_h3k4me3_rrbs,single,DeepCRISPR,mlp,mlp,hela,42,5669,1215,1217,0.08084593051272038,0.2925301466228981,0.28930139342750266,0.17884770571278627,0.14027461724236914,0.03198650183872741,0.12059820609795491,0.08084593051272038,False
ultimate_run,single_hela_mlp_sequence_dnase_rrbs,single,DeepCRISPR,mlp,mlp,hela,42,5669,1215,1217,0.07177779694750908,0.3037658826025892,0.3035118822660652,0.1797277727481998,0.14272533459375092,0.03230207229702855,0.1183015986658047,0.07177779694750908,False
ultimate_run,single_hela_mlp_sequence_h3k4me3,single,DeepCRISPR,mlp,mlp,hela,42,5669,1215,1217,0.06045359449240062,0.27447955579784855,0.27513925165954467,0.18082077813672068,0.14021536467885104,0.03269615380596916,0.1230182224364994,0.06045359449240062,False
ultimate_run,single_hela_mlp_sequence_h3k4me3_rrbs,single,DeepCRISPR,mlp,mlp,hela,42,5669,1215,1217,0.077988679676534,0.2931159881391828,0.29848939354325627,0.1791254699421565,0.13821239321926992,0.03208593398199841,0.1101318722612118,0.077988679676534,False
ultimate_run,single_hela_mlp_sequence_rrbs,single,DeepCRISPR,mlp,mlp,hela,42,5669,1215,1217,0.0776507317552505,0.29123211866734244,0.3010923446782141,0.17915829466614097,0.1381412177799729,0.0320976945476798,0.10025937427598852,0.0776507317552505,False
ultimate_run,single_hela_transformer_all,single,DeepCRISPR,transformer,transformer,hela,42,5669,1215,1217,0.07126083461554011,0.2780426732183967,0.28728320862008255,0.17977781440589147,0.14044003062487898,0.032320062552559155,0.11568707365173336,0.07126083461554011,False
ultimate_run,single_hela_transformer_sequence,single,DeepCRISPR,transformer,transformer,hela,42,5669,1215,1217,0.0865409599937047,0.2999970130990734,0.3107328003833856,0.17829277939159316,0.1400797075010431,0.03178831518317931,0.12837444908763107,0.0865409599937047,False
ultimate_run,single_hela_transformer_sequence_ctcf,single,DeepCRISPR,transformer,transformer,hela,42,5669,1215,1217,0.07415129790959185,0.29865977975247354,0.3072878645613252,0.1794978401483274,0.13822301833492157,0.032219474617914495,0.12874460365598372,0.07415129790959185,False
ultimate_run,single_hela_transformer_sequence_ctcf_dnase,single,DeepCRISPR,transformer,transformer,hela,42,5669,1215,1217,0.08629844982277624,0.30601551563633633,0.3242815291494998,0.1783164448988241,0.13780631093743476,0.03179675452135537,0.12814361345828373,0.08629844982277624,False
ultimate_run,single_hela_transformer_sequence_ctcf_dnase_h3k4me3,single,DeepCRISPR,transformer,transformer,hela,42,5669,1215,1217,0.06859993350415516,0.28209200146084334,0.2890837770819111,0.1800351680594021,0.14031575939127996,0.032412661738177154,0.1134201130828979,0.06859993350415516,False
ultimate_run,single_hela_transformer_sequence_ctcf_dnase_rrbs,single,DeepCRISPR,transformer,transformer,hela,42,5669,1215,1217,0.059535064628737144,0.2812487536064967,0.30181230110354923,0.18090914456015156,0.13921772714332836,0.03272811858548581,0.1279578713398114,0.059535064628737144,False
ultimate_run,single_hela_transformer_sequence_ctcf_h3k4me3,single,DeepCRISPR,transformer,transformer,hela,42,5669,1215,1217,0.09877420225180134,0.3164897967521617,0.31666556954186303,0.1770948874141101,0.1389781074963509,0.03136259914821633,0.12336124016561745,0.09877420225180134,False
ultimate_run,single_hela_transformer_sequence_ctcf_h3k4me3_rrbs,single,DeepCRISPR,transformer,transformer,hela,42,5669,1215,1217,0.10120275594883343,0.323164762662229,0.31907933842414,0.1768561156350171,0.13695011497295848,0.03127808563750654,0.11765769683215099,0.10120275594883343,False
ultimate_run,single_hela_transformer_sequence_ctcf_rrbs,single,DeepCRISPR,transformer,transformer,hela,42,5669,1215,1217,0.072543524486673,0.3010768698109507,0.3041245334444942,0.17965362514702174,0.13893354769816507,0.0322754250284666,0.11747376601374926,0.072543524486673,False
ultimate_run,single_hela_transformer_sequence_dnase,single,DeepCRISPR,transformer,transformer,hela,42,5669,1215,1217,0.07705034146638234,0.29917148027637486,0.31483098521495734,0.17921659546672727,0.13973860294476703,0.03211858809068457,0.13177346147589386,0.07705034146638234,False
ultimate_run,single_hela_transformer_sequence_dnase_h3k4me3,single,DeepCRISPR,transformer,transformer,hela,42,5669,1215,1217,0.07648865012758632,0.29709372983357435,0.3015967585626735,0.17927112124584846,0.13836151930812426,0.0321381349127437,0.1159907856149226,0.07648865012758632,False
ultimate_run,single_hela_transformer_sequence_dnase_h3k4me3_rrbs,single,DeepCRISPR,transformer,transformer,hela,42,5669,1215,1217,0.082066230599382,0.28831119097384944,0.29924058070073917,0.17872894414469298,0.1406576042793641,0.03194403547507678,0.1077041279758616,0.082066230599382,False
ultimate_run,single_hela_transformer_sequence_dnase_rrbs,single,DeepCRISPR,transformer,transformer,hela,42,5669,1215,1217,0.0768950593768426,0.2970750276220373,0.3087319516513435,0.1792316710218967,0.13783353317335065,0.0321239918973014,0.12468095246268784,0.0768950593768426,False
ultimate_run,single_hela_transformer_sequence_h3k4me3,single,DeepCRISPR,transformer,transformer,hela,42,5669,1215,1217,0.08713901006504055,0.3071761848180669,0.3190461142750715,0.1782344048706435,0.13892376239824486,0.03176750307959247,0.11548657320622102,0.08713901006504055,False
ultimate_run,single_hela_transformer_sequence_h3k4me3_rrbs,single,DeepCRISPR,transformer,transformer,hela,42,5669,1215,1217,0.09165908907723941,0.30705881675335367,0.31122358307954373,0.17779258877676066,0.14019844197372458,0.031610204623942324,0.11899317580113222,0.09165908907723941,False
ultimate_run,single_hela_transformer_sequence_rrbs,single,DeepCRISPR,transformer,transformer,hela,42,5669,1215,1217,0.0821103851911833,0.29744864163296625,0.31321461868750466,0.17872464546937503,0.13965103920961344,0.031942498898153794,0.12664761358612442,0.0821103851911833,False
ultimate_run,single_hela_xgboost_all,single,DeepCRISPR,xgboost,xgboost,hela,42,5669,1215,1217,0.10615628934791488,0.32633773777455655,0.33219864980699826,0.17636808950993274,0.13875909161271552,0.031105702997383643,0.13184986507390628,0.10615628934791488,False
ultimate_run,single_hela_xgboost_sequence,single,DeepCRISPR,xgboost,xgboost,hela,42,5669,1215,1217,0.09926083772044414,0.31756137473285895,0.32577970159910763,0.1770470679383228,0.13890345005851623,0.03134566426555709,0.13183881647421847,0.09926083772044414,False
ultimate_run,single_hela_xgboost_sequence_ctcf,single,DeepCRISPR,xgboost,xgboost,hela,42,5669,1215,1217,0.09877728139872899,0.3146698683196481,0.32151743040603054,0.1770945848808018,0.13945481247256086,0.03136249199410351,0.12952205647209003,0.09877728139872899,False
ultimate_run,single_hela_xgboost_sequence_ctcf_dnase,single,DeepCRISPR,xgboost,xgboost,hela,42,5669,1215,1217,0.09877728139872899,0.3146698683196481,0.32151743040603054,0.1770945848808018,0.13945481247256086,0.03136249199410351,0.12952205647209003,0.09877728139872899,False
ultimate_run,single_hela_xgboost_sequence_ctcf_dnase_h3k4me3,single,DeepCRISPR,xgboost,xgboost,hela,42,5669,1215,1217,0.09997289196224546,0.31667589198455626,0.3216023066061054,0.17697707429001247,0.13943972137359953,0.03132088482425259,0.12537489164177584,0.09997289196224546,False
ultimate_run,single_hela_xgboost_sequence_ctcf_dnase_rrbs,single,DeepCRISPR,xgboost,xgboost,hela,42,5669,1215,1217,0.10275486820551916,0.32199870941475284,0.3200034564299596,0.17670334527653767,0.1389219237884115,0.031224072231919284,0.12932711417370446,0.10275486820551916,False
ultimate_run,single_hela_xgboost_sequence_ctcf_h3k4me3,single,DeepCRISPR,xgboost,xgboost,hela,42,5669,1215,1217,0.09997289196224546,0.31667589198455626,0.3216023066061054,0.17697707429001247,0.13943972137359953,0.03132088482425259,0.12537489164177584,0.09997289196224546,False
ultimate_run,single_hela_xgboost_sequence_ctcf_h3k4me3_rrbs,single,DeepCRISPR,xgboost,xgboost,hela,42,5669,1215,1217,0.10615628934791488,0.32633773777455655,0.33219864980699826,0.17636808950993274,0.13875909161271552,0.031105702997383643,0.13184986507390628,0.10615628934791488,False
ultimate_run,single_hela_xgboost_sequence_ctcf_rrbs,single,DeepCRISPR,xgboost,xgboost,hela,42,5669,1215,1217,0.10275486820551916,0.32199870941475284,0.3200034564299596,0.17670334527653767,0.1389219237884115,0.031224072231919284,0.12932711417370446,0.10275486820551916,False
ultimate_run,single_hela_xgboost_sequence_dnase,single,DeepCRISPR,xgboost,xgboost,hela,42,5669,1215,1217,0.09926083772044414,0.31756137473285895,0.32577970159910763,0.1770470679383228,0.13890345005851623,0.03134566426555709,0.13183881647421847,0.09926083772044414,False
ultimate_run,single_hela_xgboost_sequence_dnase_h3k4me3,single,DeepCRISPR,xgboost,xgboost,hela,42,5669,1215,1217,0.09565349966919201,0.31176405646379773,0.3161998455967506,0.17740123842614128,0.13959619384512,0.03147119939512862,0.12818668574268255,0.09565349966919201,False
ultimate_run,single_hela_xgboost_sequence_dnase_h3k4me3_rrbs,single,DeepCRISPR,xgboost,xgboost,hela,42,5669,1215,1217,0.0986253750439331,0.3153786206054002,0.3175656174322719,0.17710950941542017,0.1394512780995639,0.031367778325370806,0.13225376639392206,0.0986253750439331,False
ultimate_run,single_hela_xgboost_sequence_dnase_rrbs,single,DeepCRISPR,xgboost,xgboost,hela,42,5669,1215,1217,0.09602217945715785,0.3112772394211526,0.3171932213568552,0.17736507368274454,0.13932731656707084,0.0314583693624854,0.13160078601234648,0.09602217945715785,False
ultimate_run,single_hela_xgboost_sequence_h3k4me3,single,DeepCRISPR,xgboost,xgboost,hela,42,5669,1215,1217,0.09565349966919201,0.31176405646379773,0.3161998455967506,0.17740123842614128,0.13959619384512,0.03147119939512862,0.12818668574268255,0.09565349966919201,False
ultimate_run,single_hela_xgboost_sequence_h3k4me3_rrbs,single,DeepCRISPR,xgboost,xgboost,hela,42,5669,1215,1217,0.0986253750439331,0.3153786206054002,0.3175656174322719,0.17710950941542017,0.1394512780995639,0.031367778325370806,0.13225376639392206,0.0986253750439331,False
ultimate_run,single_hela_xgboost_sequence_rrbs,single,DeepCRISPR,xgboost,xgboost,hela,42,5669,1215,1217,0.09602217945715785,0.3112772394211526,0.3171932213568552,0.17736507368274454,0.13932731656707084,0.0314583693624854,0.13160078601234648,0.09602217945715785,False
ultimate_run,single_hl60_cnn_all_kernel_3,single,DeepCRISPR,cnn_dual_branch,cnn_k3,hl60,42,1453,311,312,0.03809988980181045,0.2661758359689426,0.2586140680970304,0.10952197565629333,0.08625802701601806,0.01199506315165771,0.15123132596329714,0.03809988980181045,False
ultimate_run,single_hl60_cnn_all_kernel_5,single,DeepCRISPR,cnn_dual_branch,cnn_k5,hl60,42,1453,311,312,0.07974981001315162,0.31116019884154117,0.3337927186894241,0.10712460659726757,0.08157375851908746,0.01147568133861934,0.18454844553895666,0.07974981001315162,False
ultimate_run,single_hl60_cnn_all_kernel_7,single,DeepCRISPR,cnn_dual_branch,cnn_k7,hl60,42,1453,311,312,0.065937559122481,0.29944154409894674,0.3032678261405546,0.10792554160512395,0.08259262570227759,0.01164792253075934,0.1897994629334543,0.065937559122481,False
ultimate_run,single_hl60_cnn_sequence_ctcf_dnase_h3k4me3_kernel_3,single,DeepCRISPR,cnn_dual_branch,cnn_k3,hl60,42,1453,311,312,0.069999968467087,0.30783678353968696,0.3128311545455048,0.10769059185198691,0.08424672437234758,0.011597263573431231,0.16639339948452747,0.069999968467087,False
ultimate_run,single_hl60_cnn_sequence_ctcf_dnase_h3k4me3_kernel_5,single,DeepCRISPR,cnn_dual_branch,cnn_k5,hl60,42,1453,311,312,0.03489936422527984,0.28615336746726383,0.2970649384926734,0.10970403031415736,0.08589232618060823,0.012034974267169558,0.19854399612042384,0.03489936422527984,False
ultimate_run,single_hl60_cnn_sequence_ctcf_dnase_h3k4me3_kernel_7,single,DeepCRISPR,cnn_dual_branch,cnn_k7,hl60,42,1453,311,312,0.07552471282600304,0.33446788004287975,0.337409588141536,0.10737024281377772,0.08380794298882858,0.011528369041889586,0.22319084453944305,0.07552471282600304,False
ultimate_run,single_hl60_cnn_sequence_ctcf_dnase_kernel_3,single,DeepCRISPR,cnn_dual_branch,cnn_k3,hl60,42,1453,311,312,0.07848770928733606,0.28533969197440034,0.27903867292421175,0.10719804082221711,0.08429906747112863,0.011491419956121724,0.10991119646584346,0.07848770928733606,False
ultimate_run,single_hl60_cnn_sequence_ctcf_dnase_kernel_5,single,DeepCRISPR,cnn_dual_branch,cnn_k5,hl60,42,1453,311,312,0.0032642664144363343,0.2555645052839512,0.24097738449052872,0.11148753063749786,0.08619290225518246,0.012429469487647025,0.14614486063361576,0.0032642664144363343,False
ultimate_run,single_hl60_cnn_sequence_ctcf_dnase_kernel_7,single,DeepCRISPR,cnn_dual_branch,cnn_k7,hl60,42,1453,311,312,0.058654876698754466,0.313048382532847,0.3158178178826813,0.10834546071904232,0.0836423471247634,0.011738738858421542,0.17400412457572034,0.058654876698754466,False
ultimate_run,single_hl60_cnn_sequence_ctcf_dnase_rrbs_kernel_3,single,DeepCRISPR,cnn_dual_branch,cnn_k3,hl60,42,1453,311,312,0.06103519896749676,0.27446513108747606,0.26460715044896754,0.108208390719356,0.08531541129550299,0.011709055822072812,0.12118133534834918,0.06103519896749676,False
ultimate_run,single_hl60_cnn_sequence_ctcf_dnase_rrbs_kernel_5,single,DeepCRISPR,cnn_dual_branch,cnn_k5,hl60,42,1453,311,312,-0.002526070209410536,0.26584030822164906,0.2619571238578255,0.11181089392958929,0.08876873610708384,0.012501676001333867,0.1516313791985262,-0.002526070209410536,False
ultimate_run,single_hl60_cnn_sequence_ctcf_dnase_rrbs_kernel_7,single,DeepCRISPR,cnn_dual_branch,cnn_k7,hl60,42,1453,311,312,0.057501739275275576,0.29891073117695216,0.30207102719250484,0.10841180140752577,0.0843076313404032,0.011753118684424805,0.19439400214496882,0.057501739275275576,False
ultimate_run,single_hl60_cnn_sequence_ctcf_h3k4me3_kernel_3,single,DeepCRISPR,cnn_dual_branch,cnn_k3,hl60,42,1453,311,312,0.04848056464920292,0.27446665375734547,0.26270467869761094,0.10892940059915235,0.087484695453149,0.011865614314890612,0.1265628577876713,0.04848056464920292,False
ultimate_run,single_hl60_cnn_sequence_ctcf_h3k4me3_kernel_5,single,DeepCRISPR,cnn_dual_branch,cnn_k5,hl60,42,1453,311,312,0.0026449835874291505,0.2636413689105991,0.2602466772925871,0.11152215947138387,0.08593709753133738,0.012437192053160776,0.167367601297162,0.0026449835874291505,False
ultimate_run,single_hl60_cnn_sequence_ctcf_h3k4me3_kernel_7,single,DeepCRISPR,cnn_dual_branch,cnn_k7,hl60,42,1453,311,312,0.05472623072020533,0.32437326579608294,0.324473965572966,0.10857131187889578,0.08454381644081038,0.011787729763104457,0.2299551169294538,0.05472623072020533,False
ultimate_run,single_hl60_cnn_sequence_ctcf_h3k4me3_rrbs_kernel_3,single,DeepCRISPR,cnn_dual_branch,cnn_k3,hl60,42,1453,311,312,0.047743130778446496,0.28784183358678184,0.2927933658854218,0.10897160292778574,0.08623815471760164,0.011874810244651002,0.14510668983695818,0.047743130778446496,False
ultimate_run,single_hl60_cnn_sequence_ctcf_h3k4me3_rrbs_kernel_5,single,DeepCRISPR,cnn_dual_branch,cnn_k5,hl60,42,1453,311,312,-0.0040019233239663166,0.2961301493079321,0.2954019055536371,0.11189316399418416,0.08877822017082228,0.01252008014862939,0.18176513169731356,-0.0040019233239663166,False
ultimate_run,single_hl60_cnn_sequence_ctcf_h3k4me3_rrbs_kernel_7,single,DeepCRISPR,cnn_dual_branch,cnn_k7,hl60,42,1453,311,312,0.08540419060027404,0.3286292489570787,0.31787873016826307,0.1067949915518778,0.08298676306357941,0.011405170220565652,0.224739248625197,0.08540419060027404,False
ultimate_run,single_hl60_cnn_sequence_ctcf_kernel_3,single,DeepCRISPR,cnn_dual_branch,cnn_k3,hl60,42,1453,311,312,0.013111278392547221,0.21417175568291952,0.2180311649765026,0.11093545655243747,0.08587579682875329,0.012306675520497742,0.11944966073703833,0.013111278392547221,False
ultimate_run,single_hl60_cnn_sequence_ctcf_kernel_5,single,DeepCRISPR,cnn_dual_branch,cnn_k5,hl60,42,1453,311,312,-0.07438100672085013,0.23732076226215112,0.2366580031435234,0.1157485190725346,0.09016328580223788,0.013397719667484905,0.154158885366935,-0.07438100672085013,False
ultimate_run,single_hl60_cnn_sequence_ctcf_kernel_7,single,DeepCRISPR,cnn_dual_branch,cnn_k7,hl60,42,1453,311,312,0.07899413249097698,0.2999842681384147,0.2796100071199462,0.10716858107633036,0.08415283115270238,0.011485104769913993,0.17051476008768285,0.07899413249097698,False
ultimate_run,single_hl60_cnn_sequence_ctcf_rrbs_kernel_3,single,DeepCRISPR,cnn_dual_branch,cnn_k3,hl60,42,1453,311,312,0.06507924200440063,0.2753155868740487,0.2641642281575302,0.1079751170215821,0.08628280332479148,0.01165862589582435,0.09961351542718122,0.06507924200440063,False
ultimate_run,single_hl60_cnn_sequence_ctcf_rrbs_kernel_5,single,DeepCRISPR,cnn_dual_branch,cnn_k5,hl60,42,1453,311,312,-0.003714686464048267,0.24331543422138321,0.2309549341385221,0.11187715698294665,0.087778412265321,0.012516498254586887,0.15722440266735138,-0.003714686464048267,False
ultimate_run,single_hl60_cnn_sequence_ctcf_rrbs_kernel_7,single,DeepCRISPR,cnn_dual_branch,cnn_k7,hl60,42,1453,311,312,0.04715059500471375,0.3105971848684985,0.30968288976568975,0.10900550109841847,0.08502962075484295,0.011882199269717312,0.1588210401653476,0.04715059500471375,False
ultimate_run,single_hl60_cnn_sequence_dnase_h3k4me3_kernel_3,single,DeepCRISPR,cnn_dual_branch,cnn_k3,hl60,42,1453,311,312,0.08718274511341384,0.2977381577424575,0.3079068543508719,0.10669110241119928,0.08249223347490606,0.011382991333717013,0.13632963753253835,0.08718274511341384,False
ultimate_run,single_hl60_cnn_sequence_dnase_h3k4me3_kernel_5,single,DeepCRISPR,cnn_dual_branch,cnn_k5,hl60,42,1453,311,312,0.01595263879354991,0.27818119929878143,0.2748054263314734,0.11077564379296008,0.08731305449365233,0.012271243257744776,0.1918012141240173,0.01595263879354991,False
ultimate_run,single_hl60_cnn_sequence_dnase_h3k4me3_kernel_7,single,DeepCRISPR,cnn_dual_branch,cnn_k7,hl60,42,1453,311,312,0.07842820285143626,0.34457153590715056,0.3484779040648492,0.10720150191027432,0.08375346212265775,0.011492162011818548,0.2109391832131684,0.07842820285143626,False
ultimate_run,single_hl60_cnn_sequence_dnase_h3k4me3_rrbs_kernel_3,single,DeepCRISPR,cnn_dual_branch,cnn_k3,hl60,42,1453,311,312,0.03011477988962019,0.2788068863067731,0.2887624174311455,0.1099756285426494,0.08619001809244928,0.012094638873350801,0.14571686405590534,0.03011477988962019,False
ultimate_run,single_hl60_cnn_sequence_dnase_h3k4me3_rrbs_kernel_5,single,DeepCRISPR,cnn_dual_branch,cnn_k5,hl60,42,1453,311,312,0.07438818886834964,0.2876361994695455,0.29572510843891425,0.10743622152262691,0.08341332733368453,0.011542541695058962,0.17494953293538806,0.07438818886834964,False
ultimate_run,single_hl60_cnn_sequence_dnase_h3k4me3_rrbs_kernel_7,single,DeepCRISPR,cnn_dual_branch,cnn_k7,hl60,42,1453,311,312,0.09285173443285655,0.33502798355945684,0.33178514673331966,0.10635928752209656,0.08242107369602682,0.011312298042208005,0.22078475068633618,0.09285173443285655,False
ultimate_run,single_hl60_cnn_sequence_dnase_kernel_3,single,DeepCRISPR,cnn_dual_branch,cnn_k3,hl60,42,1453,311,312,0.07819125209510158,0.281592192879506,0.28085975128392154,0.10721528262951152,0.08466349695570385,0.011495116829326036,0.10357145544975432,0.07819125209510158,False
ultimate_run,single_hl60_cnn_sequence_dnase_kernel_5,single,DeepCRISPR,cnn_dual_branch,cnn_k5,hl60,42,1453,311,312,0.05298722644159781,0.2622000115794501,0.2556214780565787,0.10867113439910751,0.08440243587112771,0.01180941545158889,0.12367429164717891,0.05298722644159781,False
ultimate_run,single_hl60_cnn_sequence_dnase_kernel_7,single,DeepCRISPR,cnn_dual_branch,cnn_k7,hl60,42,1453,311,312,0.05888179144956851,0.27790541671169033,0.26567079613009986,0.10833240139341434,0.08407977598910339,0.011735909191663842,0.15863240767072517,0.05888179144956851,False
ultimate_run,single_hl60_cnn_sequence_dnase_rrbs_kernel_3,single,DeepCRISPR,cnn_dual_branch,cnn_k3,hl60,42,1453,311,312,0.07221707747144723,0.27205845668410855,0.2837693674785196,0.10756214871006979,0.08360730284132445,0.011569615835127167,0.08690515191150239,0.07221707747144723,False
ultimate_run,single_hl60_cnn_sequence_dnase_rrbs_kernel_5,single,DeepCRISPR,cnn_dual_branch,cnn_k5,hl60,42,1453,311,312,0.054189928525125386,0.24684977147335274,0.2464184932107638,0.10860210654300438,0.08453806428214869,0.011794417545578076,0.13044642946818308,0.054189928525125386,False
ultimate_run,single_hl60_cnn_sequence_dnase_rrbs_kernel_7,single,DeepCRISPR,cnn_dual_branch,cnn_k7,hl60,42,1453,311,312,0.03069838613048337,0.3022897920434213,0.3046823326555819,0.10994253590456322,0.08520179213836598,0.012087361201126173,0.16816593692590698,0.03069838613048337,False
ultimate_run,single_hl60_cnn_sequence_h3k4me3_kernel_3,single,DeepCRISPR,cnn_dual_branch,cnn_k3,hl60,42,1453,311,312,0.10293927459993857,0.3341932818506774,0.3326018464446497,0.10576627367142397,0.08465061437649031,0.01118650464633855,0.14737339902122915,0.10293927459993857,False
ultimate_run,single_hl60_cnn_sequence_h3k4me3_kernel_5,single,DeepCRISPR,cnn_dual_branch,cnn_k5,hl60,42,1453,311,312,0.027759278988891523,0.2753822848371889,0.2840676782100408,0.11010909309809604,0.08753435168630229,0.01212401238288518,0.14937025308658858,0.027759278988891523,False
ultimate_run,single_hl60_cnn_sequence_h3k4me3_kernel_7,single,DeepCRISPR,cnn_dual_branch,cnn_k7,hl60,42,1453,311,312,0.06497569040275997,0.33917919632630894,0.3623862961976642,0.10798109650520428,0.08131583157377556,0.01165991720246624,0.16633065633128918,0.06497569040275997,False
ultimate_run,single_hl60_cnn_sequence_h3k4me3_rrbs_kernel_3,single,DeepCRISPR,cnn_dual_branch,cnn_k3,hl60,42,1453,311,312,0.06863829799794052,0.29229817106762734,0.28783943217441266,0.10776940123756705,0.08402724087071152,0.011614243843103719,0.13066822739516049,0.06863829799794052,False
ultimate_run,single_hl60_cnn_sequence_h3k4me3_rrbs_kernel_5,single,DeepCRISPR,cnn_dual_branch,cnn_k5,hl60,42,1453,311,312,0.03529357286386914,0.3103389055029289,0.31456965417291277,0.1096816229651872,0.08655491641436058,0.01203005841627748,0.1647215675772279,0.03529357286386914,False
ultimate_run,single_hl60_cnn_sequence_h3k4me3_rrbs_kernel_7,single,DeepCRISPR,cnn_dual_branch,cnn_k7,hl60,42,1453,311,312,0.0728613054571543,0.33482880665793885,0.3305065592800715,0.10752479806587636,0.08357104478189005,0.011561582199107488,0.20967796441953457,0.0728613054571543,False
ultimate_run,single_hl60_cnn_sequence_kernel_3,single,DeepCRISPR,cnn_dual_branch,cnn_k3,hl60,42,1453,311,312,0.07379116633200988,0.29347321011459493,0.2723118647067981,0.10747086428815132,0.08607989096512589,0.01154998667084224,0.10696886710427977,0.07379116633200988,False
ultimate_run,single_hl60_cnn_sequence_kernel_5,single,DeepCRISPR,cnn_dual_branch,cnn_k5,hl60,42,1453,311,312,0.026499744558865168,0.29072525365759355,0.2995347933042477,0.11018039298454506,0.08494148917424564,0.012139718998228785,0.11221139992937068,0.026499744558865168,False
ultimate_run,single_hl60_cnn_sequence_kernel_7,single,DeepCRISPR,cnn_dual_branch,cnn_k7,hl60,42,1453,311,312,0.09861340495133897,0.32444569564918674,0.3181920552147482,0.10602098377153876,0.08189726986874564,0.011240448999884887,0.15936097265832783,0.09861340495133897,False
ultimate_run,single_hl60_cnn_sequence_rrbs_kernel_3,single,DeepCRISPR,cnn_dual_branch,cnn_k3,hl60,42,1453,311,312,0.06281165856954085,0.2751244839294944,0.25419630347565586,0.10810598068161223,0.0863239256103929,0.011686903059133117,0.10779074260079646,0.06281165856954085,False
ultimate_run,single_hl60_cnn_sequence_rrbs_kernel_5,single,DeepCRISPR,cnn_dual_branch,cnn_k5,hl60,42,1453,311,312,-0.023769936538630576,0.21588578541541031,0.19463807203552227,0.11298933906330759,0.08990760525473608,0.012766590741963086,0.10760169798833141,-0.023769936538630576,False
ultimate_run,single_hl60_cnn_sequence_rrbs_kernel_7,single,DeepCRISPR,cnn_dual_branch,cnn_k7,hl60,42,1453,311,312,0.05888790497897167,0.26849931254221093,0.2704311242007841,0.10833204952773436,0.08325201037148826,0.01173583295487949,0.1678191884666198,0.05888790497897167,False
ultimate_run,single_hl60_linear_all,single,DeepCRISPR,linear,linear,hl60,42,1453,311,312,-4692.814674922972,-0.02640158873626469,0.3968772586302631,7.650666153033816,0.5140511199700623,58.532692585177244,-9.10966320645435e+20,-4692.814674922972,True
ultimate_run,single_hl60_linear_sequence,single,DeepCRISPR,linear,linear,hl60,42,1453,311,312,0.14948393332256238,0.39463472291282553,0.41767536696915786,0.1029858465286419,0.07892819656990469,0.010606084585220983,0.16123866129517195,0.14948393332256238,False
ultimate_run,single_hl60_linear_sequence_ctcf,single,DeepCRISPR,linear,linear,hl60,42,1453,311,312,0.13131816633824211,0.3768620240248581,0.3961120369958252,0.10407984861118895,0.07994609107024586,0.010832614886928011,0.14927179301582783,0.13131816633824211,False
ultimate_run,single_hl60_linear_sequence_ctcf_dnase,single,DeepCRISPR,linear,linear,hl60,42,1453,311,312,0.13289153295207246,0.3782587839103217,0.3961689391130964,0.10398555057884996,0.07994902707660237,0.010812994729186563,-1.0456394599749471e+21,0.13289153295207246,False
ultimate_run,single_hl60_linear_sequence_ctcf_dnase_h3k4me3,single,DeepCRISPR,linear,linear,hl60,42,1453,311,312,-2883628375711838.5,-0.02903639296082128,0.3929708508928381,5996611.694451702,339491.3654421364,35959351814034.914,-2.398561786084544e+21,-2883628375711838.5,True
ultimate_run,single_hl60_linear_sequence_ctcf_dnase_rrbs,single,DeepCRISPR,linear,linear,hl60,42,1453,311,312,0.12192564591579758,0.36887451480636335,0.3959038178937285,0.10464101138956881,0.08086721609251048,0.010949741264631871,-2.1438717000397137e+21,0.12192564591579758,False
ultimate_run,single_hl60_linear_sequence_ctcf_h3k4me3,single,DeepCRISPR,linear,linear,hl60,42,1453,311,312,0.12309284716069357,0.3721372254810773,0.39908957935421063,0.10457143998390699,0.08020437480464825,0.01093518606030786,0.15884105453642328,0.12309284716069357,False
ultimate_run,single_hl60_linear_sequence_ctcf_h3k4me3_rrbs,single,DeepCRISPR,linear,linear,hl60,42,1453,311,312,-1938093581107672.8,-0.029036392205383902,0.3960927995663541,4916133.340272147,278321.32481190556,24168367019335.375,-1.1518491223008099e+18,-1938093581107672.8,True
ultimate_run,single_hl60_linear_sequence_ctcf_rrbs,single,DeepCRISPR,linear,linear,hl60,42,1453,311,312,0.11939390666073402,0.3676168416154014,0.39384804188125233,0.104791757774016,0.0808355443430348,0.010981312497368044,0.11747487870342443,0.11939390666073402,False
ultimate_run,single_hl60_linear_sequence_dnase,single,DeepCRISPR,linear,linear,hl60,42,1453,311,312,0.15178077063262074,0.39612192011798975,0.41718657024842376,0.10284669474978536,0.07893493418725064,0.010577442620955528,-3.0357698404497916e+20,0.15178077063262074,False
ultimate_run,single_hl60_linear_sequence_dnase_h3k4me3,single,DeepCRISPR,linear,linear,hl60,42,1453,311,312,-10673899261186.285,0.029036452433407862,0.4218414030008084,364836.12301557156,20654.85737410322,133105396657.03328,-3.187418455090394e+20,-10673899261186.285,True
ultimate_run,single_hl60_linear_sequence_dnase_h3k4me3_rrbs,single,DeepCRISPR,linear,linear,hl60,42,1453,311,312,-1127111165178793.2,-0.029036390858563892,0.4174544572364652,3749036.4089490687,212247.47108133615,14055273995625.73,-3.932077536512039e+20,-1127111165178793.2,True
ultimate_run,single_hl60_linear_sequence_dnase_rrbs,single,DeepCRISPR,linear,linear,hl60,42,1453,311,312,0.14409740931732895,0.3889727477266776,0.41970660448106184,0.1033114489526679,0.07958520968587926,0.010673255484699705,-2.798143201515626e+20,0.14409740931732895,False
ultimate_run,single_hl60_linear_sequence_h3k4me3,single,DeepCRISPR,linear,linear,hl60,42,1453,311,312,-9.367863594823454e+16,-0.029036395710779546,0.41390436197458785,34178780.36692846,1934992.482401274,1168189027370734.2,-2.948362254353464e+17,-9.367863594823454e+16,True
ultimate_run,single_hl60_linear_sequence_h3k4me3_rrbs,single,DeepCRISPR,linear,linear,hl60,42,1453,311,312,0.14008625079749848,0.38736805847382355,0.42442742119657767,0.10355324879138395,0.0797836758300074,0.01072327533525026,0.1429125365817776,0.14008625079749848,False
ultimate_run,single_hl60_linear_sequence_rrbs,single,DeepCRISPR,linear,linear,hl60,42,1453,311,312,0.1436138495658894,0.38763466887548903,0.41941574681678834,0.10334062879452013,0.07961740593712491,0.010679285559646803,0.13229052466547853,0.1436138495658894,False
ultimate_run,single_hl60_mlp_all,single,DeepCRISPR,mlp,mlp,hl60,42,1453,311,312,0.10292486360750941,0.35876950378361555,0.39687970925964416,0.10576712321861993,0.08198241837537633,0.011186684353942732,0.18574448104964625,0.10292486360750941,False
ultimate_run,single_hl60_mlp_sequence,single,DeepCRISPR,mlp,mlp,hl60,42,1453,311,312,0.1560170469981641,0.39640781192305347,0.4217276102979235,0.10258954874337431,0.07889560070963433,0.010524615511369172,0.1646972351275069,0.1560170469981641,False
ultimate_run,single_hl60_mlp_sequence_ctcf,single,DeepCRISPR,mlp,mlp,hl60,42,1453,311,312,0.15403116295308616,0.39438371427572233,0.42169995234930563,0.10271017395496736,0.07884549875504887,0.010549379833859654,0.16371683442039564,0.15403116295308616,False
ultimate_run,single_hl60_mlp_sequence_ctcf_dnase,single,DeepCRISPR,mlp,mlp,hl60,42,1453,311,312,0.045394827686852324,0.3178469260463448,0.3470005744951042,0.10910588433371744,0.08426385559738638,0.011904093996242529,0.1835168589745111,0.045394827686852324,False
ultimate_run,single_hl60_mlp_sequence_ctcf_dnase_h3k4me3,single,DeepCRISPR,mlp,mlp,hl60,42,1453,311,312,0.1325829061908832,0.36923140190642506,0.39316524676026643,0.10400405453178757,0.07910718774208082,0.010816843359051044,0.18779101416512822,0.1325829061908832,False
ultimate_run,single_hl60_mlp_sequence_ctcf_dnase_rrbs,single,DeepCRISPR,mlp,mlp,hl60,42,1453,311,312,0.1323066711343588,0.3649680555475823,0.3933023511627006,0.10402061362381411,0.0804855695579392,0.010820288058674823,0.14471070182363666,0.1323066711343588,False
ultimate_run,single_hl60_mlp_sequence_ctcf_h3k4me3,single,DeepCRISPR,mlp,mlp,hl60,42,1453,311,312,0.1255734833203921,0.363818620947924,0.38564702609883056,0.10442342693159218,0.07992002538118798,0.010904252092137572,0.17106782084358996,0.1255734833203921,False
ultimate_run,single_hl60_mlp_sequence_ctcf_h3k4me3_rrbs,single,DeepCRISPR,mlp,mlp,hl60,42,1453,311,312,0.1189348891884835,0.36172693770174225,0.392169165496472,0.10481906565977109,0.08024397036896493,0.010987036525787404,0.17109605715059506,0.1189348891884835,False
ultimate_run,single_hl60_mlp_sequence_ctcf_rrbs,single,DeepCRISPR,mlp,mlp,hl60,42,1453,311,312,0.1630338295065843,0.4047894700134197,0.43264420261739023,0.10216219947860523,0.07868333875488204,0.010437115002306327,0.15638970181776324,0.1630338295065843,False
ultimate_run,single_hl60_mlp_sequence_dnase,single,DeepCRISPR,mlp,mlp,hl60,42,1453,311,312,0.15442555185903128,0.39331294508253706,0.42712209561906,0.1026862295295821,0.0783720273966304,0.01054446173500202,0.1626506122653667,0.15442555185903128,False
ultimate_run,single_hl60_mlp_sequence_dnase_h3k4me3,single,DeepCRISPR,mlp,mlp,hl60,42,1453,311,312,0.1496763188440542,0.3874673731168135,0.40943286191018435,0.10297419824408208,0.07909214139008561,0.010603685504011516,0.16231797111441715,0.1496763188440542,False
ultimate_run,single_hl60_mlp_sequence_dnase_h3k4me3_rrbs,single,DeepCRISPR,mlp,mlp,hl60,42,1453,311,312,0.14723805381966848,0.38638552230197304,0.41211015133639256,0.10312172950784868,0.07837808409777398,0.010634091096689908,0.13262191238132837,0.14723805381966848,False
ultimate_run,single_hl60_mlp_sequence_dnase_rrbs,single,DeepCRISPR,mlp,mlp,hl60,42,1453,311,312,0.1560645111705412,0.39506651210551785,0.4343143476003569,0.10258666397154867,0.07874624512922497,0.010524023624811443,0.14794425770249275,0.1560645111705412,False
ultimate_run,single_hl60_mlp_sequence_h3k4me3,single,DeepCRISPR,mlp,mlp,hl60,42,1453,311,312,0.16235092377195515,0.40296019673908096,0.42348151935384704,0.10220386957763176,0.07855971664405213,0.010445630956641564,0.16979917828038493,0.16235092377195515,False
ultimate_run,single_hl60_mlp_sequence_h3k4me3_rrbs,single,DeepCRISPR,mlp,mlp,hl60,42,1453,311,312,0.16432943562170998,0.40543070240337886,0.43708804473317586,0.10208309638094008,0.07799454564109254,0.010420958566720304,0.15640758889173523,0.16432943562170998,False
ultimate_run,single_hl60_mlp_sequence_rrbs,single,DeepCRISPR,mlp,mlp,hl60,42,1453,311,312,0.1641901575134629,0.40649237341320144,0.4357450537710032,0.10209160293172129,0.07832743583891827,0.010422695389168242,0.15216011470124624,0.1641901575134629,False
ultimate_run,single_hl60_transformer_all,single,DeepCRISPR,transformer,transformer,hl60,42,1453,311,312,0.12417317564002184,0.38187834723386277,0.4156879045468877,0.10450700538534918,0.0812653061778595,0.010921714174613403,0.19083801137735523,0.12417317564002184,False
ultimate_run,single_hl60_transformer_sequence,single,DeepCRISPR,transformer,transformer,hl60,42,1453,311,312,0.14280127313209923,0.3823771648893028,0.41424060360707066,0.10338964421233364,0.07902164738744688,0.010689418530352934,0.16840913961125747,0.14280127313209923,False
ultimate_run,single_hl60_transformer_sequence_ctcf,single,DeepCRISPR,transformer,transformer,hl60,42,1453,311,312,0.08851922265236278,0.3591207883221317,0.3921656094745069,0.10661296930629269,0.08209355668021509,0.011366325224304507,0.1774840835206144,0.08851922265236278,False
ultimate_run,single_hl60_transformer_sequence_ctcf_dnase,single,DeepCRISPR,transformer,transformer,hl60,42,1453,311,312,0.13917018229103706,0.3926869488214576,0.42258342625087025,0.10360839189110885,0.07801126173506372,0.01073469887026159,0.16285926882596757,0.13917018229103706,False
ultimate_run,single_hl60_transformer_sequence_ctcf_dnase_h3k4me3,single,DeepCRISPR,transformer,transformer,hl60,42,1453,311,312,0.14000722434205626,0.39735601987735286,0.44685367127658815,0.10355800697684275,0.08004171681256057,0.010724260809015812,0.20010686960392077,0.14000722434205626,False
ultimate_run,single_hl60_transformer_sequence_ctcf_dnase_rrbs,single,DeepCRISPR,transformer,transformer,hl60,42,1453,311,312,0.1385500439508247,0.38432136632639474,0.4126593591732328,0.10364570470682863,0.07956544597012301,0.010742432104175118,0.15882907041034422,0.1385500439508247,False
ultimate_run,single_hl60_transformer_sequence_ctcf_h3k4me3,single,DeepCRISPR,transformer,transformer,hl60,42,1453,311,312,0.10868486796986476,0.3718020485085959,0.4170553925492647,0.10542701783166812,0.08078818768859865,0.011114856088878867,0.20367833015942216,0.10868486796986476,False
ultimate_run,single_hl60_transformer_sequence_ctcf_h3k4me3_rrbs,single,DeepCRISPR,transformer,transformer,hl60,42,1453,311,312,0.12309068066201356,0.3764860186814737,0.42028030935810645,0.10457156916163465,0.080640938735973,0.01093521307692654,0.1848936086991606,0.12309068066201356,False
ultimate_run,single_hl60_transformer_sequence_ctcf_rrbs,single,DeepCRISPR,transformer,transformer,hl60,42,1453,311,312,0.10902960942280093,0.3610321728035548,0.3904231587115822,0.1054066274124712,0.08179243776398018,0.011110557102471524,0.16114684929135492,0.10902960942280093,False
ultimate_run,single_hl60_transformer_sequence_dnase,single,DeepCRISPR,transformer,transformer,hl60,42,1453,311,312,0.15080907827051826,0.39773496295443295,0.43172121736065733,0.1029055868026931,0.0784178828784766,0.010589559795206606,0.1690216793740139,0.15080907827051826,False
ultimate_run,single_hl60_transformer_sequence_dnase_h3k4me3,single,DeepCRISPR,transformer,transformer,hl60,42,1453,311,312,0.15853957075403158,0.41302153924796664,0.45711200441894995,0.10243612252289203,0.07875997869847104,0.010493159197524948,0.1969066215228783,0.15853957075403158,False
ultimate_run,single_hl60_transformer_sequence_dnase_h3k4me3_rrbs,single,DeepCRISPR,transformer,transformer,hl60,42,1453,311,312,0.15712752463172308,0.4043975770204562,0.43941407821193734,0.10252203499946441,0.07925086330550794,0.010510767660431406,0.19575774011700742,0.15712752463172308,False
ultimate_run,single_hl60_transformer_sequence_dnase_rrbs,single,DeepCRISPR,transformer,transformer,hl60,42,1453,311,312,0.15277386926659597,0.4005947797201165,0.4360481058651446,0.10278647044595994,0.0783345597402121,0.010565058506738195,0.1631449143434094,0.15277386926659597,False
ultimate_run,single_hl60_transformer_sequence_h3k4me3,single,DeepCRISPR,transformer,transformer,hl60,42,1453,311,312,0.1438999019487821,0.4010307425974111,0.4485980976072714,0.10332336829701518,0.07806810357560141,0.01067571843624064,0.1839058960450587,0.1438999019487821,False
ultimate_run,single_hl60_transformer_sequence_h3k4me3_rrbs,single,DeepCRISPR,transformer,transformer,hl60,42,1453,311,312,0.13180886975853268,0.3850880060538197,0.42805535382813664,0.10405044800084666,0.08004569463455716,0.010826495729176894,0.19902316341284665,0.13180886975853268,False
ultimate_run,single_hl60_transformer_sequence_rrbs,single,DeepCRISPR,transformer,transformer,hl60,42,1453,311,312,0.13760689352868172,0.39874067045039946,0.4377139045990427,0.1037024269505148,0.07959379003239939,0.010754193355426859,0.17388392125951402,0.13760689352868172,False
ultimate_run,single_hl60_xgboost_all,single,DeepCRISPR,xgboost,xgboost,hl60,42,1453,311,312,0.13337811788164877,0.3722781826104112,0.4072573666946143,0.10395637031821231,0.07995142040845866,0.010806926929737294,0.18016102009422474,0.13337811788164877,False
ultimate_run,single_hl60_xgboost_sequence,single,DeepCRISPR,xgboost,xgboost,hl60,42,1453,311,312,0.15466375242564723,0.39529414555631853,0.4299503184220113,0.10267176501911823,0.077680611033709,0.01054149133214103,0.15729914143427015,0.15466375242564723,False
ultimate_run,single_hl60_xgboost_sequence_ctcf,single,DeepCRISPR,xgboost,xgboost,hl60,42,1453,311,312,0.13946241641557489,0.37552052089735877,0.41218759359252255,0.10359080393284166,0.07859235787644792,0.010731054659452444,0.1757164633537025,0.13946241641557489,False
ultimate_run,single_hl60_xgboost_sequence_ctcf_dnase,single,DeepCRISPR,xgboost,xgboost,hl60,42,1453,311,312,0.14603748530372196,0.3837237900684763,0.4170407733478525,0.10319429440011993,0.07878414663868263,0.010649062396738624,0.16231902264460907,0.14603748530372196,False
ultimate_run,single_hl60_xgboost_sequence_ctcf_dnase_h3k4me3,single,DeepCRISPR,xgboost,xgboost,hl60,42,1453,311,312,0.15178797652505294,0.39026712690263604,0.42497939482827973,0.10284625789114805,0.07871201300683121,0.010577352762212534,0.1704145513029266,0.15178797652505294,False
ultimate_run,single_hl60_xgboost_sequence_ctcf_dnase_rrbs,single,DeepCRISPR,xgboost,xgboost,hl60,42,1453,311,312,0.14193136115173477,0.377639018098302,0.4039925434170527,0.1034420924255938,0.07932938932059094,0.01070026648538509,0.1633099844405873,0.14193136115173477,False
ultimate_run,single_hl60_xgboost_sequence_ctcf_h3k4me3,single,DeepCRISPR,xgboost,xgboost,hl60,42,1453,311,312,0.15602050682045987,0.39562583347065333,0.4269849912166257,0.10258933846544716,0.07823022813775027,0.010524572366778074,0.18204423550782978,0.15602050682045987,False
ultimate_run,single_hl60_xgboost_sequence_ctcf_h3k4me3_rrbs,single,DeepCRISPR,xgboost,xgboost,hl60,42,1453,311,312,0.1587241215290388,0.39939024010015345,0.42527928601400755,0.10242488865983136,0.07767940263072841,0.01049085781697885,0.17267867948064675,0.1587241215290388,False
ultimate_run,single_hl60_xgboost_sequence_ctcf_rrbs,single,DeepCRISPR,xgboost,xgboost,hl60,42,1453,311,312,0.1525049186092674,0.39231776900629634,0.41285019901869596,0.1028027838564008,0.07866349212753658,0.010568412368625862,0.17220130309401482,0.1525049186092674,False
ultimate_run,single_hl60_xgboost_sequence_dnase,single,DeepCRISPR,xgboost,xgboost,hl60,42,1453,311,312,0.139404239350024,0.375171960806254,0.41659548037510497,0.10359430552722367,0.07821433970298713,0.010731780137667762,0.1598587803430349,0.139404239350024,False
ultimate_run,single_hl60_xgboost_sequence_dnase_h3k4me3,single,DeepCRISPR,xgboost,xgboost,hl60,42,1453,311,312,0.15417161824042358,0.3943579476812419,0.43948756933255045,0.10270164717170756,0.0780048303795644,0.010547628331781907,0.17099250770209518,0.15417161824042358,False
ultimate_run,single_hl60_xgboost_sequence_dnase_h3k4me3_rrbs,single,DeepCRISPR,xgboost,xgboost,hl60,42,1453,311,312,0.16061843076571192,0.40265070449839874,0.4404789092337247,0.10230950810368081,0.07759311432854678,0.010467235448417128,0.1640157947233003,0.16061843076571192,False
ultimate_run,single_hl60_xgboost_sequence_dnase_rrbs,single,DeepCRISPR,xgboost,xgboost,hl60,42,1453,311,312,0.1468759458822836,0.3841084371508792,0.4097284068468437,0.10314362145186436,0.07827990645996462,0.010638606646205494,0.15515993878026002,0.1468759458822836,False
ultimate_run,single_hl60_xgboost_sequence_h3k4me3,single,DeepCRISPR,xgboost,xgboost,hl60,42,1453,311,312,0.15830493330006656,0.39968484500009643,0.4404536219664169,0.10245040345330997,0.07760409311725734,0.010496085167745988,0.17557447310451002,0.15830493330006656,False
ultimate_run,single_hl60_xgboost_sequence_h3k4me3_rrbs,single,DeepCRISPR,xgboost,xgboost,hl60,42,1453,311,312,0.14643714340311798,0.38373084516240175,0.42364549147779584,0.10317014388918003,0.0782773716864773,0.01064407859011411,0.16789566867139838,0.14643714340311798,False
ultimate_run,single_hl60_xgboost_sequence_rrbs,single,DeepCRISPR,xgboost,xgboost,hl60,42,1453,311,312,0.13949282180811495,0.3749609452316956,0.4142777442809289,0.10358897382864869,0.07830914595307639,0.010730675498872463,0.16740371444455449,0.13949282180811495,False
ultimate_run_1,single_hiranniramol_cnn_sequence_kernel_3,single,Hiranniramol,cnn_dual_branch,cnn_k3,hiranniramol,42,916,196,197,0.34554642767814026,0.6072603406769831,0.5713926987703962,0.2964268643937783,0.230299895487461,0.08786888593432743,0.46388128179861443,0.34554642767814026,False
ultimate_run_1,single_hiranniramol_cnn_sequence_kernel_5,single,Hiranniramol,cnn_dual_branch,cnn_k5,hiranniramol,42,916,196,197,0.36012919042668456,0.6087210932499073,0.5767532583221069,0.29310571603502494,0.2323339370452813,0.08591096077240466,0.47415695571012406,0.36012919042668456,False
ultimate_run_1,single_hiranniramol_cnn_sequence_kernel_7,single,Hiranniramol,cnn_dual_branch,cnn_k7,hiranniramol,42,916,196,197,0.4242930864360357,0.6542162986599322,0.6300574859061595,0.2780218066620491,0.21769767600645873,0.07729612497962982,0.4996946291442137,0.4242930864360357,False
ultimate_run_1,single_hiranniramol_linear_sequence,single,Hiranniramol,linear,linear,hiranniramol,42,916,196,197,0.3744778573430876,0.6242498841866087,0.6225467473590396,0.28980073501316106,0.23811641530261426,0.0839844660141684,0.38792770241656815,0.3744778573430876,False
ultimate_run_1,single_hiranniramol_mlp_sequence,single,Hiranniramol,mlp,mlp,hiranniramol,42,916,196,197,0.3549082883320561,0.6220903215995011,0.6342838553625157,0.2942990564685542,0.24464192562902035,0.08661193463828125,0.40888458448134135,0.3549082883320561,False
ultimate_run_1,single_hiranniramol_transformer_sequence,single,Hiranniramol,transformer,transformer,hiranniramol,42,916,196,197,0.48882669923067157,0.7090313690129516,0.6646561487592724,0.2619764300658504,0.1779672196371301,0.0686316499100474,0.45588037868369413,0.48882669923067157,False
ultimate_run_1,single_hiranniramol_xgboost_sequence,single,Hiranniramol,xgboost,xgboost,hiranniramol,42,916,196,197,0.47200541348343894,0.6946014689968413,0.6623922800645676,0.26625199687006734,0.2096138228165922,0.07089012583729834,0.47334748025435536,0.47200541348343894,False
ultimate_run_2,single_labuhn_cnn_sequence_kernel_3,single,Labuhn,cnn_dual_branch,cnn_k3,labuhn,42,291,63,63,-0.17668723058923574,0.11982064390610829,0.05803780381799406,0.2317266464106854,0.2072179766874465,0.05369723865674283,-0.04184392779103585,-0.17668723058923574,False
ultimate_run_2,single_labuhn_cnn_sequence_kernel_5,single,Labuhn,cnn_dual_branch,cnn_k5,labuhn,42,291,63,63,-0.2160939492349876,0.08686775855692377,0.10289828989567433,0.23557490249844215,0.21035687081397525,0.05549553468715053,0.0034367389555504113,-0.2160939492349876,False
ultimate_run_2,single_labuhn_cnn_sequence_kernel_7,single,Labuhn,cnn_dual_branch,cnn_k7,labuhn,42,291,63,63,-0.2807372685593401,0.048415169004284594,-0.03732373239742794,0.2417550083230914,0.2074177454388331,0.058445484049298,-0.04588392588207335,-0.2807372685593401,False
ultimate_run_2,single_labuhn_linear_sequence,single,Labuhn,linear,linear,labuhn,42,291,63,63,-0.7245574070437115,0.1646028026454854,0.08720072012852458,0.28053321190050884,0.22547750766315158,0.07869888297921579,-0.26401348197332664,-0.7245574070437115,False
ultimate_run_2,single_labuhn_mlp_sequence,single,Labuhn,mlp,mlp,labuhn,42,291,63,63,-0.20410857151859618,-0.011892980013554346,-0.17632163227749562,0.23441115794723738,0.19842871077476987,0.05494859097016467,0.024926244983704104,-0.20410857151859618,False
ultimate_run_2,single_labuhn_transformer_sequence,single,Labuhn,transformer,transformer,labuhn,42,291,63,63,-0.04945667661427833,0.05846763378596707,-0.15978397850140055,0.21884050770693672,0.18471135270027889,0.04789116781342983,0.007209147030206697,-0.04945667661427833,False
ultimate_run_2,single_labuhn_xgboost_sequence,single,Labuhn,xgboost,xgboost,labuhn,42,291,63,63,-0.07987458597924268,-0.0012816143260245586,0.04387744080581949,0.22198933820899355,0.19113616858209884,0.049279266278466925,0.026380502831348074,-0.07987458597924268,False
