split_type,cell_line,model,parent_combination,child_combination,ci_low,ci_high,ci_excludes_zero,n_bootstrap,bootstrap_status
all,hct116,cnn(3|3),sequence,sequence_ctcf,-0.009270156733691692,0.009320395067334175,False,2000,ok
all,hct116,cnn(3|3),sequence,sequence_dnase,-0.00954436045140028,0.006495888344943523,False,2000,ok
all,hct116,cnn(3|3),sequence,sequence_h3k4me3,-0.012476960197091103,0.005363026168197393,False,2000,ok
all,hct116,cnn(3|3),sequence,sequence_rrbs,-0.004183492157608271,0.010246044024825096,False,2000,ok
all,hct116,cnn(3|3),sequence_ctcf,sequence_ctcf_dnase,-0.01887775957584381,-0.002546031726524234,True,2000,ok
all,hct116,cnn(3|3),sequence_ctcf,sequence_ctcf_h3k4me3,-0.01879633590579033,0.0005468040471896529,False,2000,ok
all,hct116,cnn(3|3),sequence_ctcf,sequence_ctcf_rrbs,-0.010801705531775951,0.0035063803661614656,False,2000,ok
all,hct116,cnn(3|3),sequence_dnase,sequence_ctcf_dnase,-0.017784683033823967,-0.0005627989885397255,True,2000,ok
all,hct116,cnn(3|3),sequence_dnase,sequence_dnase_h3k4me3,-0.016942912712693214,0.0015428498154506087,False,2000,ok
all,hct116,cnn(3|3),sequence_dnase,sequence_dnase_rrbs,-0.009224203415215015,0.004145316779613495,False,2000,ok
all,hct116,cnn(3|3),sequence_h3k4me3,sequence_ctcf_h3k4me3,-0.015819381922483444,0.0036407471634447575,False,2000,ok
all,hct116,cnn(3|3),sequence_h3k4me3,sequence_dnase_h3k4me3,-0.0144959706813097,0.0029761134646832943,False,2000,ok
all,hct116,cnn(3|3),sequence_h3k4me3,sequence_h3k4me3_rrbs,-0.0074504404328763485,0.009226071648299694,False,2000,ok
all,hct116,cnn(3|3),sequence_rrbs,sequence_ctcf_rrbs,-0.01796029321849346,0.0036095604300498962,False,2000,ok
all,hct116,cnn(3|3),sequence_rrbs,sequence_dnase_rrbs,-0.017084766179323196,0.0029824941884726286,False,2000,ok
all,hct116,cnn(3|3),sequence_rrbs,sequence_h3k4me3_rrbs,-0.016781898215413094,0.00591074675321579,False,2000,ok
all,hct116,cnn(3|3),sequence_ctcf_dnase,sequence_ctcf_dnase_h3k4me3,-0.0035741806495934725,0.014993852004408836,False,2000,ok
all,hct116,cnn(3|3),sequence_ctcf_dnase,sequence_ctcf_dnase_rrbs,0.0032512873876839876,0.018985839560627937,True,2000,ok
all,hct116,cnn(3|3),sequence_ctcf_h3k4me3,sequence_ctcf_dnase_h3k4me3,-0.0054681794717907906,0.01508520357310772,False,2000,ok
all,hct116,cnn(3|3),sequence_ctcf_h3k4me3,sequence_ctcf_h3k4me3_rrbs,-0.002476430032402277,0.013909764587879181,False,2000,ok
all,hct116,cnn(3|3),sequence_ctcf_rrbs,sequence_ctcf_dnase_rrbs,-0.004438565578311682,0.0127664003521204,False,2000,ok
all,hct116,cnn(3|3),sequence_ctcf_rrbs,sequence_ctcf_h3k4me3_rrbs,-0.009250514209270477,0.008863630704581738,False,2000,ok
all,hct116,cnn(3|3),sequence_dnase_h3k4me3,sequence_ctcf_dnase_h3k4me3,-0.006394474301487207,0.014894719235599041,False,2000,ok
all,hct116,cnn(3|3),sequence_dnase_h3k4me3,sequence_dnase_h3k4me3_rrbs,0.0024667978286743164,0.016546551138162613,True,2000,ok
all,hct116,cnn(3|3),sequence_dnase_rrbs,sequence_ctcf_dnase_rrbs,-0.0037047327496111393,0.01275878120213747,False,2000,ok
all,hct116,cnn(3|3),sequence_dnase_rrbs,sequence_dnase_h3k4me3_rrbs,-0.0057253106497228146,0.014251550659537315,False,2000,ok
all,hct116,cnn(3|3),sequence_h3k4me3_rrbs,sequence_ctcf_h3k4me3_rrbs,-0.009409768506884575,0.0063012270256876945,False,2000,ok
all,hct116,cnn(3|3),sequence_h3k4me3_rrbs,sequence_dnase_h3k4me3_rrbs,-0.004093135707080364,0.010002834722399712,False,2000,ok
all,hct116,cnn(3|3),sequence_ctcf_dnase_h3k4me3,all,-0.005206386558711529,0.014272743836045265,False,2000,ok
all,hct116,cnn(3|3),sequence_ctcf_dnase_rrbs,all,-0.011106742545962334,0.009654995985329151,False,2000,ok
all,hct116,cnn(3|3),sequence_ctcf_h3k4me3_rrbs,all,-0.006609375588595867,0.01277477853000164,False,2000,ok
all,hct116,cnn(3|3),sequence_dnase_h3k4me3_rrbs,all,-0.010812528431415558,0.009207586757838726,False,2000,ok
all,hct116,cnn(5|3),sequence,sequence_ctcf,-0.032422974705696106,-0.0004901901120319963,True,2000,ok
all,hct116,cnn(5|3),sequence,sequence_dnase,-0.019432896748185158,0.0101234782487154,False,2000,ok
all,hct116,cnn(5|3),sequence,sequence_h3k4me3,-0.014499170705676079,0.011768629774451256,False,2000,ok
all,hct116,cnn(5|3),sequence,sequence_rrbs,-0.015560286119580269,0.014363080263137817,False,2000,ok
all,hct116,cnn(5|3),sequence_ctcf,sequence_ctcf_dnase,-0.009035361930727959,0.01672450080513954,False,2000,ok
all,hct116,cnn(5|3),sequence_ctcf,sequence_ctcf_h3k4me3,-0.014302605763077736,0.017572324723005295,False,2000,ok
all,hct116,cnn(5|3),sequence_ctcf,sequence_ctcf_rrbs,-0.008712884970009327,0.012255812995135784,False,2000,ok
all,hct116,cnn(5|3),sequence_dnase,sequence_ctcf_dnase,-0.023372115567326546,0.007159682922065258,False,2000,ok
all,hct116,cnn(5|3),sequence_dnase,sequence_dnase_h3k4me3,-0.02251061052083969,0.005609206855297089,False,2000,ok
all,hct116,cnn(5|3),sequence_dnase,sequence_dnase_rrbs,-0.00812721997499466,0.016851279884576797,False,2000,ok
all,hct116,cnn(5|3),sequence_h3k4me3,sequence_ctcf_h3k4me3,-0.02713051065802574,0.0009771138429641724,False,2000,ok
all,hct116,cnn(5|3),sequence_h3k4me3,sequence_dnase_h3k4me3,-0.02437512017786503,0.00022712796635460109,False,2000,ok
all,hct116,cnn(5|3),sequence_h3k4me3,sequence_h3k4me3_rrbs,-0.021179482340812683,0.0008808821439743042,False,2000,ok
all,hct116,cnn(5|3),sequence_rrbs,sequence_ctcf_rrbs,-0.028164375573396683,-0.0004464402736630291,True,2000,ok
all,hct116,cnn(5|3),sequence_rrbs,sequence_dnase_rrbs,-0.013462221249938011,0.013400289230048656,False,2000,ok
all,hct116,cnn(5|3),sequence_rrbs,sequence_h3k4me3_rrbs,-0.026024896651506424,0.003924834541976452,False,2000,ok
all,hct116,cnn(5|3),sequence_ctcf_dnase,sequence_ctcf_dnase_h3k4me3,-0.002108469605445862,0.020672554150223732,False,2000,ok
all,hct116,cnn(5|3),sequence_ctcf_dnase,sequence_ctcf_dnase_rrbs,0.009704941883683205,0.02815825864672661,True,2000,ok
all,hct116,cnn(5|3),sequence_ctcf_h3k4me3,sequence_ctcf_dnase_h3k4me3,-6.889253563713282e-05,0.021971577778458595,False,2000,ok
all,hct116,cnn(5|3),sequence_ctcf_h3k4me3,sequence_ctcf_h3k4me3_rrbs,-0.00571369519457221,0.01688564382493496,False,2000,ok
all,hct116,cnn(5|3),sequence_ctcf_rrbs,sequence_ctcf_dnase_rrbs,0.009033963084220886,0.0331357903778553,True,2000,ok
all,hct116,cnn(5|3),sequence_ctcf_rrbs,sequence_ctcf_h3k4me3_rrbs,-0.0074049560353159904,0.019103750586509705,False,2000,ok
all,hct116,cnn(5|3),sequence_dnase_h3k4me3,sequence_ctcf_dnase_h3k4me3,-0.0012504368787631392,0.020051157101988792,False,2000,ok
all,hct116,cnn(5|3),sequence_dnase_h3k4me3,sequence_dnase_h3k4me3_rrbs,0.004120774567127228,0.022721676155924797,True,2000,ok
all,hct116,cnn(5|3),sequence_dnase_rrbs,sequence_ctcf_dnase_rrbs,-0.0037993534933775663,0.01738637685775757,False,2000,ok
all,hct116,cnn(5|3),sequence_dnase_rrbs,sequence_dnase_h3k4me3_rrbs,-0.010546663776040077,0.011610329151153564,False,2000,ok
all,hct116,cnn(5|3),sequence_h3k4me3_rrbs,sequence_ctcf_h3k4me3_rrbs,-0.008940811268985271,0.01347621064633131,False,2000,ok
all,hct116,cnn(5|3),sequence_h3k4me3_rrbs,sequence_dnase_h3k4me3_rrbs,0.004789027385413647,0.017925351858139038,True,2000,ok
all,hct116,cnn(5|3),sequence_ctcf_dnase_h3k4me3,all,-0.023036910220980644,-0.008515588939189911,True,2000,ok
all,hct116,cnn(5|3),sequence_ctcf_dnase_rrbs,all,-0.03573919087648392,-0.016336780041456223,True,2000,ok
all,hct116,cnn(5|3),sequence_ctcf_h3k4me3_rrbs,all,-0.020753158256411552,-0.0007750958320684731,True,2000,ok
all,hct116,cnn(5|3),sequence_dnase_h3k4me3_rrbs,all,-0.027719955891370773,-0.011605937965214252,True,2000,ok
all,hct116,cnn(7|3),sequence,sequence_ctcf,-0.045116886496543884,-0.017241330817341805,True,2000,ok
all,hct116,cnn(7|3),sequence,sequence_dnase,-0.03712926059961319,-0.014797764830291271,True,2000,ok
all,hct116,cnn(7|3),sequence,sequence_h3k4me3,-0.045451730489730835,-0.021080834791064262,True,2000,ok
all,hct116,cnn(7|3),sequence,sequence_rrbs,-0.018858378753066063,0.0019730092026293278,False,2000,ok
all,hct116,cnn(7|3),sequence_ctcf,sequence_ctcf_dnase,-0.015039200894534588,0.007365469820797443,False,2000,ok
all,hct116,cnn(7|3),sequence_ctcf,sequence_ctcf_h3k4me3,-0.005801278166472912,0.015990789979696274,False,2000,ok
all,hct116,cnn(7|3),sequence_ctcf,sequence_ctcf_rrbs,-0.020632052794098854,0.0019139840733259916,False,2000,ok
all,hct116,cnn(7|3),sequence_dnase,sequence_ctcf_dnase,-0.022351427003741264,0.004535104148089886,False,2000,ok
all,hct116,cnn(7|3),sequence_dnase,sequence_dnase_h3k4me3,-0.022303210571408272,0.006535866763442755,False,2000,ok
all,hct116,cnn(7|3),sequence_dnase,sequence_dnase_rrbs,-0.011360208503901958,0.010512505657970905,False,2000,ok
all,hct116,cnn(7|3),sequence_h3k4me3,sequence_ctcf_h3k4me3,-0.006139032542705536,0.0206738468259573,False,2000,ok
all,hct116,cnn(7|3),sequence_h3k4me3,sequence_dnase_h3k4me3,-0.013443258590996265,0.012510140426456928,False,2000,ok
all,hct116,cnn(7|3),sequence_h3k4me3,sequence_h3k4me3_rrbs,-0.0178791843354702,0.013609220273792744,False,2000,ok
all,hct116,cnn(7|3),sequence_rrbs,sequence_ctcf_rrbs,-0.04266616329550743,-0.020861588418483734,True,2000,ok
all,hct116,cnn(7|3),sequence_rrbs,sequence_dnase_rrbs,-0.027077578008174896,-0.008342896588146687,True,2000,ok
all,hct116,cnn(7|3),sequence_rrbs,sequence_h3k4me3_rrbs,-0.04007808864116669,-0.013235609047114849,True,2000,ok
all,hct116,cnn(7|3),sequence_ctcf_dnase,sequence_ctcf_dnase_h3k4me3,-0.0179752130061388,0.006583773996680975,False,2000,ok
all,hct116,cnn(7|3),sequence_ctcf_dnase,sequence_ctcf_dnase_rrbs,-0.00899171270430088,0.018481986597180367,False,2000,ok
all,hct116,cnn(7|3),sequence_ctcf_h3k4me3,sequence_ctcf_dnase_h3k4me3,-0.025165226310491562,-0.0053697749972343445,True,2000,ok
all,hct116,cnn(7|3),sequence_ctcf_h3k4me3,sequence_ctcf_h3k4me3_rrbs,-0.015557263977825642,0.005151259712874889,False,2000,ok
all,hct116,cnn(7|3),sequence_ctcf_rrbs,sequence_ctcf_dnase_rrbs,-0.004475141875445843,0.02383613958954811,False,2000,ok
all,hct116,cnn(7|3),sequence_ctcf_rrbs,sequence_ctcf_h3k4me3_rrbs,-0.0026904225815087557,0.022403988987207413,False,2000,ok
all,hct116,cnn(7|3),sequence_dnase_h3k4me3,sequence_ctcf_dnase_h3k4me3,-0.021441467106342316,0.007480731699615717,False,2000,ok
all,hct116,cnn(7|3),sequence_dnase_h3k4me3,sequence_dnase_h3k4me3_rrbs,-0.010543584823608398,0.012401889078319073,False,2000,ok
all,hct116,cnn(7|3),sequence_dnase_rrbs,sequence_ctcf_dnase_rrbs,-0.01664726808667183,0.008253559470176697,False,2000,ok
all,hct116,cnn(7|3),sequence_dnase_rrbs,sequence_dnase_h3k4me3_rrbs,-0.01822916977107525,0.006480321288108826,False,2000,ok
all,hct116,cnn(7|3),sequence_h3k4me3_rrbs,sequence_ctcf_h3k4me3_rrbs,-0.006189680192619562,0.015259179286658764,False,2000,ok
all,hct116,cnn(7|3),sequence_h3k4me3_rrbs,sequence_dnase_h3k4me3_rrbs,-0.00953826867043972,0.015043085440993309,False,2000,ok
all,hct116,cnn(7|3),sequence_ctcf_dnase_h3k4me3,all,0.0069176750257611275,0.03445775806903839,True,2000,ok
all,hct116,cnn(7|3),sequence_ctcf_dnase_rrbs,all,0.0020970539189875126,0.02033854089677334,True,2000,ok
all,hct116,cnn(7|3),sequence_ctcf_h3k4me3_rrbs,all,-0.001137195504270494,0.02285892143845558,False,2000,ok
all,hct116,cnn(7|3),sequence_dnase_h3k4me3_rrbs,all,0.001284514321014285,0.02472621388733387,True,2000,ok
all,hct116,linear,sequence,sequence_ctcf,-0.009126916527748108,0.0019521520007401705,False,2000,ok
all,hct116,linear,sequence,sequence_h3k4me3,-0.006075410638004541,0.002150618936866522,False,2000,ok
all,hct116,linear,sequence,sequence_rrbs,-0.0037633210886269808,0.0007784500485286117,False,2000,ok
all,hct116,linear,sequence_ctcf,sequence_ctcf_h3k4me3,-0.006792567670345306,0.0019325092434883118,False,2000,ok
all,hct116,linear,sequence_ctcf,sequence_ctcf_rrbs,-0.003495980752632022,0.0010283648734912276,False,2000,ok
all,hct116,linear,sequence_h3k4me3,sequence_ctcf_h3k4me3,-0.0095993522554636,0.0016289844643324614,False,2000,ok
all,hct116,linear,sequence_h3k4me3,sequence_h3k4me3_rrbs,-0.003984288778156042,0.0005012780311517417,False,2000,ok
all,hct116,linear,sequence_rrbs,sequence_ctcf_rrbs,-0.008834878914058208,0.0021790608298033476,False,2000,ok
all,hct116,linear,sequence_rrbs,sequence_h3k4me3_rrbs,-0.006362454500049353,0.0019201949471607804,False,2000,ok
all,hct116,linear,sequence_ctcf_h3k4me3,sequence_ctcf_h3k4me3_rrbs,-0.004031002521514893,0.00047355593414977193,False,2000,ok
all,hct116,linear,sequence_ctcf_rrbs,sequence_ctcf_h3k4me3_rrbs,-0.007379832677543163,0.001429244875907898,False,2000,ok
all,hct116,linear,sequence_h3k4me3_rrbs,sequence_ctcf_h3k4me3_rrbs,-0.009585201740264893,0.00162342784460634,False,2000,ok
all,hct116,mlp,sequence,sequence_ctcf,-0.02015295810997486,-0.0002586528717074543,True,2000,ok
all,hct116,mlp,sequence,sequence_dnase,-0.024420643225312233,0.0005592793459072709,False,2000,ok
all,hct116,mlp,sequence,sequence_h3k4me3,-0.029525408521294594,-0.004866574890911579,True,2000,ok
all,hct116,mlp,sequence,sequence_rrbs,-0.007188466377556324,0.00046268702135421336,False,2000,ok
all,hct116,mlp,sequence_ctcf,sequence_ctcf_dnase,-0.023236935958266258,-0.0004249632474966347,True,2000,ok
all,hct116,mlp,sequence_ctcf,sequence_ctcf_h3k4me3,-0.007983803749084473,0.009086975827813148,False,2000,ok
all,hct116,mlp,sequence_ctcf,sequence_ctcf_rrbs,-0.0009943365585058928,0.005034510977566242,False,2000,ok
all,hct116,mlp,sequence_dnase,sequence_ctcf_dnase,-0.022142166271805763,0.002890452742576599,False,2000,ok
all,hct116,mlp,sequence_dnase,sequence_dnase_h3k4me3,-0.00922954361885786,0.010990860871970654,False,2000,ok
all,hct116,mlp,sequence_dnase,sequence_dnase_rrbs,-0.0032995506189763546,0.017614465206861496,False,2000,ok
all,hct116,mlp,sequence_h3k4me3,sequence_ctcf_h3k4me3,-0.002346834633499384,0.017233630642294884,False,2000,ok
all,hct116,mlp,sequence_h3k4me3,sequence_dnase_h3k4me3,-0.003203256521373987,0.015011412091553211,False,2000,ok
all,hct116,mlp,sequence_h3k4me3,sequence_h3k4me3_rrbs,-0.007994120940566063,0.01777338795363903,False,2000,ok
all,hct116,mlp,sequence_rrbs,sequence_ctcf_rrbs,-0.01432880200445652,0.004583196248859167,False,2000,ok
all,hct116,mlp,sequence_rrbs,sequence_dnase_rrbs,-0.012262758798897266,0.008473428897559643,False,2000,ok
all,hct116,mlp,sequence_rrbs,sequence_h3k4me3_rrbs,-0.01784384995698929,-0.0003275751951150596,True,2000,ok
all,hct116,mlp,sequence_ctcf_dnase,sequence_ctcf_dnase_h3k4me3,-0.003799986792728305,0.014117708429694176,False,2000,ok
all,hct116,mlp,sequence_ctcf_dnase,sequence_ctcf_dnase_rrbs,-0.005328053142875433,0.0166475772857666,False,2000,ok
all,hct116,mlp,sequence_ctcf_h3k4me3,sequence_ctcf_dnase_h3k4me3,-0.017150208353996277,0.0024530948139727116,False,2000,ok
all,hct116,mlp,sequence_ctcf_h3k4me3,sequence_ctcf_h3k4me3_rrbs,-0.017895903438329697,0.006090729031711817,False,2000,ok
all,hct116,mlp,sequence_ctcf_rrbs,sequence_ctcf_dnase_rrbs,-0.015950286760926247,0.0005599632859230042,False,2000,ok
all,hct116,mlp,sequence_ctcf_rrbs,sequence_ctcf_h3k4me3_rrbs,-0.01596459187567234,0.0010947242844849825,False,2000,ok
all,hct116,mlp,sequence_dnase_h3k4me3,sequence_ctcf_dnase_h3k4me3,-0.01557350717484951,0.004150368273258209,False,2000,ok
all,hct116,mlp,sequence_dnase_h3k4me3,sequence_dnase_h3k4me3_rrbs,-0.016591928899288177,-0.004779441747814417,True,2000,ok
all,hct116,mlp,sequence_dnase_rrbs,sequence_ctcf_dnase_rrbs,-0.021506162360310555,-0.00010191500041401014,True,2000,ok
all,hct116,mlp,sequence_dnase_rrbs,sequence_dnase_h3k4me3_rrbs,-0.027098149061203003,-0.006278297398239374,True,2000,ok
all,hct116,mlp,sequence_h3k4me3_rrbs,sequence_ctcf_h3k4me3_rrbs,-0.009303523227572441,0.0031977309845387936,False,2000,ok
all,hct116,mlp,sequence_h3k4me3_rrbs,sequence_dnase_h3k4me3_rrbs,-0.02379276230931282,0.004477059934288263,False,2000,ok
all,hct116,mlp,sequence_ctcf_dnase_h3k4me3,all,-0.00862383097410202,0.004764650948345661,False,2000,ok
all,hct116,mlp,sequence_ctcf_dnase_rrbs,all,-0.014136550016701221,0.008361858315765858,False,2000,ok
all,hct116,mlp,sequence_ctcf_h3k4me3_rrbs,all,-0.016972791403532028,0.010526667349040508,False,2000,ok
all,hct116,mlp,sequence_dnase_h3k4me3_rrbs,all,-0.0052568912506103516,0.011880787089467049,False,2000,ok
all,hct116,transformer,sequence,sequence_ctcf,-0.017088184133172035,0.004415531642735004,False,2000,ok
all,hct116,transformer,sequence,sequence_dnase,-0.012756064534187317,0.01082935743033886,False,2000,ok
all,hct116,transformer,sequence,sequence_h3k4me3,-0.03500434756278992,-0.013841336593031883,True,2000,ok
all,hct116,transformer,sequence,sequence_rrbs,-0.013017764315009117,0.0031211599707603455,False,2000,ok
all,hct116,transformer,sequence_ctcf,sequence_ctcf_dnase,-0.017016541212797165,-0.002572169993072748,True,2000,ok
all,hct116,transformer,sequence_ctcf,sequence_ctcf_h3k4me3,-0.032843828201293945,-0.005081155803054571,True,2000,ok
all,hct116,transformer,sequence_ctcf,sequence_ctcf_rrbs,-0.015596983022987843,-0.0032155155204236507,True,2000,ok
all,hct116,transformer,sequence_dnase,sequence_ctcf_dnase,-0.027599524706602097,-0.0019329413771629333,True,2000,ok
all,hct116,transformer,sequence_dnase,sequence_dnase_h3k4me3,-0.019806476309895515,0.002640423132106662,False,2000,ok
all,hct116,transformer,sequence_dnase,sequence_dnase_rrbs,-0.02225951850414276,0.004369059111922979,False,2000,ok
all,hct116,transformer,sequence_h3k4me3,sequence_ctcf_h3k4me3,-0.018402524292469025,0.01662377640604973,False,2000,ok
all,hct116,transformer,sequence_h3k4me3,sequence_dnase_h3k4me3,0.007208020891994238,0.022481247782707214,True,2000,ok
all,hct116,transformer,sequence_h3k4me3,sequence_h3k4me3_rrbs,0.0008269042009487748,0.007553194649517536,True,2000,ok
all,hct116,transformer,sequence_rrbs,sequence_ctcf_rrbs,-0.02198784425854683,0.0007658675312995911,False,2000,ok
all,hct116,transformer,sequence_rrbs,sequence_dnase_rrbs,-0.019654415547847748,0.009136241860687733,False,2000,ok
all,hct116,transformer,sequence_rrbs,sequence_h3k4me3_rrbs,-0.021542776376008987,-0.008994613774120808,True,2000,ok
all,hct116,transformer,sequence_ctcf_dnase,sequence_ctcf_dnase_h3k4me3,-0.027529185637831688,-0.0008308455580845475,True,2000,ok
all,hct116,transformer,sequence_ctcf_dnase,sequence_ctcf_dnase_rrbs,-0.004465332720428705,0.00158872758038342,False,2000,ok
all,hct116,transformer,sequence_ctcf_h3k4me3,sequence_ctcf_dnase_h3k4me3,-0.022737715393304825,0.009703263640403748,False,2000,ok
all,hct116,transformer,sequence_ctcf_h3k4me3,sequence_ctcf_h3k4me3_rrbs,-0.007147575728595257,0.023577872663736343,False,2000,ok
all,hct116,transformer,sequence_ctcf_rrbs,sequence_ctcf_dnase_rrbs,-0.010136140510439873,0.00640705693513155,False,2000,ok
all,hct116,transformer,sequence_ctcf_rrbs,sequence_ctcf_h3k4me3_rrbs,-0.010462908074259758,0.007154223509132862,False,2000,ok
all,hct116,transformer,sequence_dnase_h3k4me3,sequence_ctcf_dnase_h3k4me3,-0.03452738747000694,-0.0067956820130348206,True,2000,ok
all,hct116,transformer,sequence_dnase_h3k4me3,sequence_dnase_h3k4me3_rrbs,-0.022227339446544647,-0.006110350601375103,True,2000,ok
all,hct116,transformer,sequence_dnase_rrbs,sequence_ctcf_dnase_rrbs,-0.02418876811861992,0.00816623866558075,False,2000,ok
all,hct116,transformer,sequence_dnase_rrbs,sequence_dnase_h3k4me3_rrbs,-0.029460817575454712,0.00120630266610533,False,2000,ok
all,hct116,transformer,sequence_h3k4me3_rrbs,sequence_ctcf_h3k4me3_rrbs,-0.003283978905528784,0.010215334594249725,False,2000,ok
all,hct116,transformer,sequence_h3k4me3_rrbs,sequence_dnase_h3k4me3_rrbs,-0.011532731354236603,0.003515246557071805,False,2000,ok
all,hct116,transformer,sequence_ctcf_dnase_h3k4me3,all,-0.008357742801308632,0.01896372251212597,False,2000,ok
all,hct116,transformer,sequence_ctcf_dnase_rrbs,all,-0.015057036653161049,-0.0004894599551334977,True,2000,ok
all,hct116,transformer,sequence_ctcf_h3k4me3_rrbs,all,-0.014560557901859283,-0.0017094686627388,True,2000,ok
all,hct116,transformer,sequence_dnase_h3k4me3_rrbs,all,-0.011056384071707726,0.008779490366578102,False,2000,ok
all,hct116,xgboost,sequence,sequence_ctcf,-0.01728147827088833,-0.004582260735332966,True,2000,ok
all,hct116,xgboost,sequence,sequence_dnase,-0.0006149440887384117,0.0012769773602485657,False,2000,ok
all,hct116,xgboost,sequence,sequence_h3k4me3,-0.005628508515655994,0.0014886886347085238,False,2000,ok
all,hct116,xgboost,sequence,sequence_rrbs,-0.01354007888585329,-0.006449514534324408,True,2000,ok
all,hct116,xgboost,sequence_ctcf,sequence_ctcf_dnase,-0.0007952690357342362,0.0040946840308606625,False,2000,ok
all,hct116,xgboost,sequence_ctcf,sequence_ctcf_h3k4me3,-0.00029260216979309916,0.006346569862216711,False,2000,ok
all,hct116,xgboost,sequence_ctcf,sequence_ctcf_rrbs,-0.009109278209507465,-0.003100754227489233,True,2000,ok
all,hct116,xgboost,sequence_dnase,sequence_ctcf_dnase,-0.01573958620429039,-0.0030543669126927853,True,2000,ok
all,hct116,xgboost,sequence_dnase,sequence_dnase_h3k4me3,-0.013877863995730877,-0.006067025475203991,True,2000,ok
all,hct116,xgboost,sequence_dnase,sequence_dnase_rrbs,-0.0027694820892065763,0.004357486963272095,False,2000,ok
all,hct116,xgboost,sequence_h3k4me3,sequence_ctcf_h3k4me3,-0.011986707337200642,0.0005929261678829789,False,2000,ok
all,hct116,xgboost,sequence_h3k4me3,sequence_dnase_h3k4me3,-0.0101747065782547,-0.004647439811378717,True,2000,ok
all,hct116,xgboost,sequence_h3k4me3,sequence_h3k4me3_rrbs,-0.010279794223606586,-0.0034065961372107267,True,2000,ok
all,hct116,xgboost,sequence_rrbs,sequence_ctcf_rrbs,-0.013132251799106598,-0.0014611721271649003,True,2000,ok
all,hct116,xgboost,sequence_rrbs,sequence_dnase_rrbs,0.007082486059516668,0.015066881664097309,True,2000,ok
all,hct116,xgboost,sequence_rrbs,sequence_h3k4me3_rrbs,-0.0015027240151539445,0.003581406082957983,False,2000,ok
all,hct116,xgboost,sequence_ctcf_dnase,sequence_ctcf_dnase_h3k4me3,-3.810077760135755e-05,0.006827204022556543,False,2000,ok
all,hct116,xgboost,sequence_ctcf_dnase,sequence_ctcf_dnase_rrbs,-0.01329725980758667,-0.005725345108658075,True,2000,ok
all,hct116,xgboost,sequence_ctcf_h3k4me3,sequence_ctcf_dnase_h3k4me3,-6.912946992088109e-05,0.003995685372501612,False,2000,ok
all,hct116,xgboost,sequence_ctcf_h3k4me3,sequence_ctcf_h3k4me3_rrbs,-0.001724347472190857,0.004244774580001831,False,2000,ok
all,hct116,xgboost,sequence_ctcf_rrbs,sequence_ctcf_dnase_rrbs,-0.002831771969795227,-0.0004370301903691143,True,2000,ok
all,hct116,xgboost,sequence_ctcf_rrbs,sequence_ctcf_h3k4me3_rrbs,0.006901340093463659,0.01383809931576252,True,2000,ok
all,hct116,xgboost,sequence_dnase_h3k4me3,sequence_ctcf_dnase_h3k4me3,-0.002991360379382968,0.009981967508792877,False,2000,ok
all,hct116,xgboost,sequence_dnase_h3k4me3,sequence_dnase_h3k4me3_rrbs,-0.0019474029541015625,0.002869828138500452,False,2000,ok
all,hct116,xgboost,sequence_dnase_rrbs,sequence_ctcf_dnase_rrbs,-0.026918012648820877,-0.012880273163318634,True,2000,ok
all,hct116,xgboost,sequence_dnase_rrbs,sequence_dnase_h3k4me3_rrbs,-0.01492441724985838,-0.005573333706706762,True,2000,ok
all,hct116,xgboost,sequence_h3k4me3_rrbs,sequence_ctcf_h3k4me3_rrbs,-0.004057812504470348,0.008271882310509682,False,2000,ok
all,hct116,xgboost,sequence_h3k4me3_rrbs,sequence_dnase_h3k4me3_rrbs,-0.0006803557043895125,0.0004060298088006675,False,2000,ok
all,hct116,xgboost,sequence_ctcf_dnase_h3k4me3,all,-0.008991612121462822,-0.0011000186204910278,True,2000,ok
all,hct116,xgboost,sequence_ctcf_dnase_rrbs,all,0.005266469903290272,0.01014022808521986,True,2000,ok
all,hct116,xgboost,sequence_ctcf_h3k4me3_rrbs,all,-0.006737412419170141,-0.0017725288635119796,True,2000,ok
all,hct116,xgboost,sequence_dnase_h3k4me3_rrbs,all,-0.007945274002850056,0.003738999366760254,False,2000,ok
all,hek293t,cnn(3|3),sequence,sequence_ctcf,-0.022599125280976295,0.02001742459833622,False,2000,ok
all,hek293t,cnn(3|3),sequence,sequence_dnase,-0.049077365547418594,-0.012966305017471313,True,2000,ok
all,hek293t,cnn(3|3),sequence,sequence_h3k4me3,-0.053035274147987366,-0.02103159762918949,True,2000,ok
all,hek293t,cnn(3|3),sequence,sequence_rrbs,-0.08224447816610336,-0.05005386844277382,True,2000,ok
all,hek293t,cnn(3|3),sequence_ctcf,sequence_ctcf_dnase,-0.041106995195150375,-0.00540142972022295,True,2000,ok
all,hek293t,cnn(3|3),sequence_ctcf,sequence_ctcf_h3k4me3,-0.07979334890842438,-0.03893706947565079,True,2000,ok
all,hek293t,cnn(3|3),sequence_ctcf,sequence_ctcf_rrbs,-0.045994825661182404,-0.012750345282256603,True,2000,ok
all,hek293t,cnn(3|3),sequence_dnase,sequence_ctcf_dnase,-0.01664767600595951,0.028115585446357727,False,2000,ok
all,hek293t,cnn(3|3),sequence_dnase,sequence_dnase_h3k4me3,0.02648511528968811,0.06583091616630554,True,2000,ok
all,hek293t,cnn(3|3),sequence_dnase,sequence_dnase_rrbs,-0.07304304838180542,-0.029610823839902878,True,2000,ok
all,hek293t,cnn(3|3),sequence_h3k4me3,sequence_ctcf_h3k4me3,-0.04186743125319481,-0.007072624750435352,True,2000,ok
all,hek293t,cnn(3|3),sequence_h3k4me3,sequence_dnase_h3k4me3,0.04060770198702812,0.06309229135513306,True,2000,ok
all,hek293t,cnn(3|3),sequence_h3k4me3,sequence_h3k4me3_rrbs,0.002168971346691251,0.02694034017622471,True,2000,ok
all,hek293t,cnn(3|3),sequence_rrbs,sequence_ctcf_rrbs,0.01499165315181017,0.05663232132792473,True,2000,ok
all,hek293t,cnn(3|3),sequence_rrbs,sequence_dnase_rrbs,-0.029429936781525612,-0.0030796111095696688,True,2000,ok
all,hek293t,cnn(3|3),sequence_rrbs,sequence_h3k4me3_rrbs,0.021423283964395523,0.06733937561511993,True,2000,ok
all,hek293t,cnn(3|3),sequence_ctcf_dnase,sequence_ctcf_dnase_h3k4me3,0.019595596939325333,0.04560308903455734,True,2000,ok
all,hek293t,cnn(3|3),sequence_ctcf_dnase,sequence_ctcf_dnase_rrbs,-0.04249347001314163,-0.005110517144203186,True,2000,ok
all,hek293t,cnn(3|3),sequence_ctcf_h3k4me3,sequence_ctcf_dnase_h3k4me3,0.04854925721883774,0.08858872205018997,True,2000,ok
all,hek293t,cnn(3|3),sequence_ctcf_h3k4me3,sequence_ctcf_h3k4me3_rrbs,0.03771602734923363,0.07450387626886368,True,2000,ok
all,hek293t,cnn(3|3),sequence_ctcf_rrbs,sequence_ctcf_dnase_rrbs,-0.03487148880958557,-0.0007335126283578575,True,2000,ok
all,hek293t,cnn(3|3),sequence_ctcf_rrbs,sequence_ctcf_h3k4me3_rrbs,0.014525803737342358,0.03814777731895447,True,2000,ok
all,hek293t,cnn(3|3),sequence_dnase_h3k4me3,sequence_ctcf_dnase_h3k4me3,-0.027748774737119675,0.014707637019455433,False,2000,ok
all,hek293t,cnn(3|3),sequence_dnase_h3k4me3,sequence_dnase_h3k4me3_rrbs,-0.12010122090578079,-0.08162184804677963,True,2000,ok
all,hek293t,cnn(3|3),sequence_dnase_rrbs,sequence_ctcf_dnase_rrbs,0.012012055143713951,0.05524633079767227,True,2000,ok
all,hek293t,cnn(3|3),sequence_dnase_rrbs,sequence_dnase_h3k4me3_rrbs,-0.02100437320768833,0.01482256967574358,False,2000,ok
all,hek293t,cnn(3|3),sequence_h3k4me3_rrbs,sequence_ctcf_h3k4me3_rrbs,-0.004048597998917103,0.039602212607860565,False,2000,ok
all,hek293t,cnn(3|3),sequence_h3k4me3_rrbs,sequence_dnase_h3k4me3_rrbs,-0.0805559903383255,-0.046669017523527145,True,2000,ok
all,hek293t,cnn(3|3),sequence_ctcf_dnase_h3k4me3,all,-0.003451615571975708,0.02921428717672825,False,2000,ok
all,hek293t,cnn(3|3),sequence_ctcf_dnase_rrbs,all,0.04667779803276062,0.09042032808065414,True,2000,ok
all,hek293t,cnn(3|3),sequence_ctcf_h3k4me3_rrbs,all,0.00893602054566145,0.040698979049921036,True,2000,ok
all,hek293t,cnn(3|3),sequence_dnase_h3k4me3_rrbs,all,0.08432868123054504,0.12891511619091034,True,2000,ok
all,hek293t,cnn(5|3),sequence,sequence_ctcf,0.007576433010399342,0.05516387149691582,True,2000,ok
all,hek293t,cnn(5|3),sequence,sequence_dnase,-0.033135246485471725,0.0028251023031771183,False,2000,ok
all,hek293t,cnn(5|3),sequence,sequence_h3k4me3,-0.016868051141500473,0.01584061048924923,False,2000,ok
all,hek293t,cnn(5|3),sequence,sequence_rrbs,-0.06261256337165833,-0.014864325523376465,True,2000,ok
all,hek293t,cnn(5|3),sequence_ctcf,sequence_ctcf_dnase,-0.007926791906356812,0.036407046020030975,False,2000,ok
all,hek293t,cnn(5|3),sequence_ctcf,sequence_ctcf_h3k4me3,-0.0027522891759872437,0.03301040083169937,False,2000,ok
all,hek293t,cnn(5|3),sequence_ctcf,sequence_ctcf_rrbs,-0.08331862092018127,-0.04074537754058838,True,2000,ok
all,hek293t,cnn(5|3),sequence_dnase,sequence_ctcf_dnase,0.03677558898925781,0.08386241644620895,True,2000,ok
all,hek293t,cnn(5|3),sequence_dnase,sequence_dnase_h3k4me3,0.014430570416152477,0.061757538467645645,True,2000,ok
all,hek293t,cnn(5|3),sequence_dnase,sequence_dnase_rrbs,0.03636118769645691,0.07402654737234116,True,2000,ok
all,hek293t,cnn(5|3),sequence_h3k4me3,sequence_ctcf_h3k4me3,0.02729438804090023,0.06617520749568939,True,2000,ok
all,hek293t,cnn(5|3),sequence_h3k4me3,sequence_dnase_h3k4me3,-0.0007734596729278564,0.04825745150446892,False,2000,ok
all,hek293t,cnn(5|3),sequence_h3k4me3,sequence_h3k4me3_rrbs,-0.03610484302043915,0.013489549979567528,False,2000,ok
all,hek293t,cnn(5|3),sequence_rrbs,sequence_ctcf_rrbs,-0.022719252854585648,0.03811456635594368,False,2000,ok
all,hek293t,cnn(5|3),sequence_rrbs,sequence_dnase_rrbs,0.0618136040866375,0.09789425879716873,True,2000,ok
all,hek293t,cnn(5|3),sequence_rrbs,sequence_h3k4me3_rrbs,-0.004653218202292919,0.06034870073199272,False,2000,ok
all,hek293t,cnn(5|3),sequence_ctcf_dnase,sequence_ctcf_dnase_h3k4me3,-0.12305103987455368,-0.07021375000476837,True,2000,ok
all,hek293t,cnn(5|3),sequence_ctcf_dnase,sequence_ctcf_dnase_rrbs,-0.20549054443836212,-0.14655715227127075,True,2000,ok
all,hek293t,cnn(5|3),sequence_ctcf_h3k4me3,sequence_ctcf_dnase_h3k4me3,-0.12253934890031815,-0.07280252128839493,True,2000,ok
all,hek293t,cnn(5|3),sequence_ctcf_h3k4me3,sequence_ctcf_h3k4me3_rrbs,-0.10318170487880707,-0.05396461486816406,True,2000,ok
all,hek293t,cnn(5|3),sequence_ctcf_rrbs,sequence_ctcf_dnase_rrbs,-0.12459441274404526,-0.073344387114048,True,2000,ok
all,hek293t,cnn(5|3),sequence_ctcf_rrbs,sequence_ctcf_h3k4me3_rrbs,-0.022246673703193665,0.021786857396364212,False,2000,ok
all,hek293t,cnn(5|3),sequence_dnase_h3k4me3,sequence_ctcf_dnase_h3k4me3,-0.10089069604873657,-0.047229547053575516,True,2000,ok
all,hek293t,cnn(5|3),sequence_dnase_h3k4me3,sequence_dnase_h3k4me3_rrbs,-0.1323128044605255,-0.07862907648086548,True,2000,ok
all,hek293t,cnn(5|3),sequence_dnase_rrbs,sequence_ctcf_dnase_rrbs,-0.20802438259124756,-0.13347934186458588,True,2000,ok
all,hek293t,cnn(5|3),sequence_dnase_rrbs,sequence_dnase_h3k4me3_rrbs,-0.15526938438415527,-0.09091043472290039,True,2000,ok
all,hek293t,cnn(5|3),sequence_h3k4me3_rrbs,sequence_ctcf_h3k4me3_rrbs,-0.046682000160217285,0.006770387291908264,False,2000,ok
all,hek293t,cnn(5|3),sequence_h3k4me3_rrbs,sequence_dnase_h3k4me3_rrbs,-0.09663273394107819,-0.04381238669157028,True,2000,ok
all,hek293t,cnn(5|3),sequence_ctcf_dnase_h3k4me3,all,-0.03882678225636482,0.013976076617836952,False,2000,ok
all,hek293t,cnn(5|3),sequence_ctcf_dnase_rrbs,all,0.03893384337425232,0.09556802362203598,True,2000,ok
all,hek293t,cnn(5|3),sequence_ctcf_h3k4me3_rrbs,all,-0.057565294206142426,-0.0047240168787539005,True,2000,ok
all,hek293t,cnn(5|3),sequence_dnase_h3k4me3_rrbs,all,-0.012430665083229542,0.0508747324347496,False,2000,ok
all,hek293t,cnn(7|3),sequence,sequence_ctcf,0.038094423711299896,0.0930631086230278,True,2000,ok
all,hek293t,cnn(7|3),sequence,sequence_dnase,0.08810457587242126,0.14318570494651794,True,2000,ok
all,hek293t,cnn(7|3),sequence,sequence_h3k4me3,-0.052231959998607635,-0.001097559928894043,True,2000,ok
all,hek293t,cnn(7|3),sequence,sequence_rrbs,-0.08029773086309433,-0.023075828328728676,True,2000,ok
all,hek293t,cnn(7|3),sequence_ctcf,sequence_ctcf_dnase,0.054541245102882385,0.11860715597867966,True,2000,ok
all,hek293t,cnn(7|3),sequence_ctcf,sequence_ctcf_h3k4me3,-0.08465607464313507,-0.022791022434830666,True,2000,ok
all,hek293t,cnn(7|3),sequence_ctcf,sequence_ctcf_rrbs,-0.07559043914079666,-0.021440774202346802,True,2000,ok
all,hek293t,cnn(7|3),sequence_dnase,sequence_ctcf_dnase,0.012208265252411366,0.06013590469956398,True,2000,ok
all,hek293t,cnn(7|3),sequence_dnase,sequence_dnase_h3k4me3,-0.14356200397014618,-0.09788714349269867,True,2000,ok
all,hek293t,cnn(7|3),sequence_dnase,sequence_dnase_rrbs,0.002497455570846796,0.04113572835922241,True,2000,ok
all,hek293t,cnn(7|3),sequence_h3k4me3,sequence_ctcf_h3k4me3,0.003857725765556097,0.0703534483909607,True,2000,ok
all,hek293t,cnn(7|3),sequence_h3k4me3,sequence_dnase_h3k4me3,-0.009108749218285084,0.05118078738451004,False,2000,ok
all,hek293t,cnn(7|3),sequence_h3k4me3,sequence_h3k4me3_rrbs,-0.001384645700454712,0.06334294378757477,False,2000,ok
all,hek293t,cnn(7|3),sequence_rrbs,sequence_ctcf_rrbs,0.03655535355210304,0.09790539741516113,True,2000,ok
all,hek293t,cnn(7|3),sequence_rrbs,sequence_dnase_rrbs,0.1555556207895279,0.22005848586559296,True,2000,ok
all,hek293t,cnn(7|3),sequence_rrbs,sequence_h3k4me3_rrbs,0.02322479523718357,0.08697301894426346,True,2000,ok
all,hek293t,cnn(7|3),sequence_ctcf_dnase,sequence_ctcf_dnase_h3k4me3,-0.09994564205408096,-0.03400925546884537,True,2000,ok
all,hek293t,cnn(7|3),sequence_ctcf_dnase,sequence_ctcf_dnase_rrbs,-0.2478526532649994,-0.17542342841625214,True,2000,ok
all,hek293t,cnn(7|3),sequence_ctcf_h3k4me3,sequence_ctcf_dnase_h3k4me3,0.04518360644578934,0.10282783210277557,True,2000,ok
all,hek293t,cnn(7|3),sequence_ctcf_h3k4me3,sequence_ctcf_h3k4me3_rrbs,0.039218902587890625,0.09328556805849075,True,2000,ok
all,hek293t,cnn(7|3),sequence_ctcf_rrbs,sequence_ctcf_dnase_rrbs,-0.10377877950668335,-0.04898057132959366,True,2000,ok
all,hek293t,cnn(7|3),sequence_ctcf_rrbs,sequence_ctcf_h3k4me3_rrbs,0.031672921031713486,0.08831210434436798,True,2000,ok
all,hek293t,cnn(7|3),sequence_dnase_h3k4me3,sequence_ctcf_dnase_h3k4me3,0.06167008355259895,0.11907464265823364,True,2000,ok
all,hek293t,cnn(7|3),sequence_dnase_h3k4me3,sequence_dnase_h3k4me3_rrbs,0.03726855665445328,0.09751345217227936,True,2000,ok
all,hek293t,cnn(7|3),sequence_dnase_rrbs,sequence_ctcf_dnase_rrbs,-0.22823533415794373,-0.16544398665428162,True,2000,ok
all,hek293t,cnn(7|3),sequence_dnase_rrbs,sequence_dnase_h3k4me3_rrbs,-0.09958681464195251,-0.05066390335559845,True,2000,ok
all,hek293t,cnn(7|3),sequence_h3k4me3_rrbs,sequence_ctcf_h3k4me3_rrbs,0.04398616403341293,0.10326745361089706,True,2000,ok
all,hek293t,cnn(7|3),sequence_h3k4me3_rrbs,sequence_dnase_h3k4me3_rrbs,0.035205356776714325,0.0812230110168457,True,2000,ok
all,hek293t,cnn(7|3),sequence_ctcf_dnase_h3k4me3,all,-0.027038082480430603,0.04216323047876358,False,2000,ok
all,hek293t,cnn(7|3),sequence_ctcf_dnase_rrbs,all,0.11389584839344025,0.19115054607391357,True,2000,ok
all,hek293t,cnn(7|3),sequence_ctcf_h3k4me3_rrbs,all,-0.020646099001169205,0.0509621724486351,False,2000,ok
all,hek293t,cnn(7|3),sequence_dnase_h3k4me3_rrbs,all,-0.0009197175386361778,0.06253604590892792,False,2000,ok
all,hek293t,linear,sequence,sequence_ctcf,0.005922287702560425,0.023751478642225266,True,2000,ok
all,hek293t,linear,sequence,sequence_dnase,0.0006875097751617432,0.0017876267665997148,True,2000,ok
all,hek293t,linear,sequence,sequence_h3k4me3,-0.01903628744184971,0.003096556756645441,False,2000,ok
all,hek293t,linear,sequence,sequence_rrbs,-0.006385457701981068,0.0029830127023160458,False,2000,ok
all,hek293t,linear,sequence_ctcf,sequence_ctcf_dnase,-0.0009163737413473427,0.0005265474319458008,False,2000,ok
all,hek293t,linear,sequence_ctcf,sequence_ctcf_h3k4me3,-0.020537177100777626,0.0010326117044314742,False,2000,ok
all,hek293t,linear,sequence_ctcf,sequence_ctcf_rrbs,-0.006447732448577881,0.002790275262668729,False,2000,ok
all,hek293t,linear,sequence_dnase,sequence_ctcf_dnase,0.0045019714161753654,0.02233174443244934,True,2000,ok
all,hek293t,linear,sequence_dnase,sequence_dnase_h3k4me3,-0.01850329339504242,0.0031791359651833773,False,2000,ok
all,hek293t,linear,sequence_dnase,sequence_dnase_rrbs,-0.006686037871986628,0.002708026673644781,False,2000,ok
all,hek293t,linear,sequence_h3k4me3,sequence_ctcf_h3k4me3,0.004025667905807495,0.02223229967057705,True,2000,ok
all,hek293t,linear,sequence_h3k4me3,sequence_dnase_h3k4me3,0.0005904078716412187,0.00249041011556983,True,2000,ok
all,hek293t,linear,sequence_h3k4me3,sequence_h3k4me3_rrbs,-0.00684647262096405,0.0025683909188956022,False,2000,ok
all,hek293t,linear,sequence_rrbs,sequence_ctcf_rrbs,0.005756977014243603,0.02371283993124962,True,2000,ok
all,hek293t,linear,sequence_rrbs,sequence_dnase_rrbs,0.00044331251410767436,0.0015216827159747481,True,2000,ok
all,hek293t,linear,sequence_rrbs,sequence_h3k4me3_rrbs,-0.019327212125062943,0.002491343067958951,False,2000,ok
all,hek293t,linear,sequence_ctcf_dnase,sequence_ctcf_dnase_h3k4me3,-0.019976913928985596,0.001134896301664412,False,2000,ok
all,hek293t,linear,sequence_ctcf_dnase,sequence_ctcf_dnase_rrbs,-0.006497824098914862,0.0027746378909796476,False,2000,ok
all,hek293t,linear,sequence_ctcf_h3k4me3,sequence_ctcf_dnase_h3k4me3,-0.000854554760735482,0.0012344748247414827,False,2000,ok
all,hek293t,linear,sequence_ctcf_h3k4me3,sequence_ctcf_h3k4me3_rrbs,-0.006720101926475763,0.0025431751273572445,False,2000,ok
all,hek293t,linear,sequence_ctcf_rrbs,sequence_ctcf_dnase_rrbs,-0.0009482800960540771,0.0004916727775707841,False,2000,ok
all,hek293t,linear,sequence_ctcf_rrbs,sequence_ctcf_h3k4me3_rrbs,-0.02065478265285492,0.0007552743190899491,False,2000,ok
all,hek293t,linear,sequence_dnase_h3k4me3,sequence_ctcf_dnase_h3k4me3,0.0026373625732958317,0.020990248769521713,True,2000,ok
all,hek293t,linear,sequence_dnase_h3k4me3,sequence_dnase_h3k4me3_rrbs,-0.006839534733444452,0.0025820762384682894,False,2000,ok
all,hek293t,linear,sequence_dnase_rrbs,sequence_ctcf_dnase_rrbs,0.004615616984665394,0.022565975785255432,True,2000,ok
all,hek293t,linear,sequence_dnase_rrbs,sequence_dnase_h3k4me3_rrbs,-0.018574710935354233,0.00283415918238461,False,2000,ok
all,hek293t,linear,sequence_h3k4me3_rrbs,sequence_ctcf_h3k4me3_rrbs,0.004159787204116583,0.022380013018846512,True,2000,ok
all,hek293t,linear,sequence_h3k4me3_rrbs,sequence_dnase_h3k4me3_rrbs,0.0005806803819723427,0.0024726062547415495,True,2000,ok
all,hek293t,linear,sequence_ctcf_dnase_h3k4me3,all,-0.006715044379234314,0.0026283562183380127,False,2000,ok
all,hek293t,linear,sequence_ctcf_dnase_rrbs,all,-0.020069535821676254,0.0007988691213540733,False,2000,ok
all,hek293t,linear,sequence_ctcf_h3k4me3_rrbs,all,-0.0008481055265292525,0.0012224763631820679,False,2000,ok
all,hek293t,linear,sequence_dnase_h3k4me3_rrbs,all,0.002745115663856268,0.021082554012537003,True,2000,ok
all,hek293t,mlp,sequence,sequence_ctcf,-0.06717845797538757,-0.006642693188041449,True,2000,ok
all,hek293t,mlp,sequence,sequence_dnase,-0.020534465089440346,0.02277052029967308,False,2000,ok
all,hek293t,mlp,sequence,sequence_h3k4me3,0.02351568639278412,0.07027982175350189,True,2000,ok
all,hek293t,mlp,sequence,sequence_rrbs,-0.004739117808640003,0.004669612739235163,False,2000,ok
all,hek293t,mlp,sequence_ctcf,sequence_ctcf_dnase,0.10769406706094742,0.15518982708454132,True,2000,ok
all,hek293t,mlp,sequence_ctcf,sequence_ctcf_h3k4me3,-0.04613564908504486,0.016353612765669823,False,2000,ok
all,hek293t,mlp,sequence_ctcf,sequence_ctcf_rrbs,0.04483465105295181,0.09748665243387222,True,2000,ok
all,hek293t,mlp,sequence_dnase,sequence_ctcf_dnase,0.07136083394289017,0.11766722798347473,True,2000,ok
all,hek293t,mlp,sequence_dnase,sequence_dnase_h3k4me3,-0.007367813494056463,0.03646261245012283,False,2000,ok
all,hek293t,mlp,sequence_dnase,sequence_dnase_rrbs,0.01937173679471016,0.04909505695104599,True,2000,ok
all,hek293t,mlp,sequence_h3k4me3,sequence_ctcf_h3k4me3,-0.12450661510229111,-0.0701870545744896,True,2000,ok
all,hek293t,mlp,sequence_h3k4me3,sequence_dnase_h3k4me3,-0.050261322408914566,-0.012371629476547241,True,2000,ok
all,hek293t,mlp,sequence_h3k4me3,sequence_h3k4me3_rrbs,-0.06145738437771797,-0.030019095167517662,True,2000,ok
all,hek293t,mlp,sequence_rrbs,sequence_ctcf_rrbs,0.009634259156882763,0.06086575612425804,True,2000,ok
all,hek293t,mlp,sequence_rrbs,sequence_dnase_rrbs,0.01230195164680481,0.058058254420757294,True,2000,ok
all,hek293t,mlp,sequence_rrbs,sequence_h3k4me3_rrbs,-0.022728726267814636,0.027986302971839905,False,2000,ok
all,hek293t,mlp,sequence_ctcf_dnase,sequence_ctcf_dnase_h3k4me3,-0.05183011665940285,-0.016423797234892845,True,2000,ok
all,hek293t,mlp,sequence_ctcf_dnase,sequence_ctcf_dnase_rrbs,-0.0811120793223381,-0.03926545009016991,True,2000,ok
all,hek293t,mlp,sequence_ctcf_h3k4me3,sequence_ctcf_dnase_h3k4me3,0.08666763454675674,0.13924087584018707,True,2000,ok
all,hek293t,mlp,sequence_ctcf_h3k4me3,sequence_ctcf_h3k4me3_rrbs,0.0799991711974144,0.13250893354415894,True,2000,ok
all,hek293t,mlp,sequence_ctcf_rrbs,sequence_ctcf_dnase_rrbs,-0.0230881180614233,0.02278256043791771,False,2000,ok
all,hek293t,mlp,sequence_ctcf_rrbs,sequence_ctcf_h3k4me3_rrbs,-0.005398780107498169,0.04494612663984299,False,2000,ok
all,hek293t,mlp,sequence_dnase_h3k4me3,sequence_ctcf_dnase_h3k4me3,0.024493223056197166,0.06713557243347168,True,2000,ok
all,hek293t,mlp,sequence_dnase_h3k4me3,sequence_dnase_h3k4me3_rrbs,-0.0689585730433464,-0.03112032450735569,True,2000,ok
all,hek293t,mlp,sequence_dnase_rrbs,sequence_ctcf_dnase_rrbs,-0.025652874261140823,0.023778852075338364,False,2000,ok
all,hek293t,mlp,sequence_dnase_rrbs,sequence_dnase_h3k4me3_rrbs,-0.09547604620456696,-0.04391144961118698,True,2000,ok
all,hek293t,mlp,sequence_h3k4me3_rrbs,sequence_ctcf_h3k4me3_rrbs,0.02849571965634823,0.07763819396495819,True,2000,ok
all,hek293t,mlp,sequence_h3k4me3_rrbs,sequence_dnase_h3k4me3_rrbs,-0.06303978711366653,-0.011048942804336548,True,2000,ok
all,hek293t,mlp,sequence_ctcf_dnase_h3k4me3,all,-0.020302077755331993,0.011700809001922607,False,2000,ok
all,hek293t,mlp,sequence_ctcf_dnase_rrbs,all,0.0025325387250632048,0.04053196310997009,True,2000,ok
all,hek293t,mlp,sequence_ctcf_h3k4me3_rrbs,all,-0.017781788483262062,0.02173621580004692,False,2000,ok
all,hek293t,mlp,sequence_dnase_h3k4me3_rrbs,all,0.07019175589084625,0.11361668258905411,True,2000,ok
all,hek293t,transformer,sequence,sequence_ctcf,0.030671989545226097,0.09410937130451202,True,2000,ok
all,hek293t,transformer,sequence,sequence_dnase,-0.0682343915104866,-0.0008790314313955605,True,2000,ok
all,hek293t,transformer,sequence,sequence_h3k4me3,-0.01881149411201477,0.04241738095879555,False,2000,ok
all,hek293t,transformer,sequence,sequence_rrbs,0.0372595451772213,0.08344154059886932,True,2000,ok
all,hek293t,transformer,sequence_ctcf,sequence_ctcf_dnase,-0.08527976274490356,-0.031841907650232315,True,2000,ok
all,hek293t,transformer,sequence_ctcf,sequence_ctcf_h3k4me3,0.014511441811919212,0.06572287529706955,True,2000,ok
all,hek293t,transformer,sequence_ctcf,sequence_ctcf_rrbs,-0.16174200177192688,-0.11319001019001007,True,2000,ok
all,hek293t,transformer,sequence_dnase,sequence_ctcf_dnase,0.009198608808219433,0.0678417906165123,True,2000,ok
all,hek293t,transformer,sequence_dnase,sequence_dnase_h3k4me3,-0.007584092207252979,0.05423634499311447,False,2000,ok
all,hek293t,transformer,sequence_dnase,sequence_dnase_rrbs,0.027051502838730812,0.07861088216304779,True,2000,ok
all,hek293t,transformer,sequence_h3k4me3,sequence_ctcf_h3k4me3,0.06072751805186272,0.11930742114782333,True,2000,ok
all,hek293t,transformer,sequence_h3k4me3,sequence_dnase_h3k4me3,-0.04853732883930206,0.0025263726711273193,False,2000,ok
all,hek293t,transformer,sequence_h3k4me3,sequence_h3k4me3_rrbs,-0.07441933453083038,-0.02396579086780548,True,2000,ok
all,hek293t,transformer,sequence_rrbs,sequence_ctcf_rrbs,-0.16467173397541046,-0.10534323006868362,True,2000,ok
all,hek293t,transformer,sequence_rrbs,sequence_dnase_rrbs,-0.07168444991111755,-0.012496218085289001,True,2000,ok
all,hek293t,transformer,sequence_rrbs,sequence_h3k4me3_rrbs,-0.12842068076133728,-0.06747708469629288,True,2000,ok
all,hek293t,transformer,sequence_ctcf_dnase,sequence_ctcf_dnase_h3k4me3,0.023304183036088943,0.0862790122628212,True,2000,ok
all,hek293t,transformer,sequence_ctcf_dnase,sequence_ctcf_dnase_rrbs,-0.09121348708868027,-0.04432551935315132,True,2000,ok
all,hek293t,transformer,sequence_ctcf_h3k4me3,sequence_ctcf_dnase_h3k4me3,-0.07014744728803635,-0.01845984160900116,True,2000,ok
all,hek293t,transformer,sequence_ctcf_h3k4me3,sequence_ctcf_h3k4me3_rrbs,-0.1123356819152832,-0.0687716007232666,True,2000,ok
all,hek293t,transformer,sequence_ctcf_rrbs,sequence_ctcf_dnase_rrbs,-0.019472504034638405,0.040735967457294464,False,2000,ok
all,hek293t,transformer,sequence_ctcf_rrbs,sequence_ctcf_h3k4me3_rrbs,0.05788925290107727,0.11530964076519012,True,2000,ok
all,hek293t,transformer,sequence_dnase_h3k4me3,sequence_ctcf_dnase_h3k4me3,0.036098793148994446,0.10188716650009155,True,2000,ok
all,hek293t,transformer,sequence_dnase_h3k4me3,sequence_dnase_h3k4me3_rrbs,-0.05559179186820984,-0.007962790317833424,True,2000,ok
all,hek293t,transformer,sequence_dnase_rrbs,sequence_ctcf_dnase_rrbs,-0.11562737822532654,-0.052107032388448715,True,2000,ok
all,hek293t,transformer,sequence_dnase_rrbs,sequence_dnase_h3k4me3_rrbs,-0.09142647683620453,-0.031187647953629494,True,2000,ok
all,hek293t,transformer,sequence_h3k4me3_rrbs,sequence_ctcf_h3k4me3_rrbs,0.018780848011374474,0.07902904599905014,True,2000,ok
all,hek293t,transformer,sequence_h3k4me3_rrbs,sequence_dnase_h3k4me3_rrbs,-0.02687685564160347,0.0166502445936203,False,2000,ok
all,hek293t,transformer,sequence_ctcf_dnase_h3k4me3,all,0.009568077512085438,0.061510905623435974,True,2000,ok
all,hek293t,transformer,sequence_ctcf_dnase_rrbs,all,0.12379448115825653,0.19101838767528534,True,2000,ok
all,hek293t,transformer,sequence_ctcf_h3k4me3_rrbs,all,0.05499034747481346,0.10732214897871017,True,2000,ok
all,hek293t,transformer,sequence_dnase_h3k4me3_rrbs,all,0.1023922711610794,0.1689555048942566,True,2000,ok
all,hek293t,xgboost,sequence,sequence_ctcf,0.06967617571353912,0.10157322883605957,True,2000,ok
all,hek293t,xgboost,sequence,sequence_dnase,0.0008193940157070756,0.017948150634765625,True,2000,ok
all,hek293t,xgboost,sequence,sequence_h3k4me3,-0.019022036343812943,0.0022140531800687313,False,2000,ok
all,hek293t,xgboost,sequence,sequence_rrbs,0.0094591174274683,0.03303339332342148,True,2000,ok
all,hek293t,xgboost,sequence_ctcf,sequence_ctcf_dnase,-0.06876236200332642,-0.04585622623562813,True,2000,ok
all,hek293t,xgboost,sequence_ctcf,sequence_ctcf_h3k4me3,-0.08286410570144653,-0.057622529566287994,True,2000,ok
all,hek293t,xgboost,sequence_ctcf,sequence_ctcf_rrbs,-0.06574106216430664,-0.04158591851592064,True,2000,ok
all,hek293t,xgboost,sequence_dnase,sequence_ctcf_dnase,0.004797837231308222,0.03248227760195732,True,2000,ok
all,hek293t,xgboost,sequence_dnase,sequence_dnase_h3k4me3,-0.027638142928481102,-0.007035660557448864,True,2000,ok
all,hek293t,xgboost,sequence_dnase,sequence_dnase_rrbs,0.0037257163785398006,0.025741299614310265,True,2000,ok
all,hek293t,xgboost,sequence_h3k4me3,sequence_ctcf_h3k4me3,0.010267257690429688,0.03746212646365166,True,2000,ok
all,hek293t,xgboost,sequence_h3k4me3,sequence_dnase_h3k4me3,-0.009273314848542213,0.009599477052688599,False,2000,ok
all,hek293t,xgboost,sequence_h3k4me3,sequence_h3k4me3_rrbs,0.013195696286857128,0.035665515810251236,True,2000,ok
all,hek293t,xgboost,sequence_rrbs,sequence_ctcf_rrbs,-0.00268038222566247,0.023427700623869896,False,2000,ok
all,hek293t,xgboost,sequence_rrbs,sequence_dnase_rrbs,-0.00582450907677412,0.010018924251198769,False,2000,ok
all,hek293t,xgboost,sequence_rrbs,sequence_h3k4me3_rrbs,-0.016061997041106224,0.005304259248077869,False,2000,ok
all,hek293t,xgboost,sequence_ctcf_dnase,sequence_ctcf_dnase_h3k4me3,-0.022128049284219742,-0.0011851579183712602,True,2000,ok
all,hek293t,xgboost,sequence_ctcf_dnase,sequence_ctcf_dnase_rrbs,-0.008574229665100574,0.012882095761597157,False,2000,ok
all,hek293t,xgboost,sequence_ctcf_h3k4me3,sequence_ctcf_dnase_h3k4me3,-0.009275582619011402,0.011081919074058533,False,2000,ok
all,hek293t,xgboost,sequence_ctcf_h3k4me3,sequence_ctcf_h3k4me3_rrbs,0.07785339653491974,0.10607989132404327,True,2000,ok
all,hek293t,xgboost,sequence_ctcf_rrbs,sequence_ctcf_dnase_rrbs,-0.010232647880911827,0.007890990003943443,False,2000,ok
all,hek293t,xgboost,sequence_ctcf_rrbs,sequence_ctcf_h3k4me3_rrbs,0.06389299780130386,0.08796795457601547,True,2000,ok
all,hek293t,xgboost,sequence_dnase_h3k4me3,sequence_ctcf_dnase_h3k4me3,0.0110177518799901,0.0383467823266983,True,2000,ok
all,hek293t,xgboost,sequence_dnase_h3k4me3,sequence_dnase_h3k4me3_rrbs,0.09090453386306763,0.12199461460113525,True,2000,ok
all,hek293t,xgboost,sequence_dnase_rrbs,sequence_ctcf_dnase_rrbs,-0.006217879243195057,0.020153596997261047,False,2000,ok
all,hek293t,xgboost,sequence_dnase_rrbs,sequence_dnase_h3k4me3_rrbs,0.0616215243935585,0.08759291470050812,True,2000,ok
all,hek293t,xgboost,sequence_h3k4me3_rrbs,sequence_ctcf_h3k4me3_rrbs,0.0768834799528122,0.1066688671708107,True,2000,ok
all,hek293t,xgboost,sequence_h3k4me3_rrbs,sequence_dnase_h3k4me3_rrbs,0.07034554332494736,0.09497754275798798,True,2000,ok
all,hek293t,xgboost,sequence_ctcf_dnase_h3k4me3,all,0.07115266472101212,0.09849902242422104,True,2000,ok
all,hek293t,xgboost,sequence_ctcf_dnase_rrbs,all,0.05916426703333855,0.08225445449352264,True,2000,ok
all,hek293t,xgboost,sequence_ctcf_h3k4me3_rrbs,all,-0.012027451768517494,-0.0015147418016567826,True,2000,ok
all,hek293t,xgboost,sequence_dnase_h3k4me3_rrbs,all,-0.00702530425041914,0.012629690580070019,False,2000,ok
all,hela,cnn(3|3),sequence,sequence_ctcf,-0.0066068051382899284,0.002246332122012973,False,2000,ok
all,hela,cnn(3|3),sequence,sequence_dnase,0.001767346286214888,0.008883175440132618,True,2000,ok
all,hela,cnn(3|3),sequence,sequence_h3k4me3,0.005401632282882929,0.012431904673576355,True,2000,ok
all,hela,cnn(3|3),sequence,sequence_rrbs,0.0017003833781927824,0.00923839770257473,True,2000,ok
all,hela,cnn(3|3),sequence_ctcf,sequence_ctcf_dnase,-0.012355011887848377,-0.00659535825252533,True,2000,ok
all,hela,cnn(3|3),sequence_ctcf,sequence_ctcf_h3k4me3,-0.007791620679199696,-0.00011727213859558105,True,2000,ok
all,hela,cnn(3|3),sequence_ctcf,sequence_ctcf_rrbs,0.0031803161837160587,0.007784232497215271,True,2000,ok
all,hela,cnn(3|3),sequence_dnase,sequence_ctcf_dnase,-0.019964054226875305,-0.013861900195479393,True,2000,ok
all,hela,cnn(3|3),sequence_dnase,sequence_dnase_h3k4me3,-0.006248265504837036,-0.0011654853587970138,True,2000,ok
all,hela,cnn(3|3),sequence_dnase,sequence_dnase_rrbs,-0.0012430667411535978,0.0033073811791837215,False,2000,ok
all,hela,cnn(3|3),sequence_h3k4me3,sequence_ctcf_h3k4me3,-0.017998630180954933,-0.011868173256516457,True,2000,ok
all,hela,cnn(3|3),sequence_h3k4me3,sequence_dnase_h3k4me3,-0.00985247828066349,-0.0048637897707521915,True,2000,ok
all,hela,cnn(3|3),sequence_h3k4me3,sequence_h3k4me3_rrbs,-0.010674208402633667,-0.005795163102447987,True,2000,ok
all,hela,cnn(3|3),sequence_rrbs,sequence_ctcf_rrbs,-0.004784720949828625,0.00039927661418914795,False,2000,ok
all,hela,cnn(3|3),sequence_rrbs,sequence_dnase_rrbs,-0.0018454075325280428,0.003501006867736578,False,2000,ok
all,hela,cnn(3|3),sequence_rrbs,sequence_h3k4me3_rrbs,-0.008008775301277637,-0.0019006847869604826,True,2000,ok
all,hela,cnn(3|3),sequence_ctcf_dnase,sequence_ctcf_dnase_h3k4me3,-0.0052878172136843204,0.0017783909570425749,False,2000,ok
all,hela,cnn(3|3),sequence_ctcf_dnase,sequence_ctcf_dnase_rrbs,-0.0017166405450552702,0.005221781320869923,False,2000,ok
all,hela,cnn(3|3),sequence_ctcf_h3k4me3,sequence_ctcf_dnase_h3k4me3,-0.011302163824439049,-0.0033916174434125423,True,2000,ok
all,hela,cnn(3|3),sequence_ctcf_h3k4me3,sequence_ctcf_h3k4me3_rrbs,-0.004019409418106079,0.002319633960723877,False,2000,ok
all,hela,cnn(3|3),sequence_ctcf_rrbs,sequence_ctcf_dnase_rrbs,-0.016839656978845596,-0.009525129571557045,True,2000,ok
all,hela,cnn(3|3),sequence_ctcf_rrbs,sequence_ctcf_h3k4me3_rrbs,-0.013358384370803833,-0.007101774215698242,True,2000,ok
all,hela,cnn(3|3),sequence_dnase_h3k4me3,sequence_ctcf_dnase_h3k4me3,-0.018979448825120926,-0.010818621143698692,True,2000,ok
all,hela,cnn(3|3),sequence_dnase_h3k4me3,sequence_dnase_h3k4me3_rrbs,0.00027107298956252635,0.005752861499786377,True,2000,ok
all,hela,cnn(3|3),sequence_dnase_rrbs,sequence_ctcf_dnase_rrbs,-0.020242512226104736,-0.012018847279250622,True,2000,ok
all,hela,cnn(3|3),sequence_dnase_rrbs,sequence_dnase_h3k4me3_rrbs,-0.0041462210938334465,0.0005033314228057861,False,2000,ok
all,hela,cnn(3|3),sequence_h3k4me3_rrbs,sequence_ctcf_h3k4me3_rrbs,-0.011326092295348644,-0.0038888871204108,True,2000,ok
all,hela,cnn(3|3),sequence_h3k4me3_rrbs,sequence_dnase_h3k4me3_rrbs,0.001522237085737288,0.00648143608123064,True,2000,ok
all,hela,cnn(3|3),sequence_ctcf_dnase_h3k4me3,all,0.006252789404243231,0.01327237207442522,True,2000,ok
all,hela,cnn(3|3),sequence_ctcf_dnase_rrbs,all,0.0019303529988974333,0.010680949315428734,True,2000,ok
all,hela,cnn(3|3),sequence_ctcf_h3k4me3_rrbs,all,0.0005775779718533158,0.006083875894546509,True,2000,ok
all,hela,cnn(3|3),sequence_dnase_h3k4me3_rrbs,all,-0.011041572317481041,-0.0054948655888438225,True,2000,ok
all,hela,cnn(5|3),sequence,sequence_ctcf,0.020563235506415367,0.03420468047261238,True,2000,ok
all,hela,cnn(5|3),sequence,sequence_dnase,-0.0026465654373168945,0.011048844084143639,False,2000,ok
all,hela,cnn(5|3),sequence,sequence_h3k4me3,-0.0003802507999353111,0.014662906527519226,False,2000,ok
all,hela,cnn(5|3),sequence,sequence_rrbs,0.005476251244544983,0.020314937457442284,True,2000,ok
all,hela,cnn(5|3),sequence_ctcf,sequence_ctcf_dnase,-0.012990260496735573,-0.00212993030436337,True,2000,ok
all,hela,cnn(5|3),sequence_ctcf,sequence_ctcf_h3k4me3,-0.011712690815329552,1.93864107131958e-05,False,2000,ok
all,hela,cnn(5|3),sequence_ctcf,sequence_ctcf_rrbs,-0.012268802151083946,-0.002115300390869379,True,2000,ok
all,hela,cnn(5|3),sequence_dnase,sequence_ctcf_dnase,0.01001075841486454,0.021218422800302505,True,2000,ok
all,hela,cnn(5|3),sequence_dnase,sequence_dnase_h3k4me3,0.0012106240028515458,0.008604231290519238,True,2000,ok
all,hela,cnn(5|3),sequence_dnase,sequence_dnase_rrbs,0.012987214140594006,0.02256462536752224,True,2000,ok
all,hela,cnn(5|3),sequence_h3k4me3,sequence_ctcf_h3k4me3,0.010227384977042675,0.018819114193320274,True,2000,ok
all,hela,cnn(5|3),sequence_h3k4me3,sequence_dnase_h3k4me3,-0.0012996376026421785,0.004694506525993347,False,2000,ok
all,hela,cnn(5|3),sequence_h3k4me3,sequence_h3k4me3_rrbs,0.0049768658354878426,0.012637490406632423,True,2000,ok
all,hela,cnn(5|3),sequence_rrbs,sequence_ctcf_rrbs,0.0017244309419766068,0.012534832581877708,True,2000,ok
all,hela,cnn(5|3),sequence_rrbs,sequence_dnase_rrbs,0.004354050848633051,0.013223889283835888,True,2000,ok
all,hela,cnn(5|3),sequence_rrbs,sequence_h3k4me3_rrbs,-0.001543366932310164,0.0074867308139801025,False,2000,ok
all,hela,cnn(5|3),sequence_ctcf_dnase,sequence_ctcf_dnase_h3k4me3,-0.0034265548456460238,0.004769104532897472,False,2000,ok
all,hela,cnn(5|3),sequence_ctcf_dnase,sequence_ctcf_dnase_rrbs,-0.010595902800559998,0.0002803415118250996,False,2000,ok
all,hela,cnn(5|3),sequence_ctcf_h3k4me3,sequence_ctcf_dnase_h3k4me3,-0.004080706741660833,0.002278414322063327,False,2000,ok
all,hela,cnn(5|3),sequence_ctcf_h3k4me3,sequence_ctcf_h3k4me3_rrbs,-0.04068775847554207,-0.030321145430207253,True,2000,ok
all,hela,cnn(5|3),sequence_ctcf_rrbs,sequence_ctcf_dnase_rrbs,-0.010777750983834267,-0.0002976953983306885,True,2000,ok
all,hela,cnn(5|3),sequence_ctcf_rrbs,sequence_ctcf_h3k4me3_rrbs,-0.04019962251186371,-0.02828795835375786,True,2000,ok
all,hela,cnn(5|3),sequence_dnase_h3k4me3,sequence_ctcf_dnase_h3k4me3,0.0075852274894714355,0.01627219282090664,True,2000,ok
all,hela,cnn(5|3),sequence_dnase_h3k4me3,sequence_dnase_h3k4me3_rrbs,0.0019576966296881437,0.011784518137574196,True,2000,ok
all,hela,cnn(5|3),sequence_dnase_rrbs,sequence_ctcf_dnase_rrbs,-0.012033876962959766,-0.0019693404901772738,True,2000,ok
all,hela,cnn(5|3),sequence_dnase_rrbs,sequence_dnase_h3k4me3_rrbs,-0.011882791295647621,-0.000546187162399292,True,2000,ok
all,hela,cnn(5|3),sequence_h3k4me3_rrbs,sequence_ctcf_h3k4me3_rrbs,-0.03625161573290825,-0.023488232865929604,True,2000,ok
all,hela,cnn(5|3),sequence_h3k4me3_rrbs,sequence_dnase_h3k4me3_rrbs,-0.006649187300354242,0.0061924634501338005,False,2000,ok
all,hela,cnn(5|3),sequence_ctcf_dnase_h3k4me3,all,-0.012858569622039795,-0.0027508349157869816,True,2000,ok
all,hela,cnn(5|3),sequence_ctcf_dnase_rrbs,all,-0.008340534754097462,0.004274788312613964,False,2000,ok
all,hela,cnn(5|3),sequence_ctcf_h3k4me3_rrbs,all,0.022395607084035873,0.03125584125518799,True,2000,ok
all,hela,cnn(5|3),sequence_dnase_h3k4me3_rrbs,all,-0.007390007376670837,0.0018873692024499178,False,2000,ok
all,hela,cnn(7|3),sequence,sequence_ctcf,-0.005610448308289051,0.0011756450403481722,False,2000,ok
all,hela,cnn(7|3),sequence,sequence_dnase,-0.010588109493255615,-0.002235379768535495,True,2000,ok
all,hela,cnn(7|3),sequence,sequence_h3k4me3,-0.023380780592560768,-0.013802644796669483,True,2000,ok
all,hela,cnn(7|3),sequence,sequence_rrbs,-0.018149500712752342,-0.009360337629914284,True,2000,ok
all,hela,cnn(7|3),sequence_ctcf,sequence_ctcf_dnase,-0.02697882056236267,-0.018045106902718544,True,2000,ok
all,hela,cnn(7|3),sequence_ctcf,sequence_ctcf_h3k4me3,-0.026653772220015526,-0.017193859443068504,True,2000,ok
all,hela,cnn(7|3),sequence_ctcf,sequence_ctcf_rrbs,-0.03534405678510666,-0.01908186636865139,True,2000,ok
all,hela,cnn(7|3),sequence_dnase,sequence_ctcf_dnase,-0.023054976016283035,-0.013445365242660046,True,2000,ok
all,hela,cnn(7|3),sequence_dnase,sequence_dnase_h3k4me3,-0.025507351383566856,-0.01563127338886261,True,2000,ok
all,hela,cnn(7|3),sequence_dnase,sequence_dnase_rrbs,-0.0030514211393892765,0.0045909881591796875,False,2000,ok
all,hela,cnn(7|3),sequence_h3k4me3,sequence_ctcf_h3k4me3,-0.008502602577209473,-0.0025993050076067448,True,2000,ok
all,hela,cnn(7|3),sequence_h3k4me3,sequence_dnase_h3k4me3,-0.011947328224778175,-0.004938947968184948,True,2000,ok
all,hela,cnn(7|3),sequence_h3k4me3,sequence_h3k4me3_rrbs,-0.012962833046913147,-0.005129543133080006,True,2000,ok
all,hela,cnn(7|3),sequence_rrbs,sequence_ctcf_rrbs,-0.024920755997300148,-0.006410765461623669,True,2000,ok
all,hela,cnn(7|3),sequence_rrbs,sequence_dnase_rrbs,0.0037571669090539217,0.01258905790746212,True,2000,ok
all,hela,cnn(7|3),sequence_rrbs,sequence_h3k4me3_rrbs,-0.01853995956480503,-0.00902659259736538,True,2000,ok
all,hela,cnn(7|3),sequence_ctcf_dnase,sequence_ctcf_dnase_h3k4me3,0.0033281713258475065,0.015284490771591663,True,2000,ok
all,hela,cnn(7|3),sequence_ctcf_dnase,sequence_ctcf_dnase_rrbs,0.009468799456954002,0.020535999909043312,True,2000,ok
all,hela,cnn(7|3),sequence_ctcf_h3k4me3,sequence_ctcf_dnase_h3k4me3,0.0027744292747229338,0.014318898320198059,True,2000,ok
all,hela,cnn(7|3),sequence_ctcf_h3k4me3,sequence_ctcf_h3k4me3_rrbs,0.027383441105484962,0.039419516921043396,True,2000,ok
all,hela,cnn(7|3),sequence_ctcf_rrbs,sequence_ctcf_dnase_rrbs,0.01044321060180664,0.02798750065267086,True,2000,ok
all,hela,cnn(7|3),sequence_ctcf_rrbs,sequence_ctcf_h3k4me3_rrbs,0.03128312528133392,0.04635302349925041,True,2000,ok
all,hela,cnn(7|3),sequence_dnase_h3k4me3,sequence_ctcf_dnase_h3k4me3,0.00556371221318841,0.017008939757943153,True,2000,ok
all,hela,cnn(7|3),sequence_dnase_h3k4me3,sequence_dnase_h3k4me3_rrbs,0.0018701314693316817,0.011949536390602589,True,2000,ok
all,hela,cnn(7|3),sequence_dnase_rrbs,sequence_ctcf_dnase_rrbs,-0.008468210697174072,-0.00026406944380141795,True,2000,ok
all,hela,cnn(7|3),sequence_dnase_rrbs,sequence_dnase_h3k4me3_rrbs,-0.01898258551955223,-0.009959551505744457,True,2000,ok
all,hela,cnn(7|3),sequence_h3k4me3_rrbs,sequence_ctcf_h3k4me3_rrbs,0.03143185377120972,0.04233933985233307,True,2000,ok
all,hela,cnn(7|3),sequence_h3k4me3_rrbs,sequence_dnase_h3k4me3_rrbs,0.002540603280067444,0.012278556823730469,True,2000,ok
all,hela,cnn(7|3),sequence_ctcf_dnase_h3k4me3,all,0.005937060806900263,0.013386005535721779,True,2000,ok
all,hela,cnn(7|3),sequence_ctcf_dnase_rrbs,all,7.780194573570043e-05,0.0076918331906199455,True,2000,ok
all,hela,cnn(7|3),sequence_ctcf_h3k4me3_rrbs,all,-0.020115431398153305,-0.010771451517939568,True,2000,ok
all,hela,cnn(7|3),sequence_dnase_h3k4me3_rrbs,all,0.008883560076355934,0.019213255494832993,True,2000,ok
all,hela,linear,sequence,sequence_ctcf,0.0036876543890684843,0.006172376684844494,True,2000,ok
all,hela,linear,sequence,sequence_dnase,-0.001438812934793532,-0.000490164733491838,True,2000,ok
all,hela,linear,sequence,sequence_h3k4me3,0.00035482048406265676,0.0028018788434565067,True,2000,ok
all,hela,linear,sequence,sequence_rrbs,-0.010488281026482582,-0.004330967552959919,True,2000,ok
all,hela,linear,sequence_ctcf,sequence_ctcf_dnase,-0.002320305909961462,-0.001562710152938962,True,2000,ok
all,hela,linear,sequence_ctcf,sequence_ctcf_h3k4me3,-0.00016093402518890798,0.0022612467873841524,False,2000,ok
all,hela,linear,sequence_ctcf,sequence_ctcf_rrbs,-0.011493496596813202,-0.005346865858882666,True,2000,ok
all,hela,linear,sequence_dnase,sequence_ctcf_dnase,0.002907103393226862,0.005009776446968317,True,2000,ok
all,hela,linear,sequence_dnase,sequence_dnase_h3k4me3,0.001265746308490634,0.0038772672414779663,True,2000,ok
all,hela,linear,sequence_dnase,sequence_dnase_rrbs,-0.010032440535724163,-0.0038511217571794987,True,2000,ok
all,hela,linear,sequence_h3k4me3,sequence_ctcf_h3k4me3,0.0032831295393407345,0.005574612412601709,True,2000,ok
all,hela,linear,sequence_h3k4me3,sequence_dnase_h3k4me3,-0.0004385635256767273,0.0004753127577714622,False,2000,ok
all,hela,linear,sequence_h3k4me3,sequence_h3k4me3_rrbs,-0.010644403286278248,-0.0042352438904345036,True,2000,ok
all,hela,linear,sequence_rrbs,sequence_ctcf_rrbs,0.002800674643367529,0.0049899546429514885,True,2000,ok
all,hela,linear,sequence_rrbs,sequence_dnase_rrbs,-0.0009219348430633545,-3.503262996673584e-05,True,2000,ok
all,hela,linear,sequence_rrbs,sequence_h3k4me3_rrbs,0.0003307819424662739,0.0028418018482625484,True,2000,ok
all,hela,linear,sequence_ctcf_dnase,sequence_ctcf_dnase_h3k4me3,0.0014268442755565047,0.004050745163112879,True,2000,ok
all,hela,linear,sequence_ctcf_dnase,sequence_ctcf_dnase_rrbs,-0.010762822814285755,-0.004591871984302998,True,2000,ok
all,hela,linear,sequence_ctcf_h3k4me3,sequence_ctcf_dnase_h3k4me3,-0.0005552813527174294,2.2649765014648438e-06,False,2000,ok
all,hela,linear,sequence_ctcf_h3k4me3,sequence_ctcf_h3k4me3_rrbs,-0.01073302049189806,-0.004331754054874182,True,2000,ok
all,hela,linear,sequence_ctcf_rrbs,sequence_ctcf_dnase_rrbs,-0.0014783457154408097,-0.0008861616370268166,True,2000,ok
all,hela,linear,sequence_ctcf_rrbs,sequence_ctcf_h3k4me3_rrbs,0.0006658703205175698,0.0032753602135926485,True,2000,ok
all,hela,linear,sequence_dnase_h3k4me3,sequence_ctcf_dnase_h3k4me3,0.003060257527977228,0.005238062236458063,True,2000,ok
all,hela,linear,sequence_dnase_h3k4me3,sequence_dnase_h3k4me3_rrbs,-0.01225857250392437,-0.005891330540180206,True,2000,ok
all,hela,linear,sequence_dnase_rrbs,sequence_ctcf_dnase_rrbs,0.0022270814515650272,0.004189337603747845,True,2000,ok
all,hela,linear,sequence_dnase_rrbs,sequence_dnase_h3k4me3_rrbs,-0.0008489668252877891,0.0016247645253315568,False,2000,ok
all,hela,linear,sequence_h3k4me3_rrbs,sequence_ctcf_h3k4me3_rrbs,0.003054936183616519,0.005504988133907318,True,2000,ok
all,hela,linear,sequence_h3k4me3_rrbs,sequence_dnase_h3k4me3_rrbs,-0.0021255642641335726,-0.0012137502199038863,True,2000,ok
all,hela,linear,sequence_ctcf_dnase_h3k4me3,all,-0.010982727631926537,-0.004621817264705896,True,2000,ok
all,hela,linear,sequence_ctcf_dnase_rrbs,all,0.0012663021916523576,0.003945785574615002,True,2000,ok
all,hela,linear,sequence_ctcf_h3k4me3_rrbs,all,-0.0007684513693675399,-0.000345669686794281,True,2000,ok
all,hela,linear,sequence_dnase_h3k4me3_rrbs,all,0.0040575251914560795,0.0067415907979011536,True,2000,ok
all,hela,mlp,sequence,sequence_ctcf,-0.011619752272963524,-0.0004525601980276406,True,2000,ok
all,hela,mlp,sequence,sequence_dnase,-0.008984105661511421,-0.0007197096711024642,True,2000,ok
all,hela,mlp,sequence,sequence_h3k4me3,-0.005256528966128826,0.001858283532783389,False,2000,ok
all,hela,mlp,sequence,sequence_rrbs,-0.009271843358874321,0.00028843581094406545,False,2000,ok
all,hela,mlp,sequence_ctcf,sequence_ctcf_dnase,-0.004240705166012049,0.004629401955753565,False,2000,ok
all,hela,mlp,sequence_ctcf,sequence_ctcf_h3k4me3,-0.008544117212295532,-0.0012408613692969084,True,2000,ok
all,hela,mlp,sequence_ctcf,sequence_ctcf_rrbs,-0.0014303118223324418,0.0001661896676523611,False,2000,ok
all,hela,mlp,sequence_dnase,sequence_ctcf_dnase,-0.0057962266728281975,0.0034229278098791838,False,2000,ok
all,hela,mlp,sequence_dnase,sequence_dnase_h3k4me3,-0.012159647420048714,-0.00361270597204566,True,2000,ok
all,hela,mlp,sequence_dnase,sequence_dnase_rrbs,-0.01938360556960106,-0.011102946475148201,True,2000,ok
all,hela,mlp,sequence_h3k4me3,sequence_ctcf_h3k4me3,-0.013556358404457569,-0.0045215068385005,True,2000,ok
all,hela,mlp,sequence_h3k4me3,sequence_dnase_h3k4me3,-0.015287783928215504,-0.006516952998936176,True,2000,ok
all,hela,mlp,sequence_h3k4me3,sequence_h3k4me3_rrbs,-0.0024419501423835754,0.001153977238573134,False,2000,ok
all,hela,mlp,sequence_rrbs,sequence_ctcf_rrbs,-0.005035267677158117,0.0009142666822299361,False,2000,ok
all,hela,mlp,sequence_rrbs,sequence_dnase_rrbs,-0.02138272300362587,-0.009983936324715614,True,2000,ok
all,hela,mlp,sequence_rrbs,sequence_h3k4me3_rrbs,-0.0030849992763251066,0.0076497746631503105,False,2000,ok
all,hela,mlp,sequence_ctcf_dnase,sequence_ctcf_dnase_h3k4me3,0.0007265746826305985,0.007866819389164448,True,2000,ok
all,hela,mlp,sequence_ctcf_dnase,sequence_ctcf_dnase_rrbs,-0.00280628795735538,0.003476866986602545,False,2000,ok
all,hela,mlp,sequence_ctcf_h3k4me3,sequence_ctcf_dnase_h3k4me3,0.005732731427997351,0.01303652860224247,True,2000,ok
all,hela,mlp,sequence_ctcf_h3k4me3,sequence_ctcf_h3k4me3_rrbs,-0.006110555026680231,-0.0037706971634179354,True,2000,ok
all,hela,mlp,sequence_ctcf_rrbs,sequence_ctcf_dnase_rrbs,-0.0036711127031594515,0.005936252884566784,False,2000,ok
all,hela,mlp,sequence_ctcf_rrbs,sequence_ctcf_h3k4me3_rrbs,-0.013372652232646942,-0.004954776261001825,True,2000,ok
all,hela,mlp,sequence_dnase_h3k4me3,sequence_ctcf_dnase_h3k4me3,0.007325813174247742,0.014948995783925056,True,2000,ok
all,hela,mlp,sequence_dnase_h3k4me3,sequence_dnase_h3k4me3_rrbs,-0.006862744688987732,0.002127633895725012,False,2000,ok
all,hela,mlp,sequence_dnase_rrbs,sequence_ctcf_dnase_rrbs,0.009197580628097057,0.019971903413534164,True,2000,ok
all,hela,mlp,sequence_dnase_rrbs,sequence_dnase_h3k4me3_rrbs,0.002605909015983343,0.00789431668817997,True,2000,ok
all,hela,mlp,sequence_h3k4me3_rrbs,sequence_ctcf_h3k4me3_rrbs,-0.018109899014234543,-0.008443586528301239,True,2000,ok
all,hela,mlp,sequence_h3k4me3_rrbs,sequence_dnase_h3k4me3_rrbs,-0.01524290256202221,-0.009530442766845226,True,2000,ok
all,hela,mlp,sequence_ctcf_dnase_h3k4me3,all,-0.006439852528274059,0.0003057733119931072,False,2000,ok
all,hela,mlp,sequence_ctcf_dnase_rrbs,all,-0.003092637751251459,0.005195270292460918,False,2000,ok
all,hela,mlp,sequence_ctcf_h3k4me3_rrbs,all,0.007356725633144379,0.015088933520019054,True,2000,ok
all,hela,mlp,sequence_dnase_h3k4me3_rrbs,all,0.005285891704261303,0.015310789458453655,True,2000,ok
all,hela,transformer,sequence,sequence_ctcf,-0.002889192197471857,0.0060445042327046394,False,2000,ok
all,hela,transformer,sequence,sequence_dnase,-0.006331512238830328,0.0005786180263385177,False,2000,ok
all,hela,transformer,sequence,sequence_h3k4me3,0.0007361724856309593,0.00934675894677639,True,2000,ok
all,hela,transformer,sequence,sequence_rrbs,-0.002414959715679288,0.0042251585982739925,False,2000,ok
all,hela,transformer,sequence_ctcf,sequence_ctcf_dnase,0.0038971365429461002,0.006031719036400318,True,2000,ok
all,hela,transformer,sequence_ctcf,sequence_ctcf_h3k4me3,0.004228833131492138,0.007241332437843084,True,2000,ok
all,hela,transformer,sequence_ctcf,sequence_ctcf_rrbs,-0.0001506120024714619,-3.4481286093068775e-06,True,2000,ok
all,hela,transformer,sequence_dnase,sequence_ctcf_dnase,0.005533221177756786,0.013471683487296104,True,2000,ok
all,hela,transformer,sequence_dnase,sequence_dnase_h3k4me3,0.003316390560939908,0.009874651208519936,True,2000,ok
all,hela,transformer,sequence_dnase,sequence_dnase_rrbs,-0.0026445924304425716,0.0010156988864764571,False,2000,ok
all,hela,transformer,sequence_h3k4me3,sequence_ctcf_h3k4me3,0.0010787531500682235,0.0036009936593472958,True,2000,ok
all,hela,transformer,sequence_h3k4me3,sequence_dnase_h3k4me3,-0.003019812749698758,0.0005020886892452836,False,2000,ok
all,hela,transformer,sequence_h3k4me3,sequence_h3k4me3_rrbs,-0.008173316717147827,-0.005487936548888683,True,2000,ok
all,hela,transformer,sequence_rrbs,sequence_ctcf_rrbs,-0.0015356421936303377,0.0028486221563071012,False,2000,ok
all,hela,transformer,sequence_rrbs,sequence_dnase_rrbs,-0.007457548286765814,-0.001906982040964067,True,2000,ok
all,hela,transformer,sequence_rrbs,sequence_h3k4me3_rrbs,-0.005223029758781195,-0.00013396442227531224,True,2000,ok
all,hela,transformer,sequence_ctcf_dnase,sequence_ctcf_dnase_h3k4me3,-0.0014203101163730025,-0.0006936729187145829,True,2000,ok
all,hela,transformer,sequence_ctcf_dnase,sequence_ctcf_dnase_rrbs,-0.00039649606333114207,-0.00021914244280196726,True,2000,ok
all,hela,transformer,sequence_ctcf_h3k4me3,sequence_ctcf_dnase_h3k4me3,-0.002298012375831604,-0.001366056501865387,True,2000,ok
all,hela,transformer,sequence_ctcf_h3k4me3,sequence_ctcf_h3k4me3_rrbs,0.00012914389662910253,0.00038076937198638916,True,2000,ok
all,hela,transformer,sequence_ctcf_rrbs,sequence_ctcf_dnase_rrbs,0.003698144806548953,0.005780464503914118,True,2000,ok
all,hela,transformer,sequence_ctcf_rrbs,sequence_ctcf_h3k4me3_rrbs,0.004486654885113239,0.007654121611267328,True,2000,ok
all,hela,transformer,sequence_dnase_h3k4me3,sequence_ctcf_dnase_h3k4me3,-0.0006201073410920799,0.004225924611091614,False,2000,ok
all,hela,transformer,sequence_dnase_h3k4me3,sequence_dnase_h3k4me3_rrbs,-0.0016196205979213119,0.0021129189990460873,False,2000,ok
all,hela,transformer,sequence_dnase_rrbs,sequence_ctcf_dnase_rrbs,0.005822342820465565,0.01436140201985836,True,2000,ok
all,hela,transformer,sequence_dnase_rrbs,sequence_dnase_h3k4me3_rrbs,0.003979171626269817,0.011577954515814781,True,2000,ok
all,hela,transformer,sequence_h3k4me3_rrbs,sequence_ctcf_h3k4me3_rrbs,0.007295194081962109,0.011504963040351868,True,2000,ok
all,hela,transformer,sequence_h3k4me3_rrbs,sequence_dnase_h3k4me3_rrbs,0.00450882175937295,0.007122331764549017,True,2000,ok
all,hela,transformer,sequence_ctcf_dnase_h3k4me3,all,0.00013142377429176122,0.0003826647880487144,True,2000,ok
all,hela,transformer,sequence_ctcf_dnase_rrbs,all,-0.0009024098399095237,-8.474588685203344e-05,True,2000,ok
all,hela,transformer,sequence_ctcf_h3k4me3_rrbs,all,-0.0022996054030954838,-0.0013410418760031462,True,2000,ok
all,hela,transformer,sequence_dnase_h3k4me3_rrbs,all,0.0006667986745014787,0.002874481724575162,True,2000,ok
all,hela,xgboost,sequence,sequence_ctcf,-0.010800676420331001,-0.002906909678131342,True,2000,ok
all,hela,xgboost,sequence,sequence_dnase,-0.004479034338146448,-0.0002054601936833933,True,2000,ok
all,hela,xgboost,sequence,sequence_h3k4me3,-0.012384760193526745,-0.004999682307243347,True,2000,ok
all,hela,xgboost,sequence,sequence_rrbs,-0.012252584099769592,-0.005540752317756414,True,2000,ok
all,hela,xgboost,sequence_ctcf,sequence_ctcf_dnase,0.0,0.0,False,2000,ok
all,hela,xgboost,sequence_ctcf,sequence_ctcf_h3k4me3,0.001425215625204146,0.004342076368629932,True,2000,ok
all,hela,xgboost,sequence_ctcf,sequence_ctcf_rrbs,-0.004184791352599859,-0.0019630640745162964,True,2000,ok
all,hela,xgboost,sequence_dnase,sequence_ctcf_dnase,-0.007345431949943304,-0.0015191793208941817,True,2000,ok
all,hela,xgboost,sequence_dnase,sequence_dnase_h3k4me3,0.001131089054979384,0.004869177937507629,True,2000,ok
all,hela,xgboost,sequence_dnase,sequence_dnase_rrbs,-0.008799414150416851,-0.004090303089469671,True,2000,ok
all,hela,xgboost,sequence_h3k4me3,sequence_ctcf_h3k4me3,0.0027925223112106323,0.006771509535610676,True,2000,ok
all,hela,xgboost,sequence_h3k4me3,sequence_dnase_h3k4me3,0.006992176175117493,0.011718672700226307,True,2000,ok
all,hela,xgboost,sequence_h3k4me3,sequence_h3k4me3_rrbs,0.0007564902189187706,0.003976291511207819,True,2000,ok
all,hela,xgboost,sequence_rrbs,sequence_ctcf_rrbs,-0.0031043230555951595,0.00121249258518219,False,2000,ok
all,hela,xgboost,sequence_rrbs,sequence_dnase_rrbs,-6.237626075744629e-05,0.00029291509417816997,False,2000,ok
all,hela,xgboost,sequence_rrbs,sequence_h3k4me3_rrbs,0.001429784344509244,0.0036482394207268953,True,2000,ok
all,hela,xgboost,sequence_ctcf_dnase,sequence_ctcf_dnase_h3k4me3,0.0013960152864456177,0.004311134107410908,True,2000,ok
all,hela,xgboost,sequence_ctcf_dnase,sequence_ctcf_dnase_rrbs,-0.004184791352599859,-0.0019630640745162964,True,2000,ok
all,hela,xgboost,sequence_ctcf_h3k4me3,sequence_ctcf_dnase_h3k4me3,-8.095800876617432e-05,8.350611096830107e-06,False,2000,ok
all,hela,xgboost,sequence_ctcf_h3k4me3,sequence_ctcf_h3k4me3_rrbs,-0.0029913694597780704,7.161498160712654e-06,False,2000,ok
all,hela,xgboost,sequence_ctcf_rrbs,sequence_ctcf_dnase_rrbs,0.0,0.0,False,2000,ok
all,hela,xgboost,sequence_ctcf_rrbs,sequence_ctcf_h3k4me3_rrbs,0.003199839498847723,0.005682745482772589,True,2000,ok
all,hela,xgboost,sequence_dnase_h3k4me3,sequence_ctcf_dnase_h3k4me3,-0.007039244286715984,-0.0020226389169692993,True,2000,ok
all,hela,xgboost,sequence_dnase_h3k4me3,sequence_dnase_h3k4me3_rrbs,-0.009230065159499645,-0.004771777894347906,True,2000,ok
all,hela,xgboost,sequence_dnase_rrbs,sequence_ctcf_dnase_rrbs,-0.003215271281078458,0.0011063932906836271,False,2000,ok
all,hela,xgboost,sequence_dnase_rrbs,sequence_dnase_h3k4me3_rrbs,0.0013958722120150924,0.00348740816116333,True,2000,ok
all,hela,xgboost,sequence_h3k4me3_rrbs,sequence_ctcf_h3k4me3_rrbs,-0.0009885162580758333,0.002760919975116849,False,2000,ok
all,hela,xgboost,sequence_h3k4me3_rrbs,sequence_dnase_h3k4me3_rrbs,-0.0007922261720523238,0.0007377624278888106,False,2000,ok
all,hela,xgboost,sequence_ctcf_dnase_h3k4me3,all,-0.0029674142133444548,4.713833186542615e-05,False,2000,ok
all,hela,xgboost,sequence_ctcf_dnase_rrbs,all,0.0031722248531877995,0.005752637982368469,True,2000,ok
all,hela,xgboost,sequence_ctcf_h3k4me3_rrbs,all,-0.0003005415201187134,0.0003197401820216328,False,2000,ok
all,hela,xgboost,sequence_dnase_h3k4me3_rrbs,all,-0.0008869469165802002,0.0027479350101202726,False,2000,ok
all,hl60,cnn(3|3),sequence,sequence_ctcf,0.05129598081111908,0.11767291277647018,True,2000,ok
all,hl60,cnn(3|3),sequence,sequence_dnase,-0.07051095366477966,-0.014509737491607666,True,2000,ok
all,hl60,cnn(3|3),sequence,sequence_h3k4me3,0.04262987896800041,0.09002373367547989,True,2000,ok
all,hl60,cnn(3|3),sequence,sequence_rrbs,0.05783242732286453,0.10810196399688721,True,2000,ok
all,hl60,cnn(3|3),sequence_ctcf,sequence_ctcf_dnase,-0.03265296667814255,-0.004232078790664673,True,2000,ok
all,hl60,cnn(3|3),sequence_ctcf,sequence_ctcf_h3k4me3,-0.026475150138139725,0.006511709187179804,False,2000,ok
all,hl60,cnn(3|3),sequence_ctcf,sequence_ctcf_rrbs,-0.05336109548807144,-0.017733057960867882,True,2000,ok
all,hl60,cnn(3|3),sequence_dnase,sequence_ctcf_dnase,0.06809494644403458,0.14758864045143127,True,2000,ok
all,hl60,cnn(3|3),sequence_dnase,sequence_dnase_h3k4me3,0.06724245846271515,0.11901181191205978,True,2000,ok
all,hl60,cnn(3|3),sequence_dnase,sequence_dnase_rrbs,0.07004261016845703,0.11852522194385529,True,2000,ok
all,hl60,cnn(3|3),sequence_h3k4me3,sequence_ctcf_h3k4me3,-0.02562626078724861,0.041042108088731766,False,2000,ok
all,hl60,cnn(3|3),sequence_h3k4me3,sequence_dnase_h3k4me3,-0.033895786851644516,0.004885894246399403,False,2000,ok
all,hl60,cnn(3|3),sequence_h3k4me3,sequence_h3k4me3_rrbs,-0.018555721268057823,0.019404342398047447,False,2000,ok
all,hl60,cnn(3|3),sequence_rrbs,sequence_ctcf_rrbs,-0.0597076378762722,-0.00799936056137085,True,2000,ok
all,hl60,cnn(3|3),sequence_rrbs,sequence_dnase_rrbs,-0.047401074320077896,-0.011474763974547386,True,2000,ok
all,hl60,cnn(3|3),sequence_rrbs,sequence_h3k4me3_rrbs,-0.031441714614629745,-0.0002555876853875816,True,2000,ok
all,hl60,cnn(3|3),sequence_ctcf_dnase,sequence_ctcf_dnase_h3k4me3,0.02122422121465206,0.04800179973244667,True,2000,ok
all,hl60,cnn(3|3),sequence_ctcf_dnase,sequence_ctcf_dnase_rrbs,0.004816064145416021,0.029179776087403297,True,2000,ok
all,hl60,cnn(3|3),sequence_ctcf_h3k4me3,sequence_ctcf_dnase_h3k4me3,0.013064822182059288,0.04028687626123428,True,2000,ok
all,hl60,cnn(3|3),sequence_ctcf_h3k4me3,sequence_ctcf_h3k4me3_rrbs,0.019984764978289604,0.04888875037431717,True,2000,ok
all,hl60,cnn(3|3),sequence_ctcf_rrbs,sequence_ctcf_dnase_rrbs,0.02098429761826992,0.04786679521203041,True,2000,ok
all,hl60,cnn(3|3),sequence_ctcf_rrbs,sequence_ctcf_h3k4me3_rrbs,0.043686579912900925,0.07662428170442581,True,2000,ok
all,hl60,cnn(3|3),sequence_dnase_h3k4me3,sequence_ctcf_dnase_h3k4me3,0.024186458438634872,0.07393515855073929,True,2000,ok
all,hl60,cnn(3|3),sequence_dnase_h3k4me3,sequence_dnase_h3k4me3_rrbs,-0.0030176073778420687,0.03271430730819702,False,2000,ok
all,hl60,cnn(3|3),sequence_dnase_rrbs,sequence_ctcf_dnase_rrbs,0.0027664185035973787,0.05956744775176048,True,2000,ok
all,hl60,cnn(3|3),sequence_dnase_rrbs,sequence_dnase_h3k4me3_rrbs,-0.002621179912239313,0.03063906729221344,False,2000,ok
all,hl60,cnn(3|3),sequence_h3k4me3_rrbs,sequence_ctcf_h3k4me3_rrbs,0.01422644592821598,0.0706104189157486,True,2000,ok
all,hl60,cnn(3|3),sequence_h3k4me3_rrbs,sequence_dnase_h3k4me3_rrbs,-0.015398522838950157,0.015245795249938965,False,2000,ok
all,hl60,cnn(3|3),sequence_ctcf_dnase_h3k4me3,all,-0.024307090789079666,0.006848040036857128,False,2000,ok
all,hl60,cnn(3|3),sequence_ctcf_dnase_rrbs,all,-0.00582084059715271,0.023121383041143417,False,2000,ok
all,hl60,cnn(3|3),sequence_ctcf_h3k4me3_rrbs,all,-0.030997764319181442,-0.002347685396671295,True,2000,ok
all,hl60,cnn(3|3),sequence_dnase_h3k4me3_rrbs,all,-0.0048930225893855095,0.056473132222890854,False,2000,ok
all,hl60,cnn(5|3),sequence,sequence_ctcf,-0.01407245360314846,0.04413466528058052,False,2000,ok
all,hl60,cnn(5|3),sequence,sequence_dnase,-0.11087515205144882,-0.040365125983953476,True,2000,ok
all,hl60,cnn(5|3),sequence,sequence_h3k4me3,-0.03048606775701046,0.01989942602813244,False,2000,ok
all,hl60,cnn(5|3),sequence,sequence_rrbs,-0.09426861256361008,-0.03180902823805809,True,2000,ok
all,hl60,cnn(5|3),sequence_ctcf,sequence_ctcf_dnase,-0.04304904490709305,-0.00131844577845186,True,2000,ok
all,hl60,cnn(5|3),sequence_ctcf,sequence_ctcf_h3k4me3,-0.007372856140136719,0.032157979905605316,False,2000,ok
all,hl60,cnn(5|3),sequence_ctcf,sequence_ctcf_rrbs,-0.09908450394868851,-0.049305353313684464,True,2000,ok
all,hl60,cnn(5|3),sequence_dnase,sequence_ctcf_dnase,0.03256629779934883,0.10175538808107376,True,2000,ok
all,hl60,cnn(5|3),sequence_dnase,sequence_dnase_h3k4me3,0.04658839851617813,0.10382054001092911,True,2000,ok
all,hl60,cnn(5|3),sequence_dnase,sequence_dnase_rrbs,0.06919436156749725,0.12042945623397827,True,2000,ok
all,hl60,cnn(5|3),sequence_h3k4me3,sequence_ctcf_h3k4me3,0.0011239752639085054,0.060995399951934814,True,2000,ok
all,hl60,cnn(5|3),sequence_h3k4me3,sequence_dnase_h3k4me3,-0.02427692338824272,0.03231784701347351,False,2000,ok
all,hl60,cnn(5|3),sequence_h3k4me3,sequence_h3k4me3_rrbs,-0.09557633846998215,-0.022386008873581886,True,2000,ok
all,hl60,cnn(5|3),sequence_rrbs,sequence_ctcf_rrbs,-0.033956918865442276,0.038817115128040314,False,2000,ok
all,hl60,cnn(5|3),sequence_rrbs,sequence_dnase_rrbs,0.049909960478544235,0.11524481326341629,True,2000,ok
all,hl60,cnn(5|3),sequence_rrbs,sequence_h3k4me3_rrbs,-0.03950406238436699,0.03336670249700546,False,2000,ok
all,hl60,cnn(5|3),sequence_ctcf_dnase,sequence_ctcf_dnase_h3k4me3,-0.027807392179965973,0.01619095727801323,False,2000,ok
all,hl60,cnn(5|3),sequence_ctcf_dnase,sequence_ctcf_dnase_rrbs,0.008708958514034748,0.05425648391246796,True,2000,ok
all,hl60,cnn(5|3),sequence_ctcf_h3k4me3,sequence_ctcf_dnase_h3k4me3,-0.060970842838287354,-0.021663838997483253,True,2000,ok
all,hl60,cnn(5|3),sequence_ctcf_h3k4me3,sequence_ctcf_h3k4me3_rrbs,-0.06967324018478394,-0.03033333458006382,True,2000,ok
all,hl60,cnn(5|3),sequence_ctcf_rrbs,sequence_ctcf_dnase_rrbs,0.05743037164211273,0.10787824541330338,True,2000,ok
all,hl60,cnn(5|3),sequence_ctcf_rrbs,sequence_ctcf_h3k4me3_rrbs,0.010432650335133076,0.062196217477321625,True,2000,ok
all,hl60,cnn(5|3),sequence_dnase_h3k4me3,sequence_ctcf_dnase_h3k4me3,-0.04769943654537201,0.01807648316025734,False,2000,ok
all,hl60,cnn(5|3),sequence_dnase_h3k4me3,sequence_dnase_h3k4me3_rrbs,0.005068501923233271,0.04907489940524101,True,2000,ok
all,hl60,cnn(5|3),sequence_dnase_rrbs,sequence_ctcf_dnase_rrbs,-0.028511475771665573,0.03263743221759796,False,2000,ok
all,hl60,cnn(5|3),sequence_dnase_rrbs,sequence_dnase_h3k4me3_rrbs,-0.013931934721767902,0.027231723070144653,False,2000,ok
all,hl60,cnn(5|3),sequence_h3k4me3_rrbs,sequence_ctcf_h3k4me3_rrbs,-0.004773154854774475,0.08783137798309326,False,2000,ok
all,hl60,cnn(5|3),sequence_h3k4me3_rrbs,sequence_dnase_h3k4me3_rrbs,0.05243314057588577,0.1255144625902176,True,2000,ok
all,hl60,cnn(5|3),sequence_ctcf_dnase_h3k4me3,all,0.017893310636281967,0.06561267375946045,True,2000,ok
all,hl60,cnn(5|3),sequence_ctcf_dnase_rrbs,all,-0.018987830728292465,0.025814171880483627,False,2000,ok
all,hl60,cnn(5|3),sequence_ctcf_h3k4me3_rrbs,all,0.025727901607751846,0.07378018647432327,True,2000,ok
all,hl60,cnn(5|3),sequence_dnase_h3k4me3_rrbs,all,-0.02726856805384159,0.02957403101027012,False,2000,ok
all,hl60,cnn(7|3),sequence,sequence_ctcf,-0.09724071621894836,-0.038572121411561966,True,2000,ok
all,hl60,cnn(7|3),sequence,sequence_dnase,-0.10966610908508301,-0.031231403350830078,True,2000,ok
all,hl60,cnn(7|3),sequence,sequence_h3k4me3,0.0016884118085727096,0.04764542356133461,True,2000,ok
all,hl60,cnn(7|3),sequence,sequence_rrbs,-0.005598047282546759,0.03953857719898224,False,2000,ok
all,hl60,cnn(7|3),sequence_ctcf,sequence_ctcf_dnase,-0.009697837755084038,0.06890754401683807,False,2000,ok
all,hl60,cnn(7|3),sequence_ctcf,sequence_ctcf_h3k4me3,0.027330588549375534,0.09646770358085632,True,2000,ok
all,hl60,cnn(7|3),sequence_ctcf,sequence_ctcf_rrbs,0.026453455910086632,0.0989237055182457,True,2000,ok
all,hl60,cnn(7|3),sequence_dnase,sequence_ctcf_dnase,-0.01866236701607704,0.08206146955490112,False,2000,ok
all,hl60,cnn(7|3),sequence_dnase,sequence_dnase_h3k4me3,0.012461465783417225,0.0831906795501709,True,2000,ok
all,hl60,cnn(7|3),sequence_dnase,sequence_dnase_rrbs,0.042753543704748154,0.11727882921695709,True,2000,ok
all,hl60,cnn(7|3),sequence_h3k4me3,sequence_ctcf_h3k4me3,-0.05637965723872185,-0.0021416381932795048,True,2000,ok
all,hl60,cnn(7|3),sequence_h3k4me3,sequence_dnase_h3k4me3,-0.06809107214212418,-0.025497600436210632,True,2000,ok
all,hl60,cnn(7|3),sequence_h3k4me3,sequence_h3k4me3_rrbs,-0.0910046175122261,-0.04241885244846344,True,2000,ok
all,hl60,cnn(7|3),sequence_rrbs,sequence_ctcf_rrbs,-0.05543406307697296,0.012753220275044441,False,2000,ok
all,hl60,cnn(7|3),sequence_rrbs,sequence_dnase_rrbs,-0.027341041713953018,0.012879895977675915,False,2000,ok
all,hl60,cnn(7|3),sequence_rrbs,sequence_h3k4me3_rrbs,-0.08496686071157455,-0.0352628119289875,True,2000,ok
all,hl60,cnn(7|3),sequence_ctcf_dnase,sequence_ctcf_dnase_h3k4me3,0.03193344175815582,0.06598827242851257,True,2000,ok
all,hl60,cnn(7|3),sequence_ctcf_dnase,sequence_ctcf_dnase_rrbs,0.04439167678356171,0.0865689367055893,True,2000,ok
all,hl60,cnn(7|3),sequence_ctcf_h3k4me3,sequence_ctcf_dnase_h3k4me3,-0.00028386563644744456,0.030837349593639374,False,2000,ok
all,hl60,cnn(7|3),sequence_ctcf_h3k4me3,sequence_ctcf_h3k4me3_rrbs,0.026071926578879356,0.058305758982896805,True,2000,ok
all,hl60,cnn(7|3),sequence_ctcf_rrbs,sequence_ctcf_dnase_rrbs,0.013159440830349922,0.05029802769422531,True,2000,ok
all,hl60,cnn(7|3),sequence_ctcf_rrbs,sequence_ctcf_h3k4me3_rrbs,0.024688052013516426,0.0587194561958313,True,2000,ok
all,hl60,cnn(7|3),sequence_dnase_h3k4me3,sequence_ctcf_dnase_h3k4me3,-0.0013052970170974731,0.06987076997756958,False,2000,ok
all,hl60,cnn(7|3),sequence_dnase_h3k4me3,sequence_dnase_h3k4me3_rrbs,-0.09528989344835281,-0.024215038865804672,True,2000,ok
all,hl60,cnn(7|3),sequence_dnase_rrbs,sequence_ctcf_dnase_rrbs,-0.010745756328105927,0.048101671040058136,False,2000,ok
all,hl60,cnn(7|3),sequence_dnase_rrbs,sequence_dnase_h3k4me3_rrbs,-0.12710532546043396,-0.056663963943719864,True,2000,ok
all,hl60,cnn(7|3),sequence_h3k4me3_rrbs,sequence_ctcf_h3k4me3_rrbs,0.04663175344467163,0.11454803496599197,True,2000,ok
all,hl60,cnn(7|3),sequence_h3k4me3_rrbs,sequence_dnase_h3k4me3_rrbs,-0.0752377137541771,-0.0035237192641943693,True,2000,ok
all,hl60,cnn(7|3),sequence_ctcf_dnase_h3k4me3,all,-0.04374687746167183,-0.0026140124537050724,True,2000,ok
all,hl60,cnn(7|3),sequence_ctcf_dnase_rrbs,all,-0.060353346168994904,-0.01786663383245468,True,2000,ok
all,hl60,cnn(7|3),sequence_ctcf_h3k4me3_rrbs,all,-0.06969942152500153,-0.029457200318574905,True,2000,ok
all,hl60,cnn(7|3),sequence_dnase_h3k4me3_rrbs,all,0.025351688265800476,0.11384323984384537,True,2000,ok
all,hl60,linear,sequence,sequence_ctcf,-3.4943222999572754e-06,0.02042786404490471,False,2000,ok
all,hl60,linear,sequence,sequence_dnase,-0.0045274049043655396,0.0010820761090144515,False,2000,ok
all,hl60,linear,sequence,sequence_h3k4me3,-0.00018693506717681885,0.008204357698559761,False,2000,ok
all,hl60,linear,sequence,sequence_rrbs,-0.017681391909718513,-0.003304316196590662,True,2000,ok
all,hl60,linear,sequence_ctcf,sequence_ctcf_dnase,-0.005723133683204651,0.00026551037444733083,False,2000,ok
all,hl60,linear,sequence_ctcf,sequence_ctcf_h3k4me3,-0.0018576725851744413,0.006663869135081768,False,2000,ok
all,hl60,linear,sequence_ctcf,sequence_ctcf_rrbs,-0.018272077664732933,-0.003685903502628207,True,2000,ok
all,hl60,linear,sequence_dnase,sequence_ctcf_dnase,-0.0008491486078128219,0.019768062978982925,False,2000,ok
all,hl60,linear,sequence_dnase,sequence_dnase_h3k4me3,-0.0010722785955294967,0.007144568953663111,False,2000,ok
all,hl60,linear,sequence_dnase,sequence_dnase_rrbs,-0.017940480262041092,-0.0035207942128181458,True,2000,ok
all,hl60,linear,sequence_h3k4me3,sequence_ctcf_h3k4me3,-0.0014822334051132202,0.018800487741827965,False,2000,ok
all,hl60,linear,sequence_h3k4me3,sequence_dnase_h3k4me3,-0.005491265561431646,-0.000310620671370998,True,2000,ok
all,hl60,linear,sequence_h3k4me3,sequence_h3k4me3_rrbs,-0.017747439444065094,-0.0033774911426007748,True,2000,ok
all,hl60,linear,sequence_rrbs,sequence_ctcf_rrbs,-0.0004759550211019814,0.020055774599313736,False,2000,ok
all,hl60,linear,sequence_rrbs,sequence_dnase_rrbs,-0.004757426679134369,0.0008109301561489701,False,2000,ok
all,hl60,linear,sequence_rrbs,sequence_h3k4me3_rrbs,-0.00034670828608796,0.008120362646877766,False,2000,ok
all,hl60,linear,sequence_ctcf_dnase,sequence_ctcf_dnase_h3k4me3,-0.0022038519382476807,0.006146167404949665,False,2000,ok
all,hl60,linear,sequence_ctcf_dnase,sequence_ctcf_dnase_rrbs,-0.018218718469142914,-0.003535166382789612,True,2000,ok
all,hl60,linear,sequence_ctcf_h3k4me3,sequence_ctcf_dnase_h3k4me3,-0.006196849048137665,-0.0003918170987162739,True,2000,ok
all,hl60,linear,sequence_ctcf_h3k4me3,sequence_ctcf_h3k4me3_rrbs,-0.01819043792784214,-0.003608302678912878,True,2000,ok
all,hl60,linear,sequence_ctcf_rrbs,sequence_ctcf_dnase_rrbs,-0.005565670318901539,0.00044386982335709035,False,2000,ok
all,hl60,linear,sequence_ctcf_rrbs,sequence_ctcf_h3k4me3_rrbs,-0.0017480462556704879,0.00680965930223465,False,2000,ok
all,hl60,linear,sequence_dnase_h3k4me3,sequence_ctcf_dnase_h3k4me3,-0.0019137501949444413,0.018404748290777206,False,2000,ok
all,hl60,linear,sequence_dnase_h3k4me3,sequence_dnase_h3k4me3_rrbs,-0.01770714297890663,-0.003302068915218115,True,2000,ok
all,hl60,linear,sequence_dnase_rrbs,sequence_ctcf_dnase_rrbs,-0.0010011732811108232,0.01976175233721733,False,2000,ok
all,hl60,linear,sequence_dnase_rrbs,sequence_dnase_h3k4me3_rrbs,-0.0008777811890468001,0.0073426528833806515,False,2000,ok
all,hl60,linear,sequence_h3k4me3_rrbs,sequence_ctcf_h3k4me3_rrbs,-0.0015358611708506942,0.018366962671279907,False,2000,ok
all,hl60,linear,sequence_h3k4me3_rrbs,sequence_dnase_h3k4me3_rrbs,-0.005419441964477301,-0.00026350171538069844,True,2000,ok
all,hl60,linear,sequence_ctcf_dnase_h3k4me3,all,-0.01804019883275032,-0.003452092409133911,True,2000,ok
all,hl60,linear,sequence_ctcf_dnase_rrbs,all,-0.0021532804239541292,0.006311751902103424,False,2000,ok
all,hl60,linear,sequence_ctcf_h3k4me3_rrbs,all,-0.005965356715023518,-0.00023887903080321848,True,2000,ok
all,hl60,linear,sequence_dnase_h3k4me3_rrbs,all,-0.0018315330380573869,0.018277989700436592,False,2000,ok
all,hl60,mlp,sequence,sequence_ctcf,-0.10103217512369156,-0.0350596159696579,True,2000,ok
all,hl60,mlp,sequence,sequence_dnase,0.015329335816204548,0.03900071606040001,True,2000,ok
all,hl60,mlp,sequence,sequence_h3k4me3,0.025893624871969223,0.05483148247003555,True,2000,ok
all,hl60,mlp,sequence,sequence_rrbs,-0.03632582724094391,-0.016517814248800278,True,2000,ok
all,hl60,mlp,sequence_ctcf,sequence_ctcf_dnase,-0.11502240598201752,-0.05763307958841324,True,2000,ok
all,hl60,mlp,sequence_ctcf,sequence_ctcf_h3k4me3,0.025357360020279884,0.07924352586269379,True,2000,ok
all,hl60,mlp,sequence_ctcf,sequence_ctcf_rrbs,-0.010174143128097057,0.016890212893486023,False,2000,ok
all,hl60,mlp,sequence_dnase,sequence_ctcf_dnase,-0.22507193684577942,-0.13641257584095,True,2000,ok
all,hl60,mlp,sequence_dnase,sequence_dnase_h3k4me3,-0.12821471691131592,-0.07979250699281693,True,2000,ok
all,hl60,mlp,sequence_dnase,sequence_dnase_rrbs,-0.005080890841782093,0.009558347053825855,False,2000,ok
all,hl60,mlp,sequence_h3k4me3,sequence_ctcf_h3k4me3,-0.07125655561685562,-0.039034586399793625,True,2000,ok
all,hl60,mlp,sequence_h3k4me3,sequence_dnase_h3k4me3,-0.14327962696552277,-0.090134397149086,True,2000,ok
all,hl60,mlp,sequence_h3k4me3,sequence_h3k4me3_rrbs,-0.039293527603149414,-0.005993667058646679,True,2000,ok
all,hl60,mlp,sequence_rrbs,sequence_ctcf_rrbs,-0.07139292359352112,-0.003942129202187061,True,2000,ok
all,hl60,mlp,sequence_rrbs,sequence_dnase_rrbs,0.039065178483724594,0.07165629416704178,True,2000,ok
all,hl60,mlp,sequence_rrbs,sequence_h3k4me3_rrbs,0.024299854412674904,0.06347598135471344,True,2000,ok
all,hl60,mlp,sequence_ctcf_dnase,sequence_ctcf_dnase_h3k4me3,0.06493060290813446,0.13530372083187103,True,2000,ok
all,hl60,mlp,sequence_ctcf_dnase,sequence_ctcf_dnase_rrbs,0.04961123690009117,0.10940001904964447,True,2000,ok
all,hl60,mlp,sequence_ctcf_h3k4me3,sequence_ctcf_dnase_h3k4me3,-0.05622507259249687,-0.019006337970495224,True,2000,ok
all,hl60,mlp,sequence_ctcf_h3k4me3,sequence_ctcf_h3k4me3_rrbs,-0.013568384572863579,0.0036322951782494783,False,2000,ok
all,hl60,mlp,sequence_ctcf_rrbs,sequence_ctcf_dnase_rrbs,-0.03404243290424347,0.01350281573832035,False,2000,ok
all,hl60,mlp,sequence_ctcf_rrbs,sequence_ctcf_h3k4me3_rrbs,0.017426850274205208,0.06999094784259796,True,2000,ok
all,hl60,mlp,sequence_dnase_h3k4me3,sequence_ctcf_dnase_h3k4me3,-0.0050905318930745125,0.05290434882044792,False,2000,ok
all,hl60,mlp,sequence_dnase_h3k4me3,sequence_dnase_h3k4me3_rrbs,0.05737699568271637,0.10261490195989609,True,2000,ok
all,hl60,mlp,sequence_dnase_rrbs,sequence_ctcf_dnase_rrbs,-0.13494914770126343,-0.07179553061723709,True,2000,ok
all,hl60,mlp,sequence_dnase_rrbs,sequence_dnase_h3k4me3_rrbs,-0.04312944784760475,-0.008133113384246826,True,2000,ok
all,hl60,mlp,sequence_h3k4me3_rrbs,sequence_ctcf_h3k4me3_rrbs,-0.060476094484329224,-0.013947946950793266,True,2000,ok
all,hl60,mlp,sequence_h3k4me3_rrbs,sequence_dnase_h3k4me3_rrbs,-0.03260878100991249,0.005564661230891943,False,2000,ok
all,hl60,mlp,sequence_ctcf_dnase_h3k4me3,all,-0.03943723812699318,-0.01348867081105709,True,2000,ok
all,hl60,mlp,sequence_ctcf_dnase_rrbs,all,-0.03136706352233887,0.018207916989922523,False,2000,ok
all,hl60,mlp,sequence_ctcf_h3k4me3_rrbs,all,-0.0834689810872078,-0.036632467061281204,True,2000,ok
all,hl60,mlp,sequence_dnase_h3k4me3_rrbs,all,-0.10768310725688934,-0.057806774973869324,True,2000,ok
all,hl60,transformer,sequence,sequence_ctcf,0.025302361696958542,0.08122368156909943,True,2000,ok
all,hl60,transformer,sequence,sequence_dnase,0.02089431881904602,0.07163017243146896,True,2000,ok
all,hl60,transformer,sequence,sequence_h3k4me3,0.06954777240753174,0.11722283810377121,True,2000,ok
all,hl60,transformer,sequence,sequence_rrbs,-0.02553636208176613,0.024076437577605247,False,2000,ok
all,hl60,transformer,sequence_ctcf,sequence_ctcf_dnase,-0.036855023354291916,0.01173890195786953,False,2000,ok
all,hl60,transformer,sequence_ctcf,sequence_ctcf_h3k4me3,0.046350039541721344,0.0898951068520546,True,2000,ok
all,hl60,transformer,sequence_ctcf,sequence_ctcf_rrbs,0.018121253699064255,0.03739989548921585,True,2000,ok
all,hl60,transformer,sequence_dnase,sequence_ctcf_dnase,-0.03185797482728958,0.02005162462592125,False,2000,ok
all,hl60,transformer,sequence_dnase,sequence_dnase_h3k4me3,0.011423704214394093,0.04364125058054924,True,2000,ok
all,hl60,transformer,sequence_dnase,sequence_dnase_rrbs,-0.03178318589925766,-0.006692227907478809,True,2000,ok
all,hl60,transformer,sequence_h3k4me3,sequence_ctcf_h3k4me3,0.008942755870521069,0.04841850697994232,True,2000,ok
all,hl60,transformer,sequence_h3k4me3,sequence_dnase_h3k4me3,-0.03365441411733627,-0.004893578588962555,True,2000,ok
all,hl60,transformer,sequence_h3k4me3,sequence_h3k4me3_rrbs,-0.013015111908316612,0.0031185150146484375,False,2000,ok
all,hl60,transformer,sequence_rrbs,sequence_ctcf_rrbs,0.054504744708538055,0.11263381689786911,True,2000,ok
all,hl60,transformer,sequence_rrbs,sequence_dnase_rrbs,0.0020400374196469784,0.057530540972948074,True,2000,ok
all,hl60,transformer,sequence_rrbs,sequence_h3k4me3_rrbs,0.0679686889052391,0.11383144557476044,True,2000,ok
all,hl60,transformer,sequence_ctcf_dnase,sequence_ctcf_dnase_h3k4me3,0.037083350121974945,0.08243381977081299,True,2000,ok
all,hl60,transformer,sequence_ctcf_dnase,sequence_ctcf_dnase_rrbs,-0.01310216449201107,0.0363072007894516,False,2000,ok
all,hl60,transformer,sequence_ctcf_h3k4me3,sequence_ctcf_dnase_h3k4me3,-0.03561233729124069,-0.007050952408462763,True,2000,ok
all,hl60,transformer,sequence_ctcf_h3k4me3,sequence_ctcf_h3k4me3_rrbs,-0.11961954087018967,-0.07205522060394287,True,2000,ok
all,hl60,transformer,sequence_ctcf_rrbs,sequence_ctcf_dnase_rrbs,-0.051842305809259415,-0.006150043103843927,True,2000,ok
all,hl60,transformer,sequence_ctcf_rrbs,sequence_ctcf_h3k4me3_rrbs,-0.07233304530382156,-0.036221783608198166,True,2000,ok
all,hl60,transformer,sequence_dnase_h3k4me3,sequence_ctcf_dnase_h3k4me3,0.008533544838428497,0.044473618268966675,True,2000,ok
all,hl60,transformer,sequence_dnase_h3k4me3,sequence_dnase_h3k4me3_rrbs,0.006857258267700672,0.02681814506649971,True,2000,ok
all,hl60,transformer,sequence_dnase_rrbs,sequence_ctcf_dnase_rrbs,-0.0023597567342221737,0.051733165979385376,False,2000,ok
all,hl60,transformer,sequence_dnase_rrbs,sequence_dnase_h3k4me3_rrbs,0.04669303819537163,0.08092990517616272,True,2000,ok
all,hl60,transformer,sequence_h3k4me3_rrbs,sequence_ctcf_h3k4me3_rrbs,-0.08226076513528824,-0.04270802438259125,True,2000,ok
all,hl60,transformer,sequence_h3k4me3_rrbs,sequence_dnase_h3k4me3_rrbs,-0.01212780736386776,0.01728103868663311,False,2000,ok
all,hl60,transformer,sequence_ctcf_dnase_h3k4me3,all,-0.062063053250312805,-0.02118079923093319,True,2000,ok
all,hl60,transformer,sequence_ctcf_dnase_rrbs,all,-0.01899905875325203,0.03422121703624725,False,2000,ok
all,hl60,transformer,sequence_ctcf_h3k4me3_rrbs,all,0.01019958220422268,0.056690335273742676,True,2000,ok
all,hl60,transformer,sequence_dnase_h3k4me3_rrbs,all,-0.056700449436903,-0.007180032320320606,True,2000,ok
all,hl60,xgboost,sequence,sequence_ctcf,-0.013114562258124352,0.01906001567840576,False,2000,ok
all,hl60,xgboost,sequence,sequence_dnase,-0.010845208540558815,0.004848577082157135,False,2000,ok
all,hl60,xgboost,sequence,sequence_h3k4me3,-0.003531345631927252,0.01316811703145504,False,2000,ok
all,hl60,xgboost,sequence,sequence_rrbs,-0.019042590633034706,0.004282525274902582,False,2000,ok
all,hl60,xgboost,sequence_ctcf,sequence_ctcf_dnase,0.006845294032245874,0.025060703977942467,True,2000,ok
all,hl60,xgboost,sequence_ctcf,sequence_ctcf_h3k4me3,-0.010611514560878277,0.009146628901362419,False,2000,ok
all,hl60,xgboost,sequence_ctcf,sequence_ctcf_rrbs,-0.012109635397791862,0.013034346513450146,False,2000,ok
all,hl60,xgboost,sequence_dnase,sequence_ctcf_dnase,0.006282252259552479,0.03845580667257309,True,2000,ok
all,hl60,xgboost,sequence_dnase,sequence_dnase_h3k4me3,-0.0004647582827601582,0.018115712329745293,False,2000,ok
all,hl60,xgboost,sequence_dnase,sequence_dnase_rrbs,-0.009927293285727501,0.012438473291695118,False,2000,ok
all,hl60,xgboost,sequence_h3k4me3,sequence_ctcf_h3k4me3,-0.01839979737997055,0.013894620351493359,False,2000,ok
all,hl60,xgboost,sequence_h3k4me3,sequence_dnase_h3k4me3,-0.00728152971714735,0.008689778856933117,False,2000,ok
all,hl60,xgboost,sequence_h3k4me3,sequence_h3k4me3_rrbs,-0.005018687341362238,0.015613364987075329,False,2000,ok
all,hl60,xgboost,sequence_rrbs,sequence_ctcf_rrbs,-0.005130772478878498,0.029234346002340317,False,2000,ok
all,hl60,xgboost,sequence_rrbs,sequence_dnase_rrbs,-0.0020723387133330107,0.014401760883629322,False,2000,ok
all,hl60,xgboost,sequence_rrbs,sequence_h3k4me3_rrbs,0.007063098251819611,0.02850627899169922,True,2000,ok
all,hl60,xgboost,sequence_ctcf_dnase,sequence_ctcf_dnase_h3k4me3,-0.04808109253644943,-0.022980403155088425,True,2000,ok
all,hl60,xgboost,sequence_ctcf_dnase,sequence_ctcf_dnase_rrbs,-0.031246652826666832,-0.004378142766654491,True,2000,ok
all,hl60,xgboost,sequence_ctcf_h3k4me3,sequence_ctcf_dnase_h3k4me3,-0.029377439990639687,-0.008687367662787437,True,2000,ok
all,hl60,xgboost,sequence_ctcf_h3k4me3,sequence_ctcf_h3k4me3_rrbs,-0.020953038707375526,0.004814162850379944,False,2000,ok
all,hl60,xgboost,sequence_ctcf_rrbs,sequence_ctcf_dnase_rrbs,-0.011564466170966625,0.007202711887657642,False,2000,ok
all,hl60,xgboost,sequence_ctcf_rrbs,sequence_ctcf_h3k4me3_rrbs,-0.018871072679758072,0.0007371336105279624,False,2000,ok
all,hl60,xgboost,sequence_dnase_h3k4me3,sequence_ctcf_dnase_h3k4me3,-0.04030143469572067,-0.003823664737865329,True,2000,ok
all,hl60,xgboost,sequence_dnase_h3k4me3,sequence_dnase_h3k4me3_rrbs,-0.01117184292525053,0.010828210040926933,False,2000,ok
all,hl60,xgboost,sequence_dnase_rrbs,sequence_ctcf_dnase_rrbs,-0.012822953052818775,0.019897593185305595,False,2000,ok
all,hl60,xgboost,sequence_dnase_rrbs,sequence_dnase_h3k4me3_rrbs,-0.00199602241627872,0.015687566250562668,False,2000,ok
all,hl60,xgboost,sequence_h3k4me3_rrbs,sequence_ctcf_h3k4me3_rrbs,-0.03165685757994652,0.0016412570839747787,False,2000,ok
all,hl60,xgboost,sequence_h3k4me3_rrbs,sequence_dnase_h3k4me3_rrbs,-0.012771469540894032,0.002763225231319666,False,2000,ok
all,hl60,xgboost,sequence_ctcf_dnase_h3k4me3,all,-0.013091519474983215,0.015459504909813404,False,2000,ok
all,hl60,xgboost,sequence_ctcf_dnase_rrbs,all,-0.027844760566949844,-0.005981326103210449,True,2000,ok
all,hl60,xgboost,sequence_ctcf_h3k4me3_rrbs,all,-0.01988673210144043,-0.0007874190923757851,True,2000,ok
all,hl60,xgboost,sequence_dnase_h3k4me3_rrbs,all,-0.038777392357587814,-0.0013338476419448853,True,2000,ok
mixed,none,cnn(3|3),sequence,sequence_ctcf,-0.03034733049571514,-0.008614398539066315,True,2000,ok
mixed,none,cnn(3|3),sequence,sequence_dnase,-0.01892317458987236,-0.0021620795596390963,True,2000,ok
mixed,none,cnn(3|3),sequence,sequence_h3k4me3,-0.012990312650799751,0.0061166598461568356,False,2000,ok
mixed,none,cnn(3|3),sequence,sequence_rrbs,-0.018688488751649857,0.0005199983716011047,False,2000,ok
mixed,none,cnn(3|3),sequence_ctcf,sequence_ctcf_dnase,0.01199165266007185,0.03874257951974869,True,2000,ok
mixed,none,cnn(3|3),sequence_ctcf,sequence_ctcf_h3k4me3,0.01264093816280365,0.038873907178640366,True,2000,ok
mixed,none,cnn(3|3),sequence_ctcf,sequence_ctcf_rrbs,0.009707696735858917,0.03693089634180069,True,2000,ok
mixed,none,cnn(3|3),sequence_dnase,sequence_ctcf_dnase,0.005267278756946325,0.027544056996703148,True,2000,ok
mixed,none,cnn(3|3),sequence_dnase,sequence_dnase_h3k4me3,0.002009376883506775,0.026920687407255173,True,2000,ok
mixed,none,cnn(3|3),sequence_dnase,sequence_dnase_rrbs,0.0006591156125068665,0.024812128394842148,True,2000,ok
mixed,none,cnn(3|3),sequence_h3k4me3,sequence_ctcf_h3k4me3,-0.001289705978706479,0.020686348900198936,False,2000,ok
mixed,none,cnn(3|3),sequence_h3k4me3,sequence_dnase_h3k4me3,-0.0045749470591545105,0.018246779218316078,False,2000,ok
mixed,none,cnn(3|3),sequence_h3k4me3,sequence_h3k4me3_rrbs,-0.00892332661896944,0.014683125540614128,False,2000,ok
mixed,none,cnn(3|3),sequence_rrbs,sequence_ctcf_rrbs,0.002238665474578738,0.02335907518863678,True,2000,ok
mixed,none,cnn(3|3),sequence_rrbs,sequence_dnase_rrbs,6.224661774467677e-05,0.02203691191971302,True,2000,ok
mixed,none,cnn(3|3),sequence_rrbs,sequence_h3k4me3_rrbs,-0.002353563904762268,0.021048838272690773,False,2000,ok
mixed,none,cnn(3|3),sequence_ctcf_dnase,sequence_ctcf_dnase_h3k4me3,-0.026349427178502083,-0.0017767443787306547,True,2000,ok
mixed,none,cnn(3|3),sequence_ctcf_dnase,sequence_ctcf_dnase_rrbs,-0.02093381993472576,0.002897895872592926,False,2000,ok
mixed,none,cnn(3|3),sequence_ctcf_h3k4me3,sequence_ctcf_dnase_h3k4me3,-0.027559509500861168,-0.002434338675811887,True,2000,ok
mixed,none,cnn(3|3),sequence_ctcf_h3k4me3,sequence_ctcf_h3k4me3_rrbs,-0.024625981226563454,-0.00275011220946908,True,2000,ok
mixed,none,cnn(3|3),sequence_ctcf_rrbs,sequence_ctcf_dnase_rrbs,-0.018812056630849838,0.00515636196359992,False,2000,ok
mixed,none,cnn(3|3),sequence_ctcf_rrbs,sequence_ctcf_h3k4me3_rrbs,-0.02173883095383644,0.0002231851249234751,False,2000,ok
mixed,none,cnn(3|3),sequence_dnase_h3k4me3,sequence_ctcf_dnase_h3k4me3,-0.028123170137405396,0.0031586200930178165,False,2000,ok
mixed,none,cnn(3|3),sequence_dnase_h3k4me3,sequence_dnase_h3k4me3_rrbs,-0.029934696853160858,0.0013656169176101685,False,2000,ok
mixed,none,cnn(3|3),sequence_dnase_rrbs,sequence_ctcf_dnase_rrbs,-0.020167523995041847,0.009498154744505882,False,2000,ok
mixed,none,cnn(3|3),sequence_dnase_rrbs,sequence_dnase_h3k4me3_rrbs,-0.02760312706232071,0.0029950886964797974,False,2000,ok
mixed,none,cnn(3|3),sequence_h3k4me3_rrbs,sequence_ctcf_h3k4me3_rrbs,-0.020933333784341812,0.006942159030586481,False,2000,ok
mixed,none,cnn(3|3),sequence_h3k4me3_rrbs,sequence_dnase_h3k4me3_rrbs,-0.026790598407387733,0.006114630494266748,False,2000,ok
mixed,none,cnn(3|3),sequence_ctcf_dnase_h3k4me3,all,-0.0037138224579393864,0.017640845850110054,False,2000,ok
mixed,none,cnn(3|3),sequence_ctcf_dnase_rrbs,all,-0.009216656908392906,0.013423907570540905,False,2000,ok
mixed,none,cnn(3|3),sequence_ctcf_h3k4me3_rrbs,all,-0.004926915280520916,0.015638966113328934,False,2000,ok
mixed,none,cnn(3|3),sequence_dnase_h3k4me3_rrbs,all,-0.0030972256790846586,0.021007375791668892,False,2000,ok
mixed,none,cnn(3|3),sequence,sequence_ctcf,-0.012274494394659996,0.009470166638493538,False,2000,ok
mixed,none,cnn(3|3),sequence,sequence_dnase,-0.006356638856232166,0.008465123362839222,False,2000,ok
mixed,none,cnn(3|3),sequence,sequence_h3k4me3,-0.009006865322589874,0.009971939027309418,False,2000,ok
mixed,none,cnn(3|3),sequence,sequence_rrbs,-0.012553619220852852,0.0030830814503133297,False,2000,ok
mixed,none,cnn(3|3),sequence_ctcf,sequence_ctcf_dnase,-0.012950736097991467,0.004222774412482977,False,2000,ok
mixed,none,cnn(3|3),sequence_ctcf,sequence_ctcf_h3k4me3,-0.012131251394748688,0.0058029890060424805,False,2000,ok
mixed,none,cnn(3|3),sequence_ctcf,sequence_ctcf_rrbs,-0.013673183508217335,0.0031156986951828003,False,2000,ok
mixed,none,cnn(3|3),sequence_dnase,sequence_ctcf_dnase,-0.01772993989288807,0.004145102109760046,False,2000,ok
mixed,none,cnn(3|3),sequence_dnase,sequence_dnase_h3k4me3,-0.00783274881541729,0.010258300229907036,False,2000,ok
mixed,none,cnn(3|3),sequence_dnase,sequence_dnase_rrbs,-0.018358640372753143,-0.000334976619342342,True,2000,ok
mixed,none,cnn(3|3),sequence_h3k4me3,sequence_ctcf_h3k4me3,-0.01845606043934822,0.008173136040568352,False,2000,ok
mixed,none,cnn(3|3),sequence_h3k4me3,sequence_dnase_h3k4me3,-0.0066003575921058655,0.010344535112380981,False,2000,ok
mixed,none,cnn(3|3),sequence_h3k4me3,sequence_h3k4me3_rrbs,-0.017490865662693977,0.002552032470703125,False,2000,ok
mixed,none,cnn(3|3),sequence_rrbs,sequence_ctcf_rrbs,-0.01386347133666277,0.010043296031653881,False,2000,ok
mixed,none,cnn(3|3),sequence_rrbs,sequence_dnase_rrbs,-0.012930193915963173,0.0057631791569292545,False,2000,ok
mixed,none,cnn(3|3),sequence_rrbs,sequence_h3k4me3_rrbs,-0.009923070669174194,0.0064379749819636345,False,2000,ok
mixed,none,cnn(3|3),sequence_ctcf_dnase,sequence_ctcf_dnase_h3k4me3,-0.006060592830181122,0.014677479863166809,False,2000,ok
mixed,none,cnn(3|3),sequence_ctcf_dnase,sequence_ctcf_dnase_rrbs,-0.010272937826812267,0.012425671331584454,False,2000,ok
mixed,none,cnn(3|3),sequence_ctcf_h3k4me3,sequence_ctcf_dnase_h3k4me3,-0.0077715725637972355,0.013706994242966175,False,2000,ok
mixed,none,cnn(3|3),sequence_ctcf_h3k4me3,sequence_ctcf_h3k4me3_rrbs,-0.010222924873232841,0.008425800129771233,False,2000,ok
mixed,none,cnn(3|3),sequence_ctcf_rrbs,sequence_ctcf_dnase_rrbs,-0.009329132735729218,0.012923981063067913,False,2000,ok
mixed,none,cnn(3|3),sequence_ctcf_rrbs,sequence_ctcf_h3k4me3_rrbs,-0.00866049062460661,0.011092156171798706,False,2000,ok
mixed,none,cnn(3|3),sequence_dnase_h3k4me3,sequence_ctcf_dnase_h3k4me3,-0.013787862844765186,0.005930230021476746,False,2000,ok
mixed,none,cnn(3|3),sequence_dnase_h3k4me3,sequence_dnase_h3k4me3_rrbs,-0.014667637646198273,0.007782159838825464,False,2000,ok
mixed,none,cnn(3|3),sequence_dnase_rrbs,sequence_ctcf_dnase_rrbs,-0.009919798001646996,0.01640024222433567,False,2000,ok
mixed,none,cnn(3|3),sequence_dnase_rrbs,sequence_dnase_h3k4me3_rrbs,-0.0069590224884450436,0.020267996937036514,False,2000,ok
mixed,none,cnn(3|3),sequence_h3k4me3_rrbs,sequence_ctcf_h3k4me3_rrbs,-0.008646026253700256,0.010665925219655037,False,2000,ok
mixed,none,cnn(3|3),sequence_h3k4me3_rrbs,sequence_dnase_h3k4me3_rrbs,-0.005779922008514404,0.016114024445414543,False,2000,ok
mixed,none,cnn(3|3),sequence_ctcf_dnase_h3k4me3,all,-0.027848152443766594,-0.009502777829766273,True,2000,ok
mixed,none,cnn(3|3),sequence_ctcf_dnase_rrbs,all,-0.02446497417986393,-0.006020186934620142,True,2000,ok
mixed,none,cnn(3|3),sequence_ctcf_h3k4me3_rrbs,all,-0.025574970990419388,-0.0032733753323554993,True,2000,ok
mixed,none,cnn(3|3),sequence_dnase_h3k4me3_rrbs,all,-0.03126617148518562,-0.006445489823818207,True,2000,ok
mixed,none,cnn(3|3),sequence,sequence_ctcf,-0.01833123341202736,0.0068917409516870975,False,2000,ok
mixed,none,cnn(3|3),sequence,sequence_dnase,-0.012349465861916542,0.007294358219951391,False,2000,ok
mixed,none,cnn(3|3),sequence,sequence_h3k4me3,-0.019472315907478333,0.0028059794567525387,False,2000,ok
mixed,none,cnn(3|3),sequence,sequence_rrbs,-0.0133435083553195,0.0058659776113927364,False,2000,ok
mixed,none,cnn(3|3),sequence_ctcf,sequence_ctcf_dnase,-0.006432616617530584,0.015565936453640461,False,2000,ok
mixed,none,cnn(3|3),sequence_ctcf,sequence_ctcf_h3k4me3,-0.0005515411612577736,0.01988997682929039,False,2000,ok
mixed,none,cnn(3|3),sequence_ctcf,sequence_ctcf_rrbs,-0.0018531307578086853,0.0173343438655138,False,2000,ok
mixed,none,cnn(3|3),sequence_dnase,sequence_ctcf_dnase,-0.009283497929573059,0.0111942607909441,False,2000,ok
mixed,none,cnn(3|3),sequence_dnase,sequence_dnase_h3k4me3,-0.02491968497633934,-0.003547178115695715,True,2000,ok
mixed,none,cnn(3|3),sequence_dnase,sequence_dnase_rrbs,-0.021805137395858765,-0.0032850385177880526,True,2000,ok
mixed,none,cnn(3|3),sequence_h3k4me3,sequence_ctcf_h3k4me3,0.001993611454963684,0.022569291293621063,True,2000,ok
mixed,none,cnn(3|3),sequence_h3k4me3,sequence_dnase_h3k4me3,-0.019135648384690285,0.0024723007809370756,False,2000,ok
mixed,none,cnn(3|3),sequence_h3k4me3,sequence_h3k4me3_rrbs,-0.012159399688243866,0.007682044990360737,False,2000,ok
mixed,none,cnn(3|3),sequence_rrbs,sequence_ctcf_rrbs,-0.0074212937615811825,0.017775168642401695,False,2000,ok
mixed,none,cnn(3|3),sequence_rrbs,sequence_dnase_rrbs,-0.020143035799264908,-0.002924680709838867,True,2000,ok
mixed,none,cnn(3|3),sequence_rrbs,sequence_h3k4me3_rrbs,-0.013852782547473907,0.0004918977501802146,False,2000,ok
mixed,none,cnn(3|3),sequence_ctcf_dnase,sequence_ctcf_dnase_h3k4me3,-0.010006542317569256,0.010374605655670166,False,2000,ok
mixed,none,cnn(3|3),sequence_ctcf_dnase,sequence_ctcf_dnase_rrbs,-0.012112329714000225,0.011500735767185688,False,2000,ok
mixed,none,cnn(3|3),sequence_ctcf_h3k4me3,sequence_ctcf_dnase_h3k4me3,-0.012491516768932343,0.0028614476323127747,False,2000,ok
mixed,none,cnn(3|3),sequence_ctcf_h3k4me3,sequence_ctcf_h3k4me3_rrbs,-0.011874446645379066,0.0028353766538202763,False,2000,ok
mixed,none,cnn(3|3),sequence_ctcf_rrbs,sequence_ctcf_dnase_rrbs,-0.011650661006569862,0.004239662084728479,False,2000,ok
mixed,none,cnn(3|3),sequence_ctcf_rrbs,sequence_ctcf_h3k4me3_rrbs,-0.010714733973145485,0.005379903130233288,False,2000,ok
mixed,none,cnn(3|3),sequence_dnase_h3k4me3,sequence_ctcf_dnase_h3k4me3,0.00216438015922904,0.028521046042442322,True,2000,ok
mixed,none,cnn(3|3),sequence_dnase_h3k4me3,sequence_dnase_h3k4me3_rrbs,0.0012269869912415743,0.02384660765528679,True,2000,ok
mixed,none,cnn(3|3),sequence_dnase_rrbs,sequence_ctcf_dnase_rrbs,-0.0006877824780531228,0.02768080122768879,False,2000,ok
mixed,none,cnn(3|3),sequence_dnase_rrbs,sequence_dnase_h3k4me3_rrbs,0.000661209225654602,0.021753011271357536,True,2000,ok
mixed,none,cnn(3|3),sequence_h3k4me3_rrbs,sequence_ctcf_h3k4me3_rrbs,-0.000170879065990448,0.01985783502459526,False,2000,ok
mixed,none,cnn(3|3),sequence_h3k4me3_rrbs,sequence_dnase_h3k4me3_rrbs,-0.002028173301368952,0.015261361375451088,False,2000,ok
mixed,none,cnn(3|3),sequence_ctcf_dnase_h3k4me3,all,-0.008752544410526752,0.005256217904388905,False,2000,ok
mixed,none,cnn(3|3),sequence_ctcf_dnase_rrbs,all,-0.010013657622039318,0.007725319359451532,False,2000,ok
mixed,none,cnn(3|3),sequence_ctcf_h3k4me3_rrbs,all,-0.009811353869736195,0.005879549775272608,False,2000,ok
mixed,none,cnn(3|3),sequence_dnase_h3k4me3_rrbs,all,-0.008323547430336475,0.009896064177155495,False,2000,ok
mixed,none,cnn(3|3),sequence,sequence_ctcf,0.0010583013063296676,0.018511813133955002,True,2000,ok
mixed,none,cnn(3|3),sequence,sequence_dnase,-0.002200248884037137,0.013269585557281971,False,2000,ok
mixed,none,cnn(3|3),sequence,sequence_h3k4me3,-0.0014725804794579744,0.014831341803073883,False,2000,ok
mixed,none,cnn(3|3),sequence,sequence_rrbs,-0.02569345012307167,-0.005204229149967432,True,2000,ok
mixed,none,cnn(3|3),sequence_ctcf,sequence_ctcf_dnase,-0.02009311318397522,-0.003007809864357114,True,2000,ok
mixed,none,cnn(3|3),sequence_ctcf,sequence_ctcf_h3k4me3,-0.026852553710341454,-0.006761367432773113,True,2000,ok
mixed,none,cnn(3|3),sequence_ctcf,sequence_ctcf_rrbs,-0.01693546399474144,0.000931332993786782,False,2000,ok
mixed,none,cnn(3|3),sequence_dnase,sequence_ctcf_dnase,-0.017701048403978348,0.003327128244563937,False,2000,ok
mixed,none,cnn(3|3),sequence_dnase,sequence_dnase_h3k4me3,-0.025411861017346382,-0.005805757828056812,True,2000,ok
mixed,none,cnn(3|3),sequence_dnase,sequence_dnase_rrbs,-0.02146185003221035,-0.0030828057788312435,True,2000,ok
mixed,none,cnn(3|3),sequence_h3k4me3,sequence_ctcf_h3k4me3,-0.024456188082695007,-0.0028987780679017305,True,2000,ok
mixed,none,cnn(3|3),sequence_h3k4me3,sequence_dnase_h3k4me3,-0.026892628520727158,-0.0068073570728302,True,2000,ok
mixed,none,cnn(3|3),sequence_h3k4me3,sequence_h3k4me3_rrbs,-0.009536814875900745,0.005395648069679737,False,2000,ok
mixed,none,cnn(3|3),sequence_rrbs,sequence_ctcf_rrbs,0.004851602017879486,0.03023700974881649,True,2000,ok
mixed,none,cnn(3|3),sequence_rrbs,sequence_dnase_rrbs,0.002124704420566559,0.01587170921266079,True,2000,ok
mixed,none,cnn(3|3),sequence_rrbs,sequence_h3k4me3_rrbs,0.009003196842968464,0.03204729035496712,True,2000,ok
mixed,none,cnn(3|3),sequence_ctcf_dnase,sequence_ctcf_dnase_h3k4me3,-0.002913729753345251,0.022054370492696762,False,2000,ok
mixed,none,cnn(3|3),sequence_ctcf_dnase,sequence_ctcf_dnase_rrbs,-0.019525617361068726,0.0006692558526992798,False,2000,ok
mixed,none,cnn(3|3),sequence_ctcf_h3k4me3,sequence_ctcf_dnase_h3k4me3,0.003470094408839941,0.026822270825505257,True,2000,ok
mixed,none,cnn(3|3),sequence_ctcf_h3k4me3,sequence_ctcf_h3k4me3_rrbs,-0.009015314280986786,0.006309123244136572,False,2000,ok
mixed,none,cnn(3|3),sequence_ctcf_rrbs,sequence_ctcf_dnase_rrbs,-0.024491149932146072,-0.001892733620479703,True,2000,ok
mixed,none,cnn(3|3),sequence_ctcf_rrbs,sequence_ctcf_h3k4me3_rrbs,-0.020613467320799828,0.0004468783736228943,False,2000,ok
mixed,none,cnn(3|3),sequence_dnase_h3k4me3,sequence_ctcf_dnase_h3k4me3,0.006029209587723017,0.030116496607661247,True,2000,ok
mixed,none,cnn(3|3),sequence_dnase_h3k4me3,sequence_dnase_h3k4me3_rrbs,-0.00843755155801773,0.006110684480518103,False,2000,ok
mixed,none,cnn(3|3),sequence_dnase_rrbs,sequence_ctcf_dnase_rrbs,-0.013900794088840485,0.004457822535187006,False,2000,ok
mixed,none,cnn(3|3),sequence_dnase_rrbs,sequence_dnase_h3k4me3_rrbs,-0.011821302585303783,0.0028347312472760677,False,2000,ok
mixed,none,cnn(3|3),sequence_h3k4me3_rrbs,sequence_ctcf_h3k4me3_rrbs,-0.022567396983504295,-0.002958349883556366,True,2000,ok
mixed,none,cnn(3|3),sequence_h3k4me3_rrbs,sequence_dnase_h3k4me3_rrbs,-0.0263462383300066,-0.004823350813239813,True,2000,ok
mixed,none,cnn(3|3),sequence_ctcf_dnase_h3k4me3,all,-0.017176266759634018,0.004521867725998163,False,2000,ok
mixed,none,cnn(3|3),sequence_ctcf_dnase_rrbs,all,0.001994560705497861,0.024340545758605003,True,2000,ok
mixed,none,cnn(3|3),sequence_ctcf_h3k4me3_rrbs,all,-0.0014579519629478455,0.021805990487337112,False,2000,ok
mixed,none,cnn(3|3),sequence_dnase_h3k4me3_rrbs,all,0.003362242830917239,0.022600997239351273,True,2000,ok
mixed,none,cnn(5|3),sequence,sequence_ctcf,-0.011002789251506329,0.01888824999332428,False,2000,ok
mixed,none,cnn(5|3),sequence,sequence_dnase,-0.005408282391726971,0.021465810015797615,False,2000,ok
mixed,none,cnn(5|3),sequence,sequence_h3k4me3,-0.023500492796301842,0.0034002959728240967,False,2000,ok
mixed,none,cnn(5|3),sequence,sequence_rrbs,-0.028012853115797043,-0.0007439375040121377,True,2000,ok
mixed,none,cnn(5|3),sequence_ctcf,sequence_ctcf_dnase,-0.043207451701164246,-0.012011992745101452,True,2000,ok
mixed,none,cnn(5|3),sequence_ctcf,sequence_ctcf_h3k4me3,-0.05641426891088486,-0.02117668092250824,True,2000,ok
mixed,none,cnn(5|3),sequence_ctcf,sequence_ctcf_rrbs,-0.03680083900690079,-0.003134648548439145,True,2000,ok
mixed,none,cnn(5|3),sequence_dnase,sequence_ctcf_dnase,-0.04837987944483757,-0.016036275774240494,True,2000,ok
mixed,none,cnn(5|3),sequence_dnase,sequence_dnase_h3k4me3,-0.028036531060934067,-0.0015262439846992493,True,2000,ok
mixed,none,cnn(5|3),sequence_dnase,sequence_dnase_rrbs,-0.04201068729162216,-0.008386805653572083,True,2000,ok
mixed,none,cnn(5|3),sequence_h3k4me3,sequence_ctcf_h3k4me3,-0.04291233420372009,-0.008863689377903938,True,2000,ok
mixed,none,cnn(5|3),sequence_h3k4me3,sequence_dnase_h3k4me3,-0.009679026901721954,0.017137838527560234,False,2000,ok
mixed,none,cnn(5|3),sequence_h3k4me3,sequence_h3k4me3_rrbs,-0.025683406740427017,0.004144166596233845,False,2000,ok
mixed,none,cnn(5|3),sequence_rrbs,sequence_ctcf_rrbs,-0.015641095116734505,0.012039932422339916,False,2000,ok
mixed,none,cnn(5|3),sequence_rrbs,sequence_dnase_rrbs,-0.01707155629992485,0.011348088271915913,False,2000,ok
mixed,none,cnn(5|3),sequence_rrbs,sequence_h3k4me3_rrbs,-0.022617962211370468,0.008237980306148529,False,2000,ok
mixed,none,cnn(5|3),sequence_ctcf_dnase,sequence_ctcf_dnase_h3k4me3,-0.0175273846834898,0.01369908731430769,False,2000,ok
mixed,none,cnn(5|3),sequence_ctcf_dnase,sequence_ctcf_dnase_rrbs,0.005263517610728741,0.03486670181155205,True,2000,ok
mixed,none,cnn(5|3),sequence_ctcf_h3k4me3,sequence_ctcf_dnase_h3k4me3,-0.006087781395763159,0.026088988408446312,False,2000,ok
mixed,none,cnn(5|3),sequence_ctcf_h3k4me3,sequence_ctcf_h3k4me3_rrbs,0.003037738846614957,0.034318648278713226,True,2000,ok
mixed,none,cnn(5|3),sequence_ctcf_rrbs,sequence_ctcf_dnase_rrbs,-0.004117169883102179,0.029171429574489594,False,2000,ok
mixed,none,cnn(5|3),sequence_ctcf_rrbs,sequence_ctcf_h3k4me3_rrbs,-0.019505228847265244,0.018727457150816917,False,2000,ok
mixed,none,cnn(5|3),sequence_dnase_h3k4me3,sequence_ctcf_dnase_h3k4me3,-0.037213388830423355,-0.0014649986987933517,True,2000,ok
mixed,none,cnn(5|3),sequence_dnase_h3k4me3,sequence_dnase_h3k4me3_rrbs,-0.03582078963518143,-0.0013126939302310348,True,2000,ok
mixed,none,cnn(5|3),sequence_dnase_rrbs,sequence_ctcf_dnase_rrbs,-0.004607890732586384,0.03190677613019943,False,2000,ok
mixed,none,cnn(5|3),sequence_dnase_rrbs,sequence_dnase_h3k4me3_rrbs,-0.02738075889647007,0.012623585760593414,False,2000,ok
mixed,none,cnn(5|3),sequence_h3k4me3_rrbs,sequence_ctcf_h3k4me3_rrbs,-0.012270952574908733,0.020246420055627823,False,2000,ok
mixed,none,cnn(5|3),sequence_h3k4me3_rrbs,sequence_dnase_h3k4me3_rrbs,-0.019772153347730637,0.011346833780407906,False,2000,ok
mixed,none,cnn(5|3),sequence_ctcf_dnase_h3k4me3,all,0.0038021609652787447,0.04577793926000595,True,2000,ok
mixed,none,cnn(5|3),sequence_ctcf_dnase_rrbs,all,-0.013986974954605103,0.019690100103616714,False,2000,ok
mixed,none,cnn(5|3),sequence_ctcf_h3k4me3_rrbs,all,-0.004758261144161224,0.03608621284365654,False,2000,ok
mixed,none,cnn(5|3),sequence_dnase_h3k4me3_rrbs,all,0.0027934014797210693,0.044361941516399384,True,2000,ok
mixed,none,cnn(5|3),sequence,sequence_ctcf,-0.01925882138311863,0.016074664890766144,False,2000,ok
mixed,none,cnn(5|3),sequence,sequence_dnase,-0.010315309278666973,0.02177305333316326,False,2000,ok
mixed,none,cnn(5|3),sequence,sequence_h3k4me3,-0.003703917609527707,0.034333158284425735,False,2000,ok
mixed,none,cnn(5|3),sequence,sequence_rrbs,-0.019361045211553574,0.013042360544204712,False,2000,ok
mixed,none,cnn(5|3),sequence_ctcf,sequence_ctcf_dnase,-0.009275317192077637,0.025537503883242607,False,2000,ok
mixed,none,cnn(5|3),sequence_ctcf,sequence_ctcf_h3k4me3,-0.011072968132793903,0.021474050357937813,False,2000,ok
mixed,none,cnn(5|3),sequence_ctcf,sequence_ctcf_rrbs,-0.012238539755344391,0.025919098407030106,False,2000,ok
mixed,none,cnn(5|3),sequence_dnase,sequence_ctcf_dnase,-0.01576222851872444,0.016412876546382904,False,2000,ok
mixed,none,cnn(5|3),sequence_dnase,sequence_dnase_h3k4me3,-0.011681768111884594,0.02365151233971119,False,2000,ok
mixed,none,cnn(5|3),sequence_dnase,sequence_dnase_rrbs,-0.016945473849773407,0.015532468445599079,False,2000,ok
mixed,none,cnn(5|3),sequence_h3k4me3,sequence_ctcf_h3k4me3,-0.027284270152449608,0.0024442016147077084,False,2000,ok
mixed,none,cnn(5|3),sequence_h3k4me3,sequence_dnase_h3k4me3,-0.01588568463921547,0.009279144927859306,False,2000,ok
mixed,none,cnn(5|3),sequence_h3k4me3,sequence_h3k4me3_rrbs,-0.029047632589936256,-0.0022164464462548494,True,2000,ok
mixed,none,cnn(5|3),sequence_rrbs,sequence_ctcf_rrbs,-0.010597256012260914,0.026851903647184372,False,2000,ok
mixed,none,cnn(5|3),sequence_rrbs,sequence_dnase_rrbs,-0.009129595942795277,0.025163492187857628,False,2000,ok
mixed,none,cnn(5|3),sequence_rrbs,sequence_h3k4me3_rrbs,-0.014097047969698906,0.01985975168645382,False,2000,ok
mixed,none,cnn(5|3),sequence_ctcf_dnase,sequence_ctcf_dnase_h3k4me3,-0.016391301527619362,0.017397142946720123,False,2000,ok
mixed,none,cnn(5|3),sequence_ctcf_dnase,sequence_ctcf_dnase_rrbs,-0.021763194352388382,0.013744932599365711,False,2000,ok
mixed,none,cnn(5|3),sequence_ctcf_h3k4me3,sequence_ctcf_dnase_h3k4me3,-0.013168868608772755,0.018668092787265778,False,2000,ok
mixed,none,cnn(5|3),sequence_ctcf_h3k4me3,sequence_ctcf_h3k4me3_rrbs,-0.0010645553702488542,0.026834411546587944,False,2000,ok
mixed,none,cnn(5|3),sequence_ctcf_rrbs,sequence_ctcf_dnase_rrbs,-0.019388673827052116,0.014149874448776245,False,2000,ok
mixed,none,cnn(5|3),sequence_ctcf_rrbs,sequence_ctcf_h3k4me3_rrbs,-0.003916703164577484,0.026710327714681625,False,2000,ok
mixed,none,cnn(5|3),sequence_dnase_h3k4me3,sequence_ctcf_dnase_h3k4me3,-0.01978064514696598,0.009023122489452362,False,2000,ok
mixed,none,cnn(5|3),sequence_dnase_h3k4me3,sequence_dnase_h3k4me3_rrbs,-0.018641723319888115,0.008080096915364265,False,2000,ok
mixed,none,cnn(5|3),sequence_dnase_rrbs,sequence_ctcf_dnase_rrbs,-0.022228913381695747,0.017363211140036583,False,2000,ok
mixed,none,cnn(5|3),sequence_dnase_rrbs,sequence_dnase_h3k4me3_rrbs,-0.014331957325339317,0.0173093993216753,False,2000,ok
mixed,none,cnn(5|3),sequence_h3k4me3_rrbs,sequence_ctcf_h3k4me3_rrbs,0.003203707979992032,0.029972774907946587,True,2000,ok
mixed,none,cnn(5|3),sequence_h3k4me3_rrbs,sequence_dnase_h3k4me3_rrbs,-0.004700593650341034,0.018470091745257378,False,2000,ok
mixed,none,cnn(5|3),sequence_ctcf_dnase_h3k4me3,all,-0.0371745303273201,0.009562641382217407,False,2000,ok
mixed,none,cnn(5|3),sequence_ctcf_dnase_rrbs,all,-0.03186173737049103,0.012390533462166786,False,2000,ok
mixed,none,cnn(5|3),sequence_ctcf_h3k4me3_rrbs,all,-0.04632006585597992,-0.0004804328200407326,True,2000,ok
mixed,none,cnn(5|3),sequence_dnase_h3k4me3_rrbs,all,-0.03642373904585838,0.008727033622562885,False,2000,ok
mixed,none,cnn(5|3),sequence,sequence_ctcf,-0.0221917275339365,0.013882644474506378,False,2000,ok
mixed,none,cnn(5|3),sequence,sequence_dnase,-0.018996911123394966,0.012737249955534935,False,2000,ok
mixed,none,cnn(5|3),sequence,sequence_h3k4me3,-0.018318738788366318,0.015048432163894176,False,2000,ok
mixed,none,cnn(5|3),sequence,sequence_rrbs,-0.019977113232016563,0.012518307194113731,False,2000,ok
mixed,none,cnn(5|3),sequence_ctcf,sequence_ctcf_dnase,-0.02853759005665779,0.002902272390201688,False,2000,ok
mixed,none,cnn(5|3),sequence_ctcf,sequence_ctcf_h3k4me3,-0.026511194184422493,0.0023166551254689693,False,2000,ok
mixed,none,cnn(5|3),sequence_ctcf,sequence_ctcf_rrbs,-0.03130117431282997,0.00166988221462816,False,2000,ok
mixed,none,cnn(5|3),sequence_dnase,sequence_ctcf_dnase,-0.029541032388806343,0.0024401992559432983,False,2000,ok
mixed,none,cnn(5|3),sequence_dnase,sequence_dnase_h3k4me3,-0.02354690618813038,0.0015544220805168152,False,2000,ok
mixed,none,cnn(5|3),sequence_dnase,sequence_dnase_rrbs,-0.029963187873363495,-0.0010947436094284058,True,2000,ok
mixed,none,cnn(5|3),sequence_h3k4me3,sequence_ctcf_h3k4me3,-0.030263500288128853,0.0002222538023488596,False,2000,ok
mixed,none,cnn(5|3),sequence_h3k4me3,sequence_dnase_h3k4me3,-0.025283705443143845,-0.0005232527619227767,True,2000,ok
mixed,none,cnn(5|3),sequence_h3k4me3,sequence_h3k4me3_rrbs,-0.031372517347335815,-0.004788435995578766,True,2000,ok
mixed,none,cnn(5|3),sequence_rrbs,sequence_ctcf_rrbs,-0.0312507338821888,0.0023494407068938017,False,2000,ok
mixed,none,cnn(5|3),sequence_rrbs,sequence_dnase_rrbs,-0.029933365061879158,-0.00017509757890366018,True,2000,ok
mixed,none,cnn(5|3),sequence_rrbs,sequence_h3k4me3_rrbs,-0.030057253316044807,-0.0014515295624732971,True,2000,ok
mixed,none,cnn(5|3),sequence_ctcf_dnase,sequence_ctcf_dnase_h3k4me3,-0.008523842319846153,0.024318058043718338,False,2000,ok
mixed,none,cnn(5|3),sequence_ctcf_dnase,sequence_ctcf_dnase_rrbs,-0.017414670437574387,0.012171064503490925,False,2000,ok
mixed,none,cnn(5|3),sequence_ctcf_h3k4me3,sequence_ctcf_dnase_h3k4me3,-0.009007503278553486,0.02353772707283497,False,2000,ok
mixed,none,cnn(5|3),sequence_ctcf_h3k4me3,sequence_ctcf_h3k4me3_rrbs,-0.017603371292352676,0.01365151721984148,False,2000,ok
mixed,none,cnn(5|3),sequence_ctcf_rrbs,sequence_ctcf_dnase_rrbs,-0.015775982290506363,0.014776989817619324,False,2000,ok
mixed,none,cnn(5|3),sequence_ctcf_rrbs,sequence_ctcf_h3k4me3_rrbs,-0.01627732813358307,0.015575799159705639,False,2000,ok
mixed,none,cnn(5|3),sequence_dnase_h3k4me3,sequence_ctcf_dnase_h3k4me3,-0.010071491822600365,0.02168479934334755,False,2000,ok
mixed,none,cnn(5|3),sequence_dnase_h3k4me3,sequence_dnase_h3k4me3_rrbs,-0.022998949512839317,0.00575069198384881,False,2000,ok
mixed,none,cnn(5|3),sequence_dnase_rrbs,sequence_ctcf_dnase_rrbs,-0.017296848818659782,0.01671196147799492,False,2000,ok
mixed,none,cnn(5|3),sequence_dnase_rrbs,sequence_dnase_h3k4me3_rrbs,-0.020417552441358566,0.011235599406063557,False,2000,ok
mixed,none,cnn(5|3),sequence_h3k4me3_rrbs,sequence_ctcf_h3k4me3_rrbs,-0.014523605816066265,0.0163675956428051,False,2000,ok
mixed,none,cnn(5|3),sequence_h3k4me3_rrbs,sequence_dnase_h3k4me3_rrbs,-0.018648697063326836,0.010681143030524254,False,2000,ok
mixed,none,cnn(5|3),sequence_ctcf_dnase_h3k4me3,all,-0.007813625037670135,0.018784940242767334,False,2000,ok
mixed,none,cnn(5|3),sequence_ctcf_dnase_rrbs,all,0.0006305038696154952,0.03028952330350876,True,2000,ok
mixed,none,cnn(5|3),sequence_ctcf_h3k4me3_rrbs,all,0.0008649289375171065,0.028979875147342682,True,2000,ok
mixed,none,cnn(5|3),sequence_dnase_h3k4me3_rrbs,all,0.0007895097369328141,0.03893665224313736,True,2000,ok
mixed,none,cnn(5|3),sequence,sequence_ctcf,-0.013814620673656464,0.02723665162920952,False,2000,ok
mixed,none,cnn(5|3),sequence,sequence_dnase,-0.019892524927854538,0.018954619765281677,False,2000,ok
mixed,none,cnn(5|3),sequence,sequence_h3k4me3,-0.008539406582713127,0.03250467777252197,False,2000,ok
mixed,none,cnn(5|3),sequence,sequence_rrbs,-0.009411275386810303,0.0312751866877079,False,2000,ok
mixed,none,cnn(5|3),sequence_ctcf,sequence_ctcf_dnase,-0.0011930853361263871,0.03173590451478958,False,2000,ok
mixed,none,cnn(5|3),sequence_ctcf,sequence_ctcf_h3k4me3,0.001442411565221846,0.03053743578493595,True,2000,ok
mixed,none,cnn(5|3),sequence_ctcf,sequence_ctcf_rrbs,-0.006124450359493494,0.02451935037970543,False,2000,ok
mixed,none,cnn(5|3),sequence_dnase,sequence_ctcf_dnase,0.00458237249404192,0.0382193885743618,True,2000,ok
mixed,none,cnn(5|3),sequence_dnase,sequence_dnase_h3k4me3,0.007773956749588251,0.033887214958667755,True,2000,ok
mixed,none,cnn(5|3),sequence_dnase,sequence_dnase_rrbs,0.002375830663368106,0.03610990568995476,True,2000,ok
mixed,none,cnn(5|3),sequence_h3k4me3,sequence_ctcf_h3k4me3,-0.004053029231727123,0.025223681703209877,False,2000,ok
mixed,none,cnn(5|3),sequence_h3k4me3,sequence_dnase_h3k4me3,-0.003499241080135107,0.02192886732518673,False,2000,ok
mixed,none,cnn(5|3),sequence_h3k4me3,sequence_h3k4me3_rrbs,-0.009884064085781574,0.016708916053175926,False,2000,ok
mixed,none,cnn(5|3),sequence_rrbs,sequence_ctcf_rrbs,-0.011064672842621803,0.020728986710309982,False,2000,ok
mixed,none,cnn(5|3),sequence_rrbs,sequence_dnase_rrbs,-0.007046190090477467,0.024240728467702866,False,2000,ok
mixed,none,cnn(5|3),sequence_rrbs,sequence_h3k4me3_rrbs,-0.009345871396362782,0.018480192869901657,False,2000,ok
mixed,none,cnn(5|3),sequence_ctcf_dnase,sequence_ctcf_dnase_h3k4me3,-0.00944664515554905,0.01905165985226631,False,2000,ok
mixed,none,cnn(5|3),sequence_ctcf_dnase,sequence_ctcf_dnase_rrbs,-0.017613692209124565,0.01502623874694109,False,2000,ok
mixed,none,cnn(5|3),sequence_ctcf_h3k4me3,sequence_ctcf_dnase_h3k4me3,-0.011552122421562672,0.018400728702545166,False,2000,ok
mixed,none,cnn(5|3),sequence_ctcf_h3k4me3,sequence_ctcf_h3k4me3_rrbs,-0.012633857317268848,0.017310354858636856,False,2000,ok
mixed,none,cnn(5|3),sequence_ctcf_rrbs,sequence_ctcf_dnase_rrbs,-0.010570150800049305,0.019154224544763565,False,2000,ok
mixed,none,cnn(5|3),sequence_ctcf_rrbs,sequence_ctcf_h3k4me3_rrbs,-0.0030176714062690735,0.02260529436171055,False,2000,ok
mixed,none,cnn(5|3),sequence_dnase_h3k4me3,sequence_ctcf_dnase_h3k4me3,-0.0067333341576159,0.018170155584812164,False,2000,ok
mixed,none,cnn(5|3),sequence_dnase_h3k4me3,sequence_dnase_h3k4me3_rrbs,-0.011228807270526886,0.01430761069059372,False,2000,ok
mixed,none,cnn(5|3),sequence_dnase_rrbs,sequence_ctcf_dnase_rrbs,-0.014326321892440319,0.01608242094516754,False,2000,ok
mixed,none,cnn(5|3),sequence_dnase_rrbs,sequence_dnase_h3k4me3_rrbs,-0.013131189160048962,0.02041791006922722,False,2000,ok
mixed,none,cnn(5|3),sequence_h3k4me3_rrbs,sequence_ctcf_h3k4me3_rrbs,-0.0028336227405816317,0.022967549040913582,False,2000,ok
mixed,none,cnn(5|3),sequence_h3k4me3_rrbs,sequence_dnase_h3k4me3_rrbs,-0.005042335484176874,0.020173771306872368,False,2000,ok
mixed,none,cnn(5|3),sequence_ctcf_dnase_h3k4me3,all,-0.01336620282381773,0.01690347120165825,False,2000,ok
mixed,none,cnn(5|3),sequence_ctcf_dnase_rrbs,all,-0.008666293695569038,0.025275064632296562,False,2000,ok
mixed,none,cnn(5|3),sequence_ctcf_h3k4me3_rrbs,all,-0.011938557028770447,0.017694490030407906,False,2000,ok
mixed,none,cnn(5|3),sequence_dnase_h3k4me3_rrbs,all,-0.008917249739170074,0.019170353189110756,False,2000,ok
mixed,none,cnn(7|3),sequence,sequence_ctcf,-0.03065473400056362,0.0050156996585428715,False,2000,ok
mixed,none,cnn(7|3),sequence,sequence_dnase,-0.02763238176703453,0.005239109508693218,False,2000,ok
mixed,none,cnn(7|3),sequence,sequence_h3k4me3,-0.027476562187075615,0.0029362470377236605,False,2000,ok
mixed,none,cnn(7|3),sequence,sequence_rrbs,-0.03271549195051193,0.0007374927517957985,False,2000,ok
mixed,none,cnn(7|3),sequence_ctcf,sequence_ctcf_dnase,-0.03590705245733261,0.0016346514457836747,False,2000,ok
mixed,none,cnn(7|3),sequence_ctcf,sequence_ctcf_h3k4me3,-0.0368768572807312,-0.0007286638137884438,True,2000,ok
mixed,none,cnn(7|3),sequence_ctcf,sequence_ctcf_rrbs,-0.03440679609775543,0.0007791414973326027,False,2000,ok
mixed,none,cnn(7|3),sequence_dnase,sequence_ctcf_dnase,-0.03759104385972023,7.190853648353368e-05,False,2000,ok
mixed,none,cnn(7|3),sequence_dnase,sequence_dnase_h3k4me3,-0.04505935311317444,-0.0064224377274513245,True,2000,ok
mixed,none,cnn(7|3),sequence_dnase,sequence_dnase_rrbs,-0.003460326697677374,0.03285675868391991,False,2000,ok
mixed,none,cnn(7|3),sequence_h3k4me3,sequence_ctcf_h3k4me3,-0.03762441501021385,4.1219591366825625e-05,False,2000,ok
mixed,none,cnn(7|3),sequence_h3k4me3,sequence_dnase_h3k4me3,-0.04347354546189308,-0.005803829524666071,True,2000,ok
mixed,none,cnn(7|3),sequence_h3k4me3,sequence_h3k4me3_rrbs,-0.006208941340446472,0.025933021679520607,False,2000,ok
mixed,none,cnn(7|3),sequence_rrbs,sequence_ctcf_rrbs,-0.0314372181892395,0.004477913491427898,False,2000,ok
mixed,none,cnn(7|3),sequence_rrbs,sequence_dnase_rrbs,-9.125024371314794e-05,0.038140688091516495,False,2000,ok
mixed,none,cnn(7|3),sequence_rrbs,sequence_h3k4me3_rrbs,-0.00431530037894845,0.030841369181871414,False,2000,ok
mixed,none,cnn(7|3),sequence_ctcf_dnase,sequence_ctcf_dnase_h3k4me3,0.0012049361830577254,0.04377457872033119,True,2000,ok
mixed,none,cnn(7|3),sequence_ctcf_dnase,sequence_ctcf_dnase_rrbs,0.00737694650888443,0.04901811480522156,True,2000,ok
mixed,none,cnn(7|3),sequence_ctcf_h3k4me3,sequence_ctcf_dnase_h3k4me3,0.0038451836444437504,0.044450826942920685,True,2000,ok
mixed,none,cnn(7|3),sequence_ctcf_h3k4me3,sequence_ctcf_h3k4me3_rrbs,6.35981559753418e-05,0.035346999764442444,True,2000,ok
mixed,none,cnn(7|3),sequence_ctcf_rrbs,sequence_ctcf_dnase_rrbs,0.006299197673797607,0.04864624887704849,True,2000,ok
mixed,none,cnn(7|3),sequence_ctcf_rrbs,sequence_ctcf_h3k4me3_rrbs,-0.0033985376358032227,0.034663937985897064,False,2000,ok
mixed,none,cnn(7|3),sequence_dnase_h3k4me3,sequence_ctcf_dnase_h3k4me3,0.0093124033883214,0.05120072513818741,True,2000,ok
mixed,none,cnn(7|3),sequence_dnase_h3k4me3,sequence_dnase_h3k4me3_rrbs,-0.002821886446326971,0.037125036120414734,False,2000,ok
mixed,none,cnn(7|3),sequence_dnase_rrbs,sequence_ctcf_dnase_rrbs,-0.022470008581876755,0.011739526875317097,False,2000,ok
mixed,none,cnn(7|3),sequence_dnase_rrbs,sequence_dnase_h3k4me3_rrbs,-0.038532745093107224,-0.008571706712245941,True,2000,ok
mixed,none,cnn(7|3),sequence_h3k4me3_rrbs,sequence_ctcf_h3k4me3_rrbs,-0.026937434449791908,0.004840241279453039,False,2000,ok
mixed,none,cnn(7|3),sequence_h3k4me3_rrbs,sequence_dnase_h3k4me3_rrbs,-0.033540450036525726,-0.0021661012433469296,True,2000,ok
mixed,none,cnn(7|3),sequence_ctcf_dnase_h3k4me3,all,-0.01427804958075285,0.01816251315176487,False,2000,ok
mixed,none,cnn(7|3),sequence_ctcf_dnase_rrbs,all,-0.02081439271569252,0.013773706741631031,False,2000,ok
mixed,none,cnn(7|3),sequence_ctcf_h3k4me3_rrbs,all,-0.009436987340450287,0.027126973494887352,False,2000,ok
mixed,none,cnn(7|3),sequence_dnase_h3k4me3_rrbs,all,-0.0018679320346564054,0.03286231309175491,False,2000,ok
mixed,none,cnn(7|3),sequence,sequence_ctcf,-0.04375767707824707,-0.008990496397018433,True,2000,ok
mixed,none,cnn(7|3),sequence,sequence_dnase,-0.02221785858273506,0.012776735238730907,False,2000,ok
mixed,none,cnn(7|3),sequence,sequence_h3k4me3,-0.03660646080970764,0.0010401606559753418,False,2000,ok
mixed,none,cnn(7|3),sequence,sequence_rrbs,-0.04379916936159134,-0.009762573055922985,True,2000,ok
mixed,none,cnn(7|3),sequence_ctcf,sequence_ctcf_dnase,-0.009083385579288006,0.02405683510005474,False,2000,ok
mixed,none,cnn(7|3),sequence_ctcf,sequence_ctcf_h3k4me3,-0.00037873536348342896,0.030699875205755234,False,2000,ok
mixed,none,cnn(7|3),sequence_ctcf,sequence_ctcf_rrbs,-0.0041752830147743225,0.029070090502500534,False,2000,ok
mixed,none,cnn(7|3),sequence_dnase,sequence_ctcf_dnase,-0.03351345285773277,0.00504491338506341,False,2000,ok
mixed,none,cnn(7|3),sequence_dnase,sequence_dnase_h3k4me3,-0.020282337442040443,0.011086530983448029,False,2000,ok
mixed,none,cnn(7|3),sequence_dnase,sequence_dnase_rrbs,-0.04440904036164284,-0.007748330943286419,True,2000,ok
mixed,none,cnn(7|3),sequence_h3k4me3,sequence_ctcf_h3k4me3,-0.010560574941337109,0.024728994816541672,False,2000,ok
mixed,none,cnn(7|3),sequence_h3k4me3,sequence_dnase_h3k4me3,-0.007211135234683752,0.025646554306149483,False,2000,ok
mixed,none,cnn(7|3),sequence_h3k4me3,sequence_h3k4me3_rrbs,-0.019134465605020523,0.015440302900969982,False,2000,ok
mixed,none,cnn(7|3),sequence_rrbs,sequence_ctcf_rrbs,-0.005290189292281866,0.030535273253917694,False,2000,ok
mixed,none,cnn(7|3),sequence_rrbs,sequence_dnase_rrbs,-0.01922670193016529,0.012003181502223015,False,2000,ok
mixed,none,cnn(7|3),sequence_rrbs,sequence_h3k4me3_rrbs,-0.013812972232699394,0.027530942112207413,False,2000,ok
mixed,none,cnn(7|3),sequence_ctcf_dnase,sequence_ctcf_dnase_h3k4me3,-0.007729190401732922,0.026155944913625717,False,2000,ok
mixed,none,cnn(7|3),sequence_ctcf_dnase,sequence_ctcf_dnase_rrbs,-0.013818803243339062,0.018694674596190453,False,2000,ok
mixed,none,cnn(7|3),sequence_ctcf_h3k4me3,sequence_ctcf_dnase_h3k4me3,-0.013207098469138145,0.01655905693769455,False,2000,ok
mixed,none,cnn(7|3),sequence_ctcf_h3k4me3,sequence_ctcf_h3k4me3_rrbs,-0.006498602218925953,0.023058101534843445,False,2000,ok
mixed,none,cnn(7|3),sequence_ctcf_rrbs,sequence_ctcf_dnase_rrbs,-0.018905388191342354,0.013429924845695496,False,2000,ok
mixed,none,cnn(7|3),sequence_ctcf_rrbs,sequence_ctcf_h3k4me3_rrbs,-0.004823513329029083,0.026616688817739487,False,2000,ok
mixed,none,cnn(7|3),sequence_dnase_h3k4me3,sequence_ctcf_dnase_h3k4me3,-0.01478411816060543,0.01399925909936428,False,2000,ok
mixed,none,cnn(7|3),sequence_dnase_h3k4me3,sequence_dnase_h3k4me3_rrbs,-0.01132479589432478,0.01095888577401638,False,2000,ok
mixed,none,cnn(7|3),sequence_dnase_rrbs,sequence_ctcf_dnase_rrbs,-0.006990398280322552,0.033981550484895706,False,2000,ok
mixed,none,cnn(7|3),sequence_dnase_rrbs,sequence_dnase_h3k4me3_rrbs,0.004006166942417622,0.03837462514638901,True,2000,ok
mixed,none,cnn(7|3),sequence_h3k4me3_rrbs,sequence_ctcf_h3k4me3_rrbs,0.0003497868892736733,0.03351055830717087,True,2000,ok
mixed,none,cnn(7|3),sequence_h3k4me3_rrbs,sequence_dnase_h3k4me3_rrbs,-0.004515347070991993,0.02572627179324627,False,2000,ok
mixed,none,cnn(7|3),sequence_ctcf_dnase_h3k4me3,all,-0.018696917220950127,0.011805343441665173,False,2000,ok
mixed,none,cnn(7|3),sequence_ctcf_dnase_rrbs,all,-0.008987936191260815,0.017841869965195656,False,2000,ok
mixed,none,cnn(7|3),sequence_ctcf_h3k4me3_rrbs,all,-0.02551538683474064,0.006722921039909124,False,2000,ok
mixed,none,cnn(7|3),sequence_dnase_h3k4me3_rrbs,all,-0.016347354277968407,0.00878363661468029,False,2000,ok
mixed,none,cnn(7|3),sequence,sequence_ctcf,-0.019928595051169395,0.014466317370533943,False,2000,ok
mixed,none,cnn(7|3),sequence,sequence_dnase,-0.02313801273703575,0.015052108094096184,False,2000,ok
mixed,none,cnn(7|3),sequence,sequence_h3k4me3,-0.0289287306368351,0.007908137515187263,False,2000,ok
mixed,none,cnn(7|3),sequence,sequence_rrbs,-0.018582455813884735,0.020468439906835556,False,2000,ok
mixed,none,cnn(7|3),sequence_ctcf,sequence_ctcf_dnase,0.002451860811561346,0.03040950372815132,True,2000,ok
mixed,none,cnn(7|3),sequence_ctcf,sequence_ctcf_h3k4me3,0.02071310207247734,0.0538465715944767,True,2000,ok
mixed,none,cnn(7|3),sequence_ctcf,sequence_ctcf_rrbs,0.019205423071980476,0.05324380844831467,True,2000,ok
mixed,none,cnn(7|3),sequence_dnase,sequence_ctcf_dnase,0.0018546239007264376,0.03449401631951332,True,2000,ok
mixed,none,cnn(7|3),sequence_dnase,sequence_dnase_h3k4me3,0.015000523999333382,0.04867645725607872,True,2000,ok
mixed,none,cnn(7|3),sequence_dnase,sequence_dnase_rrbs,0.010478819720447063,0.046195853501558304,True,2000,ok
mixed,none,cnn(7|3),sequence_h3k4me3,sequence_ctcf_h3k4me3,0.026594843715429306,0.06525219976902008,True,2000,ok
mixed,none,cnn(7|3),sequence_h3k4me3,sequence_dnase_h3k4me3,0.020407583564519882,0.055959783494472504,True,2000,ok
mixed,none,cnn(7|3),sequence_h3k4me3,sequence_h3k4me3_rrbs,0.015251019969582558,0.053786057978868484,True,2000,ok
mixed,none,cnn(7|3),sequence_rrbs,sequence_ctcf_rrbs,0.013959703966975212,0.05059712007641792,True,2000,ok
mixed,none,cnn(7|3),sequence_rrbs,sequence_dnase_rrbs,0.00474791694432497,0.03995024785399437,True,2000,ok
mixed,none,cnn(7|3),sequence_rrbs,sequence_h3k4me3_rrbs,0.004316241946071386,0.038228441029787064,True,2000,ok
mixed,none,cnn(7|3),sequence_ctcf_dnase,sequence_ctcf_dnase_h3k4me3,-0.016050871461629868,0.019589273259043694,False,2000,ok
mixed,none,cnn(7|3),sequence_ctcf_dnase,sequence_ctcf_dnase_rrbs,-0.00552572775632143,0.017392467707395554,False,2000,ok
mixed,none,cnn(7|3),sequence_ctcf_h3k4me3,sequence_ctcf_dnase_h3k4me3,-0.03242633491754532,-0.004503889475017786,True,2000,ok
mixed,none,cnn(7|3),sequence_ctcf_h3k4me3,sequence_ctcf_h3k4me3_rrbs,-0.03217153623700142,-0.0034198269713670015,True,2000,ok
mixed,none,cnn(7|3),sequence_ctcf_rrbs,sequence_ctcf_dnase_rrbs,-0.030858218669891357,0.002715863287448883,False,2000,ok
mixed,none,cnn(7|3),sequence_ctcf_rrbs,sequence_ctcf_h3k4me3_rrbs,-0.03320453315973282,-0.0005195558187551796,True,2000,ok
mixed,none,cnn(7|3),sequence_dnase_h3k4me3,sequence_ctcf_dnase_h3k4me3,-0.02721530571579933,0.0052894591353833675,False,2000,ok
mixed,none,cnn(7|3),sequence_dnase_h3k4me3,sequence_dnase_h3k4me3_rrbs,-0.02392619475722313,0.0074840872548520565,False,2000,ok
mixed,none,cnn(7|3),sequence_dnase_rrbs,sequence_ctcf_dnase_rrbs,-0.023359237238764763,0.014130944386124611,False,2000,ok
mixed,none,cnn(7|3),sequence_dnase_rrbs,sequence_dnase_h3k4me3_rrbs,-0.023425519466400146,0.013034148141741753,False,2000,ok
mixed,none,cnn(7|3),sequence_h3k4me3_rrbs,sequence_ctcf_h3k4me3_rrbs,-0.022817092016339302,0.009202158078551292,False,2000,ok
mixed,none,cnn(7|3),sequence_h3k4me3_rrbs,sequence_dnase_h3k4me3_rrbs,-0.020420338958501816,0.01178906299173832,False,2000,ok
mixed,none,cnn(7|3),sequence_ctcf_dnase_h3k4me3,all,-0.008256228640675545,0.022172074764966965,False,2000,ok
mixed,none,cnn(7|3),sequence_ctcf_dnase_rrbs,all,-0.008450033143162727,0.014276131987571716,False,2000,ok
mixed,none,cnn(7|3),sequence_ctcf_h3k4me3_rrbs,all,-0.007281020283699036,0.01979977637529373,False,2000,ok
mixed,none,cnn(7|3),sequence_dnase_h3k4me3_rrbs,all,-0.007213051430881023,0.014756863005459309,False,2000,ok
mixed,none,cnn(7|3),sequence,sequence_ctcf,-0.010151013731956482,0.021587928757071495,False,2000,ok
mixed,none,cnn(7|3),sequence,sequence_dnase,-0.005150345154106617,0.019476843997836113,False,2000,ok
mixed,none,cnn(7|3),sequence,sequence_h3k4me3,-0.00664305966347456,0.026469890028238297,False,2000,ok
mixed,none,cnn(7|3),sequence,sequence_rrbs,-0.026228370144963264,0.009568529203534126,False,2000,ok
mixed,none,cnn(7|3),sequence_ctcf,sequence_ctcf_dnase,-0.028424231335520744,-0.0020480796229094267,True,2000,ok
mixed,none,cnn(7|3),sequence_ctcf,sequence_ctcf_h3k4me3,-0.027519140392541885,-6.057917926227674e-05,True,2000,ok
mixed,none,cnn(7|3),sequence_ctcf,sequence_ctcf_rrbs,-0.026573117822408676,0.0027623088099062443,False,2000,ok
mixed,none,cnn(7|3),sequence_dnase,sequence_ctcf_dnase,-0.03554391488432884,0.0006655558827333152,False,2000,ok
mixed,none,cnn(7|3),sequence_dnase,sequence_dnase_h3k4me3,-0.033928751945495605,0.0033868819009512663,False,2000,ok
mixed,none,cnn(7|3),sequence_dnase,sequence_dnase_rrbs,-0.029243310913443565,-0.00372198224067688,True,2000,ok
mixed,none,cnn(7|3),sequence_h3k4me3,sequence_ctcf_h3k4me3,-0.0338798463344574,-0.0022346675395965576,True,2000,ok
mixed,none,cnn(7|3),sequence_h3k4me3,sequence_dnase_h3k4me3,-0.03272435814142227,-0.0029843151569366455,True,2000,ok
mixed,none,cnn(7|3),sequence_h3k4me3,sequence_h3k4me3_rrbs,-0.015525555238127708,0.01794585958123207,False,2000,ok
mixed,none,cnn(7|3),sequence_rrbs,sequence_ctcf_rrbs,-0.015904609113931656,0.017760522663593292,False,2000,ok
mixed,none,cnn(7|3),sequence_rrbs,sequence_dnase_rrbs,-0.017974114045500755,0.015452347695827484,False,2000,ok
mixed,none,cnn(7|3),sequence_rrbs,sequence_h3k4me3_rrbs,-0.00010116696648765355,0.039066143333911896,False,2000,ok
mixed,none,cnn(7|3),sequence_ctcf_dnase,sequence_ctcf_dnase_h3k4me3,-0.009917482733726501,0.024957168847322464,False,2000,ok
mixed,none,cnn(7|3),sequence_ctcf_dnase,sequence_ctcf_dnase_rrbs,-0.015369276516139507,0.014465788379311562,False,2000,ok
mixed,none,cnn(7|3),sequence_ctcf_h3k4me3,sequence_ctcf_dnase_h3k4me3,-0.011367782950401306,0.022348368540406227,False,2000,ok
mixed,none,cnn(7|3),sequence_ctcf_h3k4me3,sequence_ctcf_h3k4me3_rrbs,-0.018862292170524597,0.010333657264709473,False,2000,ok
mixed,none,cnn(7|3),sequence_ctcf_rrbs,sequence_ctcf_dnase_rrbs,-0.018533023074269295,0.010421594604849815,False,2000,ok
mixed,none,cnn(7|3),sequence_ctcf_rrbs,sequence_ctcf_h3k4me3_rrbs,-0.019848793745040894,0.008852471597492695,False,2000,ok
mixed,none,cnn(7|3),sequence_dnase_h3k4me3,sequence_ctcf_dnase_h3k4me3,-0.011026693508028984,0.022384844720363617,False,2000,ok
mixed,none,cnn(7|3),sequence_dnase_h3k4me3,sequence_dnase_h3k4me3_rrbs,-0.025717921555042267,0.007614274509251118,False,2000,ok
mixed,none,cnn(7|3),sequence_dnase_rrbs,sequence_ctcf_dnase_rrbs,-0.01666237786412239,0.014668705873191357,False,2000,ok
mixed,none,cnn(7|3),sequence_dnase_rrbs,sequence_dnase_h3k4me3_rrbs,-0.023667098954319954,0.006896452512592077,False,2000,ok
mixed,none,cnn(7|3),sequence_h3k4me3_rrbs,sequence_ctcf_h3k4me3_rrbs,-0.04114208370447159,-0.006100374273955822,True,2000,ok
mixed,none,cnn(7|3),sequence_h3k4me3_rrbs,sequence_dnase_h3k4me3_rrbs,-0.04506349191069603,-0.011289740912616253,True,2000,ok
mixed,none,cnn(7|3),sequence_ctcf_dnase_h3k4me3,all,-0.005516028497368097,0.02147439494729042,False,2000,ok
mixed,none,cnn(7|3),sequence_ctcf_dnase_rrbs,all,0.0019536600448191166,0.030168823897838593,True,2000,ok
mixed,none,cnn(7|3),sequence_ctcf_h3k4me3_rrbs,all,0.0033057318069040775,0.03231756389141083,True,2000,ok
mixed,none,cnn(7|3),sequence_dnase_h3k4me3_rrbs,all,0.0072497217915952206,0.038918741047382355,True,2000,ok
mixed,none,linear,sequence,sequence_ctcf,-0.0033864378929138184,0.003969949670135975,False,2000,ok
mixed,none,linear,sequence,sequence_h3k4me3,-0.010338572785258293,0.0006369143957272172,False,2000,ok
mixed,none,linear,sequence,sequence_rrbs,-0.007493508048355579,0.00020063071860931814,False,2000,ok
mixed,none,linear,sequence_ctcf,sequence_ctcf_dnase,-0.0025244608987122774,0.0012765094870701432,False,2000,ok
mixed,none,linear,sequence_ctcf,sequence_ctcf_h3k4me3,-0.009872172959148884,0.0008120819693431258,False,2000,ok
mixed,none,linear,sequence_ctcf,sequence_ctcf_rrbs,-0.007143252994865179,0.0005723625654354692,False,2000,ok
mixed,none,linear,sequence_h3k4me3,sequence_ctcf_h3k4me3,-0.00311431591399014,0.0042347474955022335,False,2000,ok
mixed,none,linear,sequence_h3k4me3,sequence_h3k4me3_rrbs,-0.007469287607818842,0.00017837733321357518,False,2000,ok
mixed,none,linear,sequence_rrbs,sequence_ctcf_rrbs,-0.003190949559211731,0.0043544708751142025,False,2000,ok
mixed,none,linear,sequence_rrbs,sequence_h3k4me3_rrbs,-0.010378383100032806,0.0006350666517391801,False,2000,ok
mixed,none,linear,sequence_ctcf_dnase,sequence_ctcf_dnase_h3k4me3,-0.009723374620079994,0.0007888615364208817,False,2000,ok
mixed,none,linear,sequence_ctcf_h3k4me3,sequence_ctcf_dnase_h3k4me3,-0.002438221825286746,0.0013991311425343156,False,2000,ok
mixed,none,linear,sequence_ctcf_h3k4me3,sequence_ctcf_h3k4me3_rrbs,-0.007146908435970545,0.000520889472682029,False,2000,ok
mixed,none,linear,sequence_ctcf_rrbs,sequence_ctcf_h3k4me3_rrbs,-0.009971266612410545,0.0007930889842100441,False,2000,ok
mixed,none,linear,sequence_h3k4me3_rrbs,sequence_ctcf_h3k4me3_rrbs,-0.002803690731525421,0.004640042781829834,False,2000,ok
mixed,none,linear,sequence,sequence_ctcf,-0.009099580347537994,0.0003384053707122803,False,2000,ok
mixed,none,linear,sequence,sequence_dnase,-0.006837544031441212,0.0019489557016640902,False,2000,ok
mixed,none,linear,sequence,sequence_h3k4me3,-0.005391907878220081,0.0007161855464801192,False,2000,ok
mixed,none,linear,sequence,sequence_rrbs,-0.004644247703254223,0.003674785839393735,False,2000,ok
mixed,none,linear,sequence_ctcf,sequence_ctcf_dnase,-0.007216897793114185,0.001546420156955719,False,2000,ok
mixed,none,linear,sequence_ctcf,sequence_ctcf_h3k4me3,-0.005070903804153204,0.0009640961652621627,False,2000,ok
mixed,none,linear,sequence_ctcf,sequence_ctcf_rrbs,-0.004712022840976715,0.0036240562330931425,False,2000,ok
mixed,none,linear,sequence_dnase,sequence_ctcf_dnase,-0.009494155645370483,-4.723518941318616e-05,True,2000,ok
mixed,none,linear,sequence_dnase,sequence_dnase_h3k4me3,-0.0051707057282328606,0.0008074775105342269,False,2000,ok
mixed,none,linear,sequence_dnase,sequence_dnase_rrbs,-0.004513248801231384,0.00378204882144928,False,2000,ok
mixed,none,linear,sequence_h3k4me3,sequence_ctcf_h3k4me3,-0.008889423683285713,0.0005997344851493835,False,2000,ok
mixed,none,linear,sequence_h3k4me3,sequence_dnase_h3k4me3,-0.006698890123516321,0.002059203339740634,False,2000,ok
mixed,none,linear,sequence_h3k4me3,sequence_h3k4me3_rrbs,-0.004865579307079315,0.003564596176147461,False,2000,ok
mixed,none,linear,sequence_rrbs,sequence_ctcf_rrbs,-0.00931383203715086,0.00043297410593368113,False,2000,ok
mixed,none,linear,sequence_rrbs,sequence_dnase_rrbs,-0.006721816956996918,0.002064381493255496,False,2000,ok
mixed,none,linear,sequence_rrbs,sequence_h3k4me3_rrbs,-0.005532702896744013,0.0005983710289001465,False,2000,ok
mixed,none,linear,sequence_ctcf_dnase,sequence_ctcf_dnase_h3k4me3,-0.004950375761836767,0.0010838418966159225,False,2000,ok
mixed,none,linear,sequence_ctcf_dnase,sequence_ctcf_dnase_rrbs,-0.004495091736316681,0.0037794976960867643,False,2000,ok
mixed,none,linear,sequence_ctcf_h3k4me3,sequence_ctcf_dnase_h3k4me3,-0.007016807794570923,0.001714701997116208,False,2000,ok
mixed,none,linear,sequence_ctcf_h3k4me3,sequence_ctcf_h3k4me3_rrbs,-0.00487503269687295,0.0035184070002287626,False,2000,ok
mixed,none,linear,sequence_ctcf_rrbs,sequence_ctcf_dnase_rrbs,-0.007001884281635284,0.0017335399752482772,False,2000,ok
mixed,none,linear,sequence_ctcf_rrbs,sequence_ctcf_h3k4me3_rrbs,-0.005231922958046198,0.0009015649557113647,False,2000,ok
mixed,none,linear,sequence_dnase_h3k4me3,sequence_ctcf_dnase_h3k4me3,-0.009262090548872948,0.0002221286267740652,False,2000,ok
mixed,none,linear,sequence_dnase_h3k4me3,sequence_dnase_h3k4me3_rrbs,-0.004722265992313623,0.0036851451732218266,False,2000,ok
mixed,none,linear,sequence_dnase_rrbs,sequence_ctcf_dnase_rrbs,-0.00959062110632658,8.128434274112806e-05,False,2000,ok
mixed,none,linear,sequence_dnase_rrbs,sequence_dnase_h3k4me3_rrbs,-0.005374322645366192,0.0007137701031751931,False,2000,ok
mixed,none,linear,sequence_h3k4me3_rrbs,sequence_ctcf_h3k4me3_rrbs,-0.009001253172755241,0.0005131274228915572,False,2000,ok
mixed,none,linear,sequence_h3k4me3_rrbs,sequence_dnase_h3k4me3_rrbs,-0.006576613988727331,0.0021969720255583525,False,2000,ok
mixed,none,linear,sequence_ctcf_dnase_h3k4me3,all,-0.004705284722149372,0.0036430894397199154,False,2000,ok
mixed,none,linear,sequence_ctcf_dnase_rrbs,all,-0.005163742695003748,0.0009141474729403853,False,2000,ok
mixed,none,linear,sequence_ctcf_h3k4me3_rrbs,all,-0.006910179741680622,0.001827405416406691,False,2000,ok
mixed,none,linear,sequence_dnase_h3k4me3_rrbs,all,-0.009369214996695518,0.0002402082027401775,False,2000,ok
mixed,none,linear,sequence,sequence_ctcf,-0.004574003629386425,0.0031231953762471676,False,2000,ok
mixed,none,linear,sequence,sequence_dnase,-0.0016619220841675997,0.010002948343753815,False,2000,ok
mixed,none,linear,sequence,sequence_h3k4me3,-0.001852482557296753,0.002377934753894806,False,2000,ok
mixed,none,linear,sequence,sequence_rrbs,-0.00586545467376709,0.0016286000609397888,False,2000,ok
mixed,none,linear,sequence_ctcf,sequence_ctcf_dnase,-0.0018951848614960909,0.009846280328929424,False,2000,ok
mixed,none,linear,sequence_ctcf,sequence_ctcf_h3k4me3,-0.0017316773300990462,0.0021882415749132633,False,2000,ok
mixed,none,linear,sequence_ctcf,sequence_ctcf_rrbs,-0.006151989102363586,0.0014409988652914762,False,2000,ok
mixed,none,linear,sequence_dnase,sequence_ctcf_dnase,-0.004722483456134796,0.003106914460659027,False,2000,ok
mixed,none,linear,sequence_dnase,sequence_dnase_h3k4me3,-0.0018818676471710205,0.0021788745652884245,False,2000,ok
mixed,none,linear,sequence_dnase,sequence_dnase_rrbs,-0.005923357792198658,0.0015624731313437223,False,2000,ok
mixed,none,linear,sequence_h3k4me3,sequence_ctcf_h3k4me3,-0.004537545144557953,0.0030921429861336946,False,2000,ok
mixed,none,linear,sequence_h3k4me3,sequence_dnase_h3k4me3,-0.0017493143677711487,0.009935090318322182,False,2000,ok
mixed,none,linear,sequence_h3k4me3,sequence_h3k4me3_rrbs,-0.005904366262257099,0.001589933061040938,False,2000,ok
mixed,none,linear,sequence_rrbs,sequence_ctcf_rrbs,-0.004872496239840984,0.0028696029912680387,False,2000,ok
mixed,none,linear,sequence_rrbs,sequence_dnase_rrbs,-0.0016892955172806978,0.009834003634750843,False,2000,ok
mixed,none,linear,sequence_rrbs,sequence_h3k4me3_rrbs,-0.0019094825256615877,0.002305004047229886,False,2000,ok
mixed,none,linear,sequence_ctcf_dnase,sequence_ctcf_dnase_h3k4me3,-0.0018313720356673002,0.0020417317282408476,False,2000,ok
mixed,none,linear,sequence_ctcf_dnase,sequence_ctcf_dnase_rrbs,-0.006164462771266699,0.0014406188856810331,False,2000,ok
mixed,none,linear,sequence_ctcf_h3k4me3,sequence_ctcf_dnase_h3k4me3,-0.002035290002822876,0.009750927798449993,False,2000,ok
mixed,none,linear,sequence_ctcf_h3k4me3,sequence_ctcf_h3k4me3_rrbs,-0.006117942743003368,0.0014844120014458895,False,2000,ok
mixed,none,linear,sequence_ctcf_rrbs,sequence_ctcf_dnase_rrbs,-0.0018520981539040804,0.009821318089962006,False,2000,ok
mixed,none,linear,sequence_ctcf_rrbs,sequence_ctcf_h3k4me3_rrbs,-0.0017211169470101595,0.0022155120968818665,False,2000,ok
mixed,none,linear,sequence_dnase_h3k4me3,sequence_ctcf_dnase_h3k4me3,-0.004783646669238806,0.003031934844329953,False,2000,ok
mixed,none,linear,sequence_dnase_h3k4me3,sequence_dnase_h3k4me3_rrbs,-0.005838316865265369,0.001608499907888472,False,2000,ok
mixed,none,linear,sequence_dnase_rrbs,sequence_ctcf_dnase_rrbs,-0.004981775768101215,0.002912184689193964,False,2000,ok
mixed,none,linear,sequence_dnase_rrbs,sequence_dnase_h3k4me3_rrbs,-0.0018306433921679854,0.002199257956817746,False,2000,ok
mixed,none,linear,sequence_h3k4me3_rrbs,sequence_ctcf_h3k4me3_rrbs,-0.004765599966049194,0.002998200012370944,False,2000,ok
mixed,none,linear,sequence_h3k4me3_rrbs,sequence_dnase_h3k4me3_rrbs,-0.0016888410318642855,0.009961748495697975,False,2000,ok
mixed,none,linear,sequence_ctcf_dnase_h3k4me3,all,-0.0061018988490104675,0.0015056341653689742,False,2000,ok
mixed,none,linear,sequence_ctcf_dnase_rrbs,all,-0.0017773568397387862,0.002081753220409155,False,2000,ok
mixed,none,linear,sequence_ctcf_h3k4me3_rrbs,all,-0.0019787743221968412,0.00975392572581768,False,2000,ok
mixed,none,linear,sequence_dnase_h3k4me3_rrbs,all,-0.004986852407455444,0.0029063732363283634,False,2000,ok
mixed,none,linear,sequence,sequence_ctcf,-0.004810065031051636,0.003449379000812769,False,2000,ok
mixed,none,linear,sequence,sequence_dnase,-0.007022003643214703,0.007191868033260107,False,2000,ok
mixed,none,linear,sequence,sequence_h3k4me3,-0.004972666501998901,0.0017711505061015487,False,2000,ok
mixed,none,linear,sequence,sequence_rrbs,-0.002696798648685217,0.00533931702375412,False,2000,ok
mixed,none,linear,sequence_ctcf,sequence_ctcf_dnase,-0.0071472106501460075,0.007147652097046375,False,2000,ok
mixed,none,linear,sequence_ctcf,sequence_ctcf_h3k4me3,-0.004498055670410395,0.001885056495666504,False,2000,ok
mixed,none,linear,sequence_ctcf,sequence_ctcf_rrbs,-0.0026680484879761934,0.005340665578842163,False,2000,ok
mixed,none,linear,sequence_dnase,sequence_ctcf_dnase,-0.0050850315019488335,0.0034181042574346066,False,2000,ok
mixed,none,linear,sequence_dnase,sequence_dnase_h3k4me3,-0.00514096487313509,0.0015438199043273926,False,2000,ok
mixed,none,linear,sequence_dnase,sequence_dnase_rrbs,-0.0027211785782128572,0.005250358488410711,False,2000,ok
mixed,none,linear,sequence_h3k4me3,sequence_ctcf_h3k4me3,-0.004464054014533758,0.0035334378480911255,False,2000,ok
mixed,none,linear,sequence_h3k4me3,sequence_dnase_h3k4me3,-0.007042208220809698,0.006951323244720697,False,2000,ok
mixed,none,linear,sequence_h3k4me3,sequence_h3k4me3_rrbs,-0.0027918354608118534,0.005166682414710522,False,2000,ok
mixed,none,linear,sequence_rrbs,sequence_ctcf_rrbs,-0.004746994469314814,0.0033634782303124666,False,2000,ok
mixed,none,linear,sequence_rrbs,sequence_dnase_rrbs,-0.007129259407520294,0.00712822237983346,False,2000,ok
mixed,none,linear,sequence_rrbs,sequence_h3k4me3_rrbs,-0.005031128413975239,0.0016755133401602507,False,2000,ok
mixed,none,linear,sequence_ctcf_dnase,sequence_ctcf_dnase_h3k4me3,-0.0046637714840471745,0.0018396138912066817,False,2000,ok
mixed,none,linear,sequence_ctcf_dnase,sequence_ctcf_dnase_rrbs,-0.0026915743947029114,0.005283884704113007,False,2000,ok
mixed,none,linear,sequence_ctcf_h3k4me3,sequence_ctcf_dnase_h3k4me3,-0.007201622240245342,0.006973819341510534,False,2000,ok
mixed,none,linear,sequence_ctcf_h3k4me3,sequence_ctcf_h3k4me3_rrbs,-0.002755375113338232,0.005227042827755213,False,2000,ok
mixed,none,linear,sequence_ctcf_rrbs,sequence_ctcf_dnase_rrbs,-0.0071237594820559025,0.007114699576050043,False,2000,ok
mixed,none,linear,sequence_ctcf_rrbs,sequence_ctcf_h3k4me3_rrbs,-0.004553752951323986,0.001794597483240068,False,2000,ok
mixed,none,linear,sequence_dnase_h3k4me3,sequence_ctcf_dnase_h3k4me3,-0.0046895877458155155,0.0035278319846838713,False,2000,ok
mixed,none,linear,sequence_dnase_h3k4me3,sequence_dnase_h3k4me3_rrbs,-0.0028142586816102266,0.005137890577316284,False,2000,ok
mixed,none,linear,sequence_dnase_rrbs,sequence_ctcf_dnase_rrbs,-0.005052418913692236,0.00339029124006629,False,2000,ok
mixed,none,linear,sequence_dnase_rrbs,sequence_dnase_h3k4me3_rrbs,-0.005217894911766052,0.001430857228115201,False,2000,ok
mixed,none,linear,sequence_h3k4me3_rrbs,sequence_ctcf_h3k4me3_rrbs,-0.004416415002197027,0.003503747284412384,False,2000,ok
mixed,none,linear,sequence_h3k4me3_rrbs,sequence_dnase_h3k4me3_rrbs,-0.0071177720092237,0.006914283148944378,False,2000,ok
mixed,none,linear,sequence_ctcf_dnase_h3k4me3,all,-0.0027598650194704533,0.005188268609344959,False,2000,ok
mixed,none,linear,sequence_ctcf_dnase_rrbs,all,-0.004790971986949444,0.0018317296635359526,False,2000,ok
mixed,none,linear,sequence_ctcf_h3k4me3_rrbs,all,-0.007208117749541998,0.006915429141372442,False,2000,ok
mixed,none,linear,sequence_dnase_h3k4me3_rrbs,all,-0.004613460507243872,0.003632962703704834,False,2000,ok
mixed,none,mlp,sequence,sequence_ctcf,-0.0040816692635416985,0.013288795948028564,False,2000,ok
mixed,none,mlp,sequence,sequence_dnase,-0.014309465885162354,0.0019612640608102083,False,2000,ok
mixed,none,mlp,sequence,sequence_h3k4me3,-0.008895608596503735,0.011528532020747662,False,2000,ok
mixed,none,mlp,sequence,sequence_rrbs,-0.00045918673276901245,0.00800267606973648,False,2000,ok
mixed,none,mlp,sequence_ctcf,sequence_ctcf_dnase,-0.017576437443494797,0.00307961693033576,False,2000,ok
mixed,none,mlp,sequence_ctcf,sequence_ctcf_h3k4me3,-0.0093881506472826,0.001955036772415042,False,2000,ok
mixed,none,mlp,sequence_ctcf,sequence_ctcf_rrbs,-0.0064923702739179134,0.0011886045103892684,False,2000,ok
mixed,none,mlp,sequence_dnase,sequence_ctcf_dnase,-0.008377691730856895,0.015357231721282005,False,2000,ok
mixed,none,mlp,sequence_dnase,sequence_dnase_h3k4me3,-0.005761875305324793,0.004721386823803186,False,2000,ok
mixed,none,mlp,sequence_dnase,sequence_dnase_rrbs,-0.008717602118849754,0.0014345705276355147,False,2000,ok
mixed,none,mlp,sequence_h3k4me3,sequence_ctcf_h3k4me3,-0.011172722093760967,0.00950671173632145,False,2000,ok
mixed,none,mlp,sequence_h3k4me3,sequence_dnase_h3k4me3,-0.01813793182373047,0.0025283501017838717,False,2000,ok
mixed,none,mlp,sequence_h3k4me3,sequence_h3k4me3_rrbs,-0.005235068500041962,0.005889551248401403,False,2000,ok
mixed,none,mlp,sequence_rrbs,sequence_ctcf_rrbs,-0.010945665650069714,0.007995983585715294,False,2000,ok
mixed,none,mlp,sequence_rrbs,sequence_dnase_rrbs,-0.02312585338950157,-0.0035487741697579622,True,2000,ok
mixed,none,mlp,sequence_rrbs,sequence_h3k4me3_rrbs,-0.012024449184536934,0.007648159749805927,False,2000,ok
mixed,none,mlp,sequence_ctcf_dnase,sequence_ctcf_dnase_h3k4me3,-0.02508546970784664,0.004672372248023748,False,2000,ok
mixed,none,mlp,sequence_ctcf_dnase,sequence_ctcf_dnase_rrbs,-0.020871642976999283,-0.005295435898005962,True,2000,ok
mixed,none,mlp,sequence_ctcf_h3k4me3,sequence_ctcf_dnase_h3k4me3,-0.028621358796954155,0.0013381227618083358,False,2000,ok
mixed,none,mlp,sequence_ctcf_h3k4me3,sequence_ctcf_h3k4me3_rrbs,-0.016707854345440865,0.003979310393333435,False,2000,ok
mixed,none,mlp,sequence_ctcf_rrbs,sequence_ctcf_dnase_rrbs,-0.03015967831015587,-0.0058923689648509026,True,2000,ok
mixed,none,mlp,sequence_ctcf_rrbs,sequence_ctcf_h3k4me3_rrbs,-0.018121356144547462,0.0022133574821054935,False,2000,ok
mixed,none,mlp,sequence_dnase_h3k4me3,sequence_ctcf_dnase_h3k4me3,-0.022113952785730362,0.009254108183085918,False,2000,ok
mixed,none,mlp,sequence_dnase_h3k4me3,sequence_dnase_h3k4me3_rrbs,-0.0017184466123580933,0.013304722495377064,False,2000,ok
mixed,none,mlp,sequence_dnase_rrbs,sequence_ctcf_dnase_rrbs,-0.01929638907313347,0.006875456776469946,False,2000,ok
mixed,none,mlp,sequence_dnase_rrbs,sequence_dnase_h3k4me3_rrbs,-0.00037705301656387746,0.018476784229278564,False,2000,ok
mixed,none,mlp,sequence_h3k4me3_rrbs,sequence_ctcf_h3k4me3_rrbs,-0.01889100857079029,0.00413085799664259,False,2000,ok
mixed,none,mlp,sequence_h3k4me3_rrbs,sequence_dnase_h3k4me3_rrbs,-0.012297411449253559,0.0077519491314888,False,2000,ok
mixed,none,mlp,sequence_ctcf_dnase_h3k4me3,all,-0.0032480477821081877,0.023138079792261124,False,2000,ok
mixed,none,mlp,sequence_ctcf_dnase_rrbs,all,0.0025636882055550814,0.023944444954395294,True,2000,ok
mixed,none,mlp,sequence_ctcf_h3k4me3_rrbs,all,-0.005643883254379034,0.012266388162970543,False,2000,ok
mixed,none,mlp,sequence_dnase_h3k4me3_rrbs,all,-0.013446306809782982,0.009399784728884697,False,2000,ok
mixed,none,mlp,sequence,sequence_ctcf,-0.006953070871531963,0.009819934144616127,False,2000,ok
mixed,none,mlp,sequence,sequence_dnase,-0.018197841942310333,0.014821196906268597,False,2000,ok
mixed,none,mlp,sequence,sequence_h3k4me3,-0.019315579906105995,0.015377804636955261,False,2000,ok
mixed,none,mlp,sequence,sequence_rrbs,-0.0007692381623201072,0.0050479816272854805,False,2000,ok
mixed,none,mlp,sequence_ctcf,sequence_ctcf_dnase,-0.015357506461441517,0.011369222775101662,False,2000,ok
mixed,none,mlp,sequence_ctcf,sequence_ctcf_h3k4me3,-0.031181374564766884,0.016460822895169258,False,2000,ok
mixed,none,mlp,sequence_ctcf,sequence_ctcf_rrbs,-0.02311212569475174,0.008992401883006096,False,2000,ok
mixed,none,mlp,sequence_dnase,sequence_ctcf_dnase,-0.012293295934796333,0.013179369270801544,False,2000,ok
mixed,none,mlp,sequence_dnase,sequence_dnase_h3k4me3,-0.00981797743588686,0.015823496505618095,False,2000,ok
mixed,none,mlp,sequence_dnase,sequence_dnase_rrbs,-0.00788436084985733,0.010222245939075947,False,2000,ok
mixed,none,mlp,sequence_h3k4me3,sequence_ctcf_h3k4me3,-0.025853941217064857,0.01833697035908699,False,2000,ok
mixed,none,mlp,sequence_h3k4me3,sequence_dnase_h3k4me3,-0.010628161020576954,0.018149428069591522,False,2000,ok
mixed,none,mlp,sequence_h3k4me3,sequence_h3k4me3_rrbs,-0.017832113429903984,0.006704369094222784,False,2000,ok
mixed,none,mlp,sequence_rrbs,sequence_ctcf_rrbs,-0.023606855422258377,0.00892699509859085,False,2000,ok
mixed,none,mlp,sequence_rrbs,sequence_dnase_rrbs,-0.017136259004473686,0.013253791257739067,False,2000,ok
mixed,none,mlp,sequence_rrbs,sequence_h3k4me3_rrbs,-0.026343997567892075,0.006694118492305279,False,2000,ok
mixed,none,mlp,sequence_ctcf_dnase,sequence_ctcf_dnase_h3k4me3,-0.01096356101334095,0.025721106678247452,False,2000,ok
mixed,none,mlp,sequence_ctcf_dnase,sequence_ctcf_dnase_rrbs,-0.0015984580386430025,0.021858597174286842,False,2000,ok
mixed,none,mlp,sequence_ctcf_h3k4me3,sequence_ctcf_dnase_h3k4me3,-0.009133721701800823,0.03327331319451332,False,2000,ok
mixed,none,mlp,sequence_ctcf_h3k4me3,sequence_ctcf_h3k4me3_rrbs,-0.022816723212599754,0.024763455614447594,False,2000,ok
mixed,none,mlp,sequence_ctcf_rrbs,sequence_ctcf_dnase_rrbs,-6.346404461510247e-06,0.029878726229071617,False,2000,ok
mixed,none,mlp,sequence_ctcf_rrbs,sequence_ctcf_h3k4me3_rrbs,-0.015031011775135994,0.01697271503508091,False,2000,ok
mixed,none,mlp,sequence_dnase_h3k4me3,sequence_ctcf_dnase_h3k4me3,-0.014856433495879173,0.023972462862730026,False,2000,ok
mixed,none,mlp,sequence_dnase_h3k4me3,sequence_dnase_h3k4me3_rrbs,-0.008664603345096111,0.009704537689685822,False,2000,ok
mixed,none,mlp,sequence_dnase_rrbs,sequence_ctcf_dnase_rrbs,-0.004113386385142803,0.022448966279625893,False,2000,ok
mixed,none,mlp,sequence_dnase_rrbs,sequence_dnase_h3k4me3_rrbs,-0.008796694688498974,0.013344474136829376,False,2000,ok
mixed,none,mlp,sequence_h3k4me3_rrbs,sequence_ctcf_h3k4me3_rrbs,-0.011394903063774109,0.01802518591284752,False,2000,ok
mixed,none,mlp,sequence_h3k4me3_rrbs,sequence_dnase_h3k4me3_rrbs,-0.002602897584438324,0.02357630431652069,False,2000,ok
mixed,none,mlp,sequence_ctcf_dnase_h3k4me3,all,-0.01331047248095274,0.02058277651667595,False,2000,ok
mixed,none,mlp,sequence_ctcf_dnase_rrbs,all,-0.010889788158237934,0.011034838855266571,False,2000,ok
mixed,none,mlp,sequence_ctcf_h3k4me3_rrbs,all,0.0033967376220971346,0.025407087057828903,True,2000,ok
mixed,none,mlp,sequence_dnase_h3k4me3_rrbs,all,-0.0013079807395115495,0.016502387821674347,False,2000,ok
mixed,none,mlp,sequence,sequence_ctcf,-0.010352027602493763,0.006654736585915089,False,2000,ok
mixed,none,mlp,sequence,sequence_dnase,-0.016280904412269592,0.0003119289758615196,False,2000,ok
mixed,none,mlp,sequence,sequence_h3k4me3,-0.009074481204152107,0.005549250636249781,False,2000,ok
mixed,none,mlp,sequence,sequence_rrbs,-0.007652053143829107,0.0005707949167117476,False,2000,ok
mixed,none,mlp,sequence_ctcf,sequence_ctcf_dnase,-0.02207082137465477,0.01131892018020153,False,2000,ok
mixed,none,mlp,sequence_ctcf,sequence_ctcf_h3k4me3,-0.006751934997737408,0.012731283903121948,False,2000,ok
mixed,none,mlp,sequence_ctcf,sequence_ctcf_rrbs,-0.02712993510067463,0.004512500949203968,False,2000,ok
mixed,none,mlp,sequence_dnase,sequence_ctcf_dnase,-0.016095252707600594,0.017086278647184372,False,2000,ok
mixed,none,mlp,sequence_dnase,sequence_dnase_h3k4me3,-0.009968375787138939,0.029225479811429977,False,2000,ok
mixed,none,mlp,sequence_dnase,sequence_dnase_rrbs,-0.009125215001404285,0.020626485347747803,False,2000,ok
mixed,none,mlp,sequence_h3k4me3,sequence_ctcf_h3k4me3,-0.008171653375029564,0.014368750154972076,False,2000,ok
mixed,none,mlp,sequence_h3k4me3,sequence_dnase_h3k4me3,-0.015580639243125916,0.022857047617435455,False,2000,ok
mixed,none,mlp,sequence_h3k4me3,sequence_h3k4me3_rrbs,-0.015867650508880615,0.01442408561706543,False,2000,ok
mixed,none,mlp,sequence_rrbs,sequence_ctcf_rrbs,-0.023629453033208847,0.0041832225397229195,False,2000,ok
mixed,none,mlp,sequence_rrbs,sequence_dnase_rrbs,-0.011568659916520119,0.014468185603618622,False,2000,ok
mixed,none,mlp,sequence_rrbs,sequence_h3k4me3_rrbs,-0.013710369355976582,0.01483494509011507,False,2000,ok
mixed,none,mlp,sequence_ctcf_dnase,sequence_ctcf_dnase_h3k4me3,-0.0018517241114750504,0.02400796115398407,False,2000,ok
mixed,none,mlp,sequence_ctcf_dnase,sequence_ctcf_dnase_rrbs,-0.01491441112011671,0.016187649220228195,False,2000,ok
mixed,none,mlp,sequence_ctcf_h3k4me3,sequence_ctcf_dnase_h3k4me3,-0.012304094620049,0.016903284937143326,False,2000,ok
mixed,none,mlp,sequence_ctcf_h3k4me3,sequence_ctcf_h3k4me3_rrbs,-0.0268823504447937,0.0030429258476942778,False,2000,ok
mixed,none,mlp,sequence_ctcf_rrbs,sequence_ctcf_dnase_rrbs,-0.002534267259761691,0.016208209097385406,False,2000,ok
mixed,none,mlp,sequence_ctcf_rrbs,sequence_ctcf_h3k4me3_rrbs,-0.006659916136413813,0.01272631622850895,False,2000,ok
mixed,none,mlp,sequence_dnase_h3k4me3,sequence_ctcf_dnase_h3k4me3,-0.01588566228747368,0.020212404429912567,False,2000,ok
mixed,none,mlp,sequence_dnase_h3k4me3,sequence_dnase_h3k4me3_rrbs,-0.022999826818704605,0.012809621170163155,False,2000,ok
mixed,none,mlp,sequence_dnase_rrbs,sequence_ctcf_dnase_rrbs,-0.015112511813640594,0.0058698044158518314,False,2000,ok
mixed,none,mlp,sequence_dnase_rrbs,sequence_dnase_h3k4me3_rrbs,-0.016082674264907837,0.015034829266369343,False,2000,ok
mixed,none,mlp,sequence_h3k4me3_rrbs,sequence_ctcf_h3k4me3_rrbs,-0.019581418484449387,0.004061363637447357,False,2000,ok
mixed,none,mlp,sequence_h3k4me3_rrbs,sequence_dnase_h3k4me3_rrbs,-0.016143782064318657,0.01575535163283348,False,2000,ok
mixed,none,mlp,sequence_ctcf_dnase_h3k4me3,all,-0.019186880439519882,0.00153816188685596,False,2000,ok
mixed,none,mlp,sequence_ctcf_dnase_rrbs,all,-0.012561110779643059,0.016820158809423447,False,2000,ok
mixed,none,mlp,sequence_ctcf_h3k4me3_rrbs,all,-0.008023721165955067,0.019425027072429657,False,2000,ok
mixed,none,mlp,sequence_dnase_h3k4me3_rrbs,all,-0.017048537731170654,0.013033447787165642,False,2000,ok
mixed,none,mlp,sequence,sequence_ctcf,-0.012731200084090233,0.021043924614787102,False,2000,ok
mixed,none,mlp,sequence,sequence_dnase,-0.0025233731139451265,0.019220802932977676,False,2000,ok
mixed,none,mlp,sequence,sequence_h3k4me3,-0.0062104882672429085,0.01715707965195179,False,2000,ok
mixed,none,mlp,sequence,sequence_rrbs,-0.00422900915145874,0.005784660577774048,False,2000,ok
mixed,none,mlp,sequence_ctcf,sequence_ctcf_dnase,0.004658508114516735,0.03246556594967842,True,2000,ok
mixed,none,mlp,sequence_ctcf,sequence_ctcf_h3k4me3,-0.004699976649135351,0.02281327173113823,False,2000,ok
mixed,none,mlp,sequence_ctcf,sequence_ctcf_rrbs,-0.026949623599648476,0.008483799174427986,False,2000,ok
mixed,none,mlp,sequence_dnase,sequence_ctcf_dnase,0.002427145838737488,0.0254567489027977,True,2000,ok
mixed,none,mlp,sequence_dnase,sequence_dnase_h3k4me3,-0.0005676016444340348,0.023164071142673492,False,2000,ok
mixed,none,mlp,sequence_dnase,sequence_dnase_rrbs,-0.009129246696829796,0.017259053885936737,False,2000,ok
mixed,none,mlp,sequence_h3k4me3,sequence_ctcf_h3k4me3,-0.003401401685550809,0.018156956881284714,False,2000,ok
mixed,none,mlp,sequence_h3k4me3,sequence_dnase_h3k4me3,0.003525826381519437,0.02405521459877491,True,2000,ok
mixed,none,mlp,sequence_h3k4me3,sequence_h3k4me3_rrbs,-0.01485312171280384,0.013920034281909466,False,2000,ok
mixed,none,mlp,sequence_rrbs,sequence_ctcf_rrbs,-0.013316569849848747,0.0016788914799690247,False,2000,ok
mixed,none,mlp,sequence_rrbs,sequence_dnase_rrbs,-0.004693695809692144,0.02867439016699791,False,2000,ok
mixed,none,mlp,sequence_rrbs,sequence_h3k4me3_rrbs,-0.015614350326359272,0.02352214977145195,False,2000,ok
mixed,none,mlp,sequence_ctcf_dnase,sequence_ctcf_dnase_h3k4me3,-0.01669560931622982,0.007718598935753107,False,2000,ok
mixed,none,mlp,sequence_ctcf_dnase,sequence_ctcf_dnase_rrbs,-0.003292340086773038,0.013417196460068226,False,2000,ok
mixed,none,mlp,sequence_ctcf_h3k4me3,sequence_ctcf_dnase_h3k4me3,-0.006647850386798382,0.016945086419582367,False,2000,ok
mixed,none,mlp,sequence_ctcf_h3k4me3,sequence_ctcf_h3k4me3_rrbs,-0.0029615566600114107,0.01569710113108158,False,2000,ok
mixed,none,mlp,sequence_ctcf_rrbs,sequence_ctcf_dnase_rrbs,0.019998934119939804,0.04487895593047142,True,2000,ok
mixed,none,mlp,sequence_ctcf_rrbs,sequence_ctcf_h3k4me3_rrbs,0.010841856710612774,0.03829624876379967,True,2000,ok
mixed,none,mlp,sequence_dnase_h3k4me3,sequence_ctcf_dnase_h3k4me3,-0.012836262583732605,0.009967474266886711,False,2000,ok
mixed,none,mlp,sequence_dnase_h3k4me3,sequence_dnase_h3k4me3_rrbs,-0.002278689993545413,0.013802004978060722,False,2000,ok
mixed,none,mlp,sequence_dnase_rrbs,sequence_ctcf_dnase_rrbs,0.0023503690026700497,0.02779184654355049,True,2000,ok
mixed,none,mlp,sequence_dnase_rrbs,sequence_dnase_h3k4me3_rrbs,0.00014105439186096191,0.026067744940519333,True,2000,ok
mixed,none,mlp,sequence_h3k4me3_rrbs,sequence_ctcf_h3k4me3_rrbs,-0.0007263079169206321,0.029927881434559822,False,2000,ok
mixed,none,mlp,sequence_h3k4me3_rrbs,sequence_dnase_h3k4me3_rrbs,0.005170722492039204,0.03594357147812843,True,2000,ok
mixed,none,mlp,sequence_ctcf_dnase_h3k4me3,all,-0.014756852760910988,0.0067490460351109505,False,2000,ok
mixed,none,mlp,sequence_ctcf_dnase_rrbs,all,-0.024985680356621742,-0.002320504281669855,True,2000,ok
mixed,none,mlp,sequence_ctcf_h3k4me3_rrbs,all,-0.017697524279356003,0.006969483103603125,False,2000,ok
mixed,none,mlp,sequence_dnase_h3k4me3_rrbs,all,-0.02302202768623829,0.0007185771828517318,False,2000,ok
mixed,none,transformer,sequence,sequence_ctcf,0.000718997442163527,0.03511872515082359,True,2000,ok
mixed,none,transformer,sequence,sequence_dnase,0.005723677575588226,0.04043833166360855,True,2000,ok
mixed,none,transformer,sequence,sequence_h3k4me3,-0.022072458639740944,0.021140124648809433,False,2000,ok
mixed,none,transformer,sequence,sequence_rrbs,0.004387518856674433,0.03537498787045479,True,2000,ok
mixed,none,transformer,sequence_ctcf,sequence_ctcf_dnase,-0.005765758454799652,0.019445810467004776,False,2000,ok
mixed,none,transformer,sequence_ctcf,sequence_ctcf_h3k4me3,-0.009343406185507774,0.01732797548174858,False,2000,ok
mixed,none,transformer,sequence_ctcf,sequence_ctcf_rrbs,-0.01417497731745243,0.00697972159832716,False,2000,ok
mixed,none,transformer,sequence_dnase,sequence_ctcf_dnase,-0.013730647973716259,0.015946220606565475,False,2000,ok
mixed,none,transformer,sequence_dnase,sequence_dnase_h3k4me3,-0.019063090905547142,0.012192390859127045,False,2000,ok
mixed,none,transformer,sequence_dnase,sequence_dnase_rrbs,-0.03200357407331467,-0.005248566158115864,True,2000,ok
mixed,none,transformer,sequence_h3k4me3,sequence_ctcf_h3k4me3,0.001380476402118802,0.040863752365112305,True,2000,ok
mixed,none,transformer,sequence_h3k4me3,sequence_dnase_h3k4me3,-0.0010554089676588774,0.04155935347080231,False,2000,ok
mixed,none,transformer,sequence_h3k4me3,sequence_h3k4me3_rrbs,-0.006907559931278229,0.035835448652505875,False,2000,ok
mixed,none,transformer,sequence_rrbs,sequence_ctcf_rrbs,-0.018849873915314674,0.006557770073413849,False,2000,ok
mixed,none,transformer,sequence_rrbs,sequence_dnase_rrbs,-0.029119478538632393,-0.002008025301620364,True,2000,ok
mixed,none,transformer,sequence_rrbs,sequence_h3k4me3_rrbs,-0.02159387804567814,0.010638289153575897,False,2000,ok
mixed,none,transformer,sequence_ctcf_dnase,sequence_ctcf_dnase_h3k4me3,-0.00551350275054574,0.02260960079729557,False,2000,ok
mixed,none,transformer,sequence_ctcf_dnase,sequence_ctcf_dnase_rrbs,-0.016700567677617073,0.0024519474245607853,False,2000,ok
mixed,none,transformer,sequence_ctcf_h3k4me3,sequence_ctcf_dnase_h3k4me3,-0.0032487392891198397,0.02576206810772419,False,2000,ok
mixed,none,transformer,sequence_ctcf_h3k4me3,sequence_ctcf_h3k4me3_rrbs,-0.009532539173960686,0.009839299134910107,False,2000,ok
mixed,none,transformer,sequence_ctcf_rrbs,sequence_ctcf_dnase_rrbs,-0.009369276463985443,0.01682989113032818,False,2000,ok
mixed,none,transformer,sequence_ctcf_rrbs,sequence_ctcf_h3k4me3_rrbs,-0.0042002201080322266,0.018529731780290604,False,2000,ok
mixed,none,transformer,sequence_dnase_h3k4me3,sequence_ctcf_dnase_h3k4me3,-0.003190305782482028,0.02764880284667015,False,2000,ok
mixed,none,transformer,sequence_dnase_h3k4me3,sequence_dnase_h3k4me3_rrbs,-0.012898044660687447,0.009354814887046814,False,2000,ok
mixed,none,transformer,sequence_dnase_rrbs,sequence_ctcf_dnase_rrbs,0.001118370913900435,0.024781379848718643,True,2000,ok
mixed,none,transformer,sequence_dnase_rrbs,sequence_dnase_h3k4me3_rrbs,-0.002678367542102933,0.029068291187286377,False,2000,ok
mixed,none,transformer,sequence_h3k4me3_rrbs,sequence_ctcf_h3k4me3_rrbs,-0.009585678577423096,0.02326437085866928,False,2000,ok
mixed,none,transformer,sequence_h3k4me3_rrbs,sequence_dnase_h3k4me3_rrbs,-0.012005244381725788,0.018986525014042854,False,2000,ok
mixed,none,transformer,sequence_ctcf_dnase_h3k4me3,all,-0.03719211369752884,-0.01107390969991684,True,2000,ok
mixed,none,transformer,sequence_ctcf_dnase_rrbs,all,-0.024213718250393867,0.00658572930842638,False,2000,ok
mixed,none,transformer,sequence_ctcf_h3k4me3_rrbs,all,-0.02735268510878086,0.0016745537286624312,False,2000,ok
mixed,none,transformer,sequence_dnase_h3k4me3_rrbs,all,-0.024958770722150803,0.005875089671462774,False,2000,ok
mixed,none,transformer,sequence,sequence_ctcf,-0.03574749454855919,0.005324466619640589,False,2000,ok
mixed,none,transformer,sequence,sequence_dnase,-0.03235671669244766,0.007807210087776184,False,2000,ok
mixed,none,transformer,sequence,sequence_h3k4me3,-0.02873094566166401,0.009941172786056995,False,2000,ok
mixed,none,transformer,sequence,sequence_rrbs,-0.0365387424826622,0.001719480729661882,False,2000,ok
mixed,none,transformer,sequence_ctcf,sequence_ctcf_dnase,-0.033886730670928955,0.00036569981602951884,False,2000,ok
mixed,none,transformer,sequence_ctcf,sequence_ctcf_h3k4me3,-0.01519308052957058,0.021664787083864212,False,2000,ok
mixed,none,transformer,sequence_ctcf,sequence_ctcf_rrbs,-0.026168864220380783,0.008446875028312206,False,2000,ok
mixed,none,transformer,sequence_dnase,sequence_ctcf_dnase,-0.037386078387498856,-0.0017195269465446472,True,2000,ok
mixed,none,transformer,sequence_dnase,sequence_dnase_h3k4me3,0.0005952924257144332,0.030363861471414566,True,2000,ok
mixed,none,transformer,sequence_dnase,sequence_dnase_rrbs,-0.003117625368759036,0.023591097444295883,False,2000,ok
mixed,none,transformer,sequence_h3k4me3,sequence_ctcf_h3k4me3,-0.021184977144002914,0.015235302969813347,False,2000,ok
mixed,none,transformer,sequence_h3k4me3,sequence_dnase_h3k4me3,-0.002858740044757724,0.02932359091937542,False,2000,ok
mixed,none,transformer,sequence_h3k4me3,sequence_h3k4me3_rrbs,0.0005235507851466537,0.021025752648711205,True,2000,ok
mixed,none,transformer,sequence_rrbs,sequence_ctcf_rrbs,-0.01984817162156105,0.008772766217589378,False,2000,ok
mixed,none,transformer,sequence_rrbs,sequence_dnase_rrbs,0.00039448440656997263,0.03112260065972805,True,2000,ok
mixed,none,transformer,sequence_rrbs,sequence_h3k4me3_rrbs,0.0038142665289342403,0.03560440614819527,True,2000,ok
mixed,none,transformer,sequence_ctcf_dnase,sequence_ctcf_dnase_h3k4me3,-0.00224810978397727,0.033817436546087265,False,2000,ok
mixed,none,transformer,sequence_ctcf_dnase,sequence_ctcf_dnase_rrbs,-0.010326298885047436,0.01704050414264202,False,2000,ok
mixed,none,transformer,sequence_ctcf_h3k4me3,sequence_ctcf_dnase_h3k4me3,-0.01882641203701496,0.011772654950618744,False,2000,ok
mixed,none,transformer,sequence_ctcf_h3k4me3,sequence_ctcf_h3k4me3_rrbs,-0.018175045028328896,0.020749036222696304,False,2000,ok
mixed,none,transformer,sequence_ctcf_rrbs,sequence_ctcf_dnase_rrbs,-0.02250671572983265,0.012900227680802345,False,2000,ok
mixed,none,transformer,sequence_ctcf_rrbs,sequence_ctcf_h3k4me3_rrbs,-0.007485389709472656,0.03168698027729988,False,2000,ok
mixed,none,transformer,sequence_dnase_h3k4me3,sequence_ctcf_dnase_h3k4me3,-0.0346575565636158,-0.003257459495216608,True,2000,ok
mixed,none,transformer,sequence_dnase_h3k4me3,sequence_dnase_h3k4me3_rrbs,-0.016870202496647835,0.007869149558246136,False,2000,ok
mixed,none,transformer,sequence_dnase_rrbs,sequence_ctcf_dnase_rrbs,-0.04431050643324852,-0.0062670172192156315,True,2000,ok
mixed,none,transformer,sequence_dnase_rrbs,sequence_dnase_h3k4me3_rrbs,-0.010892368853092194,0.012961079366505146,False,2000,ok
mixed,none,transformer,sequence_h3k4me3_rrbs,sequence_ctcf_h3k4me3_rrbs,-0.02989266812801361,0.005330032203346491,False,2000,ok
mixed,none,transformer,sequence_h3k4me3_rrbs,sequence_dnase_h3k4me3_rrbs,-0.015637721866369247,0.010914122685790062,False,2000,ok
mixed,none,transformer,sequence_ctcf_dnase_h3k4me3,all,-0.020088981837034225,0.016401071101427078,False,2000,ok
mixed,none,transformer,sequence_ctcf_dnase_rrbs,all,-0.006508558988571167,0.02725747600197792,False,2000,ok
mixed,none,transformer,sequence_ctcf_h3k4me3_rrbs,all,-0.023430006578564644,0.010613126680254936,False,2000,ok
mixed,none,transformer,sequence_dnase_h3k4me3_rrbs,all,-0.034710776060819626,0.0019153192406520247,False,2000,ok
mixed,none,transformer,sequence,sequence_ctcf,-0.017130544409155846,0.013562329113483429,False,2000,ok
mixed,none,transformer,sequence,sequence_dnase,-0.005887809209525585,0.028393596410751343,False,2000,ok
mixed,none,transformer,sequence,sequence_h3k4me3,-0.017264455556869507,0.008620145730674267,False,2000,ok
mixed,none,transformer,sequence,sequence_rrbs,-0.015596291050314903,0.009838812053203583,False,2000,ok
mixed,none,transformer,sequence_ctcf,sequence_ctcf_dnase,-0.024674896150827408,0.012713214382529259,False,2000,ok
mixed,none,transformer,sequence_ctcf,sequence_ctcf_h3k4me3,-0.024207156151533127,0.008688651025295258,False,2000,ok
mixed,none,transformer,sequence_ctcf,sequence_ctcf_rrbs,-0.03187015652656555,-0.0009588822722434998,True,2000,ok
mixed,none,transformer,sequence_dnase,sequence_ctcf_dnase,-0.03921876475214958,0.0034572691656649113,False,2000,ok
mixed,none,transformer,sequence_dnase,sequence_dnase_h3k4me3,-0.03694437816739082,0.003831513226032257,False,2000,ok
mixed,none,transformer,sequence_dnase,sequence_dnase_rrbs,-0.01916763372719288,0.016453806310892105,False,2000,ok
mixed,none,transformer,sequence_h3k4me3,sequence_ctcf_h3k4me3,-0.022345466539263725,0.012449297122657299,False,2000,ok
mixed,none,transformer,sequence_h3k4me3,sequence_dnase_h3k4me3,-0.016098713502287865,0.014131809584796429,False,2000,ok
mixed,none,transformer,sequence_h3k4me3,sequence_h3k4me3_rrbs,-0.013645477592945099,0.009866136126220226,False,2000,ok
mixed,none,transformer,sequence_rrbs,sequence_ctcf_rrbs,-0.029345283284783363,-0.0015086352359503508,True,2000,ok
mixed,none,transformer,sequence_rrbs,sequence_dnase_rrbs,-0.003391839563846588,0.028954526409506798,False,2000,ok
mixed,none,transformer,sequence_rrbs,sequence_h3k4me3_rrbs,-0.01693716086447239,0.00975066889077425,False,2000,ok
mixed,none,transformer,sequence_ctcf_dnase,sequence_ctcf_dnase_h3k4me3,-0.01513024140149355,0.0262275580316782,False,2000,ok
mixed,none,transformer,sequence_ctcf_dnase,sequence_ctcf_dnase_rrbs,-0.0015528455842286348,0.029235001653432846,False,2000,ok
mixed,none,transformer,sequence_ctcf_h3k4me3,sequence_ctcf_dnase_h3k4me3,-0.010190688073635101,0.023373834788799286,False,2000,ok
mixed,none,transformer,sequence_ctcf_h3k4me3,sequence_ctcf_h3k4me3_rrbs,-0.007069195620715618,0.017045417800545692,False,2000,ok
mixed,none,transformer,sequence_ctcf_rrbs,sequence_ctcf_dnase_rrbs,0.009410110302269459,0.04067624360322952,True,2000,ok
mixed,none,transformer,sequence_ctcf_rrbs,sequence_ctcf_h3k4me3_rrbs,0.0007380217430181801,0.026727670803666115,True,2000,ok
mixed,none,transformer,sequence_dnase_h3k4me3,sequence_ctcf_dnase_h3k4me3,-0.015511950477957726,0.021643277257680893,False,2000,ok
mixed,none,transformer,sequence_dnase_h3k4me3,sequence_dnase_h3k4me3_rrbs,-0.002775672124698758,0.0008246153593063354,False,2000,ok
mixed,none,transformer,sequence_dnase_rrbs,sequence_ctcf_dnase_rrbs,-0.01731417328119278,0.010723923332989216,False,2000,ok
mixed,none,transformer,sequence_dnase_rrbs,sequence_dnase_h3k4me3_rrbs,-0.030410926789045334,-0.0009048074716702104,True,2000,ok
mixed,none,transformer,sequence_h3k4me3_rrbs,sequence_ctcf_h3k4me3_rrbs,-0.012610184028744698,0.017639484256505966,False,2000,ok
mixed,none,transformer,sequence_h3k4me3_rrbs,sequence_dnase_h3k4me3_rrbs,-0.01238735020160675,0.012869219295680523,False,2000,ok
mixed,none,transformer,sequence_ctcf_dnase_h3k4me3,all,-0.023975159972906113,0.007828476838767529,False,2000,ok
mixed,none,transformer,sequence_ctcf_dnase_rrbs,all,-0.03549063578248024,0.0027685598470270634,False,2000,ok
mixed,none,transformer,sequence_ctcf_h3k4me3_rrbs,all,-0.022801019251346588,0.009624039754271507,False,2000,ok
mixed,none,transformer,sequence_dnase_h3k4me3_rrbs,all,-0.022790545597672462,0.014617124572396278,False,2000,ok
mixed,none,transformer,sequence,sequence_ctcf,-0.02918846718966961,-0.004217182286083698,True,2000,ok
mixed,none,transformer,sequence,sequence_dnase,-0.02760153077542782,-0.007093693129718304,True,2000,ok
mixed,none,transformer,sequence,sequence_h3k4me3,-0.020873237401247025,0.004719062242656946,False,2000,ok
mixed,none,transformer,sequence,sequence_rrbs,-0.015796774998307228,-0.0019162476528435946,True,2000,ok
mixed,none,transformer,sequence_ctcf,sequence_ctcf_dnase,-0.006348460912704468,0.016390666365623474,False,2000,ok
mixed,none,transformer,sequence_ctcf,sequence_ctcf_h3k4me3,-0.004072113428264856,0.010604625567793846,False,2000,ok
mixed,none,transformer,sequence_ctcf,sequence_ctcf_rrbs,-0.005453403107821941,0.01714242622256279,False,2000,ok
mixed,none,transformer,sequence_dnase,sequence_ctcf_dnase,-0.0032252445816993713,0.014425058849155903,False,2000,ok
mixed,none,transformer,sequence_dnase,sequence_dnase_h3k4me3,-0.00949913077056408,0.02715742215514183,False,2000,ok
mixed,none,transformer,sequence_dnase,sequence_dnase_rrbs,-0.009009547531604767,0.00037385523319244385,False,2000,ok
mixed,none,transformer,sequence_h3k4me3,sequence_ctcf_h3k4me3,-0.018984781578183174,0.008005728013813496,False,2000,ok
mixed,none,transformer,sequence_h3k4me3,sequence_dnase_h3k4me3,-0.016348175704479218,0.01654704473912716,False,2000,ok
mixed,none,transformer,sequence_h3k4me3,sequence_h3k4me3_rrbs,-0.030129987746477127,-0.00500467699021101,True,2000,ok
mixed,none,transformer,sequence_rrbs,sequence_ctcf_rrbs,-0.013859853148460388,0.009770016185939312,False,2000,ok
mixed,none,transformer,sequence_rrbs,sequence_dnase_rrbs,-0.022759098559617996,-0.0029960274696350098,True,2000,ok
mixed,none,transformer,sequence_rrbs,sequence_h3k4me3_rrbs,-0.02834760956466198,-0.004169254098087549,True,2000,ok
mixed,none,transformer,sequence_ctcf_dnase,sequence_ctcf_dnase_h3k4me3,-0.009581740014255047,0.008557943627238274,False,2000,ok
mixed,none,transformer,sequence_ctcf_dnase,sequence_ctcf_dnase_rrbs,-0.0035116211511194706,0.0013820588355883956,False,2000,ok
mixed,none,transformer,sequence_ctcf_h3k4me3,sequence_ctcf_dnase_h3k4me3,-0.0040391189977526665,0.007915304973721504,False,2000,ok
mixed,none,transformer,sequence_ctcf_h3k4me3,sequence_ctcf_h3k4me3_rrbs,-0.013109748251736164,0.011024738661944866,False,2000,ok
mixed,none,transformer,sequence_ctcf_rrbs,sequence_ctcf_dnase_rrbs,-0.01254190318286419,0.009062510915100574,False,2000,ok
mixed,none,transformer,sequence_ctcf_rrbs,sequence_ctcf_h3k4me3_rrbs,-0.016469843685626984,0.008642631582915783,False,2000,ok
mixed,none,transformer,sequence_dnase_h3k4me3,sequence_ctcf_dnase_h3k4me3,-0.020365435630083084,0.013683396391570568,False,2000,ok
mixed,none,transformer,sequence_dnase_h3k4me3,sequence_dnase_h3k4me3_rrbs,-0.025844711810350418,0.006515183951705694,False,2000,ok
mixed,none,transformer,sequence_dnase_rrbs,sequence_ctcf_dnase_rrbs,-0.0003696739731822163,0.01926993764936924,False,2000,ok
mixed,none,transformer,sequence_dnase_rrbs,sequence_dnase_h3k4me3_rrbs,-0.006255655083805323,0.014045956544578075,False,2000,ok
mixed,none,transformer,sequence_h3k4me3_rrbs,sequence_ctcf_h3k4me3_rrbs,-0.00357925146818161,0.024825885891914368,False,2000,ok
mixed,none,transformer,sequence_h3k4me3_rrbs,sequence_dnase_h3k4me3_rrbs,-0.005774654448032379,0.02107715606689453,False,2000,ok
mixed,none,transformer,sequence_ctcf_dnase_h3k4me3,all,-0.0034387751948088408,0.0026866570115089417,False,2000,ok
mixed,none,transformer,sequence_ctcf_dnase_rrbs,all,-0.008832116611301899,0.009159378707408905,False,2000,ok
mixed,none,transformer,sequence_ctcf_h3k4me3_rrbs,all,-0.009736430831253529,0.014774063602089882,False,2000,ok
mixed,none,transformer,sequence_dnase_h3k4me3_rrbs,all,-0.003264687955379486,0.0148605452850461,False,2000,ok
mixed,none,xgboost,sequence,sequence_ctcf,-0.006477132439613342,0.008972669951617718,False,2000,ok
mixed,none,xgboost,sequence,sequence_dnase,-0.008284416981041431,0.005623894743621349,False,2000,ok
mixed,none,xgboost,sequence,sequence_h3k4me3,-0.007780623622238636,0.005226148758083582,False,2000,ok
mixed,none,xgboost,sequence,sequence_rrbs,-0.0067000375129282475,0.008028082549571991,False,2000,ok
mixed,none,xgboost,sequence_ctcf,sequence_ctcf_dnase,-0.011445160023868084,0.0057952627539634705,False,2000,ok
mixed,none,xgboost,sequence_ctcf,sequence_ctcf_h3k4me3,-0.008972394280135632,0.003312526736408472,False,2000,ok
mixed,none,xgboost,sequence_ctcf,sequence_ctcf_rrbs,-0.00843181274831295,0.0028451369144022465,False,2000,ok
mixed,none,xgboost,sequence_dnase,sequence_ctcf_dnase,-0.009785568341612816,0.009588430635631084,False,2000,ok
mixed,none,xgboost,sequence_dnase,sequence_dnase_h3k4me3,-0.004827913828194141,0.008613641373813152,False,2000,ok
mixed,none,xgboost,sequence_dnase,sequence_dnase_rrbs,-0.003743913723155856,0.008925968781113625,False,2000,ok
mixed,none,xgboost,sequence_h3k4me3,sequence_ctcf_h3k4me3,-0.007409718818962574,0.006839658133685589,False,2000,ok
mixed,none,xgboost,sequence_h3k4me3,sequence_dnase_h3k4me3,-0.0038845627568662167,0.007481205277144909,False,2000,ok
mixed,none,xgboost,sequence_h3k4me3,sequence_h3k4me3_rrbs,-0.010786905884742737,0.003936500754207373,False,2000,ok
mixed,none,xgboost,sequence_rrbs,sequence_ctcf_rrbs,-0.011426711454987526,0.006926366593688726,False,2000,ok
mixed,none,xgboost,sequence_rrbs,sequence_dnase_rrbs,-0.006700403988361359,0.0075837657786905766,False,2000,ok
mixed,none,xgboost,sequence_rrbs,sequence_h3k4me3_rrbs,-0.013952970504760742,0.003185770008713007,False,2000,ok
mixed,none,xgboost,sequence_ctcf_dnase,sequence_ctcf_dnase_h3k4me3,-0.005218577571213245,0.013114020228385925,False,2000,ok
mixed,none,xgboost,sequence_ctcf_dnase,sequence_ctcf_dnase_rrbs,-0.0029283345211297274,0.013454938307404518,False,2000,ok
mixed,none,xgboost,sequence_ctcf_h3k4me3,sequence_ctcf_dnase_h3k4me3,-0.001681651221588254,0.01011129654943943,False,2000,ok
mixed,none,xgboost,sequence_ctcf_h3k4me3,sequence_ctcf_h3k4me3_rrbs,-0.006948335561901331,0.00674785953015089,False,2000,ok
mixed,none,xgboost,sequence_ctcf_rrbs,sequence_ctcf_dnase_rrbs,-0.0011201336747035384,0.011347088031470776,False,2000,ok
mixed,none,xgboost,sequence_ctcf_rrbs,sequence_ctcf_h3k4me3_rrbs,-0.004783096723258495,0.004287932999432087,False,2000,ok
mixed,none,xgboost,sequence_dnase_h3k4me3,sequence_ctcf_dnase_h3k4me3,-0.005662781186401844,0.010076120495796204,False,2000,ok
mixed,none,xgboost,sequence_dnase_h3k4me3,sequence_dnase_h3k4me3_rrbs,-0.0071394192054867744,0.007253394927829504,False,2000,ok
mixed,none,xgboost,sequence_dnase_rrbs,sequence_ctcf_dnase_rrbs,-0.004870241973549128,0.009646122343838215,False,2000,ok
mixed,none,xgboost,sequence_dnase_rrbs,sequence_dnase_h3k4me3_rrbs,-0.006682261824607849,0.0053244950249791145,False,2000,ok
mixed,none,xgboost,sequence_h3k4me3_rrbs,sequence_ctcf_h3k4me3_rrbs,-0.002697682473808527,0.009078742936253548,False,2000,ok
mixed,none,xgboost,sequence_h3k4me3_rrbs,sequence_dnase_h3k4me3_rrbs,-0.00030832141055725515,0.011417758651077747,False,2000,ok
mixed,none,xgboost,sequence_ctcf_dnase_h3k4me3,all,-0.010129345580935478,0.003391376230865717,False,2000,ok
mixed,none,xgboost,sequence_ctcf_dnase_rrbs,all,-0.009653161279857159,0.0015788584714755416,False,2000,ok
mixed,none,xgboost,sequence_ctcf_h3k4me3_rrbs,all,-0.004929556045681238,0.007211318705230951,False,2000,ok
mixed,none,xgboost,sequence_dnase_h3k4me3_rrbs,all,-0.008207770064473152,0.006078612990677357,False,2000,ok
mixed,none,xgboost,sequence,sequence_ctcf,-0.0041308896616101265,0.008406390435993671,False,2000,ok
mixed,none,xgboost,sequence,sequence_dnase,-0.0023208693601191044,0.0025874064303934574,False,2000,ok
mixed,none,xgboost,sequence,sequence_h3k4me3,-0.007380777504295111,0.00531811872497201,False,2000,ok
mixed,none,xgboost,sequence,sequence_rrbs,-0.009436996653676033,0.005095037631690502,False,2000,ok
mixed,none,xgboost,sequence_ctcf,sequence_ctcf_dnase,-0.00617049029096961,0.0023604899179190397,False,2000,ok
mixed,none,xgboost,sequence_ctcf,sequence_ctcf_h3k4me3,-0.00682999799028039,0.0013699426781386137,False,2000,ok
mixed,none,xgboost,sequence_ctcf,sequence_ctcf_rrbs,-0.00599230220541358,0.00391504168510437,False,2000,ok
mixed,none,xgboost,sequence_dnase,sequence_ctcf_dnase,-0.006632109172642231,0.0067474693059921265,False,2000,ok
mixed,none,xgboost,sequence_dnase,sequence_dnase_h3k4me3,-0.003538453485816717,0.00271775433793664,False,2000,ok
mixed,none,xgboost,sequence_dnase,sequence_dnase_rrbs,-0.002958050463348627,0.006461259908974171,False,2000,ok
mixed,none,xgboost,sequence_h3k4me3,sequence_ctcf_h3k4me3,-0.005582219455391169,0.006268179509788752,False,2000,ok
mixed,none,xgboost,sequence_h3k4me3,sequence_dnase_h3k4me3,-0.005195791833102703,0.0065640718676149845,False,2000,ok
mixed,none,xgboost,sequence_h3k4me3,sequence_h3k4me3_rrbs,-0.0073850215412676334,0.00546881090849638,False,2000,ok
mixed,none,xgboost,sequence_rrbs,sequence_ctcf_rrbs,-0.0036307559348642826,0.010556553490459919,False,2000,ok
mixed,none,xgboost,sequence_rrbs,sequence_dnase_rrbs,-0.0018116444116458297,0.009458659216761589,False,2000,ok
mixed,none,xgboost,sequence_rrbs,sequence_h3k4me3_rrbs,-0.00522962212562561,0.005579414777457714,False,2000,ok
mixed,none,xgboost,sequence_ctcf_dnase,sequence_ctcf_dnase_h3k4me3,-0.0032423301599919796,0.005932551808655262,False,2000,ok
mixed,none,xgboost,sequence_ctcf_dnase,sequence_ctcf_dnase_rrbs,-0.006702740676701069,0.0035545961000025272,False,2000,ok
mixed,none,xgboost,sequence_ctcf_h3k4me3,sequence_ctcf_dnase_h3k4me3,-0.002339376602321863,0.006784894969314337,False,2000,ok
mixed,none,xgboost,sequence_ctcf_h3k4me3,sequence_ctcf_h3k4me3_rrbs,-0.004883010871708393,0.007580318953841925,False,2000,ok
mixed,none,xgboost,sequence_ctcf_rrbs,sequence_ctcf_dnase_rrbs,-0.006885857786983252,0.0018616676097735763,False,2000,ok
mixed,none,xgboost,sequence_ctcf_rrbs,sequence_ctcf_h3k4me3_rrbs,-0.005967684090137482,0.004637390375137329,False,2000,ok
mixed,none,xgboost,sequence_dnase_h3k4me3,sequence_ctcf_dnase_h3k4me3,-0.0048639802262187,0.008820919319987297,False,2000,ok
mixed,none,xgboost,sequence_dnase_h3k4me3,sequence_dnase_h3k4me3_rrbs,-0.010475647635757923,0.004354588687419891,False,2000,ok
mixed,none,xgboost,sequence_dnase_rrbs,sequence_ctcf_dnase_rrbs,-0.008935648016631603,0.0027913376688957214,False,2000,ok
mixed,none,xgboost,sequence_dnase_rrbs,sequence_dnase_h3k4me3_rrbs,-0.01163259893655777,0.0010949403513222933,False,2000,ok
mixed,none,xgboost,sequence_h3k4me3_rrbs,sequence_ctcf_h3k4me3_rrbs,-0.005600827746093273,0.010530482046306133,False,2000,ok
mixed,none,xgboost,sequence_h3k4me3_rrbs,sequence_dnase_h3k4me3_rrbs,-0.006097788922488689,0.0028869272209703922,False,2000,ok
mixed,none,xgboost,sequence_ctcf_dnase_h3k4me3,all,-0.0065724849700927734,0.004828563425689936,False,2000,ok
mixed,none,xgboost,sequence_ctcf_dnase_rrbs,all,-0.0026403770316392183,0.007031948771327734,False,2000,ok
mixed,none,xgboost,sequence_ctcf_h3k4me3_rrbs,all,-0.006535710301250219,0.006900973618030548,False,2000,ok
mixed,none,xgboost,sequence_dnase_h3k4me3_rrbs,all,-0.0017189756035804749,0.010465972125530243,False,2000,ok
mixed,none,xgboost,sequence,sequence_ctcf,-0.010066406801342964,0.005492138676345348,False,2000,ok
mixed,none,xgboost,sequence,sequence_dnase,-0.007308301515877247,0.0026073262561112642,False,2000,ok
mixed,none,xgboost,sequence,sequence_h3k4me3,-0.009884634986519814,0.0015191450947895646,False,2000,ok
mixed,none,xgboost,sequence,sequence_rrbs,-0.003028425620868802,0.008267151191830635,False,2000,ok
mixed,none,xgboost,sequence_ctcf,sequence_ctcf_dnase,-0.006477301008999348,0.007185860071331263,False,2000,ok
mixed,none,xgboost,sequence_ctcf,sequence_ctcf_h3k4me3,-0.009829334914684296,0.008284005336463451,False,2000,ok
mixed,none,xgboost,sequence_ctcf,sequence_ctcf_rrbs,-0.00753640104085207,0.010938918218016624,False,2000,ok
mixed,none,xgboost,sequence_dnase,sequence_ctcf_dnase,-0.005751851014792919,0.007045036647468805,False,2000,ok
mixed,none,xgboost,sequence_dnase,sequence_dnase_h3k4me3,-0.004229257814586163,0.005221141967922449,False,2000,ok
mixed,none,xgboost,sequence_dnase,sequence_dnase_rrbs,-0.004218271467834711,0.009185438975691795,False,2000,ok
mixed,none,xgboost,sequence_h3k4me3,sequence_ctcf_h3k4me3,-0.0069656698033213615,0.010007558390498161,False,2000,ok
mixed,none,xgboost,sequence_h3k4me3,sequence_dnase_h3k4me3,-0.003440235508605838,0.0073107643984258175,False,2000,ok
mixed,none,xgboost,sequence_h3k4me3,sequence_h3k4me3_rrbs,-0.0035737932194024324,0.008707264438271523,False,2000,ok
mixed,none,xgboost,sequence_rrbs,sequence_ctcf_rrbs,-0.010343817062675953,0.004417134914547205,False,2000,ok
mixed,none,xgboost,sequence_rrbs,sequence_dnase_rrbs,-0.007672144565731287,0.002504546893760562,False,2000,ok
mixed,none,xgboost,sequence_rrbs,sequence_h3k4me3_rrbs,-0.009880239143967628,0.001452596508897841,False,2000,ok
mixed,none,xgboost,sequence_ctcf_dnase,sequence_ctcf_dnase_h3k4me3,-0.0015311911702156067,0.006677125580608845,False,2000,ok
mixed,none,xgboost,sequence_ctcf_dnase,sequence_ctcf_dnase_rrbs,-0.00979284755885601,0.004594103898853064,False,2000,ok
mixed,none,xgboost,sequence_ctcf_h3k4me3,sequence_ctcf_dnase_h3k4me3,-0.0019081756472587585,0.008958464488387108,False,2000,ok
mixed,none,xgboost,sequence_ctcf_h3k4me3,sequence_ctcf_h3k4me3_rrbs,-0.004632347729057074,0.0065846205689013,False,2000,ok
mixed,none,xgboost,sequence_ctcf_rrbs,sequence_ctcf_dnase_rrbs,-0.008242197334766388,0.0005929142353124917,False,2000,ok
mixed,none,xgboost,sequence_ctcf_rrbs,sequence_ctcf_h3k4me3_rrbs,-0.0059076519683003426,0.0030803754925727844,False,2000,ok
mixed,none,xgboost,sequence_dnase_h3k4me3,sequence_ctcf_dnase_h3k4me3,-0.003414429724216461,0.009100372903048992,False,2000,ok
mixed,none,xgboost,sequence_dnase_h3k4me3,sequence_dnase_h3k4me3_rrbs,-0.007317641284316778,0.004071672447025776,False,2000,ok
mixed,none,xgboost,sequence_dnase_rrbs,sequence_ctcf_dnase_rrbs,-0.014474116265773773,0.0061492472887039185,False,2000,ok
mixed,none,xgboost,sequence_dnase_rrbs,sequence_dnase_h3k4me3_rrbs,-0.00946007203310728,0.002389211906120181,False,2000,ok
mixed,none,xgboost,sequence_h3k4me3_rrbs,sequence_ctcf_h3k4me3_rrbs,-0.0072335912846028805,0.006800082512199879,False,2000,ok
mixed,none,xgboost,sequence_h3k4me3_rrbs,sequence_dnase_h3k4me3_rrbs,-0.007456690073013306,0.0034699290990829468,False,2000,ok
mixed,none,xgboost,sequence_ctcf_dnase_h3k4me3,all,-0.008120566606521606,0.0033179372549057007,False,2000,ok
mixed,none,xgboost,sequence_ctcf_dnase_rrbs,all,-0.002627065870910883,0.008512375876307487,False,2000,ok
mixed,none,xgboost,sequence_ctcf_h3k4me3_rrbs,all,-0.0038862794172018766,0.0047912150621414185,False,2000,ok
mixed,none,xgboost,sequence_dnase_h3k4me3_rrbs,all,-0.004894031677395105,0.00878872536122799,False,2000,ok
mixed,none,xgboost,sequence,sequence_ctcf,-0.01279034186154604,0.005776263773441315,False,2000,ok
mixed,none,xgboost,sequence,sequence_dnase,-0.022230390459299088,-0.0014909356832504272,True,2000,ok
mixed,none,xgboost,sequence,sequence_h3k4me3,-0.0159428883343935,0.0013642192352563143,False,2000,ok
mixed,none,xgboost,sequence,sequence_rrbs,-0.014138837344944477,0.0021546899806708097,False,2000,ok
mixed,none,xgboost,sequence_ctcf,sequence_ctcf_dnase,-0.001163329230621457,0.005163891706615686,False,2000,ok
mixed,none,xgboost,sequence_ctcf,sequence_ctcf_h3k4me3,-0.009140084497630596,-0.0007389411330223083,True,2000,ok
mixed,none,xgboost,sequence_ctcf,sequence_ctcf_rrbs,-0.004624559078365564,0.003768047783523798,False,2000,ok
mixed,none,xgboost,sequence_dnase,sequence_ctcf_dnase,0.004426279570907354,0.015871327370405197,True,2000,ok
mixed,none,xgboost,sequence_dnase,sequence_dnase_h3k4me3,0.00015278757200576365,0.009845790453255177,True,2000,ok
mixed,none,xgboost,sequence_dnase,sequence_dnase_rrbs,-0.002181668533012271,0.006531937513500452,False,2000,ok
mixed,none,xgboost,sequence_h3k4me3,sequence_ctcf_h3k4me3,-0.007154281251132488,0.004669402725994587,False,2000,ok
mixed,none,xgboost,sequence_h3k4me3,sequence_dnase_h3k4me3,-0.0028354735113680363,0.0036418824456632137,False,2000,ok
mixed,none,xgboost,sequence_h3k4me3,sequence_h3k4me3_rrbs,-0.006149208638817072,0.002562153385952115,False,2000,ok
mixed,none,xgboost,sequence_rrbs,sequence_ctcf_rrbs,-0.003335811197757721,0.0067994133569300175,False,2000,ok
mixed,none,xgboost,sequence_rrbs,sequence_dnase_rrbs,-0.00780672300606966,-0.00024586619110777974,True,2000,ok
mixed,none,xgboost,sequence_rrbs,sequence_h3k4me3_rrbs,-0.007928824052214622,0.0009981512557715178,False,2000,ok
mixed,none,xgboost,sequence_ctcf_dnase,sequence_ctcf_dnase_h3k4me3,-0.006737506482750177,0.0011006295680999756,False,2000,ok
mixed,none,xgboost,sequence_ctcf_dnase,sequence_ctcf_dnase_rrbs,0.0007142588729038835,0.008852506056427956,True,2000,ok
mixed,none,xgboost,sequence_ctcf_h3k4me3,sequence_ctcf_dnase_h3k4me3,-0.0009062722092494369,0.008981657214462757,False,2000,ok
mixed,none,xgboost,sequence_ctcf_h3k4me3,sequence_ctcf_h3k4me3_rrbs,0.0037015273701399565,0.01334152091294527,True,2000,ok
mixed,none,xgboost,sequence_ctcf_rrbs,sequence_ctcf_dnase_rrbs,0.003158618463203311,0.011131612583994865,True,2000,ok
mixed,none,xgboost,sequence_ctcf_rrbs,sequence_ctcf_h3k4me3_rrbs,0.00048034341307356954,0.007905836217105389,True,2000,ok
mixed,none,xgboost,sequence_dnase_h3k4me3,sequence_ctcf_dnase_h3k4me3,-0.0021932795643806458,0.007154542021453381,False,2000,ok
mixed,none,xgboost,sequence_dnase_h3k4me3,sequence_dnase_h3k4me3_rrbs,-0.0031786635518074036,0.004520396701991558,False,2000,ok
mixed,none,xgboost,sequence_dnase_rrbs,sequence_ctcf_dnase_rrbs,0.008242884650826454,0.017657795920968056,True,2000,ok
mixed,none,xgboost,sequence_dnase_rrbs,sequence_dnase_h3k4me3_rrbs,-0.0005174994585104287,0.007341599557548761,False,2000,ok
mixed,none,xgboost,sequence_h3k4me3_rrbs,sequence_ctcf_h3k4me3_rrbs,0.004038818180561066,0.013883543200790882,True,2000,ok
mixed,none,xgboost,sequence_h3k4me3_rrbs,sequence_dnase_h3k4me3_rrbs,-0.0009254023316316307,0.006460964679718018,False,2000,ok
mixed,none,xgboost,sequence_ctcf_dnase_h3k4me3,all,-0.001795794116333127,0.006077207624912262,False,2000,ok
mixed,none,xgboost,sequence_ctcf_dnase_rrbs,all,-0.008863367140293121,-0.0019890889525413513,True,2000,ok
mixed,none,xgboost,sequence_ctcf_h3k4me3_rrbs,all,-0.005420960485935211,0.0006789982435293496,False,2000,ok
mixed,none,xgboost,sequence_dnase_h3k4me3_rrbs,all,-0.000578033912461251,0.00874329824000597,False,2000,ok
single,hct116,cnn(3|3),sequence,sequence_ctcf,-0.007022920064628124,0.03493068739771843,False,2000,ok
single,hct116,cnn(3|3),sequence,sequence_dnase,-0.05193670466542244,0.017659392207860947,False,2000,ok
single,hct116,cnn(3|3),sequence,sequence_h3k4me3,-0.03261683136224747,0.014895930886268616,False,2000,ok
single,hct116,cnn(3|3),sequence,sequence_rrbs,-0.02737676352262497,0.017466114833950996,False,2000,ok
single,hct116,cnn(3|3),sequence_ctcf,sequence_ctcf_dnase,-0.047820188105106354,-0.0042215571738779545,True,2000,ok
single,hct116,cnn(3|3),sequence_ctcf,sequence_ctcf_h3k4me3,-0.06485772132873535,-0.008006466552615166,True,2000,ok
single,hct116,cnn(3|3),sequence_ctcf,sequence_ctcf_rrbs,-0.025026464834809303,0.005309289786964655,False,2000,ok
single,hct116,cnn(3|3),sequence_dnase,sequence_ctcf_dnase,-0.0232335664331913,0.03390355780720711,False,2000,ok
single,hct116,cnn(3|3),sequence_dnase,sequence_dnase_h3k4me3,-0.03684549033641815,0.012210356071591377,False,2000,ok
single,hct116,cnn(3|3),sequence_dnase,sequence_dnase_rrbs,-0.017910797148942947,0.046291910111904144,False,2000,ok
single,hct116,cnn(3|3),sequence_h3k4me3,sequence_ctcf_h3k4me3,-0.04720484837889671,0.020410001277923584,False,2000,ok
single,hct116,cnn(3|3),sequence_h3k4me3,sequence_dnase_h3k4me3,-0.054536208510398865,0.01124157290905714,False,2000,ok
single,hct116,cnn(3|3),sequence_h3k4me3,sequence_h3k4me3_rrbs,-0.018593335524201393,0.034295663237571716,False,2000,ok
single,hct116,cnn(3|3),sequence_rrbs,sequence_ctcf_rrbs,-0.014400852844119072,0.03211402893066406,False,2000,ok
single,hct116,cnn(3|3),sequence_rrbs,sequence_dnase_rrbs,-0.023930156603455544,0.02492421865463257,False,2000,ok
single,hct116,cnn(3|3),sequence_rrbs,sequence_h3k4me3_rrbs,-0.025200653821229935,0.033818017691373825,False,2000,ok
single,hct116,cnn(3|3),sequence_ctcf_dnase,sequence_ctcf_dnase_h3k4me3,-0.03182832896709442,0.026808660477399826,False,2000,ok
single,hct116,cnn(3|3),sequence_ctcf_dnase,sequence_ctcf_dnase_rrbs,-0.013592357747256756,0.03755153343081474,False,2000,ok
single,hct116,cnn(3|3),sequence_ctcf_h3k4me3,sequence_ctcf_dnase_h3k4me3,-0.02118781954050064,0.03809325397014618,False,2000,ok
single,hct116,cnn(3|3),sequence_ctcf_h3k4me3,sequence_ctcf_h3k4me3_rrbs,-0.02148611471056938,0.04604283720254898,False,2000,ok
single,hct116,cnn(3|3),sequence_ctcf_rrbs,sequence_ctcf_dnase_rrbs,-0.023563401773571968,0.01685272715985775,False,2000,ok
single,hct116,cnn(3|3),sequence_ctcf_rrbs,sequence_ctcf_h3k4me3_rrbs,-0.041147977113723755,0.012274472042918205,False,2000,ok
single,hct116,cnn(3|3),sequence_dnase_h3k4me3,sequence_ctcf_dnase_h3k4me3,-0.017807016149163246,0.047417815774679184,False,2000,ok
single,hct116,cnn(3|3),sequence_dnase_h3k4me3,sequence_dnase_h3k4me3_rrbs,-0.02311432734131813,0.04340040683746338,False,2000,ok
single,hct116,cnn(3|3),sequence_dnase_rrbs,sequence_ctcf_dnase_rrbs,-0.025722185149788857,0.034822460263967514,False,2000,ok
single,hct116,cnn(3|3),sequence_dnase_rrbs,sequence_dnase_h3k4me3_rrbs,-0.03888390213251114,0.008177879266440868,False,2000,ok
single,hct116,cnn(3|3),sequence_h3k4me3_rrbs,sequence_ctcf_h3k4me3_rrbs,-0.036586061120033264,0.014905224554240704,False,2000,ok
single,hct116,cnn(3|3),sequence_h3k4me3_rrbs,sequence_dnase_h3k4me3_rrbs,-0.045521706342697144,0.007165725342929363,False,2000,ok
single,hct116,cnn(3|3),sequence_ctcf_dnase_h3k4me3,all,-0.015252845361828804,0.033334292471408844,False,2000,ok
single,hct116,cnn(3|3),sequence_ctcf_dnase_rrbs,all,-0.03310531750321388,0.02226390689611435,False,2000,ok
single,hct116,cnn(3|3),sequence_ctcf_h3k4me3_rrbs,all,-0.01844746619462967,0.030963703989982605,False,2000,ok
single,hct116,cnn(3|3),sequence_dnase_h3k4me3_rrbs,all,-0.009763670153915882,0.03925337642431259,False,2000,ok
single,hct116,cnn(5|3),sequence,sequence_ctcf,-0.06443420052528381,0.027767162770032883,False,2000,ok
single,hct116,cnn(5|3),sequence,sequence_dnase,-0.04200330749154091,0.005993932485580444,False,2000,ok
single,hct116,cnn(5|3),sequence,sequence_h3k4me3,-0.03504210337996483,0.0099907536059618,False,2000,ok
single,hct116,cnn(5|3),sequence,sequence_rrbs,-0.04859533905982971,0.013218377716839314,False,2000,ok
single,hct116,cnn(5|3),sequence_ctcf,sequence_ctcf_dnase,-0.0457831546664238,0.061999090015888214,False,2000,ok
single,hct116,cnn(5|3),sequence_ctcf,sequence_ctcf_h3k4me3,-0.05548272281885147,0.05034787207841873,False,2000,ok
single,hct116,cnn(5|3),sequence_ctcf,sequence_ctcf_rrbs,-0.012968691997230053,0.0823170468211174,False,2000,ok
single,hct116,cnn(5|3),sequence_dnase,sequence_ctcf_dnase,-0.03310268372297287,0.05126496031880379,False,2000,ok
single,hct116,cnn(5|3),sequence_dnase,sequence_dnase_h3k4me3,-0.02465360425412655,0.042566679418087006,False,2000,ok
single,hct116,cnn(5|3),sequence_dnase,sequence_dnase_rrbs,-0.011053742840886116,0.05596821382641792,False,2000,ok
single,hct116,cnn(5|3),sequence_h3k4me3,sequence_ctcf_h3k4me3,-0.04629751294851303,0.03309664875268936,False,2000,ok
single,hct116,cnn(5|3),sequence_h3k4me3,sequence_dnase_h3k4me3,-0.024454323574900627,0.031626906245946884,False,2000,ok
single,hct116,cnn(5|3),sequence_h3k4me3,sequence_h3k4me3_rrbs,-0.09454064071178436,0.025136670097708702,False,2000,ok
single,hct116,cnn(5|3),sequence_rrbs,sequence_ctcf_rrbs,-0.007534949574619532,0.07616828382015228,False,2000,ok
single,hct116,cnn(5|3),sequence_rrbs,sequence_dnase_rrbs,-0.013847025111317635,0.057992324233055115,False,2000,ok
single,hct116,cnn(5|3),sequence_rrbs,sequence_h3k4me3_rrbs,-0.08507213741540909,0.026049824431538582,False,2000,ok
single,hct116,cnn(5|3),sequence_ctcf_dnase,sequence_ctcf_dnase_h3k4me3,-0.031322941184043884,0.047382235527038574,False,2000,ok
single,hct116,cnn(5|3),sequence_ctcf_dnase,sequence_ctcf_dnase_rrbs,-0.041601769626140594,0.025622840970754623,False,2000,ok
single,hct116,cnn(5|3),sequence_ctcf_h3k4me3,sequence_ctcf_dnase_h3k4me3,-0.018146341666579247,0.05641498416662216,False,2000,ok
single,hct116,cnn(5|3),sequence_ctcf_h3k4me3,sequence_ctcf_h3k4me3_rrbs,-0.08248773962259293,0.060807280242443085,False,2000,ok
single,hct116,cnn(5|3),sequence_ctcf_rrbs,sequence_ctcf_dnase_rrbs,-0.058512721210718155,-0.008956313133239746,True,2000,ok
single,hct116,cnn(5|3),sequence_ctcf_rrbs,sequence_ctcf_h3k4me3_rrbs,-0.12051310390233994,0.02195875719189644,False,2000,ok
single,hct116,cnn(5|3),sequence_dnase_h3k4me3,sequence_ctcf_dnase_h3k4me3,-0.02009611949324608,0.037710387259721756,False,2000,ok
single,hct116,cnn(5|3),sequence_dnase_h3k4me3,sequence_dnase_h3k4me3_rrbs,-0.03752965107560158,0.02477128431200981,False,2000,ok
single,hct116,cnn(5|3),sequence_dnase_rrbs,sequence_ctcf_dnase_rrbs,-0.05224103480577469,0.010109731927514076,False,2000,ok
single,hct116,cnn(5|3),sequence_dnase_rrbs,sequence_dnase_h3k4me3_rrbs,-0.05496472865343094,0.013286677189171314,False,2000,ok
single,hct116,cnn(5|3),sequence_h3k4me3_rrbs,sequence_ctcf_h3k4me3_rrbs,-0.036250434815883636,0.07075640559196472,False,2000,ok
single,hct116,cnn(5|3),sequence_h3k4me3_rrbs,sequence_dnase_h3k4me3_rrbs,-0.025799985975027084,0.08555246144533157,False,2000,ok
single,hct116,cnn(5|3),sequence_ctcf_dnase_h3k4me3,all,-0.08560921251773834,0.02849687449634075,False,2000,ok
single,hct116,cnn(5|3),sequence_ctcf_dnase_rrbs,all,-0.0752222090959549,0.05524168163537979,False,2000,ok
single,hct116,cnn(5|3),sequence_ctcf_h3k4me3_rrbs,all,-0.0458330474793911,0.050626739859580994,False,2000,ok
single,hct116,cnn(5|3),sequence_dnase_h3k4me3_rrbs,all,-0.06582731753587723,0.04402864724397659,False,2000,ok
single,hct116,cnn(7|3),sequence,sequence_ctcf,-0.017750762403011322,0.07442528009414673,False,2000,ok
single,hct116,cnn(7|3),sequence,sequence_dnase,-0.00338217755779624,0.08313439041376114,False,2000,ok
single,hct116,cnn(7|3),sequence,sequence_h3k4me3,-0.02576526626944542,0.057610686868429184,False,2000,ok
single,hct116,cnn(7|3),sequence,sequence_rrbs,-0.037269409745931625,0.025980202481150627,False,2000,ok
single,hct116,cnn(7|3),sequence_ctcf,sequence_ctcf_dnase,-0.028389643877744675,0.03862748295068741,False,2000,ok
single,hct116,cnn(7|3),sequence_ctcf,sequence_ctcf_h3k4me3,-0.03654303774237633,0.02649843320250511,False,2000,ok
single,hct116,cnn(7|3),sequence_ctcf,sequence_ctcf_rrbs,-0.05347554385662079,0.026272136718034744,False,2000,ok
single,hct116,cnn(7|3),sequence_dnase,sequence_ctcf_dnase,-0.03802989423274994,0.027443837374448776,False,2000,ok
single,hct116,cnn(7|3),sequence_dnase,sequence_dnase_h3k4me3,-0.043797217309474945,0.01493555586785078,False,2000,ok
single,hct116,cnn(7|3),sequence_dnase,sequence_dnase_rrbs,-0.042032189667224884,0.030075760558247566,False,2000,ok
single,hct116,cnn(7|3),sequence_h3k4me3,sequence_ctcf_h3k4me3,-0.026688849553465843,0.045594729483127594,False,2000,ok
single,hct116,cnn(7|3),sequence_h3k4me3,sequence_dnase_h3k4me3,-0.030442120507359505,0.05141480267047882,False,2000,ok
single,hct116,cnn(7|3),sequence_h3k4me3,sequence_h3k4me3_rrbs,-0.03621738404035568,0.04438347369432449,False,2000,ok
single,hct116,cnn(7|3),sequence_rrbs,sequence_ctcf_rrbs,-0.0017615094548091292,0.04269815981388092,False,2000,ok
single,hct116,cnn(7|3),sequence_rrbs,sequence_dnase_rrbs,0.015782972797751427,0.06217045709490776,True,2000,ok
single,hct116,cnn(7|3),sequence_rrbs,sequence_h3k4me3_rrbs,0.0022605315316468477,0.04909322410821915,True,2000,ok
single,hct116,cnn(7|3),sequence_ctcf_dnase,sequence_ctcf_dnase_h3k4me3,-0.03135384991765022,0.0429830402135849,False,2000,ok
single,hct116,cnn(7|3),sequence_ctcf_dnase,sequence_ctcf_dnase_rrbs,-0.047327738255262375,0.03364389017224312,False,2000,ok
single,hct116,cnn(7|3),sequence_ctcf_h3k4me3,sequence_ctcf_dnase_h3k4me3,-0.015192757360637188,0.04959326237440109,False,2000,ok
single,hct116,cnn(7|3),sequence_ctcf_h3k4me3,sequence_ctcf_h3k4me3_rrbs,-0.01676110364496708,0.04855655878782272,False,2000,ok
single,hct116,cnn(7|3),sequence_ctcf_rrbs,sequence_ctcf_dnase_rrbs,-0.024932991713285446,0.04749849811196327,False,2000,ok
single,hct116,cnn(7|3),sequence_ctcf_rrbs,sequence_ctcf_h3k4me3_rrbs,-0.001005044556222856,0.05098433420062065,False,2000,ok
single,hct116,cnn(7|3),sequence_dnase_h3k4me3,sequence_ctcf_dnase_h3k4me3,-0.020203951746225357,0.05239344760775566,False,2000,ok
single,hct116,cnn(7|3),sequence_dnase_h3k4me3,sequence_dnase_h3k4me3_rrbs,-0.02049034647643566,0.050449494272470474,False,2000,ok
single,hct116,cnn(7|3),sequence_dnase_rrbs,sequence_ctcf_dnase_rrbs,-0.040369659662246704,0.02809727005660534,False,2000,ok
single,hct116,cnn(7|3),sequence_dnase_rrbs,sequence_dnase_h3k4me3_rrbs,-0.020844591781497,0.032881975173950195,False,2000,ok
single,hct116,cnn(7|3),sequence_h3k4me3_rrbs,sequence_ctcf_h3k4me3_rrbs,0.0016166835557669401,0.03871794417500496,True,2000,ok
single,hct116,cnn(7|3),sequence_h3k4me3_rrbs,sequence_dnase_h3k4me3_rrbs,-0.004693284630775452,0.04307613521814346,False,2000,ok
single,hct116,cnn(7|3),sequence_ctcf_dnase_h3k4me3,all,-0.04320590943098068,0.02198360301554203,False,2000,ok
single,hct116,cnn(7|3),sequence_ctcf_dnase_rrbs,all,-0.034579310566186905,0.04053588956594467,False,2000,ok
single,hct116,cnn(7|3),sequence_ctcf_h3k4me3_rrbs,all,-0.041238218545913696,0.022001583129167557,False,2000,ok
single,hct116,cnn(7|3),sequence_dnase_h3k4me3_rrbs,all,-0.03969695046544075,0.02232338860630989,False,2000,ok
single,hct116,linear,sequence,sequence_ctcf,-0.02770502120256424,-0.0007246240857057273,True,2000,ok
single,hct116,linear,sequence,sequence_dnase,-0.006888288073241711,0.007282243575900793,False,2000,ok
single,hct116,linear,sequence,sequence_h3k4me3,-0.01714678667485714,0.013446159660816193,False,2000,ok
single,hct116,linear,sequence,sequence_rrbs,-0.010042056441307068,0.005276599433273077,False,2000,ok
single,hct116,linear,sequence_ctcf,sequence_ctcf_dnase,-0.008301608264446259,0.009120742790400982,False,2000,ok
single,hct116,linear,sequence_ctcf,sequence_ctcf_h3k4me3,-0.017599361017346382,0.012011530809104443,False,2000,ok
single,hct116,linear,sequence_ctcf,sequence_ctcf_rrbs,-0.010054235346615314,0.005454496946185827,False,2000,ok
single,hct116,linear,sequence_dnase,sequence_ctcf_dnase,-0.027774251997470856,-0.0013391136890277267,True,2000,ok
single,hct116,linear,sequence_dnase,sequence_dnase_h3k4me3,-0.01679563894867897,0.012698238715529442,False,2000,ok
single,hct116,linear,sequence_dnase,sequence_dnase_rrbs,-0.009204110130667686,0.0052367523312568665,False,2000,ok
single,hct116,linear,sequence_h3k4me3,sequence_ctcf_h3k4me3,-0.029153544455766678,-0.0008341491338796914,True,2000,ok
single,hct116,linear,sequence_h3k4me3,sequence_dnase_h3k4me3,-0.007313476409763098,0.007521132938563824,False,2000,ok
single,hct116,linear,sequence_h3k4me3,sequence_h3k4me3_rrbs,-0.00969346147030592,0.005277263931930065,False,2000,ok
single,hct116,linear,sequence_rrbs,sequence_ctcf_rrbs,-0.02840888313949108,-0.0003739967942237854,True,2000,ok
single,hct116,linear,sequence_rrbs,sequence_dnase_rrbs,-0.006693699862807989,0.007731136865913868,False,2000,ok
single,hct116,linear,sequence_rrbs,sequence_h3k4me3_rrbs,-0.01699330471456051,0.013517767190933228,False,2000,ok
single,hct116,linear,sequence_ctcf_dnase,sequence_ctcf_dnase_h3k4me3,-0.018466059118509293,0.011709049344062805,False,2000,ok
single,hct116,linear,sequence_ctcf_dnase,sequence_ctcf_dnase_rrbs,-0.009546035900712013,0.005692477338016033,False,2000,ok
single,hct116,linear,sequence_ctcf_h3k4me3,sequence_ctcf_dnase_h3k4me3,-0.008969348855316639,0.009229227900505066,False,2000,ok
single,hct116,linear,sequence_ctcf_h3k4me3,sequence_ctcf_h3k4me3_rrbs,-0.010181516408920288,0.005539150442928076,False,2000,ok
single,hct116,linear,sequence_ctcf_rrbs,sequence_ctcf_dnase_rrbs,-0.00818166695535183,0.00974118709564209,False,2000,ok
single,hct116,linear,sequence_ctcf_rrbs,sequence_ctcf_h3k4me3_rrbs,-0.017799999564886093,0.012350155040621758,False,2000,ok
single,hct116,linear,sequence_dnase_h3k4me3,sequence_ctcf_dnase_h3k4me3,-0.028669603168964386,-0.0015328138833865523,True,2000,ok
single,hct116,linear,sequence_dnase_h3k4me3,sequence_dnase_h3k4me3_rrbs,-0.00884980522096157,0.005564694292843342,False,2000,ok
single,hct116,linear,sequence_dnase_rrbs,sequence_ctcf_dnase_rrbs,-0.028048906475305557,-0.0009502113098278642,True,2000,ok
single,hct116,linear,sequence_dnase_rrbs,sequence_dnase_h3k4me3_rrbs,-0.01686219312250614,0.013242428191006184,False,2000,ok
single,hct116,linear,sequence_h3k4me3_rrbs,sequence_ctcf_h3k4me3_rrbs,-0.029660377651453018,-0.000658142555039376,True,2000,ok
single,hct116,linear,sequence_h3k4me3_rrbs,sequence_dnase_h3k4me3_rrbs,-0.006871354766190052,0.008289126679301262,False,2000,ok
single,hct116,linear,sequence_ctcf_dnase_h3k4me3,all,-0.009636963717639446,0.005823856685310602,False,2000,ok
single,hct116,linear,sequence_ctcf_dnase_rrbs,all,-0.018452581018209457,0.012063096277415752,False,2000,ok
single,hct116,linear,sequence_ctcf_h3k4me3_rrbs,all,-0.008680121973156929,0.00991879403591156,False,2000,ok
single,hct116,linear,sequence_dnase_h3k4me3_rrbs,all,-0.02935999259352684,-0.0014943629503250122,True,2000,ok
single,hct116,mlp,sequence,sequence_ctcf,-0.01927627995610237,0.026793399825692177,False,2000,ok
single,hct116,mlp,sequence,sequence_dnase,-0.01271620113402605,0.021514030173420906,False,2000,ok
single,hct116,mlp,sequence,sequence_h3k4me3,-0.014871831052005291,0.026568258181214333,False,2000,ok
single,hct116,mlp,sequence,sequence_rrbs,-0.00228697806596756,0.007570572197437286,False,2000,ok
single,hct116,mlp,sequence_ctcf,sequence_ctcf_dnase,-0.03603026270866394,0.007856843993067741,False,2000,ok
single,hct116,mlp,sequence_ctcf,sequence_ctcf_h3k4me3,-0.02187512256205082,0.011330211535096169,False,2000,ok
single,hct116,mlp,sequence_ctcf,sequence_ctcf_rrbs,-0.005935183260589838,0.009114672429859638,False,2000,ok
single,hct116,mlp,sequence_dnase,sequence_ctcf_dnase,-0.03695430979132652,0.007113149855285883,False,2000,ok
single,hct116,mlp,sequence_dnase,sequence_dnase_h3k4me3,-0.02258576638996601,0.019457418471574783,False,2000,ok
single,hct116,mlp,sequence_dnase,sequence_dnase_rrbs,-0.018096541985869408,0.007924651727080345,False,2000,ok
single,hct116,mlp,sequence_h3k4me3,sequence_ctcf_h3k4me3,-0.023885447531938553,0.011609804816544056,False,2000,ok
single,hct116,mlp,sequence_h3k4me3,sequence_dnase_h3k4me3,-0.021977365016937256,0.01785172149538994,False,2000,ok
single,hct116,mlp,sequence_h3k4me3,sequence_h3k4me3_rrbs,-0.0036457062233239412,0.013351832516491413,False,2000,ok
single,hct116,mlp,sequence_rrbs,sequence_ctcf_rrbs,-0.017721880227327347,0.02297498658299446,False,2000,ok
single,hct116,mlp,sequence_rrbs,sequence_dnase_rrbs,-0.02572661265730858,0.01985905133187771,False,2000,ok
single,hct116,mlp,sequence_rrbs,sequence_h3k4me3_rrbs,-0.011499164626002312,0.02588282711803913,False,2000,ok
single,hct116,mlp,sequence_ctcf_dnase,sequence_ctcf_dnase_h3k4me3,-0.012378796935081482,0.030037451535463333,False,2000,ok
single,hct116,mlp,sequence_ctcf_dnase,sequence_ctcf_dnase_rrbs,-0.009310225956141949,0.03834512084722519,False,2000,ok
single,hct116,mlp,sequence_ctcf_h3k4me3,sequence_ctcf_dnase_h3k4me3,-0.030998114496469498,0.030356425791978836,False,2000,ok
single,hct116,mlp,sequence_ctcf_h3k4me3,sequence_ctcf_h3k4me3_rrbs,-0.008245681412518024,0.009773786179721355,False,2000,ok
single,hct116,mlp,sequence_ctcf_rrbs,sequence_ctcf_dnase_rrbs,-0.015794038772583008,0.012948283925652504,False,2000,ok
single,hct116,mlp,sequence_ctcf_rrbs,sequence_ctcf_h3k4me3_rrbs,-0.02289068140089512,0.009719239547848701,False,2000,ok
single,hct116,mlp,sequence_dnase_h3k4me3,sequence_ctcf_dnase_h3k4me3,-0.02400282956659794,0.01466559898108244,False,2000,ok
single,hct116,mlp,sequence_dnase_h3k4me3,sequence_dnase_h3k4me3_rrbs,-0.012928314507007599,0.009541235864162445,False,2000,ok
single,hct116,mlp,sequence_dnase_rrbs,sequence_ctcf_dnase_rrbs,-0.011648500338196754,0.02087750844657421,False,2000,ok
single,hct116,mlp,sequence_dnase_rrbs,sequence_dnase_h3k4me3_rrbs,-0.025718433782458305,0.028832856565713882,False,2000,ok
single,hct116,mlp,sequence_h3k4me3_rrbs,sequence_ctcf_h3k4me3_rrbs,-0.026758451014757156,0.006492373533546925,False,2000,ok
single,hct116,mlp,sequence_h3k4me3_rrbs,sequence_dnase_h3k4me3_rrbs,-0.02812204696238041,0.011392300017178059,False,2000,ok
single,hct116,mlp,sequence_ctcf_dnase_h3k4me3,all,-0.011561347171664238,0.026279820129275322,False,2000,ok
single,hct116,mlp,sequence_ctcf_dnase_rrbs,all,-0.019340839236974716,0.021343709900975227,False,2000,ok
single,hct116,mlp,sequence_ctcf_h3k4me3_rrbs,all,-0.013014500960707664,0.02611483260989189,False,2000,ok
single,hct116,mlp,sequence_dnase_h3k4me3_rrbs,all,-0.019673241302371025,0.028449850156903267,False,2000,ok
single,hct116,transformer,sequence,sequence_ctcf,-0.015767497941851616,0.027732212096452713,False,2000,ok
single,hct116,transformer,sequence,sequence_dnase,-0.01695241406559944,0.03312896192073822,False,2000,ok
single,hct116,transformer,sequence,sequence_h3k4me3,-0.004517069552093744,0.039761271327733994,False,2000,ok
single,hct116,transformer,sequence,sequence_rrbs,-0.008959841914474964,0.02883227914571762,False,2000,ok
single,hct116,transformer,sequence_ctcf,sequence_ctcf_dnase,-0.03729426488280296,0.00401382427662611,False,2000,ok
single,hct116,transformer,sequence_ctcf,sequence_ctcf_h3k4me3,-0.01032983511686325,0.044166941195726395,False,2000,ok
single,hct116,transformer,sequence_ctcf,sequence_ctcf_rrbs,-0.024631278589367867,0.009335288777947426,False,2000,ok
single,hct116,transformer,sequence_dnase,sequence_ctcf_dnase,-0.04096618667244911,0.003912688698619604,False,2000,ok
single,hct116,transformer,sequence_dnase,sequence_dnase_h3k4me3,-0.02513553760945797,0.014398965053260326,False,2000,ok
single,hct116,transformer,sequence_dnase,sequence_dnase_rrbs,-0.00968940556049347,0.005386157426983118,False,2000,ok
single,hct116,transformer,sequence_h3k4me3,sequence_ctcf_h3k4me3,-0.019236300140619278,0.030544854700565338,False,2000,ok
single,hct116,transformer,sequence_h3k4me3,sequence_dnase_h3k4me3,-0.02678237482905388,-0.0013193174963817,True,2000,ok
single,hct116,transformer,sequence_h3k4me3,sequence_h3k4me3_rrbs,-0.0075897411443293095,0.012925726361572742,False,2000,ok
single,hct116,transformer,sequence_rrbs,sequence_ctcf_rrbs,-0.03169836103916168,0.00745324045419693,False,2000,ok
single,hct116,transformer,sequence_rrbs,sequence_dnase_rrbs,-0.02658238634467125,0.018383704125881195,False,2000,ok
single,hct116,transformer,sequence_rrbs,sequence_h3k4me3_rrbs,-0.011557405814528465,0.03136386722326279,False,2000,ok
single,hct116,transformer,sequence_ctcf_dnase,sequence_ctcf_dnase_h3k4me3,-0.004636512603610754,0.051592402160167694,False,2000,ok
single,hct116,transformer,sequence_ctcf_dnase,sequence_ctcf_dnase_rrbs,-0.013963294215500355,-0.0006395086529664695,True,2000,ok
single,hct116,transformer,sequence_ctcf_h3k4me3,sequence_ctcf_dnase_h3k4me3,-0.03493956848978996,0.011309901252388954,False,2000,ok
single,hct116,transformer,sequence_ctcf_h3k4me3,sequence_ctcf_h3k4me3_rrbs,-0.009793682023882866,0.007795090787112713,False,2000,ok
single,hct116,transformer,sequence_ctcf_rrbs,sequence_ctcf_dnase_rrbs,-0.0376676581799984,0.004911000840365887,False,2000,ok
single,hct116,transformer,sequence_ctcf_rrbs,sequence_ctcf_h3k4me3_rrbs,-0.005114379338920116,0.05242139846086502,False,2000,ok
single,hct116,transformer,sequence_dnase_h3k4me3,sequence_ctcf_dnase_h3k4me3,-0.020578943192958832,0.039526212960481644,False,2000,ok
single,hct116,transformer,sequence_dnase_h3k4me3,sequence_dnase_h3k4me3_rrbs,-0.0042961700819432735,0.0026885836850851774,False,2000,ok
single,hct116,transformer,sequence_dnase_rrbs,sequence_ctcf_dnase_rrbs,-0.04653490334749222,-3.1065941584529355e-05,True,2000,ok
single,hct116,transformer,sequence_dnase_rrbs,sequence_dnase_h3k4me3_rrbs,-0.025188852101564407,0.01648237556219101,False,2000,ok
single,hct116,transformer,sequence_h3k4me3_rrbs,sequence_ctcf_h3k4me3_rrbs,-0.02250806614756584,0.026415472850203514,False,2000,ok
single,hct116,transformer,sequence_h3k4me3_rrbs,sequence_dnase_h3k4me3_rrbs,-0.03535213693976402,-0.0008689537644386292,True,2000,ok
single,hct116,transformer,sequence_ctcf_dnase_h3k4me3,all,-0.018249455839395523,0.013001924380660057,False,2000,ok
single,hct116,transformer,sequence_ctcf_dnase_rrbs,all,-0.000506399548612535,0.05347956344485283,False,2000,ok
single,hct116,transformer,sequence_ctcf_h3k4me3_rrbs,all,-0.03430648893117905,0.006733267102390528,False,2000,ok
single,hct116,transformer,sequence_dnase_h3k4me3_rrbs,all,-0.022524036467075348,0.03352856636047363,False,2000,ok
single,hct116,xgboost,sequence,sequence_ctcf,-0.023297201842069626,0.0055329203605651855,False,2000,ok
single,hct116,xgboost,sequence,sequence_dnase,-0.01479257456958294,0.006957681383937597,False,2000,ok
single,hct116,xgboost,sequence,sequence_h3k4me3,-0.026589410379529,-0.0038546682335436344,True,2000,ok
single,hct116,xgboost,sequence,sequence_rrbs,-0.01819433830678463,0.004590454511344433,False,2000,ok
single,hct116,xgboost,sequence_ctcf,sequence_ctcf_dnase,-0.004135719034820795,0.02247835509479046,False,2000,ok
single,hct116,xgboost,sequence_ctcf,sequence_ctcf_h3k4me3,-0.006406785454601049,0.013502475805580616,False,2000,ok
single,hct116,xgboost,sequence_ctcf,sequence_ctcf_rrbs,-0.017762549221515656,0.008111740462481976,False,2000,ok
single,hct116,xgboost,sequence_dnase,sequence_ctcf_dnase,-0.010694799944758415,0.020421195775270462,False,2000,ok
single,hct116,xgboost,sequence_dnase,sequence_dnase_h3k4me3,0.004518718924373388,0.02416338212788105,True,2000,ok
single,hct116,xgboost,sequence_dnase,sequence_dnase_rrbs,-0.017592620104551315,0.006637179758399725,False,2000,ok
single,hct116,xgboost,sequence_h3k4me3,sequence_ctcf_h3k4me3,-0.0028097196482121944,0.022787190973758698,False,2000,ok
single,hct116,xgboost,sequence_h3k4me3,sequence_dnase_h3k4me3,0.016088401898741722,0.034174080938100815,True,2000,ok
single,hct116,xgboost,sequence_h3k4me3,sequence_h3k4me3_rrbs,0.00011649429507087916,0.026185177266597748,True,2000,ok
single,hct116,xgboost,sequence_rrbs,sequence_ctcf_rrbs,-0.020025702193379402,0.005464801099151373,False,2000,ok
single,hct116,xgboost,sequence_rrbs,sequence_dnase_rrbs,-0.014387950301170349,0.008229667320847511,False,2000,ok
single,hct116,xgboost,sequence_rrbs,sequence_h3k4me3_rrbs,-0.007300360593944788,0.015933705493807793,False,2000,ok
single,hct116,xgboost,sequence_ctcf_dnase,sequence_ctcf_dnase_h3k4me3,-0.021946081891655922,0.0065605491399765015,False,2000,ok
single,hct116,xgboost,sequence_ctcf_dnase,sequence_ctcf_dnase_rrbs,-0.029603712260723114,0.005732583813369274,False,2000,ok
single,hct116,xgboost,sequence_ctcf_h3k4me3,sequence_ctcf_dnase_h3k4me3,-0.014384801499545574,0.010671073570847511,False,2000,ok
single,hct116,xgboost,sequence_ctcf_h3k4me3,sequence_ctcf_h3k4me3_rrbs,-0.019480025395751,0.005782404448837042,False,2000,ok
single,hct116,xgboost,sequence_ctcf_rrbs,sequence_ctcf_dnase_rrbs,-0.007662179879844189,0.011546110734343529,False,2000,ok
single,hct116,xgboost,sequence_ctcf_rrbs,sequence_ctcf_h3k4me3_rrbs,-0.007136920001357794,0.011587584391236305,False,2000,ok
single,hct116,xgboost,sequence_dnase_h3k4me3,sequence_ctcf_dnase_h3k4me3,-0.03015863336622715,-0.0043548597022891045,True,2000,ok
single,hct116,xgboost,sequence_dnase_h3k4me3,sequence_dnase_h3k4me3_rrbs,-0.0179414302110672,0.0018328160513192415,False,2000,ok
single,hct116,xgboost,sequence_dnase_rrbs,sequence_ctcf_dnase_rrbs,-0.01356117706745863,0.008975924924015999,False,2000,ok
single,hct116,xgboost,sequence_dnase_rrbs,sequence_dnase_h3k4me3_rrbs,0.0004736751434393227,0.02242051437497139,True,2000,ok
single,hct116,xgboost,sequence_h3k4me3_rrbs,sequence_ctcf_h3k4me3_rrbs,-0.024085253477096558,0.005506533198058605,False,2000,ok
single,hct116,xgboost,sequence_h3k4me3_rrbs,sequence_dnase_h3k4me3_rrbs,-0.00669160345569253,0.014827333390712738,False,2000,ok
single,hct116,xgboost,sequence_ctcf_dnase_h3k4me3,all,-0.006711573805660009,0.019767217338085175,False,2000,ok
single,hct116,xgboost,sequence_ctcf_dnase_rrbs,all,-0.004615521524101496,0.025863394141197205,False,2000,ok
single,hct116,xgboost,sequence_ctcf_h3k4me3_rrbs,all,-0.004728368017822504,0.025772247463464737,False,2000,ok
single,hct116,xgboost,sequence_dnase_h3k4me3_rrbs,all,-0.018300354480743408,0.012501196935772896,False,2000,ok
single,hek293t,cnn(3|3),sequence,sequence_ctcf,-0.05774693191051483,0.017501259222626686,False,2000,ok
single,hek293t,cnn(3|3),sequence,sequence_dnase,-0.04308702051639557,0.011382373049855232,False,2000,ok
single,hek293t,cnn(3|3),sequence,sequence_h3k4me3,-0.06009364500641823,0.008211323991417885,False,2000,ok
single,hek293t,cnn(3|3),sequence,sequence_rrbs,-0.06101880222558975,0.011570455506443977,False,2000,ok
single,hek293t,cnn(3|3),sequence_ctcf,sequence_ctcf_dnase,-0.03943910822272301,0.03834893926978111,False,2000,ok
single,hek293t,cnn(3|3),sequence_ctcf,sequence_ctcf_h3k4me3,-0.056340865790843964,0.046929601579904556,False,2000,ok
single,hek293t,cnn(3|3),sequence_ctcf,sequence_ctcf_rrbs,-0.03968946635723114,0.020631253719329834,False,2000,ok
single,hek293t,cnn(3|3),sequence_dnase,sequence_ctcf_dnase,-0.038865379989147186,0.02494356408715248,False,2000,ok
single,hek293t,cnn(3|3),sequence_dnase,sequence_dnase_h3k4me3,-0.049324121326208115,0.011833508498966694,False,2000,ok
single,hek293t,cnn(3|3),sequence_dnase,sequence_dnase_rrbs,-0.08336389064788818,-0.0011711150873452425,True,2000,ok
single,hek293t,cnn(3|3),sequence_h3k4me3,sequence_ctcf_h3k4me3,-0.03880034014582634,0.03733251988887787,False,2000,ok
single,hek293t,cnn(3|3),sequence_h3k4me3,sequence_dnase_h3k4me3,-0.03646106272935867,0.014103235676884651,False,2000,ok
single,hek293t,cnn(3|3),sequence_h3k4me3,sequence_h3k4me3_rrbs,-0.03617703914642334,0.017827708274126053,False,2000,ok
single,hek293t,cnn(3|3),sequence_rrbs,sequence_ctcf_rrbs,-0.05105287954211235,0.03906934708356857,False,2000,ok
single,hek293t,cnn(3|3),sequence_rrbs,sequence_dnase_rrbs,-0.07869497686624527,0.013686386868357658,False,2000,ok
single,hek293t,cnn(3|3),sequence_rrbs,sequence_h3k4me3_rrbs,-0.055171094834804535,0.038055140525102615,False,2000,ok
single,hek293t,cnn(3|3),sequence_ctcf_dnase,sequence_ctcf_dnase_h3k4me3,-0.030093690380454063,0.05489185079932213,False,2000,ok
single,hek293t,cnn(3|3),sequence_ctcf_dnase,sequence_ctcf_dnase_rrbs,-0.030610505491495132,0.038761310279369354,False,2000,ok
single,hek293t,cnn(3|3),sequence_ctcf_h3k4me3,sequence_ctcf_dnase_h3k4me3,-0.02876901999115944,0.06033281981945038,False,2000,ok
single,hek293t,cnn(3|3),sequence_ctcf_h3k4me3,sequence_ctcf_h3k4me3_rrbs,-0.04626554623246193,0.04753190279006958,False,2000,ok
single,hek293t,cnn(3|3),sequence_ctcf_rrbs,sequence_ctcf_dnase_rrbs,-0.019267503172159195,0.04472072795033455,False,2000,ok
single,hek293t,cnn(3|3),sequence_ctcf_rrbs,sequence_ctcf_h3k4me3_rrbs,-0.03453707695007324,0.04847700148820877,False,2000,ok
single,hek293t,cnn(3|3),sequence_dnase_h3k4me3,sequence_ctcf_dnase_h3k4me3,-0.014963008463382721,0.06728334724903107,False,2000,ok
single,hek293t,cnn(3|3),sequence_dnase_h3k4me3,sequence_dnase_h3k4me3_rrbs,-0.06673118472099304,0.018466193228960037,False,2000,ok
single,hek293t,cnn(3|3),sequence_dnase_rrbs,sequence_ctcf_dnase_rrbs,-0.008736148476600647,0.09102766215801239,False,2000,ok
single,hek293t,cnn(3|3),sequence_dnase_rrbs,sequence_dnase_h3k4me3_rrbs,-0.04663795232772827,0.044764406979084015,False,2000,ok
single,hek293t,cnn(3|3),sequence_h3k4me3_rrbs,sequence_ctcf_h3k4me3_rrbs,-0.02565469779074192,0.04599519073963165,False,2000,ok
single,hek293t,cnn(3|3),sequence_h3k4me3_rrbs,sequence_dnase_h3k4me3_rrbs,-0.06714872270822525,0.014155365526676178,False,2000,ok
single,hek293t,cnn(3|3),sequence_ctcf_dnase_h3k4me3,all,-0.03921312466263771,0.03611017391085625,False,2000,ok
single,hek293t,cnn(3|3),sequence_ctcf_dnase_rrbs,all,-0.03641179949045181,0.051933471113443375,False,2000,ok
single,hek293t,cnn(3|3),sequence_ctcf_h3k4me3_rrbs,all,-0.03652351349592209,0.06271074712276459,False,2000,ok
single,hek293t,cnn(3|3),sequence_dnase_h3k4me3_rrbs,all,-0.005496959201991558,0.10058070719242096,False,2000,ok
single,hek293t,cnn(5|3),sequence,sequence_ctcf,-0.067829430103302,0.06532004475593567,False,2000,ok
single,hek293t,cnn(5|3),sequence,sequence_dnase,-0.029737889766693115,0.06623133271932602,False,2000,ok
single,hek293t,cnn(5|3),sequence,sequence_h3k4me3,-0.05887790769338608,0.0487721785902977,False,2000,ok
single,hek293t,cnn(5|3),sequence,sequence_rrbs,-0.023387331515550613,0.07396189123392105,False,2000,ok
single,hek293t,cnn(5|3),sequence_ctcf,sequence_ctcf_dnase,0.005005684681236744,0.10389916598796844,True,2000,ok
single,hek293t,cnn(5|3),sequence_ctcf,sequence_ctcf_h3k4me3,-0.06207292154431343,0.048004165291786194,False,2000,ok
single,hek293t,cnn(5|3),sequence_ctcf,sequence_ctcf_rrbs,-0.062020864337682724,0.04528135806322098,False,2000,ok
single,hek293t,cnn(5|3),sequence_dnase,sequence_ctcf_dnase,-0.009563840925693512,0.07927284389734268,False,2000,ok
single,hek293t,cnn(5|3),sequence_dnase,sequence_dnase_h3k4me3,-0.10225983709096909,0.011357320472598076,False,2000,ok
single,hek293t,cnn(5|3),sequence_dnase,sequence_dnase_rrbs,-0.12830325961112976,0.00463415402919054,False,2000,ok
single,hek293t,cnn(5|3),sequence_h3k4me3,sequence_ctcf_h3k4me3,-0.06758996099233627,0.055742938071489334,False,2000,ok
single,hek293t,cnn(5|3),sequence_h3k4me3,sequence_dnase_h3k4me3,-0.09691856056451797,0.05618448927998543,False,2000,ok
single,hek293t,cnn(5|3),sequence_h3k4me3,sequence_h3k4me3_rrbs,-0.10194481909275055,0.04591377079486847,False,2000,ok
single,hek293t,cnn(5|3),sequence_rrbs,sequence_ctcf_rrbs,-0.10269157588481903,0.029477069154381752,False,2000,ok
single,hek293t,cnn(5|3),sequence_rrbs,sequence_dnase_rrbs,-0.13856495916843414,0.0008790045976638794,False,2000,ok
single,hek293t,cnn(5|3),sequence_rrbs,sequence_h3k4me3_rrbs,-0.11775529384613037,0.008274063467979431,False,2000,ok
single,hek293t,cnn(5|3),sequence_ctcf_dnase,sequence_ctcf_dnase_h3k4me3,-0.1039232388138771,0.0024975924752652645,False,2000,ok
single,hek293t,cnn(5|3),sequence_ctcf_dnase,sequence_ctcf_dnase_rrbs,-0.1130906492471695,0.027431489899754524,False,2000,ok
single,hek293t,cnn(5|3),sequence_ctcf_h3k4me3,sequence_ctcf_dnase_h3k4me3,-0.04850274324417114,0.07537071406841278,False,2000,ok
single,hek293t,cnn(5|3),sequence_ctcf_h3k4me3,sequence_ctcf_h3k4me3_rrbs,-0.027514347806572914,0.08530382812023163,False,2000,ok
single,hek293t,cnn(5|3),sequence_ctcf_rrbs,sequence_ctcf_dnase_rrbs,-0.06527049839496613,0.10669295489788055,False,2000,ok
single,hek293t,cnn(5|3),sequence_ctcf_rrbs,sequence_ctcf_h3k4me3_rrbs,-0.0376620851457119,0.09296224266290665,False,2000,ok
single,hek293t,cnn(5|3),sequence_dnase_h3k4me3,sequence_ctcf_dnase_h3k4me3,-0.043953049927949905,0.10282567143440247,False,2000,ok
single,hek293t,cnn(5|3),sequence_dnase_h3k4me3,sequence_dnase_h3k4me3_rrbs,-0.026832986623048782,0.11940678209066391,False,2000,ok
single,hek293t,cnn(5|3),sequence_dnase_rrbs,sequence_ctcf_dnase_rrbs,-0.016638508066534996,0.12332897633314133,False,2000,ok
single,hek293t,cnn(5|3),sequence_dnase_rrbs,sequence_dnase_h3k4me3_rrbs,-0.011261744424700737,0.13695234060287476,False,2000,ok
single,hek293t,cnn(5|3),sequence_h3k4me3_rrbs,sequence_ctcf_h3k4me3_rrbs,-0.016774680465459824,0.11125371605157852,False,2000,ok
single,hek293t,cnn(5|3),sequence_h3k4me3_rrbs,sequence_dnase_h3k4me3_rrbs,-0.017824897542595863,0.11739905923604965,False,2000,ok
single,hek293t,cnn(5|3),sequence_ctcf_dnase_h3k4me3,all,-0.04292311891913414,0.06026031821966171,False,2000,ok
single,hek293t,cnn(5|3),sequence_ctcf_dnase_rrbs,all,-0.03179376199841499,0.040670279413461685,False,2000,ok
single,hek293t,cnn(5|3),sequence_ctcf_h3k4me3_rrbs,all,-0.0613144189119339,0.05668165162205696,False,2000,ok
single,hek293t,cnn(5|3),sequence_dnase_h3k4me3_rrbs,all,-0.04502240568399429,0.03338318318128586,False,2000,ok
single,hek293t,cnn(7|3),sequence,sequence_ctcf,-0.0253121517598629,0.03287303447723389,False,2000,ok
single,hek293t,cnn(7|3),sequence,sequence_dnase,-0.0219428613781929,0.044063668698072433,False,2000,ok
single,hek293t,cnn(7|3),sequence,sequence_h3k4me3,-0.19741667807102203,-0.04528103768825531,True,2000,ok
single,hek293t,cnn(7|3),sequence,sequence_rrbs,-0.08629924803972244,-0.0030022740829735994,True,2000,ok
single,hek293t,cnn(7|3),sequence_ctcf,sequence_ctcf_dnase,-0.04976605623960495,0.03474155813455582,False,2000,ok
single,hek293t,cnn(7|3),sequence_ctcf,sequence_ctcf_h3k4me3,-0.11531847715377808,0.003656326327472925,False,2000,ok
single,hek293t,cnn(7|3),sequence_ctcf,sequence_ctcf_rrbs,-0.01710556074976921,0.04816333204507828,False,2000,ok
single,hek293t,cnn(7|3),sequence_dnase,sequence_ctcf_dnase,-0.05028505623340607,0.019824329763650894,False,2000,ok
single,hek293t,cnn(7|3),sequence_dnase,sequence_dnase_h3k4me3,-0.061992086470127106,0.002040676772594452,False,2000,ok
single,hek293t,cnn(7|3),sequence_dnase,sequence_dnase_rrbs,-0.06369809806346893,0.008460698649287224,False,2000,ok
single,hek293t,cnn(7|3),sequence_h3k4me3,sequence_ctcf_h3k4me3,0.001050847815349698,0.1330353319644928,True,2000,ok
single,hek293t,cnn(7|3),sequence_h3k4me3,sequence_dnase_h3k4me3,0.030111415311694145,0.17158779501914978,True,2000,ok
single,hek293t,cnn(7|3),sequence_h3k4me3,sequence_h3k4me3_rrbs,0.023740626871585846,0.15798121690750122,True,2000,ok
single,hek293t,cnn(7|3),sequence_rrbs,sequence_ctcf_rrbs,0.010350078344345093,0.11397865414619446,True,2000,ok
single,hek293t,cnn(7|3),sequence_rrbs,sequence_dnase_rrbs,-0.04076150804758072,0.09296214580535889,False,2000,ok
single,hek293t,cnn(7|3),sequence_rrbs,sequence_h3k4me3_rrbs,-0.06798674166202545,0.0934673622250557,False,2000,ok
single,hek293t,cnn(7|3),sequence_ctcf_dnase,sequence_ctcf_dnase_h3k4me3,-0.08426979184150696,0.004203100688755512,False,2000,ok
single,hek293t,cnn(7|3),sequence_ctcf_dnase,sequence_ctcf_dnase_rrbs,-0.04528217390179634,0.037737756967544556,False,2000,ok
single,hek293t,cnn(7|3),sequence_ctcf_h3k4me3,sequence_ctcf_dnase_h3k4me3,-0.04736260697245598,0.06353826075792313,False,2000,ok
single,hek293t,cnn(7|3),sequence_ctcf_h3k4me3,sequence_ctcf_h3k4me3_rrbs,-0.0369410365819931,0.07502462714910507,False,2000,ok
single,hek293t,cnn(7|3),sequence_ctcf_rrbs,sequence_ctcf_dnase_rrbs,-0.0670294463634491,0.01290894765406847,False,2000,ok
single,hek293t,cnn(7|3),sequence_ctcf_rrbs,sequence_ctcf_h3k4me3_rrbs,-0.09128051996231079,-0.009079432114958763,True,2000,ok
single,hek293t,cnn(7|3),sequence_dnase_h3k4me3,sequence_ctcf_dnase_h3k4me3,-0.06441647559404373,0.016612958163022995,False,2000,ok
single,hek293t,cnn(7|3),sequence_dnase_h3k4me3,sequence_dnase_h3k4me3_rrbs,-0.057908445596694946,0.01828164979815483,False,2000,ok
single,hek293t,cnn(7|3),sequence_dnase_rrbs,sequence_ctcf_dnase_rrbs,-0.047265879809856415,0.06663618981838226,False,2000,ok
single,hek293t,cnn(7|3),sequence_dnase_rrbs,sequence_dnase_h3k4me3_rrbs,-0.07803832739591599,0.032516878098249435,False,2000,ok
single,hek293t,cnn(7|3),sequence_h3k4me3_rrbs,sequence_ctcf_h3k4me3_rrbs,-0.06074950098991394,0.059715040028095245,False,2000,ok
single,hek293t,cnn(7|3),sequence_h3k4me3_rrbs,sequence_dnase_h3k4me3_rrbs,-0.07153269648551941,0.049186382442712784,False,2000,ok
single,hek293t,cnn(7|3),sequence_ctcf_dnase_h3k4me3,all,-0.025868628174066544,0.09451986104249954,False,2000,ok
single,hek293t,cnn(7|3),sequence_ctcf_dnase_rrbs,all,-0.06109768897294998,0.058247797191143036,False,2000,ok
single,hek293t,cnn(7|3),sequence_ctcf_h3k4me3_rrbs,all,-0.04120562970638275,0.08251506090164185,False,2000,ok
single,hek293t,cnn(7|3),sequence_dnase_h3k4me3_rrbs,all,-0.03516601026058197,0.09345296025276184,False,2000,ok
single,hek293t,linear,sequence,sequence_ctcf,-0.021727923303842545,0.015409663319587708,False,2000,ok
single,hek293t,linear,sequence,sequence_dnase,-0.0008793786400929093,0.0011482328409329057,False,2000,ok
single,hek293t,linear,sequence,sequence_h3k4me3,-0.052570316940546036,-0.005982850678265095,True,2000,ok
single,hek293t,linear,sequence,sequence_rrbs,-0.03757490962743759,-0.0004022926150355488,True,2000,ok
single,hek293t,linear,sequence_ctcf,sequence_ctcf_dnase,-0.0007234960794448853,0.0015288412105292082,False,2000,ok
single,hek293t,linear,sequence_ctcf,sequence_ctcf_h3k4me3,-0.05792388692498207,-0.0046243248507380486,True,2000,ok
single,hek293t,linear,sequence_ctcf,sequence_ctcf_rrbs,-0.036163441836833954,0.002055713441222906,False,2000,ok
single,hek293t,linear,sequence_dnase,sequence_ctcf_dnase,-0.02204778417944908,0.016052141785621643,False,2000,ok
single,hek293t,linear,sequence_dnase,sequence_dnase_h3k4me3,-0.05164257436990738,-0.005419510416686535,True,2000,ok
single,hek293t,linear,sequence_dnase,sequence_dnase_rrbs,-0.03739120811223984,-0.0004001915513072163,True,2000,ok
single,hek293t,linear,sequence_h3k4me3,sequence_ctcf_h3k4me3,-0.029488742351531982,0.017882831394672394,False,2000,ok
single,hek293t,linear,sequence_h3k4me3,sequence_dnase_h3k4me3,-0.00045407115248963237,0.002196705434471369,False,2000,ok
single,hek293t,linear,sequence_h3k4me3,sequence_h3k4me3_rrbs,-0.036406584084033966,0.0009399711852893233,False,2000,ok
single,hek293t,linear,sequence_rrbs,sequence_ctcf_rrbs,-0.021858882158994675,0.01823640614748001,False,2000,ok
single,hek293t,linear,sequence_rrbs,sequence_dnase_rrbs,-0.0009105190401896834,0.0010478198528289795,False,2000,ok
single,hek293t,linear,sequence_rrbs,sequence_h3k4me3_rrbs,-0.05112866684794426,-0.005157591309398413,True,2000,ok
single,hek293t,linear,sequence_ctcf_dnase,sequence_ctcf_dnase_h3k4me3,-0.05775238573551178,-0.0048371911980211735,True,2000,ok
single,hek293t,linear,sequence_ctcf_dnase,sequence_ctcf_dnase_rrbs,-0.03670886158943176,0.001709586358629167,False,2000,ok
single,hek293t,linear,sequence_ctcf_h3k4me3,sequence_ctcf_dnase_h3k4me3,-0.0008628607029095292,0.0022611082531511784,False,2000,ok
single,hek293t,linear,sequence_ctcf_h3k4me3,sequence_ctcf_h3k4me3_rrbs,-0.03502378985285759,0.003738921834155917,False,2000,ok
single,hek293t,linear,sequence_ctcf_rrbs,sequence_ctcf_dnase_rrbs,-0.0009335607173852623,0.0009490996599197388,False,2000,ok
single,hek293t,linear,sequence_ctcf_rrbs,sequence_ctcf_h3k4me3_rrbs,-0.05737075209617615,-0.004044383764266968,True,2000,ok
single,hek293t,linear,sequence_dnase_h3k4me3,sequence_ctcf_dnase_h3k4me3,-0.030357619747519493,0.018078818917274475,False,2000,ok
single,hek293t,linear,sequence_dnase_h3k4me3,sequence_dnase_h3k4me3_rrbs,-0.0362505204975605,0.001362545765005052,False,2000,ok
single,hek293t,linear,sequence_dnase_rrbs,sequence_ctcf_dnase_rrbs,-0.021879473701119423,0.01833334006369114,False,2000,ok
single,hek293t,linear,sequence_dnase_rrbs,sequence_dnase_h3k4me3_rrbs,-0.05024458467960358,-0.004645407199859619,True,2000,ok
single,hek293t,linear,sequence_h3k4me3_rrbs,sequence_ctcf_h3k4me3_rrbs,-0.030083030462265015,0.021705754101276398,False,2000,ok
single,hek293t,linear,sequence_h3k4me3_rrbs,sequence_dnase_h3k4me3_rrbs,-0.00040149688720703125,0.00197083642706275,False,2000,ok
single,hek293t,linear,sequence_ctcf_dnase_h3k4me3,all,-0.035402312874794006,0.0034925073850899935,False,2000,ok
single,hek293t,linear,sequence_ctcf_dnase_rrbs,all,-0.057002510875463486,-0.0038115084171295166,True,2000,ok
single,hek293t,linear,sequence_ctcf_h3k4me3_rrbs,all,-0.0005518317339010537,0.0013126045232638717,False,2000,ok
single,hek293t,linear,sequence_dnase_h3k4me3_rrbs,all,-0.031097520142793655,0.021302510052919388,False,2000,ok
single,hek293t,mlp,sequence,sequence_ctcf,-0.03595598414540291,0.04216687008738518,False,2000,ok
single,hek293t,mlp,sequence,sequence_dnase,-0.03251807391643524,0.029218951240181923,False,2000,ok
single,hek293t,mlp,sequence,sequence_h3k4me3,-0.0500156432390213,0.019324062392115593,False,2000,ok
single,hek293t,mlp,sequence,sequence_rrbs,-0.005533099174499512,0.0073859915137290955,False,2000,ok
single,hek293t,mlp,sequence_ctcf,sequence_ctcf_dnase,-0.007543244864791632,0.03818102553486824,False,2000,ok
single,hek293t,mlp,sequence_ctcf,sequence_ctcf_h3k4me3,-0.07473330944776535,0.0014576285611838102,False,2000,ok
single,hek293t,mlp,sequence_ctcf,sequence_ctcf_rrbs,-0.005324503872543573,0.013615725561976433,False,2000,ok
single,hek293t,mlp,sequence_dnase,sequence_ctcf_dnase,-0.0033742382656782866,0.04117295891046524,False,2000,ok
single,hek293t,mlp,sequence_dnase,sequence_dnase_h3k4me3,-0.05946185439825058,0.009903943166136742,False,2000,ok
single,hek293t,mlp,sequence_dnase,sequence_dnase_rrbs,-0.0012523174518719316,0.009685060009360313,False,2000,ok
single,hek293t,mlp,sequence_h3k4me3,sequence_ctcf_h3k4me3,-0.06060344725847244,0.024878770112991333,False,2000,ok
single,hek293t,mlp,sequence_h3k4me3,sequence_dnase_h3k4me3,-0.046377137303352356,0.02884764038026333,False,2000,ok
single,hek293t,mlp,sequence_h3k4me3,sequence_h3k4me3_rrbs,-0.004381872713565826,0.006276744417846203,False,2000,ok
single,hek293t,mlp,sequence_rrbs,sequence_ctcf_rrbs,-0.03255055099725723,0.045269254595041275,False,2000,ok
single,hek293t,mlp,sequence_rrbs,sequence_dnase_rrbs,-0.028801925480365753,0.03176122531294823,False,2000,ok
single,hek293t,mlp,sequence_rrbs,sequence_h3k4me3_rrbs,-0.04992949590086937,0.019970761612057686,False,2000,ok
single,hek293t,mlp,sequence_ctcf_dnase,sequence_ctcf_dnase_h3k4me3,-0.059782724827528,0.01599559746682644,False,2000,ok
single,hek293t,mlp,sequence_ctcf_dnase,sequence_ctcf_dnase_rrbs,-0.02808142825961113,0.02534005232155323,False,2000,ok
single,hek293t,mlp,sequence_ctcf_h3k4me3,sequence_ctcf_dnase_h3k4me3,-0.0029358521569520235,0.06375211477279663,False,2000,ok
single,hek293t,mlp,sequence_ctcf_h3k4me3,sequence_ctcf_h3k4me3_rrbs,-0.015643101185560226,0.016918683424592018,False,2000,ok
single,hek293t,mlp,sequence_ctcf_rrbs,sequence_ctcf_dnase_rrbs,-0.02027266100049019,0.03916218876838684,False,2000,ok
single,hek293t,mlp,sequence_ctcf_rrbs,sequence_ctcf_h3k4me3_rrbs,-0.07941460609436035,0.0005337208276614547,False,2000,ok
single,hek293t,mlp,sequence_dnase_h3k4me3,sequence_ctcf_dnase_h3k4me3,-0.006226834841072559,0.05054439604282379,False,2000,ok
single,hek293t,mlp,sequence_dnase_h3k4me3,sequence_dnase_h3k4me3_rrbs,-0.03153698146343231,0.0519959032535553,False,2000,ok
single,hek293t,mlp,sequence_dnase_rrbs,sequence_ctcf_dnase_rrbs,-0.014410333707928658,0.04319366440176964,False,2000,ok
single,hek293t,mlp,sequence_dnase_rrbs,sequence_dnase_h3k4me3_rrbs,-0.047211479395627975,0.012189751490950584,False,2000,ok
single,hek293t,mlp,sequence_h3k4me3_rrbs,sequence_ctcf_h3k4me3_rrbs,-0.06436178088188171,0.025583697482943535,False,2000,ok
single,hek293t,mlp,sequence_h3k4me3_rrbs,sequence_dnase_h3k4me3_rrbs,-0.033035531640052795,0.03079758957028389,False,2000,ok
single,hek293t,mlp,sequence_ctcf_dnase_h3k4me3,all,-0.031826265156269073,0.0033490329515188932,False,2000,ok
single,hek293t,mlp,sequence_ctcf_dnase_rrbs,all,-0.06787410378456116,-0.002257588552311063,True,2000,ok
single,hek293t,mlp,sequence_ctcf_h3k4me3_rrbs,all,-0.014532303437590599,0.04687764495611191,False,2000,ok
single,hek293t,mlp,sequence_dnase_h3k4me3_rrbs,all,-0.04286983609199524,0.037589315325021744,False,2000,ok
single,hek293t,transformer,sequence,sequence_ctcf,-0.05346864461898804,0.023183904588222504,False,2000,ok
single,hek293t,transformer,sequence,sequence_dnase,-0.019892560318112373,0.034861113876104355,False,2000,ok
single,hek293t,transformer,sequence,sequence_h3k4me3,-0.10873851925134659,-0.008481618948280811,True,2000,ok
single,hek293t,transformer,sequence,sequence_rrbs,-0.08603568375110626,0.024670304730534554,False,2000,ok
single,hek293t,transformer,sequence_ctcf,sequence_ctcf_dnase,-0.01692194864153862,0.05413404479622841,False,2000,ok
single,hek293t,transformer,sequence_ctcf,sequence_ctcf_h3k4me3,-0.14624793827533722,-0.04475066065788269,True,2000,ok
single,hek293t,transformer,sequence_ctcf,sequence_ctcf_rrbs,-0.05201822891831398,0.025226790457963943,False,2000,ok
single,hek293t,transformer,sequence_dnase,sequence_ctcf_dnase,-0.047366585582494736,0.04178345948457718,False,2000,ok
single,hek293t,transformer,sequence_dnase,sequence_dnase_h3k4me3,-0.07155845314264297,0.027986474335193634,False,2000,ok
single,hek293t,transformer,sequence_dnase,sequence_dnase_rrbs,-0.0999130830168724,0.023347433656454086,False,2000,ok
single,hek293t,transformer,sequence_h3k4me3,sequence_ctcf_h3k4me3,-0.09836934506893158,-0.005147350020706654,True,2000,ok
single,hek293t,transformer,sequence_h3k4me3,sequence_dnase_h3k4me3,0.008716369047760963,0.07213311642408371,True,2000,ok
single,hek293t,transformer,sequence_h3k4me3,sequence_h3k4me3_rrbs,-0.006044325418770313,0.0495075061917305,False,2000,ok
single,hek293t,transformer,sequence_rrbs,sequence_ctcf_rrbs,-0.004235145635902882,0.009707947261631489,False,2000,ok
single,hek293t,transformer,sequence_rrbs,sequence_dnase_rrbs,-0.00279598543420434,0.002912558615207672,False,2000,ok
single,hek293t,transformer,sequence_rrbs,sequence_h3k4me3_rrbs,-0.04522411897778511,0.02913608029484749,False,2000,ok
single,hek293t,transformer,sequence_ctcf_dnase,sequence_ctcf_dnase_h3k4me3,-0.22497393190860748,-0.06623220443725586,True,2000,ok
single,hek293t,transformer,sequence_ctcf_dnase,sequence_ctcf_dnase_rrbs,-0.058193255215883255,0.0028730749618262053,False,2000,ok
single,hek293t,transformer,sequence_ctcf_h3k4me3,sequence_ctcf_dnase_h3k4me3,-0.08950372040271759,0.0268759373575449,False,2000,ok
single,hek293t,transformer,sequence_ctcf_h3k4me3,sequence_ctcf_h3k4me3_rrbs,-0.010846507735550404,0.11538182199001312,False,2000,ok
single,hek293t,transformer,sequence_ctcf_rrbs,sequence_ctcf_dnase_rrbs,-0.052268173545598984,0.060459159314632416,False,2000,ok
single,hek293t,transformer,sequence_ctcf_rrbs,sequence_ctcf_h3k4me3_rrbs,-0.04503481090068817,-0.012816598638892174,True,2000,ok
single,hek293t,transformer,sequence_dnase_h3k4me3,sequence_ctcf_dnase_h3k4me3,-0.2019588053226471,-0.05261753872036934,True,2000,ok
single,hek293t,transformer,sequence_dnase_h3k4me3,sequence_dnase_h3k4me3_rrbs,-0.03962904214859009,0.005939200520515442,False,2000,ok
single,hek293t,transformer,sequence_dnase_rrbs,sequence_ctcf_dnase_rrbs,-0.04858940467238426,0.06333047896623611,False,2000,ok
single,hek293t,transformer,sequence_dnase_rrbs,sequence_dnase_h3k4me3_rrbs,-0.05452298745512962,0.04655131697654724,False,2000,ok
single,hek293t,transformer,sequence_h3k4me3_rrbs,sequence_ctcf_h3k4me3_rrbs,-0.056993868201971054,0.018888011574745178,False,2000,ok
single,hek293t,transformer,sequence_h3k4me3_rrbs,sequence_dnase_h3k4me3_rrbs,-0.02864852361381054,0.03463013470172882,False,2000,ok
single,hek293t,transformer,sequence_ctcf_dnase_h3k4me3,all,-0.0026656656991690397,0.17502380907535553,False,2000,ok
single,hek293t,transformer,sequence_ctcf_dnase_rrbs,all,-0.09531428664922714,0.02419530414044857,False,2000,ok
single,hek293t,transformer,sequence_ctcf_h3k4me3_rrbs,all,-0.004409328103065491,0.0001219451442011632,False,2000,ok
single,hek293t,transformer,sequence_dnase_h3k4me3_rrbs,all,-0.07602793723344803,0.025755783542990685,False,2000,ok
single,hek293t,xgboost,sequence,sequence_ctcf,-0.009100954048335552,0.02849726192653179,False,2000,ok
single,hek293t,xgboost,sequence,sequence_dnase,0.0,0.0,False,2000,ok
single,hek293t,xgboost,sequence,sequence_h3k4me3,-0.03651127964258194,0.00043720455141738057,False,2000,ok
single,hek293t,xgboost,sequence,sequence_rrbs,-0.011189758777618408,0.025445908308029175,False,2000,ok
single,hek293t,xgboost,sequence_ctcf,sequence_ctcf_dnase,0.0,0.0,False,2000,ok
single,hek293t,xgboost,sequence_ctcf,sequence_ctcf_h3k4me3,-0.053459785878658295,-0.006596000399440527,True,2000,ok
single,hek293t,xgboost,sequence_ctcf,sequence_ctcf_rrbs,-0.02855152077972889,-0.0004301145672798157,True,2000,ok
single,hek293t,xgboost,sequence_dnase,sequence_ctcf_dnase,-0.009100954048335552,0.02849726192653179,False,2000,ok
single,hek293t,xgboost,sequence_dnase,sequence_dnase_h3k4me3,-0.03651127964258194,0.00043720455141738057,False,2000,ok
single,hek293t,xgboost,sequence_dnase,sequence_dnase_rrbs,-0.011189758777618408,0.025445908308029175,False,2000,ok
single,hek293t,xgboost,sequence_h3k4me3,sequence_ctcf_h3k4me3,-0.01853611133992672,0.014619462192058563,False,2000,ok
single,hek293t,xgboost,sequence_h3k4me3,sequence_dnase_h3k4me3,0.0,0.0,False,2000,ok
single,hek293t,xgboost,sequence_h3k4me3,sequence_h3k4me3_rrbs,-0.009529493749141693,0.008649584837257862,False,2000,ok
single,hek293t,xgboost,sequence_rrbs,sequence_ctcf_rrbs,-0.03446880355477333,0.012219068594276905,False,2000,ok
single,hek293t,xgboost,sequence_rrbs,sequence_dnase_rrbs,0.0,0.0,False,2000,ok
single,hek293t,xgboost,sequence_rrbs,sequence_h3k4me3_rrbs,-0.047941528260707855,-0.0007328391075134277,True,2000,ok
single,hek293t,xgboost,sequence_ctcf_dnase,sequence_ctcf_dnase_h3k4me3,-0.053459785878658295,-0.006596000399440527,True,2000,ok
single,hek293t,xgboost,sequence_ctcf_dnase,sequence_ctcf_dnase_rrbs,-0.02855152077972889,-0.0004301145672798157,True,2000,ok
single,hek293t,xgboost,sequence_ctcf_h3k4me3,sequence_ctcf_dnase_h3k4me3,0.0,0.0,False,2000,ok
single,hek293t,xgboost,sequence_ctcf_h3k4me3,sequence_ctcf_h3k4me3_rrbs,-0.023362603038549423,0.00940103642642498,False,2000,ok
single,hek293t,xgboost,sequence_ctcf_rrbs,sequence_ctcf_dnase_rrbs,0.0,0.0,False,2000,ok
single,hek293t,xgboost,sequence_ctcf_rrbs,sequence_ctcf_h3k4me3_rrbs,-0.04454942047595978,-0.00036644190549850464,True,2000,ok
single,hek293t,xgboost,sequence_dnase_h3k4me3,sequence_ctcf_dnase_h3k4me3,-0.01853611133992672,0.014619462192058563,False,2000,ok
single,hek293t,xgboost,sequence_dnase_h3k4me3,sequence_dnase_h3k4me3_rrbs,-0.009529493749141693,0.008649584837257862,False,2000,ok
single,hek293t,xgboost,sequence_dnase_rrbs,sequence_ctcf_dnase_rrbs,-0.03446880355477333,0.012219068594276905,False,2000,ok
single,hek293t,xgboost,sequence_dnase_rrbs,sequence_dnase_h3k4me3_rrbs,-0.047941528260707855,-0.0007328391075134277,True,2000,ok
single,hek293t,xgboost,sequence_h3k4me3_rrbs,sequence_ctcf_h3k4me3_rrbs,-0.024888258427381516,0.007471068296581507,False,2000,ok
single,hek293t,xgboost,sequence_h3k4me3_rrbs,sequence_dnase_h3k4me3_rrbs,0.0,0.0,False,2000,ok
single,hek293t,xgboost,sequence_ctcf_dnase_h3k4me3,all,-0.023362603038549423,0.00940103642642498,False,2000,ok
single,hek293t,xgboost,sequence_ctcf_dnase_rrbs,all,-0.04454942047595978,-0.00036644190549850464,True,2000,ok
single,hek293t,xgboost,sequence_ctcf_h3k4me3_rrbs,all,0.0,0.0,False,2000,ok
single,hek293t,xgboost,sequence_dnase_h3k4me3_rrbs,all,-0.024888258427381516,0.007471068296581507,False,2000,ok
single,hela,cnn(3|3),sequence,sequence_ctcf,-0.011806759051978588,0.033958785235881805,False,2000,ok
single,hela,cnn(3|3),sequence,sequence_dnase,-0.009053449146449566,0.02652079612016678,False,2000,ok
single,hela,cnn(3|3),sequence,sequence_h3k4me3,-0.03073723427951336,0.018144948408007622,False,2000,ok
single,hela,cnn(3|3),sequence,sequence_rrbs,-0.03227566182613373,0.020405080169439316,False,2000,ok
single,hela,cnn(3|3),sequence_ctcf,sequence_ctcf_dnase,-0.02711537480354309,0.006454956717789173,False,2000,ok
single,hela,cnn(3|3),sequence_ctcf,sequence_ctcf_h3k4me3,-0.008848574943840504,0.014826826751232147,False,2000,ok
single,hela,cnn(3|3),sequence_ctcf,sequence_ctcf_rrbs,-0.006007580552250147,0.018581930547952652,False,2000,ok
single,hela,cnn(3|3),sequence_dnase,sequence_ctcf_dnase,-0.027264613658189774,0.009958194568753242,False,2000,ok
single,hela,cnn(3|3),sequence_dnase,sequence_dnase_h3k4me3,-0.022366181015968323,0.011188129894435406,False,2000,ok
single,hela,cnn(3|3),sequence_dnase,sequence_dnase_rrbs,-0.028794702142477036,0.004319675266742706,False,2000,ok
single,hela,cnn(3|3),sequence_h3k4me3,sequence_ctcf_h3k4me3,0.006392869167029858,0.03263162076473236,True,2000,ok
single,hela,cnn(3|3),sequence_h3k4me3,sequence_dnase_h3k4me3,-0.007280127611011267,0.026364855468273163,False,2000,ok
single,hela,cnn(3|3),sequence_h3k4me3,sequence_h3k4me3_rrbs,-0.002955843461677432,0.023148678243160248,False,2000,ok
single,hela,cnn(3|3),sequence_rrbs,sequence_ctcf_rrbs,0.005382561590522528,0.040666379034519196,True,2000,ok
single,hela,cnn(3|3),sequence_rrbs,sequence_dnase_rrbs,-0.014043432660400867,0.018852533772587776,False,2000,ok
single,hela,cnn(3|3),sequence_rrbs,sequence_h3k4me3_rrbs,-0.004569238517433405,0.024709228426218033,False,2000,ok
single,hela,cnn(3|3),sequence_ctcf_dnase,sequence_ctcf_dnase_h3k4me3,-0.012024280615150928,0.015381162986159325,False,2000,ok
single,hela,cnn(3|3),sequence_ctcf_dnase,sequence_ctcf_dnase_rrbs,-0.02365046553313732,0.006258933339267969,False,2000,ok
single,hela,cnn(3|3),sequence_ctcf_h3k4me3,sequence_ctcf_dnase_h3k4me3,-0.025878479704260826,0.002676940057426691,False,2000,ok
single,hela,cnn(3|3),sequence_ctcf_h3k4me3,sequence_ctcf_h3k4me3_rrbs,-0.01912236027419567,0.010223674587905407,False,2000,ok
single,hela,cnn(3|3),sequence_ctcf_rrbs,sequence_ctcf_dnase_rrbs,-0.043405335396528244,-0.00842638872563839,True,2000,ok
single,hela,cnn(3|3),sequence_ctcf_rrbs,sequence_ctcf_h3k4me3_rrbs,-0.024084048345685005,0.007873376831412315,False,2000,ok
single,hela,cnn(3|3),sequence_dnase_h3k4me3,sequence_ctcf_dnase_h3k4me3,-0.017596257850527763,0.01468653418123722,False,2000,ok
single,hela,cnn(3|3),sequence_dnase_h3k4me3,sequence_dnase_h3k4me3_rrbs,-0.01644933968782425,0.019567759707570076,False,2000,ok
single,hela,cnn(3|3),sequence_dnase_rrbs,sequence_ctcf_dnase_rrbs,-0.02786882035434246,0.015753353014588356,False,2000,ok
single,hela,cnn(3|3),sequence_dnase_rrbs,sequence_dnase_h3k4me3_rrbs,-0.009766754694283009,0.025410925969481468,False,2000,ok
single,hela,cnn(3|3),sequence_h3k4me3_rrbs,sequence_ctcf_h3k4me3_rrbs,-0.011541326530277729,0.022538205608725548,False,2000,ok
single,hela,cnn(3|3),sequence_h3k4me3_rrbs,sequence_dnase_h3k4me3_rrbs,-0.014556202106177807,0.01605231687426567,False,2000,ok
single,hela,cnn(3|3),sequence_ctcf_dnase_h3k4me3,all,-0.00438277143985033,0.030397983267903328,False,2000,ok
single,hela,cnn(3|3),sequence_ctcf_dnase_rrbs,all,0.0014638944994658232,0.0445762500166893,True,2000,ok
single,hela,cnn(3|3),sequence_ctcf_h3k4me3_rrbs,all,-0.01013040728867054,0.01947498694062233,False,2000,ok
single,hela,cnn(3|3),sequence_dnase_h3k4me3_rrbs,all,-0.004545299801975489,0.02371716871857643,False,2000,ok
single,hela,cnn(5|3),sequence,sequence_ctcf,-0.05265267193317413,0.009067329578101635,False,2000,ok
single,hela,cnn(5|3),sequence,sequence_dnase,-0.05274345725774765,0.010191123001277447,False,2000,ok
single,hela,cnn(5|3),sequence,sequence_h3k4me3,-0.051691532135009766,0.003224119544029236,False,2000,ok
single,hela,cnn(5|3),sequence,sequence_rrbs,-0.013031354174017906,0.027092838659882545,False,2000,ok
single,hela,cnn(5|3),sequence_ctcf,sequence_ctcf_dnase,-0.03191578388214111,0.028413325548171997,False,2000,ok
single,hela,cnn(5|3),sequence_ctcf,sequence_ctcf_h3k4me3,-0.03209492564201355,0.02536659501492977,False,2000,ok
single,hela,cnn(5|3),sequence_ctcf,sequence_ctcf_rrbs,-0.03614126145839691,0.024167267605662346,False,2000,ok
single,hela,cnn(5|3),sequence_dnase,sequence_ctcf_dnase,-0.03605940192937851,0.0272693894803524,False,2000,ok
single,hela,cnn(5|3),sequence_dnase,sequence_dnase_h3k4me3,-0.04086004197597504,0.020428109914064407,False,2000,ok
single,hela,cnn(5|3),sequence_dnase,sequence_dnase_rrbs,0.004433657042682171,0.072702556848526,True,2000,ok
single,hela,cnn(5|3),sequence_h3k4me3,sequence_ctcf_h3k4me3,-0.027822570875287056,0.024180203676223755,False,2000,ok
single,hela,cnn(5|3),sequence_h3k4me3,sequence_dnase_h3k4me3,-0.033195532858371735,0.020824158564209938,False,2000,ok
single,hela,cnn(5|3),sequence_h3k4me3,sequence_h3k4me3_rrbs,-0.043319929391145706,0.010180482640862465,False,2000,ok
single,hela,cnn(5|3),sequence_rrbs,sequence_ctcf_rrbs,-0.06650722026824951,-0.0010892435675486922,True,2000,ok
single,hela,cnn(5|3),sequence_rrbs,sequence_dnase_rrbs,-0.006367652211338282,0.028037771582603455,False,2000,ok
single,hela,cnn(5|3),sequence_rrbs,sequence_h3k4me3_rrbs,-0.07913482934236526,-0.016081880778074265,True,2000,ok
single,hela,cnn(5|3),sequence_ctcf_dnase,sequence_ctcf_dnase_h3k4me3,-0.03736679628491402,0.02783113718032837,False,2000,ok
single,hela,cnn(5|3),sequence_ctcf_dnase,sequence_ctcf_dnase_rrbs,0.0035333007108420134,0.06013369560241699,True,2000,ok
single,hela,cnn(5|3),sequence_ctcf_h3k4me3,sequence_ctcf_dnase_h3k4me3,-0.03326727822422981,0.02784058451652527,False,2000,ok
single,hela,cnn(5|3),sequence_ctcf_h3k4me3,sequence_ctcf_h3k4me3_rrbs,0.0037779673002660275,0.057281989604234695,True,2000,ok
single,hela,cnn(5|3),sequence_ctcf_rrbs,sequence_ctcf_dnase_rrbs,0.008520042523741722,0.06383845210075378,True,2000,ok
single,hela,cnn(5|3),sequence_ctcf_rrbs,sequence_ctcf_h3k4me3_rrbs,0.004899473395198584,0.06060498207807541,True,2000,ok
single,hela,cnn(5|3),sequence_dnase_h3k4me3,sequence_ctcf_dnase_h3k4me3,-0.031036386266350746,0.03369453176856041,False,2000,ok
single,hela,cnn(5|3),sequence_dnase_h3k4me3,sequence_dnase_h3k4me3_rrbs,-0.00453206617385149,0.055850882083177567,False,2000,ok
single,hela,cnn(5|3),sequence_dnase_rrbs,sequence_ctcf_dnase_rrbs,-0.031106432899832726,0.012694096192717552,False,2000,ok
single,hela,cnn(5|3),sequence_dnase_rrbs,sequence_dnase_h3k4me3_rrbs,-0.04471922293305397,0.00202883780002594,False,2000,ok
single,hela,cnn(5|3),sequence_h3k4me3_rrbs,sequence_ctcf_h3k4me3_rrbs,0.018599476665258408,0.07390175759792328,True,2000,ok
single,hela,cnn(5|3),sequence_h3k4me3_rrbs,sequence_dnase_h3k4me3_rrbs,0.005316965281963348,0.06812836229801178,True,2000,ok
single,hela,cnn(5|3),sequence_ctcf_dnase_h3k4me3,all,0.006666158325970173,0.06725223362445831,True,2000,ok
single,hela,cnn(5|3),sequence_ctcf_dnase_rrbs,all,-0.020450709387660027,0.022068684920668602,False,2000,ok
single,hela,cnn(5|3),sequence_ctcf_h3k4me3_rrbs,all,-0.016991546377539635,0.02429015375673771,False,2000,ok
single,hela,cnn(5|3),sequence_dnase_h3k4me3_rrbs,all,-0.011453683488070965,0.03742995485663414,False,2000,ok
single,hela,cnn(7|3),sequence,sequence_ctcf,-0.03729371726512909,0.009881404228508472,False,2000,ok
single,hela,cnn(7|3),sequence,sequence_dnase,-0.023287013173103333,0.0024297148920595646,False,2000,ok
single,hela,cnn(7|3),sequence,sequence_h3k4me3,-0.048953525722026825,-0.004790673963725567,True,2000,ok
single,hela,cnn(7|3),sequence,sequence_rrbs,-0.05109946429729462,-0.006943897809833288,True,2000,ok
single,hela,cnn(7|3),sequence_ctcf,sequence_ctcf_dnase,-0.025346774607896805,0.02427222952246666,False,2000,ok
single,hela,cnn(7|3),sequence_ctcf,sequence_ctcf_h3k4me3,-0.0041216956451535225,0.046039387583732605,False,2000,ok
single,hela,cnn(7|3),sequence_ctcf,sequence_ctcf_rrbs,-0.007928192615509033,0.044262807816267014,False,2000,ok
single,hela,cnn(7|3),sequence_dnase,sequence_ctcf_dnase,-0.02790440246462822,0.02091962657868862,False,2000,ok
single,hela,cnn(7|3),sequence_dnase,sequence_dnase_h3k4me3,-0.0015832483768463135,0.044117119163274765,False,2000,ok
single,hela,cnn(7|3),sequence_dnase,sequence_dnase_rrbs,-0.00875419657677412,0.03800133243203163,False,2000,ok
single,hela,cnn(7|3),sequence_h3k4me3,sequence_ctcf_h3k4me3,0.007691907696425915,0.06022318825125694,True,2000,ok
single,hela,cnn(7|3),sequence_h3k4me3,sequence_dnase_h3k4me3,0.013652326539158821,0.06328220665454865,True,2000,ok
single,hela,cnn(7|3),sequence_h3k4me3,sequence_h3k4me3_rrbs,0.0025434151757508516,0.05610715597867966,True,2000,ok
single,hela,cnn(7|3),sequence_rrbs,sequence_ctcf_rrbs,0.006480696611106396,0.06173086166381836,True,2000,ok
single,hela,cnn(7|3),sequence_rrbs,sequence_dnase_rrbs,0.006282836198806763,0.06056733801960945,True,2000,ok
single,hela,cnn(7|3),sequence_rrbs,sequence_h3k4me3_rrbs,0.002425397979095578,0.059454530477523804,True,2000,ok
single,hela,cnn(7|3),sequence_ctcf_dnase,sequence_ctcf_dnase_h3k4me3,-0.0067347390577197075,0.037584152072668076,False,2000,ok
single,hela,cnn(7|3),sequence_ctcf_dnase,sequence_ctcf_dnase_rrbs,-0.018841862678527832,0.030101893469691277,False,2000,ok
single,hela,cnn(7|3),sequence_ctcf_h3k4me3,sequence_ctcf_dnase_h3k4me3,-0.024453014135360718,0.011066852137446404,False,2000,ok
single,hela,cnn(7|3),sequence_ctcf_h3k4me3,sequence_ctcf_h3k4me3_rrbs,-0.042285285890102386,0.003890618681907654,False,2000,ok
single,hela,cnn(7|3),sequence_ctcf_rrbs,sequence_ctcf_dnase_rrbs,-0.03330138698220253,0.0076446072198450565,False,2000,ok
single,hela,cnn(7|3),sequence_ctcf_rrbs,sequence_ctcf_h3k4me3_rrbs,-0.03591751679778099,0.003761970903724432,False,2000,ok
single,hela,cnn(7|3),sequence_dnase_h3k4me3,sequence_ctcf_dnase_h3k4me3,-0.028984908014535904,0.006857633590698242,False,2000,ok
single,hela,cnn(7|3),sequence_dnase_h3k4me3,sequence_dnase_h3k4me3_rrbs,-0.029438244178891182,0.005310374312102795,False,2000,ok
single,hela,cnn(7|3),sequence_dnase_rrbs,sequence_ctcf_dnase_rrbs,-0.03585188090801239,0.010057611390948296,False,2000,ok
single,hela,cnn(7|3),sequence_dnase_rrbs,sequence_dnase_h3k4me3_rrbs,-0.021776627749204636,0.012830482795834541,False,2000,ok
single,hela,cnn(7|3),sequence_h3k4me3_rrbs,sequence_ctcf_h3k4me3_rrbs,-0.03764425218105316,0.009026715531945229,False,2000,ok
single,hela,cnn(7|3),sequence_h3k4me3_rrbs,sequence_dnase_h3k4me3_rrbs,-0.022021081298589706,0.016192574054002762,False,2000,ok
single,hela,cnn(7|3),sequence_ctcf_dnase_h3k4me3,all,-0.024504676461219788,0.0138047244399786,False,2000,ok
single,hela,cnn(7|3),sequence_ctcf_dnase_rrbs,all,-0.01894109882414341,0.026128042489290237,False,2000,ok
single,hela,cnn(7|3),sequence_ctcf_h3k4me3_rrbs,all,-0.016420941799879074,0.029685813933610916,False,2000,ok
single,hela,cnn(7|3),sequence_dnase_h3k4me3_rrbs,all,-0.02653132751584053,0.016992563381791115,False,2000,ok
single,hela,linear,sequence,sequence_ctcf,-0.016706883907318115,0.000982441008090973,False,2000,ok
single,hela,linear,sequence,sequence_dnase,-0.00015140623145271093,0.0004113703907933086,False,2000,ok
single,hela,linear,sequence,sequence_h3k4me3,-0.009817028418183327,0.0015243456000462174,False,2000,ok
single,hela,linear,sequence,sequence_rrbs,-0.00032036154880188406,0.011115267872810364,False,2000,ok
single,hela,linear,sequence_ctcf,sequence_ctcf_dnase,-9.458065323997289e-05,0.0002104967861669138,False,2000,ok
single,hela,linear,sequence_ctcf,sequence_ctcf_h3k4me3,-0.01562037318944931,-0.0009223595261573792,True,2000,ok
single,hela,linear,sequence_ctcf,sequence_ctcf_rrbs,-0.000356137752532959,0.011128154583275318,False,2000,ok
single,hela,linear,sequence_dnase,sequence_ctcf_dnase,-0.016926107928156853,0.0009313672780990601,False,2000,ok
single,hela,linear,sequence_dnase,sequence_dnase_h3k4me3,-0.009980435483157635,0.0014355540042743087,False,2000,ok
single,hela,linear,sequence_dnase,sequence_dnase_rrbs,-0.00046585797099396586,0.010988689959049225,False,2000,ok
single,hela,linear,sequence_h3k4me3,sequence_ctcf_h3k4me3,-0.024296997115015984,-0.00043549537076614797,True,2000,ok
single,hela,linear,sequence_h3k4me3,sequence_dnase_h3k4me3,-5.4909287428017706e-05,8.45834583742544e-05,False,2000,ok
single,hela,linear,sequence_h3k4me3,sequence_h3k4me3_rrbs,-0.00018919407739304006,0.011265948414802551,False,2000,ok
single,hela,linear,sequence_rrbs,sequence_ctcf_rrbs,-0.016924243420362473,0.0010833144187927246,False,2000,ok
single,hela,linear,sequence_rrbs,sequence_dnase_rrbs,-7.47308149584569e-05,0.00016320348368026316,False,2000,ok
single,hela,linear,sequence_rrbs,sequence_h3k4me3_rrbs,-0.00961410440504551,0.0016089945565909147,False,2000,ok
single,hela,linear,sequence_ctcf_dnase,sequence_ctcf_dnase_h3k4me3,-0.015694227069616318,-0.0010022849310189486,True,2000,ok
single,hela,linear,sequence_ctcf_dnase,sequence_ctcf_dnase_rrbs,-0.0004525512340478599,0.011010035872459412,False,2000,ok
single,hela,linear,sequence_ctcf_h3k4me3,sequence_ctcf_dnase_h3k4me3,-8.165985491359606e-05,2.0988285541534424e-05,False,2000,ok
single,hela,linear,sequence_ctcf_h3k4me3,sequence_ctcf_h3k4me3_rrbs,-0.0003521069884300232,0.011035281233489513,False,2000,ok
single,hela,linear,sequence_ctcf_rrbs,sequence_ctcf_dnase_rrbs,-9.691864397609606e-05,3.731548713403754e-05,False,2000,ok
single,hela,linear,sequence_ctcf_rrbs,sequence_ctcf_h3k4me3_rrbs,-0.015665104612708092,-0.0010351404780521989,True,2000,ok
single,hela,linear,sequence_dnase_h3k4me3,sequence_ctcf_dnase_h3k4me3,-0.02435632422566414,-0.0004351869283709675,True,2000,ok
single,hela,linear,sequence_dnase_h3k4me3,sequence_dnase_h3k4me3_rrbs,-0.000206872820854187,0.01125950925052166,False,2000,ok
single,hela,linear,sequence_dnase_rrbs,sequence_ctcf_dnase_rrbs,-0.016874879598617554,0.0009364485740661621,False,2000,ok
single,hela,linear,sequence_dnase_rrbs,sequence_dnase_h3k4me3_rrbs,-0.00961313396692276,0.0015680014621466398,False,2000,ok
single,hela,linear,sequence_h3k4me3_rrbs,sequence_ctcf_h3k4me3_rrbs,-0.024622056633234024,-0.00040002167224884033,True,2000,ok
single,hela,linear,sequence_h3k4me3_rrbs,sequence_dnase_h3k4me3_rrbs,-0.00010813623521244153,0.00010265111632179469,False,2000,ok
single,hela,linear,sequence_ctcf_dnase_h3k4me3,all,-0.0003565803053788841,0.011051284149289131,False,2000,ok
single,hela,linear,sequence_ctcf_dnase_rrbs,all,-0.01568978652358055,-0.0010113328462466598,True,2000,ok
single,hela,linear,sequence_ctcf_h3k4me3_rrbs,all,-0.00010156631469726562,4.233419895172119e-05,False,2000,ok
single,hela,linear,sequence_dnase_h3k4me3_rrbs,all,-0.024662137031555176,-0.0004225879965815693,True,2000,ok
single,hela,mlp,sequence,sequence_ctcf,-0.011121031828224659,0.023637792095541954,False,2000,ok
single,hela,mlp,sequence,sequence_dnase,-0.03344852477312088,0.007854836992919445,False,2000,ok
single,hela,mlp,sequence,sequence_h3k4me3,-0.03497639670968056,0.007227747235447168,False,2000,ok
single,hela,mlp,sequence,sequence_rrbs,-0.00906539149582386,0.01728694699704647,False,2000,ok
single,hela,mlp,sequence_ctcf,sequence_ctcf_dnase,-0.018129870295524597,0.01797955110669136,False,2000,ok
single,hela,mlp,sequence_ctcf,sequence_ctcf_h3k4me3,-0.05458091199398041,0.0038206398021429777,False,2000,ok
single,hela,mlp,sequence_ctcf,sequence_ctcf_rrbs,-0.03484867513179779,0.00523903826251626,False,2000,ok
single,hela,mlp,sequence_dnase,sequence_ctcf_dnase,0.001659828471019864,0.03508172184228897,True,2000,ok
single,hela,mlp,sequence_dnase,sequence_dnase_h3k4me3,0.003285092068836093,0.03818872570991516,True,2000,ok
single,hela,mlp,sequence_dnase,sequence_dnase_rrbs,-0.022844236344099045,0.04105496406555176,False,2000,ok
single,hela,mlp,sequence_h3k4me3,sequence_ctcf_h3k4me3,-0.03656551241874695,0.022139210253953934,False,2000,ok
single,hela,mlp,sequence_h3k4me3,sequence_dnase_h3k4me3,0.0022455216385424137,0.041407033801078796,True,2000,ok
single,hela,mlp,sequence_h3k4me3,sequence_h3k4me3_rrbs,0.0003993496356997639,0.03606785833835602,True,2000,ok
single,hela,mlp,sequence_rrbs,sequence_ctcf_rrbs,-0.035820525139570236,0.009997394867241383,False,2000,ok
single,hela,mlp,sequence_rrbs,sequence_dnase_rrbs,-0.04055209457874298,0.02441251650452614,False,2000,ok
single,hela,mlp,sequence_rrbs,sequence_h3k4me3_rrbs,-0.015087206847965717,0.016344353556632996,False,2000,ok
single,hela,mlp,sequence_ctcf_dnase,sequence_ctcf_dnase_h3k4me3,-0.026757368817925453,0.02523864060640335,False,2000,ok
single,hela,mlp,sequence_ctcf_dnase,sequence_ctcf_dnase_rrbs,-0.005905471742153168,0.023727837949991226,False,2000,ok
single,hela,mlp,sequence_ctcf_h3k4me3,sequence_ctcf_dnase_h3k4me3,-0.004476539790630341,0.05542891100049019,False,2000,ok
single,hela,mlp,sequence_ctcf_h3k4me3,sequence_ctcf_h3k4me3_rrbs,-0.006849733181297779,0.04899244010448456,False,2000,ok
single,hela,mlp,sequence_ctcf_rrbs,sequence_ctcf_dnase_rrbs,0.0015362203121185303,0.04634139686822891,True,2000,ok
single,hela,mlp,sequence_ctcf_rrbs,sequence_ctcf_h3k4me3_rrbs,-0.01940092071890831,0.038691043853759766,False,2000,ok
single,hela,mlp,sequence_dnase_h3k4me3,sequence_ctcf_dnase_h3k4me3,-0.030264098197221756,0.02320101298391819,False,2000,ok
single,hela,mlp,sequence_dnase_h3k4me3,sequence_dnase_h3k4me3_rrbs,-0.013424141332507133,0.01064457930624485,False,2000,ok
single,hela,mlp,sequence_dnase_rrbs,sequence_ctcf_dnase_rrbs,-0.011846842244267464,0.046258047223091125,False,2000,ok
single,hela,mlp,sequence_dnase_rrbs,sequence_dnase_h3k4me3_rrbs,-0.02070341631770134,0.040607623755931854,False,2000,ok
single,hela,mlp,sequence_h3k4me3_rrbs,sequence_ctcf_h3k4me3_rrbs,-0.032148536294698715,0.023631984367966652,False,2000,ok
single,hela,mlp,sequence_h3k4me3_rrbs,sequence_dnase_h3k4me3_rrbs,-0.016780810430645943,0.02079452946782112,False,2000,ok
single,hela,mlp,sequence_ctcf_dnase_h3k4me3,all,-0.0022995457984507084,0.04878628998994827,False,2000,ok
single,hela,mlp,sequence_ctcf_dnase_rrbs,all,-0.004658867605030537,0.031141091138124466,False,2000,ok
single,hela,mlp,sequence_ctcf_h3k4me3_rrbs,all,-0.002523015486076474,0.05786813423037529,False,2000,ok
single,hela,mlp,sequence_dnase_h3k4me3_rrbs,all,0.003420792520046234,0.040242116898298264,True,2000,ok
single,hela,transformer,sequence,sequence_ctcf,-0.03742878511548042,0.008840968832373619,False,2000,ok
single,hela,transformer,sequence,sequence_dnase,-0.03511932119727135,0.016563039273023605,False,2000,ok
single,hela,transformer,sequence,sequence_h3k4me3,-0.01680583879351616,0.016520341858267784,False,2000,ok
single,hela,transformer,sequence,sequence_rrbs,-0.011977302841842175,0.003137461841106415,False,2000,ok
single,hela,transformer,sequence_ctcf,sequence_ctcf_dnase,-0.013355404138565063,0.03928066045045853,False,2000,ok
single,hela,transformer,sequence_ctcf,sequence_ctcf_h3k4me3,-0.002345678163692355,0.05277115851640701,False,2000,ok
single,hela,transformer,sequence_ctcf,sequence_ctcf_rrbs,-0.019996661692857742,0.01567312330007553,False,2000,ok
single,hela,transformer,sequence_dnase,sequence_ctcf_dnase,-0.016131218522787094,0.034328658133745193,False,2000,ok
single,hela,transformer,sequence_dnase,sequence_dnase_h3k4me3,-0.027565356343984604,0.026581939309835434,False,2000,ok
single,hela,transformer,sequence_dnase,sequence_dnase_rrbs,-0.02729295939207077,0.028193237259984016,False,2000,ok
single,hela,transformer,sequence_h3k4me3,sequence_ctcf_h3k4me3,-0.01427789218723774,0.03920504450798035,False,2000,ok
single,hela,transformer,sequence_h3k4me3,sequence_dnase_h3k4me3,-0.035758864134550095,0.01410631649196148,False,2000,ok
single,hela,transformer,sequence_h3k4me3,sequence_h3k4me3_rrbs,-0.01583034358918667,0.025120535865426064,False,2000,ok
single,hela,transformer,sequence_rrbs,sequence_ctcf_rrbs,-0.036405909806489944,0.01443932019174099,False,2000,ok
single,hela,transformer,sequence_rrbs,sequence_dnase_rrbs,-0.032501667737960815,0.021147754043340683,False,2000,ok
single,hela,transformer,sequence_rrbs,sequence_h3k4me3_rrbs,-0.014227747917175293,0.03238645941019058,False,2000,ok
single,hela,transformer,sequence_ctcf_dnase,sequence_ctcf_dnase_h3k4me3,-0.04735354334115982,0.010937443003058434,False,2000,ok
single,hela,transformer,sequence_ctcf_dnase,sequence_ctcf_dnase_rrbs,-0.05460434406995773,9.626746032154188e-05,False,2000,ok
single,hela,transformer,sequence_ctcf_h3k4me3,sequence_ctcf_dnase_h3k4me3,-0.056562162935733795,-0.003498449921607971,True,2000,ok
single,hela,transformer,sequence_ctcf_h3k4me3,sequence_ctcf_h3k4me3_rrbs,-0.019195374101400375,0.024593856185674667,False,2000,ok
single,hela,transformer,sequence_ctcf_rrbs,sequence_ctcf_dnase_rrbs,-0.0457603856921196,0.02274325117468834,False,2000,ok
single,hela,transformer,sequence_ctcf_rrbs,sequence_ctcf_h3k4me3_rrbs,-0.0007871061679907143,0.05847543105483055,False,2000,ok
single,hela,transformer,sequence_dnase_h3k4me3,sequence_ctcf_dnase_h3k4me3,-0.03107827715575695,0.0158853717148304,False,2000,ok
single,hela,transformer,sequence_dnase_h3k4me3,sequence_dnase_h3k4me3_rrbs,-0.015809422358870506,0.02833390235900879,False,2000,ok
single,hela,transformer,sequence_dnase_rrbs,sequence_ctcf_dnase_rrbs,-0.051073309034109116,0.015637457370758057,False,2000,ok
single,hela,transformer,sequence_dnase_rrbs,sequence_dnase_h3k4me3_rrbs,-0.01901446469128132,0.028820214793086052,False,2000,ok
single,hela,transformer,sequence_h3k4me3_rrbs,sequence_ctcf_h3k4me3_rrbs,-0.014430465176701546,0.03356408327817917,False,2000,ok
single,hela,transformer,sequence_h3k4me3_rrbs,sequence_dnase_h3k4me3_rrbs,-0.029868435114622116,0.011431887745857239,False,2000,ok
single,hela,transformer,sequence_ctcf_dnase_h3k4me3,all,-0.003899824572727084,0.009238848462700844,False,2000,ok
single,hela,transformer,sequence_ctcf_dnase_rrbs,all,-0.019459009170532227,0.04385776445269585,False,2000,ok
single,hela,transformer,sequence_ctcf_h3k4me3_rrbs,all,-0.05267001688480377,-0.006740988697856665,True,2000,ok
single,hela,transformer,sequence_dnase_h3k4me3_rrbs,all,-0.024261660873889923,0.0032237828709185123,False,2000,ok
single,hela,xgboost,sequence,sequence_ctcf,-0.008170830085873604,0.007230228278785944,False,2000,ok
single,hela,xgboost,sequence,sequence_dnase,0.0,0.0,False,2000,ok
single,hela,xgboost,sequence,sequence_h3k4me3,-0.01058628223836422,0.002862754510715604,False,2000,ok
single,hela,xgboost,sequence,sequence_rrbs,-0.012012755498290062,0.005693873856216669,False,2000,ok
single,hela,xgboost,sequence_ctcf,sequence_ctcf_dnase,0.0,0.0,False,2000,ok
single,hela,xgboost,sequence_ctcf,sequence_ctcf_h3k4me3,-0.004134760703891516,0.006597029976546764,False,2000,ok
single,hela,xgboost,sequence_ctcf,sequence_ctcf_rrbs,-0.006004266440868378,0.013411372900009155,False,2000,ok
single,hela,xgboost,sequence_dnase,sequence_ctcf_dnase,-0.008170830085873604,0.007230228278785944,False,2000,ok
single,hela,xgboost,sequence_dnase,sequence_dnase_h3k4me3,-0.01058628223836422,0.002862754510715604,False,2000,ok
single,hela,xgboost,sequence_dnase,sequence_dnase_rrbs,-0.012012755498290062,0.005693873856216669,False,2000,ok
single,hela,xgboost,sequence_h3k4me3,sequence_ctcf_h3k4me3,-0.002645668340846896,0.012105822563171387,False,2000,ok
single,hela,xgboost,sequence_h3k4me3,sequence_dnase_h3k4me3,0.0,0.0,False,2000,ok
single,hela,xgboost,sequence_h3k4me3,sequence_h3k4me3_rrbs,-0.006096722092479467,0.012320409528911114,False,2000,ok
single,hela,xgboost,sequence_rrbs,sequence_ctcf_rrbs,-0.0007172450423240662,0.014215966686606407,False,2000,ok
single,hela,xgboost,sequence_rrbs,sequence_dnase_rrbs,0.0,0.0,False,2000,ok
single,hela,xgboost,sequence_rrbs,sequence_h3k4me3_rrbs,-0.004771891050040722,0.00961322896182537,False,2000,ok
single,hela,xgboost,sequence_ctcf_dnase,sequence_ctcf_dnase_h3k4me3,-0.004134760703891516,0.006597029976546764,False,2000,ok
single,hela,xgboost,sequence_ctcf_dnase,sequence_ctcf_dnase_rrbs,-0.006004266440868378,0.013411372900009155,False,2000,ok
single,hela,xgboost,sequence_ctcf_h3k4me3,sequence_ctcf_dnase_h3k4me3,0.0,0.0,False,2000,ok
single,hela,xgboost,sequence_ctcf_h3k4me3,sequence_ctcf_h3k4me3_rrbs,-0.0032385587692260742,0.015726327896118164,False,2000,ok
single,hela,xgboost,sequence_ctcf_rrbs,sequence_ctcf_dnase_rrbs,0.0,0.0,False,2000,ok
single,hela,xgboost,sequence_ctcf_rrbs,sequence_ctcf_h3k4me3_rrbs,-0.0036704912781715393,0.011004460975527763,False,2000,ok
single,hela,xgboost,sequence_dnase_h3k4me3,sequence_ctcf_dnase_h3k4me3,-0.002645668340846896,0.012105822563171387,False,2000,ok
single,hela,xgboost,sequence_dnase_h3k4me3,sequence_dnase_h3k4me3_rrbs,-0.006096722092479467,0.012320409528911114,False,2000,ok
single,hela,xgboost,sequence_dnase_rrbs,sequence_ctcf_dnase_rrbs,-0.0007172450423240662,0.014215966686606407,False,2000,ok
single,hela,xgboost,sequence_dnase_rrbs,sequence_dnase_h3k4me3_rrbs,-0.004771891050040722,0.00961322896182537,False,2000,ok
single,hela,xgboost,sequence_h3k4me3_rrbs,sequence_ctcf_h3k4me3_rrbs,0.001476441277191043,0.01371599268168211,True,2000,ok
single,hela,xgboost,sequence_h3k4me3_rrbs,sequence_dnase_h3k4me3_rrbs,0.0,0.0,False,2000,ok
single,hela,xgboost,sequence_ctcf_dnase_h3k4me3,all,-0.0032385587692260742,0.015726327896118164,False,2000,ok
single,hela,xgboost,sequence_ctcf_dnase_rrbs,all,-0.0036704912781715393,0.011004460975527763,False,2000,ok
single,hela,xgboost,sequence_ctcf_h3k4me3_rrbs,all,0.0,0.0,False,2000,ok
single,hela,xgboost,sequence_dnase_h3k4me3_rrbs,all,0.001476441277191043,0.01371599268168211,True,2000,ok
single,hl60,cnn(3|3),sequence,sequence_ctcf,-0.12726813554763794,0.011141210794448853,False,2000,ok
single,hl60,cnn(3|3),sequence,sequence_dnase,-0.03184222802519798,0.04253267124295235,False,2000,ok
single,hl60,cnn(3|3),sequence,sequence_h3k4me3,-0.0011814385652542114,0.06200356408953667,False,2000,ok
single,hl60,cnn(3|3),sequence,sequence_rrbs,-0.05376553162932396,0.030751539394259453,False,2000,ok
single,hl60,cnn(3|3),sequence_ctcf,sequence_ctcf_dnase,0.01313869096338749,0.12053010612726212,True,2000,ok
single,hl60,cnn(3|3),sequence_ctcf,sequence_ctcf_h3k4me3,-0.040707141160964966,0.10539316385984421,False,2000,ok
single,hl60,cnn(3|3),sequence_ctcf,sequence_ctcf_rrbs,-0.008137109689414501,0.10804321616888046,False,2000,ok
single,hl60,cnn(3|3),sequence_dnase,sequence_ctcf_dnase,-0.029403386637568474,0.030366670340299606,False,2000,ok
single,hl60,cnn(3|3),sequence_dnase,sequence_dnase_h3k4me3,-0.020685415714979172,0.04305475577712059,False,2000,ok
single,hl60,cnn(3|3),sequence_dnase,sequence_dnase_rrbs,-0.03273359686136246,0.02343679405748844,False,2000,ok
single,hl60,cnn(3|3),sequence_h3k4me3,sequence_ctcf_h3k4me3,-0.08796419948339462,-0.022856533527374268,True,2000,ok
single,hl60,cnn(3|3),sequence_h3k4me3,sequence_dnase_h3k4me3,-0.05869273096323013,0.030025353655219078,False,2000,ok
single,hl60,cnn(3|3),sequence_h3k4me3,sequence_h3k4me3_rrbs,-0.07587753236293793,0.010392199270427227,False,2000,ok
single,hl60,cnn(3|3),sequence_rrbs,sequence_ctcf_rrbs,-0.04341614991426468,0.05199173465371132,False,2000,ok
single,hl60,cnn(3|3),sequence_rrbs,sequence_dnase_rrbs,-0.04389456287026405,0.06930983811616898,False,2000,ok
single,hl60,cnn(3|3),sequence_rrbs,sequence_h3k4me3_rrbs,-0.039557721465826035,0.05741020292043686,False,2000,ok
single,hl60,cnn(3|3),sequence_ctcf_dnase,sequence_ctcf_dnase_h3k4me3,-0.06708425283432007,0.044850025326013565,False,2000,ok
single,hl60,cnn(3|3),sequence_ctcf_dnase,sequence_ctcf_dnase_rrbs,-0.06422185897827148,0.023794472217559814,False,2000,ok
single,hl60,cnn(3|3),sequence_ctcf_h3k4me3,sequence_ctcf_dnase_h3k4me3,-0.023966236039996147,0.07025416195392609,False,2000,ok
single,hl60,cnn(3|3),sequence_ctcf_h3k4me3,sequence_ctcf_h3k4me3_rrbs,-0.047103095799684525,0.05130475386977196,False,2000,ok
single,hl60,cnn(3|3),sequence_ctcf_rrbs,sequence_ctcf_dnase_rrbs,-0.04470190778374672,0.03418805077672005,False,2000,ok
single,hl60,cnn(3|3),sequence_ctcf_rrbs,sequence_ctcf_h3k4me3_rrbs,-0.06133116036653519,0.024899866431951523,False,2000,ok
single,hl60,cnn(3|3),sequence_dnase_h3k4me3,sequence_ctcf_dnase_h3k4me3,-0.07035716623067856,0.02903805300593376,False,2000,ok
single,hl60,cnn(3|3),sequence_dnase_h3k4me3,sequence_dnase_h3k4me3_rrbs,-0.12492427229881287,0.0009450763463973999,False,2000,ok
single,hl60,cnn(3|3),sequence_dnase_rrbs,sequence_ctcf_dnase_rrbs,-0.07422704994678497,0.0425109788775444,False,2000,ok
single,hl60,cnn(3|3),sequence_dnase_rrbs,sequence_dnase_h3k4me3_rrbs,-0.12462962418794632,0.029839294031262398,False,2000,ok
single,hl60,cnn(3|3),sequence_h3k4me3_rrbs,sequence_ctcf_h3k4me3_rrbs,-0.07924900203943253,0.04048435389995575,False,2000,ok
single,hl60,cnn(3|3),sequence_h3k4me3_rrbs,sequence_dnase_h3k4me3_rrbs,-0.10400929301977158,0.02194036729633808,False,2000,ok
single,hl60,cnn(3|3),sequence_ctcf_dnase_h3k4me3,all,-0.08487770706415176,0.023273814469575882,False,2000,ok
single,hl60,cnn(3|3),sequence_ctcf_dnase_rrbs,all,-0.08390311151742935,0.03996903449296951,False,2000,ok
single,hl60,cnn(3|3),sequence_ctcf_h3k4me3_rrbs,all,-0.06562747806310654,0.047939859330654144,False,2000,ok
single,hl60,cnn(3|3),sequence_dnase_h3k4me3_rrbs,all,-0.05599776655435562,0.07491782307624817,False,2000,ok
single,hl60,cnn(5|3),sequence,sequence_ctcf,-0.1889612078666687,-0.026658110320568085,True,2000,ok
single,hl60,cnn(5|3),sequence,sequence_dnase,-0.02338063344359398,0.08177817612886429,False,2000,ok
single,hl60,cnn(5|3),sequence,sequence_h3k4me3,-0.06989899277687073,0.06530789285898209,False,2000,ok
single,hl60,cnn(5|3),sequence,sequence_rrbs,-0.11665941029787064,0.007115176413208246,False,2000,ok
single,hl60,cnn(5|3),sequence_ctcf,sequence_ctcf_dnase,0.016357285901904106,0.1495855450630188,True,2000,ok
single,hl60,cnn(5|3),sequence_ctcf,sequence_ctcf_h3k4me3,0.016229158267378807,0.15345636010169983,True,2000,ok
single,hl60,cnn(5|3),sequence_ctcf,sequence_ctcf_rrbs,-0.00040218234062194824,0.1508823186159134,False,2000,ok
single,hl60,cnn(5|3),sequence_dnase,sequence_ctcf_dnase,-0.10797426104545593,0.0009622514480724931,False,2000,ok
single,hl60,cnn(5|3),sequence_dnase,sequence_dnase_h3k4me3,-0.108785480260849,0.02214885875582695,False,2000,ok
single,hl60,cnn(5|3),sequence_dnase,sequence_dnase_rrbs,-0.036937467753887177,0.03838026523590088,False,2000,ok
single,hl60,cnn(5|3),sequence_h3k4me3,sequence_ctcf_h3k4me3,-0.09706271439790726,0.04868272319436073,False,2000,ok
single,hl60,cnn(5|3),sequence_h3k4me3,sequence_dnase_h3k4me3,-0.06418256461620331,0.034713178873062134,False,2000,ok
single,hl60,cnn(5|3),sequence_h3k4me3,sequence_h3k4me3_rrbs,-0.051080211997032166,0.06178141385316849,False,2000,ok
single,hl60,cnn(5|3),sequence_rrbs,sequence_ctcf_rrbs,-0.053344789892435074,0.0871238186955452,False,2000,ok
single,hl60,cnn(5|3),sequence_rrbs,sequence_dnase_rrbs,0.012242917902767658,0.1507602483034134,True,2000,ok
single,hl60,cnn(5|3),sequence_rrbs,sequence_h3k4me3_rrbs,-0.027104360982775688,0.14390063285827637,False,2000,ok
single,hl60,cnn(5|3),sequence_ctcf_dnase,sequence_ctcf_dnase_h3k4me3,-0.03510943055152893,0.10075055807828903,False,2000,ok
single,hl60,cnn(5|3),sequence_ctcf_dnase,sequence_ctcf_dnase_rrbs,-0.06790106743574142,0.05768716335296631,False,2000,ok
single,hl60,cnn(5|3),sequence_ctcf_h3k4me3,sequence_ctcf_dnase_h3k4me3,-0.031878434121608734,0.09409185498952866,False,2000,ok
single,hl60,cnn(5|3),sequence_ctcf_h3k4me3,sequence_ctcf_h3k4me3_rrbs,-0.10021644830703735,0.07242922484874725,False,2000,ok
single,hl60,cnn(5|3),sequence_ctcf_rrbs,sequence_ctcf_dnase_rrbs,-0.054774846881628036,0.06043015420436859,False,2000,ok
single,hl60,cnn(5|3),sequence_ctcf_rrbs,sequence_ctcf_h3k4me3_rrbs,-0.08886402100324631,0.07826533168554306,False,2000,ok
single,hl60,cnn(5|3),sequence_dnase_h3k4me3,sequence_ctcf_dnase_h3k4me3,-0.027304552495479584,0.07006915658712387,False,2000,ok
single,hl60,cnn(5|3),sequence_dnase_h3k4me3,sequence_dnase_h3k4me3_rrbs,0.002915087388828397,0.12447591871023178,True,2000,ok
single,hl60,cnn(5|3),sequence_dnase_rrbs,sequence_ctcf_dnase_rrbs,-0.13758617639541626,0.01244301162660122,False,2000,ok
single,hl60,cnn(5|3),sequence_dnase_rrbs,sequence_dnase_h3k4me3_rrbs,-0.021715853363275528,0.06195654720067978,False,2000,ok
single,hl60,cnn(5|3),sequence_h3k4me3_rrbs,sequence_ctcf_h3k4me3_rrbs,-0.10628089308738708,0.022750243544578552,False,2000,ok
single,hl60,cnn(5|3),sequence_h3k4me3_rrbs,sequence_dnase_h3k4me3_rrbs,-0.020531050860881805,0.11388364434242249,False,2000,ok
single,hl60,cnn(5|3),sequence_ctcf_dnase_h3k4me3,all,-0.003853709902614355,0.103206105530262,False,2000,ok
single,hl60,cnn(5|3),sequence_ctcf_dnase_rrbs,all,0.013594563119113445,0.1631300449371338,True,2000,ok
single,hl60,cnn(5|3),sequence_ctcf_h3k4me3_rrbs,all,0.005220179446041584,0.17865173518657684,True,2000,ok
single,hl60,cnn(5|3),sequence_dnase_h3k4me3_rrbs,all,-0.02654646895825863,0.03988924250006676,False,2000,ok
single,hl60,cnn(7|3),sequence,sequence_ctcf,-0.054044537246227264,0.011834952048957348,False,2000,ok
single,hl60,cnn(7|3),sequence,sequence_dnase,-0.07501274347305298,-0.003149366471916437,True,2000,ok
single,hl60,cnn(7|3),sequence,sequence_h3k4me3,-0.09495875239372253,0.027564484626054764,False,2000,ok
single,hl60,cnn(7|3),sequence,sequence_rrbs,-0.07364409416913986,-0.00465961080044508,True,2000,ok
single,hl60,cnn(7|3),sequence_ctcf,sequence_ctcf_dnase,-0.07474219053983688,0.027951478958129883,False,2000,ok
single,hl60,cnn(7|3),sequence_ctcf,sequence_ctcf_h3k4me3,-0.0908077284693718,0.03481625020503998,False,2000,ok
single,hl60,cnn(7|3),sequence_ctcf,sequence_ctcf_rrbs,-0.09186267107725143,0.021503427997231483,False,2000,ok
single,hl60,cnn(7|3),sequence_dnase,sequence_ctcf_dnase,-0.05037280172109604,0.0448998361825943,False,2000,ok
single,hl60,cnn(7|3),sequence_dnase,sequence_dnase_h3k4me3,-0.04244251549243927,0.07217876613140106,False,2000,ok
single,hl60,cnn(7|3),sequence_dnase,sequence_dnase_rrbs,-0.08687364310026169,0.022637028247117996,False,2000,ok
single,hl60,cnn(7|3),sequence_h3k4me3,sequence_ctcf_h3k4me3,-0.10443160682916641,0.07234137505292892,False,2000,ok
single,hl60,cnn(7|3),sequence_h3k4me3,sequence_dnase_h3k4me3,-0.05702107027173042,0.07695131003856659,False,2000,ok
single,hl60,cnn(7|3),sequence_h3k4me3,sequence_h3k4me3_rrbs,-0.053226083517074585,0.06494663655757904,False,2000,ok
single,hl60,cnn(7|3),sequence_rrbs,sequence_ctcf_rrbs,-0.07114218175411224,0.04047953337430954,False,2000,ok
single,hl60,cnn(7|3),sequence_rrbs,sequence_dnase_rrbs,-0.08899702876806259,0.023065028712153435,False,2000,ok
single,hl60,cnn(7|3),sequence_rrbs,sequence_h3k4me3_rrbs,-0.04081546887755394,0.06038740649819374,False,2000,ok
single,hl60,cnn(7|3),sequence_ctcf_dnase,sequence_ctcf_dnase_h3k4me3,-0.042176924645900726,0.07271397113800049,False,2000,ok
single,hl60,cnn(7|3),sequence_ctcf_dnase,sequence_ctcf_dnase_rrbs,-0.055871181190013885,0.05388190224766731,False,2000,ok
single,hl60,cnn(7|3),sequence_ctcf_h3k4me3,sequence_ctcf_dnase_h3k4me3,-0.02242770604789257,0.06618241965770721,False,2000,ok
single,hl60,cnn(7|3),sequence_ctcf_h3k4me3,sequence_ctcf_h3k4me3_rrbs,-0.019852157682180405,0.08638205379247665,False,2000,ok
single,hl60,cnn(7|3),sequence_ctcf_rrbs,sequence_ctcf_dnase_rrbs,-0.051996298134326935,0.07353764772415161,False,2000,ok
single,hl60,cnn(7|3),sequence_ctcf_rrbs,sequence_ctcf_h3k4me3_rrbs,-0.021261515095829964,0.10484936833381653,False,2000,ok
single,hl60,cnn(7|3),sequence_dnase_h3k4me3,sequence_ctcf_dnase_h3k4me3,-0.041773196309804916,0.034786149859428406,False,2000,ok
single,hl60,cnn(7|3),sequence_dnase_h3k4me3,sequence_dnase_h3k4me3_rrbs,-0.024747315794229507,0.06422262638807297,False,2000,ok
single,hl60,cnn(7|3),sequence_dnase_rrbs,sequence_ctcf_dnase_rrbs,-0.02395588718354702,0.08327870815992355,False,2000,ok
single,hl60,cnn(7|3),sequence_dnase_rrbs,sequence_dnase_h3k4me3_rrbs,0.00571827869862318,0.1244596540927887,True,2000,ok
single,hl60,cnn(7|3),sequence_h3k4me3_rrbs,sequence_ctcf_h3k4me3_rrbs,-0.031849198043346405,0.05786174163222313,False,2000,ok
single,hl60,cnn(7|3),sequence_h3k4me3_rrbs,sequence_dnase_h3k4me3_rrbs,-0.023751651868224144,0.06545139104127884,False,2000,ok
single,hl60,cnn(7|3),sequence_ctcf_dnase_h3k4me3,all,-0.06537766754627228,0.05353686586022377,False,2000,ok
single,hl60,cnn(7|3),sequence_ctcf_dnase_rrbs,all,-0.04820772260427475,0.07067824900150299,False,2000,ok
single,hl60,cnn(7|3),sequence_ctcf_h3k4me3_rrbs,all,-0.06957851350307465,0.0363428071141243,False,2000,ok
single,hl60,cnn(7|3),sequence_dnase_h3k4me3_rrbs,all,-0.07316279411315918,0.020999234169721603,False,2000,ok
single,hl60,linear,sequence,sequence_ctcf,-0.05364048480987549,0.014061535708606243,False,2000,ok
single,hl60,linear,sequence,sequence_dnase,-0.0004803672491107136,0.00490111717954278,False,2000,ok
single,hl60,linear,sequence,sequence_rrbs,-0.0314616821706295,0.017934728413820267,False,2000,ok
single,hl60,linear,sequence_ctcf,sequence_ctcf_dnase,-0.000393761700252071,0.003619407070800662,False,2000,ok
single,hl60,linear,sequence_ctcf,sequence_ctcf_h3k4me3,-0.048657916486263275,0.02086910419166088,False,2000,ok
single,hl60,linear,sequence_ctcf,sequence_ctcf_rrbs,-0.036894746124744415,0.012339940294623375,False,2000,ok
single,hl60,linear,sequence_dnase,sequence_ctcf_dnase,-0.05361494421958923,0.012772959657013416,False,2000,ok
single,hl60,linear,sequence_dnase,sequence_dnase_rrbs,-0.03210916370153427,0.01660143956542015,False,2000,ok
single,hl60,linear,sequence_rrbs,sequence_ctcf_rrbs,-0.05817751958966255,0.007695586886256933,False,2000,ok
single,hl60,linear,sequence_rrbs,sequence_dnase_rrbs,-0.00203873822465539,0.0030517266131937504,False,2000,ok
single,hl60,linear,sequence_rrbs,sequence_h3k4me3_rrbs,-0.040347371250391006,0.02403588406741619,False,2000,ok
single,hl60,linear,sequence_ctcf_dnase,sequence_ctcf_dnase_rrbs,-0.03631181642413139,0.012977267615497112,False,2000,ok
single,hl60,linear,sequence_ctcf_rrbs,sequence_ctcf_dnase_rrbs,-0.00038719773874618113,0.005296395625919104,False,2000,ok
single,hl60,linear,sequence_dnase_rrbs,sequence_ctcf_dnase_rrbs,-0.05676685646176338,0.010044905357062817,False,2000,ok
single,hl60,mlp,sequence,sequence_ctcf,-0.02667679265141487,0.025915328413248062,False,2000,ok
single,hl60,mlp,sequence,sequence_dnase,-0.022346043959259987,0.021448809653520584,False,2000,ok
single,hl60,mlp,sequence,sequence_h3k4me3,-0.023223260417580605,0.037362679839134216,False,2000,ok
single,hl60,mlp,sequence,sequence_rrbs,-0.011283129453659058,0.027610819786787033,False,2000,ok
single,hl60,mlp,sequence_ctcf,sequence_ctcf_dnase,-0.18455208837985992,-0.04131481051445007,True,2000,ok
single,hl60,mlp,sequence_ctcf,sequence_ctcf_h3k4me3,-0.06360434740781784,0.010073311626911163,False,2000,ok
single,hl60,mlp,sequence_ctcf,sequence_ctcf_rrbs,-0.00996713899075985,0.028752287849783897,False,2000,ok
single,hl60,mlp,sequence_dnase,sequence_ctcf_dnase,-0.19538824260234833,-0.034944284707307816,True,2000,ok
single,hl60,mlp,sequence_dnase,sequence_dnase_h3k4me3,-0.027123574167490005,0.01537785492837429,False,2000,ok
single,hl60,mlp,sequence_dnase,sequence_dnase_rrbs,-0.0159619003534317,0.018809819594025612,False,2000,ok
single,hl60,mlp,sequence_h3k4me3,sequence_ctcf_h3k4me3,-0.07448992878198624,0.0028679699171334505,False,2000,ok
single,hl60,mlp,sequence_h3k4me3,sequence_dnase_h3k4me3,-0.03809666633605957,0.011054808273911476,False,2000,ok
single,hl60,mlp,sequence_h3k4me3,sequence_h3k4me3_rrbs,-0.013831024058163166,0.017085744068026543,False,2000,ok
single,hl60,mlp,sequence_rrbs,sequence_ctcf_rrbs,-0.026819366961717606,0.026915235444903374,False,2000,ok
single,hl60,mlp,sequence_rrbs,sequence_dnase_rrbs,-0.03105069324374199,0.01650293543934822,False,2000,ok
single,hl60,mlp,sequence_rrbs,sequence_h3k4me3_rrbs,-0.025702744722366333,0.028269600123167038,False,2000,ok
single,hl60,mlp,sequence_ctcf_dnase,sequence_ctcf_dnase_h3k4me3,0.01826007291674614,0.16227436065673828,True,2000,ok
single,hl60,mlp,sequence_ctcf_dnase,sequence_ctcf_dnase_rrbs,0.013604871928691864,0.17120638489723206,True,2000,ok
single,hl60,mlp,sequence_ctcf_h3k4me3,sequence_ctcf_dnase_h3k4me3,-0.022811107337474823,0.03671291843056679,False,2000,ok
single,hl60,mlp,sequence_ctcf_h3k4me3,sequence_ctcf_h3k4me3_rrbs,-0.03430405259132385,0.020136935636401176,False,2000,ok
single,hl60,mlp,sequence_ctcf_rrbs,sequence_ctcf_dnase_rrbs,-0.06418514996767044,0.00479380926117301,False,2000,ok
single,hl60,mlp,sequence_ctcf_rrbs,sequence_ctcf_h3k4me3_rrbs,-0.0808965414762497,-0.005540916230529547,True,2000,ok
single,hl60,mlp,sequence_dnase_h3k4me3,sequence_ctcf_dnase_h3k4me3,-0.04844960570335388,0.016390036791563034,False,2000,ok
single,hl60,mlp,sequence_dnase_h3k4me3,sequence_dnase_h3k4me3_rrbs,-0.022802619263529778,0.020140063017606735,False,2000,ok
single,hl60,mlp,sequence_dnase_rrbs,sequence_ctcf_dnase_rrbs,-0.057723045349121094,0.009411240927875042,False,2000,ok
single,hl60,mlp,sequence_dnase_rrbs,sequence_dnase_h3k4me3_rrbs,-0.03138873726129532,0.015618950128555298,False,2000,ok
single,hl60,mlp,sequence_h3k4me3_rrbs,sequence_ctcf_h3k4me3_rrbs,-0.08448833227157593,-0.004478968679904938,True,2000,ok
single,hl60,mlp,sequence_h3k4me3_rrbs,sequence_dnase_h3k4me3_rrbs,-0.03801880031824112,0.0021715282928198576,False,2000,ok
single,hl60,mlp,sequence_ctcf_dnase_h3k4me3,all,-0.09535028040409088,0.029001247137784958,False,2000,ok
single,hl60,mlp,sequence_ctcf_dnase_rrbs,all,-0.0994131863117218,0.03566848114132881,False,2000,ok
single,hl60,mlp,sequence_ctcf_h3k4me3_rrbs,all,-0.08387460559606552,0.043945882469415665,False,2000,ok
single,hl60,mlp,sequence_dnase_h3k4me3_rrbs,all,-0.1109125092625618,0.01581832394003868,False,2000,ok
single,hl60,transformer,sequence,sequence_ctcf,-0.12155842781066895,0.004254786763340235,False,2000,ok
single,hl60,transformer,sequence,sequence_dnase,-0.0225930567830801,0.03740885108709335,False,2000,ok
single,hl60,transformer,sequence,sequence_h3k4me3,-0.042957499623298645,0.03973757475614548,False,2000,ok
single,hl60,transformer,sequence,sequence_rrbs,-0.03961209952831268,0.023373227566480637,False,2000,ok
single,hl60,transformer,sequence_ctcf,sequence_ctcf_dnase,-0.012284675613045692,0.11673575639724731,False,2000,ok
single,hl60,transformer,sequence_ctcf,sequence_ctcf_h3k4me3,-0.006210905499756336,0.04870782792568207,False,2000,ok
single,hl60,transformer,sequence_ctcf,sequence_ctcf_rrbs,-0.003019440220668912,0.04684692621231079,False,2000,ok
single,hl60,transformer,sequence_dnase,sequence_ctcf_dnase,-0.05335143953561783,0.030017081648111343,False,2000,ok
single,hl60,transformer,sequence_dnase,sequence_dnase_h3k4me3,-0.03314778953790665,0.04723173379898071,False,2000,ok
single,hl60,transformer,sequence_dnase,sequence_dnase_rrbs,-0.008861432783305645,0.012605451047420502,False,2000,ok
single,hl60,transformer,sequence_h3k4me3,sequence_ctcf_h3k4me3,-0.08789710700511932,0.01614896021783352,False,2000,ok
single,hl60,transformer,sequence_h3k4me3,sequence_dnase_h3k4me3,-0.028266604989767075,0.057940974831581116,False,2000,ok
single,hl60,transformer,sequence_h3k4me3,sequence_h3k4me3_rrbs,-0.05433120205998421,0.030305352061986923,False,2000,ok
single,hl60,transformer,sequence_rrbs,sequence_ctcf_rrbs,-0.0803985595703125,0.021111486479640007,False,2000,ok
single,hl60,transformer,sequence_rrbs,sequence_dnase_rrbs,-0.018332216888666153,0.04863108694553375,False,2000,ok
single,hl60,transformer,sequence_rrbs,sequence_h3k4me3_rrbs,-0.051282212138175964,0.04274478554725647,False,2000,ok
single,hl60,transformer,sequence_ctcf_dnase,sequence_ctcf_dnase_h3k4me3,-0.0660739317536354,0.06233517825603485,False,2000,ok
single,hl60,transformer,sequence_ctcf_dnase,sequence_ctcf_dnase_rrbs,-0.03353258594870567,0.029921259731054306,False,2000,ok
single,hl60,transformer,sequence_ctcf_h3k4me3,sequence_ctcf_dnase_h3k4me3,0.001772685325704515,0.06319565325975418,True,2000,ok
single,hl60,transformer,sequence_ctcf_h3k4me3,sequence_ctcf_h3k4me3_rrbs,-0.009672786109149456,0.039859507232904434,False,2000,ok
single,hl60,transformer,sequence_ctcf_rrbs,sequence_ctcf_dnase_rrbs,-0.016464242711663246,0.07635632902383804,False,2000,ok
single,hl60,transformer,sequence_ctcf_rrbs,sequence_ctcf_h3k4me3_rrbs,-0.015405738726258278,0.043321214616298676,False,2000,ok
single,hl60,transformer,sequence_dnase_h3k4me3,sequence_ctcf_dnase_h3k4me3,-0.05386487394571304,0.015042548067867756,False,2000,ok
single,hl60,transformer,sequence_dnase_h3k4me3,sequence_dnase_h3k4me3_rrbs,-0.023107370361685753,0.01869111694395542,False,2000,ok
single,hl60,transformer,sequence_dnase_rrbs,sequence_ctcf_dnase_rrbs,-0.04634379595518112,0.017762092873454094,False,2000,ok
single,hl60,transformer,sequence_dnase_rrbs,sequence_dnase_h3k4me3_rrbs,-0.04090966284275055,0.04691257327795029,False,2000,ok
single,hl60,transformer,sequence_h3k4me3_rrbs,sequence_ctcf_h3k4me3_rrbs,-0.03982895612716675,0.022084137424826622,False,2000,ok
single,hl60,transformer,sequence_h3k4me3_rrbs,sequence_dnase_h3k4me3_rrbs,-0.0025892152916640043,0.05407632514834404,False,2000,ok
single,hl60,transformer,sequence_ctcf_dnase_h3k4me3,all,-0.04325835406780243,0.006796036846935749,False,2000,ok
single,hl60,transformer,sequence_ctcf_dnase_rrbs,all,-0.0713953971862793,0.037998829036951065,False,2000,ok
single,hl60,transformer,sequence_ctcf_h3k4me3_rrbs,all,-0.032551463693380356,0.03303360939025879,False,2000,ok
single,hl60,transformer,sequence_dnase_h3k4me3_rrbs,all,-0.07745558023452759,0.00406039971858263,False,2000,ok
single,hl60,xgboost,sequence,sequence_ctcf,-0.03892397880554199,0.008378053084015846,False,2000,ok
single,hl60,xgboost,sequence,sequence_dnase,-0.02920420840382576,-0.00023574828810524195,True,2000,ok
single,hl60,xgboost,sequence,sequence_h3k4me3,-0.013086700811982155,0.021089809015393257,False,2000,ok
single,hl60,xgboost,sequence,sequence_rrbs,-0.03559129312634468,0.0059499116614460945,False,2000,ok
single,hl60,xgboost,sequence_ctcf,sequence_ctcf_dnase,-0.012399619445204735,0.024381546303629875,False,2000,ok
single,hl60,xgboost,sequence_ctcf,sequence_ctcf_h3k4me3,-0.002780561102554202,0.03643173351883888,False,2000,ok
single,hl60,xgboost,sequence_ctcf,sequence_ctcf_rrbs,-0.018349116668105125,0.04182469844818115,False,2000,ok
single,hl60,xgboost,sequence_dnase,sequence_ctcf_dnase,-0.018782617524266243,0.029596801847219467,False,2000,ok
single,hl60,xgboost,sequence_dnase,sequence_dnase_h3k4me3,-0.008889550343155861,0.03770311176776886,False,2000,ok
single,hl60,xgboost,sequence_dnase,sequence_dnase_rrbs,-0.015291454270482063,0.02934308722615242,False,2000,ok
single,hl60,xgboost,sequence_h3k4me3,sequence_ctcf_h3k4me3,-0.024455668404698372,0.0207352451980114,False,2000,ok
single,hl60,xgboost,sequence_h3k4me3,sequence_dnase_h3k4me3,-0.02546761929988861,0.014341427013278008,False,2000,ok
single,hl60,xgboost,sequence_h3k4me3,sequence_h3k4me3_rrbs,-0.032088231295347214,0.008103151805698872,False,2000,ok
single,hl60,xgboost,sequence_rrbs,sequence_ctcf_rrbs,-0.018042437732219696,0.04125475510954857,False,2000,ok
single,hl60,xgboost,sequence_rrbs,sequence_dnase_rrbs,-0.006657144520431757,0.020478900521993637,False,2000,ok
single,hl60,xgboost,sequence_rrbs,sequence_h3k4me3_rrbs,-0.019464192911982536,0.03270161896944046,False,2000,ok
single,hl60,xgboost,sequence_ctcf_dnase,sequence_ctcf_dnase_h3k4me3,-0.011046921834349632,0.02276720479130745,False,2000,ok
single,hl60,xgboost,sequence_ctcf_dnase,sequence_ctcf_dnase_rrbs,-0.02402929589152336,0.014444062486290932,False,2000,ok
single,hl60,xgboost,sequence_ctcf_h3k4me3,sequence_ctcf_dnase_h3k4me3,-0.021919934079051018,0.012856192886829376,False,2000,ok
single,hl60,xgboost,sequence_ctcf_h3k4me3,sequence_ctcf_h3k4me3_rrbs,-0.020374376326799393,0.025572678074240685,False,2000,ok
single,hl60,xgboost,sequence_ctcf_rrbs,sequence_ctcf_dnase_rrbs,-0.03398534655570984,0.01277035754173994,False,2000,ok
single,hl60,xgboost,sequence_ctcf_rrbs,sequence_ctcf_h3k4me3_rrbs,-0.012868436984717846,0.026204217225313187,False,2000,ok
single,hl60,xgboost,sequence_dnase_h3k4me3,sequence_ctcf_dnase_h3k4me3,-0.023469049483537674,0.01901581510901451,False,2000,ok
single,hl60,xgboost,sequence_dnase_h3k4me3,sequence_dnase_h3k4me3_rrbs,-0.016483353450894356,0.03038579598069191,False,2000,ok
single,hl60,xgboost,sequence_dnase_rrbs,sequence_ctcf_dnase_rrbs,-0.02596544846892357,0.017340701073408127,False,2000,ok
single,hl60,xgboost,sequence_dnase_rrbs,sequence_dnase_h3k4me3_rrbs,-0.010190032422542572,0.03756602853536606,False,2000,ok
single,hl60,xgboost,sequence_h3k4me3_rrbs,sequence_ctcf_h3k4me3_rrbs,-0.014337497763335705,0.040287815034389496,False,2000,ok
single,hl60,xgboost,sequence_h3k4me3_rrbs,sequence_dnase_h3k4me3_rrbs,-0.0052770585753023624,0.03474672511219978,False,2000,ok
single,hl60,xgboost,sequence_ctcf_dnase_h3k4me3,all,-0.04280206188559532,0.004964119289070368,False,2000,ok
single,hl60,xgboost,sequence_ctcf_dnase_rrbs,all,-0.03598349913954735,0.016604609787464142,False,2000,ok
single,hl60,xgboost,sequence_ctcf_h3k4me3_rrbs,all,-0.05169457197189331,-0.0009857683908194304,True,2000,ok
single,hl60,xgboost,sequence_dnase_h3k4me3_rrbs,all,-0.05945296958088875,0.002870370401069522,False,2000,ok
