motif_id,model_source,model_variant,attribution_method,split_type,environment,sequence,consensus,iupac,human_pattern,regex,length,position_start,position_end,position_mean,position_std,position_distribution,preferred_position,region,support_count,sample_support,cellline_support,seed_support,mean_effect,effect_direction,direction_source,attribution_snr,enrichment,odds_ratio,p_value,FDR,stability,model_consistency,cellline_consistency,evidence_strength,status,warning
motif_cnn33_hela_sequence_cnn_ig_001,cnn,cnn33,cnn_ig,all,sequence,CTGG,CTGG,CTGG,CTGG,CTGG,4,20,23,20.0,0.0,20:1273,20,Other,1273,1273,1,,-0.04613038182713122,-,carrier_vs_background_measured_efficacy,3883809777.713941,0.8702599689641344,0.8345934290668208,0.9999995461087219,0.9999999981280304,unavailable,21,4,Moderate motif evidence,ok,attribution_unsigned: direction from measured efficacy contrast
motif_cnn33_hela_all_cnn_ig_002,cnn,cnn33,cnn_ig,single,all,CTGG,CTGG,CTGG,CTGG,CTGG,4,20,23,20.0,0.0,20:1273,20,Other,1273,1273,1,,-0.04613038182713122,-,carrier_vs_background_measured_efficacy,9463243653.83426,0.8702599689641344,0.8345934290668208,0.9999995461087219,0.9999999981280304,unavailable,24,4,Moderate motif evidence,ok,attribution_unsigned: direction from measured efficacy contrast
motif_cnn53_hela_sequence_cnn_ig_003,cnn,cnn53,cnn_ig,all,sequence,CTGG,CTGG,CTGG,CTGG,CTGG,4,20,23,20.0,0.0,20:1273,20,Other,1273,1273,1,,-0.04613038182713122,-,carrier_vs_background_measured_efficacy,2282713548.771617,0.8702599689641344,0.8345934290668208,0.9999995461087219,0.9999999981280304,unavailable,21,4,Moderate motif evidence,ok,attribution_unsigned: direction from measured efficacy contrast
motif_cnn73_hela_all_cnn_ig_004,cnn,cnn73,cnn_ig,all,all,CTGG,CTGG,CTGG,CTGG,CTGG,4,20,23,20.0,0.0,20:1273,20,Other,1273,1273,1,,-0.04613038182713122,-,carrier_vs_background_measured_efficacy,2246795814.1440735,0.8702599689641344,0.8345934290668208,0.9999995461087219,0.9999999981280304,unavailable,24,4,Moderate motif evidence,ok,attribution_unsigned: direction from measured efficacy contrast
motif_cnn73_hela_sequence_cnn_ig_005,cnn,cnn73,cnn_ig,all,sequence,CTGG,CTGG,CTGG,CTGG,CTGG,4,20,23,20.0,0.0,20:1273,20,Other,1273,1273,1,,-0.04613038182713122,-,carrier_vs_background_measured_efficacy,1725030218.9495418,0.8702599689641344,0.8345934290668208,0.9999995461087219,0.9999999981280304,unavailable,21,4,Moderate motif evidence,ok,attribution_unsigned: direction from measured efficacy contrast
motif_cnn73_hela_all_cnn_ig_006,cnn,cnn73,cnn_ig,single,all,CTGG,CTGG,CTGG,CTGG,CTGG,4,20,23,20.0,0.0,20:1273,20,Other,1273,1273,1,,-0.04613038182713122,-,carrier_vs_background_measured_efficacy,11075049646.9797,0.8702599689641344,0.8345934290668208,0.9999995461087219,0.9999999981280304,unavailable,24,4,Moderate motif evidence,ok,attribution_unsigned: direction from measured efficacy contrast
motif_cnn73_hela_sequence_cnn_ig_007,cnn,cnn73,cnn_ig,single,sequence,CTGG,CTGG,CTGG,CTGG,CTGG,4,20,23,20.0,0.0,20:1273,20,Other,1273,1273,1,,-0.04613038182713122,-,carrier_vs_background_measured_efficacy,16652611794.623655,0.8702599689641344,0.8345934290668208,0.9999995461087219,0.9999999981280304,unavailable,21,4,Moderate motif evidence,ok,attribution_unsigned: direction from measured efficacy contrast
motif_cnn33_hela_all_cnn_ism_008,cnn,cnn33,cnn_ism,single,all,CTGG,CTGG,CTGG,CTGG,CTGG,4,1,23,19.822580645161292,1.8282033268433184,1:11;20:1167,1;20,Other,1178,1178,1,,-0.0376370683712034,-,carrier_vs_background_measured_efficacy,16.883854332253602,0.8702599689641344,0.8345934290668208,0.9999995461087219,0.9999999981280304,unavailable,4,1,Model-specific motif,ok,attribution_unsigned: direction from measured efficacy contrast
motif_cnn33_hela_all_cnn_ig_009,cnn,cnn33,cnn_ig,all,all,CTGG,CTGG,CTGG,CTGG,CTGG,4,20,23,20.0,0.0,20:1167,20,Other,1167,1167,1,,-0.03862606337252364,-,carrier_vs_background_measured_efficacy,1944545617.8061588,0.8702599689641344,0.8345934290668208,0.9999995461087219,0.9999999981280304,unavailable,24,4,Moderate motif evidence,ok,attribution_unsigned: direction from measured efficacy contrast
motif_cnn53_hela_sequence_cnn_ig_010,cnn,cnn53,cnn_ig,single,sequence,CTGG,CTGG,CTGG,CTGG,CTGG,4,20,23,20.0,0.0,20:1167,20,Other,1167,1167,1,,-0.03862606337252364,-,carrier_vs_background_measured_efficacy,25149749842.09419,0.8702599689641344,0.8345934290668208,0.9999995461087219,0.9999999981280304,unavailable,21,4,Moderate motif evidence,ok,attribution_unsigned: direction from measured efficacy contrast
motif_cnn53_hela_all_cnn_ig_011,cnn,cnn53,cnn_ig,all,all,CTGG,CTGG,CTGG,CTGG,CTGG,4,20,23,20.0,0.0,20:1145,20,Other,1145,1145,1,,-0.045643543511925955,-,carrier_vs_background_measured_efficacy,829882441.4433646,0.8702599689641344,0.8345934290668208,0.9999995461087219,0.9999999981280304,unavailable,24,4,Moderate motif evidence,ok,attribution_unsigned: direction from measured efficacy contrast
motif_cnn33_hela_sequence_cnn_ig_012,cnn,cnn33,cnn_ig,all,sequence,CAGG,CAGG,CAGG,CAGG,CAGG,4,20,23,20.0,0.0,20:1083,20,Other,1083,1083,1,,-0.030366121537008794,-,carrier_vs_background_measured_efficacy,3969802563.9325056,0.9339983234184243,0.911485378907581,0.9958846218844343,0.9999999981280304,unavailable,23,4,Moderate motif evidence,ok,attribution_unsigned: direction from measured efficacy contrast
motif_cnn33_hela_sequence_cnn_ig_013,cnn,cnn33,cnn_ig,single,sequence,CAGG,CAGG,CAGG,CAGG,CAGG,4,20,23,20.0,0.0,20:1083,20,Other,1083,1083,1,,-0.030366121537008794,-,carrier_vs_background_measured_efficacy,8714050152.402266,0.9339983234184243,0.911485378907581,0.9958846218844343,0.9999999981280304,unavailable,23,4,Moderate motif evidence,ok,attribution_unsigned: direction from measured efficacy contrast
motif_cnn53_hela_all_cnn_ig_014,cnn,cnn53,cnn_ig,all,all,CAGG,CAGG,CAGG,CAGG,CAGG,4,20,23,20.0,0.0,20:1083,20,Other,1083,1083,1,,-0.030366121537008794,-,carrier_vs_background_measured_efficacy,1229687838.8345335,0.9339983234184243,0.911485378907581,0.9958846218844343,0.9999999981280304,unavailable,23,4,Moderate motif evidence,ok,attribution_unsigned: direction from measured efficacy contrast
motif_cnn53_hela_sequence_cnn_ig_015,cnn,cnn53,cnn_ig,all,sequence,CAGG,CAGG,CAGG,CAGG,CAGG,4,20,23,20.0,0.0,20:1083,20,Other,1083,1083,1,,-0.030366121537008794,-,carrier_vs_background_measured_efficacy,2414060165.1087146,0.9339983234184243,0.911485378907581,0.9958846218844343,0.9999999981280304,unavailable,23,4,Moderate motif evidence,ok,attribution_unsigned: direction from measured efficacy contrast
motif_cnn53_hela_all_cnn_ig_016,cnn,cnn53,cnn_ig,single,all,CAGG,CAGG,CAGG,CAGG,CAGG,4,20,23,20.0,0.0,20:1083,20,Other,1083,1083,1,,-0.030366121537008794,-,carrier_vs_background_measured_efficacy,7024552133.049587,0.9339983234184243,0.911485378907581,0.9958846218844343,0.9999999981280304,unavailable,23,4,Moderate motif evidence,ok,attribution_unsigned: direction from measured efficacy contrast
motif_cnn73_hela_all_cnn_ig_017,cnn,cnn73,cnn_ig,all,all,CAGG,CAGG,CAGG,CAGG,CAGG,4,20,23,20.0,0.0,20:1083,20,Other,1083,1083,1,,-0.030366121537008794,-,carrier_vs_background_measured_efficacy,2405413794.3307137,0.9339983234184243,0.911485378907581,0.9958846218844343,0.9999999981280304,unavailable,23,4,Moderate motif evidence,ok,attribution_unsigned: direction from measured efficacy contrast
motif_cnn73_hela_sequence_cnn_ig_018,cnn,cnn73,cnn_ig,all,sequence,CAGG,CAGG,CAGG,CAGG,CAGG,4,20,23,20.0,0.0,20:1083,20,Other,1083,1083,1,,-0.030366121537008794,-,carrier_vs_background_measured_efficacy,1365282039.2356417,0.9339983234184243,0.911485378907581,0.9958846218844343,0.9999999981280304,unavailable,23,4,Moderate motif evidence,ok,attribution_unsigned: direction from measured efficacy contrast
motif_cnn73_hela_all_cnn_ig_019,cnn,cnn73,cnn_ig,single,all,CAGG,CAGG,CAGG,CAGG,CAGG,4,20,23,20.0,0.0,20:1083,20,Other,1083,1083,1,,-0.030366121537008794,-,carrier_vs_background_measured_efficacy,12227228557.371166,0.9339983234184243,0.911485378907581,0.9958846218844343,0.9999999981280304,unavailable,23,4,Moderate motif evidence,ok,attribution_unsigned: direction from measured efficacy contrast
motif_cnn73_hela_sequence_cnn_ig_020,cnn,cnn73,cnn_ig,single,sequence,CAGG,CAGG,CAGG,CAGG,CAGG,4,20,23,20.0,0.0,20:1083,20,Other,1083,1083,1,,-0.030366121537008794,-,carrier_vs_background_measured_efficacy,16862827640.305653,0.9339983234184243,0.911485378907581,0.9958846218844343,0.9999999981280304,unavailable,23,4,Moderate motif evidence,ok,attribution_unsigned: direction from measured efficacy contrast
motif_cnn33_hela_all_cnn_ig_021,cnn,cnn33,cnn_ig,all,all,CAGG,CAGG,CAGG,CAGG,CAGG,4,20,23,20.0,0.0,20:1053,20,Other,1053,1053,1,,-0.02642683726729339,-,carrier_vs_background_measured_efficacy,2169575139.2820277,0.9339983234184243,0.911485378907581,0.9958846218844343,0.9999999981280304,unavailable,23,4,Moderate motif evidence,ok,attribution_unsigned: direction from measured efficacy contrast
motif_cnn53_hela_all_cnn_ig_022,cnn,cnn53,cnn_ig,single,all,CTGG,CTGG,CTGG,CTGG,CTGG,4,20,23,20.0,0.0,20:974,20,Other,974,974,1,,-0.038947582269858394,-,carrier_vs_background_measured_efficacy,7929855087.45128,0.8702599689641344,0.8345934290668208,0.9999995461087219,0.9999999981280304,unavailable,24,4,Moderate motif evidence,ok,attribution_unsigned: direction from measured efficacy contrast
motif_cnn33_hela_all_cnn_ism_023,cnn,cnn33,cnn_ism,single,all,CAGG,CAGG,CAGG,CAGG,CAGG,4,20,23,20.0,0.0,20:964,20,Other,964,964,1,,-0.01627001303881545,-,carrier_vs_background_measured_efficacy,12013356836.383522,0.9339983234184243,0.911485378907581,0.9958846218844343,0.9999999981280304,unavailable,2,1,Model-specific motif,ok,attribution_unsigned: direction from measured efficacy contrast
motif_cnn53_hela_sequence_cnn_ig_024,cnn,cnn53,cnn_ig,single,sequence,CAGG,CAGG,CAGG,CAGG,CAGG,4,20,23,20.0,0.0,20:964,20,Other,964,964,1,,-0.01627001303881545,-,carrier_vs_background_measured_efficacy,23165876414.4716,0.9339983234184243,0.911485378907581,0.9958846218844343,0.9999999981280304,unavailable,23,4,Moderate motif evidence,ok,attribution_unsigned: direction from measured efficacy contrast
motif_cnn33_hela_sequence_cnn_ig_025,cnn,cnn33,cnn_ig,all,sequence,GAGG,GAGG,GAGG,GAGG,GAGG,4,20,23,20.0,0.0,20:899,20,Other,899,899,1,,0.012137950426209743,+,carrier_vs_background_measured_efficacy,3506102477.937575,1.0809362039550032,1.1068326971020197,0.0029209226284590056,0.03090524587530819,unavailable,24,4,Strong motif evidence,ok,attribution_unsigned: direction from measured efficacy contrast
motif_cnn53_hela_all_cnn_ig_026,cnn,cnn53,cnn_ig,all,all,GAGG,GAGG,GAGG,GAGG,GAGG,4,20,23,20.0,0.0,20:899,20,Other,899,899,1,,0.012137950426209743,+,carrier_vs_background_measured_efficacy,1541080989.263518,1.0809362039550032,1.1068326971020197,0.0029209226284590056,0.03090524587530819,unavailable,24,4,Strong motif evidence,ok,attribution_unsigned: direction from measured efficacy contrast
motif_cnn53_hela_sequence_cnn_ig_027,cnn,cnn53,cnn_ig,all,sequence,GAGG,GAGG,GAGG,GAGG,GAGG,4,20,23,20.0,0.0,20:899,20,Other,899,899,1,,0.012137950426209743,+,carrier_vs_background_measured_efficacy,2269983592.3655086,1.0809362039550032,1.1068326971020197,0.0029209226284590056,0.03090524587530819,unavailable,24,4,Strong motif evidence,ok,attribution_unsigned: direction from measured efficacy contrast
motif_cnn73_hela_all_cnn_ig_028,cnn,cnn73,cnn_ig,all,all,GAGG,GAGG,GAGG,GAGG,GAGG,4,20,23,20.0,0.0,20:899,20,Other,899,899,1,,0.012137950426209743,+,carrier_vs_background_measured_efficacy,2742682197.020661,1.0809362039550032,1.1068326971020197,0.0029209226284590056,0.03090524587530819,unavailable,24,4,Strong motif evidence,ok,attribution_unsigned: direction from measured efficacy contrast
motif_cnn73_hela_sequence_cnn_ig_029,cnn,cnn73,cnn_ig,all,sequence,GAGG,GAGG,GAGG,GAGG,GAGG,4,20,23,20.0,0.0,20:899,20,Other,899,899,1,,0.012137950426209743,+,carrier_vs_background_measured_efficacy,1494854335.215247,1.0809362039550032,1.1068326971020197,0.0029209226284590056,0.03090524587530819,unavailable,24,4,Strong motif evidence,ok,attribution_unsigned: direction from measured efficacy contrast
motif_cnn73_hela_all_cnn_ig_030,cnn,cnn73,cnn_ig,single,all,GAGG,GAGG,GAGG,GAGG,GAGG,4,20,23,20.0,0.0,20:899,20,Other,899,899,1,,0.012137950426209743,+,carrier_vs_background_measured_efficacy,10082977338.849216,1.0809362039550032,1.1068326971020197,0.0029209226284590056,0.03090524587530819,unavailable,24,4,Strong motif evidence,ok,attribution_unsigned: direction from measured efficacy contrast
motif_cnn73_hela_sequence_cnn_ig_031,cnn,cnn73,cnn_ig,single,sequence,GAGG,GAGG,GAGG,GAGG,GAGG,4,20,23,20.0,0.0,20:899,20,Other,899,899,1,,0.012137950426209743,+,carrier_vs_background_measured_efficacy,15157720220.349834,1.0809362039550032,1.1068326971020197,0.0029209226284590056,0.03090524587530819,unavailable,24,4,Strong motif evidence,ok,attribution_unsigned: direction from measured efficacy contrast
motif_cnn33_hela_all_cnn_ig_032,cnn,cnn33,cnn_ig,all,all,AAGG,AAGG,AAGG,AAGG,AAGG,4,20,23,20.0,0.0,20:890,20,Other,890,890,1,,-0.009549614309770915,-,carrier_vs_background_measured_efficacy,2236459825.9081235,0.9830211455329801,0.9785317686427984,0.7216160884684157,0.9999999981280304,unavailable,24,4,Moderate motif evidence,ok,attribution_unsigned: direction from measured efficacy contrast
motif_cnn33_hela_sequence_cnn_ig_033,cnn,cnn33,cnn_ig,all,sequence,AAGG,AAGG,AAGG,AAGG,AAGG,4,20,23,20.0,0.0,20:890,20,Other,890,890,1,,-0.009549614309770915,-,carrier_vs_background_measured_efficacy,4070590788.614875,0.9830211455329801,0.9785317686427984,0.7216160884684157,0.9999999981280304,unavailable,24,4,Moderate motif evidence,ok,attribution_unsigned: direction from measured efficacy contrast
motif_cnn33_hela_all_cnn_ig_034,cnn,cnn33,cnn_ig,single,all,AAGG,AAGG,AAGG,AAGG,AAGG,4,20,23,20.0,0.0,20:890,20,Other,890,890,1,,-0.009549614309770915,-,carrier_vs_background_measured_efficacy,8574100337.3792925,0.9830211455329801,0.9785317686427984,0.7216160884684157,0.9999999981280304,unavailable,24,4,Moderate motif evidence,ok,attribution_unsigned: direction from measured efficacy contrast
motif_cnn53_hela_all_cnn_ig_035,cnn,cnn53,cnn_ig,all,all,AAGG,AAGG,AAGG,AAGG,AAGG,4,20,23,20.0,0.0,20:890,20,Other,890,890,1,,-0.009549614309770915,-,carrier_vs_background_measured_efficacy,1230229402.9116666,0.9830211455329801,0.9785317686427984,0.7216160884684157,0.9999999981280304,unavailable,24,4,Moderate motif evidence,ok,attribution_unsigned: direction from measured efficacy contrast
motif_cnn53_hela_sequence_cnn_ig_036,cnn,cnn53,cnn_ig,all,sequence,AAGG,AAGG,AAGG,AAGG,AAGG,4,20,23,20.0,0.0,20:890,20,Other,890,890,1,,-0.009549614309770915,-,carrier_vs_background_measured_efficacy,1817290138.3045816,0.9830211455329801,0.9785317686427984,0.7216160884684157,0.9999999981280304,unavailable,24,4,Moderate motif evidence,ok,attribution_unsigned: direction from measured efficacy contrast
motif_cnn73_hela_all_cnn_ig_037,cnn,cnn73,cnn_ig,all,all,AAGG,AAGG,AAGG,AAGG,AAGG,4,20,23,20.0,0.0,20:890,20,Other,890,890,1,,-0.009549614309770915,-,carrier_vs_background_measured_efficacy,2231756902.893451,0.9830211455329801,0.9785317686427984,0.7216160884684157,0.9999999981280304,unavailable,24,4,Moderate motif evidence,ok,attribution_unsigned: direction from measured efficacy contrast
motif_cnn73_hela_sequence_cnn_ig_038,cnn,cnn73,cnn_ig,all,sequence,AAGG,AAGG,AAGG,AAGG,AAGG,4,20,23,20.0,0.0,20:890,20,Other,890,890,1,,-0.009549614309770915,-,carrier_vs_background_measured_efficacy,1351816179.6922157,0.9830211455329801,0.9785317686427984,0.7216160884684157,0.9999999981280304,unavailable,24,4,Moderate motif evidence,ok,attribution_unsigned: direction from measured efficacy contrast
motif_cnn73_hela_all_cnn_ig_039,cnn,cnn73,cnn_ig,single,all,AAGG,AAGG,AAGG,AAGG,AAGG,4,20,23,20.0,0.0,20:890,20,Other,890,890,1,,-0.009549614309770915,-,carrier_vs_background_measured_efficacy,11120153362.50945,0.9830211455329801,0.9785317686427984,0.7216160884684157,0.9999999981280304,unavailable,24,4,Moderate motif evidence,ok,attribution_unsigned: direction from measured efficacy contrast
motif_cnn73_hela_sequence_cnn_ig_040,cnn,cnn73,cnn_ig,single,sequence,AAGG,AAGG,AAGG,AAGG,AAGG,4,20,23,20.0,0.0,20:890,20,Other,890,890,1,,-0.009549614309770915,-,carrier_vs_background_measured_efficacy,15626641216.75905,0.9830211455329801,0.9785317686427984,0.7216160884684157,0.9999999981280304,unavailable,24,4,Moderate motif evidence,ok,attribution_unsigned: direction from measured efficacy contrast
motif_cnn33_hela_all_cnn_ism_041,cnn,cnn33,cnn_ism,single,all,AAGG,AAGG,AAGG,AAGG,AAGG,4,20,23,20.0,0.0,20:835,20,Other,835,835,1,,-0.0010981735348663535,-,carrier_vs_background_measured_efficacy,11027890994.834421,0.9830211455329801,0.9785317686427984,0.7216160884684157,0.9999999981280304,unavailable,3,1,Model-specific motif,ok,attribution_unsigned: direction from measured efficacy contrast
motif_cnn53_hela_sequence_cnn_ig_042,cnn,cnn53,cnn_ig,single,sequence,AAGG,AAGG,AAGG,AAGG,AAGG,4,20,23,20.0,0.0,20:835,20,Other,835,835,1,,-0.0010981735348663535,-,carrier_vs_background_measured_efficacy,20892823483.639668,0.9830211455329801,0.9785317686427984,0.7216160884684157,0.9999999981280304,unavailable,24,4,Moderate motif evidence,ok,attribution_unsigned: direction from measured efficacy contrast
motif_cnn53_hela_all_cnn_ig_043,cnn,cnn53,cnn_ig,single,all,AAGG,AAGG,AAGG,AAGG,AAGG,4,20,23,20.0,0.0,20:818,20,Other,818,818,1,,0.0011577443882482275,+,carrier_vs_background_measured_efficacy,4607106140.277301,0.9830211455329801,0.9785317686427984,0.7216160884684157,0.9999999981280304,unavailable,24,4,Moderate motif evidence,ok,attribution_unsigned: direction from measured efficacy contrast
motif_cnn33_hela_sequence_cnn_ig_044,cnn,cnn33,cnn_ig,all,sequence,ATGG,ATGG,ATGG,ATGG,ATGG,4,20,23,20.0,0.0,20:789,20,Other,789,789,1,,0.010507030964566344,+,carrier_vs_background_measured_efficacy,3984591099.276563,1.0498111288645542,1.0607045679813174,0.0766084731168302,0.2590472080651578,unavailable,22,4,Moderate motif evidence,ok,attribution_unsigned: direction from measured efficacy contrast
motif_cnn53_hela_sequence_cnn_ig_045,cnn,cnn53,cnn_ig,all,sequence,ATGG,ATGG,ATGG,ATGG,ATGG,4,20,23,20.0,0.0,20:789,20,Other,789,789,1,,0.010507030964566344,+,carrier_vs_background_measured_efficacy,1685944281.948224,1.0498111288645542,1.0607045679813174,0.0766084731168302,0.2590472080651578,unavailable,22,4,Moderate motif evidence,ok,attribution_unsigned: direction from measured efficacy contrast
motif_cnn73_hela_all_cnn_ig_046,cnn,cnn73,cnn_ig,all,all,ATGG,ATGG,ATGG,ATGG,ATGG,4,20,23,20.0,0.0,20:789,20,Other,789,789,1,,0.010507030964566344,+,carrier_vs_background_measured_efficacy,2073139890.9957633,1.0498111288645542,1.0607045679813174,0.0766084731168302,0.2590472080651578,unavailable,24,4,Moderate motif evidence,ok,attribution_unsigned: direction from measured efficacy contrast
motif_cnn73_hela_sequence_cnn_ig_047,cnn,cnn73,cnn_ig,all,sequence,ATGG,ATGG,ATGG,ATGG,ATGG,4,20,23,20.0,0.0,20:789,20,Other,789,789,1,,0.010507030964566344,+,carrier_vs_background_measured_efficacy,1711564652.6993418,1.0498111288645542,1.0607045679813174,0.0766084731168302,0.2590472080651578,unavailable,22,4,Moderate motif evidence,ok,attribution_unsigned: direction from measured efficacy contrast
motif_cnn73_hela_all_cnn_ig_048,cnn,cnn73,cnn_ig,single,all,ATGG,ATGG,ATGG,ATGG,ATGG,4,20,23,20.0,0.0,20:789,20,Other,789,789,1,,0.010507030964566344,+,carrier_vs_background_measured_efficacy,9967974449.747066,1.0498111288645542,1.0607045679813174,0.0766084731168302,0.2590472080651578,unavailable,24,4,Moderate motif evidence,ok,attribution_unsigned: direction from measured efficacy contrast
motif_cnn73_hela_sequence_cnn_ig_049,cnn,cnn73,cnn_ig,single,sequence,ATGG,ATGG,ATGG,ATGG,ATGG,4,20,23,20.0,0.0,20:789,20,Other,789,789,1,,0.010507030964566344,+,carrier_vs_background_measured_efficacy,15416452123.462744,1.0498111288645542,1.0607045679813174,0.0766084731168302,0.2590472080651578,unavailable,22,4,Moderate motif evidence,ok,attribution_unsigned: direction from measured efficacy contrast
motif_cnn33_hela_all_cnn_ig_050,cnn,cnn33,cnn_ig,all,all,ATGG,ATGG,ATGG,ATGG,ATGG,4,20,23,20.0,0.0,20:774,20,Other,774,774,1,,0.01271580221488855,+,carrier_vs_background_measured_efficacy,2011429882.491297,1.0498111288645542,1.0607045679813174,0.0766084731168302,0.2590472080651578,unavailable,24,4,Moderate motif evidence,ok,attribution_unsigned: direction from measured efficacy contrast
motif_cnn73_hela_sequence_cnn_ism_051,cnn,cnn73,cnn_ism,single,sequence,CAGG,CAGG,CAGG,CAGG,CAGG,4,20,23,20.0,0.0,20:747,20,Other,747,747,1,,-0.06855113675159155,-,carrier_vs_background_measured_efficacy,8321405922.176139,0.9339983234184243,0.911485378907581,0.9958846218844343,0.9999999981280304,unavailable,5,3,Moderate motif evidence,ok,attribution_unsigned: direction from measured efficacy contrast
motif_cnn53_hela_all_cnn_ig_052,cnn,cnn53,cnn_ig,single,all,ATGG,ATGG,ATGG,ATGG,ATGG,4,20,23,20.0,0.0,20:745,20,Other,745,745,1,,0.01627796344469612,+,carrier_vs_background_measured_efficacy,5512400311.667274,1.0498111288645542,1.0607045679813174,0.0766084731168302,0.2590472080651578,unavailable,24,4,Moderate motif evidence,ok,attribution_unsigned: direction from measured efficacy contrast
motif_cnn33_hela_all_cnn_ism_053,cnn,cnn33,cnn_ism,single,all,ATGG,ATGG,ATGG,ATGG,ATGG,4,20,23,20.0,0.0,20:744,20,Other,744,744,1,,0.018508280993109583,+,carrier_vs_background_measured_efficacy,9927737173.35303,1.0498111288645542,1.0607045679813174,0.0766084731168302,0.2590472080651578,unavailable,5,2,Moderate motif evidence,ok,attribution_unsigned: direction from measured efficacy contrast
motif_cnn53_hela_sequence_cnn_ig_054,cnn,cnn53,cnn_ig,single,sequence,ATGG,ATGG,ATGG,ATGG,ATGG,4,20,23,20.0,0.0,20:744,20,Other,744,744,1,,0.018508280993109583,+,carrier_vs_background_measured_efficacy,22876792074.31517,1.0498111288645542,1.0607045679813174,0.0766084731168302,0.2590472080651578,unavailable,22,4,Moderate motif evidence,ok,attribution_unsigned: direction from measured efficacy contrast
motif_cnn33_hela_all_cnn_ig_055,cnn,cnn33,cnn_ig,single,all,ATGG,ATGG,ATGG,ATGG,ATGG,4,20,23,20.0,0.0,20:743,20,Other,743,743,1,,0.016718491376690292,+,carrier_vs_background_measured_efficacy,7370787920.627109,1.0498111288645542,1.0607045679813174,0.0766084731168302,0.2590472080651578,unavailable,24,4,Moderate motif evidence,ok,attribution_unsigned: direction from measured efficacy contrast
motif_cnn33_hela_all_cnn_ism_056,cnn,cnn33,cnn_ism,single,all,GAGG,GAGG,GAGG,GAGG,GAGG,4,20,23,20.0,0.0,20:741,20,Other,741,741,1,,0.019929075837687882,+,carrier_vs_background_measured_efficacy,8881498038.843391,1.0809362039550032,1.1068326971020197,0.0029209226284590056,0.03090524587530819,unavailable,3,1,Model-specific motif,ok,attribution_unsigned: direction from measured efficacy contrast
motif_cnn33_hela_sequence_cnn_ig_057,cnn,cnn33,cnn_ig,all,sequence,GTGG,GTGG,GTGG,GTGG,GTGG,4,20,23,20.0,0.0,20:740,20,Other,740,740,1,,0.016828345635089004,+,carrier_vs_background_measured_efficacy,3420106246.873375,1.0298658830769423,1.036047729617759,0.2010127514868136,0.46595181970088245,unavailable,22,4,Moderate motif evidence,ok,attribution_unsigned: direction from measured efficacy contrast
motif_cnn53_hela_all_cnn_ig_058,cnn,cnn53,cnn_ig,all,all,GTGG,GTGG,GTGG,GTGG,GTGG,4,20,23,20.0,0.0,20:740,20,Other,740,740,1,,0.016828345635089004,+,carrier_vs_background_measured_efficacy,1141275610.9735703,1.0298658830769423,1.036047729617759,0.2010127514868136,0.46595181970088245,unavailable,24,4,Moderate motif evidence,ok,attribution_unsigned: direction from measured efficacy contrast
motif_cnn53_hela_sequence_cnn_ig_059,cnn,cnn53,cnn_ig,all,sequence,GTGG,GTGG,GTGG,GTGG,GTGG,4,20,23,20.0,0.0,20:740,20,Other,740,740,1,,0.016828345635089004,+,carrier_vs_background_measured_efficacy,2138635990.8584445,1.0298658830769423,1.036047729617759,0.2010127514868136,0.46595181970088245,unavailable,22,4,Moderate motif evidence,ok,attribution_unsigned: direction from measured efficacy contrast
motif_cnn73_hela_all_cnn_ig_060,cnn,cnn73,cnn_ig,all,all,GTGG,GTGG,GTGG,GTGG,GTGG,4,20,23,20.0,0.0,20:740,20,Other,740,740,1,,0.016828345635089004,+,carrier_vs_background_measured_efficacy,2584065406.7495055,1.0298658830769423,1.036047729617759,0.2010127514868136,0.46595181970088245,unavailable,24,4,Moderate motif evidence,ok,attribution_unsigned: direction from measured efficacy contrast
motif_cnn73_hela_sequence_cnn_ig_061,cnn,cnn73,cnn_ig,all,sequence,GTGG,GTGG,GTGG,GTGG,GTGG,4,20,23,20.0,0.0,20:740,20,Other,740,740,1,,0.016828345635089004,+,carrier_vs_background_measured_efficacy,1854602436.829643,1.0298658830769423,1.036047729617759,0.2010127514868136,0.46595181970088245,unavailable,22,4,Moderate motif evidence,ok,attribution_unsigned: direction from measured efficacy contrast
motif_cnn73_hela_all_cnn_ig_062,cnn,cnn73,cnn_ig,single,all,GTGG,GTGG,GTGG,GTGG,GTGG,4,20,23,20.0,0.0,20:740,20,Other,740,740,1,,0.016828345635089004,+,carrier_vs_background_measured_efficacy,8930765421.723186,1.0298658830769423,1.036047729617759,0.2010127514868136,0.46595181970088245,unavailable,24,4,Moderate motif evidence,ok,attribution_unsigned: direction from measured efficacy contrast
motif_cnn73_hela_sequence_cnn_ig_063,cnn,cnn73,cnn_ig,single,sequence,GTGG,GTGG,GTGG,GTGG,GTGG,4,20,23,20.0,0.0,20:740,20,Other,740,740,1,,0.016828345635089004,+,carrier_vs_background_measured_efficacy,14947478055.54358,1.0298658830769423,1.036047729617759,0.2010127514868136,0.46595181970088245,unavailable,22,4,Moderate motif evidence,ok,attribution_unsigned: direction from measured efficacy contrast
motif_cnn53_hela_all_cnn_ig_064,cnn,cnn53,cnn_ig,all,all,ATGG,ATGG,ATGG,ATGG,ATGG,4,20,23,20.0,0.0,20:717,20,Other,717,717,1,,0.01045811749819714,+,carrier_vs_background_measured_efficacy,830424095.4535878,1.0498111288645542,1.0607045679813174,0.0766084731168302,0.2590472080651578,unavailable,24,4,Moderate motif evidence,ok,attribution_unsigned: direction from measured efficacy contrast
motif_cnn33_hela_sequence_cnn_ig_065,cnn,cnn33,cnn_ig,single,sequence,GAGG,GAGG,GAGG,GAGG,GAGG,4,20,23,20.0,0.0,20:709,20,Other,709,709,1,,0.006199161621638083,+,carrier_vs_background_measured_efficacy,3904649505.909097,1.0809362039550032,1.1068326971020197,0.0029209226284590056,0.03090524587530819,unavailable,24,4,Strong motif evidence,ok,attribution_unsigned: direction from measured efficacy contrast
motif_cnn33_hela_sequence_cnn_ig_066,cnn,cnn33,cnn_ig,single,sequence,AAGG,AAGG,AAGG,AAGG,AAGG,4,20,23,20.0,0.0,20:681,20,Other,681,681,1,,-0.0149381316295564,-,carrier_vs_background_measured_efficacy,5169663136.440424,0.9830211455329801,0.9785317686427984,0.7216160884684157,0.9999999981280304,unavailable,24,4,Moderate motif evidence,ok,attribution_unsigned: direction from measured efficacy contrast
motif_cnn53_hela_sequence_cnn_ig_067,cnn,cnn53,cnn_ig,single,sequence,GAGG,GAGG,GAGG,GAGG,GAGG,4,20,23,20.0,0.0,20:678,20,Other,678,678,1,,0.01974104148198147,+,carrier_vs_background_measured_efficacy,15385690346.913532,1.0809362039550032,1.1068326971020197,0.0029209226284590056,0.03090524587530819,unavailable,24,4,Strong motif evidence,ok,attribution_unsigned: direction from measured efficacy contrast
motif_cnn73_hela_sequence_cnn_ism_068,cnn,cnn73,cnn_ism,single,sequence,GAGG,GAGG,GAGG,GAGG,GAGG,4,20,23,20.0,0.0,20:670,20,Other,670,670,1,,-0.002884689233096427,-,carrier_vs_background_measured_efficacy,4994326980.656193,1.0809362039550032,1.1068326971020197,0.0029209226284590056,0.03090524587530819,unavailable,7,3,Strong motif evidence,ok,attribution_unsigned: direction from measured efficacy contrast
motif_cnn53_hela_all_cnn_ig_069,cnn,cnn53,cnn_ig,single,all,GAGG,GAGG,GAGG,GAGG,GAGG,4,20,23,20.0,0.0,20:657,20,Other,657,657,1,,0.01850662745086029,+,carrier_vs_background_measured_efficacy,4248507327.951896,1.0809362039550032,1.1068326971020197,0.0029209226284590056,0.03090524587530819,unavailable,24,4,Strong motif evidence,ok,attribution_unsigned: direction from measured efficacy contrast
motif_cnn33_hela_all_cnn_ig_070,cnn,cnn33,cnn_ig,all,all,GAGG,GAGG,GAGG,GAGG,GAGG,4,20,23,20.0,0.0,20:655,20,Other,655,655,1,,0.015001002026977128,+,carrier_vs_background_measured_efficacy,1421842564.01375,1.0809362039550032,1.1068326971020197,0.0029209226284590056,0.03090524587530819,unavailable,24,4,Strong motif evidence,ok,attribution_unsigned: direction from measured efficacy contrast
motif_cnn33_hela_all_cnn_ism_071,cnn,cnn33,cnn_ism,single,all,GTGG,GTGG,GTGG,GTGG,GTGG,4,20,23,20.0,0.0,20:645,20,Other,645,645,1,,0.023568298446491887,+,carrier_vs_background_measured_efficacy,7781370113.675211,1.0298658830769423,1.036047729617759,0.2010127514868136,0.46595181970088245,unavailable,5,2,Moderate motif evidence,ok,attribution_unsigned: direction from measured efficacy contrast
motif_cnn33_hct116_sequence_cnn_ig_072,cnn,cnn33,cnn_ig,all,sequence,CTGG,CTGG,CTGG,CTGG,CTGG,4,20,23,20.0,0.0,20:639,20,Other,639,639,1,,-0.04838468855525466,-,carrier_vs_background_measured_efficacy,12202032001.585962,0.8702599689641344,0.8345934290668208,0.9999995461087219,0.9999999981280304,unavailable,21,4,Moderate motif evidence,ok,attribution_unsigned: direction from measured efficacy contrast
motif_cnn33_hct116_all_cnn_ig_073,cnn,cnn33,cnn_ig,single,all,CTGG,CTGG,CTGG,CTGG,CTGG,4,20,23,20.0,0.0,20:639,20,Other,639,639,1,,-0.04838468855525466,-,carrier_vs_background_measured_efficacy,14988849521.614601,0.8702599689641344,0.8345934290668208,0.9999995461087219,0.9999999981280304,unavailable,24,4,Moderate motif evidence,ok,attribution_unsigned: direction from measured efficacy contrast
motif_cnn33_hct116_sequence_cnn_ig_074,cnn,cnn33,cnn_ig,single,sequence,CTGG,CTGG,CTGG,CTGG,CTGG,4,20,23,20.0,0.0,20:639,20,Other,639,639,1,,-0.04838468855525466,-,carrier_vs_background_measured_efficacy,9190872013.341305,0.8702599689641344,0.8345934290668208,0.9999995461087219,0.9999999981280304,unavailable,21,4,Moderate motif evidence,ok,attribution_unsigned: direction from measured efficacy contrast
motif_cnn53_hct116_all_cnn_ig_075,cnn,cnn53,cnn_ig,all,all,CTGG,CTGG,CTGG,CTGG,CTGG,4,20,23,20.0,0.0,20:639,20,Other,639,639,1,,-0.04838468855525466,-,carrier_vs_background_measured_efficacy,2376822497.656833,0.8702599689641344,0.8345934290668208,0.9999995461087219,0.9999999981280304,unavailable,24,4,Moderate motif evidence,ok,attribution_unsigned: direction from measured efficacy contrast
motif_cnn53_hct116_sequence_cnn_ig_076,cnn,cnn53,cnn_ig,all,sequence,CTGG,CTGG,CTGG,CTGG,CTGG,4,20,23,20.0,0.0,20:639,20,Other,639,639,1,,-0.04838468855525466,-,carrier_vs_background_measured_efficacy,12595331102.443895,0.8702599689641344,0.8345934290668208,0.9999995461087219,0.9999999981280304,unavailable,21,4,Moderate motif evidence,ok,attribution_unsigned: direction from measured efficacy contrast
motif_cnn53_hct116_all_cnn_ig_077,cnn,cnn53,cnn_ig,single,all,CTGG,CTGG,CTGG,CTGG,CTGG,4,20,23,20.0,0.0,20:639,20,Other,639,639,1,,-0.04838468855525466,-,carrier_vs_background_measured_efficacy,26970386554.42918,0.8702599689641344,0.8345934290668208,0.9999995461087219,0.9999999981280304,unavailable,24,4,Moderate motif evidence,ok,attribution_unsigned: direction from measured efficacy contrast
motif_cnn53_hct116_sequence_cnn_ig_078,cnn,cnn53,cnn_ig,single,sequence,CTGG,CTGG,CTGG,CTGG,CTGG,4,20,23,20.0,0.0,20:639,20,Other,639,639,1,,-0.04838468855525466,-,carrier_vs_background_measured_efficacy,4899443230.169469,0.8702599689641344,0.8345934290668208,0.9999995461087219,0.9999999981280304,unavailable,21,4,Moderate motif evidence,ok,attribution_unsigned: direction from measured efficacy contrast
motif_cnn73_hct116_all_cnn_ig_079,cnn,cnn73,cnn_ig,all,all,CTGG,CTGG,CTGG,CTGG,CTGG,4,20,23,20.0,0.0,20:639,20,Other,639,639,1,,-0.04838468855525466,-,carrier_vs_background_measured_efficacy,7383804021.325559,0.8702599689641344,0.8345934290668208,0.9999995461087219,0.9999999981280304,unavailable,24,4,Moderate motif evidence,ok,attribution_unsigned: direction from measured efficacy contrast
motif_cnn73_hct116_sequence_cnn_ig_080,cnn,cnn73,cnn_ig,all,sequence,CTGG,CTGG,CTGG,CTGG,CTGG,4,20,23,20.0,0.0,20:639,20,Other,639,639,1,,-0.04838468855525466,-,carrier_vs_background_measured_efficacy,18660890259.755726,0.8702599689641344,0.8345934290668208,0.9999995461087219,0.9999999981280304,unavailable,21,4,Moderate motif evidence,ok,attribution_unsigned: direction from measured efficacy contrast
motif_cnn73_hct116_all_cnn_ig_081,cnn,cnn73,cnn_ig,single,all,CTGG,CTGG,CTGG,CTGG,CTGG,4,20,23,20.0,0.0,20:639,20,Other,639,639,1,,-0.04838468855525466,-,carrier_vs_background_measured_efficacy,16085248886.376987,0.8702599689641344,0.8345934290668208,0.9999995461087219,0.9999999981280304,unavailable,24,4,Moderate motif evidence,ok,attribution_unsigned: direction from measured efficacy contrast
motif_cnn73_hct116_sequence_cnn_ig_082,cnn,cnn73,cnn_ig,single,sequence,CTGG,CTGG,CTGG,CTGG,CTGG,4,20,23,20.0,0.0,20:639,20,Other,639,639,1,,-0.04838468855525466,-,carrier_vs_background_measured_efficacy,10081133988.38687,0.8702599689641344,0.8345934290668208,0.9999995461087219,0.9999999981280304,unavailable,21,4,Moderate motif evidence,ok,attribution_unsigned: direction from measured efficacy contrast
motif_cnn53_hela_all_cnn_ig_083,cnn,cnn53,cnn_ig,single,all,GTGG,GTGG,GTGG,GTGG,GTGG,4,20,23,20.0,0.0,20:627,20,Other,627,627,1,,0.02470786050693341,+,carrier_vs_background_measured_efficacy,5153810282.268063,1.0298658830769423,1.036047729617759,0.2010127514868136,0.46595181970088245,unavailable,24,4,Moderate motif evidence,ok,attribution_unsigned: direction from measured efficacy contrast
motif_cnn53_hela_sequence_cnn_ig_084,cnn,cnn53,cnn_ig,single,sequence,GTGG,GTGG,GTGG,GTGG,GTGG,4,20,23,20.0,0.0,20:627,20,Other,627,627,1,,0.02470786050693341,+,carrier_vs_background_measured_efficacy,17369765070.422203,1.0298658830769423,1.036047729617759,0.2010127514868136,0.46595181970088245,unavailable,22,4,Moderate motif evidence,ok,attribution_unsigned: direction from measured efficacy contrast
motif_cnn33_hela_sequence_cnn_ig_085,cnn,cnn33,cnn_ig,single,sequence,GTGG,GTGG,GTGG,GTGG,GTGG,4,20,23,20.0,0.0,20:618,20,Other,618,618,1,,0.019753527265355064,+,carrier_vs_background_measured_efficacy,4123862638.7521195,1.0298658830769423,1.036047729617759,0.2010127514868136,0.46595181970088245,unavailable,22,4,Moderate motif evidence,ok,attribution_unsigned: direction from measured efficacy contrast
motif_cnn33_hela_sequence_cnn_ig_086,cnn,cnn33,cnn_ig,all,sequence,AGGG,AGGG,AGGG,AGGG,AGGG,4,20,23,20.0,0.0,20:610,20,Other,610,610,1,,0.02841534327154127,+,carrier_vs_background_measured_efficacy,3780461610.100808,1.0681015439399633,1.0813451458297574,0.034221384081866424,0.20595621979545298,unavailable,11,2,Moderate motif evidence,ok,attribution_unsigned: direction from measured efficacy contrast
motif_cnn73_hela_all_cnn_ig_087,cnn,cnn73,cnn_ig,all,all,AGGG,AGGG,AGGG,AGGG,AGGG,4,20,23,20.0,0.0,20:610,20,Other,610,610,1,,0.02841534327154127,+,carrier_vs_background_measured_efficacy,1899496269.1427584,1.0681015439399633,1.0813451458297574,0.034221384081866424,0.20595621979545298,unavailable,11,2,Moderate motif evidence,ok,attribution_unsigned: direction from measured efficacy contrast
motif_cnn73_hela_sequence_cnn_ig_088,cnn,cnn73,cnn_ig,all,sequence,AGGG,AGGG,AGGG,AGGG,AGGG,4,20,23,20.0,0.0,20:610,20,Other,610,610,1,,0.02841534327154127,+,carrier_vs_background_measured_efficacy,1347274800.8401086,1.0681015439399633,1.0813451458297574,0.034221384081866424,0.20595621979545298,unavailable,11,2,Moderate motif evidence,ok,attribution_unsigned: direction from measured efficacy contrast
motif_cnn73_hela_all_cnn_ig_089,cnn,cnn73,cnn_ig,single,all,AGGG,AGGG,AGGG,AGGG,AGGG,4,20,23,20.0,0.0,20:610,20,Other,610,610,1,,0.02841534327154127,+,carrier_vs_background_measured_efficacy,9664197588.184216,1.0681015439399633,1.0813451458297574,0.034221384081866424,0.20595621979545298,unavailable,11,2,Moderate motif evidence,ok,attribution_unsigned: direction from measured efficacy contrast
motif_cnn73_hela_sequence_cnn_ig_090,cnn,cnn73,cnn_ig,single,sequence,AGGG,AGGG,AGGG,AGGG,AGGG,4,20,23,20.0,0.0,20:610,20,Other,610,610,1,,0.02841534327154127,+,carrier_vs_background_measured_efficacy,13281813726.426067,1.0681015439399633,1.0813451458297574,0.034221384081866424,0.20595621979545298,unavailable,11,2,Moderate motif evidence,ok,attribution_unsigned: direction from measured efficacy contrast
motif_cnn33_hct116_all_cnn_ig_091,cnn,cnn33,cnn_ig,all,all,CTGG,CTGG,CTGG,CTGG,CTGG,4,20,23,20.0,0.0,20:603,20,Other,603,603,1,,-0.04699820864104998,-,carrier_vs_background_measured_efficacy,4020671141.9159417,0.8702599689641344,0.8345934290668208,0.9999995461087219,0.9999999981280304,unavailable,24,4,Moderate motif evidence,ok,attribution_unsigned: direction from measured efficacy contrast
motif_cnn73_hela_sequence_cnn_ism_092,cnn,cnn73,cnn_ism,single,sequence,AAGG,AAGG,AAGG,AAGG,AAGG,4,20,23,20.0,0.0,20:595,20,Other,595,595,1,,-0.04317569136381641,-,carrier_vs_background_measured_efficacy,5171104269.085198,0.9830211455329801,0.9785317686427984,0.7216160884684157,0.9999999981280304,unavailable,6,3,Moderate motif evidence,ok,attribution_unsigned: direction from measured efficacy contrast
motif_cnn33_hct116_sequence_cnn_ism_093,cnn,cnn33,cnn_ism,single,sequence,CTGG,CTGG,CTGG,CTGG,CTGG,4,20,23,20.0,0.0,20:591,20,Other,591,591,1,,-0.041369768520973405,-,carrier_vs_background_measured_efficacy,5111707296.843376,0.8702599689641344,0.8345934290668208,0.9999995461087219,0.9999999981280304,unavailable,6,2,Moderate motif evidence,ok,attribution_unsigned: direction from measured efficacy contrast
motif_cnn33_hct116_all_cnn_ig_094,cnn,cnn33,cnn_ig,all,all,CAGG,CAGG,CAGG,CAGG,CAGG,4,20,23,20.0,0.0,20:582,20,Other,582,582,1,,-0.0332492845054595,-,carrier_vs_background_measured_efficacy,4381972223.288764,0.9339983234184243,0.911485378907581,0.9958846218844343,0.9999999981280304,unavailable,23,4,Moderate motif evidence,ok,attribution_unsigned: direction from measured efficacy contrast
motif_cnn33_hct116_sequence_cnn_ig_095,cnn,cnn33,cnn_ig,all,sequence,CAGG,CAGG,CAGG,CAGG,CAGG,4,20,23,20.0,0.0,20:582,20,Other,582,582,1,,-0.0332492845054595,-,carrier_vs_background_measured_efficacy,12239340236.79851,0.9339983234184243,0.911485378907581,0.9958846218844343,0.9999999981280304,unavailable,23,4,Moderate motif evidence,ok,attribution_unsigned: direction from measured efficacy contrast
motif_cnn33_hct116_all_cnn_ig_096,cnn,cnn33,cnn_ig,single,all,CAGG,CAGG,CAGG,CAGG,CAGG,4,20,23,20.0,0.0,20:582,20,Other,582,582,1,,-0.0332492845054595,-,carrier_vs_background_measured_efficacy,16184657462.872534,0.9339983234184243,0.911485378907581,0.9958846218844343,0.9999999981280304,unavailable,23,4,Moderate motif evidence,ok,attribution_unsigned: direction from measured efficacy contrast
motif_cnn53_hct116_all_cnn_ig_097,cnn,cnn53,cnn_ig,all,all,CAGG,CAGG,CAGG,CAGG,CAGG,4,20,23,20.0,0.0,20:582,20,Other,582,582,1,,-0.0332492845054595,-,carrier_vs_background_measured_efficacy,2317603226.4017997,0.9339983234184243,0.911485378907581,0.9958846218844343,0.9999999981280304,unavailable,23,4,Moderate motif evidence,ok,attribution_unsigned: direction from measured efficacy contrast
motif_cnn53_hct116_sequence_cnn_ig_098,cnn,cnn53,cnn_ig,all,sequence,CAGG,CAGG,CAGG,CAGG,CAGG,4,20,23,20.0,0.0,20:582,20,Other,582,582,1,,-0.0332492845054595,-,carrier_vs_background_measured_efficacy,12999338030.692549,0.9339983234184243,0.911485378907581,0.9958846218844343,0.9999999981280304,unavailable,23,4,Moderate motif evidence,ok,attribution_unsigned: direction from measured efficacy contrast
motif_cnn53_hct116_all_cnn_ig_099,cnn,cnn53,cnn_ig,single,all,CAGG,CAGG,CAGG,CAGG,CAGG,4,20,23,20.0,0.0,20:582,20,Other,582,582,1,,-0.0332492845054595,-,carrier_vs_background_measured_efficacy,26524344187.496162,0.9339983234184243,0.911485378907581,0.9958846218844343,0.9999999981280304,unavailable,23,4,Moderate motif evidence,ok,attribution_unsigned: direction from measured efficacy contrast
motif_cnn53_hct116_sequence_cnn_ig_100,cnn,cnn53,cnn_ig,single,sequence,CAGG,CAGG,CAGG,CAGG,CAGG,4,20,23,20.0,0.0,20:582,20,Other,582,582,1,,-0.0332492845054595,-,carrier_vs_background_measured_efficacy,5346361611.60921,0.9339983234184243,0.911485378907581,0.9958846218844343,0.9999999981280304,unavailable,23,4,Moderate motif evidence,ok,attribution_unsigned: direction from measured efficacy contrast
motif_cnn73_hct116_all_cnn_ig_101,cnn,cnn73,cnn_ig,all,all,CAGG,CAGG,CAGG,CAGG,CAGG,4,20,23,20.0,0.0,20:582,20,Other,582,582,1,,-0.0332492845054595,-,carrier_vs_background_measured_efficacy,7712614363.602658,0.9339983234184243,0.911485378907581,0.9958846218844343,0.9999999981280304,unavailable,23,4,Moderate motif evidence,ok,attribution_unsigned: direction from measured efficacy contrast
motif_cnn73_hct116_sequence_cnn_ig_102,cnn,cnn73,cnn_ig,all,sequence,CAGG,CAGG,CAGG,CAGG,CAGG,4,20,23,20.0,0.0,20:582,20,Other,582,582,1,,-0.0332492845054595,-,carrier_vs_background_measured_efficacy,19171512608.105927,0.9339983234184243,0.911485378907581,0.9958846218844343,0.9999999981280304,unavailable,23,4,Moderate motif evidence,ok,attribution_unsigned: direction from measured efficacy contrast
motif_cnn73_hct116_all_cnn_ig_103,cnn,cnn73,cnn_ig,single,all,CAGG,CAGG,CAGG,CAGG,CAGG,4,20,23,20.0,0.0,20:582,20,Other,582,582,1,,-0.0332492845054595,-,carrier_vs_background_measured_efficacy,19391698898.81012,0.9339983234184243,0.911485378907581,0.9958846218844343,0.9999999981280304,unavailable,23,4,Moderate motif evidence,ok,attribution_unsigned: direction from measured efficacy contrast
motif_cnn73_hct116_sequence_cnn_ig_104,cnn,cnn73,cnn_ig,single,sequence,CAGG,CAGG,CAGG,CAGG,CAGG,4,20,23,20.0,0.0,20:582,20,Other,582,582,1,,-0.0332492845054595,-,carrier_vs_background_measured_efficacy,10710568382.187845,0.9339983234184243,0.911485378907581,0.9958846218844343,0.9999999981280304,unavailable,23,4,Moderate motif evidence,ok,attribution_unsigned: direction from measured efficacy contrast
motif_cnn33_hela_all_cnn_ig_105,cnn,cnn33,cnn_ig,all,all,AGGG,AGGG,AGGG,AGGG,AGGG,4,20,23,20.0,0.0,20:558,20,Other,558,558,1,,0.03996754684132775,+,carrier_vs_background_measured_efficacy,1731818556.4363167,1.0681015439399633,1.0813451458297574,0.034221384081866424,0.20595621979545298,unavailable,11,2,Moderate motif evidence,ok,attribution_unsigned: direction from measured efficacy contrast
motif_cnn33_hela_sequence_cnn_ig_106,cnn,cnn33,cnn_ig,single,sequence,ATGG,ATGG,ATGG,ATGG,ATGG,4,20,23,20.0,0.0,20:540,20,Other,540,540,1,,0.001389735612603582,+,carrier_vs_background_measured_efficacy,5388882641.758117,1.0498111288645542,1.0607045679813174,0.0766084731168302,0.2590472080651578,unavailable,22,4,Moderate motif evidence,ok,attribution_unsigned: direction from measured efficacy contrast
motif_cnn53_hela_sequence_cnn_ig_107,cnn,cnn53,cnn_ig,single,sequence,AGGG,AGGG,AGGG,AGGG,AGGG,4,20,23,20.0,0.0,20:536,20,Other,536,536,1,,0.044867035403228894,+,carrier_vs_background_measured_efficacy,14180744357.872702,1.0681015439399633,1.0813451458297574,0.034221384081866424,0.20595621979545298,unavailable,11,3,Moderate motif evidence,ok,attribution_unsigned: direction from measured efficacy contrast
motif_cnn53_hela_sequence_cnn_ig_108,cnn,cnn53,cnn_ig,all,sequence,AGGG,AGGG,AGGG,AGGG,AGGG,4,20,23,20.0,0.0,20:520,20,Other,520,520,1,,0.033620986237705486,+,carrier_vs_background_measured_efficacy,1253882218.7979636,1.0681015439399633,1.0813451458297574,0.034221384081866424,0.20595621979545298,unavailable,11,3,Moderate motif evidence,ok,attribution_unsigned: direction from measured efficacy contrast
motif_cnn33_hela_all_cnn_ig_109,cnn,cnn33,cnn_ig,single,all,GAGG,GAGG,GAGG,GAGG,GAGG,4,20,23,20.0,0.0,20:515,20,Other,515,515,1,,0.011872964960172816,+,carrier_vs_background_measured_efficacy,5388410245.555058,1.0809362039550032,1.1068326971020197,0.0029209226284590056,0.03090524587530819,unavailable,24,4,Strong motif evidence,ok,attribution_unsigned: direction from measured efficacy contrast
motif_cnn33_hct116_all_cnn_ig_110,cnn,cnn33,cnn_ig,single,all,GAGG,GAGG,GAGG,GAGG,GAGG,4,20,23,20.0,0.0,20:487,20,Other,487,487,1,,0.021831420445912963,+,carrier_vs_background_measured_efficacy,10805409261.630672,1.0809362039550032,1.1068326971020197,0.0029209226284590056,0.03090524587530819,unavailable,24,4,Strong motif evidence,ok,attribution_unsigned: direction from measured efficacy contrast
motif_cnn53_hct116_all_cnn_ig_111,cnn,cnn53,cnn_ig,all,all,GAGG,GAGG,GAGG,GAGG,GAGG,4,20,23,20.0,0.0,20:487,20,Other,487,487,1,,0.021831420445912963,+,carrier_vs_background_measured_efficacy,2200681551.482831,1.0809362039550032,1.1068326971020197,0.0029209226284590056,0.03090524587530819,unavailable,24,4,Strong motif evidence,ok,attribution_unsigned: direction from measured efficacy contrast
motif_cnn53_hct116_sequence_cnn_ig_112,cnn,cnn53,cnn_ig,all,sequence,GAGG,GAGG,GAGG,GAGG,GAGG,4,20,23,20.0,0.0,20:487,20,Other,487,487,1,,0.021831420445912963,+,carrier_vs_background_measured_efficacy,9659890909.10424,1.0809362039550032,1.1068326971020197,0.0029209226284590056,0.03090524587530819,unavailable,24,4,Strong motif evidence,ok,attribution_unsigned: direction from measured efficacy contrast
motif_cnn53_hct116_sequence_cnn_ig_113,cnn,cnn53,cnn_ig,single,sequence,GAGG,GAGG,GAGG,GAGG,GAGG,4,20,23,20.0,0.0,20:487,20,Other,487,487,1,,0.021831420445912963,+,carrier_vs_background_measured_efficacy,4335551842.551081,1.0809362039550032,1.1068326971020197,0.0029209226284590056,0.03090524587530819,unavailable,24,4,Strong motif evidence,ok,attribution_unsigned: direction from measured efficacy contrast
motif_cnn73_hct116_all_cnn_ig_114,cnn,cnn73,cnn_ig,all,all,GAGG,GAGG,GAGG,GAGG,GAGG,4,20,23,20.0,0.0,20:487,20,Other,487,487,1,,0.021831420445912963,+,carrier_vs_background_measured_efficacy,5816245009.700199,1.0809362039550032,1.1068326971020197,0.0029209226284590056,0.03090524587530819,unavailable,24,4,Strong motif evidence,ok,attribution_unsigned: direction from measured efficacy contrast
motif_cnn73_hct116_sequence_cnn_ig_115,cnn,cnn73,cnn_ig,all,sequence,GAGG,GAGG,GAGG,GAGG,GAGG,4,20,23,20.0,0.0,20:487,20,Other,487,487,1,,0.021831420445912963,+,carrier_vs_background_measured_efficacy,15542298224.44623,1.0809362039550032,1.1068326971020197,0.0029209226284590056,0.03090524587530819,unavailable,24,4,Strong motif evidence,ok,attribution_unsigned: direction from measured efficacy contrast
motif_cnn73_hct116_all_cnn_ig_116,cnn,cnn73,cnn_ig,single,all,GAGG,GAGG,GAGG,GAGG,GAGG,4,20,23,20.0,0.0,20:487,20,Other,487,487,1,,0.021831420445912963,+,carrier_vs_background_measured_efficacy,18335415700.405518,1.0809362039550032,1.1068326971020197,0.0029209226284590056,0.03090524587530819,unavailable,24,4,Strong motif evidence,ok,attribution_unsigned: direction from measured efficacy contrast
motif_cnn73_hct116_sequence_cnn_ig_117,cnn,cnn73,cnn_ig,single,sequence,GAGG,GAGG,GAGG,GAGG,GAGG,4,20,23,20.0,0.0,20:487,20,Other,487,487,1,,0.021831420445912963,+,carrier_vs_background_measured_efficacy,10247394161.22125,1.0809362039550032,1.1068326971020197,0.0029209226284590056,0.03090524587530819,unavailable,24,4,Strong motif evidence,ok,attribution_unsigned: direction from measured efficacy contrast
motif_cnn53_hela_all_cnn_ig_118,cnn,cnn53,cnn_ig,single,all,AGGG,AGGG,AGGG,AGGG,AGGG,4,20,23,20.0,0.0,20:485,20,Other,485,485,1,,0.047818102346537494,+,carrier_vs_background_measured_efficacy,3787798190.9179196,1.0681015439399633,1.0813451458297574,0.034221384081866424,0.20595621979545298,unavailable,11,2,Moderate motif evidence,ok,attribution_unsigned: direction from measured efficacy contrast
motif_cnn33_hela_sequence_cnn_ism_119,cnn,cnn33,cnn_ism,all,sequence,GCTG,GCTG,GCTG,GCTG,GCTG,4,19,22,19.0,0.0,19:482,19,Other,482,482,1,,-0.06055019725303032,-,carrier_vs_background_measured_efficacy,655450353.7093829,0.8724290126084201,0.8510639032099993,0.9999116466016404,0.9999999981280304,unavailable,3,1,Model-specific motif,ok,attribution_unsigned: direction from measured efficacy contrast
motif_cnn53_hela_all_cnn_ig_120,cnn,cnn53,cnn_ig,all,all,GCTGG,GCTGG,GCTGG,GCTGG,GCTGG,5,19,23,19.0,0.0,19:482,19,Other,482,482,1,,-0.06055019725303032,-,carrier_vs_background_measured_efficacy,880168497.2848498,0.8009702101663002,0.7861957485035577,0.9999818685649463,0.9999999981280304,unavailable,4,1,Model-specific motif,ok,attribution_unsigned: direction from measured efficacy contrast
motif_cnn53_hela_sequence_cnn_ig_121,cnn,cnn53,cnn_ig,all,sequence,GCTGG,GCTGG,GCTGG,GCTGG,GCTGG,5,19,23,19.0,0.0,19:482,19,Other,482,482,1,,-0.06055019725303032,-,carrier_vs_background_measured_efficacy,2199234246.746068,0.8009702101663002,0.7861957485035577,0.9999818685649463,0.9999999981280304,unavailable,11,3,Moderate motif evidence,ok,attribution_unsigned: direction from measured efficacy contrast
motif_cnn73_hela_all_cnn_ig_122,cnn,cnn73,cnn_ig,all,all,GCTGG,GCTGG,GCTGG,GCTGG,GCTGG,5,19,23,19.0,0.0,19:482,19,Other,482,482,1,,-0.06055019725303032,-,carrier_vs_background_measured_efficacy,2044228982.8186564,0.8009702101663002,0.7861957485035577,0.9999818685649463,0.9999999981280304,unavailable,4,1,Model-specific motif,ok,attribution_unsigned: direction from measured efficacy contrast
motif_cnn73_hela_sequence_cnn_ig_123,cnn,cnn73,cnn_ig,all,sequence,GCTGG,GCTGG,GCTGG,GCTGG,GCTGG,5,19,23,19.0,0.0,19:482,19,Other,482,482,1,,-0.06055019725303032,-,carrier_vs_background_measured_efficacy,1514667862.4053802,0.8009702101663002,0.7861957485035577,0.9999818685649463,0.9999999981280304,unavailable,11,2,Moderate motif evidence,ok,attribution_unsigned: direction from measured efficacy contrast
motif_cnn73_hela_all_cnn_ig_124,cnn,cnn73,cnn_ig,single,all,GCTGG,GCTGG,GCTGG,GCTGG,GCTGG,5,19,23,19.0,0.0,19:482,19,Other,482,482,1,,-0.06055019725303032,-,carrier_vs_background_measured_efficacy,8918072023.92999,0.8009702101663002,0.7861957485035577,0.9999818685649463,0.9999999981280304,unavailable,4,1,Model-specific motif,ok,attribution_unsigned: direction from measured efficacy contrast
motif_cnn73_hela_sequence_cnn_ig_125,cnn,cnn73,cnn_ig,single,sequence,GCTGG,GCTGG,GCTGG,GCTGG,GCTGG,5,19,23,19.0,0.0,19:482,19,Other,482,482,1,,-0.06055019725303032,-,carrier_vs_background_measured_efficacy,13283976793.870636,0.8009702101663002,0.7861957485035577,0.9999818685649463,0.9999999981280304,unavailable,11,2,Moderate motif evidence,ok,attribution_unsigned: direction from measured efficacy contrast
motif_cnn33_hct116_sequence_cnn_ig_126,cnn,cnn33,cnn_ig,all,sequence,AAGG,AAGG,AAGG,AAGG,AAGG,4,20,23,20.0,0.0,20:460,20,Other,460,460,1,,-0.010400326907845314,-,carrier_vs_background_measured_efficacy,9769731676.594011,0.9830211455329801,0.9785317686427984,0.7216160884684157,0.9999999981280304,unavailable,24,4,Moderate motif evidence,ok,attribution_unsigned: direction from measured efficacy contrast
motif_cnn33_hct116_all_cnn_ig_127,cnn,cnn33,cnn_ig,single,all,AAGG,AAGG,AAGG,AAGG,AAGG,4,20,23,20.0,0.0,20:460,20,Other,460,460,1,,-0.010400326907845314,-,carrier_vs_background_measured_efficacy,13176413394.753038,0.9830211455329801,0.9785317686427984,0.7216160884684157,0.9999999981280304,unavailable,24,4,Moderate motif evidence,ok,attribution_unsigned: direction from measured efficacy contrast
motif_cnn33_hct116_sequence_cnn_ig_128,cnn,cnn33,cnn_ig,single,sequence,AAGG,AAGG,AAGG,AAGG,AAGG,4,20,23,20.0,0.0,20:460,20,Other,460,460,1,,-0.010400326907845314,-,carrier_vs_background_measured_efficacy,8486695886.515115,0.9830211455329801,0.9785317686427984,0.7216160884684157,0.9999999981280304,unavailable,24,4,Moderate motif evidence,ok,attribution_unsigned: direction from measured efficacy contrast
motif_cnn53_hct116_sequence_cnn_ig_129,cnn,cnn53,cnn_ig,all,sequence,AAGG,AAGG,AAGG,AAGG,AAGG,4,20,23,20.0,0.0,20:460,20,Other,460,460,1,,-0.010400326907845314,-,carrier_vs_background_measured_efficacy,8888342678.838774,0.9830211455329801,0.9785317686427984,0.7216160884684157,0.9999999981280304,unavailable,24,4,Moderate motif evidence,ok,attribution_unsigned: direction from measured efficacy contrast
motif_cnn73_hct116_all_cnn_ig_130,cnn,cnn73,cnn_ig,all,all,AAGG,AAGG,AAGG,AAGG,AAGG,4,20,23,20.0,0.0,20:460,20,Other,460,460,1,,-0.010400326907845314,-,carrier_vs_background_measured_efficacy,5721015806.0856085,0.9830211455329801,0.9785317686427984,0.7216160884684157,0.9999999981280304,unavailable,24,4,Moderate motif evidence,ok,attribution_unsigned: direction from measured efficacy contrast
motif_cnn73_hct116_sequence_cnn_ig_131,cnn,cnn73,cnn_ig,all,sequence,AAGG,AAGG,AAGG,AAGG,AAGG,4,20,23,20.0,0.0,20:460,20,Other,460,460,1,,-0.010400326907845314,-,carrier_vs_background_measured_efficacy,15716431686.62886,0.9830211455329801,0.9785317686427984,0.7216160884684157,0.9999999981280304,unavailable,24,4,Moderate motif evidence,ok,attribution_unsigned: direction from measured efficacy contrast
motif_cnn73_hct116_all_cnn_ig_132,cnn,cnn73,cnn_ig,single,all,AAGG,AAGG,AAGG,AAGG,AAGG,4,20,23,20.0,0.0,20:460,20,Other,460,460,1,,-0.010400326907845314,-,carrier_vs_background_measured_efficacy,21035326644.687347,0.9830211455329801,0.9785317686427984,0.7216160884684157,0.9999999981280304,unavailable,24,4,Moderate motif evidence,ok,attribution_unsigned: direction from measured efficacy contrast
motif_cnn73_hct116_sequence_cnn_ig_133,cnn,cnn73,cnn_ig,single,sequence,AAGG,AAGG,AAGG,AAGG,AAGG,4,20,23,20.0,0.0,20:460,20,Other,460,460,1,,-0.010400326907845314,-,carrier_vs_background_measured_efficacy,10394030234.883583,0.9830211455329801,0.9785317686427984,0.7216160884684157,0.9999999981280304,unavailable,24,4,Moderate motif evidence,ok,attribution_unsigned: direction from measured efficacy contrast
motif_cnn33_hela_all_cnn_ig_134,cnn,cnn33,cnn_ig,all,all,GTGG,GTGG,GTGG,GTGG,GTGG,4,20,23,20.0,0.0,20:458,20,Other,458,458,1,,0.017684397454139356,+,carrier_vs_background_measured_efficacy,1196812263.2233784,1.0298658830769423,1.036047729617759,0.2010127514868136,0.46595181970088245,unavailable,24,4,Moderate motif evidence,ok,attribution_unsigned: direction from measured efficacy contrast
motif_cnn53_hela_all_cnn_ig_135,cnn,cnn53,cnn_ig,all,all,AGGG,AGGG,AGGG,AGGG,AGGG,4,20,23,20.0,0.0,20:451,20,Other,451,451,1,,0.02622475443033284,+,carrier_vs_background_measured_efficacy,595154763.9413359,1.0681015439399633,1.0813451458297574,0.034221384081866424,0.20595621979545298,unavailable,11,2,Moderate motif evidence,ok,attribution_unsigned: direction from measured efficacy contrast
motif_cnn33_hct116_sequence_cnn_ig_136,cnn,cnn33,cnn_ig,all,sequence,GAGG,GAGG,GAGG,GAGG,GAGG,4,20,23,20.0,0.0,20:449,20,Other,449,449,1,,0.024082529097037397,+,carrier_vs_background_measured_efficacy,6977242722.934315,1.0809362039550032,1.1068326971020197,0.0029209226284590056,0.03090524587530819,unavailable,24,4,Strong motif evidence,ok,attribution_unsigned: direction from measured efficacy contrast
motif_cnn73_hct116_sequence_cnn_ism_137,cnn,cnn73,cnn_ism,single,sequence,CTGG,CTGG,CTGG,CTGG,CTGG,4,20,23,20.0,0.0,20:439,20,Other,439,439,1,,-0.08045720421379252,-,carrier_vs_background_measured_efficacy,5531011313.480026,0.8702599689641344,0.8345934290668208,0.9999995461087219,0.9999999981280304,unavailable,6,2,Moderate motif evidence,ok,attribution_unsigned: direction from measured efficacy contrast
motif_cnn33_hct116_sequence_cnn_ig_138,cnn,cnn33,cnn_ig,all,sequence,ATGG,ATGG,ATGG,ATGG,ATGG,4,20,23,20.0,0.0,20:436,20,Other,436,436,1,,0.00461980754023722,+,carrier_vs_background_measured_efficacy,9732427722.649473,1.0498111288645542,1.0607045679813174,0.0766084731168302,0.2590472080651578,unavailable,22,4,Moderate motif evidence,ok,attribution_unsigned: direction from measured efficacy contrast
motif_cnn33_hct116_all_cnn_ig_139,cnn,cnn33,cnn_ig,single,all,ATGG,ATGG,ATGG,ATGG,ATGG,4,20,23,20.0,0.0,20:436,20,Other,436,436,1,,0.00461980754023722,+,carrier_vs_background_measured_efficacy,11980651218.133635,1.0498111288645542,1.0607045679813174,0.0766084731168302,0.2590472080651578,unavailable,24,4,Moderate motif evidence,ok,attribution_unsigned: direction from measured efficacy contrast
motif_cnn33_hct116_sequence_cnn_ig_140,cnn,cnn33,cnn_ig,single,sequence,ATGG,ATGG,ATGG,ATGG,ATGG,4,20,23,20.0,0.0,20:436,20,Other,436,436,1,,0.00461980754023722,+,carrier_vs_background_measured_efficacy,7562296290.416259,1.0498111288645542,1.0607045679813174,0.0766084731168302,0.2590472080651578,unavailable,22,4,Moderate motif evidence,ok,attribution_unsigned: direction from measured efficacy contrast
motif_cnn53_hct116_sequence_cnn_ig_141,cnn,cnn53,cnn_ig,all,sequence,ATGG,ATGG,ATGG,ATGG,ATGG,4,20,23,20.0,0.0,20:436,20,Other,436,436,1,,0.00461980754023722,+,carrier_vs_background_measured_efficacy,8484313178.572438,1.0498111288645542,1.0607045679813174,0.0766084731168302,0.2590472080651578,unavailable,22,4,Moderate motif evidence,ok,attribution_unsigned: direction from measured efficacy contrast
motif_cnn53_hct116_all_cnn_ig_142,cnn,cnn53,cnn_ig,single,all,ATGG,ATGG,ATGG,ATGG,ATGG,4,20,23,20.0,0.0,20:436,20,Other,436,436,1,,0.00461980754023722,+,carrier_vs_background_measured_efficacy,24538557746.04699,1.0498111288645542,1.0607045679813174,0.0766084731168302,0.2590472080651578,unavailable,24,4,Moderate motif evidence,ok,attribution_unsigned: direction from measured efficacy contrast
motif_cnn73_hct116_all_cnn_ig_143,cnn,cnn73,cnn_ig,all,all,ATGG,ATGG,ATGG,ATGG,ATGG,4,20,23,20.0,0.0,20:436,20,Other,436,436,1,,0.00461980754023722,+,carrier_vs_background_measured_efficacy,5392210716.623895,1.0498111288645542,1.0607045679813174,0.0766084731168302,0.2590472080651578,unavailable,24,4,Moderate motif evidence,ok,attribution_unsigned: direction from measured efficacy contrast
motif_cnn73_hct116_sequence_cnn_ig_144,cnn,cnn73,cnn_ig,all,sequence,ATGG,ATGG,ATGG,ATGG,ATGG,4,20,23,20.0,0.0,20:436,20,Other,436,436,1,,0.00461980754023722,+,carrier_vs_background_measured_efficacy,15205930488.576273,1.0498111288645542,1.0607045679813174,0.0766084731168302,0.2590472080651578,unavailable,22,4,Moderate motif evidence,ok,attribution_unsigned: direction from measured efficacy contrast
motif_cnn73_hct116_all_cnn_ig_145,cnn,cnn73,cnn_ig,single,all,ATGG,ATGG,ATGG,ATGG,ATGG,4,20,23,20.0,0.0,20:436,20,Other,436,436,1,,0.00461980754023722,+,carrier_vs_background_measured_efficacy,17728938206.95265,1.0498111288645542,1.0607045679813174,0.0766084731168302,0.2590472080651578,unavailable,24,4,Moderate motif evidence,ok,attribution_unsigned: direction from measured efficacy contrast
motif_cnn73_hct116_sequence_cnn_ig_146,cnn,cnn73,cnn_ig,single,sequence,ATGG,ATGG,ATGG,ATGG,ATGG,4,20,23,20.0,0.0,20:436,20,Other,436,436,1,,0.00461980754023722,+,carrier_vs_background_measured_efficacy,9764613340.621096,1.0498111288645542,1.0607045679813174,0.0766084731168302,0.2590472080651578,unavailable,22,4,Moderate motif evidence,ok,attribution_unsigned: direction from measured efficacy contrast
motif_cnn33_hela_sequence_cnn_ig_147,cnn,cnn33,cnn_ig,all,sequence,GGGG,GGGG,GGGG,GGGG,GGGG,4,20,23,20.0,0.0,20:435,20,Other,435,435,1,,0.060086543457410546,+,carrier_vs_background_measured_efficacy,3215971903.11214,1.3530115085107848,1.3821871561001995,9.79551697019818e-08,3.212929566225003e-05,unavailable,1,1,Exploratory motif,ok,attribution_unsigned: direction from measured efficacy contrast
motif_cnn53_hct116_all_cnn_ig_148,cnn,cnn53,cnn_ig,all,all,AAGG,AAGG,AAGG,AAGG,AAGG,4,20,23,20.0,0.0,20:432,20,Other,432,432,1,,-0.0005259369669834424,-,carrier_vs_background_measured_efficacy,1688402841.852281,0.9830211455329801,0.9785317686427984,0.7216160884684157,0.9999999981280304,unavailable,24,4,Moderate motif evidence,ok,attribution_unsigned: direction from measured efficacy contrast
motif_cnn53_hct116_all_cnn_ig_149,cnn,cnn53,cnn_ig,single,all,AAGG,AAGG,AAGG,AAGG,AAGG,4,20,23,20.0,0.0,20:432,20,Other,432,432,1,,-0.0005259369669834424,-,carrier_vs_background_measured_efficacy,24092599070.47573,0.9830211455329801,0.9785317686427984,0.7216160884684157,0.9999999981280304,unavailable,24,4,Moderate motif evidence,ok,attribution_unsigned: direction from measured efficacy contrast
motif_cnn33_hela_all_cnn_ig_150,cnn,cnn33,cnn_ig,single,all,GTGG,GTGG,GTGG,GTGG,GTGG,4,20,23,20.0,0.0,20:429,20,Other,429,429,1,,0.014702742990903017,+,carrier_vs_background_measured_efficacy,4185108904.493958,1.0298658830769423,1.036047729617759,0.2010127514868136,0.46595181970088245,unavailable,24,4,Moderate motif evidence,ok,attribution_unsigned: direction from measured efficacy contrast
motif_cnn33_hela_sequence_cnn_ism_151,cnn,cnn33,cnn_ism,all,sequence,CCTG,CCTG,CCTG,CCTG,CCTG,4,19,22,19.0,0.0,19:427,19,Other,427,427,1,,-0.026392295403740745,-,carrier_vs_background_measured_efficacy,313247015.53566784,0.9320601055860072,0.9219834365765369,0.9639326442435359,0.9999999981280304,unavailable,2,1,Model-specific motif,ok,attribution_unsigned: direction from measured efficacy contrast
motif_cnn53_hct116_sequence_cnn_ig_152,cnn,cnn53,cnn_ig,single,sequence,AAGG,AAGG,AAGG,AAGG,AAGG,4,20,23,20.0,0.0,20:423,20,Other,423,423,1,,-6.946595330048488e-05,-,carrier_vs_background_measured_efficacy,2673541169.9033756,0.9830211455329801,0.9785317686427984,0.7216160884684157,0.9999999981280304,unavailable,24,4,Moderate motif evidence,ok,attribution_unsigned: direction from measured efficacy contrast
motif_cnn33_hct116_all_cnn_ism_153,cnn,cnn33,cnn_ism,single,all,ATGG,ATGG,ATGG,ATGG,ATGG,4,20,23,20.0,0.0,20:415,20,Other,415,415,1,,0.013835565922463655,+,carrier_vs_background_measured_efficacy,5989562099.178643,1.0498111288645542,1.0607045679813174,0.0766084731168302,0.2590472080651578,unavailable,5,2,Moderate motif evidence,ok,attribution_unsigned: direction from measured efficacy contrast
motif_cnn53_hct116_all_cnn_ig_154,cnn,cnn53,cnn_ig,all,all,ATGG,ATGG,ATGG,ATGG,ATGG,4,20,23,20.0,0.0,20:415,20,Other,415,415,1,,0.013835565922463655,+,carrier_vs_background_measured_efficacy,1747621720.8208947,1.0498111288645542,1.0607045679813174,0.0766084731168302,0.2590472080651578,unavailable,24,4,Moderate motif evidence,ok,attribution_unsigned: direction from measured efficacy contrast
motif_cnn53_hct116_all_cnn_ig_155,cnn,cnn53,cnn_ig,single,all,GAGG,GAGG,GAGG,GAGG,GAGG,4,20,23,20.0,0.0,20:401,20,Other,401,401,1,,0.025142550336878677,+,carrier_vs_background_measured_efficacy,19440769302.83173,1.0809362039550032,1.1068326971020197,0.0029209226284590056,0.03090524587530819,unavailable,24,4,Strong motif evidence,ok,attribution_unsigned: direction from measured efficacy contrast
motif_cnn53_hct116_sequence_cnn_ism_156,cnn,cnn53,cnn_ism,all,sequence,CTGG,CTGG,CTGG,CTGG,CTGG,4,20,23,20.0,0.0,20:396,20,Other,396,396,1,,-0.07453974099283317,-,carrier_vs_background_measured_efficacy,2497647852.1440024,0.8702599689641344,0.8345934290668208,0.9999995461087219,0.9999999981280304,unavailable,6,2,Moderate motif evidence,ok,attribution_unsigned: direction from measured efficacy contrast
motif_cnn73_hela_sequence_cnn_ism_157,cnn,cnn73,cnn_ism,single,sequence,GCTGG,GCTGG,GCTGG,GCTGG,GCTGG,5,19,23,19.0,0.0,19:393,19,Other,393,393,1,,-0.07493154312356243,-,carrier_vs_background_measured_efficacy,7677381709.932215,0.8009702101663002,0.7861957485035577,0.9999818685649463,0.9999999981280304,unavailable,12,2,Moderate motif evidence,ok,attribution_unsigned: direction from measured efficacy contrast
motif_cnn33_hela_sequence_cnn_ism_158,cnn,cnn33,cnn_ism,all,sequence,GCTGG,GCTGG,GCTGG,GCTGG,GCTGG,5,19,23,19.0,0.0,19:389,19,Other,389,389,1,,-0.06005415589226801,-,carrier_vs_background_measured_efficacy,407621078.1931997,0.8009702101663002,0.7861957485035577,0.9999818685649463,0.9999999981280304,unavailable,12,3,Moderate motif evidence,ok,attribution_unsigned: direction from measured efficacy contrast
motif_cnn33_hela_all_cnn_ism_159,cnn,cnn33,cnn_ism,single,all,AGAGG,AGAGG,AGAGG,AGAGG,AGAGG,5,19,23,19.0,0.0,19:383,19,Other,383,383,1,,0.01198677009044613,+,carrier_vs_background_measured_efficacy,9749357573.054283,1.0467174505454102,1.0508174078345194,0.20098323313506192,0.46595181970088245,unavailable,4,2,Moderate motif evidence,ok,attribution_unsigned: direction from measured efficacy contrast
motif_cnn33_hela_all_cnn_ism_160,cnn,cnn33,cnn_ism,single,all,ACAGG,ACAGG,ACAGG,ACAGG,ACAGG,5,19,23,19.0,0.0,19:382,19,Other,382,382,1,,-0.042465522945152684,-,carrier_vs_background_measured_efficacy,12254839999.561672,0.7893488158773473,0.77606158734038,0.9999765334306173,0.9999999981280304,unavailable,6,2,Moderate motif evidence,ok,attribution_unsigned: direction from measured efficacy contrast
motif_cnn33_hela_sequence_cnn_ig_161,cnn,cnn33,cnn_ig,single,sequence,ACAGG,ACAGG,ACAGG,ACAGG,ACAGG,5,19,23,19.0,0.0,19:382,19,Other,382,382,1,,-0.042465522945152684,-,carrier_vs_background_measured_efficacy,7484758411.162023,0.7893488158773473,0.77606158734038,0.9999765334306173,0.9999999981280304,unavailable,2,1,Model-specific motif,ok,attribution_unsigned: direction from measured efficacy contrast
motif_cnn33_hela_sequence_cnn_ig_162,cnn,cnn33,cnn_ig,single,sequence,CCGG,CCGG,CCGG,CCGG,CCGG,4,20,23,20.0,0.0,20:382,20,Other,382,382,1,,0.006545234879860473,+,carrier_vs_background_measured_efficacy,7058248167.506526,1.055273904909816,1.0634719871918288,0.09723071739637468,0.30229076119441606,unavailable,4,3,Moderate motif evidence,ok,attribution_unsigned: direction from measured efficacy contrast
motif_cnn53_hela_all_cnn_ig_163,cnn,cnn53,cnn_ig,single,all,CCGG,CCGG,CCGG,CCGG,CCGG,4,20,23,20.0,0.0,20:377,20,Other,377,377,1,,0.008378568596069003,+,carrier_vs_background_measured_efficacy,6588014925.446526,1.055273904909816,1.0634719871918288,0.09723071739637468,0.30229076119441606,unavailable,6,1,Model-specific motif,ok,attribution_unsigned: direction from measured efficacy contrast
motif_cnn33_hct116_all_cnn_ig_164,cnn,cnn33,cnn_ig,single,all,GTGG,GTGG,GTGG,GTGG,GTGG,4,20,23,20.0,0.0,20:368,20,Other,368,368,1,,0.0172458504296763,+,carrier_vs_background_measured_efficacy,9609657611.387434,1.0298658830769423,1.036047729617759,0.2010127514868136,0.46595181970088245,unavailable,24,4,Moderate motif evidence,ok,attribution_unsigned: direction from measured efficacy contrast
motif_cnn53_hct116_all_cnn_ig_165,cnn,cnn53,cnn_ig,all,all,GTGG,GTGG,GTGG,GTGG,GTGG,4,20,23,20.0,0.0,20:368,20,Other,368,368,1,,0.0172458504296763,+,carrier_vs_background_measured_efficacy,2259900796.7026463,1.0298658830769423,1.036047729617759,0.2010127514868136,0.46595181970088245,unavailable,24,4,Moderate motif evidence,ok,attribution_unsigned: direction from measured efficacy contrast
motif_cnn53_hct116_sequence_cnn_ig_166,cnn,cnn53,cnn_ig,all,sequence,GTGG,GTGG,GTGG,GTGG,GTGG,4,20,23,20.0,0.0,20:368,20,Other,368,368,1,,0.0172458504296763,+,carrier_vs_background_measured_efficacy,9255861404.32924,1.0298658830769423,1.036047729617759,0.2010127514868136,0.46595181970088245,unavailable,22,4,Moderate motif evidence,ok,attribution_unsigned: direction from measured efficacy contrast
motif_cnn53_hct116_sequence_cnn_ig_167,cnn,cnn53,cnn_ig,single,sequence,GTGG,GTGG,GTGG,GTGG,GTGG,4,20,23,20.0,0.0,20:368,20,Other,368,368,1,,0.0172458504296763,+,carrier_vs_background_measured_efficacy,3888635148.447434,1.0298658830769423,1.036047729617759,0.2010127514868136,0.46595181970088245,unavailable,22,4,Moderate motif evidence,ok,attribution_unsigned: direction from measured efficacy contrast
motif_cnn73_hct116_all_cnn_ig_168,cnn,cnn73,cnn_ig,all,all,GTGG,GTGG,GTGG,GTGG,GTGG,4,20,23,20.0,0.0,20:368,20,Other,368,368,1,,0.0172458504296763,+,carrier_vs_background_measured_efficacy,5487434951.3277645,1.0298658830769423,1.036047729617759,0.2010127514868136,0.46595181970088245,unavailable,24,4,Moderate motif evidence,ok,attribution_unsigned: direction from measured efficacy contrast
motif_cnn73_hct116_sequence_cnn_ig_169,cnn,cnn73,cnn_ig,all,sequence,GTGG,GTGG,GTGG,GTGG,GTGG,4,20,23,20.0,0.0,20:368,20,Other,368,368,1,,0.0172458504296763,+,carrier_vs_background_measured_efficacy,15031743303.46602,1.0298658830769423,1.036047729617759,0.2010127514868136,0.46595181970088245,unavailable,22,4,Moderate motif evidence,ok,attribution_unsigned: direction from measured efficacy contrast
motif_cnn73_hct116_all_cnn_ig_170,cnn,cnn73,cnn_ig,single,all,GTGG,GTGG,GTGG,GTGG,GTGG,4,20,23,20.0,0.0,20:368,20,Other,368,368,1,,0.0172458504296763,+,carrier_vs_background_measured_efficacy,15029081560.593683,1.0298658830769423,1.036047729617759,0.2010127514868136,0.46595181970088245,unavailable,24,4,Moderate motif evidence,ok,attribution_unsigned: direction from measured efficacy contrast
motif_cnn73_hct116_sequence_cnn_ig_171,cnn,cnn73,cnn_ig,single,sequence,GTGG,GTGG,GTGG,GTGG,GTGG,4,20,23,20.0,0.0,20:368,20,Other,368,368,1,,0.0172458504296763,+,carrier_vs_background_measured_efficacy,9617959467.707106,1.0298658830769423,1.036047729617759,0.2010127514868136,0.46595181970088245,unavailable,22,4,Moderate motif evidence,ok,attribution_unsigned: direction from measured efficacy contrast
motif_cnn53_hct116_sequence_cnn_ism_172,cnn,cnn53,cnn_ism,all,sequence,GAGG,GAGG,GAGG,GAGG,GAGG,4,20,23,20.0,0.0,20:367,20,Other,367,367,1,,0.015570560878684914,+,carrier_vs_background_measured_efficacy,4008269918.6896725,1.0809362039550032,1.1068326971020197,0.0029209226284590056,0.03090524587530819,unavailable,7,1,Model-specific motif,ok,attribution_unsigned: direction from measured efficacy contrast
motif_cnn33_hela_sequence_cnn_ism_173,cnn,cnn33,cnn_ism,all,sequence,ACTG,ACTG,ACTG,ACTG,ACTG,4,19,22,19.0,0.0,19:364,19,Other,364,364,1,,-0.03271105111448702,-,carrier_vs_background_measured_efficacy,651115978.4471161,0.991384103388099,0.9902897703423877,0.5872761161887599,0.9999999981280304,unavailable,1,1,Exploratory motif,ok,attribution_unsigned: direction from measured efficacy contrast
motif_cnn33_hela_sequence_cnn_ig_174,cnn,cnn33,cnn_ig,single,sequence,GCAGG,GCAGG,GCAGG,GCAGG,GCAGG,5,19,23,19.0,0.0,19:357,19,Other,357,357,1,,-0.05125861464502346,-,carrier_vs_background_measured_efficacy,6343729227.765495,0.8317681708880611,0.8200144084902654,0.9995186014131595,0.9999999981280304,unavailable,9,2,Moderate motif evidence,ok,attribution_unsigned: direction from measured efficacy contrast
motif_cnn33_hela_all_cnn_ig_175,cnn,cnn33,cnn_ig,all,all,CCGG,CCGG,CCGG,CCGG,CCGG,4,20,23,20.0,0.0,20:356,20,Other,356,356,1,,0.011475138497004267,+,carrier_vs_background_measured_efficacy,1852349916.5894165,1.055273904909816,1.0634719871918288,0.09723071739637468,0.30229076119441606,unavailable,6,3,Moderate motif evidence,ok,attribution_unsigned: direction from measured efficacy contrast
motif_cnn33_hct116_sequence_cnn_ig_176,cnn,cnn33,cnn_ig,single,sequence,GAGG,GAGG,GAGG,GAGG,GAGG,4,20,23,20.0,0.0,20:353,20,Other,353,353,1,,0.019379589831356125,+,carrier_vs_background_measured_efficacy,5630145100.792163,1.0809362039550032,1.1068326971020197,0.0029209226284590056,0.03090524587530819,unavailable,24,4,Strong motif evidence,ok,attribution_unsigned: direction from measured efficacy contrast
motif_cnn53_hct116_sequence_cnn_ism_177,cnn,cnn53,cnn_ism,all,sequence,CAGG,CAGG,CAGG,CAGG,CAGG,4,20,23,20.0,0.0,20:353,20,Other,353,353,1,,-0.07078356846273348,-,carrier_vs_background_measured_efficacy,2019176686.4930751,0.9339983234184243,0.911485378907581,0.9958846218844343,0.9999999981280304,unavailable,5,1,Model-specific motif,ok,attribution_unsigned: direction from measured efficacy contrast
motif_cnn73_hela_sequence_cnn_ism_178,cnn,cnn73,cnn_ism,single,sequence,GCTG,GCTG,GCTG,GCTG,GCTG,4,19,22,19.0,0.0,19:352,19,Other,352,352,1,,-0.06893941924078742,-,carrier_vs_background_measured_efficacy,7032327167.029184,0.8724290126084201,0.8510639032099993,0.9999116466016404,0.9999999981280304,unavailable,3,1,Model-specific motif,ok,attribution_unsigned: direction from measured efficacy contrast
motif_cnn33_hct116_all_cnn_ig_179,cnn,cnn33,cnn_ig,all,all,AAGG,AAGG,AAGG,AAGG,AAGG,4,20,23,20.0,0.0,20:348,20,Other,348,348,1,,-0.014834834616949566,-,carrier_vs_background_measured_efficacy,3034096148.136642,0.9830211455329801,0.9785317686427984,0.7216160884684157,0.9999999981280304,unavailable,24,4,Moderate motif evidence,ok,attribution_unsigned: direction from measured efficacy contrast
motif_cnn53_hela_sequence_cnn_ig_180,cnn,cnn53,cnn_ig,single,sequence,CCGG,CCGG,CCGG,CCGG,CCGG,4,20,23,20.0,0.0,20:344,20,Other,344,344,1,,0.009648911152684958,+,carrier_vs_background_measured_efficacy,17843659494.872906,1.055273904909816,1.0634719871918288,0.09723071739637468,0.30229076119441606,unavailable,4,1,Model-specific motif,ok,attribution_unsigned: direction from measured efficacy contrast
motif_cnn33_hela_all_cnn_ig_181,cnn,cnn33,cnn_ig,single,all,CCGG,CCGG,CCGG,CCGG,CCGG,4,20,23,20.0,0.0,20:340,20,Other,340,340,1,,0.0071249000673672125,+,carrier_vs_background_measured_efficacy,7493886611.645982,1.055273904909816,1.0634719871918288,0.09723071739637468,0.30229076119441606,unavailable,6,3,Moderate motif evidence,ok,attribution_unsigned: direction from measured efficacy contrast
motif_cnn73_hela_sequence_cnn_ism_182,cnn,cnn73,cnn_ism,single,sequence,CCTGG,CCTGG,CCTGG,CCTGG,CCTGG,5,19,23,19.0,0.0,19:330,19,Other,330,330,1,,-0.05688982674640064,-,carrier_vs_background_measured_efficacy,9183512505.514849,0.9054718299316332,0.89829666715883,0.966388835797844,0.9999999981280304,unavailable,13,2,Moderate motif evidence,ok,attribution_unsigned: direction from measured efficacy contrast
motif_cnn73_hela_sequence_cnn_ism_183,cnn,cnn73,cnn_ism,single,sequence,CCTG,CCTG,CCTG,CCTG,CCTG,4,19,22,19.0,0.0,19:330,19,Other,330,330,1,,-0.05688982674640064,-,carrier_vs_background_measured_efficacy,8914998998.837439,0.9320601055860072,0.9219834365765369,0.9639326442435359,0.9999999981280304,unavailable,2,1,Model-specific motif,ok,attribution_unsigned: direction from measured efficacy contrast
motif_cnn33_hct116_all_cnn_ism_184,cnn,cnn33,cnn_ism,single,all,GTGG,GTGG,GTGG,GTGG,GTGG,4,20,23,20.0,0.0,20:327,20,Other,327,327,1,,0.026875957263987782,+,carrier_vs_background_measured_efficacy,3831448343.89291,1.0298658830769423,1.036047729617759,0.2010127514868136,0.46595181970088245,unavailable,5,2,Moderate motif evidence,ok,attribution_unsigned: direction from measured efficacy contrast
motif_cnn53_hct116_all_cnn_ig_185,cnn,cnn53,cnn_ig,single,all,GTGG,GTGG,GTGG,GTGG,GTGG,4,20,23,20.0,0.0,20:327,20,Other,327,327,1,,0.026875957263987782,+,carrier_vs_background_measured_efficacy,19886742540.92514,1.0298658830769423,1.036047729617759,0.2010127514868136,0.46595181970088245,unavailable,24,4,Moderate motif evidence,ok,attribution_unsigned: direction from measured efficacy contrast
motif_cnn73_hct116_sequence_cnn_ism_186,cnn,cnn73,cnn_ism,single,sequence,CAGG,CAGG,CAGG,CAGG,CAGG,4,20,23,20.0,0.0,20:324,20,Other,324,324,1,,-0.08765861048833057,-,carrier_vs_background_measured_efficacy,4975125193.595892,0.9339983234184243,0.911485378907581,0.9958846218844343,0.9999999981280304,unavailable,5,3,Moderate motif evidence,ok,attribution_unsigned: direction from measured efficacy contrast
motif_cnn53_hct116_sequence_cnn_ig_187,cnn,cnn53,cnn_ig,single,sequence,ATGG,ATGG,ATGG,ATGG,ATGG,4,20,23,20.0,0.0,20:321,20,Other,321,321,1,,0.028101772332179975,+,carrier_vs_background_measured_efficacy,2226622593.849162,1.0498111288645542,1.0607045679813174,0.0766084731168302,0.2590472080651578,unavailable,22,4,Moderate motif evidence,ok,attribution_unsigned: direction from measured efficacy contrast
motif_cnn73_hct116_sequence_cnn_ism_188,cnn,cnn73,cnn_ism,single,sequence,GAGG,GAGG,GAGG,GAGG,GAGG,4,20,23,20.0,0.0,20:319,20,Other,319,319,1,,0.010426292020126682,+,carrier_vs_background_measured_efficacy,4123378688.2563,1.0809362039550032,1.1068326971020197,0.0029209226284590056,0.03090524587530819,unavailable,7,3,Strong motif evidence,ok,attribution_unsigned: direction from measured efficacy contrast
motif_cnn33_hct116_sequence_cnn_ig_189,cnn,cnn33,cnn_ig,all,sequence,GTGG,GTGG,GTGG,GTGG,GTGG,4,20,23,20.0,0.0,20:312,20,Other,312,312,1,,0.023131067550012818,+,carrier_vs_background_measured_efficacy,6939967817.954469,1.0298658830769423,1.036047729617759,0.2010127514868136,0.46595181970088245,unavailable,22,4,Moderate motif evidence,ok,attribution_unsigned: direction from measured efficacy contrast
motif_cnn33_hela_sequence_cnn_ism_190,cnn,cnn33,cnn_ism,all,sequence,ACTGG,ACTGG,ACTGG,ACTGG,ACTGG,5,19,23,19.0,0.0,19:311,19,Other,311,311,1,,-0.022284152643419097,-,carrier_vs_background_measured_efficacy,404153534.09435445,0.863066043281799,0.8556500929179606,0.9896377913189666,0.9999999981280304,unavailable,11,3,Moderate motif evidence,ok,attribution_unsigned: direction from measured efficacy contrast
motif_cnn33_hct116_all_cnn_ig_191,cnn,cnn33,cnn_ig,single,all,AGGG,AGGG,AGGG,AGGG,AGGG,4,20,23,20.0,0.0,20:311,20,Other,311,311,1,,0.03010319277082152,+,carrier_vs_background_measured_efficacy,8732762614.5755,1.0681015439399633,1.0813451458297574,0.034221384081866424,0.20595621979545298,unavailable,11,2,Moderate motif evidence,ok,attribution_unsigned: direction from measured efficacy contrast
motif_cnn53_hct116_sequence_cnn_ig_192,cnn,cnn53,cnn_ig,all,sequence,AGGG,AGGG,AGGG,AGGG,AGGG,4,20,23,20.0,0.0,20:311,20,Other,311,311,1,,0.03010319277082152,+,carrier_vs_background_measured_efficacy,8343728666.659409,1.0681015439399633,1.0813451458297574,0.034221384081866424,0.20595621979545298,unavailable,11,3,Moderate motif evidence,ok,attribution_unsigned: direction from measured efficacy contrast
motif_cnn73_hct116_all_cnn_ig_193,cnn,cnn73,cnn_ig,all,all,AGGG,AGGG,AGGG,AGGG,AGGG,4,20,23,20.0,0.0,20:311,20,Other,311,311,1,,0.03010319277082152,+,carrier_vs_background_measured_efficacy,5144456766.399539,1.0681015439399633,1.0813451458297574,0.034221384081866424,0.20595621979545298,unavailable,11,2,Moderate motif evidence,ok,attribution_unsigned: direction from measured efficacy contrast
motif_cnn73_hct116_sequence_cnn_ig_194,cnn,cnn73,cnn_ig,all,sequence,AGGG,AGGG,AGGG,AGGG,AGGG,4,20,23,20.0,0.0,20:311,20,Other,311,311,1,,0.03010319277082152,+,carrier_vs_background_measured_efficacy,14624606197.078993,1.0681015439399633,1.0813451458297574,0.034221384081866424,0.20595621979545298,unavailable,11,2,Moderate motif evidence,ok,attribution_unsigned: direction from measured efficacy contrast
motif_cnn73_hct116_all_cnn_ig_195,cnn,cnn73,cnn_ig,single,all,AGGG,AGGG,AGGG,AGGG,AGGG,4,20,23,20.0,0.0,20:311,20,Other,311,311,1,,0.03010319277082152,+,carrier_vs_background_measured_efficacy,16850767608.654352,1.0681015439399633,1.0813451458297574,0.034221384081866424,0.20595621979545298,unavailable,11,2,Moderate motif evidence,ok,attribution_unsigned: direction from measured efficacy contrast
motif_cnn73_hct116_sequence_cnn_ig_196,cnn,cnn73,cnn_ig,single,sequence,AGGG,AGGG,AGGG,AGGG,AGGG,4,20,23,20.0,0.0,20:311,20,Other,311,311,1,,0.03010319277082152,+,carrier_vs_background_measured_efficacy,9381013641.056284,1.0681015439399633,1.0813451458297574,0.034221384081866424,0.20595621979545298,unavailable,11,2,Moderate motif evidence,ok,attribution_unsigned: direction from measured efficacy contrast
motif_cnn53_hct116_sequence_cnn_ism_197,cnn,cnn53,cnn_ism,all,sequence,AAGG,AAGG,AAGG,AAGG,AAGG,4,20,23,20.0,0.0,20:297,20,Other,297,297,1,,-0.023528148983877062,-,carrier_vs_background_measured_efficacy,1880018369.4828339,0.9830211455329801,0.9785317686427984,0.7216160884684157,0.9999999981280304,unavailable,6,1,Model-specific motif,ok,attribution_unsigned: direction from measured efficacy contrast
motif_cnn33_hela_all_cnn_ig_198,cnn,cnn33,cnn_ig,single,all,AGAGG,AGAGG,AGAGG,AGAGG,AGAGG,5,19,23,19.0,0.0,19:296,19,Other,296,296,1,,0.017559861680781552,+,carrier_vs_background_measured_efficacy,5687397198.441093,1.0467174505454102,1.0508174078345194,0.20098323313506192,0.46595181970088245,unavailable,2,1,Model-specific motif,ok,attribution_unsigned: direction from measured efficacy contrast
motif_cnn33_hela_sequence_cnn_ism_199,cnn,cnn33,cnn_ism,all,sequence,GGTG,GGTG,GGTG,GGTG,GGTG,4,19,22,19.0,0.0,19:293,19,Other,293,293,1,,0.04200983833648675,+,carrier_vs_background_measured_efficacy,1031264779.1579496,1.0929738490473593,1.1057312152918746,0.019890558553158143,0.1631025801358968,unavailable,2,1,Model-specific motif,ok,attribution_unsigned: direction from measured efficacy contrast
motif_cnn33_hela_sequence_cnn_ism_200,cnn,cnn33,cnn_ism,all,sequence,GGTGG,GGTGG,GGTGG,GGTGG,GGTGG,5,19,23,19.0,0.0,19:293,19,Other,293,293,1,,0.04200983833648675,+,carrier_vs_background_measured_efficacy,708272541.6296109,1.1567934486433462,1.1678780135774585,0.00846908173840288,0.08051764667235202,unavailable,5,2,Moderate motif evidence,ok,attribution_unsigned: direction from measured efficacy contrast
motif_cnn53_hct116_all_cnn_ig_201,cnn,cnn53,cnn_ig,all,all,AGGG,AGGG,AGGG,AGGG,AGGG,4,20,23,20.0,0.0,20:293,20,Other,293,293,1,,0.03830693253978085,+,carrier_vs_background_measured_efficacy,1601141778.5283442,1.0681015439399633,1.0813451458297574,0.034221384081866424,0.20595621979545298,unavailable,11,2,Moderate motif evidence,ok,attribution_unsigned: direction from measured efficacy contrast
motif_cnn53_hct116_all_cnn_ig_202,cnn,cnn53,cnn_ig,single,all,AGGG,AGGG,AGGG,AGGG,AGGG,4,20,23,20.0,0.0,20:293,20,Other,293,293,1,,0.03830693253978085,+,carrier_vs_background_measured_efficacy,16642293194.983276,1.0681015439399633,1.0813451458297574,0.034221384081866424,0.20595621979545298,unavailable,11,2,Moderate motif evidence,ok,attribution_unsigned: direction from measured efficacy contrast
motif_cnn73_hela_sequence_cnn_ism_203,cnn,cnn73,cnn_ism,single,sequence,AGGG,AGGG,AGGG,AGGG,AGGG,4,14,23,19.91780821917808,0.6986176760230166,14:4;20:288,14;20,Other,292,292,1,,-0.004750332567360738,-,carrier_vs_background_measured_efficacy,9.855553204434278,1.0681015439399633,1.0813451458297574,0.034221384081866424,0.20595621979545298,unavailable,2,1,Model-specific motif,ok,attribution_unsigned: direction from measured efficacy contrast
motif_cnn33_hek293t_all_cnn_ig_204,cnn,cnn33,cnn_ig,all,all,CTGG,CTGG,CTGG,CTGG,CTGG,4,20,23,20.0,0.0,20:289,20,Other,289,289,1,,0.01965439559166121,+,carrier_vs_background_measured_efficacy,7160656529.371026,0.8702599689641344,0.8345934290668208,0.9999995461087219,0.9999999981280304,unavailable,24,4,Moderate motif evidence,ok,attribution_unsigned: direction from measured efficacy contrast
motif_cnn33_hek293t_sequence_cnn_ig_205,cnn,cnn33,cnn_ig,all,sequence,CTGG,CTGG,CTGG,CTGG,CTGG,4,20,23,20.0,0.0,20:289,20,Other,289,289,1,,0.01965439559166121,+,carrier_vs_background_measured_efficacy,10028785172.228975,0.8702599689641344,0.8345934290668208,0.9999995461087219,0.9999999981280304,unavailable,21,4,Moderate motif evidence,ok,attribution_unsigned: direction from measured efficacy contrast
motif_cnn33_hela_sequence_cnn_ism_206,cnn,cnn33,cnn_ism,all,sequence,AGTG,AGTG,AGTG,AGTG,AGTG,4,19,22,19.0,0.0,19:289,19,Other,289,289,1,,0.005682730306465544,+,carrier_vs_background_measured_efficacy,1026930403.8956829,0.9998308831591797,0.9998130618084273,0.5105147138222856,0.9999999981280304,unavailable,1,1,Exploratory motif,ok,attribution_unsigned: direction from measured efficacy contrast
motif_cnn33_hek293t_all_cnn_ig_207,cnn,cnn33,cnn_ig,single,all,CTGG,CTGG,CTGG,CTGG,CTGG,4,20,23,20.0,0.0,20:289,20,Other,289,289,1,,0.01965439559166121,+,carrier_vs_background_measured_efficacy,10444033344.992775,0.8702599689641344,0.8345934290668208,0.9999995461087219,0.9999999981280304,unavailable,24,4,Moderate motif evidence,ok,attribution_unsigned: direction from measured efficacy contrast
motif_cnn33_hek293t_sequence_cnn_ig_208,cnn,cnn33,cnn_ig,single,sequence,CTGG,CTGG,CTGG,CTGG,CTGG,4,20,23,20.0,0.0,20:289,20,Other,289,289,1,,0.01965439559166121,+,carrier_vs_background_measured_efficacy,2424686016.9417253,0.8702599689641344,0.8345934290668208,0.9999995461087219,0.9999999981280304,unavailable,21,4,Moderate motif evidence,ok,attribution_unsigned: direction from measured efficacy contrast
motif_cnn53_hek293t_sequence_cnn_ig_209,cnn,cnn53,cnn_ig,all,sequence,CTGG,CTGG,CTGG,CTGG,CTGG,4,20,23,20.0,0.0,20:289,20,Other,289,289,1,,0.01965439559166121,+,carrier_vs_background_measured_efficacy,8746942769.228563,0.8702599689641344,0.8345934290668208,0.9999995461087219,0.9999999981280304,unavailable,21,4,Moderate motif evidence,ok,attribution_unsigned: direction from measured efficacy contrast
motif_cnn53_hek293t_all_cnn_ig_210,cnn,cnn53,cnn_ig,single,all,CTGG,CTGG,CTGG,CTGG,CTGG,4,20,23,20.0,0.0,20:289,20,Other,289,289,1,,0.01965439559166121,+,carrier_vs_background_measured_efficacy,1339691780.9074664,0.8702599689641344,0.8345934290668208,0.9999995461087219,0.9999999981280304,unavailable,24,4,Moderate motif evidence,ok,attribution_unsigned: direction from measured efficacy contrast
motif_cnn73_hek293t_all_cnn_ig_211,cnn,cnn73,cnn_ig,all,all,CTGG,CTGG,CTGG,CTGG,CTGG,4,20,23,20.0,0.0,20:289,20,Other,289,289,1,,0.01965439559166121,+,carrier_vs_background_measured_efficacy,5655616259.900849,0.8702599689641344,0.8345934290668208,0.9999995461087219,0.9999999981280304,unavailable,24,4,Moderate motif evidence,ok,attribution_unsigned: direction from measured efficacy contrast
motif_cnn73_hek293t_sequence_cnn_ig_212,cnn,cnn73,cnn_ig,all,sequence,CTGG,CTGG,CTGG,CTGG,CTGG,4,20,23,20.0,0.0,20:289,20,Other,289,289,1,,0.01965439559166121,+,carrier_vs_background_measured_efficacy,4196086885.735876,0.8702599689641344,0.8345934290668208,0.9999995461087219,0.9999999981280304,unavailable,21,4,Moderate motif evidence,ok,attribution_unsigned: direction from measured efficacy contrast
motif_cnn73_hek293t_all_cnn_ig_213,cnn,cnn73,cnn_ig,single,all,CTGG,CTGG,CTGG,CTGG,CTGG,4,20,23,20.0,0.0,20:289,20,Other,289,289,1,,0.01965439559166121,+,carrier_vs_background_measured_efficacy,4976314783.561958,0.8702599689641344,0.8345934290668208,0.9999995461087219,0.9999999981280304,unavailable,24,4,Moderate motif evidence,ok,attribution_unsigned: direction from measured efficacy contrast
motif_cnn73_hek293t_sequence_cnn_ig_214,cnn,cnn73,cnn_ig,single,sequence,CTGG,CTGG,CTGG,CTGG,CTGG,4,20,23,20.0,0.0,20:289,20,Other,289,289,1,,0.01965439559166121,+,carrier_vs_background_measured_efficacy,2147763252.7332273,0.8702599689641344,0.8345934290668208,0.9999995461087219,0.9999999981280304,unavailable,21,4,Moderate motif evidence,ok,attribution_unsigned: direction from measured efficacy contrast
motif_cnn53_hct116_sequence_cnn_ism_215,cnn,cnn53,cnn_ism,all,sequence,GTGG,GTGG,GTGG,GTGG,GTGG,4,20,23,20.0,0.0,20:287,20,Other,287,287,1,,0.017678736882075774,+,carrier_vs_background_measured_efficacy,4486745650.259142,1.0298658830769423,1.036047729617759,0.2010127514868136,0.46595181970088245,unavailable,3,2,Moderate motif evidence,ok,attribution_unsigned: direction from measured efficacy contrast
motif_cnn53_hek293t_all_cnn_ig_216,cnn,cnn53,cnn_ig,all,all,CTGG,CTGG,CTGG,CTGG,CTGG,4,20,23,20.0,0.0,20:283,20,Other,283,283,1,,0.019575285633074757,+,carrier_vs_background_measured_efficacy,8258437162.152383,0.8702599689641344,0.8345934290668208,0.9999995461087219,0.9999999981280304,unavailable,24,4,Moderate motif evidence,ok,attribution_unsigned: direction from measured efficacy contrast
motif_cnn33_hela_all_cnn_ig_217,cnn,cnn33,cnn_ig,single,all,AGGG,AGGG,AGGG,AGGG,AGGG,4,20,23,20.0,0.0,20:281,20,Other,281,281,1,,0.04309957045619678,+,carrier_vs_background_measured_efficacy,3280412337.820358,1.0681015439399633,1.0813451458297574,0.034221384081866424,0.20595621979545298,unavailable,11,2,Moderate motif evidence,ok,attribution_unsigned: direction from measured efficacy contrast
motif_cnn53_hct116_sequence_cnn_ig_218,cnn,cnn53,cnn_ig,single,sequence,AGGG,AGGG,AGGG,AGGG,AGGG,4,20,23,20.0,0.0,20:279,20,Other,279,279,1,,0.040885027569535715,+,carrier_vs_background_measured_efficacy,2756098533.392586,1.0681015439399633,1.0813451458297574,0.034221384081866424,0.20595621979545298,unavailable,11,3,Moderate motif evidence,ok,attribution_unsigned: direction from measured efficacy contrast
motif_cnn33_hct116_all_cnn_ig_219,cnn,cnn33,cnn_ig,all,all,ATGG,ATGG,ATGG,ATGG,ATGG,4,20,23,20.0,0.0,20:271,20,Other,271,271,1,,-0.011957608191787733,-,carrier_vs_background_measured_efficacy,2672790101.456806,1.0498111288645542,1.0607045679813174,0.0766084731168302,0.2590472080651578,unavailable,24,4,Moderate motif evidence,ok,attribution_unsigned: direction from measured efficacy contrast
motif_cnn53_hela_all_cnn_ism_220,cnn,cnn53,cnn_ism,single,all,AGCT,AGCT,AGCT,AGCT,AGCT,4,18,21,18.0,0.0,18:271,18,Other,271,271,1,,-0.09160405752378481,-,carrier_vs_background_measured_efficacy,4123400107.6589026,0.8827913806239394,0.8705436068110163,0.9965291823458575,0.9999999981280304,unavailable,2,1,Model-specific motif,ok,attribution_unsigned: direction from measured efficacy contrast
motif_cnn73_hct116_sequence_cnn_ism_221,cnn,cnn73,cnn_ism,single,sequence,AAGG,AAGG,AAGG,AAGG,AAGG,4,20,23,20.0,0.0,20:270,20,Other,270,270,1,,-0.03713041154462571,-,carrier_vs_background_measured_efficacy,4140263861.279606,0.9830211455329801,0.9785317686427984,0.7216160884684157,0.9999999981280304,unavailable,6,3,Moderate motif evidence,ok,attribution_unsigned: direction from measured efficacy contrast
motif_cnn33_hct116_sequence_cnn_ig_222,cnn,cnn33,cnn_ig,single,sequence,GTGG,GTGG,GTGG,GTGG,GTGG,4,20,23,20.0,0.0,20:267,20,Other,267,267,1,,0.017574899437143576,+,carrier_vs_background_measured_efficacy,4705731567.662017,1.0298658830769423,1.036047729617759,0.2010127514868136,0.46595181970088245,unavailable,22,4,Moderate motif evidence,ok,attribution_unsigned: direction from measured efficacy contrast
motif_cnn33_hct116_sequence_cnn_ig_223,cnn,cnn33,cnn_ig,all,sequence,GCTGG,GCTGG,GCTGG,GCTGG,GCTGG,5,19,23,19.0,0.0,19:245,19,Other,245,245,1,,-0.06004767135944586,-,carrier_vs_background_measured_efficacy,9109403542.242924,0.8009702101663002,0.7861957485035577,0.9999818685649463,0.9999999981280304,unavailable,11,2,Moderate motif evidence,ok,attribution_unsigned: direction from measured efficacy contrast
motif_cnn33_hek293t_all_cnn_ig_224,cnn,cnn33,cnn_ig,all,all,CAGG,CAGG,CAGG,CAGG,CAGG,4,20,23,20.0,0.0,20:245,20,Other,245,245,1,,0.011426500468881745,+,carrier_vs_background_measured_efficacy,6455833100.732339,0.9339983234184243,0.911485378907581,0.9958846218844343,0.9999999981280304,unavailable,23,4,Moderate motif evidence,ok,attribution_unsigned: direction from measured efficacy contrast
motif_cnn33_hek293t_sequence_cnn_ig_225,cnn,cnn33,cnn_ig,all,sequence,CAGG,CAGG,CAGG,CAGG,CAGG,4,20,23,20.0,0.0,20:245,20,Other,245,245,1,,0.011426500468881745,+,carrier_vs_background_measured_efficacy,8779072231.51605,0.9339983234184243,0.911485378907581,0.9958846218844343,0.9999999981280304,unavailable,23,4,Moderate motif evidence,ok,attribution_unsigned: direction from measured efficacy contrast
motif_cnn33_hct116_all_cnn_ig_226,cnn,cnn33,cnn_ig,single,all,GCTGG,GCTGG,GCTGG,GCTGG,GCTGG,5,19,23,19.0,0.0,19:245,19,Other,245,245,1,,-0.06004767135944586,-,carrier_vs_background_measured_efficacy,11380337692.317934,0.8009702101663002,0.7861957485035577,0.9999818685649463,0.9999999981280304,unavailable,4,1,Model-specific motif,ok,attribution_unsigned: direction from measured efficacy contrast
motif_cnn33_hek293t_all_cnn_ig_227,cnn,cnn33,cnn_ig,single,all,CAGG,CAGG,CAGG,CAGG,CAGG,4,20,23,20.0,0.0,20:245,20,Other,245,245,1,,0.011426500468881745,+,carrier_vs_background_measured_efficacy,9902356404.849144,0.9339983234184243,0.911485378907581,0.9958846218844343,0.9999999981280304,unavailable,23,4,Moderate motif evidence,ok,attribution_unsigned: direction from measured efficacy contrast
motif_cnn33_hek293t_sequence_cnn_ig_228,cnn,cnn33,cnn_ig,single,sequence,CAGG,CAGG,CAGG,CAGG,CAGG,4,20,23,20.0,0.0,20:245,20,Other,245,245,1,,0.011426500468881745,+,carrier_vs_background_measured_efficacy,2136130931.8262212,0.9339983234184243,0.911485378907581,0.9958846218844343,0.9999999981280304,unavailable,23,4,Moderate motif evidence,ok,attribution_unsigned: direction from measured efficacy contrast
motif_cnn53_hct116_sequence_cnn_ig_229,cnn,cnn53,cnn_ig,all,sequence,GCTGG,GCTGG,GCTGG,GCTGG,GCTGG,5,19,23,19.0,0.0,19:245,19,Other,245,245,1,,-0.06004767135944586,-,carrier_vs_background_measured_efficacy,9635723955.300203,0.8009702101663002,0.7861957485035577,0.9999818685649463,0.9999999981280304,unavailable,11,3,Moderate motif evidence,ok,attribution_unsigned: direction from measured efficacy contrast
motif_cnn53_hek293t_sequence_cnn_ig_230,cnn,cnn53,cnn_ig,all,sequence,CAGG,CAGG,CAGG,CAGG,CAGG,4,20,23,20.0,0.0,20:245,20,Other,245,245,1,,0.011426500468881745,+,carrier_vs_background_measured_efficacy,8716529332.256533,0.9339983234184243,0.911485378907581,0.9958846218844343,0.9999999981280304,unavailable,23,4,Moderate motif evidence,ok,attribution_unsigned: direction from measured efficacy contrast
motif_cnn53_hek293t_all_cnn_ig_231,cnn,cnn53,cnn_ig,single,all,CAGG,CAGG,CAGG,CAGG,CAGG,4,20,23,20.0,0.0,20:245,20,Other,245,245,1,,0.011426500468881745,+,carrier_vs_background_measured_efficacy,928768395.7760333,0.9339983234184243,0.911485378907581,0.9958846218844343,0.9999999981280304,unavailable,23,4,Moderate motif evidence,ok,attribution_unsigned: direction from measured efficacy contrast
motif_cnn73_hct116_sequence_cnn_ig_232,cnn,cnn73,cnn_ig,all,sequence,GCTGG,GCTGG,GCTGG,GCTGG,GCTGG,5,19,23,19.0,0.0,19:245,19,Other,245,245,1,,-0.06004767135944586,-,carrier_vs_background_measured_efficacy,14897091646.744556,0.8009702101663002,0.7861957485035577,0.9999818685649463,0.9999999981280304,unavailable,11,2,Moderate motif evidence,ok,attribution_unsigned: direction from measured efficacy contrast
motif_cnn73_hek293t_all_cnn_ig_233,cnn,cnn73,cnn_ig,all,all,CAGG,CAGG,CAGG,CAGG,CAGG,4,20,23,20.0,0.0,20:245,20,Other,245,245,1,,0.011426500468881745,+,carrier_vs_background_measured_efficacy,4853975175.887816,0.9339983234184243,0.911485378907581,0.9958846218844343,0.9999999981280304,unavailable,23,4,Moderate motif evidence,ok,attribution_unsigned: direction from measured efficacy contrast
motif_cnn73_hek293t_sequence_cnn_ig_234,cnn,cnn73,cnn_ig,all,sequence,CAGG,CAGG,CAGG,CAGG,CAGG,4,20,23,20.0,0.0,20:245,20,Other,245,245,1,,0.011426500468881745,+,carrier_vs_background_measured_efficacy,4364791243.360286,0.9339983234184243,0.911485378907581,0.9958846218844343,0.9999999981280304,unavailable,23,4,Moderate motif evidence,ok,attribution_unsigned: direction from measured efficacy contrast
motif_cnn73_hek293t_all_cnn_ig_235,cnn,cnn73,cnn_ig,single,all,CAGG,CAGG,CAGG,CAGG,CAGG,4,20,23,20.0,0.0,20:245,20,Other,245,245,1,,0.011426500468881745,+,carrier_vs_background_measured_efficacy,4639905010.32972,0.9339983234184243,0.911485378907581,0.9958846218844343,0.9999999981280304,unavailable,23,4,Moderate motif evidence,ok,attribution_unsigned: direction from measured efficacy contrast
motif_cnn73_hek293t_sequence_cnn_ig_236,cnn,cnn73,cnn_ig,single,sequence,CAGG,CAGG,CAGG,CAGG,CAGG,4,20,23,20.0,0.0,20:245,20,Other,245,245,1,,0.011426500468881745,+,carrier_vs_background_measured_efficacy,1673224241.8989162,0.9339983234184243,0.911485378907581,0.9958846218844343,0.9999999981280304,unavailable,23,4,Moderate motif evidence,ok,attribution_unsigned: direction from measured efficacy contrast
motif_cnn33_hek293t_sequence_cnn_ism_237,cnn,cnn33,cnn_ism,all,sequence,CAGG,CAGG,CAGG,CAGG,CAGG,4,20,23,20.0,0.0,20:242,20,Other,242,242,1,,0.01236400484691258,+,carrier_vs_background_measured_efficacy,4947521141.730241,0.9339983234184243,0.911485378907581,0.9958846218844343,0.9999999981280304,unavailable,5,1,Model-specific motif,ok,attribution_unsigned: direction from measured efficacy contrast
motif_cnn53_hek293t_all_cnn_ig_238,cnn,cnn53,cnn_ig,all,all,CAGG,CAGG,CAGG,CAGG,CAGG,4,20,23,20.0,0.0,20:242,20,Other,242,242,1,,0.011135423105286674,+,carrier_vs_background_measured_efficacy,8309617280.078263,0.9339983234184243,0.911485378907581,0.9958846218844343,0.9999999981280304,unavailable,23,4,Moderate motif evidence,ok,attribution_unsigned: direction from measured efficacy contrast
motif_cnn53_hct116_all_cnn_ig_239,cnn,cnn53,cnn_ig,all,all,GCGG,GCGG,GCGG,GCGG,GCGG,4,20,23,20.0,0.0,20:236,20,Other,236,236,1,,0.018332673949633338,+,carrier_vs_background_measured_efficacy,2156309345.936754,1.0652951044017434,1.0763756532231985,0.0512066236046428,0.2469966550341594,unavailable,6,2,Moderate motif evidence,ok,attribution_unsigned: direction from measured efficacy contrast
motif_cnn53_hct116_sequence_cnn_ig_240,cnn,cnn53,cnn_ig,single,sequence,GCGG,GCGG,GCGG,GCGG,GCGG,4,20,23,20.0,0.0,20:236,20,Other,236,236,1,,0.018332673949633338,+,carrier_vs_background_measured_efficacy,4029860302.8834915,1.0652951044017434,1.0763756532231985,0.0512066236046428,0.2469966550341594,unavailable,8,2,Moderate motif evidence,ok,attribution_unsigned: direction from measured efficacy contrast
motif_cnn73_hct116_all_cnn_ig_241,cnn,cnn73,cnn_ig,all,all,GCGG,GCGG,GCGG,GCGG,GCGG,4,20,23,20.0,0.0,20:236,20,Other,236,236,1,,0.018332673949633338,+,carrier_vs_background_measured_efficacy,5565522241.968256,1.0652951044017434,1.0763756532231985,0.0512066236046428,0.2469966550341594,unavailable,6,2,Moderate motif evidence,ok,attribution_unsigned: direction from measured efficacy contrast
motif_cnn73_hct116_sequence_cnn_ig_242,cnn,cnn73,cnn_ig,single,sequence,GCGG,GCGG,GCGG,GCGG,GCGG,4,20,23,20.0,0.0,20:236,20,Other,236,236,1,,0.018332673949633338,+,carrier_vs_background_measured_efficacy,9213928093.663216,1.0652951044017434,1.0763756532231985,0.0512066236046428,0.2469966550341594,unavailable,8,2,Moderate motif evidence,ok,attribution_unsigned: direction from measured efficacy contrast
motif_cnn53_hct116_sequence_cnn_ism_243,cnn,cnn53,cnn_ism,all,sequence,ATGG,ATGG,ATGG,ATGG,ATGG,4,20,23,20.0,0.0,20:235,20,Other,235,235,1,,-0.021398887969801383,-,carrier_vs_background_measured_efficacy,2358491028.038142,1.0498111288645542,1.0607045679813174,0.0766084731168302,0.2590472080651578,unavailable,3,1,Model-specific motif,ok,attribution_unsigned: direction from measured efficacy contrast
motif_cnn73_hct116_sequence_cnn_ism_244,cnn,cnn73,cnn_ism,single,sequence,GTGG,GTGG,GTGG,GTGG,GTGG,4,20,23,20.0,0.0,20:233,20,Other,233,233,1,,-0.0050379504779905215,-,carrier_vs_background_measured_efficacy,4679273193.081225,1.0298658830769423,1.036047729617759,0.2010127514868136,0.46595181970088245,unavailable,3,1,Model-specific motif,ok,attribution_unsigned: direction from measured efficacy contrast
motif_cnn73_hct116_all_cnn_ig_245,cnn,cnn73,cnn_ig,single,all,GGGG,GGGG,GGGG,GGGG,GGGG,4,20,23,20.0,0.0,20:232,20,Other,232,232,1,,0.06472802648248194,+,carrier_vs_background_measured_efficacy,14150837159.69801,1.3530115085107848,1.3821871561001995,9.79551697019818e-08,3.212929566225003e-05,unavailable,1,1,Exploratory motif,ok,attribution_unsigned: direction from measured efficacy contrast
motif_cnn33_hela_all_cnn_ism_246,cnn,cnn33,cnn_ism,all,all,GAAG,GAAG,GAAG,GAAG,GAAG,4,16,20,16.572052401746724,0.49586507507648675,16:98;17:131,16;17,Other,229,229,1,,-0.041132504311888335,-,carrier_vs_background_measured_efficacy,1.585192097875811,0.9963462202220782,0.9955383047023741,0.551342389280021,0.9999999981280304,unavailable,2,1,Model-specific motif,ok,attribution_unsigned: direction from measured efficacy contrast
motif_cnn33_hl60_all_cnn_ig_247,cnn,cnn33,cnn_ig,all,all,CTGG,CTGG,CTGG,CTGG,CTGG,4,20,23,20.0,0.0,20:229,20,Other,229,229,1,,-0.03238977052608644,-,carrier_vs_background_measured_efficacy,3688285246.1227665,0.8702599689641344,0.8345934290668208,0.9999995461087219,0.9999999981280304,unavailable,24,4,Moderate motif evidence,ok,attribution_unsigned: direction from measured efficacy contrast
motif_cnn33_hl60_sequence_cnn_ig_248,cnn,cnn33,cnn_ig,all,sequence,CTGG,CTGG,CTGG,CTGG,CTGG,4,20,23,20.0,0.0,20:229,20,Other,229,229,1,,-0.03238977052608644,-,carrier_vs_background_measured_efficacy,12032449611.357403,0.8702599689641344,0.8345934290668208,0.9999995461087219,0.9999999981280304,unavailable,21,4,Moderate motif evidence,ok,attribution_unsigned: direction from measured efficacy contrast
motif_cnn33_hl60_all_cnn_ig_249,cnn,cnn33,cnn_ig,single,all,CTGG,CTGG,CTGG,CTGG,CTGG,4,20,23,20.0,0.0,20:229,20,Other,229,229,1,,-0.03238977052608644,-,carrier_vs_background_measured_efficacy,8602476100.473759,0.8702599689641344,0.8345934290668208,0.9999995461087219,0.9999999981280304,unavailable,24,4,Moderate motif evidence,ok,attribution_unsigned: direction from measured efficacy contrast
motif_cnn53_hl60_all_cnn_ig_250,cnn,cnn53,cnn_ig,all,all,CTGG,CTGG,CTGG,CTGG,CTGG,4,20,23,20.0,0.0,20:229,20,Other,229,229,1,,-0.03238977052608644,-,carrier_vs_background_measured_efficacy,7518272355.485911,0.8702599689641344,0.8345934290668208,0.9999995461087219,0.9999999981280304,unavailable,24,4,Moderate motif evidence,ok,attribution_unsigned: direction from measured efficacy contrast
motif_cnn53_hl60_sequence_cnn_ig_251,cnn,cnn53,cnn_ig,all,sequence,CTGG,CTGG,CTGG,CTGG,CTGG,4,20,23,20.0,0.0,20:229,20,Other,229,229,1,,-0.03238977052608644,-,carrier_vs_background_measured_efficacy,19225345579.31782,0.8702599689641344,0.8345934290668208,0.9999995461087219,0.9999999981280304,unavailable,21,4,Moderate motif evidence,ok,attribution_unsigned: direction from measured efficacy contrast
motif_cnn53_hek293t_sequence_cnn_ig_252,cnn,cnn53,cnn_ig,single,sequence,CAGG,CAGG,CAGG,CAGG,CAGG,4,20,23,20.0,0.0,20:229,20,Other,229,229,1,,0.0065792274238091475,+,carrier_vs_background_measured_efficacy,1227576676.07705,0.9339983234184243,0.911485378907581,0.9958846218844343,0.9999999981280304,unavailable,23,4,Moderate motif evidence,ok,attribution_unsigned: direction from measured efficacy contrast
motif_cnn53_hl60_all_cnn_ig_253,cnn,cnn53,cnn_ig,single,all,CTGG,CTGG,CTGG,CTGG,CTGG,4,20,23,20.0,0.0,20:229,20,Other,229,229,1,,-0.03238977052608644,-,carrier_vs_background_measured_efficacy,2745283835.6337237,0.8702599689641344,0.8345934290668208,0.9999995461087219,0.9999999981280304,unavailable,24,4,Moderate motif evidence,ok,attribution_unsigned: direction from measured efficacy contrast
motif_cnn53_hl60_sequence_cnn_ig_254,cnn,cnn53,cnn_ig,single,sequence,CTGG,CTGG,CTGG,CTGG,CTGG,4,20,23,20.0,0.0,20:229,20,Other,229,229,1,,-0.03238977052608644,-,carrier_vs_background_measured_efficacy,3443387065.3932085,0.8702599689641344,0.8345934290668208,0.9999995461087219,0.9999999981280304,unavailable,21,4,Moderate motif evidence,ok,attribution_unsigned: direction from measured efficacy contrast
motif_cnn73_hl60_all_cnn_ig_255,cnn,cnn73,cnn_ig,all,all,CTGG,CTGG,CTGG,CTGG,CTGG,4,20,23,20.0,0.0,20:229,20,Other,229,229,1,,-0.03238977052608644,-,carrier_vs_background_measured_efficacy,6370556988.793382,0.8702599689641344,0.8345934290668208,0.9999995461087219,0.9999999981280304,unavailable,24,4,Moderate motif evidence,ok,attribution_unsigned: direction from measured efficacy contrast
motif_cnn73_hl60_sequence_cnn_ig_256,cnn,cnn73,cnn_ig,all,sequence,CTGG,CTGG,CTGG,CTGG,CTGG,4,20,23,20.0,0.0,20:229,20,Other,229,229,1,,-0.03238977052608644,-,carrier_vs_background_measured_efficacy,15062633207.051495,0.8702599689641344,0.8345934290668208,0.9999995461087219,0.9999999981280304,unavailable,21,4,Moderate motif evidence,ok,attribution_unsigned: direction from measured efficacy contrast
motif_cnn73_hl60_all_cnn_ig_257,cnn,cnn73,cnn_ig,single,all,CTGG,CTGG,CTGG,CTGG,CTGG,4,20,23,20.0,0.0,20:229,20,Other,229,229,1,,-0.03238977052608644,-,carrier_vs_background_measured_efficacy,6211053424.554506,0.8702599689641344,0.8345934290668208,0.9999995461087219,0.9999999981280304,unavailable,24,4,Moderate motif evidence,ok,attribution_unsigned: direction from measured efficacy contrast
motif_cnn73_hl60_sequence_cnn_ig_258,cnn,cnn73,cnn_ig,single,sequence,CTGG,CTGG,CTGG,CTGG,CTGG,4,20,23,20.0,0.0,20:229,20,Other,229,229,1,,-0.03238977052608644,-,carrier_vs_background_measured_efficacy,7830599521.791217,0.8702599689641344,0.8345934290668208,0.9999995461087219,0.9999999981280304,unavailable,21,4,Moderate motif evidence,ok,attribution_unsigned: direction from measured efficacy contrast
motif_cnn33_hct116_all_cnn_ig_259,cnn,cnn33,cnn_ig,all,all,GAGG,GAGG,GAGG,GAGG,GAGG,4,20,23,20.0,0.0,20:224,20,Other,224,224,1,,0.016810865861648372,+,carrier_vs_background_measured_efficacy,1862039288.5921428,1.0809362039550032,1.1068326971020197,0.0029209226284590056,0.03090524587530819,unavailable,24,4,Strong motif evidence,ok,attribution_unsigned: direction from measured efficacy contrast
motif_cnn33_hek293t_all_cnn_ig_260,cnn,cnn33,cnn_ig,all,all,AAGG,AAGG,AAGG,AAGG,AAGG,4,20,23,20.0,0.0,20:221,20,Other,221,221,1,,0.0061297718013130775,+,carrier_vs_background_measured_efficacy,4448520576.196789,0.9830211455329801,0.9785317686427984,0.7216160884684157,0.9999999981280304,unavailable,24,4,Moderate motif evidence,ok,attribution_unsigned: direction from measured efficacy contrast
motif_cnn33_hek293t_sequence_cnn_ig_261,cnn,cnn33,cnn_ig,all,sequence,AAGG,AAGG,AAGG,AAGG,AAGG,4,20,23,20.0,0.0,20:221,20,Other,221,221,1,,0.0061297718013130775,+,carrier_vs_background_measured_efficacy,6849598217.134675,0.9830211455329801,0.9785317686427984,0.7216160884684157,0.9999999981280304,unavailable,24,4,Moderate motif evidence,ok,attribution_unsigned: direction from measured efficacy contrast
motif_cnn33_hek293t_all_cnn_ig_262,cnn,cnn33,cnn_ig,single,all,AAGG,AAGG,AAGG,AAGG,AAGG,4,20,23,20.0,0.0,20:221,20,Other,221,221,1,,0.0061297718013130775,+,carrier_vs_background_measured_efficacy,9842886069.658506,0.9830211455329801,0.9785317686427984,0.7216160884684157,0.9999999981280304,unavailable,24,4,Moderate motif evidence,ok,attribution_unsigned: direction from measured efficacy contrast
motif_cnn33_hek293t_sequence_cnn_ig_263,cnn,cnn33,cnn_ig,single,sequence,AAGG,AAGG,AAGG,AAGG,AAGG,4,20,23,20.0,0.0,20:221,20,Other,221,221,1,,0.0061297718013130775,+,carrier_vs_background_measured_efficacy,2024084259.8623188,0.9830211455329801,0.9785317686427984,0.7216160884684157,0.9999999981280304,unavailable,24,4,Moderate motif evidence,ok,attribution_unsigned: direction from measured efficacy contrast
motif_cnn53_hek293t_sequence_cnn_ig_264,cnn,cnn53,cnn_ig,all,sequence,AAGG,AAGG,AAGG,AAGG,AAGG,4,20,23,20.0,0.0,20:221,20,Other,221,221,1,,0.0061297718013130775,+,carrier_vs_background_measured_efficacy,7860514269.750369,0.9830211455329801,0.9785317686427984,0.7216160884684157,0.9999999981280304,unavailable,24,4,Moderate motif evidence,ok,attribution_unsigned: direction from measured efficacy contrast
motif_cnn73_hek293t_all_cnn_ig_265,cnn,cnn73,cnn_ig,all,all,AAGG,AAGG,AAGG,AAGG,AAGG,4,20,23,20.0,0.0,20:221,20,Other,221,221,1,,0.0061297718013130775,+,carrier_vs_background_measured_efficacy,4285207842.9191685,0.9830211455329801,0.9785317686427984,0.7216160884684157,0.9999999981280304,unavailable,24,4,Moderate motif evidence,ok,attribution_unsigned: direction from measured efficacy contrast
motif_cnn73_hek293t_sequence_cnn_ig_266,cnn,cnn73,cnn_ig,all,sequence,AAGG,AAGG,AAGG,AAGG,AAGG,4,20,23,20.0,0.0,20:221,20,Other,221,221,1,,0.0061297718013130775,+,carrier_vs_background_measured_efficacy,3653426687.8638263,0.9830211455329801,0.9785317686427984,0.7216160884684157,0.9999999981280304,unavailable,24,4,Moderate motif evidence,ok,attribution_unsigned: direction from measured efficacy contrast
motif_cnn73_hek293t_all_cnn_ig_267,cnn,cnn73,cnn_ig,single,all,AAGG,AAGG,AAGG,AAGG,AAGG,4,20,23,20.0,0.0,20:221,20,Other,221,221,1,,0.0061297718013130775,+,carrier_vs_background_measured_efficacy,4100344750.800992,0.9830211455329801,0.9785317686427984,0.7216160884684157,0.9999999981280304,unavailable,24,4,Moderate motif evidence,ok,attribution_unsigned: direction from measured efficacy contrast
motif_cnn73_hek293t_sequence_cnn_ig_268,cnn,cnn73,cnn_ig,single,sequence,AAGG,AAGG,AAGG,AAGG,AAGG,4,20,23,20.0,0.0,20:221,20,Other,221,221,1,,0.0061297718013130775,+,carrier_vs_background_measured_efficacy,1420133014.7140167,0.9830211455329801,0.9785317686427984,0.7216160884684157,0.9999999981280304,unavailable,24,4,Moderate motif evidence,ok,attribution_unsigned: direction from measured efficacy contrast
motif_cnn53_hl60_sequence_cnn_ig_269,cnn,cnn53,cnn_ig,single,sequence,GAGG,GAGG,GAGG,GAGG,GAGG,4,2,23,19.49767441860465,2.9716328917001382,2:6;20:209,2;20,Other,215,215,1,,0.03188957985573784,+,carrier_vs_background_measured_efficacy,20.443290218703694,1.0809362039550032,1.1068326971020197,0.0029209226284590056,0.03090524587530819,unavailable,24,4,Strong motif evidence,ok,attribution_unsigned: direction from measured efficacy contrast
motif_cnn33_hct116_sequence_cnn_ig_270,cnn,cnn33,cnn_ig,all,sequence,CCTGG,CCTGG,CCTGG,CCTGG,CCTGG,5,19,23,19.0,0.0,19:212,19,Other,212,212,1,,-0.027588997902563278,-,carrier_vs_background_measured_efficacy,11156165522.223246,0.9054718299316332,0.89829666715883,0.966388835797844,0.9999999981280304,unavailable,10,1,Model-specific motif,ok,attribution_unsigned: direction from measured efficacy contrast
motif_cnn33_hct116_sequence_cnn_ig_271,cnn,cnn33,cnn_ig,single,sequence,CCTGG,CCTGG,CCTGG,CCTGG,CCTGG,5,19,23,19.0,0.0,19:212,19,Other,212,212,1,,-0.027588997902563278,-,carrier_vs_background_measured_efficacy,8290670307.736769,0.9054718299316332,0.89829666715883,0.966388835797844,0.9999999981280304,unavailable,10,1,Model-specific motif,ok,attribution_unsigned: direction from measured efficacy contrast
motif_cnn53_hek293t_all_cnn_ig_272,cnn,cnn53,cnn_ig,all,all,AAGG,AAGG,AAGG,AAGG,AAGG,4,20,23,20.0,0.0,20:212,20,Other,212,212,1,,-5.526572877945224e-05,-,carrier_vs_background_measured_efficacy,8277645337.883634,0.9830211455329801,0.9785317686427984,0.7216160884684157,0.9999999981280304,unavailable,24,4,Moderate motif evidence,ok,attribution_unsigned: direction from measured efficacy contrast
motif_cnn53_hek293t_sequence_cnn_ig_273,cnn,cnn53,cnn_ig,single,sequence,AAGG,AAGG,AAGG,AAGG,AAGG,4,20,23,20.0,0.0,20:210,20,Other,210,210,1,,0.004849950178004131,+,carrier_vs_background_measured_efficacy,1072328268.4921166,0.9830211455329801,0.9785317686427984,0.7216160884684157,0.9999999981280304,unavailable,24,4,Moderate motif evidence,ok,attribution_unsigned: direction from measured efficacy contrast
motif_cnn33_hl60_all_cnn_ig_274,cnn,cnn33,cnn_ig,all,all,GAGG,GAGG,GAGG,GAGG,GAGG,4,20,23,20.0,0.0,20:209,20,Other,209,209,1,,0.03197634392634202,+,carrier_vs_background_measured_efficacy,1705650022.899939,1.0809362039550032,1.1068326971020197,0.0029209226284590056,0.03090524587530819,unavailable,24,4,Strong motif evidence,ok,attribution_unsigned: direction from measured efficacy contrast
motif_cnn33_hl60_sequence_cnn_ig_275,cnn,cnn33,cnn_ig,all,sequence,GAGG,GAGG,GAGG,GAGG,GAGG,4,20,23,20.0,0.0,20:209,20,Other,209,209,1,,0.03197634392634202,+,carrier_vs_background_measured_efficacy,7725249840.101833,1.0809362039550032,1.1068326971020197,0.0029209226284590056,0.03090524587530819,unavailable,24,4,Strong motif evidence,ok,attribution_unsigned: direction from measured efficacy contrast
motif_cnn33_hct116_sequence_cnn_ism_276,cnn,cnn33,cnn_ism,single,sequence,ACAG,ACAG,ACAG,ACAG,ACAG,4,19,22,19.0,0.0,19:209,19,Other,209,209,1,,-0.03763933293690927,-,carrier_vs_background_measured_efficacy,8551875595.003392,0.9671192362889336,0.9612028043127482,0.8267232951494473,0.9999999981280304,unavailable,1,1,Exploratory motif,ok,attribution_unsigned: direction from measured efficacy contrast
motif_cnn53_hl60_all_cnn_ig_277,cnn,cnn53,cnn_ig,all,all,GAGG,GAGG,GAGG,GAGG,GAGG,4,20,23,20.0,0.0,20:209,20,Other,209,209,1,,0.03197634392634202,+,carrier_vs_background_measured_efficacy,4425214826.672616,1.0809362039550032,1.1068326971020197,0.0029209226284590056,0.03090524587530819,unavailable,24,4,Strong motif evidence,ok,attribution_unsigned: direction from measured efficacy contrast
motif_cnn53_hl60_sequence_cnn_ig_278,cnn,cnn53,cnn_ig,all,sequence,GAGG,GAGG,GAGG,GAGG,GAGG,4,20,23,20.0,0.0,20:209,20,Other,209,209,1,,0.03197634392634202,+,carrier_vs_background_measured_efficacy,15960689297.528313,1.0809362039550032,1.1068326971020197,0.0029209226284590056,0.03090524587530819,unavailable,24,4,Strong motif evidence,ok,attribution_unsigned: direction from measured efficacy contrast
motif_cnn53_hl60_all_cnn_ig_279,cnn,cnn53,cnn_ig,single,all,GAGG,GAGG,GAGG,GAGG,GAGG,4,20,23,20.0,0.0,20:209,20,Other,209,209,1,,0.03197634392634202,+,carrier_vs_background_measured_efficacy,3699200026.417651,1.0809362039550032,1.1068326971020197,0.0029209226284590056,0.03090524587530819,unavailable,24,4,Strong motif evidence,ok,attribution_unsigned: direction from measured efficacy contrast
motif_cnn73_hl60_all_cnn_ig_280,cnn,cnn73,cnn_ig,all,all,GAGG,GAGG,GAGG,GAGG,GAGG,4,20,23,20.0,0.0,20:209,20,Other,209,209,1,,0.03197634392634202,+,carrier_vs_background_measured_efficacy,5566216626.903001,1.0809362039550032,1.1068326971020197,0.0029209226284590056,0.03090524587530819,unavailable,24,4,Strong motif evidence,ok,attribution_unsigned: direction from measured efficacy contrast
motif_cnn73_hl60_sequence_cnn_ig_281,cnn,cnn73,cnn_ig,all,sequence,GAGG,GAGG,GAGG,GAGG,GAGG,4,20,23,20.0,0.0,20:209,20,Other,209,209,1,,0.03197634392634202,+,carrier_vs_background_measured_efficacy,13210867523.090628,1.0809362039550032,1.1068326971020197,0.0029209226284590056,0.03090524587530819,unavailable,24,4,Strong motif evidence,ok,attribution_unsigned: direction from measured efficacy contrast
motif_cnn73_hct116_sequence_cnn_ism_282,cnn,cnn73,cnn_ism,single,sequence,ATGG,ATGG,ATGG,ATGG,ATGG,4,20,23,20.0,0.0,20:209,20,Other,209,209,1,,-0.021375318548865152,-,carrier_vs_background_measured_efficacy,4696150215.718329,1.0498111288645542,1.0607045679813174,0.0766084731168302,0.2590472080651578,unavailable,3,2,Moderate motif evidence,ok,attribution_unsigned: direction from measured efficacy contrast
motif_cnn73_hl60_all_cnn_ig_283,cnn,cnn73,cnn_ig,single,all,GAGG,GAGG,GAGG,GAGG,GAGG,4,20,23,20.0,0.0,20:209,20,Other,209,209,1,,0.03197634392634202,+,carrier_vs_background_measured_efficacy,6962660200.3227415,1.0809362039550032,1.1068326971020197,0.0029209226284590056,0.03090524587530819,unavailable,24,4,Strong motif evidence,ok,attribution_unsigned: direction from measured efficacy contrast
motif_cnn73_hl60_sequence_cnn_ig_284,cnn,cnn73,cnn_ig,single,sequence,GAGG,GAGG,GAGG,GAGG,GAGG,4,20,23,20.0,0.0,20:209,20,Other,209,209,1,,0.03197634392634202,+,carrier_vs_background_measured_efficacy,7100797107.947617,1.0809362039550032,1.1068326971020197,0.0029209226284590056,0.03090524587530819,unavailable,24,4,Strong motif evidence,ok,attribution_unsigned: direction from measured efficacy contrast
motif_cnn33_hct116_all_cnn_ism_285,cnn,cnn33,cnn_ism,all,all,ACAGG,ACAGG,ACAGG,ACAGG,ACAGG,5,19,23,19.0,0.0,19:208,19,Other,208,208,1,,-0.03722144848020972,-,carrier_vs_background_measured_efficacy,4124034925.606438,0.7893488158773473,0.77606158734038,0.9999765334306173,0.9999999981280304,unavailable,6,2,Moderate motif evidence,ok,attribution_unsigned: direction from measured efficacy contrast
motif_cnn33_hct116_sequence_cnn_ig_286,cnn,cnn33,cnn_ig,single,sequence,AGGG,AGGG,AGGG,AGGG,AGGG,4,20,23,20.0,0.0,20:204,20,Other,204,204,1,,0.04224320651718905,+,carrier_vs_background_measured_efficacy,4348337824.922025,1.0681015439399633,1.0813451458297574,0.034221384081866424,0.20595621979545298,unavailable,11,2,Moderate motif evidence,ok,attribution_unsigned: direction from measured efficacy contrast
motif_cnn53_hl60_sequence_cnn_ig_287,cnn,cnn53,cnn_ig,single,sequence,GTGG,GTGG,GTGG,GTGG,GTGG,4,2,23,19.205882352941178,3.7055097713936664,2:9;20:195,2;20,Other,204,204,1,,0.03752895988422991,+,carrier_vs_background_measured_efficacy,9.973594365659649,1.0298658830769423,1.036047729617759,0.2010127514868136,0.46595181970088245,unavailable,22,4,Moderate motif evidence,ok,attribution_unsigned: direction from measured efficacy contrast
motif_cnn33_hct116_all_cnn_ism_288,cnn,cnn33,cnn_ism,single,all,AGAGG,AGAGG,AGAGG,AGAGG,AGAGG,5,19,23,19.0,0.0,19:203,19,Other,203,203,1,,0.03265230361326432,+,carrier_vs_background_measured_efficacy,5356453793.744248,1.0467174505454102,1.0508174078345194,0.20098323313506192,0.46595181970088245,unavailable,4,2,Moderate motif evidence,ok,attribution_unsigned: direction from measured efficacy contrast
motif_cnn53_hct116_all_cnn_ig_289,cnn,cnn53,cnn_ig,single,all,AGAGG,AGAGG,AGAGG,AGAGG,AGAGG,5,19,23,19.0,0.0,19:203,19,Other,203,203,1,,0.03265230361326432,+,carrier_vs_background_measured_efficacy,20446654300.515846,1.0467174505454102,1.0508174078345194,0.20098323313506192,0.46595181970088245,unavailable,2,1,Model-specific motif,ok,attribution_unsigned: direction from measured efficacy contrast
motif_cnn33_hek293t_sequence_cnn_ig_290,cnn,cnn33,cnn_ig,all,sequence,GAGG,GAGG,GAGG,GAGG,GAGG,4,20,23,20.0,0.0,20:202,20,Other,202,202,1,,-0.033116640726866875,-,carrier_vs_background_measured_efficacy,4832301161.612958,1.0809362039550032,1.1068326971020197,0.0029209226284590056,0.03090524587530819,unavailable,24,4,Strong motif evidence,ok,attribution_unsigned: direction from measured efficacy contrast
motif_cnn33_hek293t_all_cnn_ig_291,cnn,cnn33,cnn_ig,single,all,GAGG,GAGG,GAGG,GAGG,GAGG,4,20,23,20.0,0.0,20:202,20,Other,202,202,1,,-0.033116640726866875,-,carrier_vs_background_measured_efficacy,10197348917.750168,1.0809362039550032,1.1068326971020197,0.0029209226284590056,0.03090524587530819,unavailable,24,4,Strong motif evidence,ok,attribution_unsigned: direction from measured efficacy contrast
motif_cnn33_hek293t_sequence_cnn_ig_292,cnn,cnn33,cnn_ig,single,sequence,GAGG,GAGG,GAGG,GAGG,GAGG,4,20,23,20.0,0.0,20:202,20,Other,202,202,1,,-0.033116640726866875,-,carrier_vs_background_measured_efficacy,1936007001.1981978,1.0809362039550032,1.1068326971020197,0.0029209226284590056,0.03090524587530819,unavailable,24,4,Strong motif evidence,ok,attribution_unsigned: direction from measured efficacy contrast
motif_cnn53_hek293t_sequence_cnn_ig_293,cnn,cnn53,cnn_ig,all,sequence,GAGG,GAGG,GAGG,GAGG,GAGG,4,20,23,20.0,0.0,20:202,20,Other,202,202,1,,-0.033116640726866875,-,carrier_vs_background_measured_efficacy,7511519458.3001,1.0809362039550032,1.1068326971020197,0.0029209226284590056,0.03090524587530819,unavailable,24,4,Strong motif evidence,ok,attribution_unsigned: direction from measured efficacy contrast
motif_cnn73_hek293t_all_cnn_ig_294,cnn,cnn73,cnn_ig,all,all,GAGG,GAGG,GAGG,GAGG,GAGG,4,20,23,20.0,0.0,20:202,20,Other,202,202,1,,-0.033116640726866875,-,carrier_vs_background_measured_efficacy,4884827507.142185,1.0809362039550032,1.1068326971020197,0.0029209226284590056,0.03090524587530819,unavailable,24,4,Strong motif evidence,ok,attribution_unsigned: direction from measured efficacy contrast
motif_cnn73_hek293t_sequence_cnn_ig_295,cnn,cnn73,cnn_ig,all,sequence,GAGG,GAGG,GAGG,GAGG,GAGG,4,20,23,20.0,0.0,20:202,20,Other,202,202,1,,-0.033116640726866875,-,carrier_vs_background_measured_efficacy,4329875523.080554,1.0809362039550032,1.1068326971020197,0.0029209226284590056,0.03090524587530819,unavailable,24,4,Strong motif evidence,ok,attribution_unsigned: direction from measured efficacy contrast
motif_cnn73_hek293t_all_cnn_ig_296,cnn,cnn73,cnn_ig,single,all,GAGG,GAGG,GAGG,GAGG,GAGG,4,20,23,20.0,0.0,20:202,20,Other,202,202,1,,-0.033116640726866875,-,carrier_vs_background_measured_efficacy,4952719415.693225,1.0809362039550032,1.1068326971020197,0.0029209226284590056,0.03090524587530819,unavailable,24,4,Strong motif evidence,ok,attribution_unsigned: direction from measured efficacy contrast
motif_cnn73_hek293t_sequence_cnn_ig_297,cnn,cnn73,cnn_ig,single,sequence,GAGG,GAGG,GAGG,GAGG,GAGG,4,20,23,20.0,0.0,20:202,20,Other,202,202,1,,-0.033116640726866875,-,carrier_vs_background_measured_efficacy,2186481457.7080836,1.0809362039550032,1.1068326971020197,0.0029209226284590056,0.03090524587530819,unavailable,24,4,Strong motif evidence,ok,attribution_unsigned: direction from measured efficacy contrast
motif_cnn53_hek293t_all_cnn_ig_298,cnn,cnn53,cnn_ig,all,all,GAGG,GAGG,GAGG,GAGG,GAGG,4,20,23,20.0,0.0,20:197,20,Other,197,197,1,,-0.032247131520708766,-,carrier_vs_background_measured_efficacy,8129401546.186515,1.0809362039550032,1.1068326971020197,0.0029209226284590056,0.03090524587530819,unavailable,24,4,Strong motif evidence,ok,attribution_unsigned: direction from measured efficacy contrast
motif_cnn53_hek293t_all_cnn_ig_299,cnn,cnn53,cnn_ig,single,all,AAGG,AAGG,AAGG,AAGG,AAGG,4,20,23,20.0,0.0,20:197,20,Other,197,197,1,,0.0019192770616525412,+,carrier_vs_background_measured_efficacy,417231008.88190234,0.9830211455329801,0.9785317686427984,0.7216160884684157,0.9999999981280304,unavailable,24,4,Moderate motif evidence,ok,attribution_unsigned: direction from measured efficacy contrast
motif_cnn33_hl60_all_cnn_ig_300,cnn,cnn33,cnn_ig,all,all,GTGG,GTGG,GTGG,GTGG,GTGG,4,20,23,20.0,0.0,20:195,20,Other,195,195,1,,0.039536399847423576,+,carrier_vs_background_measured_efficacy,1893167192.3686001,1.0298658830769423,1.036047729617759,0.2010127514868136,0.46595181970088245,unavailable,24,4,Moderate motif evidence,ok,attribution_unsigned: direction from measured efficacy contrast
motif_cnn33_hl60_sequence_cnn_ig_301,cnn,cnn33,cnn_ig,all,sequence,GTGG,GTGG,GTGG,GTGG,GTGG,4,20,23,20.0,0.0,20:195,20,Other,195,195,1,,0.039536399847423576,+,carrier_vs_background_measured_efficacy,8201453715.358354,1.0298658830769423,1.036047729617759,0.2010127514868136,0.46595181970088245,unavailable,22,4,Moderate motif evidence,ok,attribution_unsigned: direction from measured efficacy contrast
motif_cnn53_hl60_all_cnn_ig_302,cnn,cnn53,cnn_ig,all,all,GTGG,GTGG,GTGG,GTGG,GTGG,4,20,23,20.0,0.0,20:195,20,Other,195,195,1,,0.039536399847423576,+,carrier_vs_background_measured_efficacy,5588752373.988102,1.0298658830769423,1.036047729617759,0.2010127514868136,0.46595181970088245,unavailable,24,4,Moderate motif evidence,ok,attribution_unsigned: direction from measured efficacy contrast
motif_cnn53_hl60_sequence_cnn_ig_303,cnn,cnn53,cnn_ig,all,sequence,GTGG,GTGG,GTGG,GTGG,GTGG,4,20,23,20.0,0.0,20:195,20,Other,195,195,1,,0.039536399847423576,+,carrier_vs_background_measured_efficacy,17719874212.512104,1.0298658830769423,1.036047729617759,0.2010127514868136,0.46595181970088245,unavailable,22,4,Moderate motif evidence,ok,attribution_unsigned: direction from measured efficacy contrast
motif_cnn53_hl60_all_cnn_ig_304,cnn,cnn53,cnn_ig,single,all,GTGG,GTGG,GTGG,GTGG,GTGG,4,20,23,20.0,0.0,20:195,20,Other,195,195,1,,0.039536399847423576,+,carrier_vs_background_measured_efficacy,4024583802.635566,1.0298658830769423,1.036047729617759,0.2010127514868136,0.46595181970088245,unavailable,24,4,Moderate motif evidence,ok,attribution_unsigned: direction from measured efficacy contrast
motif_cnn73_hl60_all_cnn_ig_305,cnn,cnn73,cnn_ig,all,all,GTGG,GTGG,GTGG,GTGG,GTGG,4,20,23,20.0,0.0,20:195,20,Other,195,195,1,,0.039536399847423576,+,carrier_vs_background_measured_efficacy,5278127965.322398,1.0298658830769423,1.036047729617759,0.2010127514868136,0.46595181970088245,unavailable,24,4,Moderate motif evidence,ok,attribution_unsigned: direction from measured efficacy contrast
motif_cnn73_hl60_sequence_cnn_ig_306,cnn,cnn73,cnn_ig,all,sequence,GTGG,GTGG,GTGG,GTGG,GTGG,4,20,23,20.0,0.0,20:195,20,Other,195,195,1,,0.039536399847423576,+,carrier_vs_background_measured_efficacy,12828966127.320467,1.0298658830769423,1.036047729617759,0.2010127514868136,0.46595181970088245,unavailable,22,4,Moderate motif evidence,ok,attribution_unsigned: direction from measured efficacy contrast
motif_cnn73_hl60_all_cnn_ig_307,cnn,cnn73,cnn_ig,single,all,GTGG,GTGG,GTGG,GTGG,GTGG,4,20,23,20.0,0.0,20:195,20,Other,195,195,1,,0.039536399847423576,+,carrier_vs_background_measured_efficacy,7484052074.639105,1.0298658830769423,1.036047729617759,0.2010127514868136,0.46595181970088245,unavailable,24,4,Moderate motif evidence,ok,attribution_unsigned: direction from measured efficacy contrast
motif_cnn73_hl60_sequence_cnn_ig_308,cnn,cnn73,cnn_ig,single,sequence,GTGG,GTGG,GTGG,GTGG,GTGG,4,20,23,20.0,0.0,20:195,20,Other,195,195,1,,0.039536399847423576,+,carrier_vs_background_measured_efficacy,8166832116.936917,1.0298658830769423,1.036047729617759,0.2010127514868136,0.46595181970088245,unavailable,22,4,Moderate motif evidence,ok,attribution_unsigned: direction from measured efficacy contrast
motif_cnn33_hct116_all_cnn_ism_309,cnn,cnn33,cnn_ism,all,all,GCAGG,GCAGG,GCAGG,GCAGG,GCAGG,5,19,23,19.0,0.0,19:194,19,Other,194,194,1,,-0.04699017580269593,-,carrier_vs_background_measured_efficacy,3226610453.4314313,0.8317681708880611,0.8200144084902654,0.9995186014131595,0.9999999981280304,unavailable,6,3,Moderate motif evidence,ok,attribution_unsigned: direction from measured efficacy contrast
motif_cnn33_hl60_all_cnn_ig_310,cnn,cnn33,cnn_ig,all,all,CAGG,CAGG,CAGG,CAGG,CAGG,4,20,23,20.0,0.0,20:194,20,Other,194,194,1,,-0.01733516118908754,-,carrier_vs_background_measured_efficacy,3500764622.4515195,0.9339983234184243,0.911485378907581,0.9958846218844343,0.9999999981280304,unavailable,23,4,Moderate motif evidence,ok,attribution_unsigned: direction from measured efficacy contrast
motif_cnn33_hl60_sequence_cnn_ig_311,cnn,cnn33,cnn_ig,all,sequence,CAGG,CAGG,CAGG,CAGG,CAGG,4,20,23,20.0,0.0,20:194,20,Other,194,194,1,,-0.01733516118908754,-,carrier_vs_background_measured_efficacy,11556232292.187092,0.9339983234184243,0.911485378907581,0.9958846218844343,0.9999999981280304,unavailable,23,4,Moderate motif evidence,ok,attribution_unsigned: direction from measured efficacy contrast
motif_cnn33_hct116_sequence_cnn_ig_312,cnn,cnn33,cnn_ig,single,sequence,CCGG,CCGG,CCGG,CCGG,CCGG,4,20,23,20.0,0.0,20:194,20,Other,194,194,1,,-0.010849528968868982,-,carrier_vs_background_measured_efficacy,7300475949.823227,1.055273904909816,1.0634719871918288,0.09723071739637468,0.30229076119441606,unavailable,4,3,Moderate motif evidence,ok,attribution_unsigned: direction from measured efficacy contrast
motif_cnn33_hl60_all_cnn_ig_313,cnn,cnn33,cnn_ig,single,all,CAGG,CAGG,CAGG,CAGG,CAGG,4,20,23,20.0,0.0,20:194,20,Other,194,194,1,,-0.01733516118908754,-,carrier_vs_background_measured_efficacy,7076354283.833387,0.9339983234184243,0.911485378907581,0.9958846218844343,0.9999999981280304,unavailable,23,4,Moderate motif evidence,ok,attribution_unsigned: direction from measured efficacy contrast
motif_cnn33_hl60_sequence_cnn_ig_314,cnn,cnn33,cnn_ig,single,sequence,CAGG,CAGG,CAGG,CAGG,CAGG,4,20,23,20.0,0.0,20:194,20,Other,194,194,1,,-0.01733516118908754,-,carrier_vs_background_measured_efficacy,1971196974.071113,0.9339983234184243,0.911485378907581,0.9958846218844343,0.9999999981280304,unavailable,23,4,Moderate motif evidence,ok,attribution_unsigned: direction from measured efficacy contrast
motif_cnn53_hl60_all_cnn_ig_315,cnn,cnn53,cnn_ig,all,all,CAGG,CAGG,CAGG,CAGG,CAGG,4,20,23,20.0,0.0,20:194,20,Other,194,194,1,,-0.01733516118908754,-,carrier_vs_background_measured_efficacy,6354726763.67495,0.9339983234184243,0.911485378907581,0.9958846218844343,0.9999999981280304,unavailable,23,4,Moderate motif evidence,ok,attribution_unsigned: direction from measured efficacy contrast
motif_cnn53_hl60_sequence_cnn_ig_316,cnn,cnn53,cnn_ig,all,sequence,CAGG,CAGG,CAGG,CAGG,CAGG,4,20,23,20.0,0.0,20:194,20,Other,194,194,1,,-0.01733516118908754,-,carrier_vs_background_measured_efficacy,17466160628.369946,0.9339983234184243,0.911485378907581,0.9958846218844343,0.9999999981280304,unavailable,23,4,Moderate motif evidence,ok,attribution_unsigned: direction from measured efficacy contrast
motif_cnn73_hl60_all_cnn_ig_317,cnn,cnn73,cnn_ig,all,all,CAGG,CAGG,CAGG,CAGG,CAGG,4,20,23,20.0,0.0,20:194,20,Other,194,194,1,,-0.01733516118908754,-,carrier_vs_background_measured_efficacy,6658646598.225433,0.9339983234184243,0.911485378907581,0.9958846218844343,0.9999999981280304,unavailable,23,4,Moderate motif evidence,ok,attribution_unsigned: direction from measured efficacy contrast
motif_cnn73_hl60_sequence_cnn_ig_318,cnn,cnn73,cnn_ig,all,sequence,CAGG,CAGG,CAGG,CAGG,CAGG,4,20,23,20.0,0.0,20:194,20,Other,194,194,1,,-0.01733516118908754,-,carrier_vs_background_measured_efficacy,15444602170.114622,0.9339983234184243,0.911485378907581,0.9958846218844343,0.9999999981280304,unavailable,23,4,Moderate motif evidence,ok,attribution_unsigned: direction from measured efficacy contrast
motif_cnn73_hl60_all_cnn_ig_319,cnn,cnn73,cnn_ig,single,all,CAGG,CAGG,CAGG,CAGG,CAGG,4,20,23,20.0,0.0,20:194,20,Other,194,194,1,,-0.01733516118908754,-,carrier_vs_background_measured_efficacy,5689673654.340911,0.9339983234184243,0.911485378907581,0.9958846218844343,0.9999999981280304,unavailable,23,4,Moderate motif evidence,ok,attribution_unsigned: direction from measured efficacy contrast
motif_cnn73_hl60_sequence_cnn_ig_320,cnn,cnn73,cnn_ig,single,sequence,CAGG,CAGG,CAGG,CAGG,CAGG,4,20,23,20.0,0.0,20:194,20,Other,194,194,1,,-0.01733516118908754,-,carrier_vs_background_measured_efficacy,6764552747.812144,0.9339983234184243,0.911485378907581,0.9958846218844343,0.9999999981280304,unavailable,23,4,Moderate motif evidence,ok,attribution_unsigned: direction from measured efficacy contrast
motif_cnn53_hl60_all_cnn_ig_321,cnn,cnn53,cnn_ig,single,all,CAGG,CAGG,CAGG,CAGG,CAGG,4,20,23,20.0,0.0,20:193,20,Other,193,193,1,,-0.01849909199628999,-,carrier_vs_background_measured_efficacy,2419896002.2076063,0.9339983234184243,0.911485378907581,0.9958846218844343,0.9999999981280304,unavailable,23,4,Moderate motif evidence,ok,attribution_unsigned: direction from measured efficacy contrast
motif_cnn33_hek293t_all_cnn_ig_322,cnn,cnn33,cnn_ig,all,all,TTGG,TTGG,TTGG,TTGG,TTGG,4,20,23,20.0,0.0,20:192,20,Other,192,192,1,,0.042278880207082065,+,carrier_vs_background_measured_efficacy,5241293791.591248,0.8998420889416014,0.890448568988756,0.9846074828444094,0.9999999981280304,unavailable,12,2,Moderate motif evidence,ok,attribution_unsigned: direction from measured efficacy contrast
motif_cnn33_hek293t_sequence_cnn_ig_323,cnn,cnn33,cnn_ig,all,sequence,TTGG,TTGG,TTGG,TTGG,TTGG,4,20,23,20.0,0.0,20:192,20,Other,192,192,1,,0.042278880207082065,+,carrier_vs_background_measured_efficacy,8303838386.938047,0.8998420889416014,0.890448568988756,0.9846074828444094,0.9999999981280304,unavailable,10,2,Moderate motif evidence,ok,attribution_unsigned: direction from measured efficacy contrast
motif_cnn33_hek293t_all_cnn_ig_324,cnn,cnn33,cnn_ig,single,all,TTGG,TTGG,TTGG,TTGG,TTGG,4,20,23,20.0,0.0,20:192,20,Other,192,192,1,,0.042278880207082065,+,carrier_vs_background_measured_efficacy,10422435297.620733,0.8998420889416014,0.890448568988756,0.9846074828444094,0.9999999981280304,unavailable,12,2,Moderate motif evidence,ok,attribution_unsigned: direction from measured efficacy contrast
motif_cnn33_hek293t_sequence_cnn_ig_325,cnn,cnn33,cnn_ig,single,sequence,TTGG,TTGG,TTGG,TTGG,TTGG,4,20,23,20.0,0.0,20:192,20,Other,192,192,1,,0.042278880207082065,+,carrier_vs_background_measured_efficacy,2280385461.441825,0.8998420889416014,0.890448568988756,0.9846074828444094,0.9999999981280304,unavailable,10,2,Moderate motif evidence,ok,attribution_unsigned: direction from measured efficacy contrast
motif_cnn53_hek293t_all_cnn_ig_326,cnn,cnn53,cnn_ig,all,all,TTGG,TTGG,TTGG,TTGG,TTGG,4,20,23,20.0,0.0,20:192,20,Other,192,192,1,,0.042278880207082065,+,carrier_vs_background_measured_efficacy,8614253598.346458,0.8998420889416014,0.890448568988756,0.9846074828444094,0.9999999981280304,unavailable,12,2,Moderate motif evidence,ok,attribution_unsigned: direction from measured efficacy contrast
motif_cnn53_hek293t_sequence_cnn_ig_327,cnn,cnn53,cnn_ig,all,sequence,TTGG,TTGG,TTGG,TTGG,TTGG,4,20,23,20.0,0.0,20:192,20,Other,192,192,1,,0.042278880207082065,+,carrier_vs_background_measured_efficacy,7964463808.647465,0.8998420889416014,0.890448568988756,0.9846074828444094,0.9999999981280304,unavailable,10,2,Moderate motif evidence,ok,attribution_unsigned: direction from measured efficacy contrast
motif_cnn53_hek293t_all_cnn_ig_328,cnn,cnn53,cnn_ig,single,all,TTGG,TTGG,TTGG,TTGG,TTGG,4,20,23,20.0,0.0,20:192,20,Other,192,192,1,,0.042278880207082065,+,carrier_vs_background_measured_efficacy,1182603637.645557,0.8998420889416014,0.890448568988756,0.9846074828444094,0.9999999981280304,unavailable,12,2,Moderate motif evidence,ok,attribution_unsigned: direction from measured efficacy contrast
motif_cnn73_hek293t_all_cnn_ig_329,cnn,cnn73,cnn_ig,all,all,TTGG,TTGG,TTGG,TTGG,TTGG,4,20,23,20.0,0.0,20:192,20,Other,192,192,1,,0.042278880207082065,+,carrier_vs_background_measured_efficacy,6193387262.17742,0.8998420889416014,0.890448568988756,0.9846074828444094,0.9999999981280304,unavailable,12,2,Moderate motif evidence,ok,attribution_unsigned: direction from measured efficacy contrast
motif_cnn73_hek293t_sequence_cnn_ig_330,cnn,cnn73,cnn_ig,all,sequence,TTGG,TTGG,TTGG,TTGG,TTGG,4,20,23,20.0,0.0,20:192,20,Other,192,192,1,,0.042278880207082065,+,carrier_vs_background_measured_efficacy,4000263210.1683226,0.8998420889416014,0.890448568988756,0.9846074828444094,0.9999999981280304,unavailable,10,2,Moderate motif evidence,ok,attribution_unsigned: direction from measured efficacy contrast
motif_cnn73_hek293t_all_cnn_ig_331,cnn,cnn73,cnn_ig,single,all,TTGG,TTGG,TTGG,TTGG,TTGG,4,20,23,20.0,0.0,20:192,20,Other,192,192,1,,0.042278880207082065,+,carrier_vs_background_measured_efficacy,4510753648.868141,0.8998420889416014,0.890448568988756,0.9846074828444094,0.9999999981280304,unavailable,12,2,Moderate motif evidence,ok,attribution_unsigned: direction from measured efficacy contrast
motif_cnn73_hek293t_sequence_cnn_ig_332,cnn,cnn73,cnn_ig,single,sequence,TTGG,TTGG,TTGG,TTGG,TTGG,4,20,23,20.0,0.0,20:192,20,Other,192,192,1,,0.042278880207082065,+,carrier_vs_background_measured_efficacy,2258526522.8994026,0.8998420889416014,0.890448568988756,0.9846074828444094,0.9999999981280304,unavailable,10,2,Moderate motif evidence,ok,attribution_unsigned: direction from measured efficacy contrast
motif_cnn53_hek293t_sequence_cnn_ig_333,cnn,cnn53,cnn_ig,single,sequence,GAGG,GAGG,GAGG,GAGG,GAGG,4,20,23,20.0,0.0,20:190,20,Other,190,190,1,,-0.035776017468590965,-,carrier_vs_background_measured_efficacy,744545310.8326833,1.0809362039550032,1.1068326971020197,0.0029209226284590056,0.03090524587530819,unavailable,24,4,Strong motif evidence,ok,attribution_unsigned: direction from measured efficacy contrast
motif_cnn33_hl60_all_cnn_ig_334,cnn,cnn33,cnn_ig,all,all,AAGG,AAGG,AAGG,AAGG,AAGG,4,20,23,20.0,0.0,20:189,20,Other,189,189,1,,0.009436246667999554,+,carrier_vs_background_measured_efficacy,2396535524.4771442,0.9830211455329801,0.9785317686427984,0.7216160884684157,0.9999999981280304,unavailable,24,4,Moderate motif evidence,ok,attribution_unsigned: direction from measured efficacy contrast
motif_cnn33_hl60_sequence_cnn_ig_335,cnn,cnn33,cnn_ig,all,sequence,AAGG,AAGG,AAGG,AAGG,AAGG,4,20,23,20.0,0.0,20:189,20,Other,189,189,1,,0.009436246667999554,+,carrier_vs_background_measured_efficacy,9448610148.573807,0.9830211455329801,0.9785317686427984,0.7216160884684157,0.9999999981280304,unavailable,24,4,Moderate motif evidence,ok,attribution_unsigned: direction from measured efficacy contrast
motif_cnn33_hl60_all_cnn_ig_336,cnn,cnn33,cnn_ig,single,all,AAGG,AAGG,AAGG,AAGG,AAGG,4,20,23,20.0,0.0,20:189,20,Other,189,189,1,,0.009436246667999554,+,carrier_vs_background_measured_efficacy,6690397414.719269,0.9830211455329801,0.9785317686427984,0.7216160884684157,0.9999999981280304,unavailable,24,4,Moderate motif evidence,ok,attribution_unsigned: direction from measured efficacy contrast
motif_cnn53_hl60_all_cnn_ig_337,cnn,cnn53,cnn_ig,all,all,AAGG,AAGG,AAGG,AAGG,AAGG,4,20,23,20.0,0.0,20:189,20,Other,189,189,1,,0.009436246667999554,+,carrier_vs_background_measured_efficacy,3934714997.0066466,0.9830211455329801,0.9785317686427984,0.7216160884684157,0.9999999981280304,unavailable,24,4,Moderate motif evidence,ok,attribution_unsigned: direction from measured efficacy contrast
motif_cnn53_hl60_sequence_cnn_ig_338,cnn,cnn53,cnn_ig,all,sequence,AAGG,AAGG,AAGG,AAGG,AAGG,4,20,23,20.0,0.0,20:189,20,Other,189,189,1,,0.009436246667999554,+,carrier_vs_background_measured_efficacy,15459053258.055647,0.9830211455329801,0.9785317686427984,0.7216160884684157,0.9999999981280304,unavailable,24,4,Moderate motif evidence,ok,attribution_unsigned: direction from measured efficacy contrast
motif_cnn73_hl60_all_cnn_ig_339,cnn,cnn73,cnn_ig,all,all,AAGG,AAGG,AAGG,AAGG,AAGG,4,20,23,20.0,0.0,20:189,20,Other,189,189,1,,0.009436246667999554,+,carrier_vs_background_measured_efficacy,5491933209.8869705,0.9830211455329801,0.9785317686427984,0.7216160884684157,0.9999999981280304,unavailable,24,4,Moderate motif evidence,ok,attribution_unsigned: direction from measured efficacy contrast
motif_cnn73_hl60_sequence_cnn_ig_340,cnn,cnn73,cnn_ig,all,sequence,AAGG,AAGG,AAGG,AAGG,AAGG,4,20,23,20.0,0.0,20:189,20,Other,189,189,1,,0.009436246667999554,+,carrier_vs_background_measured_efficacy,13645386779.292768,0.9830211455329801,0.9785317686427984,0.7216160884684157,0.9999999981280304,unavailable,24,4,Moderate motif evidence,ok,attribution_unsigned: direction from measured efficacy contrast
motif_cnn73_hl60_all_cnn_ig_341,cnn,cnn73,cnn_ig,single,all,AAGG,AAGG,AAGG,AAGG,AAGG,4,20,23,20.0,0.0,20:189,20,Other,189,189,1,,0.009436246667999554,+,carrier_vs_background_measured_efficacy,5121947279.21861,0.9830211455329801,0.9785317686427984,0.7216160884684157,0.9999999981280304,unavailable,24,4,Moderate motif evidence,ok,attribution_unsigned: direction from measured efficacy contrast
motif_cnn73_hl60_sequence_cnn_ig_342,cnn,cnn73,cnn_ig,single,sequence,AAGG,AAGG,AAGG,AAGG,AAGG,4,20,23,20.0,0.0,20:189,20,Other,189,189,1,,0.009436246667999554,+,carrier_vs_background_measured_efficacy,5736252526.342737,0.9830211455329801,0.9785317686427984,0.7216160884684157,0.9999999981280304,unavailable,24,4,Moderate motif evidence,ok,attribution_unsigned: direction from measured efficacy contrast
motif_cnn33_hct116_all_cnn_ig_343,cnn,cnn33,cnn_ig,all,all,GTGG,GTGG,GTGG,GTGG,GTGG,4,20,23,20.0,0.0,20:186,20,Other,186,186,1,,0.02072100190674181,+,carrier_vs_background_measured_efficacy,1500735290.9054875,1.0298658830769423,1.036047729617759,0.2010127514868136,0.46595181970088245,unavailable,24,4,Moderate motif evidence,ok,attribution_unsigned: direction from measured efficacy contrast
motif_cnn53_hl60_sequence_cnn_ig_344,cnn,cnn53,cnn_ig,single,sequence,CAGG,CAGG,CAGG,CAGG,CAGG,4,20,23,20.0,0.0,20:186,20,Other,186,186,1,,-0.01753769510993572,-,carrier_vs_background_measured_efficacy,2611348162.449437,0.9339983234184243,0.911485378907581,0.9958846218844343,0.9999999981280304,unavailable,23,4,Moderate motif evidence,ok,attribution_unsigned: direction from measured efficacy contrast
motif_cnn33_hek293t_sequence_cnn_ism_345,cnn,cnn33,cnn_ism,all,sequence,AAGG,AAGG,AAGG,AAGG,AAGG,4,20,23,20.0,0.0,20:185,20,Other,185,185,1,,-0.005736219969392886,-,carrier_vs_background_measured_efficacy,3576274059.8170395,0.9830211455329801,0.9785317686427984,0.7216160884684157,0.9999999981280304,unavailable,6,1,Model-specific motif,ok,attribution_unsigned: direction from measured efficacy contrast
motif_cnn33_hct116_sequence_cnn_ism_346,cnn,cnn33,cnn_ism,single,sequence,CCGG,CCGG,CCGG,CCGG,CCGG,4,1,23,19.28108108108108,3.6351124196058557,1:7;20:178,1;20,Other,185,185,1,,-0.005266831797170274,-,carrier_vs_background_measured_efficacy,12.640937455186268,1.055273904909816,1.0634719871918288,0.09723071739637468,0.30229076119441606,unavailable,2,1,Model-specific motif,ok,attribution_unsigned: direction from measured efficacy contrast
motif_cnn33_hek293t_all_cnn_ig_347,cnn,cnn33,cnn_ig,all,all,GAGG,GAGG,GAGG,GAGG,GAGG,4,20,23,20.0,0.0,20:183,20,Other,183,183,1,,-0.03455037272910205,-,carrier_vs_background_measured_efficacy,2765413528.929117,1.0809362039550032,1.1068326971020197,0.0029209226284590056,0.03090524587530819,unavailable,24,4,Strong motif evidence,ok,attribution_unsigned: direction from measured efficacy contrast
motif_cnn53_hela_sequence_cnn_ism_348,cnn,cnn53,cnn_ism,all,sequence,GCCA,GCCA,GCCA,GCCA,GCCA,4,15,19,15.66120218579235,0.4745995160706938,15:62;16:121,15;16,Other,183,183,1,,0.0005422411047615316,+,carrier_vs_background_measured_efficacy,4.722574010679877,0.9372329956584661,0.9281920529801324,0.9487007032649133,0.9999999981280304,unavailable,1,1,Exploratory motif,ok,attribution_unsigned: direction from measured efficacy contrast
motif_cnn73_hct116_sequence_cnn_ism_349,cnn,cnn73,cnn_ism,single,sequence,GCTGG,GCTGG,GCTGG,GCTGG,GCTGG,5,19,23,19.0,0.0,19:183,19,Other,183,183,1,,-0.07456771924915598,-,carrier_vs_background_measured_efficacy,2541374613.8415565,0.8009702101663002,0.7861957485035577,0.9999818685649463,0.9999999981280304,unavailable,12,2,Moderate motif evidence,ok,attribution_unsigned: direction from measured efficacy contrast
motif_cnn53_hct116_sequence_cnn_ism_350,cnn,cnn53,cnn_ism,all,sequence,AGGG,AGGG,AGGG,AGGG,AGGG,4,20,23,20.0,0.0,20:182,20,Other,182,182,1,,0.0031028862003838475,+,carrier_vs_background_measured_efficacy,2049330157.6069145,1.0681015439399633,1.0813451458297574,0.034221384081866424,0.20595621979545298,unavailable,2,1,Model-specific motif,ok,attribution_unsigned: direction from measured efficacy contrast
motif_cnn73_hl60_sequence_cnn_ism_351,cnn,cnn73,cnn_ism,single,sequence,CTGG,CTGG,CTGG,CTGG,CTGG,4,20,23,20.0,0.0,20:179,20,Other,179,179,1,,-0.024742153234248693,-,carrier_vs_background_measured_efficacy,4569016342.208817,0.8702599689641344,0.8345934290668208,0.9999995461087219,0.9999999981280304,unavailable,6,2,Moderate motif evidence,ok,attribution_unsigned: direction from measured efficacy contrast
motif_cnn33_hct116_all_cnn_ism_352,cnn,cnn33,cnn_ism,single,all,CCGG,CCGG,CCGG,CCGG,CCGG,4,20,23,20.0,0.0,20:178,20,Other,178,178,1,,-0.00707924876838939,-,carrier_vs_background_measured_efficacy,4813232308.268853,1.055273904909816,1.0634719871918288,0.09723071739637468,0.30229076119441606,unavailable,2,1,Model-specific motif,ok,attribution_unsigned: direction from measured efficacy contrast
motif_cnn33_hct116_all_cnn_ism_353,cnn,cnn33,cnn_ism,single,all,GAAGG,GAAGG,GAAGG,GAAGG,GAAGG,5,19,23,19.0,0.0,19:177,19,Other,177,177,1,,0.010075493693421533,+,carrier_vs_background_measured_efficacy,5080085733.948544,1.094172826005967,1.103496497447512,0.038898659398457595,0.22988757266115478,unavailable,5,3,Moderate motif evidence,ok,attribution_unsigned: direction from measured efficacy contrast
motif_cnn33_hct116_all_cnn_ism_354,cnn,cnn33,cnn_ism,all,all,CCAGG,CCAGG,CCAGG,CCAGG,CCAGG,5,19,23,19.0,0.0,19:174,19,Other,174,174,1,,0.0008402604449301299,+,carrier_vs_background_measured_efficacy,3270707688.507814,1.110353669992637,1.122891838783098,0.014051460275336245,0.12456429649487268,unavailable,4,2,Moderate motif evidence,ok,attribution_unsigned: direction from measured efficacy contrast
motif_cnn53_hek293t_all_cnn_ig_355,cnn,cnn53,cnn_ig,single,all,GAGG,GAGG,GAGG,GAGG,GAGG,4,20,23,20.0,0.0,20:174,20,Other,174,174,1,,-0.037972782886056905,-,carrier_vs_background_measured_efficacy,383231023.465681,1.0809362039550032,1.1068326971020197,0.0029209226284590056,0.03090524587530819,unavailable,24,4,Strong motif evidence,ok,attribution_unsigned: direction from measured efficacy contrast
motif_cnn73_hl60_sequence_cnn_ism_356,cnn,cnn73,cnn_ism,single,sequence,GAGG,GAGG,GAGG,GAGG,GAGG,4,20,23,20.0,0.0,20:173,20,Other,173,173,1,,0.03391664284394166,+,carrier_vs_background_measured_efficacy,5490239629.1868925,1.0809362039550032,1.1068326971020197,0.0029209226284590056,0.03090524587530819,unavailable,7,3,Strong motif evidence,ok,attribution_unsigned: direction from measured efficacy contrast
motif_cnn53_hct116_sequence_cnn_ism_357,cnn,cnn53,cnn_ism,all,sequence,GCGG,GCGG,GCGG,GCGG,GCGG,4,20,23,20.0,0.0,20:171,20,Other,171,171,1,,0.019535308517451444,+,carrier_vs_background_measured_efficacy,4470640909.858042,1.0652951044017434,1.0763756532231985,0.0512066236046428,0.2469966550341594,unavailable,3,1,Model-specific motif,ok,attribution_unsigned: direction from measured efficacy contrast
motif_cnn73_hl60_all_cnn_ism_358,cnn,cnn73,cnn_ism,single,all,CTGG,CTGG,CTGG,CTGG,CTGG,4,20,23,20.0,0.0,20:170,20,Other,170,170,1,,-0.01434005460818319,-,carrier_vs_background_measured_efficacy,3321264560.023967,0.8702599689641344,0.8345934290668208,0.9999995461087219,0.9999999981280304,unavailable,4,1,Model-specific motif,ok,attribution_unsigned: direction from measured efficacy contrast
motif_cnn53_hela_sequence_cnn_ism_359,cnn,cnn53,cnn_ism,all,sequence,TCCA,TCCA,TCCA,TCCA,TCCA,4,15,19,15.520958083832335,0.5010630068032038,15:80;16:87,15;16,Other,167,167,1,,0.02026552708696755,+,carrier_vs_background_measured_efficacy,4.473813034258415,1.0366049034295148,1.0419121595191296,0.19651921507889097,0.46595181970088245,unavailable,1,1,Exploratory motif,ok,attribution_unsigned: direction from measured efficacy contrast
motif_cnn73_hl60_all_cnn_ism_360,cnn,cnn73,cnn_ism,single,all,GAGG,GAGG,GAGG,GAGG,GAGG,4,20,23,20.0,0.0,20:167,20,Other,167,167,1,,0.034749968119778124,+,carrier_vs_background_measured_efficacy,5182625570.644968,1.0809362039550032,1.1068326971020197,0.0029209226284590056,0.03090524587530819,unavailable,3,1,Model-specific motif,ok,attribution_unsigned: direction from measured efficacy contrast
motif_cnn33_hek293t_sequence_cnn_ig_361,cnn,cnn33,cnn_ig,all,sequence,GTGG,GTGG,GTGG,GTGG,GTGG,4,20,23,20.0,0.0,20:165,20,Other,165,165,1,,-0.02252307016131247,-,carrier_vs_background_measured_efficacy,6081997752.303136,1.0298658830769423,1.036047729617759,0.2010127514868136,0.46595181970088245,unavailable,22,4,Moderate motif evidence,ok,attribution_unsigned: direction from measured efficacy contrast
motif_cnn33_hek293t_all_cnn_ig_362,cnn,cnn33,cnn_ig,single,all,GTGG,GTGG,GTGG,GTGG,GTGG,4,20,23,20.0,0.0,20:165,20,Other,165,165,1,,-0.02252307016131247,-,carrier_vs_background_measured_efficacy,10739045047.860891,1.0298658830769423,1.036047729617759,0.2010127514868136,0.46595181970088245,unavailable,24,4,Moderate motif evidence,ok,attribution_unsigned: direction from measured efficacy contrast
motif_cnn33_hek293t_sequence_cnn_ig_363,cnn,cnn33,cnn_ig,single,sequence,GTGG,GTGG,GTGG,GTGG,GTGG,4,20,23,20.0,0.0,20:165,20,Other,165,165,1,,-0.02252307016131247,-,carrier_vs_background_measured_efficacy,2224559643.4941635,1.0298658830769423,1.036047729617759,0.2010127514868136,0.46595181970088245,unavailable,22,4,Moderate motif evidence,ok,attribution_unsigned: direction from measured efficacy contrast
motif_cnn53_hek293t_sequence_cnn_ig_364,cnn,cnn53,cnn_ig,all,sequence,GTGG,GTGG,GTGG,GTGG,GTGG,4,20,23,20.0,0.0,20:165,20,Other,165,165,1,,-0.02252307016131247,-,carrier_vs_background_measured_efficacy,7541941533.614117,1.0298658830769423,1.036047729617759,0.2010127514868136,0.46595181970088245,unavailable,22,4,Moderate motif evidence,ok,attribution_unsigned: direction from measured efficacy contrast
motif_cnn73_hek293t_all_cnn_ig_365,cnn,cnn73,cnn_ig,all,all,GTGG,GTGG,GTGG,GTGG,GTGG,4,20,23,20.0,0.0,20:165,20,Other,165,165,1,,-0.02252307016131247,-,carrier_vs_background_measured_efficacy,5686468648.491417,1.0298658830769423,1.036047729617759,0.2010127514868136,0.46595181970088245,unavailable,24,4,Moderate motif evidence,ok,attribution_unsigned: direction from measured efficacy contrast
motif_cnn73_hek293t_sequence_cnn_ig_366,cnn,cnn73,cnn_ig,all,sequence,GTGG,GTGG,GTGG,GTGG,GTGG,4,20,23,20.0,0.0,20:165,20,Other,165,165,1,,-0.02252307016131247,-,carrier_vs_background_measured_efficacy,4161174782.5906,1.0298658830769423,1.036047729617759,0.2010127514868136,0.46595181970088245,unavailable,22,4,Moderate motif evidence,ok,attribution_unsigned: direction from measured efficacy contrast
motif_cnn73_hek293t_all_cnn_ig_367,cnn,cnn73,cnn_ig,single,all,GTGG,GTGG,GTGG,GTGG,GTGG,4,20,23,20.0,0.0,20:165,20,Other,165,165,1,,-0.02252307016131247,-,carrier_vs_background_measured_efficacy,5289116521.953865,1.0298658830769423,1.036047729617759,0.2010127514868136,0.46595181970088245,unavailable,24,4,Moderate motif evidence,ok,attribution_unsigned: direction from measured efficacy contrast
motif_cnn73_hek293t_sequence_cnn_ig_368,cnn,cnn73,cnn_ig,single,sequence,GTGG,GTGG,GTGG,GTGG,GTGG,4,20,23,20.0,0.0,20:165,20,Other,165,165,1,,-0.02252307016131247,-,carrier_vs_background_measured_efficacy,2661020674.471117,1.0298658830769423,1.036047729617759,0.2010127514868136,0.46595181970088245,unavailable,22,4,Moderate motif evidence,ok,attribution_unsigned: direction from measured efficacy contrast
motif_cnn33_hek293t_all_cnn_ig_369,cnn,cnn33,cnn_ig,all,all,ATGG,ATGG,ATGG,ATGG,ATGG,4,20,23,20.0,0.0,20:164,20,Other,164,164,1,,-0.0029890596564527694,-,carrier_vs_background_measured_efficacy,5153337260.708183,1.0498111288645542,1.0607045679813174,0.0766084731168302,0.2590472080651578,unavailable,24,4,Moderate motif evidence,ok,attribution_unsigned: direction from measured efficacy contrast
motif_cnn33_hek293t_sequence_cnn_ig_370,cnn,cnn33,cnn_ig,all,sequence,ATGG,ATGG,ATGG,ATGG,ATGG,4,20,23,20.0,0.0,20:164,20,Other,164,164,1,,-0.0029890596564527694,-,carrier_vs_background_measured_efficacy,8099295897.4093075,1.0498111288645542,1.0607045679813174,0.0766084731168302,0.2590472080651578,unavailable,22,4,Moderate motif evidence,ok,attribution_unsigned: direction from measured efficacy contrast
motif_cnn33_hct116_all_cnn_ism_371,cnn,cnn33,cnn_ism,single,all,AGGG,AGGG,AGGG,AGGG,AGGG,4,20,23,20.0,0.0,20:164,20,Other,164,164,1,,0.0827095885801048,+,carrier_vs_background_measured_efficacy,1319120064.2432194,1.0681015439399633,1.0813451458297574,0.034221384081866424,0.20595621979545298,unavailable,1,1,Exploratory motif,ok,attribution_unsigned: direction from measured efficacy contrast
motif_cnn33_hct116_sequence_cnn_ism_372,cnn,cnn33,cnn_ism,single,sequence,GCAGG,GCAGG,GCAGG,GCAGG,GCAGG,5,19,23,19.0,0.0,19:164,19,Other,164,164,1,,-0.033439907443574945,-,carrier_vs_background_measured_efficacy,5827299030.140184,0.8317681708880611,0.8200144084902654,0.9995186014131595,0.9999999981280304,unavailable,8,3,Moderate motif evidence,ok,attribution_unsigned: direction from measured efficacy contrast
motif_cnn33_hek293t_all_cnn_ig_373,cnn,cnn33,cnn_ig,single,all,ATGG,ATGG,ATGG,ATGG,ATGG,4,20,23,20.0,0.0,20:164,20,Other,164,164,1,,-0.0029890596564527694,-,carrier_vs_background_measured_efficacy,10384580959.604727,1.0498111288645542,1.0607045679813174,0.0766084731168302,0.2590472080651578,unavailable,24,4,Moderate motif evidence,ok,attribution_unsigned: direction from measured efficacy contrast
motif_cnn33_hek293t_sequence_cnn_ig_374,cnn,cnn33,cnn_ig,single,sequence,ATGG,ATGG,ATGG,ATGG,ATGG,4,20,23,20.0,0.0,20:164,20,Other,164,164,1,,-0.0029890596564527694,-,carrier_vs_background_measured_efficacy,2312638290.4628544,1.0498111288645542,1.0607045679813174,0.0766084731168302,0.2590472080651578,unavailable,22,4,Moderate motif evidence,ok,attribution_unsigned: direction from measured efficacy contrast
motif_cnn53_hek293t_all_cnn_ig_375,cnn,cnn53,cnn_ig,all,all,GTGG,GTGG,GTGG,GTGG,GTGG,4,20,23,20.0,0.0,20:164,20,Other,164,164,1,,-0.021644570041275096,-,carrier_vs_background_measured_efficacy,8078235473.173351,1.0298658830769423,1.036047729617759,0.2010127514868136,0.46595181970088245,unavailable,24,4,Moderate motif evidence,ok,attribution_unsigned: direction from measured efficacy contrast
motif_cnn53_hek293t_sequence_cnn_ig_376,cnn,cnn53,cnn_ig,all,sequence,ATGG,ATGG,ATGG,ATGG,ATGG,4,20,23,20.0,0.0,20:164,20,Other,164,164,1,,-0.0029890596564527694,-,carrier_vs_background_measured_efficacy,7890956573.343468,1.0498111288645542,1.0607045679813174,0.0766084731168302,0.2590472080651578,unavailable,22,4,Moderate motif evidence,ok,attribution_unsigned: direction from measured efficacy contrast
motif_cnn53_hek293t_all_cnn_ig_377,cnn,cnn53,cnn_ig,single,all,ATGG,ATGG,ATGG,ATGG,ATGG,4,20,23,20.0,0.0,20:164,20,Other,164,164,1,,-0.0029890596564527694,-,carrier_vs_background_measured_efficacy,828154728.5044397,1.0498111288645542,1.0607045679813174,0.0766084731168302,0.2590472080651578,unavailable,24,4,Moderate motif evidence,ok,attribution_unsigned: direction from measured efficacy contrast
motif_cnn53_hek293t_all_cnn_ig_378,cnn,cnn53,cnn_ig,single,all,GTGG,GTGG,GTGG,GTGG,GTGG,4,20,23,20.0,0.0,20:164,20,Other,164,164,1,,-0.022428447069872154,-,carrier_vs_background_measured_efficacy,794154925.072403,1.0298658830769423,1.036047729617759,0.2010127514868136,0.46595181970088245,unavailable,24,4,Moderate motif evidence,ok,attribution_unsigned: direction from measured efficacy contrast
motif_cnn73_hek293t_all_cnn_ig_379,cnn,cnn73,cnn_ig,all,all,ATGG,ATGG,ATGG,ATGG,ATGG,4,20,23,20.0,0.0,20:164,20,Other,164,164,1,,-0.0029890596564527694,-,carrier_vs_background_measured_efficacy,5086847939.916584,1.0498111288645542,1.0607045679813174,0.0766084731168302,0.2590472080651578,unavailable,24,4,Moderate motif evidence,ok,attribution_unsigned: direction from measured efficacy contrast
motif_cnn73_hek293t_sequence_cnn_ig_380,cnn,cnn73,cnn_ig,all,sequence,ATGG,ATGG,ATGG,ATGG,ATGG,4,20,23,20.0,0.0,20:164,20,Other,164,164,1,,-0.0029890596564527694,-,carrier_vs_background_measured_efficacy,3484726946.5293,1.0498111288645542,1.0607045679813174,0.0766084731168302,0.2590472080651578,unavailable,22,4,Moderate motif evidence,ok,attribution_unsigned: direction from measured efficacy contrast
motif_cnn73_hek293t_all_cnn_ig_381,cnn,cnn73,cnn_ig,single,all,ATGG,ATGG,ATGG,ATGG,ATGG,4,20,23,20.0,0.0,20:164,20,Other,164,164,1,,-0.0029890596564527694,-,carrier_vs_background_measured_efficacy,4436746163.109788,1.0498111288645542,1.0607045679813174,0.0766084731168302,0.2590472080651578,unavailable,24,4,Moderate motif evidence,ok,attribution_unsigned: direction from measured efficacy contrast
motif_cnn73_hek293t_sequence_cnn_ig_382,cnn,cnn73,cnn_ig,single,sequence,ATGG,ATGG,ATGG,ATGG,ATGG,4,20,23,20.0,0.0,20:164,20,Other,164,164,1,,-0.0029890596564527694,-,carrier_vs_background_measured_efficacy,1894671407.2776618,1.0498111288645542,1.0607045679813174,0.0766084731168302,0.2590472080651578,unavailable,22,4,Moderate motif evidence,ok,attribution_unsigned: direction from measured efficacy contrast
motif_cnn33_hct116_sequence_cnn_ism_383,cnn,cnn33,cnn_ism,single,sequence,CCAGG,CCAGG,CCAGG,CCAGG,CCAGG,5,1,23,18.447852760736197,3.1133987110137906,1:5;19:158,1;19,Other,163,163,1,,-0.005899782886627181,-,carrier_vs_background_measured_efficacy,10.629003061428657,1.110353669992637,1.122891838783098,0.014051460275336245,0.12456429649487268,unavailable,6,2,Moderate motif evidence,ok,attribution_unsigned: direction from measured efficacy contrast
motif_cnn33_hek293t_all_cnn_ig_384,cnn,cnn33,cnn_ig,single,all,TGGG,TGGG,TGGG,TGGG,TGGG,4,20,23,20.0,0.0,20:162,20,Other,162,162,1,,0.004696383111533947,+,carrier_vs_background_measured_efficacy,10829194294.49025,0.9431518361265985,0.9383205790201837,0.8727817010220373,0.9999999981280304,unavailable,6,1,Model-specific motif,ok,attribution_unsigned: direction from measured efficacy contrast
motif_cnn33_hek293t_sequence_cnn_ig_385,cnn,cnn33,cnn_ig,single,sequence,TGGG,TGGG,TGGG,TGGG,TGGG,4,20,23,20.0,0.0,20:162,20,Other,162,162,1,,0.004696383111533947,+,carrier_vs_background_measured_efficacy,1872828535.8519917,0.9431518361265985,0.9383205790201837,0.8727817010220373,0.9999999981280304,unavailable,6,1,Model-specific motif,ok,attribution_unsigned: direction from measured efficacy contrast
motif_cnn53_hek293t_all_cnn_ig_386,cnn,cnn53,cnn_ig,single,all,TGGG,TGGG,TGGG,TGGG,TGGG,4,20,23,20.0,0.0,20:162,20,Other,162,162,1,,0.004696383111533947,+,carrier_vs_background_measured_efficacy,685770826.745497,0.9431518361265985,0.9383205790201837,0.8727817010220373,0.9999999981280304,unavailable,6,1,Model-specific motif,ok,attribution_unsigned: direction from measured efficacy contrast
motif_cnn73_hek293t_all_cnn_ig_387,cnn,cnn73,cnn_ig,all,all,TGGG,TGGG,TGGG,TGGG,TGGG,4,20,23,20.0,0.0,20:162,20,Other,162,162,1,,0.004696383111533947,+,carrier_vs_background_measured_efficacy,5630850064.335384,0.9431518361265985,0.9383205790201837,0.8727817010220373,0.9999999981280304,unavailable,6,1,Model-specific motif,ok,attribution_unsigned: direction from measured efficacy contrast
motif_cnn73_hek293t_sequence_cnn_ig_388,cnn,cnn73,cnn_ig,all,sequence,TGGG,TGGG,TGGG,TGGG,TGGG,4,20,23,20.0,0.0,20:162,20,Other,162,162,1,,0.004696383111533947,+,carrier_vs_background_measured_efficacy,4174861048.8229413,0.9431518361265985,0.9383205790201837,0.8727817010220373,0.9999999981280304,unavailable,6,1,Model-specific motif,ok,attribution_unsigned: direction from measured efficacy contrast
motif_cnn73_hek293t_all_cnn_ig_389,cnn,cnn73,cnn_ig,single,all,TGGG,TGGG,TGGG,TGGG,TGGG,4,20,23,20.0,0.0,20:162,20,Other,162,162,1,,0.004696383111533947,+,carrier_vs_background_measured_efficacy,4586361374.588201,0.9431518361265985,0.9383205790201837,0.8727817010220373,0.9999999981280304,unavailable,6,1,Model-specific motif,ok,attribution_unsigned: direction from measured efficacy contrast
motif_cnn73_hek293t_sequence_cnn_ig_390,cnn,cnn73,cnn_ig,single,sequence,TGGG,TGGG,TGGG,TGGG,TGGG,4,20,23,20.0,0.0,20:162,20,Other,162,162,1,,0.004696383111533947,+,carrier_vs_background_measured_efficacy,2276411478.145037,0.9431518361265985,0.9383205790201837,0.8727817010220373,0.9999999981280304,unavailable,6,1,Model-specific motif,ok,attribution_unsigned: direction from measured efficacy contrast
motif_cnn33_hek293t_sequence_cnn_ig_391,cnn,cnn33,cnn_ig,all,sequence,TGGG,TGGG,TGGG,TGGG,TGGG,4,20,23,20.0,0.0,20:160,20,Other,160,160,1,,0.005174666229428193,+,carrier_vs_background_measured_efficacy,3445312084.8917994,0.9431518361265985,0.9383205790201837,0.8727817010220373,0.9999999981280304,unavailable,6,1,Model-specific motif,ok,attribution_unsigned: direction from measured efficacy contrast
motif_cnn33_hl60_all_cnn_ig_392,cnn,cnn33,cnn_ig,single,all,GTGG,GTGG,GTGG,GTGG,GTGG,4,20,23,20.0,0.0,20:160,20,Other,160,160,1,,0.038710975132225295,+,carrier_vs_background_measured_efficacy,4091470909.7705574,1.0298658830769423,1.036047729617759,0.2010127514868136,0.46595181970088245,unavailable,24,4,Moderate motif evidence,ok,attribution_unsigned: direction from measured efficacy contrast
motif_cnn53_hl60_sequence_cnn_ig_393,cnn,cnn53,cnn_ig,single,sequence,GCGG,GCGG,GCGG,GCGG,GCGG,4,2,23,19.8875,1.4230249470757708,2:1;20:159,2;20,Other,160,160,1,,0.05498469362788619,+,carrier_vs_background_measured_efficacy,26.10180413574045,1.0652951044017434,1.0763756532231985,0.0512066236046428,0.2469966550341594,unavailable,8,2,Moderate motif evidence,ok,attribution_unsigned: direction from measured efficacy contrast
motif_cnn33_hl60_sequence_cnn_ig_394,cnn,cnn33,cnn_ig,all,sequence,GCGG,GCGG,GCGG,GCGG,GCGG,4,20,23,20.0,0.0,20:159,20,Other,159,159,1,,0.05569779474559183,+,carrier_vs_background_measured_efficacy,6370586297.039986,1.0652951044017434,1.0763756532231985,0.0512066236046428,0.2469966550341594,unavailable,8,1,Model-specific motif,ok,attribution_unsigned: direction from measured efficacy contrast
motif_cnn53_hek293t_all_cnn_ig_395,cnn,cnn53,cnn_ig,all,all,ATGG,ATGG,ATGG,ATGG,ATGG,4,20,23,20.0,0.0,20:159,20,Other,159,159,1,,-0.0029053260972871087,-,carrier_vs_background_measured_efficacy,8226479520.089916,1.0498111288645542,1.0607045679813174,0.0766084731168302,0.2590472080651578,unavailable,24,4,Moderate motif evidence,ok,attribution_unsigned: direction from measured efficacy contrast
motif_cnn53_hek293t_sequence_cnn_ig_396,cnn,cnn53,cnn_ig,all,sequence,TGGG,TGGG,TGGG,TGGG,TGGG,4,20,23,20.0,0.0,20:159,20,Other,159,159,1,,0.004522706024781609,+,carrier_vs_background_measured_efficacy,6582377451.9018755,0.9431518361265985,0.9383205790201837,0.8727817010220373,0.9999999981280304,unavailable,6,1,Model-specific motif,ok,attribution_unsigned: direction from measured efficacy contrast
motif_cnn53_hl60_all_cnn_ig_397,cnn,cnn53,cnn_ig,all,all,GCGG,GCGG,GCGG,GCGG,GCGG,4,20,23,20.0,0.0,20:159,20,Other,159,159,1,,0.05569779474559183,+,carrier_vs_background_measured_efficacy,4847219720.78849,1.0652951044017434,1.0763756532231985,0.0512066236046428,0.2469966550341594,unavailable,6,2,Moderate motif evidence,ok,attribution_unsigned: direction from measured efficacy contrast
motif_cnn53_hl60_sequence_cnn_ig_398,cnn,cnn53,cnn_ig,all,sequence,GCGG,GCGG,GCGG,GCGG,GCGG,4,20,23,20.0,0.0,20:159,20,Other,159,159,1,,0.05569779474559183,+,carrier_vs_background_measured_efficacy,15901735197.985525,1.0652951044017434,1.0763756532231985,0.0512066236046428,0.2469966550341594,unavailable,8,2,Moderate motif evidence,ok,attribution_unsigned: direction from measured efficacy contrast
motif_cnn53_hl60_all_cnn_ig_399,cnn,cnn53,cnn_ig,single,all,GCGG,GCGG,GCGG,GCGG,GCGG,4,20,23,20.0,0.0,20:159,20,Other,159,159,1,,0.05569779474559183,+,carrier_vs_background_measured_efficacy,4064755285.6468515,1.0652951044017434,1.0763756532231985,0.0512066236046428,0.2469966550341594,unavailable,6,2,Moderate motif evidence,ok,attribution_unsigned: direction from measured efficacy contrast
motif_cnn73_hl60_all_cnn_ig_400,cnn,cnn73,cnn_ig,all,all,GCGG,GCGG,GCGG,GCGG,GCGG,4,20,23,20.0,0.0,20:159,20,Other,159,159,1,,0.05569779474559183,+,carrier_vs_background_measured_efficacy,5232718369.231682,1.0652951044017434,1.0763756532231985,0.0512066236046428,0.2469966550341594,unavailable,6,2,Moderate motif evidence,ok,attribution_unsigned: direction from measured efficacy contrast
motif_cnn73_hl60_sequence_cnn_ig_401,cnn,cnn73,cnn_ig,all,sequence,GCGG,GCGG,GCGG,GCGG,GCGG,4,20,23,20.0,0.0,20:159,20,Other,159,159,1,,0.05569779474559183,+,carrier_vs_background_measured_efficacy,12107188575.236061,1.0652951044017434,1.0763756532231985,0.0512066236046428,0.2469966550341594,unavailable,8,2,Moderate motif evidence,ok,attribution_unsigned: direction from measured efficacy contrast
motif_cnn73_hl60_all_cnn_ig_402,cnn,cnn73,cnn_ig,single,all,GCGG,GCGG,GCGG,GCGG,GCGG,4,20,23,20.0,0.0,20:159,20,Other,159,159,1,,0.05569779474559183,+,carrier_vs_background_measured_efficacy,7067453858.326176,1.0652951044017434,1.0763756532231985,0.0512066236046428,0.2469966550341594,unavailable,6,2,Moderate motif evidence,ok,attribution_unsigned: direction from measured efficacy contrast
motif_cnn73_hl60_sequence_cnn_ig_403,cnn,cnn73,cnn_ig,single,sequence,GCGG,GCGG,GCGG,GCGG,GCGG,4,20,23,20.0,0.0,20:159,20,Other,159,159,1,,0.05569779474559183,+,carrier_vs_background_measured_efficacy,7492491398.299023,1.0652951044017434,1.0763756532231985,0.0512066236046428,0.2469966550341594,unavailable,8,2,Moderate motif evidence,ok,attribution_unsigned: direction from measured efficacy contrast
motif_cnn33_hek293t_all_cnn_ig_404,cnn,cnn33,cnn_ig,all,all,GTGG,GTGG,GTGG,GTGG,GTGG,4,20,23,20.0,0.0,20:158,20,Other,158,158,1,,-0.02311913467075169,-,carrier_vs_background_measured_efficacy,3470226346.2046504,1.0298658830769423,1.036047729617759,0.2010127514868136,0.46595181970088245,unavailable,24,4,Moderate motif evidence,ok,attribution_unsigned: direction from measured efficacy contrast
motif_cnn33_hl60_sequence_cnn_ig_405,cnn,cnn33,cnn_ig,single,sequence,GAGG,GAGG,GAGG,GAGG,GAGG,4,20,23,20.0,0.0,20:158,20,Other,158,158,1,,0.03899227380025794,+,carrier_vs_background_measured_efficacy,938389568.7512572,1.0809362039550032,1.1068326971020197,0.0029209226284590056,0.03090524587530819,unavailable,24,4,Strong motif evidence,ok,attribution_unsigned: direction from measured efficacy contrast
motif_cnn73_hct116_sequence_cnn_ism_406,cnn,cnn73,cnn_ism,single,sequence,CCTGG,CCTGG,CCTGG,CCTGG,CCTGG,5,19,23,19.0,0.0,19:158,19,Other,158,158,1,,-0.06212805774440852,-,carrier_vs_background_measured_efficacy,8089103104.132912,0.9054718299316332,0.89829666715883,0.966388835797844,0.9999999981280304,unavailable,13,2,Moderate motif evidence,ok,attribution_unsigned: direction from measured efficacy contrast
motif_cnn53_hl60_all_cnn_ism_407,cnn,cnn53,cnn_ism,all,all,CTGG,CTGG,CTGG,CTGG,CTGG,4,20,23,20.0,0.0,20:157,20,Other,157,157,1,,-0.03923496928655354,-,carrier_vs_background_measured_efficacy,1252538311.1399827,0.8702599689641344,0.8345934290668208,0.9999995461087219,0.9999999981280304,unavailable,4,2,Moderate motif evidence,ok,attribution_unsigned: direction from measured efficacy contrast
motif_cnn33_hct116_sequence_cnn_ism_408,cnn,cnn33,cnn_ism,single,sequence,ACAGG,ACAGG,ACAGG,ACAGG,ACAGG,5,19,23,19.0,0.0,19:153,19,Other,153,153,1,,-0.0002479367245394881,-,carrier_vs_background_measured_efficacy,8018647755.185795,0.7893488158773473,0.77606158734038,0.9999765334306173,0.9999999981280304,unavailable,6,2,Moderate motif evidence,ok,attribution_unsigned: direction from measured efficacy contrast
motif_cnn53_hek293t_all_cnn_ig_409,cnn,cnn53,cnn_ig,all,all,TGGG,TGGG,TGGG,TGGG,TGGG,4,20,23,20.0,0.0,20:153,20,Other,153,153,1,,0.004952245401249611,+,carrier_vs_background_measured_efficacy,7400940599.230417,0.9431518361265985,0.9383205790201837,0.8727817010220373,0.9999999981280304,unavailable,6,1,Model-specific motif,ok,attribution_unsigned: direction from measured efficacy contrast
motif_cnn53_hek293t_sequence_cnn_ig_410,cnn,cnn53,cnn_ig,single,sequence,TGGG,TGGG,TGGG,TGGG,TGGG,4,20,23,20.0,0.0,20:153,20,Other,153,153,1,,0.0020389995500923463,+,carrier_vs_background_measured_efficacy,989558022.41105,0.9431518361265985,0.9383205790201837,0.8727817010220373,0.9999999981280304,unavailable,6,1,Model-specific motif,ok,attribution_unsigned: direction from measured efficacy contrast
motif_cnn33_hct116_all_cnn_ig_411,cnn,cnn33,cnn_ig,all,all,CATGG,CATGG,CATGG,CATGG,CATGG,5,19,23,19.0,0.0,19:152,19,Other,152,152,1,,0.025310558828083862,+,carrier_vs_background_measured_efficacy,2928054988.539427,1.0548359864930053,1.0588379917184265,0.186227964323406,0.46595181970088245,unavailable,1,1,Exploratory motif,ok,attribution_unsigned: direction from measured efficacy contrast
motif_cnn33_hct116_all_cnn_ig_412,cnn,cnn33,cnn_ig,all,all,CCGG,CCGG,CCGG,CCGG,CCGG,4,20,23,20.0,0.0,20:151,20,Other,151,151,1,,-0.02394565779680477,-,carrier_vs_background_measured_efficacy,3572911344.1754847,1.055273904909816,1.0634719871918288,0.09723071739637468,0.30229076119441606,unavailable,6,3,Moderate motif evidence,ok,attribution_unsigned: direction from measured efficacy contrast
motif_cnn33_hct116_all_cnn_ism_413,cnn,cnn33,cnn_ism,all,all,ACAG,ACAG,ACAG,ACAG,ACAG,4,19,22,19.0,0.0,19:151,19,Other,151,151,1,,-0.0006020114366817597,-,carrier_vs_background_measured_efficacy,3425934801.5293283,0.9671192362889336,0.9612028043127482,0.8267232951494473,0.9999999981280304,unavailable,1,1,Exploratory motif,ok,attribution_unsigned: direction from measured efficacy contrast
motif_cnn53_hela_all_cnn_ism_414,cnn,cnn53,cnn_ism,single,all,AGCTG,AGCTG,AGCTG,AGCTG,AGCTG,5,18,22,18.0,0.0,18:151,18,Other,151,151,1,,-0.08279292997564505,-,carrier_vs_background_measured_efficacy,3391191019.8601875,0.6660708895261602,0.6525578538115214,0.9999999967493322,0.9999999981280304,unavailable,1,1,Exploratory motif,ok,attribution_unsigned: direction from measured efficacy contrast
motif_cnn53_hl60_all_cnn_ig_415,cnn,cnn53,cnn_ig,single,all,AAGG,AAGG,AAGG,AAGG,AAGG,4,20,23,20.0,0.0,20:151,20,Other,151,151,1,,0.00190875741728197,+,carrier_vs_background_measured_efficacy,1756167675.8337533,0.9830211455329801,0.9785317686427984,0.7216160884684157,0.9999999981280304,unavailable,24,4,Moderate motif evidence,ok,attribution_unsigned: direction from measured efficacy contrast
motif_cnn33_hl60_sequence_cnn_ig_416,cnn,cnn33,cnn_ig,single,sequence,AAGG,AAGG,AAGG,AAGG,AAGG,4,20,23,20.0,0.0,20:147,20,Other,147,147,1,,0.008511987338126026,+,carrier_vs_background_measured_efficacy,1083480167.532458,0.9830211455329801,0.9785317686427984,0.7216160884684157,0.9999999981280304,unavailable,24,4,Moderate motif evidence,ok,attribution_unsigned: direction from measured efficacy contrast
motif_cnn53_hl60_all_cnn_ism_417,cnn,cnn53,cnn_ism,all,all,GTGG,GTGG,GTGG,GTGG,GTGG,4,1,23,18.54861111111111,5.064382497942873,1:11;20:133,1;20,Other,144,144,1,,0.033755999538498616,+,carrier_vs_background_measured_efficacy,11.895895565166224,1.0298658830769423,1.036047729617759,0.2010127514868136,0.46595181970088245,unavailable,5,2,Moderate motif evidence,ok,attribution_unsigned: direction from measured efficacy contrast
motif_cnn33_hl60_all_cnn_ig_418,cnn,cnn33,cnn_ig,single,all,GAGG,GAGG,GAGG,GAGG,GAGG,4,20,23,20.0,0.0,20:143,20,Other,143,143,1,,0.03686110156598921,+,carrier_vs_background_measured_efficacy,2565346444.801725,1.0809362039550032,1.1068326971020197,0.0029209226284590056,0.03090524587530819,unavailable,24,4,Strong motif evidence,ok,attribution_unsigned: direction from measured efficacy contrast
motif_cnn33_hek293t_sequence_cnn_ism_419,cnn,cnn33,cnn_ism,all,sequence,GAGG,GAGG,GAGG,GAGG,GAGG,4,20,23,20.0,0.0,20:142,20,Other,142,142,1,,-0.03526376450309038,-,carrier_vs_background_measured_efficacy,2140733141.4037006,1.0809362039550032,1.1068326971020197,0.0029209226284590056,0.03090524587530819,unavailable,7,1,Model-specific motif,ok,attribution_unsigned: direction from measured efficacy contrast
motif_cnn33_hela_all_cnn_ism_420,cnn,cnn33,cnn_ism,all,all,CAAG,CAAG,CAAG,CAAG,CAAG,4,16,20,16.56737588652482,0.4972059725392212,16:61;17:80,16;17,Other,141,141,1,,-0.002597704676623902,-,carrier_vs_background_measured_efficacy,1.7147864237216097,1.0301989597728038,1.0354136295341663,0.2201826701456434,0.5032746746186135,unavailable,2,1,Model-specific motif,ok,attribution_unsigned: direction from measured efficacy contrast
motif_cnn33_hl60_all_cnn_ig_421,cnn,cnn33,cnn_ig,all,all,TTGG,TTGG,TTGG,TTGG,TTGG,4,20,23,20.0,0.0,20:141,20,Other,141,141,1,,-0.06443191338219667,-,carrier_vs_background_measured_efficacy,2607460747.5492506,0.8998420889416014,0.890448568988756,0.9846074828444094,0.9999999981280304,unavailable,12,2,Moderate motif evidence,ok,attribution_unsigned: direction from measured efficacy contrast
motif_cnn33_hl60_sequence_cnn_ig_422,cnn,cnn33,cnn_ig,all,sequence,TTGG,TTGG,TTGG,TTGG,TTGG,4,20,23,20.0,0.0,20:141,20,Other,141,141,1,,-0.06443191338219667,-,carrier_vs_background_measured_efficacy,10040400319.2274,0.8998420889416014,0.890448568988756,0.9846074828444094,0.9999999981280304,unavailable,10,2,Moderate motif evidence,ok,attribution_unsigned: direction from measured efficacy contrast
motif_cnn33_hl60_all_cnn_ig_423,cnn,cnn33,cnn_ig,single,all,TTGG,TTGG,TTGG,TTGG,TTGG,4,20,23,20.0,0.0,20:141,20,Other,141,141,1,,-0.06443191338219667,-,carrier_vs_background_measured_efficacy,6789995131.964364,0.8998420889416014,0.890448568988756,0.9846074828444094,0.9999999981280304,unavailable,12,2,Moderate motif evidence,ok,attribution_unsigned: direction from measured efficacy contrast
motif_cnn53_hl60_all_cnn_ig_424,cnn,cnn53,cnn_ig,all,all,TTGG,TTGG,TTGG,TTGG,TTGG,4,20,23,20.0,0.0,20:141,20,Other,141,141,1,,-0.06443191338219667,-,carrier_vs_background_measured_efficacy,5941825781.73025,0.8998420889416014,0.890448568988756,0.9846074828444094,0.9999999981280304,unavailable,12,2,Moderate motif evidence,ok,attribution_unsigned: direction from measured efficacy contrast
motif_cnn53_hl60_sequence_cnn_ig_425,cnn,cnn53,cnn_ig,all,sequence,TTGG,TTGG,TTGG,TTGG,TTGG,4,20,23,20.0,0.0,20:141,20,Other,141,141,1,,-0.06443191338219667,-,carrier_vs_background_measured_efficacy,17940988918.69022,0.8998420889416014,0.890448568988756,0.9846074828444094,0.9999999981280304,unavailable,10,2,Moderate motif evidence,ok,attribution_unsigned: direction from measured efficacy contrast
motif_cnn73_hl60_all_cnn_ig_426,cnn,cnn73,cnn_ig,all,all,TTGG,TTGG,TTGG,TTGG,TTGG,4,20,23,20.0,0.0,20:141,20,Other,141,141,1,,-0.06443191338219667,-,carrier_vs_background_measured_efficacy,5181913186.9624815,0.8998420889416014,0.890448568988756,0.9846074828444094,0.9999999981280304,unavailable,12,2,Moderate motif evidence,ok,attribution_unsigned: direction from measured efficacy contrast
motif_cnn73_hl60_sequence_cnn_ig_427,cnn,cnn73,cnn_ig,all,sequence,TTGG,TTGG,TTGG,TTGG,TTGG,4,20,23,20.0,0.0,20:141,20,Other,141,141,1,,-0.06443191338219667,-,carrier_vs_background_measured_efficacy,13431447293.335024,0.8998420889416014,0.890448568988756,0.9846074828444094,0.9999999981280304,unavailable,10,2,Moderate motif evidence,ok,attribution_unsigned: direction from measured efficacy contrast
motif_cnn73_hl60_all_cnn_ig_428,cnn,cnn73,cnn_ig,single,all,TTGG,TTGG,TTGG,TTGG,TTGG,4,20,23,20.0,0.0,20:141,20,Other,141,141,1,,-0.06443191338219667,-,carrier_vs_background_measured_efficacy,6490821310.886048,0.8998420889416014,0.890448568988756,0.9846074828444094,0.9999999981280304,unavailable,12,2,Moderate motif evidence,ok,attribution_unsigned: direction from measured efficacy contrast
motif_cnn73_hl60_sequence_cnn_ig_429,cnn,cnn73,cnn_ig,single,sequence,TTGG,TTGG,TTGG,TTGG,TTGG,4,20,23,20.0,0.0,20:141,20,Other,141,141,1,,-0.06443191338219667,-,carrier_vs_background_measured_efficacy,7547203832.866489,0.8998420889416014,0.890448568988756,0.9846074828444094,0.9999999981280304,unavailable,10,2,Moderate motif evidence,ok,attribution_unsigned: direction from measured efficacy contrast
motif_cnn53_hl60_sequence_cnn_ig_430,cnn,cnn53,cnn_ig,single,sequence,TTGG,TTGG,TTGG,TTGG,TTGG,4,20,23,20.0,0.0,20:140,20,Other,140,140,1,,-0.06464480790443658,-,carrier_vs_background_measured_efficacy,2988117475.3730416,0.8998420889416014,0.890448568988756,0.9846074828444094,0.9999999981280304,unavailable,10,2,Moderate motif evidence,ok,attribution_unsigned: direction from measured efficacy contrast
motif_cnn33_hl60_all_cnn_ig_431,cnn,cnn33,cnn_ig,all,all,ATGG,ATGG,ATGG,ATGG,ATGG,4,20,23,20.0,0.0,20:139,20,Other,139,139,1,,0.007986760235546092,+,carrier_vs_background_measured_efficacy,2584051499.105524,1.0498111288645542,1.0607045679813174,0.0766084731168302,0.2590472080651578,unavailable,24,4,Moderate motif evidence,ok,attribution_unsigned: direction from measured efficacy contrast
motif_cnn33_hl60_sequence_cnn_ig_432,cnn,cnn33,cnn_ig,all,sequence,ATGG,ATGG,ATGG,ATGG,ATGG,4,20,23,20.0,0.0,20:139,20,Other,139,139,1,,0.007986760235546092,+,carrier_vs_background_measured_efficacy,9924843877.099438,1.0498111288645542,1.0607045679813174,0.0766084731168302,0.2590472080651578,unavailable,22,4,Moderate motif evidence,ok,attribution_unsigned: direction from measured efficacy contrast
motif_cnn33_hct116_all_cnn_ism_433,cnn,cnn33,cnn_ism,single,all,CATGG,CATGG,CATGG,CATGG,CATGG,5,19,23,19.0,0.0,19:139,19,Other,139,139,1,,0.04883726859773124,+,carrier_vs_background_measured_efficacy,3998177188.138168,1.0548359864930053,1.0588379917184265,0.186227964323406,0.46595181970088245,unavailable,4,3,Moderate motif evidence,ok,attribution_unsigned: direction from measured efficacy contrast
motif_cnn33_hl60_all_cnn_ig_434,cnn,cnn33,cnn_ig,single,all,ATGG,ATGG,ATGG,ATGG,ATGG,4,20,23,20.0,0.0,20:139,20,Other,139,139,1,,0.007986760235546092,+,carrier_vs_background_measured_efficacy,8216527698.095859,1.0498111288645542,1.0607045679813174,0.0766084731168302,0.2590472080651578,unavailable,24,4,Moderate motif evidence,ok,attribution_unsigned: direction from measured efficacy contrast
motif_cnn53_hl60_all_cnn_ig_435,cnn,cnn53,cnn_ig,all,all,ATGG,ATGG,ATGG,ATGG,ATGG,4,20,23,20.0,0.0,20:139,20,Other,139,139,1,,0.007986760235546092,+,carrier_vs_background_measured_efficacy,5098269529.899118,1.0498111288645542,1.0607045679813174,0.0766084731168302,0.2590472080651578,unavailable,24,4,Moderate motif evidence,ok,attribution_unsigned: direction from measured efficacy contrast
motif_cnn53_hl60_sequence_cnn_ig_436,cnn,cnn53,cnn_ig,all,sequence,ATGG,ATGG,ATGG,ATGG,ATGG,4,20,23,20.0,0.0,20:139,20,Other,139,139,1,,0.007986760235546092,+,carrier_vs_background_measured_efficacy,17218265013.053608,1.0498111288645542,1.0607045679813174,0.0766084731168302,0.2590472080651578,unavailable,22,4,Moderate motif evidence,ok,attribution_unsigned: direction from measured efficacy contrast
motif_cnn73_hl60_all_cnn_ig_437,cnn,cnn73,cnn_ig,all,all,ATGG,ATGG,ATGG,ATGG,ATGG,4,20,23,20.0,0.0,20:139,20,Other,139,139,1,,0.007986760235546092,+,carrier_vs_background_measured_efficacy,5203849384.337313,1.0498111288645542,1.0607045679813174,0.0766084731168302,0.2590472080651578,unavailable,24,4,Moderate motif evidence,ok,attribution_unsigned: direction from measured efficacy contrast
motif_cnn73_hl60_sequence_cnn_ig_438,cnn,cnn73,cnn_ig,all,sequence,ATGG,ATGG,ATGG,ATGG,ATGG,4,20,23,20.0,0.0,20:139,20,Other,139,139,1,,0.007986760235546092,+,carrier_vs_background_measured_efficacy,13263370283.86108,1.0498111288645542,1.0607045679813174,0.0766084731168302,0.2590472080651578,unavailable,22,4,Moderate motif evidence,ok,attribution_unsigned: direction from measured efficacy contrast
motif_cnn73_hl60_all_cnn_ig_439,cnn,cnn73,cnn_ig,single,all,ATGG,ATGG,ATGG,ATGG,ATGG,4,20,23,20.0,0.0,20:139,20,Other,139,139,1,,0.007986760235546092,+,carrier_vs_background_measured_efficacy,5643322130.061639,1.0498111288645542,1.0607045679813174,0.0766084731168302,0.2590472080651578,unavailable,24,4,Moderate motif evidence,ok,attribution_unsigned: direction from measured efficacy contrast
motif_cnn73_hl60_sequence_cnn_ig_440,cnn,cnn73,cnn_ig,single,sequence,ATGG,ATGG,ATGG,ATGG,ATGG,4,20,23,20.0,0.0,20:139,20,Other,139,139,1,,0.007986760235546092,+,carrier_vs_background_measured_efficacy,6802291591.187929,1.0498111288645542,1.0607045679813174,0.0766084731168302,0.2590472080651578,unavailable,22,4,Moderate motif evidence,ok,attribution_unsigned: direction from measured efficacy contrast
motif_cnn53_hl60_all_cnn_ig_441,cnn,cnn53,cnn_ig,single,all,TTGG,TTGG,TTGG,TTGG,TTGG,4,20,23,20.0,0.0,20:137,20,Other,137,137,1,,-0.0674046408892087,-,carrier_vs_background_measured_efficacy,2442013544.426992,0.8998420889416014,0.890448568988756,0.9846074828444094,0.9999999981280304,unavailable,12,2,Moderate motif evidence,ok,attribution_unsigned: direction from measured efficacy contrast
motif_cnn53_hl60_sequence_cnn_ig_442,cnn,cnn53,cnn_ig,single,sequence,AAGG,AAGG,AAGG,AAGG,AAGG,4,2,23,19.474452554744527,3.04157537540606,2:4;20:133,2;20,Other,137,136,1,,0.0020879520909222737,+,carrier_vs_background_measured_efficacy,88.77674248945252,0.9830211455329801,0.9785317686427984,0.7216160884684157,0.9999999981280304,unavailable,24,4,Moderate motif evidence,ok,attribution_unsigned: direction from measured efficacy contrast
motif_cnn53_hela_sequence_cnn_ism_443,cnn,cnn53,cnn_ism,all,sequence,CCCA,CCCA,CCCA,CCCA,CCCA,4,15,19,15.595588235294118,0.492592183071889,15:55;16:81,15;16,Other,136,136,1,,0.0486653483546714,+,carrier_vs_background_measured_efficacy,7.024985155248745,1.1254245011700867,1.1410961828384696,0.004731860871011904,0.047755395867443214,unavailable,1,1,Exploratory motif,ok,attribution_unsigned: direction from measured efficacy contrast
motif_cnn53_hela_all_cnn_ism_444,cnn,cnn53,cnn_ism,single,all,GCAG,GCAG,GCAG,GCAG,GCAG,4,16,19,16.0,0.0,16:136,16,Other,136,136,1,,-0.040365643942653184,-,carrier_vs_background_measured_efficacy,3637590026.3461046,0.9026666532621571,0.885054744548858,0.9981573260254025,0.9999999981280304,unavailable,1,1,Exploratory motif,ok,attribution_unsigned: direction from measured efficacy contrast
motif_cnn53_hl60_sequence_cnn_ig_445,cnn,cnn53,cnn_ig,single,sequence,ATGG,ATGG,ATGG,ATGG,ATGG,4,2,23,19.86764705882353,1.5434872662825796,2:1;20:135,2;20,Other,136,136,1,,0.0026615764970434053,+,carrier_vs_background_measured_efficacy,32.221962532374945,1.0498111288645542,1.0607045679813174,0.0766084731168302,0.2590472080651578,unavailable,22,4,Moderate motif evidence,ok,attribution_unsigned: direction from measured efficacy contrast
motif_cnn53_hela_sequence_cnn_ism_446,cnn,cnn53,cnn_ism,all,sequence,ACCA,ACCA,ACCA,ACCA,ACCA,4,15,19,15.511111111111111,0.5017382719429904,15:66;16:69,15;16,Other,135,135,1,,-0.0073449606920046595,-,carrier_vs_background_measured_efficacy,3.6183701445891954,1.0991055141461126,1.114710067462251,0.009631637448639353,0.08775491897649189,unavailable,1,1,Exploratory motif,ok,attribution_unsigned: direction from measured efficacy contrast
motif_cnn33_hct116_all_cnn_ism_447,cnn,cnn33,cnn_ism,single,all,AGCT,AGCT,AGCT,AGCT,AGCT,4,18,21,18.0,0.0,18:134,18,Other,134,134,1,,-0.08776585349232471,-,carrier_vs_background_measured_efficacy,6300493892.014815,0.8827913806239394,0.8705436068110163,0.9965291823458575,0.9999999981280304,unavailable,2,1,Model-specific motif,ok,attribution_unsigned: direction from measured efficacy contrast
motif_cnn33_hct116_sequence_cnn_ism_448,cnn,cnn33,cnn_ism,single,sequence,ACTGG,ACTGG,ACTGG,ACTGG,ACTGG,5,19,23,19.0,0.0,19:134,19,Other,134,134,1,,-0.012507607391603531,-,carrier_vs_background_measured_efficacy,5853693808.11854,0.863066043281799,0.8556500929179606,0.9896377913189666,0.9999999981280304,unavailable,11,3,Moderate motif evidence,ok,attribution_unsigned: direction from measured efficacy contrast
motif_cnn33_hct116_sequence_cnn_ism_449,cnn,cnn33,cnn_ism,single,sequence,AAAG,AAAG,AAAG,AAAG,AAAG,4,19,22,19.0,0.0,19:133,19,Other,133,133,1,,-0.05673157380494909,-,carrier_vs_background_measured_efficacy,6803780638.923259,0.8605786887837623,0.8465004962351401,0.9993398684145288,0.9999999981280304,unavailable,1,1,Exploratory motif,ok,attribution_unsigned: direction from measured efficacy contrast
motif_cnn73_hl60_all_cnn_ism_450,cnn,cnn73,cnn_ism,single,all,GCGG,GCGG,GCGG,GCGG,GCGG,4,20,23,20.0,0.0,20:133,20,Other,133,133,1,,0.05874643024465345,+,carrier_vs_background_measured_efficacy,6172293176.253667,1.0652951044017434,1.0763756532231985,0.0512066236046428,0.2469966550341594,unavailable,2,1,Model-specific motif,ok,attribution_unsigned: direction from measured efficacy contrast
motif_cnn73_hl60_sequence_cnn_ism_451,cnn,cnn73,cnn_ism,single,sequence,GCGG,GCGG,GCGG,GCGG,GCGG,4,20,23,20.0,0.0,20:132,20,Other,132,132,1,,0.0559435145976214,+,carrier_vs_background_measured_efficacy,6105531317.913603,1.0652951044017434,1.0763756532231985,0.0512066236046428,0.2469966550341594,unavailable,3,1,Model-specific motif,ok,attribution_unsigned: direction from measured efficacy contrast
motif_cnn53_hl60_all_cnn_ig_452,cnn,cnn53,cnn_ig,single,all,ATGG,ATGG,ATGG,ATGG,ATGG,4,20,23,20.0,0.0,20:130,20,Other,130,130,1,,0.010285085340991373,+,carrier_vs_background_measured_efficacy,2081557225.513533,1.0498111288645542,1.0607045679813174,0.0766084731168302,0.2590472080651578,unavailable,24,4,Moderate motif evidence,ok,attribution_unsigned: direction from measured efficacy contrast
motif_cnn73_hela_all_cnn_ism_453,cnn,cnn73,cnn_ism,all,all,CAAA,CAAA,CAAA,CAAA,CAAA,4,16,21,17.565891472868216,0.8276940977075075,16:28;18:101,16;18,Other,129,129,1,,-0.01358578795221671,-,carrier_vs_background_measured_efficacy,5.412179207255702,0.8242803802784717,0.8117849141986809,0.999767195354819,0.9999999981280304,unavailable,1,1,Exploratory motif,ok,attribution_unsigned: direction from measured efficacy contrast
motif_cnn53_hela_all_cnn_ism_454,cnn,cnn53,cnn_ism,single,all,GCCA,GCCA,GCCA,GCCA,GCCA,4,16,19,16.0,0.0,16:128,16,Other,128,128,1,,0.032967286133123386,+,carrier_vs_background_measured_efficacy,5566683520.252483,0.9372329956584661,0.9281920529801324,0.9487007032649133,0.9999999981280304,unavailable,6,2,Moderate motif evidence,ok,attribution_unsigned: direction from measured efficacy contrast
motif_cnn73_hela_all_cnn_ism_455,cnn,cnn73,cnn_ism,single,all,GCCA,GCCA,GCCA,GCCA,GCCA,4,16,19,16.0,0.0,16:128,16,Other,128,128,1,,0.032967286133123386,+,carrier_vs_background_measured_efficacy,9587235195.141739,0.9372329956584661,0.9281920529801324,0.9487007032649133,0.9999999981280304,unavailable,6,2,Moderate motif evidence,ok,attribution_unsigned: direction from measured efficacy contrast
motif_cnn53_hek293t_sequence_cnn_ig_456,cnn,cnn53,cnn_ig,single,sequence,AGGG,AGGG,AGGG,AGGG,AGGG,4,20,23,20.0,0.0,20:127,20,Other,127,127,1,,-0.03031035509974872,-,carrier_vs_background_measured_efficacy,535416787.8254436,1.0681015439399633,1.0813451458297574,0.034221384081866424,0.20595621979545298,unavailable,11,3,Moderate motif evidence,ok,attribution_unsigned: direction from measured efficacy contrast
motif_cnn33_hek293t_sequence_cnn_ism_457,cnn,cnn33,cnn_ism,all,sequence,TGGG,TGGG,TGGG,TGGG,TGGG,4,20,23,20.0,0.0,20:126,20,Other,126,126,1,,-0.002359738808796169,-,carrier_vs_background_measured_efficacy,2238354020.308935,0.9431518361265985,0.9383205790201837,0.8727817010220373,0.9999999981280304,unavailable,2,1,Model-specific motif,ok,attribution_unsigned: direction from measured efficacy contrast
motif_cnn33_hl60_sequence_cnn_ig_458,cnn,cnn33,cnn_ig,single,sequence,GCGG,GCGG,GCGG,GCGG,GCGG,4,20,23,20.0,0.0,20:126,20,Other,126,126,1,,0.06125767517213876,+,carrier_vs_background_measured_efficacy,1478240903.5914426,1.0652951044017434,1.0763756532231985,0.0512066236046428,0.2469966550341594,unavailable,8,1,Model-specific motif,ok,attribution_unsigned: direction from measured efficacy contrast
motif_cnn73_hl60_all_cnn_ism_459,cnn,cnn73,cnn_ism,single,all,GTGG,GTGG,GTGG,GTGG,GTGG,4,20,23,20.0,0.0,20:126,20,Other,126,126,1,,0.045525508777000234,+,carrier_vs_background_measured_efficacy,7917721004.431417,1.0298658830769423,1.036047729617759,0.2010127514868136,0.46595181970088245,unavailable,5,1,Model-specific motif,ok,attribution_unsigned: direction from measured efficacy contrast
motif_cnn33_hl60_all_cnn_ig_460,cnn,cnn33,cnn_ig,all,all,CCGG,CCGG,CCGG,CCGG,CCGG,4,20,23,20.0,0.0,20:125,20,Other,125,125,1,,-0.01272639239491638,-,carrier_vs_background_measured_efficacy,2795845723.81765,1.055273904909816,1.0634719871918288,0.09723071739637468,0.30229076119441606,unavailable,6,3,Moderate motif evidence,ok,attribution_unsigned: direction from measured efficacy contrast
motif_cnn33_hl60_all_cnn_ig_461,cnn,cnn33,cnn_ig,single,all,CCGG,CCGG,CCGG,CCGG,CCGG,4,20,23,20.0,0.0,20:125,20,Other,125,125,1,,-0.01272639239491638,-,carrier_vs_background_measured_efficacy,7418452045.523824,1.055273904909816,1.0634719871918288,0.09723071739637468,0.30229076119441606,unavailable,6,3,Moderate motif evidence,ok,attribution_unsigned: direction from measured efficacy contrast
motif_cnn33_hl60_sequence_cnn_ig_462,cnn,cnn33,cnn_ig,single,sequence,CCGG,CCGG,CCGG,CCGG,CCGG,4,20,23,20.0,0.0,20:125,20,Other,125,125,1,,-0.01272639239491638,-,carrier_vs_background_measured_efficacy,2511048190.3119125,1.055273904909816,1.0634719871918288,0.09723071739637468,0.30229076119441606,unavailable,4,3,Moderate motif evidence,ok,attribution_unsigned: direction from measured efficacy contrast
motif_cnn73_hl60_sequence_cnn_ism_463,cnn,cnn73,cnn_ism,single,sequence,CAGG,CAGG,CAGG,CAGG,CAGG,4,20,23,20.0,0.0,20:122,20,Other,122,122,1,,-0.0032694606635671475,-,carrier_vs_background_measured_efficacy,1270670239.6814246,0.9339983234184243,0.911485378907581,0.9958846218844343,0.9999999981280304,unavailable,5,3,Moderate motif evidence,ok,attribution_unsigned: direction from measured efficacy contrast
motif_cnn53_hela_all_cnn_ism_464,cnn,cnn53,cnn_ism,single,all,CCAG,CCAG,CCAG,CCAG,CCAG,4,16,19,16.0,0.0,16:119,16,Other,119,119,1,,0.017675516316467188,+,carrier_vs_background_measured_efficacy,3272385512.9135656,1.0800108706418272,1.1010509693644097,0.006704937511188862,0.06468292657852785,unavailable,1,1,Exploratory motif,ok,attribution_unsigned: direction from measured efficacy contrast
motif_cnn53_hela_all_cnn_ism_465,cnn,cnn53,cnn_ism,single,all,TGAA,TGAA,TGAA,TGAA,TGAA,4,16,19,16.0,0.0,16:115,16,Other,115,115,1,,-0.07442244894217306,-,carrier_vs_background_measured_efficacy,4401214032.744385,1.0118915590559947,1.0131289271942359,0.41209091196659536,0.8805590822478389,unavailable,1,1,Exploratory motif,ok,attribution_unsigned: direction from measured efficacy contrast
motif_cnn53_hela_sequence_cnn_ism_466,cnn,cnn53,cnn_ism,single,sequence,TGAA,TGAA,TGAA,TGAA,TGAA,4,16,19,16.0,0.0,16:115,16,Other,115,115,1,,-0.07442244894217306,-,carrier_vs_background_measured_efficacy,8896457208.199022,1.0118915590559947,1.0131289271942359,0.41209091196659536,0.8805590822478389,unavailable,1,1,Exploratory motif,ok,attribution_unsigned: direction from measured efficacy contrast
motif_cnn33_hct116_all_cnn_ism_467,cnn,cnn33,cnn_ism,all,all,AGCAGG,AGCAGG,AGCAGG,AGCAGG,AGCAGG,6,18,23,18.0,0.0,18:114,18,Other,114,114,1,,-0.06952796800170388,-,carrier_vs_background_measured_efficacy,3496582519.603883,0.6600740386603265,0.6524027535542519,0.9999955954540828,0.9999999981280304,unavailable,3,1,Model-specific motif,ok,attribution_unsigned: direction from measured efficacy contrast
motif_cnn73_hl60_sequence_cnn_ism_468,cnn,cnn73,cnn_ism,single,sequence,TTGG,TTGG,TTGG,TTGG,TTGG,4,20,23,20.0,0.0,20:114,20,Other,114,114,1,,-0.06054729718112406,-,carrier_vs_background_measured_efficacy,8149012659.551968,0.8998420889416014,0.890448568988756,0.9846074828444094,0.9999999981280304,unavailable,2,1,Model-specific motif,ok,attribution_unsigned: direction from measured efficacy contrast
motif_cnn73_hl60_sequence_cnn_ism_469,cnn,cnn73,cnn_ism,single,sequence,ATGG,ATGG,ATGG,ATGG,ATGG,4,20,23,20.0,0.0,20:113,20,Other,113,113,1,,0.008988210485080611,+,carrier_vs_background_measured_efficacy,3251269032.8682437,1.0498111288645542,1.0607045679813174,0.0766084731168302,0.2590472080651578,unavailable,3,2,Moderate motif evidence,ok,attribution_unsigned: direction from measured efficacy contrast
motif_cnn53_hela_all_cnn_ism_470,cnn,cnn53,cnn_ism,single,all,CACA,CACA,CACA,CACA,CACA,4,16,19,16.0,0.0,16:112,16,Other,112,112,1,,0.057548895725725135,+,carrier_vs_background_measured_efficacy,4658609240.626284,1.0205636351468812,1.023260850233673,0.32573779979974976,0.7052277117776761,unavailable,6,2,Moderate motif evidence,ok,attribution_unsigned: direction from measured efficacy contrast
motif_cnn73_hela_all_cnn_ism_471,cnn,cnn73,cnn_ism,all,all,GAAA,GAAA,GAAA,GAAA,GAAA,4,16,21,17.47747747747748,0.8826287889218091,16:29;18:82,16;18,Other,111,111,1,,-0.0783788684882687,-,carrier_vs_background_measured_efficacy,15.697033914177906,0.8730070641909293,0.8642396153253641,0.9917978267200008,0.9999999981280304,unavailable,1,1,Exploratory motif,ok,attribution_unsigned: direction from measured efficacy contrast
motif_cnn53_hela_all_cnn_ism_472,cnn,cnn53,cnn_ism,single,all,GGAA,GGAA,GGAA,GGAA,GGAA,4,16,19,16.0,0.0,16:110,16,Other,110,110,1,,-0.07261329585151924,-,carrier_vs_background_measured_efficacy,5616370273.824035,0.9632850224240948,0.958997899789979,0.803282508144628,0.9999999981280304,unavailable,2,1,Model-specific motif,ok,attribution_unsigned: direction from measured efficacy contrast
motif_cnn53_hela_sequence_cnn_ism_473,cnn,cnn53,cnn_ism,single,sequence,GGAA,GGAA,GGAA,GGAA,GGAA,4,16,19,16.0,0.0,16:110,16,Other,110,110,1,,-0.07261329585151924,-,carrier_vs_background_measured_efficacy,11286856539.002207,0.9632850224240948,0.958997899789979,0.803282508144628,0.9999999981280304,unavailable,1,1,Exploratory motif,ok,attribution_unsigned: direction from measured efficacy contrast
motif_cnn73_hela_all_cnn_ism_474,cnn,cnn73,cnn_ism,single,all,CACA,CACA,CACA,CACA,CACA,4,16,19,16.0,0.0,16:109,16,Other,109,109,1,,0.06023447459753378,+,carrier_vs_background_measured_efficacy,7156881165.859539,1.0205636351468812,1.023260850233673,0.32573779979974976,0.7052277117776761,unavailable,6,2,Moderate motif evidence,ok,attribution_unsigned: direction from measured efficacy contrast
motif_cnn33_hela_sequence_cnn_ism_475,cnn,cnn33,cnn_ism,all,sequence,GAGGAAATGG,GTTGCCATGG,KNNVVCATGG,(G/T)(A/C/G/T)(A/C/G/T)(A/C/G)(A/C/G)CATGG,[GT][ACGT][ACGT][ACG][ACG]CATGG,10,14,23,14.0,0.0,14:106,14,Other,106,106,1,,0.02464212166853258,+,carrier_vs_background_measured_efficacy,0.037929071698756395,1.1953991051197064,1.20118574280159,0.03110336357332466,0.20595621979545298,unavailable,1,1,Exploratory motif,exploratory,attribution_unsigned: direction from measured efficacy contrast
motif_cnn53_hl60_all_cnn_ism_476,cnn,cnn53,cnn_ism,all,all,ATGG,ATGG,ATGG,ATGG,ATGG,4,20,23,20.0,0.0,20:106,20,Other,106,106,1,,-0.0006408400404654402,-,carrier_vs_background_measured_efficacy,1682474629.2463574,1.0498111288645542,1.0607045679813174,0.0766084731168302,0.2590472080651578,unavailable,5,2,Moderate motif evidence,ok,attribution_unsigned: direction from measured efficacy contrast
motif_cnn73_hl60_all_cnn_ism_477,cnn,cnn73,cnn_ism,single,all,ATGG,ATGG,ATGG,ATGG,ATGG,4,20,23,20.0,0.0,20:106,20,Other,106,106,1,,0.010558336794427636,+,carrier_vs_background_measured_efficacy,2222644748.86485,1.0498111288645542,1.0607045679813174,0.0766084731168302,0.2590472080651578,unavailable,5,1,Model-specific motif,ok,attribution_unsigned: direction from measured efficacy contrast
motif_cnn73_hl60_all_cnn_ism_478,cnn,cnn73,cnn_ism,single,all,CAGG,CAGG,CAGG,CAGG,CAGG,4,20,23,20.0,0.0,20:106,20,Other,106,106,1,,-0.006671784941892495,-,carrier_vs_background_measured_efficacy,586155272.4972444,0.9339983234184243,0.911485378907581,0.9958846218844343,0.9999999981280304,unavailable,2,1,Model-specific motif,ok,attribution_unsigned: direction from measured efficacy contrast
motif_cnn73_hela_all_cnn_ism_479,cnn,cnn73,cnn_ism,single,all,TCCA,TCCA,TCCA,TCCA,TCCA,4,16,19,16.0,0.0,16:104,16,Other,104,104,1,,0.07039487036378472,+,carrier_vs_background_measured_efficacy,6211643417.676287,1.0366049034295148,1.0419121595191296,0.19651921507889097,0.46595181970088245,unavailable,5,2,Moderate motif evidence,ok,attribution_unsigned: direction from measured efficacy contrast
motif_cnn53_hl60_all_cnn_ism_480,cnn,cnn53,cnn_ism,all,all,TTGG,TTGG,TTGG,TTGG,TTGG,4,20,23,20.0,0.0,20:103,20,Other,103,103,1,,-0.07511596720900768,-,carrier_vs_background_measured_efficacy,1415917748.7891927,0.8998420889416014,0.890448568988756,0.9846074828444094,0.9999999981280304,unavailable,1,1,Exploratory motif,ok,attribution_unsigned: direction from measured efficacy contrast
motif_cnn73_hela_all_cnn_ism_481,cnn,cnn73,cnn_ism,all,all,CAAAG,CAAAG,CAAAG,CAAAG,CAAAG,5,16,22,17.300970873786408,0.9582966041347989,16:36;18:67,16;18,Other,103,103,1,,-0.013168480401867133,-,carrier_vs_background_measured_efficacy,583.6518057596534,0.8604768451519537,0.8548854186265287,0.9792188369463073,0.9999999981280304,unavailable,3,1,Model-specific motif,ok,attribution_unsigned: direction from measured efficacy contrast
motif_cnn33_hela_all_cnn_ism_482,cnn,cnn33,cnn_ism,all,all,CAAC,CAAC,CAAC,CAAC,CAAC,4,16,20,16.627450980392158,0.4858710383323114,16:38;17:64,16;17,Other,102,102,1,,-0.07573807544907749,-,carrier_vs_background_measured_efficacy,1.816170253128162,0.8822462157968263,0.8729867474975328,0.990785965597747,0.9999999981280304,unavailable,2,1,Model-specific motif,ok,attribution_unsigned: direction from measured efficacy contrast
motif_cnn33_hela_all_cnn_ism_483,cnn,cnn33,cnn_ism,all,all,GAAGA,GAAGA,GAAGA,GAAGA,GAAGA,5,15,21,16.205882352941178,0.7221836426733188,15:18;16:45;17:39,15;16;17,Other,102,102,1,,-0.04681875944197278,-,carrier_vs_background_measured_efficacy,2.0346315129597254,0.9481642121392696,0.9455438549422049,0.7913641206950434,0.9999999981280304,unavailable,3,2,Moderate motif evidence,ok,attribution_unsigned: direction from measured efficacy contrast
motif_cnn53_hct116_all_cnn_ism_484,cnn,cnn53,cnn_ism,all,all,GCCA,GCCA,GCCA,GCCA,GCCA,4,15,19,15.656862745098039,0.47710135584259805,15:35;16:67,15;16,Other,102,102,1,,-0.0037641060496902967,-,carrier_vs_background_measured_efficacy,7.9826807735184655,0.9372329956584661,0.9281920529801324,0.9487007032649133,0.9999999981280304,unavailable,6,2,Moderate motif evidence,ok,attribution_unsigned: direction from measured efficacy contrast
motif_cnn73_hela_all_cnn_ism_485,cnn,cnn73,cnn_ism,all,all,GAAAG,GAAAG,GAAAG,GAAAG,GAAAG,5,16,22,17.445544554455445,0.8997249304621106,16:28;18:73,16;18,Other,101,101,1,,-0.05613808235342849,-,carrier_vs_background_measured_efficacy,7.940087073894788,0.8294829897274086,0.824171230593754,0.9878603017591212,0.9999999981280304,unavailable,4,1,Model-specific motif,ok,attribution_unsigned: direction from measured efficacy contrast
motif_cnn33_hek293t_all_cnn_ig_486,cnn,cnn33,cnn_ig,all,all,TGGG,TGGG,TGGG,TGGG,TGGG,4,20,23,20.0,0.0,20:100,20,Other,100,100,1,,-0.0026643775062187847,-,carrier_vs_background_measured_efficacy,1894154176.4677458,0.9431518361265985,0.9383205790201837,0.8727817010220373,0.9999999981280304,unavailable,6,1,Model-specific motif,ok,attribution_unsigned: direction from measured efficacy contrast
motif_cnn53_hct116_all_cnn_ism_487,cnn,cnn53,cnn_ism,all,all,TCCA,TCCA,TCCA,TCCA,TCCA,4,15,19,15.464646464646465,0.5012867384496991,15:53;16:46,15;16,Other,99,99,1,,-0.01071461058685444,-,carrier_vs_background_measured_efficacy,13.65889027407193,1.0366049034295148,1.0419121595191296,0.19651921507889097,0.46595181970088245,unavailable,5,2,Moderate motif evidence,ok,attribution_unsigned: direction from measured efficacy contrast
motif_cnn73_hela_sequence_cnn_ism_488,cnn,cnn73,cnn_ism,all,sequence,GAGG,GAGG,GAGG,GAGG,GAGG,4,1,5,1.5353535353535352,0.501286738449699,1:46;2:53,1;2,Other,99,99,1,,0.011136797061483628,+,carrier_vs_background_measured_efficacy,4.704177425163283,1.0809362039550032,1.1068326971020197,0.0029209226284590056,0.03090524587530819,unavailable,7,3,Strong motif evidence,ok,attribution_unsigned: direction from measured efficacy contrast
motif_cnn53_hela_all_cnn_ism_489,cnn,cnn53,cnn_ism,all,all,CACA,CACA,CACA,CACA,CACA,4,16,19,16.0,0.0,16:97,16,Other,97,97,1,,0.06516423515738645,+,carrier_vs_background_measured_efficacy,1799995196.051892,1.0205636351468812,1.023260850233673,0.32573779979974976,0.7052277117776761,unavailable,6,2,Moderate motif evidence,ok,attribution_unsigned: direction from measured efficacy contrast
motif_cnn73_hela_all_cnn_ism_490,cnn,cnn73,cnn_ism,all,all,GGAA,GGAA,GGAA,GGAA,GGAA,4,1,19,9.350515463917526,7.490328816093181,1:43;16:54,1;16,Other,97,97,1,,-0.0019252256529680989,-,carrier_vs_background_measured_efficacy,3.3510756741321344,0.9632850224240948,0.958997899789979,0.803282508144628,0.9999999981280304,unavailable,2,1,Model-specific motif,ok,attribution_unsigned: direction from measured efficacy contrast
motif_cnn73_hl60_sequence_cnn_ism_491,cnn,cnn73,cnn_ism,single,sequence,AAGG,AAGG,AAGG,AAGG,AAGG,4,20,23,20.0,0.0,20:97,20,Other,97,97,1,,-0.0012728226439916168,-,carrier_vs_background_measured_efficacy,-47080490.10700278,0.9830211455329801,0.9785317686427984,0.7216160884684157,0.9999999981280304,unavailable,6,3,Moderate motif evidence,ok,attribution_unsigned: direction from measured efficacy contrast
motif_cnn53_hela_all_cnn_ism_492,cnn,cnn53,cnn_ism,all,all,GCCA,GCCA,GCCA,GCCA,GCCA,4,16,19,16.0,0.0,16:95,16,Other,95,95,1,,0.03301442909990604,+,carrier_vs_background_measured_efficacy,1038127863.4873662,0.9372329956584661,0.9281920529801324,0.9487007032649133,0.9999999981280304,unavailable,6,2,Moderate motif evidence,ok,attribution_unsigned: direction from measured efficacy contrast
motif_cnn53_hela_sequence_cnn_ism_493,cnn,cnn53,cnn_ism,single,sequence,AGAA,AGAA,AGAA,AGAA,AGAA,4,16,19,16.0,0.0,16:95,16,Other,95,95,1,,-0.0727684545806137,-,carrier_vs_background_measured_efficacy,8371747245.0935545,0.904172731179938,0.8919793756041389,0.9917123196385318,0.9999999981280304,unavailable,1,1,Exploratory motif,ok,attribution_unsigned: direction from measured efficacy contrast
motif_cnn53_hela_sequence_cnn_ism_494,cnn,cnn53,cnn_ism,single,sequence,CCAA,CCAA,CCAA,CCAA,CCAA,4,16,19,16.0,0.0,16:95,16,Other,95,95,1,,-0.070626017513013,-,carrier_vs_background_measured_efficacy,6941049981.8773985,1.0038653165483933,1.0043403351370137,0.4738848611531257,0.9952373413770256,unavailable,1,1,Exploratory motif,ok,attribution_unsigned: direction from measured efficacy contrast
motif_cnn33_hela_all_cnn_ism_495,cnn,cnn33,cnn_ism,all,all,AAAG,AAAG,AAAG,AAAG,AAAG,4,16,20,16.648936170212767,0.4798621398915569,16:33;17:61,16;17,Other,94,94,1,,-0.038482396704889954,-,carrier_vs_background_measured_efficacy,2.568646067287353,0.8605786887837623,0.8465004962351401,0.9993398684145288,0.9999999981280304,unavailable,1,1,Exploratory motif,ok,attribution_unsigned: direction from measured efficacy contrast
motif_cnn53_hela_sequence_cnn_ism_496,cnn,cnn53,cnn_ism,all,sequence,GCCG,GCCG,GCCG,GCCG,GCCG,4,15,19,15.77659574468085,0.418760467862074,15:21;16:73,15;16,Other,94,94,1,,0.06855662903557697,+,carrier_vs_background_measured_efficacy,3.265694617475645,1.0273047242279407,1.030097809677379,0.29849831502868635,0.6660370566626471,unavailable,1,1,Exploratory motif,ok,attribution_unsigned: direction from measured efficacy contrast
motif_cnn53_hct116_all_cnn_ism_497,cnn,cnn53,cnn_ism,single,all,CACA,CACA,CACA,CACA,CACA,4,18,21,18.0,0.0,18:94,18,Other,94,94,1,,0.04784038735120527,+,carrier_vs_background_measured_efficacy,7438639088.9951315,1.0205636351468812,1.023260850233673,0.32573779979974976,0.7052277117776761,unavailable,6,2,Moderate motif evidence,ok,attribution_unsigned: direction from measured efficacy contrast
motif_cnn53_hct116_all_cnn_ism_498,cnn,cnn53,cnn_ism,single,all,CACAG,CACAG,CACAG,CACAG,CACAG,5,18,22,18.0,0.0,18:94,18,Other,94,94,1,,0.04784038735120527,+,carrier_vs_background_measured_efficacy,6980767832.727393,1.0907452966714908,1.0968978172686885,0.08044951290609301,0.27064041264818983,unavailable,5,1,Model-specific motif,ok,attribution_unsigned: direction from measured efficacy contrast
motif_cnn53_hela_all_cnn_ism_499,cnn,cnn53,cnn_ism,all,all,CACC,CACC,CACC,CACC,CACC,4,16,19,16.0,0.0,16:92,16,Other,92,92,1,,0.08861819457665265,+,carrier_vs_background_measured_efficacy,1765924088.120534,1.0732346264504569,1.0835757669319004,0.04828967314562333,0.2469966550341594,unavailable,1,1,Exploratory motif,ok,attribution_unsigned: direction from measured efficacy contrast
motif_cnn53_hela_sequence_cnn_ism_500,cnn,cnn53,cnn_ism,all,sequence,CCCG,CCCG,CCCG,CCCG,CCCG,4,15,19,15.565217391304348,0.4984447862792268,15:40;16:52,15;16,Other,92,92,1,,0.04265291702015439,+,carrier_vs_background_measured_efficacy,4.2658899171748015,1.0295082270031186,1.0317233525618903,0.31416581898757184,0.6986195839181258,unavailable,1,1,Exploratory motif,ok,attribution_unsigned: direction from measured efficacy contrast
motif_cnn53_hl60_all_cnn_ism_501,cnn,cnn53,cnn_ism,all,all,GAGG,GAGG,GAGG,GAGG,GAGG,4,1,23,18.32967032967033,5.409980375924454,1:8;20:83,1;20,Other,91,91,1,,0.018834028085541937,+,carrier_vs_background_measured_efficacy,1.2134380256788482,1.0809362039550032,1.1068326971020197,0.0029209226284590056,0.03090524587530819,unavailable,3,1,Model-specific motif,ok,attribution_unsigned: direction from measured efficacy contrast
motif_cnn73_hct116_sequence_cnn_ism_502,cnn,cnn73,cnn_ism,all,sequence,CACAGG,CACAGG,CACAGG,CACAGG,CACAGG,6,18,23,18.0,0.0,18:91,18,Other,91,91,1,,0.04492897803078166,+,carrier_vs_background_measured_efficacy,4794309691.836455,1.075685696914685,1.0782330838714247,0.20841848872247895,0.4814173542322049,unavailable,4,1,Model-specific motif,ok,attribution_unsigned: direction from measured efficacy contrast
motif_cnn33_hek293t_sequence_cnn_ism_503,cnn,cnn33,cnn_ism,all,sequence,GCTGG,GCTGG,GCTGG,GCTGG,GCTGG,5,19,23,19.0,0.0,19:90,19,Other,90,90,1,,0.027500473547870663,+,carrier_vs_background_measured_efficacy,5633955905.438378,0.8009702101663002,0.7861957485035577,0.9999818685649463,0.9999999981280304,unavailable,12,3,Moderate motif evidence,ok,attribution_unsigned: direction from measured efficacy contrast
motif_cnn53_hela_all_cnn_ism_504,cnn,cnn53,cnn_ism,all,all,AGCC,AGCC,AGCC,AGCC,AGCC,4,16,19,16.0,0.0,16:90,16,Other,90,90,1,,0.03898520249155446,+,carrier_vs_background_measured_efficacy,1065611102.4659775,0.9875557933648011,0.9860745801053888,0.6183512387367479,0.9999999981280304,unavailable,1,1,Exploratory motif,ok,attribution_unsigned: direction from measured efficacy contrast
motif_cnn53_hl60_all_cnn_ism_505,cnn,cnn53,cnn_ism,all,all,GCGG,GCGG,GCGG,GCGG,GCGG,4,20,23,20.0,0.0,20:90,20,Other,90,90,1,,0.04958911937904245,+,carrier_vs_background_measured_efficacy,1178135625.077907,1.0652951044017434,1.0763756532231985,0.0512066236046428,0.2469966550341594,unavailable,2,1,Model-specific motif,ok,attribution_unsigned: direction from measured efficacy contrast
motif_cnn53_hl60_all_cnn_ism_506,cnn,cnn53,cnn_ism,all,all,AAGG,AAGG,AAGG,AAGG,AAGG,4,20,23,20.0,0.0,20:90,20,Other,90,90,1,,-0.005210946267542954,-,carrier_vs_background_measured_efficacy,351314821.2211397,0.9830211455329801,0.9785317686427984,0.7216160884684157,0.9999999981280304,unavailable,3,1,Model-specific motif,ok,attribution_unsigned: direction from measured efficacy contrast
motif_cnn53_hek293t_sequence_cnn_ig_507,cnn,cnn53,cnn_ig,single,sequence,GCTGG,GCTGG,GCTGG,GCTGG,GCTGG,5,19,23,19.0,0.0,19:90,19,Other,90,90,1,,0.027500473547870663,+,carrier_vs_background_measured_efficacy,1280097525.6444266,0.8009702101663002,0.7861957485035577,0.9999818685649463,0.9999999981280304,unavailable,11,3,Moderate motif evidence,ok,attribution_unsigned: direction from measured efficacy contrast
motif_cnn73_hela_all_cnn_ism_508,cnn,cnn73,cnn_ism,single,all,GGCA,GGCA,GGCA,GGCA,GGCA,4,16,19,16.0,0.0,16:87,16,Other,87,87,1,,0.05468543771757978,+,carrier_vs_background_measured_efficacy,10928826143.589832,1.0059843204797196,1.006702050974856,0.4557192285999356,0.9643606901985733,unavailable,3,2,Moderate motif evidence,ok,attribution_unsigned: direction from measured efficacy contrast
motif_cnn53_hct116_all_cnn_ism_509,cnn,cnn53,cnn_ism,single,all,CACT,CACT,CACT,CACT,CACT,4,18,21,18.0,0.0,18:84,18,Other,84,84,1,,0.03053267202339227,+,carrier_vs_background_measured_efficacy,7897935528.860664,1.0186746131221223,1.020397799118572,0.36817448358568455,0.7918769220728166,unavailable,1,1,Exploratory motif,ok,attribution_unsigned: direction from measured efficacy contrast
motif_cnn53_hct116_all_cnn_ism_510,cnn,cnn53,cnn_ism,single,all,CACTG,CACTG,CACTG,CACTG,CACTG,5,18,22,18.0,0.0,18:84,18,Other,84,84,1,,0.03053267202339227,+,carrier_vs_background_measured_efficacy,7348223245.387789,1.1486007414247366,1.1554332826103961,0.03402341521498453,0.20595621979545298,unavailable,3,1,Model-specific motif,ok,attribution_unsigned: direction from measured efficacy contrast
motif_cnn33_hl60_sequence_cnn_ig_511,cnn,cnn33,cnn_ig,single,sequence,TCGG,TCGG,TCGG,TCGG,TCGG,4,20,23,20.0,0.0,20:83,20,Other,83,83,1,,-0.04817882955475511,-,carrier_vs_background_measured_efficacy,2313734004.3566046,0.9066371304922896,0.9010335680462851,0.9463905746775911,0.9999999981280304,unavailable,1,1,Exploratory motif,ok,attribution_unsigned: direction from measured efficacy contrast
motif_cnn73_hela_sequence_cnn_ism_512,cnn,cnn73,cnn_ism,all,sequence,GGGC,GGGC,GGGC,GGGC,GGGC,4,1,5,1.4337349397590362,0.4986022189969834,1:47;2:36,1;2,Other,83,83,1,,-0.006732376974842469,-,carrier_vs_background_measured_efficacy,12.087205821866123,0.8872604093778999,0.8793136218127479,0.9834409321182326,0.9999999981280304,unavailable,1,1,Exploratory motif,ok,attribution_unsigned: direction from measured efficacy contrast
motif_cnn73_hl60_all_cnn_ism_513,cnn,cnn73,cnn_ism,single,all,TGGG,TGGG,TGGG,TGGG,TGGG,4,20,23,20.0,0.0,20:83,20,Other,83,83,1,,-0.0075148900247992145,-,carrier_vs_background_measured_efficacy,6409511590.997366,0.9431518361265985,0.9383205790201837,0.8727817010220373,0.9999999981280304,unavailable,1,1,Exploratory motif,ok,attribution_unsigned: direction from measured efficacy contrast
motif_cnn73_hl60_all_cnn_ism_514,cnn,cnn73,cnn_ism,single,all,AAGG,AAGG,AAGG,AAGG,AAGG,4,20,23,20.0,0.0,20:83,20,Other,83,83,1,,-0.005378254814902839,-,carrier_vs_background_measured_efficacy,-512463450.4120054,0.9830211455329801,0.9785317686427984,0.7216160884684157,0.9999999981280304,unavailable,3,1,Model-specific motif,ok,attribution_unsigned: direction from measured efficacy contrast
motif_cnn53_hct116_all_cnn_ism_515,cnn,cnn53,cnn_ism,all,all,ACCA,ACCA,ACCA,ACCA,ACCA,4,15,19,15.463414634146341,0.5017284187715013,15:44;16:38,15;16,Other,82,82,1,,-0.012842969583450742,-,carrier_vs_background_measured_efficacy,11.70582265822693,1.0991055141461126,1.114710067462251,0.009631637448639353,0.08775491897649189,unavailable,2,1,Model-specific motif,ok,attribution_unsigned: direction from measured efficacy contrast
motif_cnn73_hl60_sequence_cnn_ism_516,cnn,cnn73,cnn_ism,single,sequence,TGGG,TGGG,TGGG,TGGG,TGGG,4,20,23,20.0,0.0,20:82,20,Other,82,82,1,,-0.006629098286248553,-,carrier_vs_background_measured_efficacy,5110426420.583644,0.9431518361265985,0.9383205790201837,0.8727817010220373,0.9999999981280304,unavailable,2,1,Model-specific motif,ok,attribution_unsigned: direction from measured efficacy contrast
motif_cnn53_hela_all_cnn_ism_517,cnn,cnn53,cnn_ism,all,all,CCCA,CCCA,CCCA,CCCA,CCCA,4,16,19,16.0,0.0,16:81,16,Other,81,81,1,,0.09194164010635092,+,carrier_vs_background_measured_efficacy,1846852270.5606656,1.1254245011700867,1.1410961828384696,0.004731860871011904,0.047755395867443214,unavailable,2,2,Strong motif evidence,ok,attribution_unsigned: direction from measured efficacy contrast
motif_cnn73_hct116_sequence_cnn_ism_518,cnn,cnn73,cnn_ism,all,sequence,CACTGG,CACTGG,CACTGG,CACTGG,CACTGG,6,18,23,18.0,0.0,18:81,18,Other,81,81,1,,0.02451255122380258,+,carrier_vs_background_measured_efficacy,4747238993.230811,1.1055991478177443,1.1081623289117084,0.17283056343266412,0.46595181970088245,unavailable,4,1,Model-specific motif,ok,attribution_unsigned: direction from measured efficacy contrast
motif_cnn73_hct116_sequence_cnn_ism_519,cnn,cnn73,cnn_ism,all,sequence,CCATGG,CCATGG,CCATGG,CCATGG,CCATGG,6,18,23,18.0,0.0,18:81,18,Other,81,81,1,,0.07929260441382102,+,carrier_vs_background_measured_efficacy,3374325035.9942756,1.2104539988933345,1.2168480346472232,0.02172051786194703,0.17590937922762037,unavailable,4,1,Model-specific motif,ok,attribution_unsigned: direction from measured efficacy contrast
motif_cnn73_hela_all_cnn_ism_520,cnn,cnn73,cnn_ism,single,all,AACA,AACA,AACA,AACA,AACA,4,16,19,16.0,0.0,16:81,16,Other,81,81,1,,0.010020393712866393,+,carrier_vs_background_measured_efficacy,8675839509.16603,0.905448122756948,0.8972916530949908,0.9743688506128101,0.9999999981280304,unavailable,3,2,Moderate motif evidence,ok,attribution_unsigned: direction from measured efficacy contrast
motif_cnn33_hek293t_sequence_cnn_ism_521,cnn,cnn33,cnn_ism,all,sequence,CCTGG,CCTGG,CCTGG,CCTGG,CCTGG,5,19,23,19.0,0.0,19:80,19,Other,80,80,1,,0.01975879602115252,+,carrier_vs_background_measured_efficacy,5144554015.123374,0.9054718299316332,0.89829666715883,0.966388835797844,0.9999999981280304,unavailable,13,4,Moderate motif evidence,ok,attribution_unsigned: direction from measured efficacy contrast
motif_cnn53_hek293t_sequence_cnn_ig_522,cnn,cnn53,cnn_ig,single,sequence,CCTGG,CCTGG,CCTGG,CCTGG,CCTGG,5,19,23,19.0,0.0,19:80,19,Other,80,80,1,,0.01975879602115252,+,carrier_vs_background_measured_efficacy,1257437360.8610134,0.9054718299316332,0.89829666715883,0.966388835797844,0.9999999981280304,unavailable,10,3,Moderate motif evidence,ok,attribution_unsigned: direction from measured efficacy contrast
motif_cnn33_hela_all_cnn_ism_523,cnn,cnn33,cnn_ism,all,all,GAAC,GAAC,GAAC,GAAC,GAAC,4,16,20,16.848101265822784,0.36121616494682235,16:12;17:67,16;17,Other,79,79,1,,-0.07199648376813725,-,carrier_vs_background_measured_efficacy,2.8442923606476698,1.0252621576416683,1.0277246788650274,0.31717619809108233,0.7005642624503368,unavailable,2,1,Model-specific motif,ok,attribution_unsigned: direction from measured efficacy contrast
motif_cnn53_hela_all_cnn_ism_524,cnn,cnn53,cnn_ism,all,all,TGCC,TGCC,TGCC,TGCC,TGCC,4,16,19,16.0,0.0,16:79,16,Other,79,79,1,,0.11118606807515707,+,carrier_vs_background_measured_efficacy,779719588.9509102,1.076960206034252,1.0850361820822199,0.06703911638823525,0.2590472080651578,unavailable,2,1,Model-specific motif,ok,attribution_unsigned: direction from measured efficacy contrast
motif_cnn53_hela_sequence_cnn_ism_525,cnn,cnn53,cnn_ism,all,sequence,TCCG,TCCG,TCCG,TCCG,TCCG,4,15,19,15.810126582278482,0.39470694637299264,15:15;16:64,15;16,Other,79,79,1,,0.05772297578961705,+,carrier_vs_background_measured_efficacy,3.5595117324303187,1.0373474134231515,1.0399954477727975,0.27513508826958066,0.6202358003602918,unavailable,1,1,Exploratory motif,ok,attribution_unsigned: direction from measured efficacy contrast
motif_cnn53_hl60_all_cnn_ism_526,cnn,cnn53,cnn_ism,all,all,CCGG,CCGG,CCGG,CCGG,CCGG,4,20,23,20.0,0.0,20:78,20,Other,78,78,1,,-0.030720911018595753,-,carrier_vs_background_measured_efficacy,841106730.6798699,1.055273904909816,1.0634719871918288,0.09723071739637468,0.30229076119441606,unavailable,2,1,Model-specific motif,ok,attribution_unsigned: direction from measured efficacy contrast
motif_cnn53_hela_all_cnn_ism_527,cnn,cnn53,cnn_ism,all,all,TCCA,TCCA,TCCA,TCCA,TCCA,4,16,19,16.0,0.0,16:75,16,Other,75,75,1,,0.06482621952349399,+,carrier_vs_background_measured_efficacy,1325156832.4725528,1.0366049034295148,1.0419121595191296,0.19651921507889097,0.46595181970088245,unavailable,5,2,Moderate motif evidence,ok,attribution_unsigned: direction from measured efficacy contrast
motif_cnn53_hct116_sequence_cnn_ism_528,cnn,cnn53,cnn_ism,single,sequence,GCGG,GCGG,GCGG,GCGG,GCGG,4,18,22,18.68,0.46961744062645344,18:24;19:51,18;19,Other,75,75,1,,0.007041780526176267,+,carrier_vs_background_measured_efficacy,6.081678242337528,1.0652951044017434,1.0763756532231985,0.0512066236046428,0.2469966550341594,unavailable,3,1,Model-specific motif,ok,attribution_unsigned: direction from measured efficacy contrast
motif_cnn73_hela_all_cnn_ism_529,cnn,cnn73,cnn_ism,all,all,CAAT,CAAT,CAAT,CAAT,CAAT,4,18,21,18.0,0.0,18:75,18,Other,75,75,1,,0.06325871192407623,+,carrier_vs_background_measured_efficacy,885212231.6637615,1.0689723626590486,1.0732947367895465,0.15105222411908714,0.46521248367193035,unavailable,1,1,Exploratory motif,ok,attribution_unsigned: direction from measured efficacy contrast
motif_cnn73_hela_all_cnn_ism_530,cnn,cnn73,cnn_ism,single,all,ACCA,ACCA,ACCA,ACCA,ACCA,4,16,19,16.0,0.0,16:75,16,Other,75,75,1,,0.001995520851825694,+,carrier_vs_background_measured_efficacy,7142235807.591373,1.0991055141461126,1.114710067462251,0.009631637448639353,0.08775491897649189,unavailable,2,1,Model-specific motif,ok,attribution_unsigned: direction from measured efficacy contrast
motif_cnn33_hek293t_all_cnn_ism_531,cnn,cnn33,cnn_ism,all,all,CTTG,CTTG,CTTG,CTTG,CTTG,4,1,22,16.56756756756757,6.1956261219764786,1:10;19:64,1;19,Other,74,74,1,,0.017514231884142417,+,carrier_vs_background_measured_efficacy,7.953975916763248,0.9172748271480123,0.9099084405977567,0.9572122283014215,0.9999999981280304,unavailable,2,2,Moderate motif evidence,ok,attribution_unsigned: direction from measured efficacy contrast
motif_cnn33_hl60_sequence_cnn_ig_532,cnn,cnn33,cnn_ig,single,sequence,ACGG,ACGG,ACGG,ACGG,ACGG,4,20,23,20.0,0.0,20:74,20,Other,74,74,1,,-0.006733861925208806,-,carrier_vs_background_measured_efficacy,1623331620.066858,1.1262264119506435,1.1405963339236667,0.0063761881184842654,0.06242954336903997,unavailable,1,1,Exploratory motif,ok,attribution_unsigned: direction from measured efficacy contrast
motif_cnn73_hela_all_cnn_ism_533,cnn,cnn73,cnn_ism,single,all,GACA,GACA,GACA,GACA,GACA,4,16,19,16.0,0.0,16:74,16,Other,74,74,1,,0.01905999214171117,+,carrier_vs_background_measured_efficacy,11120864500.602085,1.036762163339011,1.0410713902461708,0.22128536625552797,0.5040388898042582,unavailable,1,1,Exploratory motif,ok,attribution_unsigned: direction from measured efficacy contrast
motif_cnn33_hek293t_sequence_cnn_ism_534,cnn,cnn33,cnn_ism,all,sequence,TAGG,TAGG,TAGG,TAGG,TAGG,4,20,23,20.0,0.0,20:73,20,Other,73,73,1,,0.023085121927649943,+,carrier_vs_background_measured_efficacy,6435685176.236312,0.9804617765430403,0.9794740974401229,0.6247140747349913,0.9999999981280304,unavailable,1,1,Exploratory motif,ok,attribution_unsigned: direction from measured efficacy contrast
motif_cnn73_hct116_all_cnn_ism_535,cnn,cnn73,cnn_ism,all,all,GAAG,GAAG,GAAG,GAAG,GAAG,4,17,20,17.0,0.0,17:73,17,Other,73,73,1,,0.006171806933963742,+,carrier_vs_background_measured_efficacy,2755047210.1817336,0.9963462202220782,0.9955383047023741,0.551342389280021,0.9999999981280304,unavailable,2,1,Model-specific motif,ok,attribution_unsigned: direction from measured efficacy contrast
motif_cnn53_hela_sequence_cnn_ism_536,cnn,cnn53,cnn_ism,all,sequence,CCCAG,CCCAG,CCCAG,CCCAG,CCCAG,5,15,20,15.541666666666666,0.5017574746630903,15:33;16:39,15;16,Other,72,72,1,,0.05056534538322682,+,carrier_vs_background_measured_efficacy,5.261154901123008,1.2740899476789491,1.291378698224852,0.00011403708423077682,0.018702081813847398,unavailable,1,1,Exploratory motif,ok,attribution_unsigned: direction from measured efficacy contrast
motif_cnn53_hela_sequence_cnn_ism_537,cnn,cnn53,cnn_ism,single,sequence,GCAA,GCAA,GCAA,GCAA,GCAA,4,16,19,16.0,0.0,16:72,16,Other,72,72,1,,-0.09742919358389507,-,carrier_vs_background_measured_efficacy,10167222625.265501,0.9502004369151908,0.9453243327243646,0.8568581193468676,0.9999999981280304,unavailable,1,1,Exploratory motif,ok,attribution_unsigned: direction from measured efficacy contrast
motif_cnn73_hela_all_cnn_ism_538,cnn,cnn73,cnn_ism,single,all,AGCA,AGCA,AGCA,AGCA,AGCA,4,16,19,16.0,0.0,16:72,16,Other,72,72,1,,0.04175561644606546,+,carrier_vs_background_measured_efficacy,8483854432.900751,0.9387876060381444,0.9301152181286373,0.942673556677848,0.9999999981280304,unavailable,1,1,Exploratory motif,ok,attribution_unsigned: direction from measured efficacy contrast
motif_cnn53_hct116_all_cnn_ism_539,cnn,cnn53,cnn_ism,all,all,GACC,GACC,GACC,GACC,GACC,4,16,20,16.56338028169014,0.4994967286092552,16:31;17:40,16;17,Other,71,71,1,,0.06389070563942512,+,carrier_vs_background_measured_efficacy,1.1807763682196293,1.0640909633431304,1.0706188649313981,0.10821099171706566,0.3348415592754485,unavailable,1,1,Exploratory motif,ok,attribution_unsigned: direction from measured efficacy contrast
motif_cnn33_hela_all_cnn_ism_540,cnn,cnn33,cnn_ism,all,all,CAACA,CAACA,CAACA,CAACA,CAACA,5,15,21,16.357142857142858,0.799197319882681,15:14;16:17;17:39,15;16;17,Other,70,70,1,,-0.09771633729277429,-,carrier_vs_background_measured_efficacy,2.0109991510476988,0.8329479165112567,0.827968718791771,0.9844058276003721,0.9999999981280304,unavailable,2,1,Model-specific motif,ok,attribution_unsigned: direction from measured efficacy contrast
motif_cnn33_hl60_sequence_cnn_ig_541,cnn,cnn33,cnn_ig,single,sequence,TAGG,TAGG,TAGG,TAGG,TAGG,4,20,23,20.0,0.0,20:70,20,Other,70,70,1,,0.0017786917823325588,+,carrier_vs_background_measured_efficacy,1773883796.012278,0.9804617765430403,0.9794740974401229,0.6247140747349913,0.9999999981280304,unavailable,2,1,Model-specific motif,ok,attribution_unsigned: direction from measured efficacy contrast
motif_cnn73_hct116_all_cnn_ism_542,cnn,cnn73,cnn_ism,all,all,GCCA,GCCA,GCCA,GCCA,GCCA,4,16,19,16.0,0.0,16:70,16,Other,70,70,1,,0.02948413595134025,+,carrier_vs_background_measured_efficacy,5902128337.751587,0.9372329956584661,0.9281920529801324,0.9487007032649133,0.9999999981280304,unavailable,6,2,Moderate motif evidence,ok,attribution_unsigned: direction from measured efficacy contrast
motif_cnn73_hct116_all_cnn_ism_543,cnn,cnn73,cnn_ism,single,all,GCCA,GCCA,GCCA,GCCA,GCCA,4,16,19,16.0,0.0,16:70,16,Other,70,70,1,,0.02948413595134025,+,carrier_vs_background_measured_efficacy,13062429751.85388,0.9372329956584661,0.9281920529801324,0.9487007032649133,0.9999999981280304,unavailable,6,2,Moderate motif evidence,ok,attribution_unsigned: direction from measured efficacy contrast
motif_cnn53_hct116_all_cnn_ism_544,cnn,cnn53,cnn_ism,all,all,CCCA,CCCA,CCCA,CCCA,CCCA,4,15,19,15.666666666666666,0.47485807993381696,15:23;16:46,15;16,Other,69,69,1,,0.034004741081046785,+,carrier_vs_background_measured_efficacy,9.041095450520578,1.1254245011700867,1.1410961828384696,0.004731860871011904,0.047755395867443214,unavailable,2,2,Strong motif evidence,ok,attribution_unsigned: direction from measured efficacy contrast
motif_cnn53_hct116_all_cnn_ism_545,cnn,cnn53,cnn_ism,all,all,AACC,AACC,AACC,AACC,AACC,4,16,20,16.52173913043478,0.5031867754087855,16:33;17:36,16;17,Other,69,69,1,,-0.004466598180433906,-,carrier_vs_background_measured_efficacy,1.8250983618257326,1.0327829862203486,1.0352851144521198,0.293133932175974,0.6585474640665717,unavailable,1,1,Exploratory motif,ok,attribution_unsigned: direction from measured efficacy contrast
motif_cnn53_hela_all_cnn_ism_546,cnn,cnn53,cnn_ism,all,all,CGCC,CGCC,CGCC,CGCC,CGCC,4,16,19,16.0,0.0,16:69,16,Other,69,69,1,,0.128175165795324,+,carrier_vs_background_measured_efficacy,1301415225.8013916,1.0000655028299799,1.000070215172412,0.5101152620605383,0.9999999981280304,unavailable,3,2,Moderate motif evidence,ok,attribution_unsigned: direction from measured efficacy contrast
motif_cnn53_hek293t_sequence_cnn_ig_547,cnn,cnn53,cnn_ig,single,sequence,TAGG,TAGG,TAGG,TAGG,TAGG,4,20,23,20.0,0.0,20:69,20,Other,69,69,1,,0.018966293472020335,+,carrier_vs_background_measured_efficacy,1526469111.3726485,0.9804617765430403,0.9794740974401229,0.6247140747349913,0.9999999981280304,unavailable,2,1,Model-specific motif,ok,attribution_unsigned: direction from measured efficacy contrast
motif_cnn33_hek293t_all_cnn_ism_548,cnn,cnn33,cnn_ism,all,all,CTTGG,CTTGG,CTTGG,CTTGG,CTTGG,5,1,23,18.205882352941178,3.723899511002162,1:3;19:65,1;19,Other,68,68,1,,0.0231855328068577,+,carrier_vs_background_measured_efficacy,7.673750299444113,0.8220918760464875,0.8168232242102781,0.9894396056568902,0.9999999981280304,unavailable,10,3,Moderate motif evidence,ok,attribution_unsigned: direction from measured efficacy contrast
motif_cnn33_hek293t_sequence_cnn_ism_549,cnn,cnn33,cnn_ism,all,sequence,CTTGG,CTTGG,CTTGG,CTTGG,CTTGG,5,1,23,18.46268656716418,3.086276358965239,1:2;19:65,1;19,Other,67,67,1,,0.022631234134301598,+,carrier_vs_background_measured_efficacy,9.75276308547925,0.8220918760464875,0.8168232242102781,0.9894396056568902,0.9999999981280304,unavailable,8,2,Moderate motif evidence,ok,attribution_unsigned: direction from measured efficacy contrast
motif_cnn33_hct116_all_cnn_ism_550,cnn,cnn33,cnn_ism,all,all,ACCAGG,ACCAGG,ACCAGG,ACCAGG,ACCAGG,6,18,23,18.0,0.0,18:66,18,Other,66,66,1,,0.0033484273552014665,+,carrier_vs_background_measured_efficacy,3533330210.8478937,1.1519007549334097,1.1565741885645888,0.06533927608984098,0.2590472080651578,unavailable,4,1,Model-specific motif,ok,attribution_unsigned: direction from measured efficacy contrast
motif_cnn33_hela_all_cnn_ism_551,cnn,cnn33,cnn_ism,all,all,CAAGA,CAAGA,CAAGA,CAAGA,CAAGA,5,15,21,16.272727272727273,0.7950898264773812,15:14;16:20;17:32,15;16;17,Other,66,66,1,,-0.037582867284716964,-,carrier_vs_background_measured_efficacy,2.306117184078522,1.0796569282195065,1.0829897284578651,0.16855848333697504,0.46595181970088245,unavailable,3,1,Model-specific motif,ok,attribution_unsigned: direction from measured efficacy contrast
motif_cnn73_hela_all_cnn_ism_552,cnn,cnn73,cnn_ism,all,all,GGAG,GGAG,GGAG,GGAG,GGAG,4,1,4,1.0,0.0,1:66,1,Other,66,66,1,,0.0746661534951264,+,carrier_vs_background_measured_efficacy,2092657821.621996,1.0617509114937493,1.0750074793973734,0.0406696604736132,0.2319938893103501,unavailable,2,1,Model-specific motif,ok,attribution_unsigned: direction from measured efficacy contrast
motif_cnn73_hela_sequence_cnn_ism_553,cnn,cnn73,cnn_ism,all,sequence,GAAG,GAAG,GAAG,GAAG,GAAG,4,1,4,1.0,0.0,1:66,1,Other,66,66,1,,-0.04397086294475047,-,carrier_vs_background_measured_efficacy,1524040326.80599,0.9963462202220782,0.9955383047023741,0.551342389280021,0.9999999981280304,unavailable,1,1,Exploratory motif,ok,attribution_unsigned: direction from measured efficacy contrast
motif_cnn73_hela_sequence_cnn_ism_554,cnn,cnn73,cnn_ism,all,sequence,GGAG,GGAG,GGAG,GGAG,GGAG,4,1,4,1.0,0.0,1:66,1,Other,66,66,1,,0.0746661534951264,+,carrier_vs_background_measured_efficacy,1520523808.7530236,1.0617509114937493,1.0750074793973734,0.0406696604736132,0.2319938893103501,unavailable,2,1,Model-specific motif,ok,attribution_unsigned: direction from measured efficacy contrast
motif_cnn33_hl60_all_cnn_ism_555,cnn,cnn33,cnn_ism,single,all,CTTG,CTTG,CTTG,CTTG,CTTG,4,17,22,18.907692307692308,0.4229020617662603,17:3;19:62,17;19,Other,65,65,1,,-0.08459782536361149,-,carrier_vs_background_measured_efficacy,5.588685428854824,0.9172748271480123,0.9099084405977567,0.9572122283014215,0.9999999981280304,unavailable,2,2,Moderate motif evidence,ok,attribution_unsigned: direction from measured efficacy contrast
motif_cnn33_hl60_all_cnn_ism_556,cnn,cnn33,cnn_ism,single,all,CTTGG,CTTGG,CTTGG,CTTGG,CTTGG,5,18,23,18.96875,0.17536809360305042,18:2;19:62,18;19,Other,64,64,1,,-0.08524947547477832,-,carrier_vs_background_measured_efficacy,8.862727873576198,0.8220918760464875,0.8168232242102781,0.9894396056568902,0.9999999981280304,unavailable,10,3,Moderate motif evidence,ok,attribution_unsigned: direction from measured efficacy contrast
motif_cnn53_hct116_sequence_cnn_ism_557,cnn,cnn53,cnn_ism,single,sequence,ACGG,ACGG,ACGG,ACGG,ACGG,4,18,22,18.671875,0.4732423621500228,18:21;19:43,18;19,Other,64,64,1,,0.032441176591619436,+,carrier_vs_background_measured_efficacy,6.773126427555135,1.1262264119506435,1.1405963339236667,0.0063761881184842654,0.06242954336903997,unavailable,1,1,Exploratory motif,ok,attribution_unsigned: direction from measured efficacy contrast
motif_cnn53_hela_sequence_cnn_ism_558,cnn,cnn53,cnn_ism,single,sequence,CAAA,CAAA,CAAA,CAAA,CAAA,4,16,19,16.0,0.0,16:64,16,Other,64,64,1,,-0.0794603837267131,-,carrier_vs_background_measured_efficacy,8653530385.345232,0.8242803802784717,0.8117849141986809,0.999767195354819,0.9999999981280304,unavailable,1,1,Exploratory motif,ok,attribution_unsigned: direction from measured efficacy contrast
motif_cnn73_hela_all_cnn_ism_559,cnn,cnn73,cnn_ism,all,all,GGTG,GGTG,GGTG,GGTG,GGTG,4,1,4,1.0,0.0,1:64,1,Other,64,64,1,,0.07028785801055387,+,carrier_vs_background_measured_efficacy,1652066999.066734,1.0929738490473593,1.1057312152918746,0.019890558553158143,0.1631025801358968,unavailable,1,1,Exploratory motif,ok,attribution_unsigned: direction from measured efficacy contrast
motif_cnn73_hela_sequence_cnn_ism_560,cnn,cnn73,cnn_ism,all,sequence,GGTG,GGTG,GGTG,GGTG,GGTG,4,1,4,1.0,0.0,1:64,1,Other,64,64,1,,0.07028785801055387,+,carrier_vs_background_measured_efficacy,1209861395.1820586,1.0929738490473593,1.1057312152918746,0.019890558553158143,0.1631025801358968,unavailable,2,1,Model-specific motif,ok,attribution_unsigned: direction from measured efficacy contrast
motif_cnn73_hct116_all_cnn_ism_561,cnn,cnn73,cnn_ism,single,all,CACA,CACA,CACA,CACA,CACA,4,16,19,16.0,0.0,16:64,16,Other,64,64,1,,0.0714149366540952,+,carrier_vs_background_measured_efficacy,7576940581.202515,1.0205636351468812,1.023260850233673,0.32573779979974976,0.7052277117776761,unavailable,6,2,Moderate motif evidence,ok,attribution_unsigned: direction from measured efficacy contrast
motif_cnn53_hela_sequence_cnn_ism_562,cnn,cnn53,cnn_ism,single,sequence,ACAA,ACAA,ACAA,ACAA,ACAA,4,16,19,16.0,0.0,16:62,16,Other,62,62,1,,-0.05245924124780549,-,carrier_vs_background_measured_efficacy,7252082251.170251,0.8876507948172937,0.8794747901707743,0.9844681264499543,0.9999999981280304,unavailable,1,1,Exploratory motif,ok,attribution_unsigned: direction from measured efficacy contrast
motif_cnn73_hct116_all_cnn_ism_563,cnn,cnn73,cnn_ism,all,all,CACA,CACA,CACA,CACA,CACA,4,16,19,16.0,0.0,16:62,16,Other,62,62,1,,0.058412355979684805,+,carrier_vs_background_measured_efficacy,4672948713.321344,1.0205636351468812,1.023260850233673,0.32573779979974976,0.7052277117776761,unavailable,6,2,Moderate motif evidence,ok,attribution_unsigned: direction from measured efficacy contrast
motif_cnn73_hct116_sequence_cnn_ism_564,cnn,cnn73,cnn_ism,all,sequence,CAGAGG,CAGAGG,CAGAGG,CAGAGG,CAGAGG,6,18,23,18.0,0.0,18:62,18,Other,62,62,1,,0.06251857977082553,+,carrier_vs_background_measured_efficacy,3961018599.9934044,1.0836682793370445,1.0859539580329274,0.21178381733882592,0.48747433043603444,unavailable,3,1,Model-specific motif,ok,attribution_unsigned: direction from measured efficacy contrast
motif_cnn33_hela_sequence_cnn_ism_565,cnn,cnn33,cnn_ism,single,sequence,CTGT,CTGT,CTGT,CTGT,CTGT,4,1,4,1.0,0.0,1:61,1,Other,61,61,1,,-0.0528360819771484,-,carrier_vs_background_measured_efficacy,6941319249.259942,0.883231436489979,0.8744170001783277,0.9889587064562205,0.9999999981280304,unavailable,2,1,Model-specific motif,ok,attribution_unsigned: direction from measured efficacy contrast
motif_cnn33_hela_sequence_cnn_ism_566,cnn,cnn33,cnn_ism,single,sequence,CTTC,CTTC,CTTC,CTTC,CTTC,4,1,4,1.0,0.0,1:61,1,Other,61,61,1,,-0.05106589667333716,-,carrier_vs_background_measured_efficacy,5870219556.941433,0.8788233283494975,0.8661074073787771,0.9974863455280656,0.9999999981280304,unavailable,2,2,Moderate motif evidence,ok,attribution_unsigned: direction from measured efficacy contrast
motif_cnn53_hct116_sequence_cnn_ism_567,cnn,cnn53,cnn_ism,single,sequence,CCGG,CCGG,CCGG,CCGG,CCGG,4,18,22,18.78688524590164,0.4129065309227846,18:13;19:48,18;19,Other,61,61,1,,0.023904264764614158,+,carrier_vs_background_measured_efficacy,3.9696345227755456,1.055273904909816,1.0634719871918288,0.09723071739637468,0.30229076119441606,unavailable,2,1,Model-specific motif,ok,attribution_unsigned: direction from measured efficacy contrast
motif_cnn73_hela_sequence_cnn_ism_568,cnn,cnn73,cnn_ism,all,sequence,GGAC,GGAC,GGAC,GGAC,GGAC,4,1,4,1.0,0.0,1:61,1,Other,61,61,1,,0.08356782771857013,+,carrier_vs_background_measured_efficacy,973833957.9415443,0.9363551216636992,0.9303722763817394,0.910485315265191,0.9999999981280304,unavailable,1,1,Exploratory motif,ok,attribution_unsigned: direction from measured efficacy contrast
motif_cnn53_hela_sequence_cnn_ism_569,cnn,cnn53,cnn_ism,single,sequence,CTGT,CTGT,CTGT,CTGT,CTGT,4,1,4,1.0,0.0,1:60,1,Other,60,60,1,,-0.0516646685733497,-,carrier_vs_background_measured_efficacy,9539771665.20457,0.883231436489979,0.8744170001783277,0.9889587064562205,0.9999999981280304,unavailable,2,1,Model-specific motif,ok,attribution_unsigned: direction from measured efficacy contrast
motif_cnn73_hct116_all_cnn_ism_570,cnn,cnn73,cnn_ism,all,all,GAAC,GAAC,GAAC,GAAC,GAAC,4,17,20,17.0,0.0,17:60,17,Other,60,60,1,,-0.07366513722934431,-,carrier_vs_background_measured_efficacy,4786645609.7010975,1.0252621576416683,1.0277246788650274,0.31717619809108233,0.7005642624503368,unavailable,2,1,Model-specific motif,ok,attribution_unsigned: direction from measured efficacy contrast
motif_cnn73_hela_sequence_cnn_ism_571,cnn,cnn73,cnn_ism,all,sequence,GATG,GATG,GATG,GATG,GATG,4,1,4,1.0,0.0,1:60,1,Other,60,60,1,,0.10982513280200007,+,carrier_vs_background_measured_efficacy,1213377914.0033915,1.0580421749017987,1.0668173975129411,0.08470172973925678,0.28349150361710435,unavailable,1,1,Exploratory motif,ok,attribution_unsigned: direction from measured efficacy contrast
motif_cnn33_hela_sequence_cnn_ism_572,cnn,cnn33,cnn_ism,single,sequence,CTCA,CTCA,CTCA,CTCA,CTCA,4,1,4,1.0,0.0,1:59,1,Other,59,59,1,,-0.04957760142635825,-,carrier_vs_background_measured_efficacy,6948661305.635817,0.97221102790839,0.9691964231557209,0.7339980146116555,0.9999999981280304,unavailable,2,2,Moderate motif evidence,ok,attribution_unsigned: direction from measured efficacy contrast
motif_cnn53_hek293t_all_cnn_ism_573,cnn,cnn53,cnn_ism,all,all,CTGG,CTGG,CTGG,CTGG,CTGG,4,19,22,19.0,0.0,19:59,19,Other,59,59,1,,0.012004663791823855,+,carrier_vs_background_measured_efficacy,3835173461.1734257,0.8702599689641344,0.8345934290668208,0.9999995461087219,0.9999999981280304,unavailable,4,2,Moderate motif evidence,ok,attribution_unsigned: direction from measured efficacy contrast
motif_cnn53_hct116_all_cnn_ism_574,cnn,cnn53,cnn_ism,single,all,GACAG,GACAG,GACAG,GACAG,GACAG,5,18,22,18.0,0.0,18:59,18,Other,59,59,1,,-0.07621056585228186,-,carrier_vs_background_measured_efficacy,4488763834.039381,0.8878159391512133,0.8838446360044778,0.9353178780626009,0.9999999981280304,unavailable,5,1,Model-specific motif,ok,attribution_unsigned: direction from measured efficacy contrast
motif_cnn33_hl60_all_cnn_ism_575,cnn,cnn33,cnn_ism,all,all,CTTGG,CTTGG,CTTGG,CTTGG,CTTGG,5,19,23,19.0,0.0,19:58,19,Other,58,58,1,,-0.08721309637034333,-,carrier_vs_background_measured_efficacy,1992359183.1078136,0.8220918760464875,0.8168232242102781,0.9894396056568902,0.9999999981280304,unavailable,10,3,Moderate motif evidence,ok,attribution_unsigned: direction from measured efficacy contrast
motif_cnn33_hek293t_all_cnn_ism_576,cnn,cnn33,cnn_ism,all,all,TTTGG,TTTGG,TTTGG,TTTGG,TTTGG,5,18,23,18.982456140350877,0.13245323570650439,18:1;19:56,18;19,Other,57,57,1,,0.09006580257329908,+,carrier_vs_background_measured_efficacy,9.796230915486365,0.9286531163611762,0.9273520772231686,0.758943547168888,0.9999999981280304,unavailable,8,2,Moderate motif evidence,ok,attribution_unsigned: direction from measured efficacy contrast
motif_cnn33_hela_sequence_cnn_ism_577,cnn,cnn33,cnn_ism,single,sequence,CTCC,CTCC,CTCC,CTCC,CTCC,4,1,4,1.0,0.0,1:57,1,Other,57,57,1,,-0.04520957053964916,-,carrier_vs_background_measured_efficacy,6016935040.069901,1.0740731169457651,1.0831423737007493,0.05909603156761061,0.2590472080651578,unavailable,1,1,Exploratory motif,ok,attribution_unsigned: direction from measured efficacy contrast
motif_cnn33_hela_sequence_cnn_ism_578,cnn,cnn33,cnn_ism,single,sequence,CTGC,CTGC,CTGC,CTGC,CTGC,4,1,4,1.0,0.0,1:57,1,Other,57,57,1,,0.02138740122581234,+,carrier_vs_background_measured_efficacy,4414604161.86601,1.0445442988382598,1.0502122520346453,0.16599339864999288,0.46595181970088245,unavailable,1,1,Exploratory motif,ok,attribution_unsigned: direction from measured efficacy contrast
motif_cnn33_hct116_all_cnn_ism_579,cnn,cnn33,cnn_ism,all,all,AACAGG,AACAGG,AACAGG,AACAGG,AACAGG,6,18,23,18.0,0.0,18:56,18,Other,56,56,1,,-0.1346755631891453,-,carrier_vs_background_measured_efficacy,4244439588.4457436,0.44717636828064794,0.4422323350712578,0.9999999981280304,0.9999999981280304,unavailable,3,1,Model-specific motif,ok,attribution_unsigned: direction from measured efficacy contrast
motif_cnn33_hek293t_all_cnn_ism_580,cnn,cnn33,cnn_ism,all,all,TTTG,TTTG,TTTG,TTTG,TTTG,4,19,22,19.0,0.0,19:56,19,Other,56,56,1,,0.08894726733423355,+,carrier_vs_background_measured_efficacy,6999801456.307374,0.8101197984785283,0.801125851835791,0.9991186933960619,0.9999999981280304,unavailable,2,2,Moderate motif evidence,ok,attribution_unsigned: direction from measured efficacy contrast
motif_cnn53_hek293t_sequence_cnn_ism_581,cnn,cnn53,cnn_ism,all,sequence,CTGGG,CTGGG,CTGGG,CTGGG,CTGGG,5,18,23,18.625,0.48850421045919723,18:21;19:35,18;19,Other,56,56,1,,0.010962026120091922,+,carrier_vs_background_measured_efficacy,1.7447871659063834,0.9580547182006943,0.9568044862543664,0.6984614136966893,0.9999999981280304,unavailable,6,1,Model-specific motif,ok,attribution_unsigned: direction from measured efficacy contrast
motif_cnn53_hct116_all_cnn_ism_582,cnn,cnn53,cnn_ism,single,all,AACA,AACA,AACA,AACA,AACA,4,18,21,18.0,0.0,18:56,18,Other,56,56,1,,-0.1346755631891453,-,carrier_vs_background_measured_efficacy,7598930993.642301,0.905448122756948,0.8972916530949908,0.9743688506128101,0.9999999981280304,unavailable,3,1,Model-specific motif,ok,attribution_unsigned: direction from measured efficacy contrast
motif_cnn53_hct116_all_cnn_ism_583,cnn,cnn53,cnn_ism,single,all,AACAG,AACAG,AACAG,AACAG,AACAG,5,18,22,18.0,0.0,18:56,18,Other,56,56,1,,-0.1346755631891453,-,carrier_vs_background_measured_efficacy,7109020513.132354,0.7778690705264196,0.7711629187234528,0.9986919763730576,0.9999999981280304,unavailable,3,1,Model-specific motif,ok,attribution_unsigned: direction from measured efficacy contrast
motif_cnn73_hct116_sequence_cnn_ism_584,cnn,cnn73,cnn_ism,all,sequence,CCAAGG,CCAAGG,CCAAGG,CCAAGG,CCAAGG,6,18,23,18.0,0.0,18:56,18,Other,56,56,1,,0.04796094928647032,+,carrier_vs_background_measured_efficacy,3421397207.097856,1.1719223575348825,1.1771787457965754,0.04567448864132711,0.2469966550341594,unavailable,3,1,Model-specific motif,ok,attribution_unsigned: direction from measured efficacy contrast
motif_cnn53_hek293t_sequence_cnn_ism_585,cnn,cnn53,cnn_ism,all,sequence,CTGG,CTGG,CTGG,CTGG,CTGG,4,18,22,18.618181818181817,0.49031014715590016,18:21;19:34,18;19,Other,55,55,1,,0.005534679158986339,+,carrier_vs_background_measured_efficacy,1.4327921044872136,0.8702599689641344,0.8345934290668208,0.9999995461087219,0.9999999981280304,unavailable,6,2,Moderate motif evidence,ok,attribution_unsigned: direction from measured efficacy contrast
motif_cnn73_hct116_all_cnn_ism_586,cnn,cnn73,cnn_ism,all,all,CAAG,CAAG,CAAG,CAAG,CAAG,4,17,20,17.0,0.0,17:55,17,Other,55,55,1,,-0.012274442243383865,-,carrier_vs_background_measured_efficacy,2891501107.615864,1.0301989597728038,1.0354136295341663,0.2201826701456434,0.5032746746186135,unavailable,2,1,Model-specific motif,ok,attribution_unsigned: direction from measured efficacy contrast
motif_cnn73_hela_sequence_cnn_ism_587,cnn,cnn73,cnn_ism,all,sequence,GGGA,GGGA,GGGA,GGGA,GGGA,4,1,5,1.4444444444444444,0.5015698625755192,1:30;2:24,1;2,Other,54,54,1,,0.01913355029739705,+,carrier_vs_background_measured_efficacy,7.352910330090793,0.9580547182006943,0.9547828553458344,0.7894920115191573,0.9999999981280304,unavailable,1,1,Exploratory motif,ok,attribution_unsigned: direction from measured efficacy contrast
motif_cnn33_hct116_all_cnn_ism_588,cnn,cnn33,cnn_ism,all,all,CCCAGG,CCCAGG,CCCAGG,CCCAGG,CCCAGG,6,18,23,18.0,0.0,18:53,18,Other,53,53,1,,0.0902616134728702,+,carrier_vs_background_measured_efficacy,2488593545.017966,1.5440571774462875,1.5657539648087053,2.1714905134169974e-07,4.7483259226718344e-05,unavailable,2,1,Model-specific motif,ok,attribution_unsigned: direction from measured efficacy contrast
motif_cnn53_hct116_all_cnn_ism_589,cnn,cnn53,cnn_ism,all,all,CGCC,CGCC,CGCC,CGCC,CGCC,4,16,19,16.0,0.0,16:53,16,Other,53,53,1,,0.07394517610373541,+,carrier_vs_background_measured_efficacy,3285684073.9818335,1.0000655028299799,1.000070215172412,0.5101152620605383,0.9999999981280304,unavailable,3,2,Moderate motif evidence,ok,attribution_unsigned: direction from measured efficacy contrast
motif_cnn73_hct116_sequence_cnn_ism_590,cnn,cnn73,cnn_ism,all,sequence,CCCTGG,CCCTGG,CCCTGG,CCCTGG,CCCTGG,6,18,23,18.0,0.0,18:53,18,Other,53,53,1,,0.07321433572686625,+,carrier_vs_background_measured_efficacy,4596052639.600301,1.2836379127495277,1.2894499504669354,0.016332846694775156,0.1428579657569667,unavailable,3,1,Model-specific motif,ok,attribution_unsigned: direction from measured efficacy contrast
motif_cnn73_hct116_sequence_cnn_ism_591,cnn,cnn73,cnn_ism,all,sequence,CAAAGG,CAAAGG,CAAAGG,CAAAGG,CAAAGG,6,18,23,18.0,0.0,18:53,18,Other,53,53,1,,-0.0015161453623374066,-,carrier_vs_background_measured_efficacy,3572581996.5411477,0.8137306181517471,0.8105084389294915,0.9695893773279213,0.9999999981280304,unavailable,5,1,Model-specific motif,ok,attribution_unsigned: direction from measured efficacy contrast
motif_cnn53_hek293t_all_cnn_ism_592,cnn,cnn53,cnn_ism,all,all,CTGGG,CTGGG,CTGGG,CTGGG,CTGGG,5,19,23,19.0,0.0,19:52,19,Other,52,52,1,,0.010893680714479104,+,carrier_vs_background_measured_efficacy,3407392025.9174714,0.9580547182006943,0.9568044862543664,0.6984614136966893,0.9999999981280304,unavailable,4,1,Model-specific motif,ok,attribution_unsigned: direction from measured efficacy contrast
motif_cnn73_hct116_all_cnn_ism_593,cnn,cnn73,cnn_ism,single,all,TGCC,TGCC,TGCC,TGCC,TGCC,4,16,19,16.0,0.0,16:52,16,Other,52,52,1,,0.11459378145045618,+,carrier_vs_background_measured_efficacy,7478471504.380726,1.076960206034252,1.0850361820822199,0.06703911638823525,0.2590472080651578,unavailable,2,1,Model-specific motif,ok,attribution_unsigned: direction from measured efficacy contrast
motif_cnn73_hct116_all_cnn_ism_594,cnn,cnn73,cnn_ism,single,all,GGCC,GGCC,GGCC,GGCC,GGCC,4,16,19,16.0,0.0,16:51,16,Other,51,51,1,,-0.05766201548236871,-,carrier_vs_background_measured_efficacy,12954662519.776453,0.8799558682351593,0.867279207920792,0.9973267614942489,0.9999999981280304,unavailable,1,1,Exploratory motif,ok,attribution_unsigned: direction from measured efficacy contrast
motif_cnn53_hct116_all_cnn_ism_595,cnn,cnn53,cnn_ism,single,all,GACTG,GACTG,GACTG,GACTG,GACTG,5,18,22,18.0,0.0,18:50,18,Other,50,50,1,,-0.08372677387206373,-,carrier_vs_background_measured_efficacy,4856201633.8110075,0.8856478904597574,0.8828288301133528,0.903767637088591,0.9999999981280304,unavailable,3,1,Model-specific motif,ok,attribution_unsigned: direction from measured efficacy contrast
motif_cnn73_hct116_sequence_cnn_ism_596,cnn,cnn73,cnn_ism,all,sequence,CAATGG,CAATGG,CAATGG,CAATGG,CAATGG,6,18,23,18.0,0.0,18:50,18,Other,50,50,1,,0.04743982316563955,+,carrier_vs_background_measured_efficacy,3525511317.653209,1.2550416593500415,1.2596924466544537,0.033395578809584076,0.20595621979545298,unavailable,4,1,Model-specific motif,ok,attribution_unsigned: direction from measured efficacy contrast
motif_cnn73_hct116_all_cnn_ism_597,cnn,cnn73,cnn_ism,single,all,TCCA,TCCA,TCCA,TCCA,TCCA,4,16,19,16.0,0.0,16:50,16,Other,50,50,1,,0.029093727704459782,+,carrier_vs_background_measured_efficacy,7586291059.851683,1.0366049034295148,1.0419121595191296,0.19651921507889097,0.46595181970088245,unavailable,5,2,Moderate motif evidence,ok,attribution_unsigned: direction from measured efficacy contrast
motif_cnn73_hct116_all_cnn_ism_598,cnn,cnn73,cnn_ism,single,all,CGCC,CGCC,CGCC,CGCC,CGCC,4,16,19,16.0,0.0,16:50,16,Other,50,50,1,,0.08845392337716868,+,carrier_vs_background_measured_efficacy,6998109941.681215,1.0000655028299799,1.000070215172412,0.5101152620605383,0.9999999981280304,unavailable,3,1,Model-specific motif,ok,attribution_unsigned: direction from measured efficacy contrast
motif_cnn53_hct116_all_cnn_ism_599,cnn,cnn53,cnn_ism,all,all,TCCAC,TCCAC,TCCAC,TCCAC,TCCAC,5,14,20,14.918367346938776,0.7862552250456366,14:17;15:19;16:13,14;15;16,Other,49,49,1,,0.0035404960443594646,+,carrier_vs_background_measured_efficacy,5.774423837102285,1.0806458031837916,1.0838934888972525,0.17055792128131184,0.46595181970088245,unavailable,1,1,Exploratory motif,ok,attribution_unsigned: direction from measured efficacy contrast
motif_cnn73_hct116_all_cnn_ism_600,cnn,cnn73,cnn_ism,all,all,TCCA,TCCA,TCCA,TCCA,TCCA,4,16,19,16.0,0.0,16:49,16,Other,49,49,1,,0.032346444614134606,+,carrier_vs_background_measured_efficacy,4253852724.4081073,1.0366049034295148,1.0419121595191296,0.19651921507889097,0.46595181970088245,unavailable,5,2,Moderate motif evidence,ok,attribution_unsigned: direction from measured efficacy contrast
motif_cnn33_hela_sequence_cnn_ism_601,cnn,cnn33,cnn_ism,single,sequence,CTGG,CTGG,CTGG,CTGG,CTGG,4,1,4,1.0,0.0,1:47,1,Other,47,47,1,,0.01031367697977753,+,carrier_vs_background_measured_efficacy,3803318678.210137,0.8702599689641344,0.8345934290668208,0.9999995461087219,0.9999999981280304,unavailable,6,2,Moderate motif evidence,ok,attribution_unsigned: direction from measured efficacy contrast
motif_cnn33_hela_sequence_cnn_ism_602,cnn,cnn33,cnn_ism,single,sequence,CTTG,CTTG,CTTG,CTTG,CTTG,4,1,4,1.0,0.0,1:46,1,Other,46,46,1,,-0.02093928043448906,-,carrier_vs_background_measured_efficacy,5258941918.50228,0.9172748271480123,0.9099084405977567,0.9572122283014215,0.9999999981280304,unavailable,3,2,Moderate motif evidence,ok,attribution_unsigned: direction from measured efficacy contrast
motif_cnn73_hct116_all_cnn_ism_603,cnn,cnn73,cnn_ism,all,all,CAAC,CAAC,CAAC,CAAC,CAAC,4,17,20,17.0,0.0,17:45,17,Other,45,45,1,,-0.13194274188468808,-,carrier_vs_background_measured_efficacy,4923103172.201667,0.8822462157968263,0.8729867474975328,0.990785965597747,0.9999999981280304,unavailable,2,1,Model-specific motif,ok,attribution_unsigned: direction from measured efficacy contrast
motif_cnn73_hct116_all_cnn_ism_604,cnn,cnn73,cnn_ism,single,all,GGCA,GGCA,GGCA,GGCA,GGCA,4,16,19,16.0,0.0,16:45,16,Other,45,45,1,,0.04900570794154496,+,carrier_vs_background_measured_efficacy,17175021856.16173,1.0059843204797196,1.006702050974856,0.4557192285999356,0.9643606901985733,unavailable,3,2,Moderate motif evidence,ok,attribution_unsigned: direction from measured efficacy contrast
motif_cnn33_hl60_sequence_cnn_ism_605,cnn,cnn33,cnn_ism,single,sequence,CTTGG,CTTGG,CTTGG,CTTGG,CTTGG,5,18,23,18.977272727272727,0.15075567228888181,18:1;19:43,18;19,Other,44,44,1,,-0.06284202874934741,-,carrier_vs_background_measured_efficacy,9.90762896603936,0.8220918760464875,0.8168232242102781,0.9894396056568902,0.9999999981280304,unavailable,8,2,Moderate motif evidence,ok,attribution_unsigned: direction from measured efficacy contrast
motif_cnn73_hct116_all_cnn_ism_606,cnn,cnn73,cnn_ism,all,all,GGCA,GGCA,GGCA,GGCA,GGCA,4,16,19,16.0,0.0,16:44,16,Other,44,44,1,,0.05430753957491291,+,carrier_vs_background_measured_efficacy,5765670741.18293,1.0059843204797196,1.006702050974856,0.4557192285999356,0.9643606901985733,unavailable,3,2,Moderate motif evidence,ok,attribution_unsigned: direction from measured efficacy contrast
motif_cnn33_hela_sequence_cnn_ism_607,cnn,cnn33,cnn_ism,single,sequence,CTGA,CTGA,CTGA,CTGA,CTGA,4,1,4,1.0,0.0,1:43,1,Other,43,43,1,,-0.052316602643229876,-,carrier_vs_background_measured_efficacy,5346331240.919742,1.0036724727675999,1.0040643502421005,0.4783078984701229,0.9992674566764351,unavailable,1,1,Exploratory motif,ok,attribution_unsigned: direction from measured efficacy contrast
motif_cnn53_hl60_sequence_cnn_ism_608,cnn,cnn53,cnn_ism,single,sequence,AGGA,AGGA,AGGA,AGGA,AGGA,4,1,21,9.976744186046512,8.316616677279928,1:9;2:12;18:22,1;2;18,Other,43,43,1,,0.027578372575802174,+,carrier_vs_background_measured_efficacy,2.8666689745742446,1.029684977505419,1.0347078163388235,0.22649152445603923,0.5123394484246957,unavailable,1,1,Exploratory motif,ok,attribution_unsigned: direction from measured efficacy contrast
motif_cnn73_hct116_all_cnn_ism_609,cnn,cnn73,cnn_ism,single,all,AACA,AACA,AACA,AACA,AACA,4,16,19,16.0,0.0,16:43,16,Other,43,43,1,,0.05150977007911728,+,carrier_vs_background_measured_efficacy,8279019715.222992,0.905448122756948,0.8972916530949908,0.9743688506128101,0.9999999981280304,unavailable,3,2,Moderate motif evidence,ok,attribution_unsigned: direction from measured efficacy contrast
motif_cnn33_hek293t_all_cnn_ism_610,cnn,cnn33,cnn_ism,all,all,GTTGG,GTTGG,GTTGG,GTTGG,GTTGG,5,19,23,19.0,0.0,19:41,19,Other,41,41,1,,0.011326098884720331,+,carrier_vs_background_measured_efficacy,4946290779.2379465,0.972264671576992,0.9716019826778315,0.6273659733428704,0.9999999981280304,unavailable,9,2,Moderate motif evidence,ok,attribution_unsigned: direction from measured efficacy contrast
motif_cnn33_hl60_sequence_cnn_ism_611,cnn,cnn33,cnn_ism,all,sequence,CTTGG,CTTGG,CTTGG,CTTGG,CTTGG,5,19,23,19.0,0.0,19:41,19,Other,41,41,1,,-0.06747044770581614,-,carrier_vs_background_measured_efficacy,3056937145.6901355,0.8220918760464875,0.8168232242102781,0.9894396056568902,0.9999999981280304,unavailable,8,2,Moderate motif evidence,ok,attribution_unsigned: direction from measured efficacy contrast
motif_cnn53_hl60_sequence_cnn_ism_612,cnn,cnn53,cnn_ism,single,sequence,TGGC,TGGC,TGGC,TGGC,TGGC,4,1,21,6.439024390243903,7.540055638016887,1:10;2:19;18:12,1;2;18,Other,41,41,1,,0.023706126684031492,+,carrier_vs_background_measured_efficacy,1.8290127508329643,0.9667283311356506,0.9627605212629837,0.7826749535956823,0.9999999981280304,unavailable,1,1,Exploratory motif,ok,attribution_unsigned: direction from measured efficacy contrast
motif_cnn53_hl60_sequence_cnn_ism_613,cnn,cnn53,cnn_ism,single,sequence,AGGT,AGGT,AGGT,AGGT,AGGT,4,1,21,12.1,8.145472236078025,1:12;2:2;18:26,1;2;18,Other,40,40,1,,0.009439978330817916,+,carrier_vs_background_measured_efficacy,2.599875941342626,1.004633825881636,1.0050355395073096,0.47486171928507465,0.9952373413770256,unavailable,1,1,Exploratory motif,ok,attribution_unsigned: direction from measured efficacy contrast
motif_cnn53_hek293t_sequence_cnn_ism_614,cnn,cnn53,cnn_ism,single,sequence,CCTT,CCTT,CCTT,CCTT,CCTT,4,1,21,12.512820512820513,7.7861949185107,1:12;17:10;18:17,1;17;18,Other,39,39,1,,0.024735728485037217,+,carrier_vs_background_measured_efficacy,13.16716104036465,0.9620139459641261,0.9591465162042196,0.7635858428442948,0.9999999981280304,unavailable,1,1,Exploratory motif,ok,attribution_unsigned: direction from measured efficacy contrast
motif_cnn33_hl60_sequence_cnn_ism_615,cnn,cnn33,cnn_ism,single,sequence,CTTG,CTTG,CTTG,CTTG,CTTG,4,18,22,18.94736842105263,0.22629428592141426,18:2;19:36,18;19,Other,38,38,1,,-0.06077432803246746,-,carrier_vs_background_measured_efficacy,8.332282968580971,0.9172748271480123,0.9099084405977567,0.9572122283014215,0.9999999981280304,unavailable,3,2,Moderate motif evidence,ok,attribution_unsigned: direction from measured efficacy contrast
motif_cnn53_hek293t_sequence_cnn_ism_616,cnn,cnn53,cnn_ism,single,sequence,TCTT,TCTT,TCTT,TCTT,TCTT,4,1,21,13.68421052631579,7.173921477120181,1:9;17:11;18:18,1;17;18,Other,38,38,1,,0.026157132125454452,+,carrier_vs_background_measured_efficacy,3.5231895877704376,0.8451070412695244,0.8341889473543631,0.9987382795645142,0.9999999981280304,unavailable,1,1,Exploratory motif,ok,attribution_unsigned: direction from measured efficacy contrast
motif_cnn53_hl60_sequence_cnn_ism_617,cnn,cnn53,cnn_ism,single,sequence,TGGA,TGGA,TGGA,TGGA,TGGA,4,1,21,9.368421052631579,8.30636699012751,1:8;2:12;18:18,1;2;18,Other,38,38,1,,0.0013598728456976072,+,carrier_vs_background_measured_efficacy,1.8015811243888828,1.0228789990386455,1.0262614424181131,0.29555483520116727,0.6617200405869138,unavailable,1,1,Exploratory motif,ok,attribution_unsigned: direction from measured efficacy contrast
motif_cnn53_hek293t_all_cnn_ism_618,cnn,cnn53,cnn_ism,all,all,GTGG,GTGG,GTGG,GTGG,GTGG,4,1,22,14.621621621621621,7.8292590516151215,1:9;19:28,1;19,Other,37,37,1,,-0.02639077777575427,-,carrier_vs_background_measured_efficacy,5.867928424553426,1.0298658830769423,1.036047729617759,0.2010127514868136,0.46595181970088245,unavailable,5,2,Moderate motif evidence,ok,attribution_unsigned: direction from measured efficacy contrast
motif_cnn53_hct116_sequence_cnn_ism_619,cnn,cnn53,cnn_ism,single,sequence,AAGG,AAGG,AAGG,AAGG,AAGG,4,18,21,18.0,0.0,18:36,18,Other,36,36,1,,0.016266083053110447,+,carrier_vs_background_measured_efficacy,7847695611.417297,0.9830211455329801,0.9785317686427984,0.7216160884684157,0.9999999981280304,unavailable,6,1,Model-specific motif,ok,attribution_unsigned: direction from measured efficacy contrast
motif_cnn53_hct116_sequence_cnn_ism_620,cnn,cnn53,cnn_ism,single,sequence,AAGGG,AAGGG,AAGGG,AAGGG,AAGGG,5,18,22,18.0,0.0,18:36,18,Other,36,36,1,,0.016266083053110447,+,carrier_vs_background_measured_efficacy,6523680287.877896,0.9251444416212813,0.9223345482887467,0.8468661620345252,0.9999999981280304,unavailable,2,1,Model-specific motif,ok,attribution_unsigned: direction from measured efficacy contrast
motif_cnn53_hek293t_all_cnn_ism_621,cnn,cnn53,cnn_ism,single,all,CCTT,CCTT,CCTT,CCTT,CCTT,4,1,21,13.0,7.559289460184544,1:10;17:10;18:16,1;17;18,Other,36,36,1,,0.012057708803336342,+,carrier_vs_background_measured_efficacy,5.570759727777978,0.9620139459641261,0.9591465162042196,0.7635858428442948,0.9999999981280304,unavailable,1,1,Exploratory motif,ok,attribution_unsigned: direction from measured efficacy contrast
motif_cnn33_hct116_all_cnn_ism_622,cnn,cnn33,cnn_ism,all,all,TGTGCAAGAGG,TCATGAAGAGG,DSWKSAAGAGG,(A/G/T)(C/G)(A/T)(G/T)(C/G)AAGAGG,[AGT][CG][AT][GT][CG]AAGAGG,11,13,23,13.0,0.0,13:35,13,Other,35,35,1,,-0.019626629530459294,-,carrier_vs_background_measured_efficacy,9.751030685501805,0.8656708703741989,0.8652320456313197,0.7446239331451702,0.9999999981280304,unavailable,1,1,Exploratory motif,exploratory,attribution_unsigned: direction from measured efficacy contrast
motif_cnn33_hct116_sequence_cnn_ism_623,cnn,cnn33,cnn_ism,all,sequence,CTTC,CTTC,CTTC,CTTC,CTTC,4,1,4,1.0,0.0,1:35,1,Other,35,35,1,,0.022502531457053554,+,carrier_vs_background_measured_efficacy,3443936116.880925,0.8788233283494975,0.8661074073787771,0.9974863455280656,0.9999999981280304,unavailable,2,2,Moderate motif evidence,ok,attribution_unsigned: direction from measured efficacy contrast
motif_cnn33_hela_sequence_cnn_ig_624,cnn,cnn33,cnn_ig,single,sequence,CCTCCCGCGG,CCTCCGGGGG,CCWCMVGSGG,CC(A/T)C(A/C)(A/C/G)G(C/G)GG,CC[AT]C[AC][ACG]G[CG]GG,10,14,23,14.0,0.0,14:35,14,Other,35,35,1,,0.054988078682147945,+,carrier_vs_background_measured_efficacy,3.592753815684915,1.719643485743341,1.7223877227508968,0.03518689702728887,0.20984185863546814,unavailable,1,1,Exploratory motif,exploratory,attribution_unsigned: direction from measured efficacy contrast
motif_cnn33_hl60_all_cnn_ism_625,cnn,cnn33,cnn_ism,single,all,TTTG,TTTG,TTTG,TTTG,TTTG,4,17,22,18.65714285714286,0.683539970123403,17:4;18:4;19:27,17;18;19,Other,35,35,1,,-0.06918282638389966,-,carrier_vs_background_measured_efficacy,3.1773860380060226,0.8101197984785283,0.801125851835791,0.9991186933960619,0.9999999981280304,unavailable,2,2,Moderate motif evidence,ok,attribution_unsigned: direction from measured efficacy contrast
motif_cnn53_hct116_sequence_cnn_ism_626,cnn,cnn53,cnn_ism,single,sequence,ACGGG,ACGGG,ACGGG,ACGGG,ACGGG,5,18,23,18.4,0.4970501217477084,18:21;19:14,18;19,Other,35,35,1,,0.013813384158288644,+,carrier_vs_background_measured_efficacy,6.432774398693393,1.2148316748926704,1.2215652050012467,0.01830445338131412,0.155944434001845,unavailable,6,1,Model-specific motif,ok,attribution_unsigned: direction from measured efficacy contrast
motif_cnn33_hct116_sequence_cnn_ism_627,cnn,cnn33,cnn_ism,all,sequence,CTCA,CTCA,CTCA,CTCA,CTCA,4,1,4,1.0,0.0,1:34,1,Other,34,34,1,,-0.04324410410380869,-,carrier_vs_background_measured_efficacy,4840586218.051616,0.97221102790839,0.9691964231557209,0.7339980146116555,0.9999999981280304,unavailable,2,2,Moderate motif evidence,ok,attribution_unsigned: direction from measured efficacy contrast
motif_cnn33_hl60_all_cnn_ism_628,cnn,cnn33,cnn_ism,all,all,GTAGG,GTAGG,GTAGG,GTAGG,GTAGG,5,19,23,19.0,0.0,19:34,19,Other,34,34,1,,0.050220996677624224,+,carrier_vs_background_measured_efficacy,2419800410.277387,1.171391066231258,1.1746773256132732,0.09410628105214926,0.30229076119441606,unavailable,5,3,Moderate motif evidence,ok,attribution_unsigned: direction from measured efficacy contrast
motif_cnn33_hl60_sequence_cnn_ism_629,cnn,cnn33,cnn_ism,all,sequence,CTTG,CTTG,CTTG,CTTG,CTTG,4,1,22,14.235294117647058,8.060599359358186,1:9;19:25,1;19,Other,34,34,1,,-0.02323652112362004,-,carrier_vs_background_measured_efficacy,3.0132949125927246,0.9172748271480123,0.9099084405977567,0.9572122283014215,0.9999999981280304,unavailable,3,2,Moderate motif evidence,ok,attribution_unsigned: direction from measured efficacy contrast
motif_cnn53_hct116_sequence_cnn_ism_630,cnn,cnn53,cnn_ism,single,sequence,GCGGG,GCGGG,GCGGG,GCGGG,GCGGG,5,18,23,18.5,0.5075192189225523,18:17;19:17,18;19,Other,34,34,1,,-0.004888219188333737,-,carrier_vs_background_measured_efficacy,7.139233159177471,1.0117822876968858,1.0121879652672876,0.45889620801210895,0.9679611332988535,unavailable,8,2,Moderate motif evidence,ok,attribution_unsigned: direction from measured efficacy contrast
motif_cnn53_hl60_all_cnn_ism_631,cnn,cnn53,cnn_ism,single,all,GGAG,GGAG,GGAG,GGAG,GGAG,4,1,4,1.0,0.0,1:34,1,Other,34,34,1,,0.017242557414521353,+,carrier_vs_background_measured_efficacy,3592355487.247342,1.0617509114937493,1.0750074793973734,0.0406696604736132,0.2319938893103501,unavailable,2,1,Model-specific motif,ok,attribution_unsigned: direction from measured efficacy contrast
motif_cnn53_hl60_sequence_cnn_ism_632,cnn,cnn53,cnn_ism,single,sequence,GGAG,GGAG,GGAG,GGAG,GGAG,4,1,4,1.0,0.0,1:34,1,Other,34,34,1,,0.016083441045257302,+,carrier_vs_background_measured_efficacy,4428055817.913813,1.0617509114937493,1.0750074793973734,0.0406696604736132,0.2319938893103501,unavailable,2,1,Model-specific motif,ok,attribution_unsigned: direction from measured efficacy contrast
motif_cnn33_hl60_all_cnn_ism_633,cnn,cnn33,cnn_ism,single,all,ATTG,ATTG,ATTG,ATTG,ATTG,4,1,22,16.03030303030303,6.4830782064003385,1:5;17:4;19:24,1;17;19,Other,33,33,1,,-0.03534735815554632,-,carrier_vs_background_measured_efficacy,3.3871105636950403,0.9490243300506008,0.9464067129174062,0.7891741788324251,0.9999999981280304,unavailable,2,2,Moderate motif evidence,ok,attribution_unsigned: direction from measured efficacy contrast
motif_cnn53_hek293t_all_cnn_ism_634,cnn,cnn53,cnn_ism,all,all,ATGG,ATGG,ATGG,ATGG,ATGG,4,19,22,19.0,0.0,19:33,19,Other,33,33,1,,-0.018316591577690472,-,carrier_vs_background_measured_efficacy,5453847115.8594,1.0498111288645542,1.0607045679813174,0.0766084731168302,0.2590472080651578,unavailable,5,2,Moderate motif evidence,ok,attribution_unsigned: direction from measured efficacy contrast
motif_cnn53_hl60_sequence_cnn_ism_635,cnn,cnn53,cnn_ism,all,sequence,GCTG,GCTG,GCTG,GCTG,GCTG,4,17,20,17.0,0.0,17:33,17,Other,33,33,1,,0.044458812174728884,+,carrier_vs_background_measured_efficacy,3477750889.3360586,0.8724290126084201,0.8510639032099993,0.9999116466016404,0.9999999981280304,unavailable,3,1,Model-specific motif,ok,attribution_unsigned: direction from measured efficacy contrast
motif_cnn53_hct116_sequence_cnn_ism_636,cnn,cnn53,cnn_ism,single,sequence,GAGG,GAGG,GAGG,GAGG,GAGG,4,18,21,18.0,0.0,18:33,18,Other,33,33,1,,0.09608047578878448,+,carrier_vs_background_measured_efficacy,3289224890.3711658,1.0809362039550032,1.1068326971020197,0.0029209226284590056,0.03090524587530819,unavailable,7,1,Model-specific motif,ok,attribution_unsigned: direction from measured efficacy contrast
motif_cnn73_hek293t_all_cnn_ism_637,cnn,cnn73,cnn_ism,single,all,AGGA,AGGA,AGGA,AGGA,AGGA,4,18,21,18.0,0.0,18:33,18,Other,33,33,1,,0.0034250413945710323,+,carrier_vs_background_measured_efficacy,1384745817.6314917,1.029684977505419,1.0347078163388235,0.22649152445603923,0.5123394484246957,unavailable,1,1,Exploratory motif,ok,attribution_unsigned: direction from measured efficacy contrast
motif_cnn33_hl60_all_cnn_ism_638,cnn,cnn33,cnn_ism,single,all,GTTGG,GTTGG,GTTGG,GTTGG,GTTGG,5,18,23,18.875,0.3360107525161235,18:4;19:28,18;19,Other,32,32,1,,-0.009941843868262162,-,carrier_vs_background_measured_efficacy,4.052530266520945,0.972264671576992,0.9716019826778315,0.6273659733428704,0.9999999981280304,unavailable,9,2,Moderate motif evidence,ok,attribution_unsigned: direction from measured efficacy contrast
motif_cnn53_hek293t_all_cnn_ism_639,cnn,cnn53,cnn_ism,single,all,GCTT,GCTT,GCTT,GCTT,GCTT,4,1,21,14.0,7.002303768369102,1:7;17:9;18:16,1;17;18,Other,32,32,1,,0.029654169661982394,+,carrier_vs_background_measured_efficacy,3.3205510579289927,0.9044740470961478,0.8985461157247847,0.9532555128627996,0.9999999981280304,unavailable,1,1,Exploratory motif,ok,attribution_unsigned: direction from measured efficacy contrast
motif_cnn53_hek293t_sequence_cnn_ism_640,cnn,cnn53,cnn_ism,single,sequence,GCTT,GCTT,GCTT,GCTT,GCTT,4,1,21,13.5,7.34407814984071,1:8;17:8;18:16,1;17;18,Other,32,32,1,,0.015117149448924339,+,carrier_vs_background_measured_efficacy,5.744708091339861,0.9044740470961478,0.8985461157247847,0.9532555128627996,0.9999999981280304,unavailable,1,1,Exploratory motif,ok,attribution_unsigned: direction from measured efficacy contrast
motif_cnn53_hl60_sequence_cnn_ism_641,cnn,cnn53,cnn_ism,single,sequence,AGGTG,AGGTG,AGGTG,AGGTG,AGGTG,5,1,22,14.84375,6.677402310247842,1:5;2:1;18:26,1;2;18,Other,32,32,1,,0.021262883615648404,+,carrier_vs_background_measured_efficacy,4.517189816154078,1.0335050187120538,1.0349859734492317,0.340674481199755,0.735139669957366,unavailable,1,1,Exploratory motif,ok,attribution_unsigned: direction from measured efficacy contrast
motif_cnn33_hela_sequence_cnn_ism_642,cnn,cnn33,cnn_ism,all,sequence,GGGTGCCCTGG,GGTTGCCATGG,RGNWSCCATGG,(A/G)G(A/C/G/T)(A/T)(C/G)CCATGG,[AG]G[ACGT][AT][CG]CCATGG,11,13,23,13.0,0.0,13:31,13,Other,31,31,1,,0.07159438862000311,+,carrier_vs_background_measured_efficacy,0.020324135302212807,1.8515738060781473,1.854976389393389,0.018267987476795797,0.155944434001845,unavailable,1,1,Exploratory motif,exploratory,attribution_unsigned: direction from measured efficacy contrast
motif_cnn33_hl60_all_cnn_ism_643,cnn,cnn33,cnn_ism,single,all,TTTGG,TTTGG,TTTGG,TTTGG,TTTGG,5,18,23,18.870967741935484,0.3407771005482389,18:4;19:27,18;19,Other,31,31,1,,-0.07053159436747408,-,carrier_vs_background_measured_efficacy,4.66174867667521,0.9286531163611762,0.9273520772231686,0.758943547168888,0.9999999981280304,unavailable,8,2,Moderate motif evidence,ok,attribution_unsigned: direction from measured efficacy contrast
motif_cnn33_hl60_sequence_cnn_ism_644,cnn,cnn33,cnn_ism,single,sequence,TTTG,TTTG,TTTG,TTTG,TTTG,4,18,22,18.870967741935484,0.3407771005482389,18:4;19:27,18;19,Other,31,31,1,,-0.07053159436747408,-,carrier_vs_background_measured_efficacy,8.058711294581611,0.8101197984785283,0.801125851835791,0.9991186933960619,0.9999999981280304,unavailable,1,1,Exploratory motif,ok,attribution_unsigned: direction from measured efficacy contrast
motif_cnn33_hl60_sequence_cnn_ism_645,cnn,cnn33,cnn_ism,single,sequence,TTTGG,TTTGG,TTTGG,TTTGG,TTTGG,5,18,23,18.870967741935484,0.3407771005482389,18:4;19:27,18;19,Other,31,31,1,,-0.07053159436747408,-,carrier_vs_background_measured_efficacy,5.845633890013474,0.9286531163611762,0.9273520772231686,0.758943547168888,0.9999999981280304,unavailable,5,2,Moderate motif evidence,ok,attribution_unsigned: direction from measured efficacy contrast
motif_cnn53_hek293t_sequence_cnn_ism_646,cnn,cnn53,cnn_ism,all,sequence,GTGG,GTGG,GTGG,GTGG,GTGG,4,18,22,18.741935483870968,0.44480272297456935,18:8;19:23,18;19,Other,31,31,1,,-0.0029296851603314022,-,carrier_vs_background_measured_efficacy,2.2044223632291273,1.0298658830769423,1.036047729617759,0.2010127514868136,0.46595181970088245,unavailable,3,2,Moderate motif evidence,ok,attribution_unsigned: direction from measured efficacy contrast
motif_cnn53_hek293t_all_cnn_ism_647,cnn,cnn53,cnn_ism,single,all,TGTT,TGTT,TGTT,TGTT,TGTT,4,17,21,17.580645161290324,0.5016103101271009,17:13;18:18,17;18,Other,31,31,1,,-0.005705992742239874,-,carrier_vs_background_measured_efficacy,7.648118588828174,0.8397446869467483,0.8314193395702425,0.9965193289850188,0.9999999981280304,unavailable,1,1,Exploratory motif,ok,attribution_unsigned: direction from measured efficacy contrast
motif_cnn53_hl60_sequence_cnn_ism_648,cnn,cnn53,cnn_ism,single,sequence,TGGT,TGGT,TGGT,TGGT,TGGT,4,1,21,8.451612903225806,8.25767808235632,1:8;2:10;18:13,1;2;18,Other,31,31,1,,0.04586251477971198,+,carrier_vs_background_measured_efficacy,1.609344760187876,1.0034544976524074,1.0037326941013502,0.4849584199054758,0.9999999981280304,unavailable,1,1,Exploratory motif,ok,attribution_unsigned: direction from measured efficacy contrast
motif_cnn33_hek293t_all_cnn_ism_649,cnn,cnn33,cnn_ism,all,all,ATTGG,ATTGG,ATTGG,ATTGG,ATTGG,5,19,23,19.0,0.0,19:30,19,Other,30,30,1,,0.016921228371441638,+,carrier_vs_background_measured_efficacy,6061278594.331688,0.9718380525899025,0.9713982646917106,0.6117894429783675,0.9999999981280304,unavailable,8,2,Moderate motif evidence,ok,attribution_unsigned: direction from measured efficacy contrast
motif_cnn33_hek293t_all_cnn_ism_650,cnn,cnn33,cnn_ism,all,all,ATTG,ATTG,ATTG,ATTG,ATTG,4,19,22,19.0,0.0,19:30,19,Other,30,30,1,,0.016921228371441638,+,carrier_vs_background_measured_efficacy,5992860766.1277075,0.9490243300506008,0.9464067129174062,0.7891741788324251,0.9999999981280304,unavailable,2,2,Moderate motif evidence,ok,attribution_unsigned: direction from measured efficacy contrast
motif_cnn33_hek293t_all_cnn_ism_651,cnn,cnn33,cnn_ism,all,all,GTTG,GTTG,GTTG,GTTG,GTTG,4,19,22,19.0,0.0,19:30,19,Other,30,30,1,,0.00612753007604222,+,carrier_vs_background_measured_efficacy,4599108571.984243,0.9156614884901295,0.9105824143408968,0.9264836362146988,0.9999999981280304,unavailable,2,2,Moderate motif evidence,ok,attribution_unsigned: direction from measured efficacy contrast
motif_cnn33_hl60_all_cnn_ism_652,cnn,cnn33,cnn_ism,single,all,GTTG,GTTG,GTTG,GTTG,GTTG,4,17,22,18.866666666666667,0.5074162634049248,17:2;19:28,17;19,Other,30,30,1,,-0.0102962751864486,-,carrier_vs_background_measured_efficacy,5.388409105499544,0.9156614884901295,0.9105824143408968,0.9264836362146988,0.9999999981280304,unavailable,2,2,Moderate motif evidence,ok,attribution_unsigned: direction from measured efficacy contrast
motif_cnn33_hl60_sequence_cnn_ism_653,cnn,cnn33,cnn_ism,single,sequence,GTTG,GTTG,GTTG,GTTG,GTTG,4,18,22,18.833333333333332,0.3790490217894517,18:5;19:25,18;19,Other,30,30,1,,-0.007297780984117291,-,carrier_vs_background_measured_efficacy,4.0924087320120215,0.9156614884901295,0.9105824143408968,0.9264836362146988,0.9999999981280304,unavailable,1,1,Exploratory motif,ok,attribution_unsigned: direction from measured efficacy contrast
motif_cnn53_hek293t_sequence_cnn_ism_654,cnn,cnn53,cnn_ism,all,sequence,TTGG,TTGG,TTGG,TTGG,TTGG,4,18,22,18.533333333333335,0.5074162634049248,18:14;19:16,18;19,Other,30,30,1,,0.017477987902631525,+,carrier_vs_background_measured_efficacy,7.299523387814652,0.8998420889416014,0.890448568988756,0.9846074828444094,0.9999999981280304,unavailable,2,1,Model-specific motif,ok,attribution_unsigned: direction from measured efficacy contrast
motif_cnn53_hek293t_sequence_cnn_ism_655,cnn,cnn53,cnn_ism,all,sequence,TTGGG,TTGGG,TTGGG,TTGGG,TTGGG,5,18,23,18.533333333333335,0.5074162634049248,18:14;19:16,18;19,Other,30,30,1,,0.017477987902631525,+,carrier_vs_background_measured_efficacy,26.505702508625095,0.8687736333504504,0.8668466676140401,0.8820148499508667,0.9999999981280304,unavailable,4,1,Model-specific motif,ok,attribution_unsigned: direction from measured efficacy contrast
motif_cnn53_hek293t_sequence_cnn_ism_656,cnn,cnn53,cnn_ism,all,sequence,GTGGG,GTGGG,GTGGG,GTGGG,GTGGG,5,18,23,18.766666666666666,0.4301830671520763,18:7;19:23,18;19,Other,30,30,1,,-7.068277917168797e-05,-,carrier_vs_background_measured_efficacy,5.56927783539291,0.9640425601894488,0.9634407343621985,0.6400028850805872,0.9999999981280304,unavailable,4,2,Moderate motif evidence,ok,attribution_unsigned: direction from measured efficacy contrast
