feature,feature_type,applicable_models,coverage,coverage_detail,model_families,model_variant_support,cellline_support_count,direction_concordance,cell_line_consistency,overall_effect,model_effects,unstable_rows_excluded,ci_low,ci_high,ci_excludes_zero,n_bootstrap,bootstrap_status,permutation_p,permutation_fdr,permutation_status,evidence_tier,motif_id,iupac,human_pattern,regex,effect_direction,direction_source,support_count,evidence_strength
CTGG,motif,cnn33,1,1/1 model families,cnn,21,4,,1 cell line(s),-0.04613038182713122,,0,,,,0,not_applicable (motif effect uses measured-efficacy contrast),0.9999995461087219,0.9999999981280304,ok,Tier 3: Model-specific / exploratory evidence,motif_cnn33_hela_sequence_cnn_ig_001,CTGG,CTGG,CTGG,-,carrier_vs_background_measured_efficacy,1273,Moderate motif evidence
CTGG,motif,cnn33,1,1/1 model families,cnn,24,4,,1 cell line(s),-0.04613038182713122,,0,,,,0,not_applicable (motif effect uses measured-efficacy contrast),0.9999995461087219,0.9999999981280304,ok,Tier 3: Model-specific / exploratory evidence,motif_cnn33_hela_all_cnn_ig_002,CTGG,CTGG,CTGG,-,carrier_vs_background_measured_efficacy,1273,Moderate motif evidence
CTGG,motif,cnn53,1,1/1 model families,cnn,21,4,,1 cell line(s),-0.04613038182713122,,0,,,,0,not_applicable (motif effect uses measured-efficacy contrast),0.9999995461087219,0.9999999981280304,ok,Tier 3: Model-specific / exploratory evidence,motif_cnn53_hela_sequence_cnn_ig_003,CTGG,CTGG,CTGG,-,carrier_vs_background_measured_efficacy,1273,Moderate motif evidence
CTGG,motif,cnn73,1,1/1 model families,cnn,24,4,,1 cell line(s),-0.04613038182713122,,0,,,,0,not_applicable (motif effect uses measured-efficacy contrast),0.9999995461087219,0.9999999981280304,ok,Tier 3: Model-specific / exploratory evidence,motif_cnn73_hela_all_cnn_ig_004,CTGG,CTGG,CTGG,-,carrier_vs_background_measured_efficacy,1273,Moderate motif evidence
CTGG,motif,cnn73,1,1/1 model families,cnn,21,4,,1 cell line(s),-0.04613038182713122,,0,,,,0,not_applicable (motif effect uses measured-efficacy contrast),0.9999995461087219,0.9999999981280304,ok,Tier 3: Model-specific / exploratory evidence,motif_cnn73_hela_sequence_cnn_ig_005,CTGG,CTGG,CTGG,-,carrier_vs_background_measured_efficacy,1273,Moderate motif evidence
CTGG,motif,cnn73,1,1/1 model families,cnn,24,4,,1 cell line(s),-0.04613038182713122,,0,,,,0,not_applicable (motif effect uses measured-efficacy contrast),0.9999995461087219,0.9999999981280304,ok,Tier 3: Model-specific / exploratory evidence,motif_cnn73_hela_all_cnn_ig_006,CTGG,CTGG,CTGG,-,carrier_vs_background_measured_efficacy,1273,Moderate motif evidence
CTGG,motif,cnn73,1,1/1 model families,cnn,21,4,,1 cell line(s),-0.04613038182713122,,0,,,,0,not_applicable (motif effect uses measured-efficacy contrast),0.9999995461087219,0.9999999981280304,ok,Tier 3: Model-specific / exploratory evidence,motif_cnn73_hela_sequence_cnn_ig_007,CTGG,CTGG,CTGG,-,carrier_vs_background_measured_efficacy,1273,Moderate motif evidence
CTGG,motif,cnn33,1,1/1 model families,cnn,4,1,,1 cell line(s),-0.0376370683712034,,0,,,,0,not_applicable (motif effect uses measured-efficacy contrast),0.9999995461087219,0.9999999981280304,ok,Tier 3: Model-specific / exploratory evidence,motif_cnn33_hela_all_cnn_ism_008,CTGG,CTGG,CTGG,-,carrier_vs_background_measured_efficacy,1178,Model-specific motif
CTGG,motif,cnn33,1,1/1 model families,cnn,24,4,,1 cell line(s),-0.03862606337252364,,0,,,,0,not_applicable (motif effect uses measured-efficacy contrast),0.9999995461087219,0.9999999981280304,ok,Tier 3: Model-specific / exploratory evidence,motif_cnn33_hela_all_cnn_ig_009,CTGG,CTGG,CTGG,-,carrier_vs_background_measured_efficacy,1167,Moderate motif evidence
CTGG,motif,cnn53,1,1/1 model families,cnn,21,4,,1 cell line(s),-0.03862606337252364,,0,,,,0,not_applicable (motif effect uses measured-efficacy contrast),0.9999995461087219,0.9999999981280304,ok,Tier 3: Model-specific / exploratory evidence,motif_cnn53_hela_sequence_cnn_ig_010,CTGG,CTGG,CTGG,-,carrier_vs_background_measured_efficacy,1167,Moderate motif evidence
CTGG,motif,cnn53,1,1/1 model families,cnn,24,4,,1 cell line(s),-0.045643543511925955,,0,,,,0,not_applicable (motif effect uses measured-efficacy contrast),0.9999995461087219,0.9999999981280304,ok,Tier 3: Model-specific / exploratory evidence,motif_cnn53_hela_all_cnn_ig_011,CTGG,CTGG,CTGG,-,carrier_vs_background_measured_efficacy,1145,Moderate motif evidence
CAGG,motif,cnn33,1,1/1 model families,cnn,23,4,,1 cell line(s),-0.030366121537008794,,0,,,,0,not_applicable (motif effect uses measured-efficacy contrast),0.9958846218844343,0.9999999981280304,ok,Tier 3: Model-specific / exploratory evidence,motif_cnn33_hela_sequence_cnn_ig_012,CAGG,CAGG,CAGG,-,carrier_vs_background_measured_efficacy,1083,Moderate motif evidence
CAGG,motif,cnn33,1,1/1 model families,cnn,23,4,,1 cell line(s),-0.030366121537008794,,0,,,,0,not_applicable (motif effect uses measured-efficacy contrast),0.9958846218844343,0.9999999981280304,ok,Tier 3: Model-specific / exploratory evidence,motif_cnn33_hela_sequence_cnn_ig_013,CAGG,CAGG,CAGG,-,carrier_vs_background_measured_efficacy,1083,Moderate motif evidence
CAGG,motif,cnn53,1,1/1 model families,cnn,23,4,,1 cell line(s),-0.030366121537008794,,0,,,,0,not_applicable (motif effect uses measured-efficacy contrast),0.9958846218844343,0.9999999981280304,ok,Tier 3: Model-specific / exploratory evidence,motif_cnn53_hela_all_cnn_ig_014,CAGG,CAGG,CAGG,-,carrier_vs_background_measured_efficacy,1083,Moderate motif evidence
CAGG,motif,cnn53,1,1/1 model families,cnn,23,4,,1 cell line(s),-0.030366121537008794,,0,,,,0,not_applicable (motif effect uses measured-efficacy contrast),0.9958846218844343,0.9999999981280304,ok,Tier 3: Model-specific / exploratory evidence,motif_cnn53_hela_sequence_cnn_ig_015,CAGG,CAGG,CAGG,-,carrier_vs_background_measured_efficacy,1083,Moderate motif evidence
CAGG,motif,cnn53,1,1/1 model families,cnn,23,4,,1 cell line(s),-0.030366121537008794,,0,,,,0,not_applicable (motif effect uses measured-efficacy contrast),0.9958846218844343,0.9999999981280304,ok,Tier 3: Model-specific / exploratory evidence,motif_cnn53_hela_all_cnn_ig_016,CAGG,CAGG,CAGG,-,carrier_vs_background_measured_efficacy,1083,Moderate motif evidence
CAGG,motif,cnn73,1,1/1 model families,cnn,23,4,,1 cell line(s),-0.030366121537008794,,0,,,,0,not_applicable (motif effect uses measured-efficacy contrast),0.9958846218844343,0.9999999981280304,ok,Tier 3: Model-specific / exploratory evidence,motif_cnn73_hela_all_cnn_ig_017,CAGG,CAGG,CAGG,-,carrier_vs_background_measured_efficacy,1083,Moderate motif evidence
CAGG,motif,cnn73,1,1/1 model families,cnn,23,4,,1 cell line(s),-0.030366121537008794,,0,,,,0,not_applicable (motif effect uses measured-efficacy contrast),0.9958846218844343,0.9999999981280304,ok,Tier 3: Model-specific / exploratory evidence,motif_cnn73_hela_sequence_cnn_ig_018,CAGG,CAGG,CAGG,-,carrier_vs_background_measured_efficacy,1083,Moderate motif evidence
CAGG,motif,cnn73,1,1/1 model families,cnn,23,4,,1 cell line(s),-0.030366121537008794,,0,,,,0,not_applicable (motif effect uses measured-efficacy contrast),0.9958846218844343,0.9999999981280304,ok,Tier 3: Model-specific / exploratory evidence,motif_cnn73_hela_all_cnn_ig_019,CAGG,CAGG,CAGG,-,carrier_vs_background_measured_efficacy,1083,Moderate motif evidence
CAGG,motif,cnn73,1,1/1 model families,cnn,23,4,,1 cell line(s),-0.030366121537008794,,0,,,,0,not_applicable (motif effect uses measured-efficacy contrast),0.9958846218844343,0.9999999981280304,ok,Tier 3: Model-specific / exploratory evidence,motif_cnn73_hela_sequence_cnn_ig_020,CAGG,CAGG,CAGG,-,carrier_vs_background_measured_efficacy,1083,Moderate motif evidence
CAGG,motif,cnn33,1,1/1 model families,cnn,23,4,,1 cell line(s),-0.02642683726729339,,0,,,,0,not_applicable (motif effect uses measured-efficacy contrast),0.9958846218844343,0.9999999981280304,ok,Tier 3: Model-specific / exploratory evidence,motif_cnn33_hela_all_cnn_ig_021,CAGG,CAGG,CAGG,-,carrier_vs_background_measured_efficacy,1053,Moderate motif evidence
CTGG,motif,cnn53,1,1/1 model families,cnn,24,4,,1 cell line(s),-0.038947582269858394,,0,,,,0,not_applicable (motif effect uses measured-efficacy contrast),0.9999995461087219,0.9999999981280304,ok,Tier 3: Model-specific / exploratory evidence,motif_cnn53_hela_all_cnn_ig_022,CTGG,CTGG,CTGG,-,carrier_vs_background_measured_efficacy,974,Moderate motif evidence
CAGG,motif,cnn33,1,1/1 model families,cnn,2,1,,1 cell line(s),-0.01627001303881545,,0,,,,0,not_applicable (motif effect uses measured-efficacy contrast),0.9958846218844343,0.9999999981280304,ok,Tier 3: Model-specific / exploratory evidence,motif_cnn33_hela_all_cnn_ism_023,CAGG,CAGG,CAGG,-,carrier_vs_background_measured_efficacy,964,Model-specific motif
CAGG,motif,cnn53,1,1/1 model families,cnn,23,4,,1 cell line(s),-0.01627001303881545,,0,,,,0,not_applicable (motif effect uses measured-efficacy contrast),0.9958846218844343,0.9999999981280304,ok,Tier 3: Model-specific / exploratory evidence,motif_cnn53_hela_sequence_cnn_ig_024,CAGG,CAGG,CAGG,-,carrier_vs_background_measured_efficacy,964,Moderate motif evidence
GAGG,motif,cnn33,1,1/1 model families,cnn,24,4,,1 cell line(s),0.012137950426209743,,0,,,,0,not_applicable (motif effect uses measured-efficacy contrast),0.0029209226284590056,0.03090524587530819,ok,Tier 3: Model-specific / exploratory evidence,motif_cnn33_hela_sequence_cnn_ig_025,GAGG,GAGG,GAGG,+,carrier_vs_background_measured_efficacy,899,Strong motif evidence
GAGG,motif,cnn53,1,1/1 model families,cnn,24,4,,1 cell line(s),0.012137950426209743,,0,,,,0,not_applicable (motif effect uses measured-efficacy contrast),0.0029209226284590056,0.03090524587530819,ok,Tier 3: Model-specific / exploratory evidence,motif_cnn53_hela_all_cnn_ig_026,GAGG,GAGG,GAGG,+,carrier_vs_background_measured_efficacy,899,Strong motif evidence
GAGG,motif,cnn53,1,1/1 model families,cnn,24,4,,1 cell line(s),0.012137950426209743,,0,,,,0,not_applicable (motif effect uses measured-efficacy contrast),0.0029209226284590056,0.03090524587530819,ok,Tier 3: Model-specific / exploratory evidence,motif_cnn53_hela_sequence_cnn_ig_027,GAGG,GAGG,GAGG,+,carrier_vs_background_measured_efficacy,899,Strong motif evidence
GAGG,motif,cnn73,1,1/1 model families,cnn,24,4,,1 cell line(s),0.012137950426209743,,0,,,,0,not_applicable (motif effect uses measured-efficacy contrast),0.0029209226284590056,0.03090524587530819,ok,Tier 3: Model-specific / exploratory evidence,motif_cnn73_hela_all_cnn_ig_028,GAGG,GAGG,GAGG,+,carrier_vs_background_measured_efficacy,899,Strong motif evidence
GAGG,motif,cnn73,1,1/1 model families,cnn,24,4,,1 cell line(s),0.012137950426209743,,0,,,,0,not_applicable (motif effect uses measured-efficacy contrast),0.0029209226284590056,0.03090524587530819,ok,Tier 3: Model-specific / exploratory evidence,motif_cnn73_hela_sequence_cnn_ig_029,GAGG,GAGG,GAGG,+,carrier_vs_background_measured_efficacy,899,Strong motif evidence
GAGG,motif,cnn73,1,1/1 model families,cnn,24,4,,1 cell line(s),0.012137950426209743,,0,,,,0,not_applicable (motif effect uses measured-efficacy contrast),0.0029209226284590056,0.03090524587530819,ok,Tier 3: Model-specific / exploratory evidence,motif_cnn73_hela_all_cnn_ig_030,GAGG,GAGG,GAGG,+,carrier_vs_background_measured_efficacy,899,Strong motif evidence
GAGG,motif,cnn73,1,1/1 model families,cnn,24,4,,1 cell line(s),0.012137950426209743,,0,,,,0,not_applicable (motif effect uses measured-efficacy contrast),0.0029209226284590056,0.03090524587530819,ok,Tier 3: Model-specific / exploratory evidence,motif_cnn73_hela_sequence_cnn_ig_031,GAGG,GAGG,GAGG,+,carrier_vs_background_measured_efficacy,899,Strong motif evidence
AAGG,motif,cnn33,1,1/1 model families,cnn,24,4,,1 cell line(s),-0.009549614309770915,,0,,,,0,not_applicable (motif effect uses measured-efficacy contrast),0.7216160884684157,0.9999999981280304,ok,Inconclusive,motif_cnn33_hela_all_cnn_ig_032,AAGG,AAGG,AAGG,-,carrier_vs_background_measured_efficacy,890,Moderate motif evidence
AAGG,motif,cnn33,1,1/1 model families,cnn,24,4,,1 cell line(s),-0.009549614309770915,,0,,,,0,not_applicable (motif effect uses measured-efficacy contrast),0.7216160884684157,0.9999999981280304,ok,Inconclusive,motif_cnn33_hela_sequence_cnn_ig_033,AAGG,AAGG,AAGG,-,carrier_vs_background_measured_efficacy,890,Moderate motif evidence
AAGG,motif,cnn33,1,1/1 model families,cnn,24,4,,1 cell line(s),-0.009549614309770915,,0,,,,0,not_applicable (motif effect uses measured-efficacy contrast),0.7216160884684157,0.9999999981280304,ok,Inconclusive,motif_cnn33_hela_all_cnn_ig_034,AAGG,AAGG,AAGG,-,carrier_vs_background_measured_efficacy,890,Moderate motif evidence
AAGG,motif,cnn53,1,1/1 model families,cnn,24,4,,1 cell line(s),-0.009549614309770915,,0,,,,0,not_applicable (motif effect uses measured-efficacy contrast),0.7216160884684157,0.9999999981280304,ok,Inconclusive,motif_cnn53_hela_all_cnn_ig_035,AAGG,AAGG,AAGG,-,carrier_vs_background_measured_efficacy,890,Moderate motif evidence
AAGG,motif,cnn53,1,1/1 model families,cnn,24,4,,1 cell line(s),-0.009549614309770915,,0,,,,0,not_applicable (motif effect uses measured-efficacy contrast),0.7216160884684157,0.9999999981280304,ok,Inconclusive,motif_cnn53_hela_sequence_cnn_ig_036,AAGG,AAGG,AAGG,-,carrier_vs_background_measured_efficacy,890,Moderate motif evidence
AAGG,motif,cnn73,1,1/1 model families,cnn,24,4,,1 cell line(s),-0.009549614309770915,,0,,,,0,not_applicable (motif effect uses measured-efficacy contrast),0.7216160884684157,0.9999999981280304,ok,Inconclusive,motif_cnn73_hela_all_cnn_ig_037,AAGG,AAGG,AAGG,-,carrier_vs_background_measured_efficacy,890,Moderate motif evidence
AAGG,motif,cnn73,1,1/1 model families,cnn,24,4,,1 cell line(s),-0.009549614309770915,,0,,,,0,not_applicable (motif effect uses measured-efficacy contrast),0.7216160884684157,0.9999999981280304,ok,Inconclusive,motif_cnn73_hela_sequence_cnn_ig_038,AAGG,AAGG,AAGG,-,carrier_vs_background_measured_efficacy,890,Moderate motif evidence
AAGG,motif,cnn73,1,1/1 model families,cnn,24,4,,1 cell line(s),-0.009549614309770915,,0,,,,0,not_applicable (motif effect uses measured-efficacy contrast),0.7216160884684157,0.9999999981280304,ok,Inconclusive,motif_cnn73_hela_all_cnn_ig_039,AAGG,AAGG,AAGG,-,carrier_vs_background_measured_efficacy,890,Moderate motif evidence
AAGG,motif,cnn73,1,1/1 model families,cnn,24,4,,1 cell line(s),-0.009549614309770915,,0,,,,0,not_applicable (motif effect uses measured-efficacy contrast),0.7216160884684157,0.9999999981280304,ok,Inconclusive,motif_cnn73_hela_sequence_cnn_ig_040,AAGG,AAGG,AAGG,-,carrier_vs_background_measured_efficacy,890,Moderate motif evidence
AAGG,motif,cnn33,1,1/1 model families,cnn,3,1,,1 cell line(s),-0.0010981735348663535,,0,,,,0,not_applicable (motif effect uses measured-efficacy contrast),0.7216160884684157,0.9999999981280304,ok,Inconclusive,motif_cnn33_hela_all_cnn_ism_041,AAGG,AAGG,AAGG,-,carrier_vs_background_measured_efficacy,835,Model-specific motif
AAGG,motif,cnn53,1,1/1 model families,cnn,24,4,,1 cell line(s),-0.0010981735348663535,,0,,,,0,not_applicable (motif effect uses measured-efficacy contrast),0.7216160884684157,0.9999999981280304,ok,Inconclusive,motif_cnn53_hela_sequence_cnn_ig_042,AAGG,AAGG,AAGG,-,carrier_vs_background_measured_efficacy,835,Moderate motif evidence
AAGG,motif,cnn53,1,1/1 model families,cnn,24,4,,1 cell line(s),0.0011577443882482275,,0,,,,0,not_applicable (motif effect uses measured-efficacy contrast),0.7216160884684157,0.9999999981280304,ok,Inconclusive,motif_cnn53_hela_all_cnn_ig_043,AAGG,AAGG,AAGG,+,carrier_vs_background_measured_efficacy,818,Moderate motif evidence
ATGG,motif,cnn33,1,1/1 model families,cnn,22,4,,1 cell line(s),0.010507030964566344,,0,,,,0,not_applicable (motif effect uses measured-efficacy contrast),0.0766084731168302,0.2590472080651578,ok,Tier 3: Model-specific / exploratory evidence,motif_cnn33_hela_sequence_cnn_ig_044,ATGG,ATGG,ATGG,+,carrier_vs_background_measured_efficacy,789,Moderate motif evidence
ATGG,motif,cnn53,1,1/1 model families,cnn,22,4,,1 cell line(s),0.010507030964566344,,0,,,,0,not_applicable (motif effect uses measured-efficacy contrast),0.0766084731168302,0.2590472080651578,ok,Tier 3: Model-specific / exploratory evidence,motif_cnn53_hela_sequence_cnn_ig_045,ATGG,ATGG,ATGG,+,carrier_vs_background_measured_efficacy,789,Moderate motif evidence
ATGG,motif,cnn73,1,1/1 model families,cnn,24,4,,1 cell line(s),0.010507030964566344,,0,,,,0,not_applicable (motif effect uses measured-efficacy contrast),0.0766084731168302,0.2590472080651578,ok,Tier 3: Model-specific / exploratory evidence,motif_cnn73_hela_all_cnn_ig_046,ATGG,ATGG,ATGG,+,carrier_vs_background_measured_efficacy,789,Moderate motif evidence
ATGG,motif,cnn73,1,1/1 model families,cnn,22,4,,1 cell line(s),0.010507030964566344,,0,,,,0,not_applicable (motif effect uses measured-efficacy contrast),0.0766084731168302,0.2590472080651578,ok,Tier 3: Model-specific / exploratory evidence,motif_cnn73_hela_sequence_cnn_ig_047,ATGG,ATGG,ATGG,+,carrier_vs_background_measured_efficacy,789,Moderate motif evidence
ATGG,motif,cnn73,1,1/1 model families,cnn,24,4,,1 cell line(s),0.010507030964566344,,0,,,,0,not_applicable (motif effect uses measured-efficacy contrast),0.0766084731168302,0.2590472080651578,ok,Tier 3: Model-specific / exploratory evidence,motif_cnn73_hela_all_cnn_ig_048,ATGG,ATGG,ATGG,+,carrier_vs_background_measured_efficacy,789,Moderate motif evidence
ATGG,motif,cnn73,1,1/1 model families,cnn,22,4,,1 cell line(s),0.010507030964566344,,0,,,,0,not_applicable (motif effect uses measured-efficacy contrast),0.0766084731168302,0.2590472080651578,ok,Tier 3: Model-specific / exploratory evidence,motif_cnn73_hela_sequence_cnn_ig_049,ATGG,ATGG,ATGG,+,carrier_vs_background_measured_efficacy,789,Moderate motif evidence
ATGG,motif,cnn33,1,1/1 model families,cnn,24,4,,1 cell line(s),0.01271580221488855,,0,,,,0,not_applicable (motif effect uses measured-efficacy contrast),0.0766084731168302,0.2590472080651578,ok,Tier 3: Model-specific / exploratory evidence,motif_cnn33_hela_all_cnn_ig_050,ATGG,ATGG,ATGG,+,carrier_vs_background_measured_efficacy,774,Moderate motif evidence
CAGG,motif,cnn73,1,1/1 model families,cnn,5,3,,1 cell line(s),-0.06855113675159155,,0,,,,0,not_applicable (motif effect uses measured-efficacy contrast),0.9958846218844343,0.9999999981280304,ok,Tier 3: Model-specific / exploratory evidence,motif_cnn73_hela_sequence_cnn_ism_051,CAGG,CAGG,CAGG,-,carrier_vs_background_measured_efficacy,747,Moderate motif evidence
ATGG,motif,cnn53,1,1/1 model families,cnn,24,4,,1 cell line(s),0.01627796344469612,,0,,,,0,not_applicable (motif effect uses measured-efficacy contrast),0.0766084731168302,0.2590472080651578,ok,Tier 3: Model-specific / exploratory evidence,motif_cnn53_hela_all_cnn_ig_052,ATGG,ATGG,ATGG,+,carrier_vs_background_measured_efficacy,745,Moderate motif evidence
ATGG,motif,cnn33,1,1/1 model families,cnn,5,2,,1 cell line(s),0.018508280993109583,,0,,,,0,not_applicable (motif effect uses measured-efficacy contrast),0.0766084731168302,0.2590472080651578,ok,Tier 3: Model-specific / exploratory evidence,motif_cnn33_hela_all_cnn_ism_053,ATGG,ATGG,ATGG,+,carrier_vs_background_measured_efficacy,744,Moderate motif evidence
ATGG,motif,cnn53,1,1/1 model families,cnn,22,4,,1 cell line(s),0.018508280993109583,,0,,,,0,not_applicable (motif effect uses measured-efficacy contrast),0.0766084731168302,0.2590472080651578,ok,Tier 3: Model-specific / exploratory evidence,motif_cnn53_hela_sequence_cnn_ig_054,ATGG,ATGG,ATGG,+,carrier_vs_background_measured_efficacy,744,Moderate motif evidence
ATGG,motif,cnn33,1,1/1 model families,cnn,24,4,,1 cell line(s),0.016718491376690292,,0,,,,0,not_applicable (motif effect uses measured-efficacy contrast),0.0766084731168302,0.2590472080651578,ok,Tier 3: Model-specific / exploratory evidence,motif_cnn33_hela_all_cnn_ig_055,ATGG,ATGG,ATGG,+,carrier_vs_background_measured_efficacy,743,Moderate motif evidence
GAGG,motif,cnn33,1,1/1 model families,cnn,3,1,,1 cell line(s),0.019929075837687882,,0,,,,0,not_applicable (motif effect uses measured-efficacy contrast),0.0029209226284590056,0.03090524587530819,ok,Tier 3: Model-specific / exploratory evidence,motif_cnn33_hela_all_cnn_ism_056,GAGG,GAGG,GAGG,+,carrier_vs_background_measured_efficacy,741,Model-specific motif
GTGG,motif,cnn33,1,1/1 model families,cnn,22,4,,1 cell line(s),0.016828345635089004,,0,,,,0,not_applicable (motif effect uses measured-efficacy contrast),0.2010127514868136,0.46595181970088245,ok,Tier 3: Model-specific / exploratory evidence,motif_cnn33_hela_sequence_cnn_ig_057,GTGG,GTGG,GTGG,+,carrier_vs_background_measured_efficacy,740,Moderate motif evidence
GTGG,motif,cnn53,1,1/1 model families,cnn,24,4,,1 cell line(s),0.016828345635089004,,0,,,,0,not_applicable (motif effect uses measured-efficacy contrast),0.2010127514868136,0.46595181970088245,ok,Tier 3: Model-specific / exploratory evidence,motif_cnn53_hela_all_cnn_ig_058,GTGG,GTGG,GTGG,+,carrier_vs_background_measured_efficacy,740,Moderate motif evidence
GTGG,motif,cnn53,1,1/1 model families,cnn,22,4,,1 cell line(s),0.016828345635089004,,0,,,,0,not_applicable (motif effect uses measured-efficacy contrast),0.2010127514868136,0.46595181970088245,ok,Tier 3: Model-specific / exploratory evidence,motif_cnn53_hela_sequence_cnn_ig_059,GTGG,GTGG,GTGG,+,carrier_vs_background_measured_efficacy,740,Moderate motif evidence
GTGG,motif,cnn73,1,1/1 model families,cnn,24,4,,1 cell line(s),0.016828345635089004,,0,,,,0,not_applicable (motif effect uses measured-efficacy contrast),0.2010127514868136,0.46595181970088245,ok,Tier 3: Model-specific / exploratory evidence,motif_cnn73_hela_all_cnn_ig_060,GTGG,GTGG,GTGG,+,carrier_vs_background_measured_efficacy,740,Moderate motif evidence
GTGG,motif,cnn73,1,1/1 model families,cnn,22,4,,1 cell line(s),0.016828345635089004,,0,,,,0,not_applicable (motif effect uses measured-efficacy contrast),0.2010127514868136,0.46595181970088245,ok,Tier 3: Model-specific / exploratory evidence,motif_cnn73_hela_sequence_cnn_ig_061,GTGG,GTGG,GTGG,+,carrier_vs_background_measured_efficacy,740,Moderate motif evidence
GTGG,motif,cnn73,1,1/1 model families,cnn,24,4,,1 cell line(s),0.016828345635089004,,0,,,,0,not_applicable (motif effect uses measured-efficacy contrast),0.2010127514868136,0.46595181970088245,ok,Tier 3: Model-specific / exploratory evidence,motif_cnn73_hela_all_cnn_ig_062,GTGG,GTGG,GTGG,+,carrier_vs_background_measured_efficacy,740,Moderate motif evidence
GTGG,motif,cnn73,1,1/1 model families,cnn,22,4,,1 cell line(s),0.016828345635089004,,0,,,,0,not_applicable (motif effect uses measured-efficacy contrast),0.2010127514868136,0.46595181970088245,ok,Tier 3: Model-specific / exploratory evidence,motif_cnn73_hela_sequence_cnn_ig_063,GTGG,GTGG,GTGG,+,carrier_vs_background_measured_efficacy,740,Moderate motif evidence
ATGG,motif,cnn53,1,1/1 model families,cnn,24,4,,1 cell line(s),0.01045811749819714,,0,,,,0,not_applicable (motif effect uses measured-efficacy contrast),0.0766084731168302,0.2590472080651578,ok,Tier 3: Model-specific / exploratory evidence,motif_cnn53_hela_all_cnn_ig_064,ATGG,ATGG,ATGG,+,carrier_vs_background_measured_efficacy,717,Moderate motif evidence
GAGG,motif,cnn33,1,1/1 model families,cnn,24,4,,1 cell line(s),0.006199161621638083,,0,,,,0,not_applicable (motif effect uses measured-efficacy contrast),0.0029209226284590056,0.03090524587530819,ok,Tier 3: Model-specific / exploratory evidence,motif_cnn33_hela_sequence_cnn_ig_065,GAGG,GAGG,GAGG,+,carrier_vs_background_measured_efficacy,709,Strong motif evidence
AAGG,motif,cnn33,1,1/1 model families,cnn,24,4,,1 cell line(s),-0.0149381316295564,,0,,,,0,not_applicable (motif effect uses measured-efficacy contrast),0.7216160884684157,0.9999999981280304,ok,Tier 3: Model-specific / exploratory evidence,motif_cnn33_hela_sequence_cnn_ig_066,AAGG,AAGG,AAGG,-,carrier_vs_background_measured_efficacy,681,Moderate motif evidence
GAGG,motif,cnn53,1,1/1 model families,cnn,24,4,,1 cell line(s),0.01974104148198147,,0,,,,0,not_applicable (motif effect uses measured-efficacy contrast),0.0029209226284590056,0.03090524587530819,ok,Tier 3: Model-specific / exploratory evidence,motif_cnn53_hela_sequence_cnn_ig_067,GAGG,GAGG,GAGG,+,carrier_vs_background_measured_efficacy,678,Strong motif evidence
GAGG,motif,cnn73,1,1/1 model families,cnn,7,3,,1 cell line(s),-0.002884689233096427,,0,,,,0,not_applicable (motif effect uses measured-efficacy contrast),0.0029209226284590056,0.03090524587530819,ok,Tier 3: Model-specific / exploratory evidence,motif_cnn73_hela_sequence_cnn_ism_068,GAGG,GAGG,GAGG,-,carrier_vs_background_measured_efficacy,670,Strong motif evidence
GAGG,motif,cnn53,1,1/1 model families,cnn,24,4,,1 cell line(s),0.01850662745086029,,0,,,,0,not_applicable (motif effect uses measured-efficacy contrast),0.0029209226284590056,0.03090524587530819,ok,Tier 3: Model-specific / exploratory evidence,motif_cnn53_hela_all_cnn_ig_069,GAGG,GAGG,GAGG,+,carrier_vs_background_measured_efficacy,657,Strong motif evidence
GAGG,motif,cnn33,1,1/1 model families,cnn,24,4,,1 cell line(s),0.015001002026977128,,0,,,,0,not_applicable (motif effect uses measured-efficacy contrast),0.0029209226284590056,0.03090524587530819,ok,Tier 3: Model-specific / exploratory evidence,motif_cnn33_hela_all_cnn_ig_070,GAGG,GAGG,GAGG,+,carrier_vs_background_measured_efficacy,655,Strong motif evidence
GTGG,motif,cnn33,1,1/1 model families,cnn,5,2,,1 cell line(s),0.023568298446491887,,0,,,,0,not_applicable (motif effect uses measured-efficacy contrast),0.2010127514868136,0.46595181970088245,ok,Tier 3: Model-specific / exploratory evidence,motif_cnn33_hela_all_cnn_ism_071,GTGG,GTGG,GTGG,+,carrier_vs_background_measured_efficacy,645,Moderate motif evidence
CTGG,motif,cnn33,1,1/1 model families,cnn,21,4,,1 cell line(s),-0.04838468855525466,,0,,,,0,not_applicable (motif effect uses measured-efficacy contrast),0.9999995461087219,0.9999999981280304,ok,Tier 3: Model-specific / exploratory evidence,motif_cnn33_hct116_sequence_cnn_ig_072,CTGG,CTGG,CTGG,-,carrier_vs_background_measured_efficacy,639,Moderate motif evidence
CTGG,motif,cnn33,1,1/1 model families,cnn,24,4,,1 cell line(s),-0.04838468855525466,,0,,,,0,not_applicable (motif effect uses measured-efficacy contrast),0.9999995461087219,0.9999999981280304,ok,Tier 3: Model-specific / exploratory evidence,motif_cnn33_hct116_all_cnn_ig_073,CTGG,CTGG,CTGG,-,carrier_vs_background_measured_efficacy,639,Moderate motif evidence
CTGG,motif,cnn33,1,1/1 model families,cnn,21,4,,1 cell line(s),-0.04838468855525466,,0,,,,0,not_applicable (motif effect uses measured-efficacy contrast),0.9999995461087219,0.9999999981280304,ok,Tier 3: Model-specific / exploratory evidence,motif_cnn33_hct116_sequence_cnn_ig_074,CTGG,CTGG,CTGG,-,carrier_vs_background_measured_efficacy,639,Moderate motif evidence
CTGG,motif,cnn53,1,1/1 model families,cnn,24,4,,1 cell line(s),-0.04838468855525466,,0,,,,0,not_applicable (motif effect uses measured-efficacy contrast),0.9999995461087219,0.9999999981280304,ok,Tier 3: Model-specific / exploratory evidence,motif_cnn53_hct116_all_cnn_ig_075,CTGG,CTGG,CTGG,-,carrier_vs_background_measured_efficacy,639,Moderate motif evidence
CTGG,motif,cnn53,1,1/1 model families,cnn,21,4,,1 cell line(s),-0.04838468855525466,,0,,,,0,not_applicable (motif effect uses measured-efficacy contrast),0.9999995461087219,0.9999999981280304,ok,Tier 3: Model-specific / exploratory evidence,motif_cnn53_hct116_sequence_cnn_ig_076,CTGG,CTGG,CTGG,-,carrier_vs_background_measured_efficacy,639,Moderate motif evidence
CTGG,motif,cnn53,1,1/1 model families,cnn,24,4,,1 cell line(s),-0.04838468855525466,,0,,,,0,not_applicable (motif effect uses measured-efficacy contrast),0.9999995461087219,0.9999999981280304,ok,Tier 3: Model-specific / exploratory evidence,motif_cnn53_hct116_all_cnn_ig_077,CTGG,CTGG,CTGG,-,carrier_vs_background_measured_efficacy,639,Moderate motif evidence
CTGG,motif,cnn53,1,1/1 model families,cnn,21,4,,1 cell line(s),-0.04838468855525466,,0,,,,0,not_applicable (motif effect uses measured-efficacy contrast),0.9999995461087219,0.9999999981280304,ok,Tier 3: Model-specific / exploratory evidence,motif_cnn53_hct116_sequence_cnn_ig_078,CTGG,CTGG,CTGG,-,carrier_vs_background_measured_efficacy,639,Moderate motif evidence
CTGG,motif,cnn73,1,1/1 model families,cnn,24,4,,1 cell line(s),-0.04838468855525466,,0,,,,0,not_applicable (motif effect uses measured-efficacy contrast),0.9999995461087219,0.9999999981280304,ok,Tier 3: Model-specific / exploratory evidence,motif_cnn73_hct116_all_cnn_ig_079,CTGG,CTGG,CTGG,-,carrier_vs_background_measured_efficacy,639,Moderate motif evidence
CTGG,motif,cnn73,1,1/1 model families,cnn,21,4,,1 cell line(s),-0.04838468855525466,,0,,,,0,not_applicable (motif effect uses measured-efficacy contrast),0.9999995461087219,0.9999999981280304,ok,Tier 3: Model-specific / exploratory evidence,motif_cnn73_hct116_sequence_cnn_ig_080,CTGG,CTGG,CTGG,-,carrier_vs_background_measured_efficacy,639,Moderate motif evidence
CTGG,motif,cnn73,1,1/1 model families,cnn,24,4,,1 cell line(s),-0.04838468855525466,,0,,,,0,not_applicable (motif effect uses measured-efficacy contrast),0.9999995461087219,0.9999999981280304,ok,Tier 3: Model-specific / exploratory evidence,motif_cnn73_hct116_all_cnn_ig_081,CTGG,CTGG,CTGG,-,carrier_vs_background_measured_efficacy,639,Moderate motif evidence
CTGG,motif,cnn73,1,1/1 model families,cnn,21,4,,1 cell line(s),-0.04838468855525466,,0,,,,0,not_applicable (motif effect uses measured-efficacy contrast),0.9999995461087219,0.9999999981280304,ok,Tier 3: Model-specific / exploratory evidence,motif_cnn73_hct116_sequence_cnn_ig_082,CTGG,CTGG,CTGG,-,carrier_vs_background_measured_efficacy,639,Moderate motif evidence
GTGG,motif,cnn53,1,1/1 model families,cnn,24,4,,1 cell line(s),0.02470786050693341,,0,,,,0,not_applicable (motif effect uses measured-efficacy contrast),0.2010127514868136,0.46595181970088245,ok,Tier 3: Model-specific / exploratory evidence,motif_cnn53_hela_all_cnn_ig_083,GTGG,GTGG,GTGG,+,carrier_vs_background_measured_efficacy,627,Moderate motif evidence
GTGG,motif,cnn53,1,1/1 model families,cnn,22,4,,1 cell line(s),0.02470786050693341,,0,,,,0,not_applicable (motif effect uses measured-efficacy contrast),0.2010127514868136,0.46595181970088245,ok,Tier 3: Model-specific / exploratory evidence,motif_cnn53_hela_sequence_cnn_ig_084,GTGG,GTGG,GTGG,+,carrier_vs_background_measured_efficacy,627,Moderate motif evidence
GTGG,motif,cnn33,1,1/1 model families,cnn,22,4,,1 cell line(s),0.019753527265355064,,0,,,,0,not_applicable (motif effect uses measured-efficacy contrast),0.2010127514868136,0.46595181970088245,ok,Tier 3: Model-specific / exploratory evidence,motif_cnn33_hela_sequence_cnn_ig_085,GTGG,GTGG,GTGG,+,carrier_vs_background_measured_efficacy,618,Moderate motif evidence
AGGG,motif,cnn33,1,1/1 model families,cnn,11,2,,1 cell line(s),0.02841534327154127,,0,,,,0,not_applicable (motif effect uses measured-efficacy contrast),0.034221384081866424,0.20595621979545298,ok,Tier 3: Model-specific / exploratory evidence,motif_cnn33_hela_sequence_cnn_ig_086,AGGG,AGGG,AGGG,+,carrier_vs_background_measured_efficacy,610,Moderate motif evidence
AGGG,motif,cnn73,1,1/1 model families,cnn,11,2,,1 cell line(s),0.02841534327154127,,0,,,,0,not_applicable (motif effect uses measured-efficacy contrast),0.034221384081866424,0.20595621979545298,ok,Tier 3: Model-specific / exploratory evidence,motif_cnn73_hela_all_cnn_ig_087,AGGG,AGGG,AGGG,+,carrier_vs_background_measured_efficacy,610,Moderate motif evidence
AGGG,motif,cnn73,1,1/1 model families,cnn,11,2,,1 cell line(s),0.02841534327154127,,0,,,,0,not_applicable (motif effect uses measured-efficacy contrast),0.034221384081866424,0.20595621979545298,ok,Tier 3: Model-specific / exploratory evidence,motif_cnn73_hela_sequence_cnn_ig_088,AGGG,AGGG,AGGG,+,carrier_vs_background_measured_efficacy,610,Moderate motif evidence
AGGG,motif,cnn73,1,1/1 model families,cnn,11,2,,1 cell line(s),0.02841534327154127,,0,,,,0,not_applicable (motif effect uses measured-efficacy contrast),0.034221384081866424,0.20595621979545298,ok,Tier 3: Model-specific / exploratory evidence,motif_cnn73_hela_all_cnn_ig_089,AGGG,AGGG,AGGG,+,carrier_vs_background_measured_efficacy,610,Moderate motif evidence
AGGG,motif,cnn73,1,1/1 model families,cnn,11,2,,1 cell line(s),0.02841534327154127,,0,,,,0,not_applicable (motif effect uses measured-efficacy contrast),0.034221384081866424,0.20595621979545298,ok,Tier 3: Model-specific / exploratory evidence,motif_cnn73_hela_sequence_cnn_ig_090,AGGG,AGGG,AGGG,+,carrier_vs_background_measured_efficacy,610,Moderate motif evidence
CTGG,motif,cnn33,1,1/1 model families,cnn,24,4,,1 cell line(s),-0.04699820864104998,,0,,,,0,not_applicable (motif effect uses measured-efficacy contrast),0.9999995461087219,0.9999999981280304,ok,Tier 3: Model-specific / exploratory evidence,motif_cnn33_hct116_all_cnn_ig_091,CTGG,CTGG,CTGG,-,carrier_vs_background_measured_efficacy,603,Moderate motif evidence
AAGG,motif,cnn73,1,1/1 model families,cnn,6,3,,1 cell line(s),-0.04317569136381641,,0,,,,0,not_applicable (motif effect uses measured-efficacy contrast),0.7216160884684157,0.9999999981280304,ok,Tier 3: Model-specific / exploratory evidence,motif_cnn73_hela_sequence_cnn_ism_092,AAGG,AAGG,AAGG,-,carrier_vs_background_measured_efficacy,595,Moderate motif evidence
CTGG,motif,cnn33,1,1/1 model families,cnn,6,2,,1 cell line(s),-0.041369768520973405,,0,,,,0,not_applicable (motif effect uses measured-efficacy contrast),0.9999995461087219,0.9999999981280304,ok,Tier 3: Model-specific / exploratory evidence,motif_cnn33_hct116_sequence_cnn_ism_093,CTGG,CTGG,CTGG,-,carrier_vs_background_measured_efficacy,591,Moderate motif evidence
CAGG,motif,cnn33,1,1/1 model families,cnn,23,4,,1 cell line(s),-0.0332492845054595,,0,,,,0,not_applicable (motif effect uses measured-efficacy contrast),0.9958846218844343,0.9999999981280304,ok,Tier 3: Model-specific / exploratory evidence,motif_cnn33_hct116_all_cnn_ig_094,CAGG,CAGG,CAGG,-,carrier_vs_background_measured_efficacy,582,Moderate motif evidence
CAGG,motif,cnn33,1,1/1 model families,cnn,23,4,,1 cell line(s),-0.0332492845054595,,0,,,,0,not_applicable (motif effect uses measured-efficacy contrast),0.9958846218844343,0.9999999981280304,ok,Tier 3: Model-specific / exploratory evidence,motif_cnn33_hct116_sequence_cnn_ig_095,CAGG,CAGG,CAGG,-,carrier_vs_background_measured_efficacy,582,Moderate motif evidence
CAGG,motif,cnn33,1,1/1 model families,cnn,23,4,,1 cell line(s),-0.0332492845054595,,0,,,,0,not_applicable (motif effect uses measured-efficacy contrast),0.9958846218844343,0.9999999981280304,ok,Tier 3: Model-specific / exploratory evidence,motif_cnn33_hct116_all_cnn_ig_096,CAGG,CAGG,CAGG,-,carrier_vs_background_measured_efficacy,582,Moderate motif evidence
CAGG,motif,cnn53,1,1/1 model families,cnn,23,4,,1 cell line(s),-0.0332492845054595,,0,,,,0,not_applicable (motif effect uses measured-efficacy contrast),0.9958846218844343,0.9999999981280304,ok,Tier 3: Model-specific / exploratory evidence,motif_cnn53_hct116_all_cnn_ig_097,CAGG,CAGG,CAGG,-,carrier_vs_background_measured_efficacy,582,Moderate motif evidence
CAGG,motif,cnn53,1,1/1 model families,cnn,23,4,,1 cell line(s),-0.0332492845054595,,0,,,,0,not_applicable (motif effect uses measured-efficacy contrast),0.9958846218844343,0.9999999981280304,ok,Tier 3: Model-specific / exploratory evidence,motif_cnn53_hct116_sequence_cnn_ig_098,CAGG,CAGG,CAGG,-,carrier_vs_background_measured_efficacy,582,Moderate motif evidence
CAGG,motif,cnn53,1,1/1 model families,cnn,23,4,,1 cell line(s),-0.0332492845054595,,0,,,,0,not_applicable (motif effect uses measured-efficacy contrast),0.9958846218844343,0.9999999981280304,ok,Tier 3: Model-specific / exploratory evidence,motif_cnn53_hct116_all_cnn_ig_099,CAGG,CAGG,CAGG,-,carrier_vs_background_measured_efficacy,582,Moderate motif evidence
CAGG,motif,cnn53,1,1/1 model families,cnn,23,4,,1 cell line(s),-0.0332492845054595,,0,,,,0,not_applicable (motif effect uses measured-efficacy contrast),0.9958846218844343,0.9999999981280304,ok,Tier 3: Model-specific / exploratory evidence,motif_cnn53_hct116_sequence_cnn_ig_100,CAGG,CAGG,CAGG,-,carrier_vs_background_measured_efficacy,582,Moderate motif evidence
CAGG,motif,cnn73,1,1/1 model families,cnn,23,4,,1 cell line(s),-0.0332492845054595,,0,,,,0,not_applicable (motif effect uses measured-efficacy contrast),0.9958846218844343,0.9999999981280304,ok,Tier 3: Model-specific / exploratory evidence,motif_cnn73_hct116_all_cnn_ig_101,CAGG,CAGG,CAGG,-,carrier_vs_background_measured_efficacy,582,Moderate motif evidence
CAGG,motif,cnn73,1,1/1 model families,cnn,23,4,,1 cell line(s),-0.0332492845054595,,0,,,,0,not_applicable (motif effect uses measured-efficacy contrast),0.9958846218844343,0.9999999981280304,ok,Tier 3: Model-specific / exploratory evidence,motif_cnn73_hct116_sequence_cnn_ig_102,CAGG,CAGG,CAGG,-,carrier_vs_background_measured_efficacy,582,Moderate motif evidence
CAGG,motif,cnn73,1,1/1 model families,cnn,23,4,,1 cell line(s),-0.0332492845054595,,0,,,,0,not_applicable (motif effect uses measured-efficacy contrast),0.9958846218844343,0.9999999981280304,ok,Tier 3: Model-specific / exploratory evidence,motif_cnn73_hct116_all_cnn_ig_103,CAGG,CAGG,CAGG,-,carrier_vs_background_measured_efficacy,582,Moderate motif evidence
CAGG,motif,cnn73,1,1/1 model families,cnn,23,4,,1 cell line(s),-0.0332492845054595,,0,,,,0,not_applicable (motif effect uses measured-efficacy contrast),0.9958846218844343,0.9999999981280304,ok,Tier 3: Model-specific / exploratory evidence,motif_cnn73_hct116_sequence_cnn_ig_104,CAGG,CAGG,CAGG,-,carrier_vs_background_measured_efficacy,582,Moderate motif evidence
AGGG,motif,cnn33,1,1/1 model families,cnn,11,2,,1 cell line(s),0.03996754684132775,,0,,,,0,not_applicable (motif effect uses measured-efficacy contrast),0.034221384081866424,0.20595621979545298,ok,Tier 3: Model-specific / exploratory evidence,motif_cnn33_hela_all_cnn_ig_105,AGGG,AGGG,AGGG,+,carrier_vs_background_measured_efficacy,558,Moderate motif evidence
ATGG,motif,cnn33,1,1/1 model families,cnn,22,4,,1 cell line(s),0.001389735612603582,,0,,,,0,not_applicable (motif effect uses measured-efficacy contrast),0.0766084731168302,0.2590472080651578,ok,Inconclusive,motif_cnn33_hela_sequence_cnn_ig_106,ATGG,ATGG,ATGG,+,carrier_vs_background_measured_efficacy,540,Moderate motif evidence
AGGG,motif,cnn53,1,1/1 model families,cnn,11,3,,1 cell line(s),0.044867035403228894,,0,,,,0,not_applicable (motif effect uses measured-efficacy contrast),0.034221384081866424,0.20595621979545298,ok,Tier 3: Model-specific / exploratory evidence,motif_cnn53_hela_sequence_cnn_ig_107,AGGG,AGGG,AGGG,+,carrier_vs_background_measured_efficacy,536,Moderate motif evidence
AGGG,motif,cnn53,1,1/1 model families,cnn,11,3,,1 cell line(s),0.033620986237705486,,0,,,,0,not_applicable (motif effect uses measured-efficacy contrast),0.034221384081866424,0.20595621979545298,ok,Tier 3: Model-specific / exploratory evidence,motif_cnn53_hela_sequence_cnn_ig_108,AGGG,AGGG,AGGG,+,carrier_vs_background_measured_efficacy,520,Moderate motif evidence
GAGG,motif,cnn33,1,1/1 model families,cnn,24,4,,1 cell line(s),0.011872964960172816,,0,,,,0,not_applicable (motif effect uses measured-efficacy contrast),0.0029209226284590056,0.03090524587530819,ok,Tier 3: Model-specific / exploratory evidence,motif_cnn33_hela_all_cnn_ig_109,GAGG,GAGG,GAGG,+,carrier_vs_background_measured_efficacy,515,Strong motif evidence
GAGG,motif,cnn33,1,1/1 model families,cnn,24,4,,1 cell line(s),0.021831420445912963,,0,,,,0,not_applicable (motif effect uses measured-efficacy contrast),0.0029209226284590056,0.03090524587530819,ok,Tier 3: Model-specific / exploratory evidence,motif_cnn33_hct116_all_cnn_ig_110,GAGG,GAGG,GAGG,+,carrier_vs_background_measured_efficacy,487,Strong motif evidence
GAGG,motif,cnn53,1,1/1 model families,cnn,24,4,,1 cell line(s),0.021831420445912963,,0,,,,0,not_applicable (motif effect uses measured-efficacy contrast),0.0029209226284590056,0.03090524587530819,ok,Tier 3: Model-specific / exploratory evidence,motif_cnn53_hct116_all_cnn_ig_111,GAGG,GAGG,GAGG,+,carrier_vs_background_measured_efficacy,487,Strong motif evidence
GAGG,motif,cnn53,1,1/1 model families,cnn,24,4,,1 cell line(s),0.021831420445912963,,0,,,,0,not_applicable (motif effect uses measured-efficacy contrast),0.0029209226284590056,0.03090524587530819,ok,Tier 3: Model-specific / exploratory evidence,motif_cnn53_hct116_sequence_cnn_ig_112,GAGG,GAGG,GAGG,+,carrier_vs_background_measured_efficacy,487,Strong motif evidence
GAGG,motif,cnn53,1,1/1 model families,cnn,24,4,,1 cell line(s),0.021831420445912963,,0,,,,0,not_applicable (motif effect uses measured-efficacy contrast),0.0029209226284590056,0.03090524587530819,ok,Tier 3: Model-specific / exploratory evidence,motif_cnn53_hct116_sequence_cnn_ig_113,GAGG,GAGG,GAGG,+,carrier_vs_background_measured_efficacy,487,Strong motif evidence
GAGG,motif,cnn73,1,1/1 model families,cnn,24,4,,1 cell line(s),0.021831420445912963,,0,,,,0,not_applicable (motif effect uses measured-efficacy contrast),0.0029209226284590056,0.03090524587530819,ok,Tier 3: Model-specific / exploratory evidence,motif_cnn73_hct116_all_cnn_ig_114,GAGG,GAGG,GAGG,+,carrier_vs_background_measured_efficacy,487,Strong motif evidence
GAGG,motif,cnn73,1,1/1 model families,cnn,24,4,,1 cell line(s),0.021831420445912963,,0,,,,0,not_applicable (motif effect uses measured-efficacy contrast),0.0029209226284590056,0.03090524587530819,ok,Tier 3: Model-specific / exploratory evidence,motif_cnn73_hct116_sequence_cnn_ig_115,GAGG,GAGG,GAGG,+,carrier_vs_background_measured_efficacy,487,Strong motif evidence
GAGG,motif,cnn73,1,1/1 model families,cnn,24,4,,1 cell line(s),0.021831420445912963,,0,,,,0,not_applicable (motif effect uses measured-efficacy contrast),0.0029209226284590056,0.03090524587530819,ok,Tier 3: Model-specific / exploratory evidence,motif_cnn73_hct116_all_cnn_ig_116,GAGG,GAGG,GAGG,+,carrier_vs_background_measured_efficacy,487,Strong motif evidence
GAGG,motif,cnn73,1,1/1 model families,cnn,24,4,,1 cell line(s),0.021831420445912963,,0,,,,0,not_applicable (motif effect uses measured-efficacy contrast),0.0029209226284590056,0.03090524587530819,ok,Tier 3: Model-specific / exploratory evidence,motif_cnn73_hct116_sequence_cnn_ig_117,GAGG,GAGG,GAGG,+,carrier_vs_background_measured_efficacy,487,Strong motif evidence
AGGG,motif,cnn53,1,1/1 model families,cnn,11,2,,1 cell line(s),0.047818102346537494,,0,,,,0,not_applicable (motif effect uses measured-efficacy contrast),0.034221384081866424,0.20595621979545298,ok,Tier 3: Model-specific / exploratory evidence,motif_cnn53_hela_all_cnn_ig_118,AGGG,AGGG,AGGG,+,carrier_vs_background_measured_efficacy,485,Moderate motif evidence
GCTG,motif,cnn33,1,1/1 model families,cnn,3,1,,1 cell line(s),-0.06055019725303032,,0,,,,0,not_applicable (motif effect uses measured-efficacy contrast),0.9999116466016404,0.9999999981280304,ok,Tier 3: Model-specific / exploratory evidence,motif_cnn33_hela_sequence_cnn_ism_119,GCTG,GCTG,GCTG,-,carrier_vs_background_measured_efficacy,482,Model-specific motif
GCTGG,motif,cnn53,1,1/1 model families,cnn,4,1,,1 cell line(s),-0.06055019725303032,,0,,,,0,not_applicable (motif effect uses measured-efficacy contrast),0.9999818685649463,0.9999999981280304,ok,Tier 3: Model-specific / exploratory evidence,motif_cnn53_hela_all_cnn_ig_120,GCTGG,GCTGG,GCTGG,-,carrier_vs_background_measured_efficacy,482,Model-specific motif
GCTGG,motif,cnn53,1,1/1 model families,cnn,11,3,,1 cell line(s),-0.06055019725303032,,0,,,,0,not_applicable (motif effect uses measured-efficacy contrast),0.9999818685649463,0.9999999981280304,ok,Tier 3: Model-specific / exploratory evidence,motif_cnn53_hela_sequence_cnn_ig_121,GCTGG,GCTGG,GCTGG,-,carrier_vs_background_measured_efficacy,482,Moderate motif evidence
GCTGG,motif,cnn73,1,1/1 model families,cnn,4,1,,1 cell line(s),-0.06055019725303032,,0,,,,0,not_applicable (motif effect uses measured-efficacy contrast),0.9999818685649463,0.9999999981280304,ok,Tier 3: Model-specific / exploratory evidence,motif_cnn73_hela_all_cnn_ig_122,GCTGG,GCTGG,GCTGG,-,carrier_vs_background_measured_efficacy,482,Model-specific motif
GCTGG,motif,cnn73,1,1/1 model families,cnn,11,2,,1 cell line(s),-0.06055019725303032,,0,,,,0,not_applicable (motif effect uses measured-efficacy contrast),0.9999818685649463,0.9999999981280304,ok,Tier 3: Model-specific / exploratory evidence,motif_cnn73_hela_sequence_cnn_ig_123,GCTGG,GCTGG,GCTGG,-,carrier_vs_background_measured_efficacy,482,Moderate motif evidence
GCTGG,motif,cnn73,1,1/1 model families,cnn,4,1,,1 cell line(s),-0.06055019725303032,,0,,,,0,not_applicable (motif effect uses measured-efficacy contrast),0.9999818685649463,0.9999999981280304,ok,Tier 3: Model-specific / exploratory evidence,motif_cnn73_hela_all_cnn_ig_124,GCTGG,GCTGG,GCTGG,-,carrier_vs_background_measured_efficacy,482,Model-specific motif
GCTGG,motif,cnn73,1,1/1 model families,cnn,11,2,,1 cell line(s),-0.06055019725303032,,0,,,,0,not_applicable (motif effect uses measured-efficacy contrast),0.9999818685649463,0.9999999981280304,ok,Tier 3: Model-specific / exploratory evidence,motif_cnn73_hela_sequence_cnn_ig_125,GCTGG,GCTGG,GCTGG,-,carrier_vs_background_measured_efficacy,482,Moderate motif evidence
AAGG,motif,cnn33,1,1/1 model families,cnn,24,4,,1 cell line(s),-0.010400326907845314,,0,,,,0,not_applicable (motif effect uses measured-efficacy contrast),0.7216160884684157,0.9999999981280304,ok,Tier 3: Model-specific / exploratory evidence,motif_cnn33_hct116_sequence_cnn_ig_126,AAGG,AAGG,AAGG,-,carrier_vs_background_measured_efficacy,460,Moderate motif evidence
AAGG,motif,cnn33,1,1/1 model families,cnn,24,4,,1 cell line(s),-0.010400326907845314,,0,,,,0,not_applicable (motif effect uses measured-efficacy contrast),0.7216160884684157,0.9999999981280304,ok,Tier 3: Model-specific / exploratory evidence,motif_cnn33_hct116_all_cnn_ig_127,AAGG,AAGG,AAGG,-,carrier_vs_background_measured_efficacy,460,Moderate motif evidence
AAGG,motif,cnn33,1,1/1 model families,cnn,24,4,,1 cell line(s),-0.010400326907845314,,0,,,,0,not_applicable (motif effect uses measured-efficacy contrast),0.7216160884684157,0.9999999981280304,ok,Tier 3: Model-specific / exploratory evidence,motif_cnn33_hct116_sequence_cnn_ig_128,AAGG,AAGG,AAGG,-,carrier_vs_background_measured_efficacy,460,Moderate motif evidence
AAGG,motif,cnn53,1,1/1 model families,cnn,24,4,,1 cell line(s),-0.010400326907845314,,0,,,,0,not_applicable (motif effect uses measured-efficacy contrast),0.7216160884684157,0.9999999981280304,ok,Tier 3: Model-specific / exploratory evidence,motif_cnn53_hct116_sequence_cnn_ig_129,AAGG,AAGG,AAGG,-,carrier_vs_background_measured_efficacy,460,Moderate motif evidence
AAGG,motif,cnn73,1,1/1 model families,cnn,24,4,,1 cell line(s),-0.010400326907845314,,0,,,,0,not_applicable (motif effect uses measured-efficacy contrast),0.7216160884684157,0.9999999981280304,ok,Tier 3: Model-specific / exploratory evidence,motif_cnn73_hct116_all_cnn_ig_130,AAGG,AAGG,AAGG,-,carrier_vs_background_measured_efficacy,460,Moderate motif evidence
AAGG,motif,cnn73,1,1/1 model families,cnn,24,4,,1 cell line(s),-0.010400326907845314,,0,,,,0,not_applicable (motif effect uses measured-efficacy contrast),0.7216160884684157,0.9999999981280304,ok,Tier 3: Model-specific / exploratory evidence,motif_cnn73_hct116_sequence_cnn_ig_131,AAGG,AAGG,AAGG,-,carrier_vs_background_measured_efficacy,460,Moderate motif evidence
AAGG,motif,cnn73,1,1/1 model families,cnn,24,4,,1 cell line(s),-0.010400326907845314,,0,,,,0,not_applicable (motif effect uses measured-efficacy contrast),0.7216160884684157,0.9999999981280304,ok,Tier 3: Model-specific / exploratory evidence,motif_cnn73_hct116_all_cnn_ig_132,AAGG,AAGG,AAGG,-,carrier_vs_background_measured_efficacy,460,Moderate motif evidence
AAGG,motif,cnn73,1,1/1 model families,cnn,24,4,,1 cell line(s),-0.010400326907845314,,0,,,,0,not_applicable (motif effect uses measured-efficacy contrast),0.7216160884684157,0.9999999981280304,ok,Tier 3: Model-specific / exploratory evidence,motif_cnn73_hct116_sequence_cnn_ig_133,AAGG,AAGG,AAGG,-,carrier_vs_background_measured_efficacy,460,Moderate motif evidence
GTGG,motif,cnn33,1,1/1 model families,cnn,24,4,,1 cell line(s),0.017684397454139356,,0,,,,0,not_applicable (motif effect uses measured-efficacy contrast),0.2010127514868136,0.46595181970088245,ok,Tier 3: Model-specific / exploratory evidence,motif_cnn33_hela_all_cnn_ig_134,GTGG,GTGG,GTGG,+,carrier_vs_background_measured_efficacy,458,Moderate motif evidence
AGGG,motif,cnn53,1,1/1 model families,cnn,11,2,,1 cell line(s),0.02622475443033284,,0,,,,0,not_applicable (motif effect uses measured-efficacy contrast),0.034221384081866424,0.20595621979545298,ok,Tier 3: Model-specific / exploratory evidence,motif_cnn53_hela_all_cnn_ig_135,AGGG,AGGG,AGGG,+,carrier_vs_background_measured_efficacy,451,Moderate motif evidence
GAGG,motif,cnn33,1,1/1 model families,cnn,24,4,,1 cell line(s),0.024082529097037397,,0,,,,0,not_applicable (motif effect uses measured-efficacy contrast),0.0029209226284590056,0.03090524587530819,ok,Tier 3: Model-specific / exploratory evidence,motif_cnn33_hct116_sequence_cnn_ig_136,GAGG,GAGG,GAGG,+,carrier_vs_background_measured_efficacy,449,Strong motif evidence
CTGG,motif,cnn73,1,1/1 model families,cnn,6,2,,1 cell line(s),-0.08045720421379252,,0,,,,0,not_applicable (motif effect uses measured-efficacy contrast),0.9999995461087219,0.9999999981280304,ok,Tier 3: Model-specific / exploratory evidence,motif_cnn73_hct116_sequence_cnn_ism_137,CTGG,CTGG,CTGG,-,carrier_vs_background_measured_efficacy,439,Moderate motif evidence
ATGG,motif,cnn33,1,1/1 model families,cnn,22,4,,1 cell line(s),0.00461980754023722,,0,,,,0,not_applicable (motif effect uses measured-efficacy contrast),0.0766084731168302,0.2590472080651578,ok,Inconclusive,motif_cnn33_hct116_sequence_cnn_ig_138,ATGG,ATGG,ATGG,+,carrier_vs_background_measured_efficacy,436,Moderate motif evidence
ATGG,motif,cnn33,1,1/1 model families,cnn,24,4,,1 cell line(s),0.00461980754023722,,0,,,,0,not_applicable (motif effect uses measured-efficacy contrast),0.0766084731168302,0.2590472080651578,ok,Inconclusive,motif_cnn33_hct116_all_cnn_ig_139,ATGG,ATGG,ATGG,+,carrier_vs_background_measured_efficacy,436,Moderate motif evidence
ATGG,motif,cnn33,1,1/1 model families,cnn,22,4,,1 cell line(s),0.00461980754023722,,0,,,,0,not_applicable (motif effect uses measured-efficacy contrast),0.0766084731168302,0.2590472080651578,ok,Inconclusive,motif_cnn33_hct116_sequence_cnn_ig_140,ATGG,ATGG,ATGG,+,carrier_vs_background_measured_efficacy,436,Moderate motif evidence
ATGG,motif,cnn53,1,1/1 model families,cnn,22,4,,1 cell line(s),0.00461980754023722,,0,,,,0,not_applicable (motif effect uses measured-efficacy contrast),0.0766084731168302,0.2590472080651578,ok,Inconclusive,motif_cnn53_hct116_sequence_cnn_ig_141,ATGG,ATGG,ATGG,+,carrier_vs_background_measured_efficacy,436,Moderate motif evidence
ATGG,motif,cnn53,1,1/1 model families,cnn,24,4,,1 cell line(s),0.00461980754023722,,0,,,,0,not_applicable (motif effect uses measured-efficacy contrast),0.0766084731168302,0.2590472080651578,ok,Inconclusive,motif_cnn53_hct116_all_cnn_ig_142,ATGG,ATGG,ATGG,+,carrier_vs_background_measured_efficacy,436,Moderate motif evidence
ATGG,motif,cnn73,1,1/1 model families,cnn,24,4,,1 cell line(s),0.00461980754023722,,0,,,,0,not_applicable (motif effect uses measured-efficacy contrast),0.0766084731168302,0.2590472080651578,ok,Inconclusive,motif_cnn73_hct116_all_cnn_ig_143,ATGG,ATGG,ATGG,+,carrier_vs_background_measured_efficacy,436,Moderate motif evidence
ATGG,motif,cnn73,1,1/1 model families,cnn,22,4,,1 cell line(s),0.00461980754023722,,0,,,,0,not_applicable (motif effect uses measured-efficacy contrast),0.0766084731168302,0.2590472080651578,ok,Inconclusive,motif_cnn73_hct116_sequence_cnn_ig_144,ATGG,ATGG,ATGG,+,carrier_vs_background_measured_efficacy,436,Moderate motif evidence
ATGG,motif,cnn73,1,1/1 model families,cnn,24,4,,1 cell line(s),0.00461980754023722,,0,,,,0,not_applicable (motif effect uses measured-efficacy contrast),0.0766084731168302,0.2590472080651578,ok,Inconclusive,motif_cnn73_hct116_all_cnn_ig_145,ATGG,ATGG,ATGG,+,carrier_vs_background_measured_efficacy,436,Moderate motif evidence
ATGG,motif,cnn73,1,1/1 model families,cnn,22,4,,1 cell line(s),0.00461980754023722,,0,,,,0,not_applicable (motif effect uses measured-efficacy contrast),0.0766084731168302,0.2590472080651578,ok,Inconclusive,motif_cnn73_hct116_sequence_cnn_ig_146,ATGG,ATGG,ATGG,+,carrier_vs_background_measured_efficacy,436,Moderate motif evidence
GGGG,motif,cnn33,1,1/1 model families,cnn,1,1,,1 cell line(s),0.060086543457410546,,0,,,,0,not_applicable (motif effect uses measured-efficacy contrast),9.79551697019818e-08,3.212929566225003e-05,ok,Tier 3: Model-specific / exploratory evidence,motif_cnn33_hela_sequence_cnn_ig_147,GGGG,GGGG,GGGG,+,carrier_vs_background_measured_efficacy,435,Exploratory motif
AAGG,motif,cnn53,1,1/1 model families,cnn,24,4,,1 cell line(s),-0.0005259369669834424,,0,,,,0,not_applicable (motif effect uses measured-efficacy contrast),0.7216160884684157,0.9999999981280304,ok,Inconclusive,motif_cnn53_hct116_all_cnn_ig_148,AAGG,AAGG,AAGG,-,carrier_vs_background_measured_efficacy,432,Moderate motif evidence
AAGG,motif,cnn53,1,1/1 model families,cnn,24,4,,1 cell line(s),-0.0005259369669834424,,0,,,,0,not_applicable (motif effect uses measured-efficacy contrast),0.7216160884684157,0.9999999981280304,ok,Inconclusive,motif_cnn53_hct116_all_cnn_ig_149,AAGG,AAGG,AAGG,-,carrier_vs_background_measured_efficacy,432,Moderate motif evidence
GTGG,motif,cnn33,1,1/1 model families,cnn,24,4,,1 cell line(s),0.014702742990903017,,0,,,,0,not_applicable (motif effect uses measured-efficacy contrast),0.2010127514868136,0.46595181970088245,ok,Tier 3: Model-specific / exploratory evidence,motif_cnn33_hela_all_cnn_ig_150,GTGG,GTGG,GTGG,+,carrier_vs_background_measured_efficacy,429,Moderate motif evidence
CCTG,motif,cnn33,1,1/1 model families,cnn,2,1,,1 cell line(s),-0.026392295403740745,,0,,,,0,not_applicable (motif effect uses measured-efficacy contrast),0.9639326442435359,0.9999999981280304,ok,Tier 3: Model-specific / exploratory evidence,motif_cnn33_hela_sequence_cnn_ism_151,CCTG,CCTG,CCTG,-,carrier_vs_background_measured_efficacy,427,Model-specific motif
AAGG,motif,cnn53,1,1/1 model families,cnn,24,4,,1 cell line(s),-6.946595330048488e-05,,0,,,,0,not_applicable (motif effect uses measured-efficacy contrast),0.7216160884684157,0.9999999981280304,ok,Inconclusive,motif_cnn53_hct116_sequence_cnn_ig_152,AAGG,AAGG,AAGG,-,carrier_vs_background_measured_efficacy,423,Moderate motif evidence
ATGG,motif,cnn33,1,1/1 model families,cnn,5,2,,1 cell line(s),0.013835565922463655,,0,,,,0,not_applicable (motif effect uses measured-efficacy contrast),0.0766084731168302,0.2590472080651578,ok,Tier 3: Model-specific / exploratory evidence,motif_cnn33_hct116_all_cnn_ism_153,ATGG,ATGG,ATGG,+,carrier_vs_background_measured_efficacy,415,Moderate motif evidence
ATGG,motif,cnn53,1,1/1 model families,cnn,24,4,,1 cell line(s),0.013835565922463655,,0,,,,0,not_applicable (motif effect uses measured-efficacy contrast),0.0766084731168302,0.2590472080651578,ok,Tier 3: Model-specific / exploratory evidence,motif_cnn53_hct116_all_cnn_ig_154,ATGG,ATGG,ATGG,+,carrier_vs_background_measured_efficacy,415,Moderate motif evidence
GAGG,motif,cnn53,1,1/1 model families,cnn,24,4,,1 cell line(s),0.025142550336878677,,0,,,,0,not_applicable (motif effect uses measured-efficacy contrast),0.0029209226284590056,0.03090524587530819,ok,Tier 3: Model-specific / exploratory evidence,motif_cnn53_hct116_all_cnn_ig_155,GAGG,GAGG,GAGG,+,carrier_vs_background_measured_efficacy,401,Strong motif evidence
CTGG,motif,cnn53,1,1/1 model families,cnn,6,2,,1 cell line(s),-0.07453974099283317,,0,,,,0,not_applicable (motif effect uses measured-efficacy contrast),0.9999995461087219,0.9999999981280304,ok,Tier 3: Model-specific / exploratory evidence,motif_cnn53_hct116_sequence_cnn_ism_156,CTGG,CTGG,CTGG,-,carrier_vs_background_measured_efficacy,396,Moderate motif evidence
GCTGG,motif,cnn73,1,1/1 model families,cnn,12,2,,1 cell line(s),-0.07493154312356243,,0,,,,0,not_applicable (motif effect uses measured-efficacy contrast),0.9999818685649463,0.9999999981280304,ok,Tier 3: Model-specific / exploratory evidence,motif_cnn73_hela_sequence_cnn_ism_157,GCTGG,GCTGG,GCTGG,-,carrier_vs_background_measured_efficacy,393,Moderate motif evidence
GCTGG,motif,cnn33,1,1/1 model families,cnn,12,3,,1 cell line(s),-0.06005415589226801,,0,,,,0,not_applicable (motif effect uses measured-efficacy contrast),0.9999818685649463,0.9999999981280304,ok,Tier 3: Model-specific / exploratory evidence,motif_cnn33_hela_sequence_cnn_ism_158,GCTGG,GCTGG,GCTGG,-,carrier_vs_background_measured_efficacy,389,Moderate motif evidence
AGAGG,motif,cnn33,1,1/1 model families,cnn,4,2,,1 cell line(s),0.01198677009044613,,0,,,,0,not_applicable (motif effect uses measured-efficacy contrast),0.20098323313506192,0.46595181970088245,ok,Tier 3: Model-specific / exploratory evidence,motif_cnn33_hela_all_cnn_ism_159,AGAGG,AGAGG,AGAGG,+,carrier_vs_background_measured_efficacy,383,Moderate motif evidence
ACAGG,motif,cnn33,1,1/1 model families,cnn,6,2,,1 cell line(s),-0.042465522945152684,,0,,,,0,not_applicable (motif effect uses measured-efficacy contrast),0.9999765334306173,0.9999999981280304,ok,Tier 3: Model-specific / exploratory evidence,motif_cnn33_hela_all_cnn_ism_160,ACAGG,ACAGG,ACAGG,-,carrier_vs_background_measured_efficacy,382,Moderate motif evidence
ACAGG,motif,cnn33,1,1/1 model families,cnn,2,1,,1 cell line(s),-0.042465522945152684,,0,,,,0,not_applicable (motif effect uses measured-efficacy contrast),0.9999765334306173,0.9999999981280304,ok,Tier 3: Model-specific / exploratory evidence,motif_cnn33_hela_sequence_cnn_ig_161,ACAGG,ACAGG,ACAGG,-,carrier_vs_background_measured_efficacy,382,Model-specific motif
CCGG,motif,cnn33,1,1/1 model families,cnn,4,3,,1 cell line(s),0.006545234879860473,,0,,,,0,not_applicable (motif effect uses measured-efficacy contrast),0.09723071739637468,0.30229076119441606,ok,Inconclusive,motif_cnn33_hela_sequence_cnn_ig_162,CCGG,CCGG,CCGG,+,carrier_vs_background_measured_efficacy,382,Moderate motif evidence
CCGG,motif,cnn53,1,1/1 model families,cnn,6,1,,1 cell line(s),0.008378568596069003,,0,,,,0,not_applicable (motif effect uses measured-efficacy contrast),0.09723071739637468,0.30229076119441606,ok,Inconclusive,motif_cnn53_hela_all_cnn_ig_163,CCGG,CCGG,CCGG,+,carrier_vs_background_measured_efficacy,377,Model-specific motif
GTGG,motif,cnn33,1,1/1 model families,cnn,24,4,,1 cell line(s),0.0172458504296763,,0,,,,0,not_applicable (motif effect uses measured-efficacy contrast),0.2010127514868136,0.46595181970088245,ok,Tier 3: Model-specific / exploratory evidence,motif_cnn33_hct116_all_cnn_ig_164,GTGG,GTGG,GTGG,+,carrier_vs_background_measured_efficacy,368,Moderate motif evidence
GTGG,motif,cnn53,1,1/1 model families,cnn,24,4,,1 cell line(s),0.0172458504296763,,0,,,,0,not_applicable (motif effect uses measured-efficacy contrast),0.2010127514868136,0.46595181970088245,ok,Tier 3: Model-specific / exploratory evidence,motif_cnn53_hct116_all_cnn_ig_165,GTGG,GTGG,GTGG,+,carrier_vs_background_measured_efficacy,368,Moderate motif evidence
GTGG,motif,cnn53,1,1/1 model families,cnn,22,4,,1 cell line(s),0.0172458504296763,,0,,,,0,not_applicable (motif effect uses measured-efficacy contrast),0.2010127514868136,0.46595181970088245,ok,Tier 3: Model-specific / exploratory evidence,motif_cnn53_hct116_sequence_cnn_ig_166,GTGG,GTGG,GTGG,+,carrier_vs_background_measured_efficacy,368,Moderate motif evidence
GTGG,motif,cnn53,1,1/1 model families,cnn,22,4,,1 cell line(s),0.0172458504296763,,0,,,,0,not_applicable (motif effect uses measured-efficacy contrast),0.2010127514868136,0.46595181970088245,ok,Tier 3: Model-specific / exploratory evidence,motif_cnn53_hct116_sequence_cnn_ig_167,GTGG,GTGG,GTGG,+,carrier_vs_background_measured_efficacy,368,Moderate motif evidence
GTGG,motif,cnn73,1,1/1 model families,cnn,24,4,,1 cell line(s),0.0172458504296763,,0,,,,0,not_applicable (motif effect uses measured-efficacy contrast),0.2010127514868136,0.46595181970088245,ok,Tier 3: Model-specific / exploratory evidence,motif_cnn73_hct116_all_cnn_ig_168,GTGG,GTGG,GTGG,+,carrier_vs_background_measured_efficacy,368,Moderate motif evidence
GTGG,motif,cnn73,1,1/1 model families,cnn,22,4,,1 cell line(s),0.0172458504296763,,0,,,,0,not_applicable (motif effect uses measured-efficacy contrast),0.2010127514868136,0.46595181970088245,ok,Tier 3: Model-specific / exploratory evidence,motif_cnn73_hct116_sequence_cnn_ig_169,GTGG,GTGG,GTGG,+,carrier_vs_background_measured_efficacy,368,Moderate motif evidence
GTGG,motif,cnn73,1,1/1 model families,cnn,24,4,,1 cell line(s),0.0172458504296763,,0,,,,0,not_applicable (motif effect uses measured-efficacy contrast),0.2010127514868136,0.46595181970088245,ok,Tier 3: Model-specific / exploratory evidence,motif_cnn73_hct116_all_cnn_ig_170,GTGG,GTGG,GTGG,+,carrier_vs_background_measured_efficacy,368,Moderate motif evidence
GTGG,motif,cnn73,1,1/1 model families,cnn,22,4,,1 cell line(s),0.0172458504296763,,0,,,,0,not_applicable (motif effect uses measured-efficacy contrast),0.2010127514868136,0.46595181970088245,ok,Tier 3: Model-specific / exploratory evidence,motif_cnn73_hct116_sequence_cnn_ig_171,GTGG,GTGG,GTGG,+,carrier_vs_background_measured_efficacy,368,Moderate motif evidence
GAGG,motif,cnn53,1,1/1 model families,cnn,7,1,,1 cell line(s),0.015570560878684914,,0,,,,0,not_applicable (motif effect uses measured-efficacy contrast),0.0029209226284590056,0.03090524587530819,ok,Tier 3: Model-specific / exploratory evidence,motif_cnn53_hct116_sequence_cnn_ism_172,GAGG,GAGG,GAGG,+,carrier_vs_background_measured_efficacy,367,Model-specific motif
ACTG,motif,cnn33,1,1/1 model families,cnn,1,1,,1 cell line(s),-0.03271105111448702,,0,,,,0,not_applicable (motif effect uses measured-efficacy contrast),0.5872761161887599,0.9999999981280304,ok,Inconclusive,motif_cnn33_hela_sequence_cnn_ism_173,ACTG,ACTG,ACTG,-,carrier_vs_background_measured_efficacy,364,Exploratory motif
GCAGG,motif,cnn33,1,1/1 model families,cnn,9,2,,1 cell line(s),-0.05125861464502346,,0,,,,0,not_applicable (motif effect uses measured-efficacy contrast),0.9995186014131595,0.9999999981280304,ok,Tier 3: Model-specific / exploratory evidence,motif_cnn33_hela_sequence_cnn_ig_174,GCAGG,GCAGG,GCAGG,-,carrier_vs_background_measured_efficacy,357,Moderate motif evidence
CCGG,motif,cnn33,1,1/1 model families,cnn,6,3,,1 cell line(s),0.011475138497004267,,0,,,,0,not_applicable (motif effect uses measured-efficacy contrast),0.09723071739637468,0.30229076119441606,ok,Tier 3: Model-specific / exploratory evidence,motif_cnn33_hela_all_cnn_ig_175,CCGG,CCGG,CCGG,+,carrier_vs_background_measured_efficacy,356,Moderate motif evidence
GAGG,motif,cnn33,1,1/1 model families,cnn,24,4,,1 cell line(s),0.019379589831356125,,0,,,,0,not_applicable (motif effect uses measured-efficacy contrast),0.0029209226284590056,0.03090524587530819,ok,Tier 3: Model-specific / exploratory evidence,motif_cnn33_hct116_sequence_cnn_ig_176,GAGG,GAGG,GAGG,+,carrier_vs_background_measured_efficacy,353,Strong motif evidence
CAGG,motif,cnn53,1,1/1 model families,cnn,5,1,,1 cell line(s),-0.07078356846273348,,0,,,,0,not_applicable (motif effect uses measured-efficacy contrast),0.9958846218844343,0.9999999981280304,ok,Tier 3: Model-specific / exploratory evidence,motif_cnn53_hct116_sequence_cnn_ism_177,CAGG,CAGG,CAGG,-,carrier_vs_background_measured_efficacy,353,Model-specific motif
GCTG,motif,cnn73,1,1/1 model families,cnn,3,1,,1 cell line(s),-0.06893941924078742,,0,,,,0,not_applicable (motif effect uses measured-efficacy contrast),0.9999116466016404,0.9999999981280304,ok,Tier 3: Model-specific / exploratory evidence,motif_cnn73_hela_sequence_cnn_ism_178,GCTG,GCTG,GCTG,-,carrier_vs_background_measured_efficacy,352,Model-specific motif
AAGG,motif,cnn33,1,1/1 model families,cnn,24,4,,1 cell line(s),-0.014834834616949566,,0,,,,0,not_applicable (motif effect uses measured-efficacy contrast),0.7216160884684157,0.9999999981280304,ok,Tier 3: Model-specific / exploratory evidence,motif_cnn33_hct116_all_cnn_ig_179,AAGG,AAGG,AAGG,-,carrier_vs_background_measured_efficacy,348,Moderate motif evidence
CCGG,motif,cnn53,1,1/1 model families,cnn,4,1,,1 cell line(s),0.009648911152684958,,0,,,,0,not_applicable (motif effect uses measured-efficacy contrast),0.09723071739637468,0.30229076119441606,ok,Inconclusive,motif_cnn53_hela_sequence_cnn_ig_180,CCGG,CCGG,CCGG,+,carrier_vs_background_measured_efficacy,344,Model-specific motif
CCGG,motif,cnn33,1,1/1 model families,cnn,6,3,,1 cell line(s),0.0071249000673672125,,0,,,,0,not_applicable (motif effect uses measured-efficacy contrast),0.09723071739637468,0.30229076119441606,ok,Inconclusive,motif_cnn33_hela_all_cnn_ig_181,CCGG,CCGG,CCGG,+,carrier_vs_background_measured_efficacy,340,Moderate motif evidence
CCTGG,motif,cnn73,1,1/1 model families,cnn,13,2,,1 cell line(s),-0.05688982674640064,,0,,,,0,not_applicable (motif effect uses measured-efficacy contrast),0.966388835797844,0.9999999981280304,ok,Tier 3: Model-specific / exploratory evidence,motif_cnn73_hela_sequence_cnn_ism_182,CCTGG,CCTGG,CCTGG,-,carrier_vs_background_measured_efficacy,330,Moderate motif evidence
CCTG,motif,cnn73,1,1/1 model families,cnn,2,1,,1 cell line(s),-0.05688982674640064,,0,,,,0,not_applicable (motif effect uses measured-efficacy contrast),0.9639326442435359,0.9999999981280304,ok,Tier 3: Model-specific / exploratory evidence,motif_cnn73_hela_sequence_cnn_ism_183,CCTG,CCTG,CCTG,-,carrier_vs_background_measured_efficacy,330,Model-specific motif
GTGG,motif,cnn33,1,1/1 model families,cnn,5,2,,1 cell line(s),0.026875957263987782,,0,,,,0,not_applicable (motif effect uses measured-efficacy contrast),0.2010127514868136,0.46595181970088245,ok,Tier 3: Model-specific / exploratory evidence,motif_cnn33_hct116_all_cnn_ism_184,GTGG,GTGG,GTGG,+,carrier_vs_background_measured_efficacy,327,Moderate motif evidence
GTGG,motif,cnn53,1,1/1 model families,cnn,24,4,,1 cell line(s),0.026875957263987782,,0,,,,0,not_applicable (motif effect uses measured-efficacy contrast),0.2010127514868136,0.46595181970088245,ok,Tier 3: Model-specific / exploratory evidence,motif_cnn53_hct116_all_cnn_ig_185,GTGG,GTGG,GTGG,+,carrier_vs_background_measured_efficacy,327,Moderate motif evidence
CAGG,motif,cnn73,1,1/1 model families,cnn,5,3,,1 cell line(s),-0.08765861048833057,,0,,,,0,not_applicable (motif effect uses measured-efficacy contrast),0.9958846218844343,0.9999999981280304,ok,Tier 3: Model-specific / exploratory evidence,motif_cnn73_hct116_sequence_cnn_ism_186,CAGG,CAGG,CAGG,-,carrier_vs_background_measured_efficacy,324,Moderate motif evidence
ATGG,motif,cnn53,1,1/1 model families,cnn,22,4,,1 cell line(s),0.028101772332179975,,0,,,,0,not_applicable (motif effect uses measured-efficacy contrast),0.0766084731168302,0.2590472080651578,ok,Tier 3: Model-specific / exploratory evidence,motif_cnn53_hct116_sequence_cnn_ig_187,ATGG,ATGG,ATGG,+,carrier_vs_background_measured_efficacy,321,Moderate motif evidence
GAGG,motif,cnn73,1,1/1 model families,cnn,7,3,,1 cell line(s),0.010426292020126682,,0,,,,0,not_applicable (motif effect uses measured-efficacy contrast),0.0029209226284590056,0.03090524587530819,ok,Tier 3: Model-specific / exploratory evidence,motif_cnn73_hct116_sequence_cnn_ism_188,GAGG,GAGG,GAGG,+,carrier_vs_background_measured_efficacy,319,Strong motif evidence
GTGG,motif,cnn33,1,1/1 model families,cnn,22,4,,1 cell line(s),0.023131067550012818,,0,,,,0,not_applicable (motif effect uses measured-efficacy contrast),0.2010127514868136,0.46595181970088245,ok,Tier 3: Model-specific / exploratory evidence,motif_cnn33_hct116_sequence_cnn_ig_189,GTGG,GTGG,GTGG,+,carrier_vs_background_measured_efficacy,312,Moderate motif evidence
ACTGG,motif,cnn33,1,1/1 model families,cnn,11,3,,1 cell line(s),-0.022284152643419097,,0,,,,0,not_applicable (motif effect uses measured-efficacy contrast),0.9896377913189666,0.9999999981280304,ok,Tier 3: Model-specific / exploratory evidence,motif_cnn33_hela_sequence_cnn_ism_190,ACTGG,ACTGG,ACTGG,-,carrier_vs_background_measured_efficacy,311,Moderate motif evidence
AGGG,motif,cnn33,1,1/1 model families,cnn,11,2,,1 cell line(s),0.03010319277082152,,0,,,,0,not_applicable (motif effect uses measured-efficacy contrast),0.034221384081866424,0.20595621979545298,ok,Tier 3: Model-specific / exploratory evidence,motif_cnn33_hct116_all_cnn_ig_191,AGGG,AGGG,AGGG,+,carrier_vs_background_measured_efficacy,311,Moderate motif evidence
AGGG,motif,cnn53,1,1/1 model families,cnn,11,3,,1 cell line(s),0.03010319277082152,,0,,,,0,not_applicable (motif effect uses measured-efficacy contrast),0.034221384081866424,0.20595621979545298,ok,Tier 3: Model-specific / exploratory evidence,motif_cnn53_hct116_sequence_cnn_ig_192,AGGG,AGGG,AGGG,+,carrier_vs_background_measured_efficacy,311,Moderate motif evidence
AGGG,motif,cnn73,1,1/1 model families,cnn,11,2,,1 cell line(s),0.03010319277082152,,0,,,,0,not_applicable (motif effect uses measured-efficacy contrast),0.034221384081866424,0.20595621979545298,ok,Tier 3: Model-specific / exploratory evidence,motif_cnn73_hct116_all_cnn_ig_193,AGGG,AGGG,AGGG,+,carrier_vs_background_measured_efficacy,311,Moderate motif evidence
AGGG,motif,cnn73,1,1/1 model families,cnn,11,2,,1 cell line(s),0.03010319277082152,,0,,,,0,not_applicable (motif effect uses measured-efficacy contrast),0.034221384081866424,0.20595621979545298,ok,Tier 3: Model-specific / exploratory evidence,motif_cnn73_hct116_sequence_cnn_ig_194,AGGG,AGGG,AGGG,+,carrier_vs_background_measured_efficacy,311,Moderate motif evidence
AGGG,motif,cnn73,1,1/1 model families,cnn,11,2,,1 cell line(s),0.03010319277082152,,0,,,,0,not_applicable (motif effect uses measured-efficacy contrast),0.034221384081866424,0.20595621979545298,ok,Tier 3: Model-specific / exploratory evidence,motif_cnn73_hct116_all_cnn_ig_195,AGGG,AGGG,AGGG,+,carrier_vs_background_measured_efficacy,311,Moderate motif evidence
AGGG,motif,cnn73,1,1/1 model families,cnn,11,2,,1 cell line(s),0.03010319277082152,,0,,,,0,not_applicable (motif effect uses measured-efficacy contrast),0.034221384081866424,0.20595621979545298,ok,Tier 3: Model-specific / exploratory evidence,motif_cnn73_hct116_sequence_cnn_ig_196,AGGG,AGGG,AGGG,+,carrier_vs_background_measured_efficacy,311,Moderate motif evidence
AAGG,motif,cnn53,1,1/1 model families,cnn,6,1,,1 cell line(s),-0.023528148983877062,,0,,,,0,not_applicable (motif effect uses measured-efficacy contrast),0.7216160884684157,0.9999999981280304,ok,Tier 3: Model-specific / exploratory evidence,motif_cnn53_hct116_sequence_cnn_ism_197,AAGG,AAGG,AAGG,-,carrier_vs_background_measured_efficacy,297,Model-specific motif
AGAGG,motif,cnn33,1,1/1 model families,cnn,2,1,,1 cell line(s),0.017559861680781552,,0,,,,0,not_applicable (motif effect uses measured-efficacy contrast),0.20098323313506192,0.46595181970088245,ok,Tier 3: Model-specific / exploratory evidence,motif_cnn33_hela_all_cnn_ig_198,AGAGG,AGAGG,AGAGG,+,carrier_vs_background_measured_efficacy,296,Model-specific motif
GGTG,motif,cnn33,1,1/1 model families,cnn,2,1,,1 cell line(s),0.04200983833648675,,0,,,,0,not_applicable (motif effect uses measured-efficacy contrast),0.019890558553158143,0.1631025801358968,ok,Tier 3: Model-specific / exploratory evidence,motif_cnn33_hela_sequence_cnn_ism_199,GGTG,GGTG,GGTG,+,carrier_vs_background_measured_efficacy,293,Model-specific motif
GGTGG,motif,cnn33,1,1/1 model families,cnn,5,2,,1 cell line(s),0.04200983833648675,,0,,,,0,not_applicable (motif effect uses measured-efficacy contrast),0.00846908173840288,0.08051764667235202,ok,Tier 3: Model-specific / exploratory evidence,motif_cnn33_hela_sequence_cnn_ism_200,GGTGG,GGTGG,GGTGG,+,carrier_vs_background_measured_efficacy,293,Moderate motif evidence
AGGG,motif,cnn53,1,1/1 model families,cnn,11,2,,1 cell line(s),0.03830693253978085,,0,,,,0,not_applicable (motif effect uses measured-efficacy contrast),0.034221384081866424,0.20595621979545298,ok,Tier 3: Model-specific / exploratory evidence,motif_cnn53_hct116_all_cnn_ig_201,AGGG,AGGG,AGGG,+,carrier_vs_background_measured_efficacy,293,Moderate motif evidence
AGGG,motif,cnn53,1,1/1 model families,cnn,11,2,,1 cell line(s),0.03830693253978085,,0,,,,0,not_applicable (motif effect uses measured-efficacy contrast),0.034221384081866424,0.20595621979545298,ok,Tier 3: Model-specific / exploratory evidence,motif_cnn53_hct116_all_cnn_ig_202,AGGG,AGGG,AGGG,+,carrier_vs_background_measured_efficacy,293,Moderate motif evidence
AGGG,motif,cnn73,1,1/1 model families,cnn,2,1,,1 cell line(s),-0.004750332567360738,,0,,,,0,not_applicable (motif effect uses measured-efficacy contrast),0.034221384081866424,0.20595621979545298,ok,Inconclusive,motif_cnn73_hela_sequence_cnn_ism_203,AGGG,AGGG,AGGG,-,carrier_vs_background_measured_efficacy,292,Model-specific motif
CTGG,motif,cnn33,1,1/1 model families,cnn,24,4,,1 cell line(s),0.01965439559166121,,0,,,,0,not_applicable (motif effect uses measured-efficacy contrast),0.9999995461087219,0.9999999981280304,ok,Tier 3: Model-specific / exploratory evidence,motif_cnn33_hek293t_all_cnn_ig_204,CTGG,CTGG,CTGG,+,carrier_vs_background_measured_efficacy,289,Moderate motif evidence
CTGG,motif,cnn33,1,1/1 model families,cnn,21,4,,1 cell line(s),0.01965439559166121,,0,,,,0,not_applicable (motif effect uses measured-efficacy contrast),0.9999995461087219,0.9999999981280304,ok,Tier 3: Model-specific / exploratory evidence,motif_cnn33_hek293t_sequence_cnn_ig_205,CTGG,CTGG,CTGG,+,carrier_vs_background_measured_efficacy,289,Moderate motif evidence
AGTG,motif,cnn33,1,1/1 model families,cnn,1,1,,1 cell line(s),0.005682730306465544,,0,,,,0,not_applicable (motif effect uses measured-efficacy contrast),0.5105147138222856,0.9999999981280304,ok,Inconclusive,motif_cnn33_hela_sequence_cnn_ism_206,AGTG,AGTG,AGTG,+,carrier_vs_background_measured_efficacy,289,Exploratory motif
CTGG,motif,cnn33,1,1/1 model families,cnn,24,4,,1 cell line(s),0.01965439559166121,,0,,,,0,not_applicable (motif effect uses measured-efficacy contrast),0.9999995461087219,0.9999999981280304,ok,Tier 3: Model-specific / exploratory evidence,motif_cnn33_hek293t_all_cnn_ig_207,CTGG,CTGG,CTGG,+,carrier_vs_background_measured_efficacy,289,Moderate motif evidence
CTGG,motif,cnn33,1,1/1 model families,cnn,21,4,,1 cell line(s),0.01965439559166121,,0,,,,0,not_applicable (motif effect uses measured-efficacy contrast),0.9999995461087219,0.9999999981280304,ok,Tier 3: Model-specific / exploratory evidence,motif_cnn33_hek293t_sequence_cnn_ig_208,CTGG,CTGG,CTGG,+,carrier_vs_background_measured_efficacy,289,Moderate motif evidence
CTGG,motif,cnn53,1,1/1 model families,cnn,21,4,,1 cell line(s),0.01965439559166121,,0,,,,0,not_applicable (motif effect uses measured-efficacy contrast),0.9999995461087219,0.9999999981280304,ok,Tier 3: Model-specific / exploratory evidence,motif_cnn53_hek293t_sequence_cnn_ig_209,CTGG,CTGG,CTGG,+,carrier_vs_background_measured_efficacy,289,Moderate motif evidence
CTGG,motif,cnn53,1,1/1 model families,cnn,24,4,,1 cell line(s),0.01965439559166121,,0,,,,0,not_applicable (motif effect uses measured-efficacy contrast),0.9999995461087219,0.9999999981280304,ok,Tier 3: Model-specific / exploratory evidence,motif_cnn53_hek293t_all_cnn_ig_210,CTGG,CTGG,CTGG,+,carrier_vs_background_measured_efficacy,289,Moderate motif evidence
CTGG,motif,cnn73,1,1/1 model families,cnn,24,4,,1 cell line(s),0.01965439559166121,,0,,,,0,not_applicable (motif effect uses measured-efficacy contrast),0.9999995461087219,0.9999999981280304,ok,Tier 3: Model-specific / exploratory evidence,motif_cnn73_hek293t_all_cnn_ig_211,CTGG,CTGG,CTGG,+,carrier_vs_background_measured_efficacy,289,Moderate motif evidence
CTGG,motif,cnn73,1,1/1 model families,cnn,21,4,,1 cell line(s),0.01965439559166121,,0,,,,0,not_applicable (motif effect uses measured-efficacy contrast),0.9999995461087219,0.9999999981280304,ok,Tier 3: Model-specific / exploratory evidence,motif_cnn73_hek293t_sequence_cnn_ig_212,CTGG,CTGG,CTGG,+,carrier_vs_background_measured_efficacy,289,Moderate motif evidence
CTGG,motif,cnn73,1,1/1 model families,cnn,24,4,,1 cell line(s),0.01965439559166121,,0,,,,0,not_applicable (motif effect uses measured-efficacy contrast),0.9999995461087219,0.9999999981280304,ok,Tier 3: Model-specific / exploratory evidence,motif_cnn73_hek293t_all_cnn_ig_213,CTGG,CTGG,CTGG,+,carrier_vs_background_measured_efficacy,289,Moderate motif evidence
CTGG,motif,cnn73,1,1/1 model families,cnn,21,4,,1 cell line(s),0.01965439559166121,,0,,,,0,not_applicable (motif effect uses measured-efficacy contrast),0.9999995461087219,0.9999999981280304,ok,Tier 3: Model-specific / exploratory evidence,motif_cnn73_hek293t_sequence_cnn_ig_214,CTGG,CTGG,CTGG,+,carrier_vs_background_measured_efficacy,289,Moderate motif evidence
GTGG,motif,cnn53,1,1/1 model families,cnn,3,2,,1 cell line(s),0.017678736882075774,,0,,,,0,not_applicable (motif effect uses measured-efficacy contrast),0.2010127514868136,0.46595181970088245,ok,Tier 3: Model-specific / exploratory evidence,motif_cnn53_hct116_sequence_cnn_ism_215,GTGG,GTGG,GTGG,+,carrier_vs_background_measured_efficacy,287,Moderate motif evidence
CTGG,motif,cnn53,1,1/1 model families,cnn,24,4,,1 cell line(s),0.019575285633074757,,0,,,,0,not_applicable (motif effect uses measured-efficacy contrast),0.9999995461087219,0.9999999981280304,ok,Tier 3: Model-specific / exploratory evidence,motif_cnn53_hek293t_all_cnn_ig_216,CTGG,CTGG,CTGG,+,carrier_vs_background_measured_efficacy,283,Moderate motif evidence
AGGG,motif,cnn33,1,1/1 model families,cnn,11,2,,1 cell line(s),0.04309957045619678,,0,,,,0,not_applicable (motif effect uses measured-efficacy contrast),0.034221384081866424,0.20595621979545298,ok,Tier 3: Model-specific / exploratory evidence,motif_cnn33_hela_all_cnn_ig_217,AGGG,AGGG,AGGG,+,carrier_vs_background_measured_efficacy,281,Moderate motif evidence
AGGG,motif,cnn53,1,1/1 model families,cnn,11,3,,1 cell line(s),0.040885027569535715,,0,,,,0,not_applicable (motif effect uses measured-efficacy contrast),0.034221384081866424,0.20595621979545298,ok,Tier 3: Model-specific / exploratory evidence,motif_cnn53_hct116_sequence_cnn_ig_218,AGGG,AGGG,AGGG,+,carrier_vs_background_measured_efficacy,279,Moderate motif evidence
ATGG,motif,cnn33,1,1/1 model families,cnn,24,4,,1 cell line(s),-0.011957608191787733,,0,,,,0,not_applicable (motif effect uses measured-efficacy contrast),0.0766084731168302,0.2590472080651578,ok,Tier 3: Model-specific / exploratory evidence,motif_cnn33_hct116_all_cnn_ig_219,ATGG,ATGG,ATGG,-,carrier_vs_background_measured_efficacy,271,Moderate motif evidence
AGCT,motif,cnn53,1,1/1 model families,cnn,2,1,,1 cell line(s),-0.09160405752378481,,0,,,,0,not_applicable (motif effect uses measured-efficacy contrast),0.9965291823458575,0.9999999981280304,ok,Tier 3: Model-specific / exploratory evidence,motif_cnn53_hela_all_cnn_ism_220,AGCT,AGCT,AGCT,-,carrier_vs_background_measured_efficacy,271,Model-specific motif
AAGG,motif,cnn73,1,1/1 model families,cnn,6,3,,1 cell line(s),-0.03713041154462571,,0,,,,0,not_applicable (motif effect uses measured-efficacy contrast),0.7216160884684157,0.9999999981280304,ok,Tier 3: Model-specific / exploratory evidence,motif_cnn73_hct116_sequence_cnn_ism_221,AAGG,AAGG,AAGG,-,carrier_vs_background_measured_efficacy,270,Moderate motif evidence
GTGG,motif,cnn33,1,1/1 model families,cnn,22,4,,1 cell line(s),0.017574899437143576,,0,,,,0,not_applicable (motif effect uses measured-efficacy contrast),0.2010127514868136,0.46595181970088245,ok,Tier 3: Model-specific / exploratory evidence,motif_cnn33_hct116_sequence_cnn_ig_222,GTGG,GTGG,GTGG,+,carrier_vs_background_measured_efficacy,267,Moderate motif evidence
GCTGG,motif,cnn33,1,1/1 model families,cnn,11,2,,1 cell line(s),-0.06004767135944586,,0,,,,0,not_applicable (motif effect uses measured-efficacy contrast),0.9999818685649463,0.9999999981280304,ok,Tier 3: Model-specific / exploratory evidence,motif_cnn33_hct116_sequence_cnn_ig_223,GCTGG,GCTGG,GCTGG,-,carrier_vs_background_measured_efficacy,245,Moderate motif evidence
CAGG,motif,cnn33,1,1/1 model families,cnn,23,4,,1 cell line(s),0.011426500468881745,,0,,,,0,not_applicable (motif effect uses measured-efficacy contrast),0.9958846218844343,0.9999999981280304,ok,Tier 3: Model-specific / exploratory evidence,motif_cnn33_hek293t_all_cnn_ig_224,CAGG,CAGG,CAGG,+,carrier_vs_background_measured_efficacy,245,Moderate motif evidence
CAGG,motif,cnn33,1,1/1 model families,cnn,23,4,,1 cell line(s),0.011426500468881745,,0,,,,0,not_applicable (motif effect uses measured-efficacy contrast),0.9958846218844343,0.9999999981280304,ok,Tier 3: Model-specific / exploratory evidence,motif_cnn33_hek293t_sequence_cnn_ig_225,CAGG,CAGG,CAGG,+,carrier_vs_background_measured_efficacy,245,Moderate motif evidence
GCTGG,motif,cnn33,1,1/1 model families,cnn,4,1,,1 cell line(s),-0.06004767135944586,,0,,,,0,not_applicable (motif effect uses measured-efficacy contrast),0.9999818685649463,0.9999999981280304,ok,Tier 3: Model-specific / exploratory evidence,motif_cnn33_hct116_all_cnn_ig_226,GCTGG,GCTGG,GCTGG,-,carrier_vs_background_measured_efficacy,245,Model-specific motif
CAGG,motif,cnn33,1,1/1 model families,cnn,23,4,,1 cell line(s),0.011426500468881745,,0,,,,0,not_applicable (motif effect uses measured-efficacy contrast),0.9958846218844343,0.9999999981280304,ok,Tier 3: Model-specific / exploratory evidence,motif_cnn33_hek293t_all_cnn_ig_227,CAGG,CAGG,CAGG,+,carrier_vs_background_measured_efficacy,245,Moderate motif evidence
CAGG,motif,cnn33,1,1/1 model families,cnn,23,4,,1 cell line(s),0.011426500468881745,,0,,,,0,not_applicable (motif effect uses measured-efficacy contrast),0.9958846218844343,0.9999999981280304,ok,Tier 3: Model-specific / exploratory evidence,motif_cnn33_hek293t_sequence_cnn_ig_228,CAGG,CAGG,CAGG,+,carrier_vs_background_measured_efficacy,245,Moderate motif evidence
GCTGG,motif,cnn53,1,1/1 model families,cnn,11,3,,1 cell line(s),-0.06004767135944586,,0,,,,0,not_applicable (motif effect uses measured-efficacy contrast),0.9999818685649463,0.9999999981280304,ok,Tier 3: Model-specific / exploratory evidence,motif_cnn53_hct116_sequence_cnn_ig_229,GCTGG,GCTGG,GCTGG,-,carrier_vs_background_measured_efficacy,245,Moderate motif evidence
CAGG,motif,cnn53,1,1/1 model families,cnn,23,4,,1 cell line(s),0.011426500468881745,,0,,,,0,not_applicable (motif effect uses measured-efficacy contrast),0.9958846218844343,0.9999999981280304,ok,Tier 3: Model-specific / exploratory evidence,motif_cnn53_hek293t_sequence_cnn_ig_230,CAGG,CAGG,CAGG,+,carrier_vs_background_measured_efficacy,245,Moderate motif evidence
CAGG,motif,cnn53,1,1/1 model families,cnn,23,4,,1 cell line(s),0.011426500468881745,,0,,,,0,not_applicable (motif effect uses measured-efficacy contrast),0.9958846218844343,0.9999999981280304,ok,Tier 3: Model-specific / exploratory evidence,motif_cnn53_hek293t_all_cnn_ig_231,CAGG,CAGG,CAGG,+,carrier_vs_background_measured_efficacy,245,Moderate motif evidence
GCTGG,motif,cnn73,1,1/1 model families,cnn,11,2,,1 cell line(s),-0.06004767135944586,,0,,,,0,not_applicable (motif effect uses measured-efficacy contrast),0.9999818685649463,0.9999999981280304,ok,Tier 3: Model-specific / exploratory evidence,motif_cnn73_hct116_sequence_cnn_ig_232,GCTGG,GCTGG,GCTGG,-,carrier_vs_background_measured_efficacy,245,Moderate motif evidence
CAGG,motif,cnn73,1,1/1 model families,cnn,23,4,,1 cell line(s),0.011426500468881745,,0,,,,0,not_applicable (motif effect uses measured-efficacy contrast),0.9958846218844343,0.9999999981280304,ok,Tier 3: Model-specific / exploratory evidence,motif_cnn73_hek293t_all_cnn_ig_233,CAGG,CAGG,CAGG,+,carrier_vs_background_measured_efficacy,245,Moderate motif evidence
CAGG,motif,cnn73,1,1/1 model families,cnn,23,4,,1 cell line(s),0.011426500468881745,,0,,,,0,not_applicable (motif effect uses measured-efficacy contrast),0.9958846218844343,0.9999999981280304,ok,Tier 3: Model-specific / exploratory evidence,motif_cnn73_hek293t_sequence_cnn_ig_234,CAGG,CAGG,CAGG,+,carrier_vs_background_measured_efficacy,245,Moderate motif evidence
CAGG,motif,cnn73,1,1/1 model families,cnn,23,4,,1 cell line(s),0.011426500468881745,,0,,,,0,not_applicable (motif effect uses measured-efficacy contrast),0.9958846218844343,0.9999999981280304,ok,Tier 3: Model-specific / exploratory evidence,motif_cnn73_hek293t_all_cnn_ig_235,CAGG,CAGG,CAGG,+,carrier_vs_background_measured_efficacy,245,Moderate motif evidence
CAGG,motif,cnn73,1,1/1 model families,cnn,23,4,,1 cell line(s),0.011426500468881745,,0,,,,0,not_applicable (motif effect uses measured-efficacy contrast),0.9958846218844343,0.9999999981280304,ok,Tier 3: Model-specific / exploratory evidence,motif_cnn73_hek293t_sequence_cnn_ig_236,CAGG,CAGG,CAGG,+,carrier_vs_background_measured_efficacy,245,Moderate motif evidence
CAGG,motif,cnn33,1,1/1 model families,cnn,5,1,,1 cell line(s),0.01236400484691258,,0,,,,0,not_applicable (motif effect uses measured-efficacy contrast),0.9958846218844343,0.9999999981280304,ok,Tier 3: Model-specific / exploratory evidence,motif_cnn33_hek293t_sequence_cnn_ism_237,CAGG,CAGG,CAGG,+,carrier_vs_background_measured_efficacy,242,Model-specific motif
CAGG,motif,cnn53,1,1/1 model families,cnn,23,4,,1 cell line(s),0.011135423105286674,,0,,,,0,not_applicable (motif effect uses measured-efficacy contrast),0.9958846218844343,0.9999999981280304,ok,Tier 3: Model-specific / exploratory evidence,motif_cnn53_hek293t_all_cnn_ig_238,CAGG,CAGG,CAGG,+,carrier_vs_background_measured_efficacy,242,Moderate motif evidence
GCGG,motif,cnn53,1,1/1 model families,cnn,6,2,,1 cell line(s),0.018332673949633338,,0,,,,0,not_applicable (motif effect uses measured-efficacy contrast),0.0512066236046428,0.2469966550341594,ok,Tier 3: Model-specific / exploratory evidence,motif_cnn53_hct116_all_cnn_ig_239,GCGG,GCGG,GCGG,+,carrier_vs_background_measured_efficacy,236,Moderate motif evidence
GCGG,motif,cnn53,1,1/1 model families,cnn,8,2,,1 cell line(s),0.018332673949633338,,0,,,,0,not_applicable (motif effect uses measured-efficacy contrast),0.0512066236046428,0.2469966550341594,ok,Tier 3: Model-specific / exploratory evidence,motif_cnn53_hct116_sequence_cnn_ig_240,GCGG,GCGG,GCGG,+,carrier_vs_background_measured_efficacy,236,Moderate motif evidence
GCGG,motif,cnn73,1,1/1 model families,cnn,6,2,,1 cell line(s),0.018332673949633338,,0,,,,0,not_applicable (motif effect uses measured-efficacy contrast),0.0512066236046428,0.2469966550341594,ok,Tier 3: Model-specific / exploratory evidence,motif_cnn73_hct116_all_cnn_ig_241,GCGG,GCGG,GCGG,+,carrier_vs_background_measured_efficacy,236,Moderate motif evidence
GCGG,motif,cnn73,1,1/1 model families,cnn,8,2,,1 cell line(s),0.018332673949633338,,0,,,,0,not_applicable (motif effect uses measured-efficacy contrast),0.0512066236046428,0.2469966550341594,ok,Tier 3: Model-specific / exploratory evidence,motif_cnn73_hct116_sequence_cnn_ig_242,GCGG,GCGG,GCGG,+,carrier_vs_background_measured_efficacy,236,Moderate motif evidence
ATGG,motif,cnn53,1,1/1 model families,cnn,3,1,,1 cell line(s),-0.021398887969801383,,0,,,,0,not_applicable (motif effect uses measured-efficacy contrast),0.0766084731168302,0.2590472080651578,ok,Tier 3: Model-specific / exploratory evidence,motif_cnn53_hct116_sequence_cnn_ism_243,ATGG,ATGG,ATGG,-,carrier_vs_background_measured_efficacy,235,Model-specific motif
GTGG,motif,cnn73,1,1/1 model families,cnn,3,1,,1 cell line(s),-0.0050379504779905215,,0,,,,0,not_applicable (motif effect uses measured-efficacy contrast),0.2010127514868136,0.46595181970088245,ok,Inconclusive,motif_cnn73_hct116_sequence_cnn_ism_244,GTGG,GTGG,GTGG,-,carrier_vs_background_measured_efficacy,233,Model-specific motif
GGGG,motif,cnn73,1,1/1 model families,cnn,1,1,,1 cell line(s),0.06472802648248194,,0,,,,0,not_applicable (motif effect uses measured-efficacy contrast),9.79551697019818e-08,3.212929566225003e-05,ok,Tier 3: Model-specific / exploratory evidence,motif_cnn73_hct116_all_cnn_ig_245,GGGG,GGGG,GGGG,+,carrier_vs_background_measured_efficacy,232,Exploratory motif
GAAG,motif,cnn33,1,1/1 model families,cnn,2,1,,1 cell line(s),-0.041132504311888335,,0,,,,0,not_applicable (motif effect uses measured-efficacy contrast),0.551342389280021,0.9999999981280304,ok,Tier 3: Model-specific / exploratory evidence,motif_cnn33_hela_all_cnn_ism_246,GAAG,GAAG,GAAG,-,carrier_vs_background_measured_efficacy,229,Model-specific motif
CTGG,motif,cnn33,1,1/1 model families,cnn,24,4,,1 cell line(s),-0.03238977052608644,,0,,,,0,not_applicable (motif effect uses measured-efficacy contrast),0.9999995461087219,0.9999999981280304,ok,Tier 3: Model-specific / exploratory evidence,motif_cnn33_hl60_all_cnn_ig_247,CTGG,CTGG,CTGG,-,carrier_vs_background_measured_efficacy,229,Moderate motif evidence
CTGG,motif,cnn33,1,1/1 model families,cnn,21,4,,1 cell line(s),-0.03238977052608644,,0,,,,0,not_applicable (motif effect uses measured-efficacy contrast),0.9999995461087219,0.9999999981280304,ok,Tier 3: Model-specific / exploratory evidence,motif_cnn33_hl60_sequence_cnn_ig_248,CTGG,CTGG,CTGG,-,carrier_vs_background_measured_efficacy,229,Moderate motif evidence
CTGG,motif,cnn33,1,1/1 model families,cnn,24,4,,1 cell line(s),-0.03238977052608644,,0,,,,0,not_applicable (motif effect uses measured-efficacy contrast),0.9999995461087219,0.9999999981280304,ok,Tier 3: Model-specific / exploratory evidence,motif_cnn33_hl60_all_cnn_ig_249,CTGG,CTGG,CTGG,-,carrier_vs_background_measured_efficacy,229,Moderate motif evidence
CTGG,motif,cnn53,1,1/1 model families,cnn,24,4,,1 cell line(s),-0.03238977052608644,,0,,,,0,not_applicable (motif effect uses measured-efficacy contrast),0.9999995461087219,0.9999999981280304,ok,Tier 3: Model-specific / exploratory evidence,motif_cnn53_hl60_all_cnn_ig_250,CTGG,CTGG,CTGG,-,carrier_vs_background_measured_efficacy,229,Moderate motif evidence
CTGG,motif,cnn53,1,1/1 model families,cnn,21,4,,1 cell line(s),-0.03238977052608644,,0,,,,0,not_applicable (motif effect uses measured-efficacy contrast),0.9999995461087219,0.9999999981280304,ok,Tier 3: Model-specific / exploratory evidence,motif_cnn53_hl60_sequence_cnn_ig_251,CTGG,CTGG,CTGG,-,carrier_vs_background_measured_efficacy,229,Moderate motif evidence
CAGG,motif,cnn53,1,1/1 model families,cnn,23,4,,1 cell line(s),0.0065792274238091475,,0,,,,0,not_applicable (motif effect uses measured-efficacy contrast),0.9958846218844343,0.9999999981280304,ok,Inconclusive,motif_cnn53_hek293t_sequence_cnn_ig_252,CAGG,CAGG,CAGG,+,carrier_vs_background_measured_efficacy,229,Moderate motif evidence
CTGG,motif,cnn53,1,1/1 model families,cnn,24,4,,1 cell line(s),-0.03238977052608644,,0,,,,0,not_applicable (motif effect uses measured-efficacy contrast),0.9999995461087219,0.9999999981280304,ok,Tier 3: Model-specific / exploratory evidence,motif_cnn53_hl60_all_cnn_ig_253,CTGG,CTGG,CTGG,-,carrier_vs_background_measured_efficacy,229,Moderate motif evidence
CTGG,motif,cnn53,1,1/1 model families,cnn,21,4,,1 cell line(s),-0.03238977052608644,,0,,,,0,not_applicable (motif effect uses measured-efficacy contrast),0.9999995461087219,0.9999999981280304,ok,Tier 3: Model-specific / exploratory evidence,motif_cnn53_hl60_sequence_cnn_ig_254,CTGG,CTGG,CTGG,-,carrier_vs_background_measured_efficacy,229,Moderate motif evidence
CTGG,motif,cnn73,1,1/1 model families,cnn,24,4,,1 cell line(s),-0.03238977052608644,,0,,,,0,not_applicable (motif effect uses measured-efficacy contrast),0.9999995461087219,0.9999999981280304,ok,Tier 3: Model-specific / exploratory evidence,motif_cnn73_hl60_all_cnn_ig_255,CTGG,CTGG,CTGG,-,carrier_vs_background_measured_efficacy,229,Moderate motif evidence
CTGG,motif,cnn73,1,1/1 model families,cnn,21,4,,1 cell line(s),-0.03238977052608644,,0,,,,0,not_applicable (motif effect uses measured-efficacy contrast),0.9999995461087219,0.9999999981280304,ok,Tier 3: Model-specific / exploratory evidence,motif_cnn73_hl60_sequence_cnn_ig_256,CTGG,CTGG,CTGG,-,carrier_vs_background_measured_efficacy,229,Moderate motif evidence
CTGG,motif,cnn73,1,1/1 model families,cnn,24,4,,1 cell line(s),-0.03238977052608644,,0,,,,0,not_applicable (motif effect uses measured-efficacy contrast),0.9999995461087219,0.9999999981280304,ok,Tier 3: Model-specific / exploratory evidence,motif_cnn73_hl60_all_cnn_ig_257,CTGG,CTGG,CTGG,-,carrier_vs_background_measured_efficacy,229,Moderate motif evidence
CTGG,motif,cnn73,1,1/1 model families,cnn,21,4,,1 cell line(s),-0.03238977052608644,,0,,,,0,not_applicable (motif effect uses measured-efficacy contrast),0.9999995461087219,0.9999999981280304,ok,Tier 3: Model-specific / exploratory evidence,motif_cnn73_hl60_sequence_cnn_ig_258,CTGG,CTGG,CTGG,-,carrier_vs_background_measured_efficacy,229,Moderate motif evidence
GAGG,motif,cnn33,1,1/1 model families,cnn,24,4,,1 cell line(s),0.016810865861648372,,0,,,,0,not_applicable (motif effect uses measured-efficacy contrast),0.0029209226284590056,0.03090524587530819,ok,Tier 3: Model-specific / exploratory evidence,motif_cnn33_hct116_all_cnn_ig_259,GAGG,GAGG,GAGG,+,carrier_vs_background_measured_efficacy,224,Strong motif evidence
AAGG,motif,cnn33,1,1/1 model families,cnn,24,4,,1 cell line(s),0.0061297718013130775,,0,,,,0,not_applicable (motif effect uses measured-efficacy contrast),0.7216160884684157,0.9999999981280304,ok,Inconclusive,motif_cnn33_hek293t_all_cnn_ig_260,AAGG,AAGG,AAGG,+,carrier_vs_background_measured_efficacy,221,Moderate motif evidence
AAGG,motif,cnn33,1,1/1 model families,cnn,24,4,,1 cell line(s),0.0061297718013130775,,0,,,,0,not_applicable (motif effect uses measured-efficacy contrast),0.7216160884684157,0.9999999981280304,ok,Inconclusive,motif_cnn33_hek293t_sequence_cnn_ig_261,AAGG,AAGG,AAGG,+,carrier_vs_background_measured_efficacy,221,Moderate motif evidence
AAGG,motif,cnn33,1,1/1 model families,cnn,24,4,,1 cell line(s),0.0061297718013130775,,0,,,,0,not_applicable (motif effect uses measured-efficacy contrast),0.7216160884684157,0.9999999981280304,ok,Inconclusive,motif_cnn33_hek293t_all_cnn_ig_262,AAGG,AAGG,AAGG,+,carrier_vs_background_measured_efficacy,221,Moderate motif evidence
AAGG,motif,cnn33,1,1/1 model families,cnn,24,4,,1 cell line(s),0.0061297718013130775,,0,,,,0,not_applicable (motif effect uses measured-efficacy contrast),0.7216160884684157,0.9999999981280304,ok,Inconclusive,motif_cnn33_hek293t_sequence_cnn_ig_263,AAGG,AAGG,AAGG,+,carrier_vs_background_measured_efficacy,221,Moderate motif evidence
AAGG,motif,cnn53,1,1/1 model families,cnn,24,4,,1 cell line(s),0.0061297718013130775,,0,,,,0,not_applicable (motif effect uses measured-efficacy contrast),0.7216160884684157,0.9999999981280304,ok,Inconclusive,motif_cnn53_hek293t_sequence_cnn_ig_264,AAGG,AAGG,AAGG,+,carrier_vs_background_measured_efficacy,221,Moderate motif evidence
AAGG,motif,cnn73,1,1/1 model families,cnn,24,4,,1 cell line(s),0.0061297718013130775,,0,,,,0,not_applicable (motif effect uses measured-efficacy contrast),0.7216160884684157,0.9999999981280304,ok,Inconclusive,motif_cnn73_hek293t_all_cnn_ig_265,AAGG,AAGG,AAGG,+,carrier_vs_background_measured_efficacy,221,Moderate motif evidence
AAGG,motif,cnn73,1,1/1 model families,cnn,24,4,,1 cell line(s),0.0061297718013130775,,0,,,,0,not_applicable (motif effect uses measured-efficacy contrast),0.7216160884684157,0.9999999981280304,ok,Inconclusive,motif_cnn73_hek293t_sequence_cnn_ig_266,AAGG,AAGG,AAGG,+,carrier_vs_background_measured_efficacy,221,Moderate motif evidence
AAGG,motif,cnn73,1,1/1 model families,cnn,24,4,,1 cell line(s),0.0061297718013130775,,0,,,,0,not_applicable (motif effect uses measured-efficacy contrast),0.7216160884684157,0.9999999981280304,ok,Inconclusive,motif_cnn73_hek293t_all_cnn_ig_267,AAGG,AAGG,AAGG,+,carrier_vs_background_measured_efficacy,221,Moderate motif evidence
AAGG,motif,cnn73,1,1/1 model families,cnn,24,4,,1 cell line(s),0.0061297718013130775,,0,,,,0,not_applicable (motif effect uses measured-efficacy contrast),0.7216160884684157,0.9999999981280304,ok,Inconclusive,motif_cnn73_hek293t_sequence_cnn_ig_268,AAGG,AAGG,AAGG,+,carrier_vs_background_measured_efficacy,221,Moderate motif evidence
GAGG,motif,cnn53,1,1/1 model families,cnn,24,4,,1 cell line(s),0.03188957985573784,,0,,,,0,not_applicable (motif effect uses measured-efficacy contrast),0.0029209226284590056,0.03090524587530819,ok,Tier 3: Model-specific / exploratory evidence,motif_cnn53_hl60_sequence_cnn_ig_269,GAGG,GAGG,GAGG,+,carrier_vs_background_measured_efficacy,215,Strong motif evidence
CCTGG,motif,cnn33,1,1/1 model families,cnn,10,1,,1 cell line(s),-0.027588997902563278,,0,,,,0,not_applicable (motif effect uses measured-efficacy contrast),0.966388835797844,0.9999999981280304,ok,Tier 3: Model-specific / exploratory evidence,motif_cnn33_hct116_sequence_cnn_ig_270,CCTGG,CCTGG,CCTGG,-,carrier_vs_background_measured_efficacy,212,Model-specific motif
CCTGG,motif,cnn33,1,1/1 model families,cnn,10,1,,1 cell line(s),-0.027588997902563278,,0,,,,0,not_applicable (motif effect uses measured-efficacy contrast),0.966388835797844,0.9999999981280304,ok,Tier 3: Model-specific / exploratory evidence,motif_cnn33_hct116_sequence_cnn_ig_271,CCTGG,CCTGG,CCTGG,-,carrier_vs_background_measured_efficacy,212,Model-specific motif
AAGG,motif,cnn53,1,1/1 model families,cnn,24,4,,1 cell line(s),-5.526572877945224e-05,,0,,,,0,not_applicable (motif effect uses measured-efficacy contrast),0.7216160884684157,0.9999999981280304,ok,Inconclusive,motif_cnn53_hek293t_all_cnn_ig_272,AAGG,AAGG,AAGG,-,carrier_vs_background_measured_efficacy,212,Moderate motif evidence
AAGG,motif,cnn53,1,1/1 model families,cnn,24,4,,1 cell line(s),0.004849950178004131,,0,,,,0,not_applicable (motif effect uses measured-efficacy contrast),0.7216160884684157,0.9999999981280304,ok,Inconclusive,motif_cnn53_hek293t_sequence_cnn_ig_273,AAGG,AAGG,AAGG,+,carrier_vs_background_measured_efficacy,210,Moderate motif evidence
GAGG,motif,cnn33,1,1/1 model families,cnn,24,4,,1 cell line(s),0.03197634392634202,,0,,,,0,not_applicable (motif effect uses measured-efficacy contrast),0.0029209226284590056,0.03090524587530819,ok,Tier 3: Model-specific / exploratory evidence,motif_cnn33_hl60_all_cnn_ig_274,GAGG,GAGG,GAGG,+,carrier_vs_background_measured_efficacy,209,Strong motif evidence
GAGG,motif,cnn33,1,1/1 model families,cnn,24,4,,1 cell line(s),0.03197634392634202,,0,,,,0,not_applicable (motif effect uses measured-efficacy contrast),0.0029209226284590056,0.03090524587530819,ok,Tier 3: Model-specific / exploratory evidence,motif_cnn33_hl60_sequence_cnn_ig_275,GAGG,GAGG,GAGG,+,carrier_vs_background_measured_efficacy,209,Strong motif evidence
ACAG,motif,cnn33,1,1/1 model families,cnn,1,1,,1 cell line(s),-0.03763933293690927,,0,,,,0,not_applicable (motif effect uses measured-efficacy contrast),0.8267232951494473,0.9999999981280304,ok,Inconclusive,motif_cnn33_hct116_sequence_cnn_ism_276,ACAG,ACAG,ACAG,-,carrier_vs_background_measured_efficacy,209,Exploratory motif
GAGG,motif,cnn53,1,1/1 model families,cnn,24,4,,1 cell line(s),0.03197634392634202,,0,,,,0,not_applicable (motif effect uses measured-efficacy contrast),0.0029209226284590056,0.03090524587530819,ok,Tier 3: Model-specific / exploratory evidence,motif_cnn53_hl60_all_cnn_ig_277,GAGG,GAGG,GAGG,+,carrier_vs_background_measured_efficacy,209,Strong motif evidence
GAGG,motif,cnn53,1,1/1 model families,cnn,24,4,,1 cell line(s),0.03197634392634202,,0,,,,0,not_applicable (motif effect uses measured-efficacy contrast),0.0029209226284590056,0.03090524587530819,ok,Tier 3: Model-specific / exploratory evidence,motif_cnn53_hl60_sequence_cnn_ig_278,GAGG,GAGG,GAGG,+,carrier_vs_background_measured_efficacy,209,Strong motif evidence
GAGG,motif,cnn53,1,1/1 model families,cnn,24,4,,1 cell line(s),0.03197634392634202,,0,,,,0,not_applicable (motif effect uses measured-efficacy contrast),0.0029209226284590056,0.03090524587530819,ok,Tier 3: Model-specific / exploratory evidence,motif_cnn53_hl60_all_cnn_ig_279,GAGG,GAGG,GAGG,+,carrier_vs_background_measured_efficacy,209,Strong motif evidence
GAGG,motif,cnn73,1,1/1 model families,cnn,24,4,,1 cell line(s),0.03197634392634202,,0,,,,0,not_applicable (motif effect uses measured-efficacy contrast),0.0029209226284590056,0.03090524587530819,ok,Tier 3: Model-specific / exploratory evidence,motif_cnn73_hl60_all_cnn_ig_280,GAGG,GAGG,GAGG,+,carrier_vs_background_measured_efficacy,209,Strong motif evidence
GAGG,motif,cnn73,1,1/1 model families,cnn,24,4,,1 cell line(s),0.03197634392634202,,0,,,,0,not_applicable (motif effect uses measured-efficacy contrast),0.0029209226284590056,0.03090524587530819,ok,Tier 3: Model-specific / exploratory evidence,motif_cnn73_hl60_sequence_cnn_ig_281,GAGG,GAGG,GAGG,+,carrier_vs_background_measured_efficacy,209,Strong motif evidence
ATGG,motif,cnn73,1,1/1 model families,cnn,3,2,,1 cell line(s),-0.021375318548865152,,0,,,,0,not_applicable (motif effect uses measured-efficacy contrast),0.0766084731168302,0.2590472080651578,ok,Tier 3: Model-specific / exploratory evidence,motif_cnn73_hct116_sequence_cnn_ism_282,ATGG,ATGG,ATGG,-,carrier_vs_background_measured_efficacy,209,Moderate motif evidence
GAGG,motif,cnn73,1,1/1 model families,cnn,24,4,,1 cell line(s),0.03197634392634202,,0,,,,0,not_applicable (motif effect uses measured-efficacy contrast),0.0029209226284590056,0.03090524587530819,ok,Tier 3: Model-specific / exploratory evidence,motif_cnn73_hl60_all_cnn_ig_283,GAGG,GAGG,GAGG,+,carrier_vs_background_measured_efficacy,209,Strong motif evidence
GAGG,motif,cnn73,1,1/1 model families,cnn,24,4,,1 cell line(s),0.03197634392634202,,0,,,,0,not_applicable (motif effect uses measured-efficacy contrast),0.0029209226284590056,0.03090524587530819,ok,Tier 3: Model-specific / exploratory evidence,motif_cnn73_hl60_sequence_cnn_ig_284,GAGG,GAGG,GAGG,+,carrier_vs_background_measured_efficacy,209,Strong motif evidence
ACAGG,motif,cnn33,1,1/1 model families,cnn,6,2,,1 cell line(s),-0.03722144848020972,,0,,,,0,not_applicable (motif effect uses measured-efficacy contrast),0.9999765334306173,0.9999999981280304,ok,Tier 3: Model-specific / exploratory evidence,motif_cnn33_hct116_all_cnn_ism_285,ACAGG,ACAGG,ACAGG,-,carrier_vs_background_measured_efficacy,208,Moderate motif evidence
AGGG,motif,cnn33,1,1/1 model families,cnn,11,2,,1 cell line(s),0.04224320651718905,,0,,,,0,not_applicable (motif effect uses measured-efficacy contrast),0.034221384081866424,0.20595621979545298,ok,Tier 3: Model-specific / exploratory evidence,motif_cnn33_hct116_sequence_cnn_ig_286,AGGG,AGGG,AGGG,+,carrier_vs_background_measured_efficacy,204,Moderate motif evidence
GTGG,motif,cnn53,1,1/1 model families,cnn,22,4,,1 cell line(s),0.03752895988422991,,0,,,,0,not_applicable (motif effect uses measured-efficacy contrast),0.2010127514868136,0.46595181970088245,ok,Tier 3: Model-specific / exploratory evidence,motif_cnn53_hl60_sequence_cnn_ig_287,GTGG,GTGG,GTGG,+,carrier_vs_background_measured_efficacy,204,Moderate motif evidence
AGAGG,motif,cnn33,1,1/1 model families,cnn,4,2,,1 cell line(s),0.03265230361326432,,0,,,,0,not_applicable (motif effect uses measured-efficacy contrast),0.20098323313506192,0.46595181970088245,ok,Tier 3: Model-specific / exploratory evidence,motif_cnn33_hct116_all_cnn_ism_288,AGAGG,AGAGG,AGAGG,+,carrier_vs_background_measured_efficacy,203,Moderate motif evidence
AGAGG,motif,cnn53,1,1/1 model families,cnn,2,1,,1 cell line(s),0.03265230361326432,,0,,,,0,not_applicable (motif effect uses measured-efficacy contrast),0.20098323313506192,0.46595181970088245,ok,Tier 3: Model-specific / exploratory evidence,motif_cnn53_hct116_all_cnn_ig_289,AGAGG,AGAGG,AGAGG,+,carrier_vs_background_measured_efficacy,203,Model-specific motif
GAGG,motif,cnn33,1,1/1 model families,cnn,24,4,,1 cell line(s),-0.033116640726866875,,0,,,,0,not_applicable (motif effect uses measured-efficacy contrast),0.0029209226284590056,0.03090524587530819,ok,Tier 3: Model-specific / exploratory evidence,motif_cnn33_hek293t_sequence_cnn_ig_290,GAGG,GAGG,GAGG,-,carrier_vs_background_measured_efficacy,202,Strong motif evidence
GAGG,motif,cnn33,1,1/1 model families,cnn,24,4,,1 cell line(s),-0.033116640726866875,,0,,,,0,not_applicable (motif effect uses measured-efficacy contrast),0.0029209226284590056,0.03090524587530819,ok,Tier 3: Model-specific / exploratory evidence,motif_cnn33_hek293t_all_cnn_ig_291,GAGG,GAGG,GAGG,-,carrier_vs_background_measured_efficacy,202,Strong motif evidence
GAGG,motif,cnn33,1,1/1 model families,cnn,24,4,,1 cell line(s),-0.033116640726866875,,0,,,,0,not_applicable (motif effect uses measured-efficacy contrast),0.0029209226284590056,0.03090524587530819,ok,Tier 3: Model-specific / exploratory evidence,motif_cnn33_hek293t_sequence_cnn_ig_292,GAGG,GAGG,GAGG,-,carrier_vs_background_measured_efficacy,202,Strong motif evidence
GAGG,motif,cnn53,1,1/1 model families,cnn,24,4,,1 cell line(s),-0.033116640726866875,,0,,,,0,not_applicable (motif effect uses measured-efficacy contrast),0.0029209226284590056,0.03090524587530819,ok,Tier 3: Model-specific / exploratory evidence,motif_cnn53_hek293t_sequence_cnn_ig_293,GAGG,GAGG,GAGG,-,carrier_vs_background_measured_efficacy,202,Strong motif evidence
GAGG,motif,cnn73,1,1/1 model families,cnn,24,4,,1 cell line(s),-0.033116640726866875,,0,,,,0,not_applicable (motif effect uses measured-efficacy contrast),0.0029209226284590056,0.03090524587530819,ok,Tier 3: Model-specific / exploratory evidence,motif_cnn73_hek293t_all_cnn_ig_294,GAGG,GAGG,GAGG,-,carrier_vs_background_measured_efficacy,202,Strong motif evidence
GAGG,motif,cnn73,1,1/1 model families,cnn,24,4,,1 cell line(s),-0.033116640726866875,,0,,,,0,not_applicable (motif effect uses measured-efficacy contrast),0.0029209226284590056,0.03090524587530819,ok,Tier 3: Model-specific / exploratory evidence,motif_cnn73_hek293t_sequence_cnn_ig_295,GAGG,GAGG,GAGG,-,carrier_vs_background_measured_efficacy,202,Strong motif evidence
GAGG,motif,cnn73,1,1/1 model families,cnn,24,4,,1 cell line(s),-0.033116640726866875,,0,,,,0,not_applicable (motif effect uses measured-efficacy contrast),0.0029209226284590056,0.03090524587530819,ok,Tier 3: Model-specific / exploratory evidence,motif_cnn73_hek293t_all_cnn_ig_296,GAGG,GAGG,GAGG,-,carrier_vs_background_measured_efficacy,202,Strong motif evidence
GAGG,motif,cnn73,1,1/1 model families,cnn,24,4,,1 cell line(s),-0.033116640726866875,,0,,,,0,not_applicable (motif effect uses measured-efficacy contrast),0.0029209226284590056,0.03090524587530819,ok,Tier 3: Model-specific / exploratory evidence,motif_cnn73_hek293t_sequence_cnn_ig_297,GAGG,GAGG,GAGG,-,carrier_vs_background_measured_efficacy,202,Strong motif evidence
GAGG,motif,cnn53,1,1/1 model families,cnn,24,4,,1 cell line(s),-0.032247131520708766,,0,,,,0,not_applicable (motif effect uses measured-efficacy contrast),0.0029209226284590056,0.03090524587530819,ok,Tier 3: Model-specific / exploratory evidence,motif_cnn53_hek293t_all_cnn_ig_298,GAGG,GAGG,GAGG,-,carrier_vs_background_measured_efficacy,197,Strong motif evidence
AAGG,motif,cnn53,1,1/1 model families,cnn,24,4,,1 cell line(s),0.0019192770616525412,,0,,,,0,not_applicable (motif effect uses measured-efficacy contrast),0.7216160884684157,0.9999999981280304,ok,Inconclusive,motif_cnn53_hek293t_all_cnn_ig_299,AAGG,AAGG,AAGG,+,carrier_vs_background_measured_efficacy,197,Moderate motif evidence
GTGG,motif,cnn33,1,1/1 model families,cnn,24,4,,1 cell line(s),0.039536399847423576,,0,,,,0,not_applicable (motif effect uses measured-efficacy contrast),0.2010127514868136,0.46595181970088245,ok,Tier 3: Model-specific / exploratory evidence,motif_cnn33_hl60_all_cnn_ig_300,GTGG,GTGG,GTGG,+,carrier_vs_background_measured_efficacy,195,Moderate motif evidence
GTGG,motif,cnn33,1,1/1 model families,cnn,22,4,,1 cell line(s),0.039536399847423576,,0,,,,0,not_applicable (motif effect uses measured-efficacy contrast),0.2010127514868136,0.46595181970088245,ok,Tier 3: Model-specific / exploratory evidence,motif_cnn33_hl60_sequence_cnn_ig_301,GTGG,GTGG,GTGG,+,carrier_vs_background_measured_efficacy,195,Moderate motif evidence
GTGG,motif,cnn53,1,1/1 model families,cnn,24,4,,1 cell line(s),0.039536399847423576,,0,,,,0,not_applicable (motif effect uses measured-efficacy contrast),0.2010127514868136,0.46595181970088245,ok,Tier 3: Model-specific / exploratory evidence,motif_cnn53_hl60_all_cnn_ig_302,GTGG,GTGG,GTGG,+,carrier_vs_background_measured_efficacy,195,Moderate motif evidence
GTGG,motif,cnn53,1,1/1 model families,cnn,22,4,,1 cell line(s),0.039536399847423576,,0,,,,0,not_applicable (motif effect uses measured-efficacy contrast),0.2010127514868136,0.46595181970088245,ok,Tier 3: Model-specific / exploratory evidence,motif_cnn53_hl60_sequence_cnn_ig_303,GTGG,GTGG,GTGG,+,carrier_vs_background_measured_efficacy,195,Moderate motif evidence
GTGG,motif,cnn53,1,1/1 model families,cnn,24,4,,1 cell line(s),0.039536399847423576,,0,,,,0,not_applicable (motif effect uses measured-efficacy contrast),0.2010127514868136,0.46595181970088245,ok,Tier 3: Model-specific / exploratory evidence,motif_cnn53_hl60_all_cnn_ig_304,GTGG,GTGG,GTGG,+,carrier_vs_background_measured_efficacy,195,Moderate motif evidence
GTGG,motif,cnn73,1,1/1 model families,cnn,24,4,,1 cell line(s),0.039536399847423576,,0,,,,0,not_applicable (motif effect uses measured-efficacy contrast),0.2010127514868136,0.46595181970088245,ok,Tier 3: Model-specific / exploratory evidence,motif_cnn73_hl60_all_cnn_ig_305,GTGG,GTGG,GTGG,+,carrier_vs_background_measured_efficacy,195,Moderate motif evidence
GTGG,motif,cnn73,1,1/1 model families,cnn,22,4,,1 cell line(s),0.039536399847423576,,0,,,,0,not_applicable (motif effect uses measured-efficacy contrast),0.2010127514868136,0.46595181970088245,ok,Tier 3: Model-specific / exploratory evidence,motif_cnn73_hl60_sequence_cnn_ig_306,GTGG,GTGG,GTGG,+,carrier_vs_background_measured_efficacy,195,Moderate motif evidence
GTGG,motif,cnn73,1,1/1 model families,cnn,24,4,,1 cell line(s),0.039536399847423576,,0,,,,0,not_applicable (motif effect uses measured-efficacy contrast),0.2010127514868136,0.46595181970088245,ok,Tier 3: Model-specific / exploratory evidence,motif_cnn73_hl60_all_cnn_ig_307,GTGG,GTGG,GTGG,+,carrier_vs_background_measured_efficacy,195,Moderate motif evidence
GTGG,motif,cnn73,1,1/1 model families,cnn,22,4,,1 cell line(s),0.039536399847423576,,0,,,,0,not_applicable (motif effect uses measured-efficacy contrast),0.2010127514868136,0.46595181970088245,ok,Tier 3: Model-specific / exploratory evidence,motif_cnn73_hl60_sequence_cnn_ig_308,GTGG,GTGG,GTGG,+,carrier_vs_background_measured_efficacy,195,Moderate motif evidence
GCAGG,motif,cnn33,1,1/1 model families,cnn,6,3,,1 cell line(s),-0.04699017580269593,,0,,,,0,not_applicable (motif effect uses measured-efficacy contrast),0.9995186014131595,0.9999999981280304,ok,Tier 3: Model-specific / exploratory evidence,motif_cnn33_hct116_all_cnn_ism_309,GCAGG,GCAGG,GCAGG,-,carrier_vs_background_measured_efficacy,194,Moderate motif evidence
CAGG,motif,cnn33,1,1/1 model families,cnn,23,4,,1 cell line(s),-0.01733516118908754,,0,,,,0,not_applicable (motif effect uses measured-efficacy contrast),0.9958846218844343,0.9999999981280304,ok,Tier 3: Model-specific / exploratory evidence,motif_cnn33_hl60_all_cnn_ig_310,CAGG,CAGG,CAGG,-,carrier_vs_background_measured_efficacy,194,Moderate motif evidence
CAGG,motif,cnn33,1,1/1 model families,cnn,23,4,,1 cell line(s),-0.01733516118908754,,0,,,,0,not_applicable (motif effect uses measured-efficacy contrast),0.9958846218844343,0.9999999981280304,ok,Tier 3: Model-specific / exploratory evidence,motif_cnn33_hl60_sequence_cnn_ig_311,CAGG,CAGG,CAGG,-,carrier_vs_background_measured_efficacy,194,Moderate motif evidence
CCGG,motif,cnn33,1,1/1 model families,cnn,4,3,,1 cell line(s),-0.010849528968868982,,0,,,,0,not_applicable (motif effect uses measured-efficacy contrast),0.09723071739637468,0.30229076119441606,ok,Tier 3: Model-specific / exploratory evidence,motif_cnn33_hct116_sequence_cnn_ig_312,CCGG,CCGG,CCGG,-,carrier_vs_background_measured_efficacy,194,Moderate motif evidence
CAGG,motif,cnn33,1,1/1 model families,cnn,23,4,,1 cell line(s),-0.01733516118908754,,0,,,,0,not_applicable (motif effect uses measured-efficacy contrast),0.9958846218844343,0.9999999981280304,ok,Tier 3: Model-specific / exploratory evidence,motif_cnn33_hl60_all_cnn_ig_313,CAGG,CAGG,CAGG,-,carrier_vs_background_measured_efficacy,194,Moderate motif evidence
CAGG,motif,cnn33,1,1/1 model families,cnn,23,4,,1 cell line(s),-0.01733516118908754,,0,,,,0,not_applicable (motif effect uses measured-efficacy contrast),0.9958846218844343,0.9999999981280304,ok,Tier 3: Model-specific / exploratory evidence,motif_cnn33_hl60_sequence_cnn_ig_314,CAGG,CAGG,CAGG,-,carrier_vs_background_measured_efficacy,194,Moderate motif evidence
CAGG,motif,cnn53,1,1/1 model families,cnn,23,4,,1 cell line(s),-0.01733516118908754,,0,,,,0,not_applicable (motif effect uses measured-efficacy contrast),0.9958846218844343,0.9999999981280304,ok,Tier 3: Model-specific / exploratory evidence,motif_cnn53_hl60_all_cnn_ig_315,CAGG,CAGG,CAGG,-,carrier_vs_background_measured_efficacy,194,Moderate motif evidence
CAGG,motif,cnn53,1,1/1 model families,cnn,23,4,,1 cell line(s),-0.01733516118908754,,0,,,,0,not_applicable (motif effect uses measured-efficacy contrast),0.9958846218844343,0.9999999981280304,ok,Tier 3: Model-specific / exploratory evidence,motif_cnn53_hl60_sequence_cnn_ig_316,CAGG,CAGG,CAGG,-,carrier_vs_background_measured_efficacy,194,Moderate motif evidence
CAGG,motif,cnn73,1,1/1 model families,cnn,23,4,,1 cell line(s),-0.01733516118908754,,0,,,,0,not_applicable (motif effect uses measured-efficacy contrast),0.9958846218844343,0.9999999981280304,ok,Tier 3: Model-specific / exploratory evidence,motif_cnn73_hl60_all_cnn_ig_317,CAGG,CAGG,CAGG,-,carrier_vs_background_measured_efficacy,194,Moderate motif evidence
CAGG,motif,cnn73,1,1/1 model families,cnn,23,4,,1 cell line(s),-0.01733516118908754,,0,,,,0,not_applicable (motif effect uses measured-efficacy contrast),0.9958846218844343,0.9999999981280304,ok,Tier 3: Model-specific / exploratory evidence,motif_cnn73_hl60_sequence_cnn_ig_318,CAGG,CAGG,CAGG,-,carrier_vs_background_measured_efficacy,194,Moderate motif evidence
CAGG,motif,cnn73,1,1/1 model families,cnn,23,4,,1 cell line(s),-0.01733516118908754,,0,,,,0,not_applicable (motif effect uses measured-efficacy contrast),0.9958846218844343,0.9999999981280304,ok,Tier 3: Model-specific / exploratory evidence,motif_cnn73_hl60_all_cnn_ig_319,CAGG,CAGG,CAGG,-,carrier_vs_background_measured_efficacy,194,Moderate motif evidence
CAGG,motif,cnn73,1,1/1 model families,cnn,23,4,,1 cell line(s),-0.01733516118908754,,0,,,,0,not_applicable (motif effect uses measured-efficacy contrast),0.9958846218844343,0.9999999981280304,ok,Tier 3: Model-specific / exploratory evidence,motif_cnn73_hl60_sequence_cnn_ig_320,CAGG,CAGG,CAGG,-,carrier_vs_background_measured_efficacy,194,Moderate motif evidence
CAGG,motif,cnn53,1,1/1 model families,cnn,23,4,,1 cell line(s),-0.01849909199628999,,0,,,,0,not_applicable (motif effect uses measured-efficacy contrast),0.9958846218844343,0.9999999981280304,ok,Tier 3: Model-specific / exploratory evidence,motif_cnn53_hl60_all_cnn_ig_321,CAGG,CAGG,CAGG,-,carrier_vs_background_measured_efficacy,193,Moderate motif evidence
TTGG,motif,cnn33,1,1/1 model families,cnn,12,2,,1 cell line(s),0.042278880207082065,,0,,,,0,not_applicable (motif effect uses measured-efficacy contrast),0.9846074828444094,0.9999999981280304,ok,Tier 3: Model-specific / exploratory evidence,motif_cnn33_hek293t_all_cnn_ig_322,TTGG,TTGG,TTGG,+,carrier_vs_background_measured_efficacy,192,Moderate motif evidence
TTGG,motif,cnn33,1,1/1 model families,cnn,10,2,,1 cell line(s),0.042278880207082065,,0,,,,0,not_applicable (motif effect uses measured-efficacy contrast),0.9846074828444094,0.9999999981280304,ok,Tier 3: Model-specific / exploratory evidence,motif_cnn33_hek293t_sequence_cnn_ig_323,TTGG,TTGG,TTGG,+,carrier_vs_background_measured_efficacy,192,Moderate motif evidence
TTGG,motif,cnn33,1,1/1 model families,cnn,12,2,,1 cell line(s),0.042278880207082065,,0,,,,0,not_applicable (motif effect uses measured-efficacy contrast),0.9846074828444094,0.9999999981280304,ok,Tier 3: Model-specific / exploratory evidence,motif_cnn33_hek293t_all_cnn_ig_324,TTGG,TTGG,TTGG,+,carrier_vs_background_measured_efficacy,192,Moderate motif evidence
TTGG,motif,cnn33,1,1/1 model families,cnn,10,2,,1 cell line(s),0.042278880207082065,,0,,,,0,not_applicable (motif effect uses measured-efficacy contrast),0.9846074828444094,0.9999999981280304,ok,Tier 3: Model-specific / exploratory evidence,motif_cnn33_hek293t_sequence_cnn_ig_325,TTGG,TTGG,TTGG,+,carrier_vs_background_measured_efficacy,192,Moderate motif evidence
TTGG,motif,cnn53,1,1/1 model families,cnn,12,2,,1 cell line(s),0.042278880207082065,,0,,,,0,not_applicable (motif effect uses measured-efficacy contrast),0.9846074828444094,0.9999999981280304,ok,Tier 3: Model-specific / exploratory evidence,motif_cnn53_hek293t_all_cnn_ig_326,TTGG,TTGG,TTGG,+,carrier_vs_background_measured_efficacy,192,Moderate motif evidence
TTGG,motif,cnn53,1,1/1 model families,cnn,10,2,,1 cell line(s),0.042278880207082065,,0,,,,0,not_applicable (motif effect uses measured-efficacy contrast),0.9846074828444094,0.9999999981280304,ok,Tier 3: Model-specific / exploratory evidence,motif_cnn53_hek293t_sequence_cnn_ig_327,TTGG,TTGG,TTGG,+,carrier_vs_background_measured_efficacy,192,Moderate motif evidence
TTGG,motif,cnn53,1,1/1 model families,cnn,12,2,,1 cell line(s),0.042278880207082065,,0,,,,0,not_applicable (motif effect uses measured-efficacy contrast),0.9846074828444094,0.9999999981280304,ok,Tier 3: Model-specific / exploratory evidence,motif_cnn53_hek293t_all_cnn_ig_328,TTGG,TTGG,TTGG,+,carrier_vs_background_measured_efficacy,192,Moderate motif evidence
TTGG,motif,cnn73,1,1/1 model families,cnn,12,2,,1 cell line(s),0.042278880207082065,,0,,,,0,not_applicable (motif effect uses measured-efficacy contrast),0.9846074828444094,0.9999999981280304,ok,Tier 3: Model-specific / exploratory evidence,motif_cnn73_hek293t_all_cnn_ig_329,TTGG,TTGG,TTGG,+,carrier_vs_background_measured_efficacy,192,Moderate motif evidence
TTGG,motif,cnn73,1,1/1 model families,cnn,10,2,,1 cell line(s),0.042278880207082065,,0,,,,0,not_applicable (motif effect uses measured-efficacy contrast),0.9846074828444094,0.9999999981280304,ok,Tier 3: Model-specific / exploratory evidence,motif_cnn73_hek293t_sequence_cnn_ig_330,TTGG,TTGG,TTGG,+,carrier_vs_background_measured_efficacy,192,Moderate motif evidence
TTGG,motif,cnn73,1,1/1 model families,cnn,12,2,,1 cell line(s),0.042278880207082065,,0,,,,0,not_applicable (motif effect uses measured-efficacy contrast),0.9846074828444094,0.9999999981280304,ok,Tier 3: Model-specific / exploratory evidence,motif_cnn73_hek293t_all_cnn_ig_331,TTGG,TTGG,TTGG,+,carrier_vs_background_measured_efficacy,192,Moderate motif evidence
TTGG,motif,cnn73,1,1/1 model families,cnn,10,2,,1 cell line(s),0.042278880207082065,,0,,,,0,not_applicable (motif effect uses measured-efficacy contrast),0.9846074828444094,0.9999999981280304,ok,Tier 3: Model-specific / exploratory evidence,motif_cnn73_hek293t_sequence_cnn_ig_332,TTGG,TTGG,TTGG,+,carrier_vs_background_measured_efficacy,192,Moderate motif evidence
GAGG,motif,cnn53,1,1/1 model families,cnn,24,4,,1 cell line(s),-0.035776017468590965,,0,,,,0,not_applicable (motif effect uses measured-efficacy contrast),0.0029209226284590056,0.03090524587530819,ok,Tier 3: Model-specific / exploratory evidence,motif_cnn53_hek293t_sequence_cnn_ig_333,GAGG,GAGG,GAGG,-,carrier_vs_background_measured_efficacy,190,Strong motif evidence
AAGG,motif,cnn33,1,1/1 model families,cnn,24,4,,1 cell line(s),0.009436246667999554,,0,,,,0,not_applicable (motif effect uses measured-efficacy contrast),0.7216160884684157,0.9999999981280304,ok,Inconclusive,motif_cnn33_hl60_all_cnn_ig_334,AAGG,AAGG,AAGG,+,carrier_vs_background_measured_efficacy,189,Moderate motif evidence
AAGG,motif,cnn33,1,1/1 model families,cnn,24,4,,1 cell line(s),0.009436246667999554,,0,,,,0,not_applicable (motif effect uses measured-efficacy contrast),0.7216160884684157,0.9999999981280304,ok,Inconclusive,motif_cnn33_hl60_sequence_cnn_ig_335,AAGG,AAGG,AAGG,+,carrier_vs_background_measured_efficacy,189,Moderate motif evidence
AAGG,motif,cnn33,1,1/1 model families,cnn,24,4,,1 cell line(s),0.009436246667999554,,0,,,,0,not_applicable (motif effect uses measured-efficacy contrast),0.7216160884684157,0.9999999981280304,ok,Inconclusive,motif_cnn33_hl60_all_cnn_ig_336,AAGG,AAGG,AAGG,+,carrier_vs_background_measured_efficacy,189,Moderate motif evidence
AAGG,motif,cnn53,1,1/1 model families,cnn,24,4,,1 cell line(s),0.009436246667999554,,0,,,,0,not_applicable (motif effect uses measured-efficacy contrast),0.7216160884684157,0.9999999981280304,ok,Inconclusive,motif_cnn53_hl60_all_cnn_ig_337,AAGG,AAGG,AAGG,+,carrier_vs_background_measured_efficacy,189,Moderate motif evidence
AAGG,motif,cnn53,1,1/1 model families,cnn,24,4,,1 cell line(s),0.009436246667999554,,0,,,,0,not_applicable (motif effect uses measured-efficacy contrast),0.7216160884684157,0.9999999981280304,ok,Inconclusive,motif_cnn53_hl60_sequence_cnn_ig_338,AAGG,AAGG,AAGG,+,carrier_vs_background_measured_efficacy,189,Moderate motif evidence
AAGG,motif,cnn73,1,1/1 model families,cnn,24,4,,1 cell line(s),0.009436246667999554,,0,,,,0,not_applicable (motif effect uses measured-efficacy contrast),0.7216160884684157,0.9999999981280304,ok,Inconclusive,motif_cnn73_hl60_all_cnn_ig_339,AAGG,AAGG,AAGG,+,carrier_vs_background_measured_efficacy,189,Moderate motif evidence
AAGG,motif,cnn73,1,1/1 model families,cnn,24,4,,1 cell line(s),0.009436246667999554,,0,,,,0,not_applicable (motif effect uses measured-efficacy contrast),0.7216160884684157,0.9999999981280304,ok,Inconclusive,motif_cnn73_hl60_sequence_cnn_ig_340,AAGG,AAGG,AAGG,+,carrier_vs_background_measured_efficacy,189,Moderate motif evidence
AAGG,motif,cnn73,1,1/1 model families,cnn,24,4,,1 cell line(s),0.009436246667999554,,0,,,,0,not_applicable (motif effect uses measured-efficacy contrast),0.7216160884684157,0.9999999981280304,ok,Inconclusive,motif_cnn73_hl60_all_cnn_ig_341,AAGG,AAGG,AAGG,+,carrier_vs_background_measured_efficacy,189,Moderate motif evidence
AAGG,motif,cnn73,1,1/1 model families,cnn,24,4,,1 cell line(s),0.009436246667999554,,0,,,,0,not_applicable (motif effect uses measured-efficacy contrast),0.7216160884684157,0.9999999981280304,ok,Inconclusive,motif_cnn73_hl60_sequence_cnn_ig_342,AAGG,AAGG,AAGG,+,carrier_vs_background_measured_efficacy,189,Moderate motif evidence
GTGG,motif,cnn33,1,1/1 model families,cnn,24,4,,1 cell line(s),0.02072100190674181,,0,,,,0,not_applicable (motif effect uses measured-efficacy contrast),0.2010127514868136,0.46595181970088245,ok,Tier 3: Model-specific / exploratory evidence,motif_cnn33_hct116_all_cnn_ig_343,GTGG,GTGG,GTGG,+,carrier_vs_background_measured_efficacy,186,Moderate motif evidence
CAGG,motif,cnn53,1,1/1 model families,cnn,23,4,,1 cell line(s),-0.01753769510993572,,0,,,,0,not_applicable (motif effect uses measured-efficacy contrast),0.9958846218844343,0.9999999981280304,ok,Tier 3: Model-specific / exploratory evidence,motif_cnn53_hl60_sequence_cnn_ig_344,CAGG,CAGG,CAGG,-,carrier_vs_background_measured_efficacy,186,Moderate motif evidence
AAGG,motif,cnn33,1,1/1 model families,cnn,6,1,,1 cell line(s),-0.005736219969392886,,0,,,,0,not_applicable (motif effect uses measured-efficacy contrast),0.7216160884684157,0.9999999981280304,ok,Inconclusive,motif_cnn33_hek293t_sequence_cnn_ism_345,AAGG,AAGG,AAGG,-,carrier_vs_background_measured_efficacy,185,Model-specific motif
CCGG,motif,cnn33,1,1/1 model families,cnn,2,1,,1 cell line(s),-0.005266831797170274,,0,,,,0,not_applicable (motif effect uses measured-efficacy contrast),0.09723071739637468,0.30229076119441606,ok,Inconclusive,motif_cnn33_hct116_sequence_cnn_ism_346,CCGG,CCGG,CCGG,-,carrier_vs_background_measured_efficacy,185,Model-specific motif
GAGG,motif,cnn33,1,1/1 model families,cnn,24,4,,1 cell line(s),-0.03455037272910205,,0,,,,0,not_applicable (motif effect uses measured-efficacy contrast),0.0029209226284590056,0.03090524587530819,ok,Tier 3: Model-specific / exploratory evidence,motif_cnn33_hek293t_all_cnn_ig_347,GAGG,GAGG,GAGG,-,carrier_vs_background_measured_efficacy,183,Strong motif evidence
GCCA,motif,cnn53,1,1/1 model families,cnn,1,1,,1 cell line(s),0.0005422411047615316,,0,,,,0,not_applicable (motif effect uses measured-efficacy contrast),0.9487007032649133,0.9999999981280304,ok,Inconclusive,motif_cnn53_hela_sequence_cnn_ism_348,GCCA,GCCA,GCCA,+,carrier_vs_background_measured_efficacy,183,Exploratory motif
GCTGG,motif,cnn73,1,1/1 model families,cnn,12,2,,1 cell line(s),-0.07456771924915598,,0,,,,0,not_applicable (motif effect uses measured-efficacy contrast),0.9999818685649463,0.9999999981280304,ok,Tier 3: Model-specific / exploratory evidence,motif_cnn73_hct116_sequence_cnn_ism_349,GCTGG,GCTGG,GCTGG,-,carrier_vs_background_measured_efficacy,183,Moderate motif evidence
AGGG,motif,cnn53,1,1/1 model families,cnn,2,1,,1 cell line(s),0.0031028862003838475,,0,,,,0,not_applicable (motif effect uses measured-efficacy contrast),0.034221384081866424,0.20595621979545298,ok,Inconclusive,motif_cnn53_hct116_sequence_cnn_ism_350,AGGG,AGGG,AGGG,+,carrier_vs_background_measured_efficacy,182,Model-specific motif
CTGG,motif,cnn73,1,1/1 model families,cnn,6,2,,1 cell line(s),-0.024742153234248693,,0,,,,0,not_applicable (motif effect uses measured-efficacy contrast),0.9999995461087219,0.9999999981280304,ok,Tier 3: Model-specific / exploratory evidence,motif_cnn73_hl60_sequence_cnn_ism_351,CTGG,CTGG,CTGG,-,carrier_vs_background_measured_efficacy,179,Moderate motif evidence
CCGG,motif,cnn33,1,1/1 model families,cnn,2,1,,1 cell line(s),-0.00707924876838939,,0,,,,0,not_applicable (motif effect uses measured-efficacy contrast),0.09723071739637468,0.30229076119441606,ok,Inconclusive,motif_cnn33_hct116_all_cnn_ism_352,CCGG,CCGG,CCGG,-,carrier_vs_background_measured_efficacy,178,Model-specific motif
GAAGG,motif,cnn33,1,1/1 model families,cnn,5,3,,1 cell line(s),0.010075493693421533,,0,,,,0,not_applicable (motif effect uses measured-efficacy contrast),0.038898659398457595,0.22988757266115478,ok,Tier 3: Model-specific / exploratory evidence,motif_cnn33_hct116_all_cnn_ism_353,GAAGG,GAAGG,GAAGG,+,carrier_vs_background_measured_efficacy,177,Moderate motif evidence
CCAGG,motif,cnn33,1,1/1 model families,cnn,4,2,,1 cell line(s),0.0008402604449301299,,0,,,,0,not_applicable (motif effect uses measured-efficacy contrast),0.014051460275336245,0.12456429649487268,ok,Inconclusive,motif_cnn33_hct116_all_cnn_ism_354,CCAGG,CCAGG,CCAGG,+,carrier_vs_background_measured_efficacy,174,Moderate motif evidence
GAGG,motif,cnn53,1,1/1 model families,cnn,24,4,,1 cell line(s),-0.037972782886056905,,0,,,,0,not_applicable (motif effect uses measured-efficacy contrast),0.0029209226284590056,0.03090524587530819,ok,Tier 3: Model-specific / exploratory evidence,motif_cnn53_hek293t_all_cnn_ig_355,GAGG,GAGG,GAGG,-,carrier_vs_background_measured_efficacy,174,Strong motif evidence
GAGG,motif,cnn73,1,1/1 model families,cnn,7,3,,1 cell line(s),0.03391664284394166,,0,,,,0,not_applicable (motif effect uses measured-efficacy contrast),0.0029209226284590056,0.03090524587530819,ok,Tier 3: Model-specific / exploratory evidence,motif_cnn73_hl60_sequence_cnn_ism_356,GAGG,GAGG,GAGG,+,carrier_vs_background_measured_efficacy,173,Strong motif evidence
GCGG,motif,cnn53,1,1/1 model families,cnn,3,1,,1 cell line(s),0.019535308517451444,,0,,,,0,not_applicable (motif effect uses measured-efficacy contrast),0.0512066236046428,0.2469966550341594,ok,Tier 3: Model-specific / exploratory evidence,motif_cnn53_hct116_sequence_cnn_ism_357,GCGG,GCGG,GCGG,+,carrier_vs_background_measured_efficacy,171,Model-specific motif
CTGG,motif,cnn73,1,1/1 model families,cnn,4,1,,1 cell line(s),-0.01434005460818319,,0,,,,0,not_applicable (motif effect uses measured-efficacy contrast),0.9999995461087219,0.9999999981280304,ok,Tier 3: Model-specific / exploratory evidence,motif_cnn73_hl60_all_cnn_ism_358,CTGG,CTGG,CTGG,-,carrier_vs_background_measured_efficacy,170,Model-specific motif
TCCA,motif,cnn53,1,1/1 model families,cnn,1,1,,1 cell line(s),0.02026552708696755,,0,,,,0,not_applicable (motif effect uses measured-efficacy contrast),0.19651921507889097,0.46595181970088245,ok,Inconclusive,motif_cnn53_hela_sequence_cnn_ism_359,TCCA,TCCA,TCCA,+,carrier_vs_background_measured_efficacy,167,Exploratory motif
GAGG,motif,cnn73,1,1/1 model families,cnn,3,1,,1 cell line(s),0.034749968119778124,,0,,,,0,not_applicable (motif effect uses measured-efficacy contrast),0.0029209226284590056,0.03090524587530819,ok,Tier 3: Model-specific / exploratory evidence,motif_cnn73_hl60_all_cnn_ism_360,GAGG,GAGG,GAGG,+,carrier_vs_background_measured_efficacy,167,Model-specific motif
GTGG,motif,cnn33,1,1/1 model families,cnn,22,4,,1 cell line(s),-0.02252307016131247,,0,,,,0,not_applicable (motif effect uses measured-efficacy contrast),0.2010127514868136,0.46595181970088245,ok,Tier 3: Model-specific / exploratory evidence,motif_cnn33_hek293t_sequence_cnn_ig_361,GTGG,GTGG,GTGG,-,carrier_vs_background_measured_efficacy,165,Moderate motif evidence
GTGG,motif,cnn33,1,1/1 model families,cnn,24,4,,1 cell line(s),-0.02252307016131247,,0,,,,0,not_applicable (motif effect uses measured-efficacy contrast),0.2010127514868136,0.46595181970088245,ok,Tier 3: Model-specific / exploratory evidence,motif_cnn33_hek293t_all_cnn_ig_362,GTGG,GTGG,GTGG,-,carrier_vs_background_measured_efficacy,165,Moderate motif evidence
GTGG,motif,cnn33,1,1/1 model families,cnn,22,4,,1 cell line(s),-0.02252307016131247,,0,,,,0,not_applicable (motif effect uses measured-efficacy contrast),0.2010127514868136,0.46595181970088245,ok,Tier 3: Model-specific / exploratory evidence,motif_cnn33_hek293t_sequence_cnn_ig_363,GTGG,GTGG,GTGG,-,carrier_vs_background_measured_efficacy,165,Moderate motif evidence
GTGG,motif,cnn53,1,1/1 model families,cnn,22,4,,1 cell line(s),-0.02252307016131247,,0,,,,0,not_applicable (motif effect uses measured-efficacy contrast),0.2010127514868136,0.46595181970088245,ok,Tier 3: Model-specific / exploratory evidence,motif_cnn53_hek293t_sequence_cnn_ig_364,GTGG,GTGG,GTGG,-,carrier_vs_background_measured_efficacy,165,Moderate motif evidence
GTGG,motif,cnn73,1,1/1 model families,cnn,24,4,,1 cell line(s),-0.02252307016131247,,0,,,,0,not_applicable (motif effect uses measured-efficacy contrast),0.2010127514868136,0.46595181970088245,ok,Tier 3: Model-specific / exploratory evidence,motif_cnn73_hek293t_all_cnn_ig_365,GTGG,GTGG,GTGG,-,carrier_vs_background_measured_efficacy,165,Moderate motif evidence
GTGG,motif,cnn73,1,1/1 model families,cnn,22,4,,1 cell line(s),-0.02252307016131247,,0,,,,0,not_applicable (motif effect uses measured-efficacy contrast),0.2010127514868136,0.46595181970088245,ok,Tier 3: Model-specific / exploratory evidence,motif_cnn73_hek293t_sequence_cnn_ig_366,GTGG,GTGG,GTGG,-,carrier_vs_background_measured_efficacy,165,Moderate motif evidence
GTGG,motif,cnn73,1,1/1 model families,cnn,24,4,,1 cell line(s),-0.02252307016131247,,0,,,,0,not_applicable (motif effect uses measured-efficacy contrast),0.2010127514868136,0.46595181970088245,ok,Tier 3: Model-specific / exploratory evidence,motif_cnn73_hek293t_all_cnn_ig_367,GTGG,GTGG,GTGG,-,carrier_vs_background_measured_efficacy,165,Moderate motif evidence
GTGG,motif,cnn73,1,1/1 model families,cnn,22,4,,1 cell line(s),-0.02252307016131247,,0,,,,0,not_applicable (motif effect uses measured-efficacy contrast),0.2010127514868136,0.46595181970088245,ok,Tier 3: Model-specific / exploratory evidence,motif_cnn73_hek293t_sequence_cnn_ig_368,GTGG,GTGG,GTGG,-,carrier_vs_background_measured_efficacy,165,Moderate motif evidence
ATGG,motif,cnn33,1,1/1 model families,cnn,24,4,,1 cell line(s),-0.0029890596564527694,,0,,,,0,not_applicable (motif effect uses measured-efficacy contrast),0.0766084731168302,0.2590472080651578,ok,Inconclusive,motif_cnn33_hek293t_all_cnn_ig_369,ATGG,ATGG,ATGG,-,carrier_vs_background_measured_efficacy,164,Moderate motif evidence
ATGG,motif,cnn33,1,1/1 model families,cnn,22,4,,1 cell line(s),-0.0029890596564527694,,0,,,,0,not_applicable (motif effect uses measured-efficacy contrast),0.0766084731168302,0.2590472080651578,ok,Inconclusive,motif_cnn33_hek293t_sequence_cnn_ig_370,ATGG,ATGG,ATGG,-,carrier_vs_background_measured_efficacy,164,Moderate motif evidence
AGGG,motif,cnn33,1,1/1 model families,cnn,1,1,,1 cell line(s),0.0827095885801048,,0,,,,0,not_applicable (motif effect uses measured-efficacy contrast),0.034221384081866424,0.20595621979545298,ok,Inconclusive,motif_cnn33_hct116_all_cnn_ism_371,AGGG,AGGG,AGGG,+,carrier_vs_background_measured_efficacy,164,Exploratory motif
GCAGG,motif,cnn33,1,1/1 model families,cnn,8,3,,1 cell line(s),-0.033439907443574945,,0,,,,0,not_applicable (motif effect uses measured-efficacy contrast),0.9995186014131595,0.9999999981280304,ok,Tier 3: Model-specific / exploratory evidence,motif_cnn33_hct116_sequence_cnn_ism_372,GCAGG,GCAGG,GCAGG,-,carrier_vs_background_measured_efficacy,164,Moderate motif evidence
ATGG,motif,cnn33,1,1/1 model families,cnn,24,4,,1 cell line(s),-0.0029890596564527694,,0,,,,0,not_applicable (motif effect uses measured-efficacy contrast),0.0766084731168302,0.2590472080651578,ok,Inconclusive,motif_cnn33_hek293t_all_cnn_ig_373,ATGG,ATGG,ATGG,-,carrier_vs_background_measured_efficacy,164,Moderate motif evidence
ATGG,motif,cnn33,1,1/1 model families,cnn,22,4,,1 cell line(s),-0.0029890596564527694,,0,,,,0,not_applicable (motif effect uses measured-efficacy contrast),0.0766084731168302,0.2590472080651578,ok,Inconclusive,motif_cnn33_hek293t_sequence_cnn_ig_374,ATGG,ATGG,ATGG,-,carrier_vs_background_measured_efficacy,164,Moderate motif evidence
GTGG,motif,cnn53,1,1/1 model families,cnn,24,4,,1 cell line(s),-0.021644570041275096,,0,,,,0,not_applicable (motif effect uses measured-efficacy contrast),0.2010127514868136,0.46595181970088245,ok,Tier 3: Model-specific / exploratory evidence,motif_cnn53_hek293t_all_cnn_ig_375,GTGG,GTGG,GTGG,-,carrier_vs_background_measured_efficacy,164,Moderate motif evidence
ATGG,motif,cnn53,1,1/1 model families,cnn,22,4,,1 cell line(s),-0.0029890596564527694,,0,,,,0,not_applicable (motif effect uses measured-efficacy contrast),0.0766084731168302,0.2590472080651578,ok,Inconclusive,motif_cnn53_hek293t_sequence_cnn_ig_376,ATGG,ATGG,ATGG,-,carrier_vs_background_measured_efficacy,164,Moderate motif evidence
ATGG,motif,cnn53,1,1/1 model families,cnn,24,4,,1 cell line(s),-0.0029890596564527694,,0,,,,0,not_applicable (motif effect uses measured-efficacy contrast),0.0766084731168302,0.2590472080651578,ok,Inconclusive,motif_cnn53_hek293t_all_cnn_ig_377,ATGG,ATGG,ATGG,-,carrier_vs_background_measured_efficacy,164,Moderate motif evidence
GTGG,motif,cnn53,1,1/1 model families,cnn,24,4,,1 cell line(s),-0.022428447069872154,,0,,,,0,not_applicable (motif effect uses measured-efficacy contrast),0.2010127514868136,0.46595181970088245,ok,Tier 3: Model-specific / exploratory evidence,motif_cnn53_hek293t_all_cnn_ig_378,GTGG,GTGG,GTGG,-,carrier_vs_background_measured_efficacy,164,Moderate motif evidence
ATGG,motif,cnn73,1,1/1 model families,cnn,24,4,,1 cell line(s),-0.0029890596564527694,,0,,,,0,not_applicable (motif effect uses measured-efficacy contrast),0.0766084731168302,0.2590472080651578,ok,Inconclusive,motif_cnn73_hek293t_all_cnn_ig_379,ATGG,ATGG,ATGG,-,carrier_vs_background_measured_efficacy,164,Moderate motif evidence
ATGG,motif,cnn73,1,1/1 model families,cnn,22,4,,1 cell line(s),-0.0029890596564527694,,0,,,,0,not_applicable (motif effect uses measured-efficacy contrast),0.0766084731168302,0.2590472080651578,ok,Inconclusive,motif_cnn73_hek293t_sequence_cnn_ig_380,ATGG,ATGG,ATGG,-,carrier_vs_background_measured_efficacy,164,Moderate motif evidence
ATGG,motif,cnn73,1,1/1 model families,cnn,24,4,,1 cell line(s),-0.0029890596564527694,,0,,,,0,not_applicable (motif effect uses measured-efficacy contrast),0.0766084731168302,0.2590472080651578,ok,Inconclusive,motif_cnn73_hek293t_all_cnn_ig_381,ATGG,ATGG,ATGG,-,carrier_vs_background_measured_efficacy,164,Moderate motif evidence
ATGG,motif,cnn73,1,1/1 model families,cnn,22,4,,1 cell line(s),-0.0029890596564527694,,0,,,,0,not_applicable (motif effect uses measured-efficacy contrast),0.0766084731168302,0.2590472080651578,ok,Inconclusive,motif_cnn73_hek293t_sequence_cnn_ig_382,ATGG,ATGG,ATGG,-,carrier_vs_background_measured_efficacy,164,Moderate motif evidence
CCAGG,motif,cnn33,1,1/1 model families,cnn,6,2,,1 cell line(s),-0.005899782886627181,,0,,,,0,not_applicable (motif effect uses measured-efficacy contrast),0.014051460275336245,0.12456429649487268,ok,Inconclusive,motif_cnn33_hct116_sequence_cnn_ism_383,CCAGG,CCAGG,CCAGG,-,carrier_vs_background_measured_efficacy,163,Moderate motif evidence
TGGG,motif,cnn33,1,1/1 model families,cnn,6,1,,1 cell line(s),0.004696383111533947,,0,,,,0,not_applicable (motif effect uses measured-efficacy contrast),0.8727817010220373,0.9999999981280304,ok,Inconclusive,motif_cnn33_hek293t_all_cnn_ig_384,TGGG,TGGG,TGGG,+,carrier_vs_background_measured_efficacy,162,Model-specific motif
TGGG,motif,cnn33,1,1/1 model families,cnn,6,1,,1 cell line(s),0.004696383111533947,,0,,,,0,not_applicable (motif effect uses measured-efficacy contrast),0.8727817010220373,0.9999999981280304,ok,Inconclusive,motif_cnn33_hek293t_sequence_cnn_ig_385,TGGG,TGGG,TGGG,+,carrier_vs_background_measured_efficacy,162,Model-specific motif
TGGG,motif,cnn53,1,1/1 model families,cnn,6,1,,1 cell line(s),0.004696383111533947,,0,,,,0,not_applicable (motif effect uses measured-efficacy contrast),0.8727817010220373,0.9999999981280304,ok,Inconclusive,motif_cnn53_hek293t_all_cnn_ig_386,TGGG,TGGG,TGGG,+,carrier_vs_background_measured_efficacy,162,Model-specific motif
TGGG,motif,cnn73,1,1/1 model families,cnn,6,1,,1 cell line(s),0.004696383111533947,,0,,,,0,not_applicable (motif effect uses measured-efficacy contrast),0.8727817010220373,0.9999999981280304,ok,Inconclusive,motif_cnn73_hek293t_all_cnn_ig_387,TGGG,TGGG,TGGG,+,carrier_vs_background_measured_efficacy,162,Model-specific motif
TGGG,motif,cnn73,1,1/1 model families,cnn,6,1,,1 cell line(s),0.004696383111533947,,0,,,,0,not_applicable (motif effect uses measured-efficacy contrast),0.8727817010220373,0.9999999981280304,ok,Inconclusive,motif_cnn73_hek293t_sequence_cnn_ig_388,TGGG,TGGG,TGGG,+,carrier_vs_background_measured_efficacy,162,Model-specific motif
TGGG,motif,cnn73,1,1/1 model families,cnn,6,1,,1 cell line(s),0.004696383111533947,,0,,,,0,not_applicable (motif effect uses measured-efficacy contrast),0.8727817010220373,0.9999999981280304,ok,Inconclusive,motif_cnn73_hek293t_all_cnn_ig_389,TGGG,TGGG,TGGG,+,carrier_vs_background_measured_efficacy,162,Model-specific motif
TGGG,motif,cnn73,1,1/1 model families,cnn,6,1,,1 cell line(s),0.004696383111533947,,0,,,,0,not_applicable (motif effect uses measured-efficacy contrast),0.8727817010220373,0.9999999981280304,ok,Inconclusive,motif_cnn73_hek293t_sequence_cnn_ig_390,TGGG,TGGG,TGGG,+,carrier_vs_background_measured_efficacy,162,Model-specific motif
TGGG,motif,cnn33,1,1/1 model families,cnn,6,1,,1 cell line(s),0.005174666229428193,,0,,,,0,not_applicable (motif effect uses measured-efficacy contrast),0.8727817010220373,0.9999999981280304,ok,Inconclusive,motif_cnn33_hek293t_sequence_cnn_ig_391,TGGG,TGGG,TGGG,+,carrier_vs_background_measured_efficacy,160,Model-specific motif
GTGG,motif,cnn33,1,1/1 model families,cnn,24,4,,1 cell line(s),0.038710975132225295,,0,,,,0,not_applicable (motif effect uses measured-efficacy contrast),0.2010127514868136,0.46595181970088245,ok,Tier 3: Model-specific / exploratory evidence,motif_cnn33_hl60_all_cnn_ig_392,GTGG,GTGG,GTGG,+,carrier_vs_background_measured_efficacy,160,Moderate motif evidence
GCGG,motif,cnn53,1,1/1 model families,cnn,8,2,,1 cell line(s),0.05498469362788619,,0,,,,0,not_applicable (motif effect uses measured-efficacy contrast),0.0512066236046428,0.2469966550341594,ok,Tier 3: Model-specific / exploratory evidence,motif_cnn53_hl60_sequence_cnn_ig_393,GCGG,GCGG,GCGG,+,carrier_vs_background_measured_efficacy,160,Moderate motif evidence
GCGG,motif,cnn33,1,1/1 model families,cnn,8,1,,1 cell line(s),0.05569779474559183,,0,,,,0,not_applicable (motif effect uses measured-efficacy contrast),0.0512066236046428,0.2469966550341594,ok,Tier 3: Model-specific / exploratory evidence,motif_cnn33_hl60_sequence_cnn_ig_394,GCGG,GCGG,GCGG,+,carrier_vs_background_measured_efficacy,159,Model-specific motif
ATGG,motif,cnn53,1,1/1 model families,cnn,24,4,,1 cell line(s),-0.0029053260972871087,,0,,,,0,not_applicable (motif effect uses measured-efficacy contrast),0.0766084731168302,0.2590472080651578,ok,Inconclusive,motif_cnn53_hek293t_all_cnn_ig_395,ATGG,ATGG,ATGG,-,carrier_vs_background_measured_efficacy,159,Moderate motif evidence
TGGG,motif,cnn53,1,1/1 model families,cnn,6,1,,1 cell line(s),0.004522706024781609,,0,,,,0,not_applicable (motif effect uses measured-efficacy contrast),0.8727817010220373,0.9999999981280304,ok,Inconclusive,motif_cnn53_hek293t_sequence_cnn_ig_396,TGGG,TGGG,TGGG,+,carrier_vs_background_measured_efficacy,159,Model-specific motif
GCGG,motif,cnn53,1,1/1 model families,cnn,6,2,,1 cell line(s),0.05569779474559183,,0,,,,0,not_applicable (motif effect uses measured-efficacy contrast),0.0512066236046428,0.2469966550341594,ok,Tier 3: Model-specific / exploratory evidence,motif_cnn53_hl60_all_cnn_ig_397,GCGG,GCGG,GCGG,+,carrier_vs_background_measured_efficacy,159,Moderate motif evidence
GCGG,motif,cnn53,1,1/1 model families,cnn,8,2,,1 cell line(s),0.05569779474559183,,0,,,,0,not_applicable (motif effect uses measured-efficacy contrast),0.0512066236046428,0.2469966550341594,ok,Tier 3: Model-specific / exploratory evidence,motif_cnn53_hl60_sequence_cnn_ig_398,GCGG,GCGG,GCGG,+,carrier_vs_background_measured_efficacy,159,Moderate motif evidence
GCGG,motif,cnn53,1,1/1 model families,cnn,6,2,,1 cell line(s),0.05569779474559183,,0,,,,0,not_applicable (motif effect uses measured-efficacy contrast),0.0512066236046428,0.2469966550341594,ok,Tier 3: Model-specific / exploratory evidence,motif_cnn53_hl60_all_cnn_ig_399,GCGG,GCGG,GCGG,+,carrier_vs_background_measured_efficacy,159,Moderate motif evidence
GCGG,motif,cnn73,1,1/1 model families,cnn,6,2,,1 cell line(s),0.05569779474559183,,0,,,,0,not_applicable (motif effect uses measured-efficacy contrast),0.0512066236046428,0.2469966550341594,ok,Tier 3: Model-specific / exploratory evidence,motif_cnn73_hl60_all_cnn_ig_400,GCGG,GCGG,GCGG,+,carrier_vs_background_measured_efficacy,159,Moderate motif evidence
GCGG,motif,cnn73,1,1/1 model families,cnn,8,2,,1 cell line(s),0.05569779474559183,,0,,,,0,not_applicable (motif effect uses measured-efficacy contrast),0.0512066236046428,0.2469966550341594,ok,Tier 3: Model-specific / exploratory evidence,motif_cnn73_hl60_sequence_cnn_ig_401,GCGG,GCGG,GCGG,+,carrier_vs_background_measured_efficacy,159,Moderate motif evidence
GCGG,motif,cnn73,1,1/1 model families,cnn,6,2,,1 cell line(s),0.05569779474559183,,0,,,,0,not_applicable (motif effect uses measured-efficacy contrast),0.0512066236046428,0.2469966550341594,ok,Tier 3: Model-specific / exploratory evidence,motif_cnn73_hl60_all_cnn_ig_402,GCGG,GCGG,GCGG,+,carrier_vs_background_measured_efficacy,159,Moderate motif evidence
GCGG,motif,cnn73,1,1/1 model families,cnn,8,2,,1 cell line(s),0.05569779474559183,,0,,,,0,not_applicable (motif effect uses measured-efficacy contrast),0.0512066236046428,0.2469966550341594,ok,Tier 3: Model-specific / exploratory evidence,motif_cnn73_hl60_sequence_cnn_ig_403,GCGG,GCGG,GCGG,+,carrier_vs_background_measured_efficacy,159,Moderate motif evidence
GTGG,motif,cnn33,1,1/1 model families,cnn,24,4,,1 cell line(s),-0.02311913467075169,,0,,,,0,not_applicable (motif effect uses measured-efficacy contrast),0.2010127514868136,0.46595181970088245,ok,Tier 3: Model-specific / exploratory evidence,motif_cnn33_hek293t_all_cnn_ig_404,GTGG,GTGG,GTGG,-,carrier_vs_background_measured_efficacy,158,Moderate motif evidence
GAGG,motif,cnn33,1,1/1 model families,cnn,24,4,,1 cell line(s),0.03899227380025794,,0,,,,0,not_applicable (motif effect uses measured-efficacy contrast),0.0029209226284590056,0.03090524587530819,ok,Tier 3: Model-specific / exploratory evidence,motif_cnn33_hl60_sequence_cnn_ig_405,GAGG,GAGG,GAGG,+,carrier_vs_background_measured_efficacy,158,Strong motif evidence
CCTGG,motif,cnn73,1,1/1 model families,cnn,13,2,,1 cell line(s),-0.06212805774440852,,0,,,,0,not_applicable (motif effect uses measured-efficacy contrast),0.966388835797844,0.9999999981280304,ok,Tier 3: Model-specific / exploratory evidence,motif_cnn73_hct116_sequence_cnn_ism_406,CCTGG,CCTGG,CCTGG,-,carrier_vs_background_measured_efficacy,158,Moderate motif evidence
CTGG,motif,cnn53,1,1/1 model families,cnn,4,2,,1 cell line(s),-0.03923496928655354,,0,,,,0,not_applicable (motif effect uses measured-efficacy contrast),0.9999995461087219,0.9999999981280304,ok,Tier 3: Model-specific / exploratory evidence,motif_cnn53_hl60_all_cnn_ism_407,CTGG,CTGG,CTGG,-,carrier_vs_background_measured_efficacy,157,Moderate motif evidence
ACAGG,motif,cnn33,1,1/1 model families,cnn,6,2,,1 cell line(s),-0.0002479367245394881,,0,,,,0,not_applicable (motif effect uses measured-efficacy contrast),0.9999765334306173,0.9999999981280304,ok,Inconclusive,motif_cnn33_hct116_sequence_cnn_ism_408,ACAGG,ACAGG,ACAGG,-,carrier_vs_background_measured_efficacy,153,Moderate motif evidence
TGGG,motif,cnn53,1,1/1 model families,cnn,6,1,,1 cell line(s),0.004952245401249611,,0,,,,0,not_applicable (motif effect uses measured-efficacy contrast),0.8727817010220373,0.9999999981280304,ok,Inconclusive,motif_cnn53_hek293t_all_cnn_ig_409,TGGG,TGGG,TGGG,+,carrier_vs_background_measured_efficacy,153,Model-specific motif
TGGG,motif,cnn53,1,1/1 model families,cnn,6,1,,1 cell line(s),0.0020389995500923463,,0,,,,0,not_applicable (motif effect uses measured-efficacy contrast),0.8727817010220373,0.9999999981280304,ok,Inconclusive,motif_cnn53_hek293t_sequence_cnn_ig_410,TGGG,TGGG,TGGG,+,carrier_vs_background_measured_efficacy,153,Model-specific motif
CATGG,motif,cnn33,1,1/1 model families,cnn,1,1,,1 cell line(s),0.025310558828083862,,0,,,,0,not_applicable (motif effect uses measured-efficacy contrast),0.186227964323406,0.46595181970088245,ok,Inconclusive,motif_cnn33_hct116_all_cnn_ig_411,CATGG,CATGG,CATGG,+,carrier_vs_background_measured_efficacy,152,Exploratory motif
CCGG,motif,cnn33,1,1/1 model families,cnn,6,3,,1 cell line(s),-0.02394565779680477,,0,,,,0,not_applicable (motif effect uses measured-efficacy contrast),0.09723071739637468,0.30229076119441606,ok,Tier 3: Model-specific / exploratory evidence,motif_cnn33_hct116_all_cnn_ig_412,CCGG,CCGG,CCGG,-,carrier_vs_background_measured_efficacy,151,Moderate motif evidence
ACAG,motif,cnn33,1,1/1 model families,cnn,1,1,,1 cell line(s),-0.0006020114366817597,,0,,,,0,not_applicable (motif effect uses measured-efficacy contrast),0.8267232951494473,0.9999999981280304,ok,Inconclusive,motif_cnn33_hct116_all_cnn_ism_413,ACAG,ACAG,ACAG,-,carrier_vs_background_measured_efficacy,151,Exploratory motif
AGCTG,motif,cnn53,1,1/1 model families,cnn,1,1,,1 cell line(s),-0.08279292997564505,,0,,,,0,not_applicable (motif effect uses measured-efficacy contrast),0.9999999967493322,0.9999999981280304,ok,Inconclusive,motif_cnn53_hela_all_cnn_ism_414,AGCTG,AGCTG,AGCTG,-,carrier_vs_background_measured_efficacy,151,Exploratory motif
AAGG,motif,cnn53,1,1/1 model families,cnn,24,4,,1 cell line(s),0.00190875741728197,,0,,,,0,not_applicable (motif effect uses measured-efficacy contrast),0.7216160884684157,0.9999999981280304,ok,Inconclusive,motif_cnn53_hl60_all_cnn_ig_415,AAGG,AAGG,AAGG,+,carrier_vs_background_measured_efficacy,151,Moderate motif evidence
AAGG,motif,cnn33,1,1/1 model families,cnn,24,4,,1 cell line(s),0.008511987338126026,,0,,,,0,not_applicable (motif effect uses measured-efficacy contrast),0.7216160884684157,0.9999999981280304,ok,Inconclusive,motif_cnn33_hl60_sequence_cnn_ig_416,AAGG,AAGG,AAGG,+,carrier_vs_background_measured_efficacy,147,Moderate motif evidence
GTGG,motif,cnn53,1,1/1 model families,cnn,5,2,,1 cell line(s),0.033755999538498616,,0,,,,0,not_applicable (motif effect uses measured-efficacy contrast),0.2010127514868136,0.46595181970088245,ok,Tier 3: Model-specific / exploratory evidence,motif_cnn53_hl60_all_cnn_ism_417,GTGG,GTGG,GTGG,+,carrier_vs_background_measured_efficacy,144,Moderate motif evidence
GAGG,motif,cnn33,1,1/1 model families,cnn,24,4,,1 cell line(s),0.03686110156598921,,0,,,,0,not_applicable (motif effect uses measured-efficacy contrast),0.0029209226284590056,0.03090524587530819,ok,Tier 3: Model-specific / exploratory evidence,motif_cnn33_hl60_all_cnn_ig_418,GAGG,GAGG,GAGG,+,carrier_vs_background_measured_efficacy,143,Strong motif evidence
GAGG,motif,cnn33,1,1/1 model families,cnn,7,1,,1 cell line(s),-0.03526376450309038,,0,,,,0,not_applicable (motif effect uses measured-efficacy contrast),0.0029209226284590056,0.03090524587530819,ok,Tier 3: Model-specific / exploratory evidence,motif_cnn33_hek293t_sequence_cnn_ism_419,GAGG,GAGG,GAGG,-,carrier_vs_background_measured_efficacy,142,Model-specific motif
CAAG,motif,cnn33,1,1/1 model families,cnn,2,1,,1 cell line(s),-0.002597704676623902,,0,,,,0,not_applicable (motif effect uses measured-efficacy contrast),0.2201826701456434,0.5032746746186135,ok,Inconclusive,motif_cnn33_hela_all_cnn_ism_420,CAAG,CAAG,CAAG,-,carrier_vs_background_measured_efficacy,141,Model-specific motif
TTGG,motif,cnn33,1,1/1 model families,cnn,12,2,,1 cell line(s),-0.06443191338219667,,0,,,,0,not_applicable (motif effect uses measured-efficacy contrast),0.9846074828444094,0.9999999981280304,ok,Tier 3: Model-specific / exploratory evidence,motif_cnn33_hl60_all_cnn_ig_421,TTGG,TTGG,TTGG,-,carrier_vs_background_measured_efficacy,141,Moderate motif evidence
TTGG,motif,cnn33,1,1/1 model families,cnn,10,2,,1 cell line(s),-0.06443191338219667,,0,,,,0,not_applicable (motif effect uses measured-efficacy contrast),0.9846074828444094,0.9999999981280304,ok,Tier 3: Model-specific / exploratory evidence,motif_cnn33_hl60_sequence_cnn_ig_422,TTGG,TTGG,TTGG,-,carrier_vs_background_measured_efficacy,141,Moderate motif evidence
TTGG,motif,cnn33,1,1/1 model families,cnn,12,2,,1 cell line(s),-0.06443191338219667,,0,,,,0,not_applicable (motif effect uses measured-efficacy contrast),0.9846074828444094,0.9999999981280304,ok,Tier 3: Model-specific / exploratory evidence,motif_cnn33_hl60_all_cnn_ig_423,TTGG,TTGG,TTGG,-,carrier_vs_background_measured_efficacy,141,Moderate motif evidence
TTGG,motif,cnn53,1,1/1 model families,cnn,12,2,,1 cell line(s),-0.06443191338219667,,0,,,,0,not_applicable (motif effect uses measured-efficacy contrast),0.9846074828444094,0.9999999981280304,ok,Tier 3: Model-specific / exploratory evidence,motif_cnn53_hl60_all_cnn_ig_424,TTGG,TTGG,TTGG,-,carrier_vs_background_measured_efficacy,141,Moderate motif evidence
TTGG,motif,cnn53,1,1/1 model families,cnn,10,2,,1 cell line(s),-0.06443191338219667,,0,,,,0,not_applicable (motif effect uses measured-efficacy contrast),0.9846074828444094,0.9999999981280304,ok,Tier 3: Model-specific / exploratory evidence,motif_cnn53_hl60_sequence_cnn_ig_425,TTGG,TTGG,TTGG,-,carrier_vs_background_measured_efficacy,141,Moderate motif evidence
TTGG,motif,cnn73,1,1/1 model families,cnn,12,2,,1 cell line(s),-0.06443191338219667,,0,,,,0,not_applicable (motif effect uses measured-efficacy contrast),0.9846074828444094,0.9999999981280304,ok,Tier 3: Model-specific / exploratory evidence,motif_cnn73_hl60_all_cnn_ig_426,TTGG,TTGG,TTGG,-,carrier_vs_background_measured_efficacy,141,Moderate motif evidence
TTGG,motif,cnn73,1,1/1 model families,cnn,10,2,,1 cell line(s),-0.06443191338219667,,0,,,,0,not_applicable (motif effect uses measured-efficacy contrast),0.9846074828444094,0.9999999981280304,ok,Tier 3: Model-specific / exploratory evidence,motif_cnn73_hl60_sequence_cnn_ig_427,TTGG,TTGG,TTGG,-,carrier_vs_background_measured_efficacy,141,Moderate motif evidence
TTGG,motif,cnn73,1,1/1 model families,cnn,12,2,,1 cell line(s),-0.06443191338219667,,0,,,,0,not_applicable (motif effect uses measured-efficacy contrast),0.9846074828444094,0.9999999981280304,ok,Tier 3: Model-specific / exploratory evidence,motif_cnn73_hl60_all_cnn_ig_428,TTGG,TTGG,TTGG,-,carrier_vs_background_measured_efficacy,141,Moderate motif evidence
TTGG,motif,cnn73,1,1/1 model families,cnn,10,2,,1 cell line(s),-0.06443191338219667,,0,,,,0,not_applicable (motif effect uses measured-efficacy contrast),0.9846074828444094,0.9999999981280304,ok,Tier 3: Model-specific / exploratory evidence,motif_cnn73_hl60_sequence_cnn_ig_429,TTGG,TTGG,TTGG,-,carrier_vs_background_measured_efficacy,141,Moderate motif evidence
TTGG,motif,cnn53,1,1/1 model families,cnn,10,2,,1 cell line(s),-0.06464480790443658,,0,,,,0,not_applicable (motif effect uses measured-efficacy contrast),0.9846074828444094,0.9999999981280304,ok,Tier 3: Model-specific / exploratory evidence,motif_cnn53_hl60_sequence_cnn_ig_430,TTGG,TTGG,TTGG,-,carrier_vs_background_measured_efficacy,140,Moderate motif evidence
ATGG,motif,cnn33,1,1/1 model families,cnn,24,4,,1 cell line(s),0.007986760235546092,,0,,,,0,not_applicable (motif effect uses measured-efficacy contrast),0.0766084731168302,0.2590472080651578,ok,Inconclusive,motif_cnn33_hl60_all_cnn_ig_431,ATGG,ATGG,ATGG,+,carrier_vs_background_measured_efficacy,139,Moderate motif evidence
ATGG,motif,cnn33,1,1/1 model families,cnn,22,4,,1 cell line(s),0.007986760235546092,,0,,,,0,not_applicable (motif effect uses measured-efficacy contrast),0.0766084731168302,0.2590472080651578,ok,Inconclusive,motif_cnn33_hl60_sequence_cnn_ig_432,ATGG,ATGG,ATGG,+,carrier_vs_background_measured_efficacy,139,Moderate motif evidence
CATGG,motif,cnn33,1,1/1 model families,cnn,4,3,,1 cell line(s),0.04883726859773124,,0,,,,0,not_applicable (motif effect uses measured-efficacy contrast),0.186227964323406,0.46595181970088245,ok,Tier 3: Model-specific / exploratory evidence,motif_cnn33_hct116_all_cnn_ism_433,CATGG,CATGG,CATGG,+,carrier_vs_background_measured_efficacy,139,Moderate motif evidence
ATGG,motif,cnn33,1,1/1 model families,cnn,24,4,,1 cell line(s),0.007986760235546092,,0,,,,0,not_applicable (motif effect uses measured-efficacy contrast),0.0766084731168302,0.2590472080651578,ok,Inconclusive,motif_cnn33_hl60_all_cnn_ig_434,ATGG,ATGG,ATGG,+,carrier_vs_background_measured_efficacy,139,Moderate motif evidence
ATGG,motif,cnn53,1,1/1 model families,cnn,24,4,,1 cell line(s),0.007986760235546092,,0,,,,0,not_applicable (motif effect uses measured-efficacy contrast),0.0766084731168302,0.2590472080651578,ok,Inconclusive,motif_cnn53_hl60_all_cnn_ig_435,ATGG,ATGG,ATGG,+,carrier_vs_background_measured_efficacy,139,Moderate motif evidence
ATGG,motif,cnn53,1,1/1 model families,cnn,22,4,,1 cell line(s),0.007986760235546092,,0,,,,0,not_applicable (motif effect uses measured-efficacy contrast),0.0766084731168302,0.2590472080651578,ok,Inconclusive,motif_cnn53_hl60_sequence_cnn_ig_436,ATGG,ATGG,ATGG,+,carrier_vs_background_measured_efficacy,139,Moderate motif evidence
ATGG,motif,cnn73,1,1/1 model families,cnn,24,4,,1 cell line(s),0.007986760235546092,,0,,,,0,not_applicable (motif effect uses measured-efficacy contrast),0.0766084731168302,0.2590472080651578,ok,Inconclusive,motif_cnn73_hl60_all_cnn_ig_437,ATGG,ATGG,ATGG,+,carrier_vs_background_measured_efficacy,139,Moderate motif evidence
ATGG,motif,cnn73,1,1/1 model families,cnn,22,4,,1 cell line(s),0.007986760235546092,,0,,,,0,not_applicable (motif effect uses measured-efficacy contrast),0.0766084731168302,0.2590472080651578,ok,Inconclusive,motif_cnn73_hl60_sequence_cnn_ig_438,ATGG,ATGG,ATGG,+,carrier_vs_background_measured_efficacy,139,Moderate motif evidence
ATGG,motif,cnn73,1,1/1 model families,cnn,24,4,,1 cell line(s),0.007986760235546092,,0,,,,0,not_applicable (motif effect uses measured-efficacy contrast),0.0766084731168302,0.2590472080651578,ok,Inconclusive,motif_cnn73_hl60_all_cnn_ig_439,ATGG,ATGG,ATGG,+,carrier_vs_background_measured_efficacy,139,Moderate motif evidence
ATGG,motif,cnn73,1,1/1 model families,cnn,22,4,,1 cell line(s),0.007986760235546092,,0,,,,0,not_applicable (motif effect uses measured-efficacy contrast),0.0766084731168302,0.2590472080651578,ok,Inconclusive,motif_cnn73_hl60_sequence_cnn_ig_440,ATGG,ATGG,ATGG,+,carrier_vs_background_measured_efficacy,139,Moderate motif evidence
TTGG,motif,cnn53,1,1/1 model families,cnn,12,2,,1 cell line(s),-0.0674046408892087,,0,,,,0,not_applicable (motif effect uses measured-efficacy contrast),0.9846074828444094,0.9999999981280304,ok,Tier 3: Model-specific / exploratory evidence,motif_cnn53_hl60_all_cnn_ig_441,TTGG,TTGG,TTGG,-,carrier_vs_background_measured_efficacy,137,Moderate motif evidence
AAGG,motif,cnn53,1,1/1 model families,cnn,24,4,,1 cell line(s),0.0020879520909222737,,0,,,,0,not_applicable (motif effect uses measured-efficacy contrast),0.7216160884684157,0.9999999981280304,ok,Inconclusive,motif_cnn53_hl60_sequence_cnn_ig_442,AAGG,AAGG,AAGG,+,carrier_vs_background_measured_efficacy,137,Moderate motif evidence
CCCA,motif,cnn53,1,1/1 model families,cnn,1,1,,1 cell line(s),0.0486653483546714,,0,,,,0,not_applicable (motif effect uses measured-efficacy contrast),0.004731860871011904,0.047755395867443214,ok,Tier 3: Model-specific / exploratory evidence,motif_cnn53_hela_sequence_cnn_ism_443,CCCA,CCCA,CCCA,+,carrier_vs_background_measured_efficacy,136,Exploratory motif
GCAG,motif,cnn53,1,1/1 model families,cnn,1,1,,1 cell line(s),-0.040365643942653184,,0,,,,0,not_applicable (motif effect uses measured-efficacy contrast),0.9981573260254025,0.9999999981280304,ok,Inconclusive,motif_cnn53_hela_all_cnn_ism_444,GCAG,GCAG,GCAG,-,carrier_vs_background_measured_efficacy,136,Exploratory motif
ATGG,motif,cnn53,1,1/1 model families,cnn,22,4,,1 cell line(s),0.0026615764970434053,,0,,,,0,not_applicable (motif effect uses measured-efficacy contrast),0.0766084731168302,0.2590472080651578,ok,Inconclusive,motif_cnn53_hl60_sequence_cnn_ig_445,ATGG,ATGG,ATGG,+,carrier_vs_background_measured_efficacy,136,Moderate motif evidence
ACCA,motif,cnn53,1,1/1 model families,cnn,1,1,,1 cell line(s),-0.0073449606920046595,,0,,,,0,not_applicable (motif effect uses measured-efficacy contrast),0.009631637448639353,0.08775491897649189,ok,Inconclusive,motif_cnn53_hela_sequence_cnn_ism_446,ACCA,ACCA,ACCA,-,carrier_vs_background_measured_efficacy,135,Exploratory motif
AGCT,motif,cnn33,1,1/1 model families,cnn,2,1,,1 cell line(s),-0.08776585349232471,,0,,,,0,not_applicable (motif effect uses measured-efficacy contrast),0.9965291823458575,0.9999999981280304,ok,Tier 3: Model-specific / exploratory evidence,motif_cnn33_hct116_all_cnn_ism_447,AGCT,AGCT,AGCT,-,carrier_vs_background_measured_efficacy,134,Model-specific motif
ACTGG,motif,cnn33,1,1/1 model families,cnn,11,3,,1 cell line(s),-0.012507607391603531,,0,,,,0,not_applicable (motif effect uses measured-efficacy contrast),0.9896377913189666,0.9999999981280304,ok,Tier 3: Model-specific / exploratory evidence,motif_cnn33_hct116_sequence_cnn_ism_448,ACTGG,ACTGG,ACTGG,-,carrier_vs_background_measured_efficacy,134,Moderate motif evidence
AAAG,motif,cnn33,1,1/1 model families,cnn,1,1,,1 cell line(s),-0.05673157380494909,,0,,,,0,not_applicable (motif effect uses measured-efficacy contrast),0.9993398684145288,0.9999999981280304,ok,Inconclusive,motif_cnn33_hct116_sequence_cnn_ism_449,AAAG,AAAG,AAAG,-,carrier_vs_background_measured_efficacy,133,Exploratory motif
GCGG,motif,cnn73,1,1/1 model families,cnn,2,1,,1 cell line(s),0.05874643024465345,,0,,,,0,not_applicable (motif effect uses measured-efficacy contrast),0.0512066236046428,0.2469966550341594,ok,Tier 3: Model-specific / exploratory evidence,motif_cnn73_hl60_all_cnn_ism_450,GCGG,GCGG,GCGG,+,carrier_vs_background_measured_efficacy,133,Model-specific motif
GCGG,motif,cnn73,1,1/1 model families,cnn,3,1,,1 cell line(s),0.0559435145976214,,0,,,,0,not_applicable (motif effect uses measured-efficacy contrast),0.0512066236046428,0.2469966550341594,ok,Tier 3: Model-specific / exploratory evidence,motif_cnn73_hl60_sequence_cnn_ism_451,GCGG,GCGG,GCGG,+,carrier_vs_background_measured_efficacy,132,Model-specific motif
ATGG,motif,cnn53,1,1/1 model families,cnn,24,4,,1 cell line(s),0.010285085340991373,,0,,,,0,not_applicable (motif effect uses measured-efficacy contrast),0.0766084731168302,0.2590472080651578,ok,Tier 3: Model-specific / exploratory evidence,motif_cnn53_hl60_all_cnn_ig_452,ATGG,ATGG,ATGG,+,carrier_vs_background_measured_efficacy,130,Moderate motif evidence
CAAA,motif,cnn73,1,1/1 model families,cnn,1,1,,1 cell line(s),-0.01358578795221671,,0,,,,0,not_applicable (motif effect uses measured-efficacy contrast),0.999767195354819,0.9999999981280304,ok,Inconclusive,motif_cnn73_hela_all_cnn_ism_453,CAAA,CAAA,CAAA,-,carrier_vs_background_measured_efficacy,129,Exploratory motif
GCCA,motif,cnn53,1,1/1 model families,cnn,6,2,,1 cell line(s),0.032967286133123386,,0,,,,0,not_applicable (motif effect uses measured-efficacy contrast),0.9487007032649133,0.9999999981280304,ok,Tier 3: Model-specific / exploratory evidence,motif_cnn53_hela_all_cnn_ism_454,GCCA,GCCA,GCCA,+,carrier_vs_background_measured_efficacy,128,Moderate motif evidence
GCCA,motif,cnn73,1,1/1 model families,cnn,6,2,,1 cell line(s),0.032967286133123386,,0,,,,0,not_applicable (motif effect uses measured-efficacy contrast),0.9487007032649133,0.9999999981280304,ok,Tier 3: Model-specific / exploratory evidence,motif_cnn73_hela_all_cnn_ism_455,GCCA,GCCA,GCCA,+,carrier_vs_background_measured_efficacy,128,Moderate motif evidence
AGGG,motif,cnn53,1,1/1 model families,cnn,11,3,,1 cell line(s),-0.03031035509974872,,0,,,,0,not_applicable (motif effect uses measured-efficacy contrast),0.034221384081866424,0.20595621979545298,ok,Tier 3: Model-specific / exploratory evidence,motif_cnn53_hek293t_sequence_cnn_ig_456,AGGG,AGGG,AGGG,-,carrier_vs_background_measured_efficacy,127,Moderate motif evidence
TGGG,motif,cnn33,1,1/1 model families,cnn,2,1,,1 cell line(s),-0.002359738808796169,,0,,,,0,not_applicable (motif effect uses measured-efficacy contrast),0.8727817010220373,0.9999999981280304,ok,Inconclusive,motif_cnn33_hek293t_sequence_cnn_ism_457,TGGG,TGGG,TGGG,-,carrier_vs_background_measured_efficacy,126,Model-specific motif
GCGG,motif,cnn33,1,1/1 model families,cnn,8,1,,1 cell line(s),0.06125767517213876,,0,,,,0,not_applicable (motif effect uses measured-efficacy contrast),0.0512066236046428,0.2469966550341594,ok,Tier 3: Model-specific / exploratory evidence,motif_cnn33_hl60_sequence_cnn_ig_458,GCGG,GCGG,GCGG,+,carrier_vs_background_measured_efficacy,126,Model-specific motif
GTGG,motif,cnn73,1,1/1 model families,cnn,5,1,,1 cell line(s),0.045525508777000234,,0,,,,0,not_applicable (motif effect uses measured-efficacy contrast),0.2010127514868136,0.46595181970088245,ok,Tier 3: Model-specific / exploratory evidence,motif_cnn73_hl60_all_cnn_ism_459,GTGG,GTGG,GTGG,+,carrier_vs_background_measured_efficacy,126,Model-specific motif
CCGG,motif,cnn33,1,1/1 model families,cnn,6,3,,1 cell line(s),-0.01272639239491638,,0,,,,0,not_applicable (motif effect uses measured-efficacy contrast),0.09723071739637468,0.30229076119441606,ok,Tier 3: Model-specific / exploratory evidence,motif_cnn33_hl60_all_cnn_ig_460,CCGG,CCGG,CCGG,-,carrier_vs_background_measured_efficacy,125,Moderate motif evidence
CCGG,motif,cnn33,1,1/1 model families,cnn,6,3,,1 cell line(s),-0.01272639239491638,,0,,,,0,not_applicable (motif effect uses measured-efficacy contrast),0.09723071739637468,0.30229076119441606,ok,Tier 3: Model-specific / exploratory evidence,motif_cnn33_hl60_all_cnn_ig_461,CCGG,CCGG,CCGG,-,carrier_vs_background_measured_efficacy,125,Moderate motif evidence
CCGG,motif,cnn33,1,1/1 model families,cnn,4,3,,1 cell line(s),-0.01272639239491638,,0,,,,0,not_applicable (motif effect uses measured-efficacy contrast),0.09723071739637468,0.30229076119441606,ok,Tier 3: Model-specific / exploratory evidence,motif_cnn33_hl60_sequence_cnn_ig_462,CCGG,CCGG,CCGG,-,carrier_vs_background_measured_efficacy,125,Moderate motif evidence
CAGG,motif,cnn73,1,1/1 model families,cnn,5,3,,1 cell line(s),-0.0032694606635671475,,0,,,,0,not_applicable (motif effect uses measured-efficacy contrast),0.9958846218844343,0.9999999981280304,ok,Inconclusive,motif_cnn73_hl60_sequence_cnn_ism_463,CAGG,CAGG,CAGG,-,carrier_vs_background_measured_efficacy,122,Moderate motif evidence
CCAG,motif,cnn53,1,1/1 model families,cnn,1,1,,1 cell line(s),0.017675516316467188,,0,,,,0,not_applicable (motif effect uses measured-efficacy contrast),0.006704937511188862,0.06468292657852785,ok,Inconclusive,motif_cnn53_hela_all_cnn_ism_464,CCAG,CCAG,CCAG,+,carrier_vs_background_measured_efficacy,119,Exploratory motif
TGAA,motif,cnn53,1,1/1 model families,cnn,1,1,,1 cell line(s),-0.07442244894217306,,0,,,,0,not_applicable (motif effect uses measured-efficacy contrast),0.41209091196659536,0.8805590822478389,ok,Inconclusive,motif_cnn53_hela_all_cnn_ism_465,TGAA,TGAA,TGAA,-,carrier_vs_background_measured_efficacy,115,Exploratory motif
TGAA,motif,cnn53,1,1/1 model families,cnn,1,1,,1 cell line(s),-0.07442244894217306,,0,,,,0,not_applicable (motif effect uses measured-efficacy contrast),0.41209091196659536,0.8805590822478389,ok,Inconclusive,motif_cnn53_hela_sequence_cnn_ism_466,TGAA,TGAA,TGAA,-,carrier_vs_background_measured_efficacy,115,Exploratory motif
AGCAGG,motif,cnn33,1,1/1 model families,cnn,3,1,,1 cell line(s),-0.06952796800170388,,0,,,,0,not_applicable (motif effect uses measured-efficacy contrast),0.9999955954540828,0.9999999981280304,ok,Tier 3: Model-specific / exploratory evidence,motif_cnn33_hct116_all_cnn_ism_467,AGCAGG,AGCAGG,AGCAGG,-,carrier_vs_background_measured_efficacy,114,Model-specific motif
TTGG,motif,cnn73,1,1/1 model families,cnn,2,1,,1 cell line(s),-0.06054729718112406,,0,,,,0,not_applicable (motif effect uses measured-efficacy contrast),0.9846074828444094,0.9999999981280304,ok,Tier 3: Model-specific / exploratory evidence,motif_cnn73_hl60_sequence_cnn_ism_468,TTGG,TTGG,TTGG,-,carrier_vs_background_measured_efficacy,114,Model-specific motif
ATGG,motif,cnn73,1,1/1 model families,cnn,3,2,,1 cell line(s),0.008988210485080611,,0,,,,0,not_applicable (motif effect uses measured-efficacy contrast),0.0766084731168302,0.2590472080651578,ok,Inconclusive,motif_cnn73_hl60_sequence_cnn_ism_469,ATGG,ATGG,ATGG,+,carrier_vs_background_measured_efficacy,113,Moderate motif evidence
CACA,motif,cnn53,1,1/1 model families,cnn,6,2,,1 cell line(s),0.057548895725725135,,0,,,,0,not_applicable (motif effect uses measured-efficacy contrast),0.32573779979974976,0.7052277117776761,ok,Tier 3: Model-specific / exploratory evidence,motif_cnn53_hela_all_cnn_ism_470,CACA,CACA,CACA,+,carrier_vs_background_measured_efficacy,112,Moderate motif evidence
GAAA,motif,cnn73,1,1/1 model families,cnn,1,1,,1 cell line(s),-0.0783788684882687,,0,,,,0,not_applicable (motif effect uses measured-efficacy contrast),0.9917978267200008,0.9999999981280304,ok,Inconclusive,motif_cnn73_hela_all_cnn_ism_471,GAAA,GAAA,GAAA,-,carrier_vs_background_measured_efficacy,111,Exploratory motif
GGAA,motif,cnn53,1,1/1 model families,cnn,2,1,,1 cell line(s),-0.07261329585151924,,0,,,,0,not_applicable (motif effect uses measured-efficacy contrast),0.803282508144628,0.9999999981280304,ok,Tier 3: Model-specific / exploratory evidence,motif_cnn53_hela_all_cnn_ism_472,GGAA,GGAA,GGAA,-,carrier_vs_background_measured_efficacy,110,Model-specific motif
GGAA,motif,cnn53,1,1/1 model families,cnn,1,1,,1 cell line(s),-0.07261329585151924,,0,,,,0,not_applicable (motif effect uses measured-efficacy contrast),0.803282508144628,0.9999999981280304,ok,Inconclusive,motif_cnn53_hela_sequence_cnn_ism_473,GGAA,GGAA,GGAA,-,carrier_vs_background_measured_efficacy,110,Exploratory motif
CACA,motif,cnn73,1,1/1 model families,cnn,6,2,,1 cell line(s),0.06023447459753378,,0,,,,0,not_applicable (motif effect uses measured-efficacy contrast),0.32573779979974976,0.7052277117776761,ok,Tier 3: Model-specific / exploratory evidence,motif_cnn73_hela_all_cnn_ism_474,CACA,CACA,CACA,+,carrier_vs_background_measured_efficacy,109,Moderate motif evidence
(G/T)(A/C/G/T)(A/C/G/T)(A/C/G)(A/C/G)CATGG,motif,cnn33,1,1/1 model families,cnn,1,1,,1 cell line(s),0.02464212166853258,,0,,,,0,not_applicable (motif effect uses measured-efficacy contrast),0.03110336357332466,0.20595621979545298,ok,Inconclusive,motif_cnn33_hela_sequence_cnn_ism_475,KNNVVCATGG,(G/T)(A/C/G/T)(A/C/G/T)(A/C/G)(A/C/G)CATGG,[GT][ACGT][ACGT][ACG][ACG]CATGG,+,carrier_vs_background_measured_efficacy,106,Exploratory motif
ATGG,motif,cnn53,1,1/1 model families,cnn,5,2,,1 cell line(s),-0.0006408400404654402,,0,,,,0,not_applicable (motif effect uses measured-efficacy contrast),0.0766084731168302,0.2590472080651578,ok,Inconclusive,motif_cnn53_hl60_all_cnn_ism_476,ATGG,ATGG,ATGG,-,carrier_vs_background_measured_efficacy,106,Moderate motif evidence
ATGG,motif,cnn73,1,1/1 model families,cnn,5,1,,1 cell line(s),0.010558336794427636,,0,,,,0,not_applicable (motif effect uses measured-efficacy contrast),0.0766084731168302,0.2590472080651578,ok,Tier 3: Model-specific / exploratory evidence,motif_cnn73_hl60_all_cnn_ism_477,ATGG,ATGG,ATGG,+,carrier_vs_background_measured_efficacy,106,Model-specific motif
CAGG,motif,cnn73,1,1/1 model families,cnn,2,1,,1 cell line(s),-0.006671784941892495,,0,,,,0,not_applicable (motif effect uses measured-efficacy contrast),0.9958846218844343,0.9999999981280304,ok,Inconclusive,motif_cnn73_hl60_all_cnn_ism_478,CAGG,CAGG,CAGG,-,carrier_vs_background_measured_efficacy,106,Model-specific motif
TCCA,motif,cnn73,1,1/1 model families,cnn,5,2,,1 cell line(s),0.07039487036378472,,0,,,,0,not_applicable (motif effect uses measured-efficacy contrast),0.19651921507889097,0.46595181970088245,ok,Tier 3: Model-specific / exploratory evidence,motif_cnn73_hela_all_cnn_ism_479,TCCA,TCCA,TCCA,+,carrier_vs_background_measured_efficacy,104,Moderate motif evidence
TTGG,motif,cnn53,1,1/1 model families,cnn,1,1,,1 cell line(s),-0.07511596720900768,,0,,,,0,not_applicable (motif effect uses measured-efficacy contrast),0.9846074828444094,0.9999999981280304,ok,Inconclusive,motif_cnn53_hl60_all_cnn_ism_480,TTGG,TTGG,TTGG,-,carrier_vs_background_measured_efficacy,103,Exploratory motif
CAAAG,motif,cnn73,1,1/1 model families,cnn,3,1,,1 cell line(s),-0.013168480401867133,,0,,,,0,not_applicable (motif effect uses measured-efficacy contrast),0.9792188369463073,0.9999999981280304,ok,Tier 3: Model-specific / exploratory evidence,motif_cnn73_hela_all_cnn_ism_481,CAAAG,CAAAG,CAAAG,-,carrier_vs_background_measured_efficacy,103,Model-specific motif
CAAC,motif,cnn33,1,1/1 model families,cnn,2,1,,1 cell line(s),-0.07573807544907749,,0,,,,0,not_applicable (motif effect uses measured-efficacy contrast),0.990785965597747,0.9999999981280304,ok,Tier 3: Model-specific / exploratory evidence,motif_cnn33_hela_all_cnn_ism_482,CAAC,CAAC,CAAC,-,carrier_vs_background_measured_efficacy,102,Model-specific motif
GAAGA,motif,cnn33,1,1/1 model families,cnn,3,2,,1 cell line(s),-0.04681875944197278,,0,,,,0,not_applicable (motif effect uses measured-efficacy contrast),0.7913641206950434,0.9999999981280304,ok,Tier 3: Model-specific / exploratory evidence,motif_cnn33_hela_all_cnn_ism_483,GAAGA,GAAGA,GAAGA,-,carrier_vs_background_measured_efficacy,102,Moderate motif evidence
GCCA,motif,cnn53,1,1/1 model families,cnn,6,2,,1 cell line(s),-0.0037641060496902967,,0,,,,0,not_applicable (motif effect uses measured-efficacy contrast),0.9487007032649133,0.9999999981280304,ok,Inconclusive,motif_cnn53_hct116_all_cnn_ism_484,GCCA,GCCA,GCCA,-,carrier_vs_background_measured_efficacy,102,Moderate motif evidence
GAAAG,motif,cnn73,1,1/1 model families,cnn,4,1,,1 cell line(s),-0.05613808235342849,,0,,,,0,not_applicable (motif effect uses measured-efficacy contrast),0.9878603017591212,0.9999999981280304,ok,Tier 3: Model-specific / exploratory evidence,motif_cnn73_hela_all_cnn_ism_485,GAAAG,GAAAG,GAAAG,-,carrier_vs_background_measured_efficacy,101,Model-specific motif
TGGG,motif,cnn33,1,1/1 model families,cnn,6,1,,1 cell line(s),-0.0026643775062187847,,0,,,,0,not_applicable (motif effect uses measured-efficacy contrast),0.8727817010220373,0.9999999981280304,ok,Inconclusive,motif_cnn33_hek293t_all_cnn_ig_486,TGGG,TGGG,TGGG,-,carrier_vs_background_measured_efficacy,100,Model-specific motif
TCCA,motif,cnn53,1,1/1 model families,cnn,5,2,,1 cell line(s),-0.01071461058685444,,0,,,,0,not_applicable (motif effect uses measured-efficacy contrast),0.19651921507889097,0.46595181970088245,ok,Tier 3: Model-specific / exploratory evidence,motif_cnn53_hct116_all_cnn_ism_487,TCCA,TCCA,TCCA,-,carrier_vs_background_measured_efficacy,99,Moderate motif evidence
GAGG,motif,cnn73,1,1/1 model families,cnn,7,3,,1 cell line(s),0.011136797061483628,,0,,,,0,not_applicable (motif effect uses measured-efficacy contrast),0.0029209226284590056,0.03090524587530819,ok,Tier 3: Model-specific / exploratory evidence,motif_cnn73_hela_sequence_cnn_ism_488,GAGG,GAGG,GAGG,+,carrier_vs_background_measured_efficacy,99,Strong motif evidence
CACA,motif,cnn53,1,1/1 model families,cnn,6,2,,1 cell line(s),0.06516423515738645,,0,,,,0,not_applicable (motif effect uses measured-efficacy contrast),0.32573779979974976,0.7052277117776761,ok,Tier 3: Model-specific / exploratory evidence,motif_cnn53_hela_all_cnn_ism_489,CACA,CACA,CACA,+,carrier_vs_background_measured_efficacy,97,Moderate motif evidence
GGAA,motif,cnn73,1,1/1 model families,cnn,2,1,,1 cell line(s),-0.0019252256529680989,,0,,,,0,not_applicable (motif effect uses measured-efficacy contrast),0.803282508144628,0.9999999981280304,ok,Inconclusive,motif_cnn73_hela_all_cnn_ism_490,GGAA,GGAA,GGAA,-,carrier_vs_background_measured_efficacy,97,Model-specific motif
AAGG,motif,cnn73,1,1/1 model families,cnn,6,3,,1 cell line(s),-0.0012728226439916168,,0,,,,0,not_applicable (motif effect uses measured-efficacy contrast),0.7216160884684157,0.9999999981280304,ok,Inconclusive,motif_cnn73_hl60_sequence_cnn_ism_491,AAGG,AAGG,AAGG,-,carrier_vs_background_measured_efficacy,97,Moderate motif evidence
GCCA,motif,cnn53,1,1/1 model families,cnn,6,2,,1 cell line(s),0.03301442909990604,,0,,,,0,not_applicable (motif effect uses measured-efficacy contrast),0.9487007032649133,0.9999999981280304,ok,Tier 3: Model-specific / exploratory evidence,motif_cnn53_hela_all_cnn_ism_492,GCCA,GCCA,GCCA,+,carrier_vs_background_measured_efficacy,95,Moderate motif evidence
AGAA,motif,cnn53,1,1/1 model families,cnn,1,1,,1 cell line(s),-0.0727684545806137,,0,,,,0,not_applicable (motif effect uses measured-efficacy contrast),0.9917123196385318,0.9999999981280304,ok,Inconclusive,motif_cnn53_hela_sequence_cnn_ism_493,AGAA,AGAA,AGAA,-,carrier_vs_background_measured_efficacy,95,Exploratory motif
CCAA,motif,cnn53,1,1/1 model families,cnn,1,1,,1 cell line(s),-0.070626017513013,,0,,,,0,not_applicable (motif effect uses measured-efficacy contrast),0.4738848611531257,0.9952373413770256,ok,Inconclusive,motif_cnn53_hela_sequence_cnn_ism_494,CCAA,CCAA,CCAA,-,carrier_vs_background_measured_efficacy,95,Exploratory motif
AAAG,motif,cnn33,1,1/1 model families,cnn,1,1,,1 cell line(s),-0.038482396704889954,,0,,,,0,not_applicable (motif effect uses measured-efficacy contrast),0.9993398684145288,0.9999999981280304,ok,Inconclusive,motif_cnn33_hela_all_cnn_ism_495,AAAG,AAAG,AAAG,-,carrier_vs_background_measured_efficacy,94,Exploratory motif
GCCG,motif,cnn53,1,1/1 model families,cnn,1,1,,1 cell line(s),0.06855662903557697,,0,,,,0,not_applicable (motif effect uses measured-efficacy contrast),0.29849831502868635,0.6660370566626471,ok,Inconclusive,motif_cnn53_hela_sequence_cnn_ism_496,GCCG,GCCG,GCCG,+,carrier_vs_background_measured_efficacy,94,Exploratory motif
CACA,motif,cnn53,1,1/1 model families,cnn,6,2,,1 cell line(s),0.04784038735120527,,0,,,,0,not_applicable (motif effect uses measured-efficacy contrast),0.32573779979974976,0.7052277117776761,ok,Tier 3: Model-specific / exploratory evidence,motif_cnn53_hct116_all_cnn_ism_497,CACA,CACA,CACA,+,carrier_vs_background_measured_efficacy,94,Moderate motif evidence
CACAG,motif,cnn53,1,1/1 model families,cnn,5,1,,1 cell line(s),0.04784038735120527,,0,,,,0,not_applicable (motif effect uses measured-efficacy contrast),0.08044951290609301,0.27064041264818983,ok,Tier 3: Model-specific / exploratory evidence,motif_cnn53_hct116_all_cnn_ism_498,CACAG,CACAG,CACAG,+,carrier_vs_background_measured_efficacy,94,Model-specific motif
CACC,motif,cnn53,1,1/1 model families,cnn,1,1,,1 cell line(s),0.08861819457665265,,0,,,,0,not_applicable (motif effect uses measured-efficacy contrast),0.04828967314562333,0.2469966550341594,ok,Inconclusive,motif_cnn53_hela_all_cnn_ism_499,CACC,CACC,CACC,+,carrier_vs_background_measured_efficacy,92,Exploratory motif
CCCG,motif,cnn53,1,1/1 model families,cnn,1,1,,1 cell line(s),0.04265291702015439,,0,,,,0,not_applicable (motif effect uses measured-efficacy contrast),0.31416581898757184,0.6986195839181258,ok,Inconclusive,motif_cnn53_hela_sequence_cnn_ism_500,CCCG,CCCG,CCCG,+,carrier_vs_background_measured_efficacy,92,Exploratory motif
GAGG,motif,cnn53,1,1/1 model families,cnn,3,1,,1 cell line(s),0.018834028085541937,,0,,,,0,not_applicable (motif effect uses measured-efficacy contrast),0.0029209226284590056,0.03090524587530819,ok,Tier 3: Model-specific / exploratory evidence,motif_cnn53_hl60_all_cnn_ism_501,GAGG,GAGG,GAGG,+,carrier_vs_background_measured_efficacy,91,Model-specific motif
CACAGG,motif,cnn73,1,1/1 model families,cnn,4,1,,1 cell line(s),0.04492897803078166,,0,,,,0,not_applicable (motif effect uses measured-efficacy contrast),0.20841848872247895,0.4814173542322049,ok,Tier 3: Model-specific / exploratory evidence,motif_cnn73_hct116_sequence_cnn_ism_502,CACAGG,CACAGG,CACAGG,+,carrier_vs_background_measured_efficacy,91,Model-specific motif
GCTGG,motif,cnn33,1,1/1 model families,cnn,12,3,,1 cell line(s),0.027500473547870663,,0,,,,0,not_applicable (motif effect uses measured-efficacy contrast),0.9999818685649463,0.9999999981280304,ok,Tier 3: Model-specific / exploratory evidence,motif_cnn33_hek293t_sequence_cnn_ism_503,GCTGG,GCTGG,GCTGG,+,carrier_vs_background_measured_efficacy,90,Moderate motif evidence
AGCC,motif,cnn53,1,1/1 model families,cnn,1,1,,1 cell line(s),0.03898520249155446,,0,,,,0,not_applicable (motif effect uses measured-efficacy contrast),0.6183512387367479,0.9999999981280304,ok,Inconclusive,motif_cnn53_hela_all_cnn_ism_504,AGCC,AGCC,AGCC,+,carrier_vs_background_measured_efficacy,90,Exploratory motif
GCGG,motif,cnn53,1,1/1 model families,cnn,2,1,,1 cell line(s),0.04958911937904245,,0,,,,0,not_applicable (motif effect uses measured-efficacy contrast),0.0512066236046428,0.2469966550341594,ok,Tier 3: Model-specific / exploratory evidence,motif_cnn53_hl60_all_cnn_ism_505,GCGG,GCGG,GCGG,+,carrier_vs_background_measured_efficacy,90,Model-specific motif
AAGG,motif,cnn53,1,1/1 model families,cnn,3,1,,1 cell line(s),-0.005210946267542954,,0,,,,0,not_applicable (motif effect uses measured-efficacy contrast),0.7216160884684157,0.9999999981280304,ok,Inconclusive,motif_cnn53_hl60_all_cnn_ism_506,AAGG,AAGG,AAGG,-,carrier_vs_background_measured_efficacy,90,Model-specific motif
GCTGG,motif,cnn53,1,1/1 model families,cnn,11,3,,1 cell line(s),0.027500473547870663,,0,,,,0,not_applicable (motif effect uses measured-efficacy contrast),0.9999818685649463,0.9999999981280304,ok,Tier 3: Model-specific / exploratory evidence,motif_cnn53_hek293t_sequence_cnn_ig_507,GCTGG,GCTGG,GCTGG,+,carrier_vs_background_measured_efficacy,90,Moderate motif evidence
GGCA,motif,cnn73,1,1/1 model families,cnn,3,2,,1 cell line(s),0.05468543771757978,,0,,,,0,not_applicable (motif effect uses measured-efficacy contrast),0.4557192285999356,0.9643606901985733,ok,Tier 3: Model-specific / exploratory evidence,motif_cnn73_hela_all_cnn_ism_508,GGCA,GGCA,GGCA,+,carrier_vs_background_measured_efficacy,87,Moderate motif evidence
CACT,motif,cnn53,1,1/1 model families,cnn,1,1,,1 cell line(s),0.03053267202339227,,0,,,,0,not_applicable (motif effect uses measured-efficacy contrast),0.36817448358568455,0.7918769220728166,ok,Inconclusive,motif_cnn53_hct116_all_cnn_ism_509,CACT,CACT,CACT,+,carrier_vs_background_measured_efficacy,84,Exploratory motif
CACTG,motif,cnn53,1,1/1 model families,cnn,3,1,,1 cell line(s),0.03053267202339227,,0,,,,0,not_applicable (motif effect uses measured-efficacy contrast),0.03402341521498453,0.20595621979545298,ok,Tier 3: Model-specific / exploratory evidence,motif_cnn53_hct116_all_cnn_ism_510,CACTG,CACTG,CACTG,+,carrier_vs_background_measured_efficacy,84,Model-specific motif
TCGG,motif,cnn33,1,1/1 model families,cnn,1,1,,1 cell line(s),-0.04817882955475511,,0,,,,0,not_applicable (motif effect uses measured-efficacy contrast),0.9463905746775911,0.9999999981280304,ok,Inconclusive,motif_cnn33_hl60_sequence_cnn_ig_511,TCGG,TCGG,TCGG,-,carrier_vs_background_measured_efficacy,83,Exploratory motif
GGGC,motif,cnn73,1,1/1 model families,cnn,1,1,,1 cell line(s),-0.006732376974842469,,0,,,,0,not_applicable (motif effect uses measured-efficacy contrast),0.9834409321182326,0.9999999981280304,ok,Inconclusive,motif_cnn73_hela_sequence_cnn_ism_512,GGGC,GGGC,GGGC,-,carrier_vs_background_measured_efficacy,83,Exploratory motif
TGGG,motif,cnn73,1,1/1 model families,cnn,1,1,,1 cell line(s),-0.0075148900247992145,,0,,,,0,not_applicable (motif effect uses measured-efficacy contrast),0.8727817010220373,0.9999999981280304,ok,Inconclusive,motif_cnn73_hl60_all_cnn_ism_513,TGGG,TGGG,TGGG,-,carrier_vs_background_measured_efficacy,83,Exploratory motif
AAGG,motif,cnn73,1,1/1 model families,cnn,3,1,,1 cell line(s),-0.005378254814902839,,0,,,,0,not_applicable (motif effect uses measured-efficacy contrast),0.7216160884684157,0.9999999981280304,ok,Inconclusive,motif_cnn73_hl60_all_cnn_ism_514,AAGG,AAGG,AAGG,-,carrier_vs_background_measured_efficacy,83,Model-specific motif
ACCA,motif,cnn53,1,1/1 model families,cnn,2,1,,1 cell line(s),-0.012842969583450742,,0,,,,0,not_applicable (motif effect uses measured-efficacy contrast),0.009631637448639353,0.08775491897649189,ok,Tier 3: Model-specific / exploratory evidence,motif_cnn53_hct116_all_cnn_ism_515,ACCA,ACCA,ACCA,-,carrier_vs_background_measured_efficacy,82,Model-specific motif
TGGG,motif,cnn73,1,1/1 model families,cnn,2,1,,1 cell line(s),-0.006629098286248553,,0,,,,0,not_applicable (motif effect uses measured-efficacy contrast),0.8727817010220373,0.9999999981280304,ok,Inconclusive,motif_cnn73_hl60_sequence_cnn_ism_516,TGGG,TGGG,TGGG,-,carrier_vs_background_measured_efficacy,82,Model-specific motif
CCCA,motif,cnn53,1,1/1 model families,cnn,2,2,,1 cell line(s),0.09194164010635092,,0,,,,0,not_applicable (motif effect uses measured-efficacy contrast),0.004731860871011904,0.047755395867443214,ok,Tier 3: Model-specific / exploratory evidence,motif_cnn53_hela_all_cnn_ism_517,CCCA,CCCA,CCCA,+,carrier_vs_background_measured_efficacy,81,Strong motif evidence
CACTGG,motif,cnn73,1,1/1 model families,cnn,4,1,,1 cell line(s),0.02451255122380258,,0,,,,0,not_applicable (motif effect uses measured-efficacy contrast),0.17283056343266412,0.46595181970088245,ok,Tier 3: Model-specific / exploratory evidence,motif_cnn73_hct116_sequence_cnn_ism_518,CACTGG,CACTGG,CACTGG,+,carrier_vs_background_measured_efficacy,81,Model-specific motif
CCATGG,motif,cnn73,1,1/1 model families,cnn,4,1,,1 cell line(s),0.07929260441382102,,0,,,,0,not_applicable (motif effect uses measured-efficacy contrast),0.02172051786194703,0.17590937922762037,ok,Tier 3: Model-specific / exploratory evidence,motif_cnn73_hct116_sequence_cnn_ism_519,CCATGG,CCATGG,CCATGG,+,carrier_vs_background_measured_efficacy,81,Model-specific motif
AACA,motif,cnn73,1,1/1 model families,cnn,3,2,,1 cell line(s),0.010020393712866393,,0,,,,0,not_applicable (motif effect uses measured-efficacy contrast),0.9743688506128101,0.9999999981280304,ok,Tier 3: Model-specific / exploratory evidence,motif_cnn73_hela_all_cnn_ism_520,AACA,AACA,AACA,+,carrier_vs_background_measured_efficacy,81,Moderate motif evidence
CCTGG,motif,cnn33,1,1/1 model families,cnn,13,4,,1 cell line(s),0.01975879602115252,,0,,,,0,not_applicable (motif effect uses measured-efficacy contrast),0.966388835797844,0.9999999981280304,ok,Tier 3: Model-specific / exploratory evidence,motif_cnn33_hek293t_sequence_cnn_ism_521,CCTGG,CCTGG,CCTGG,+,carrier_vs_background_measured_efficacy,80,Moderate motif evidence
CCTGG,motif,cnn53,1,1/1 model families,cnn,10,3,,1 cell line(s),0.01975879602115252,,0,,,,0,not_applicable (motif effect uses measured-efficacy contrast),0.966388835797844,0.9999999981280304,ok,Tier 3: Model-specific / exploratory evidence,motif_cnn53_hek293t_sequence_cnn_ig_522,CCTGG,CCTGG,CCTGG,+,carrier_vs_background_measured_efficacy,80,Moderate motif evidence
GAAC,motif,cnn33,1,1/1 model families,cnn,2,1,,1 cell line(s),-0.07199648376813725,,0,,,,0,not_applicable (motif effect uses measured-efficacy contrast),0.31717619809108233,0.7005642624503368,ok,Tier 3: Model-specific / exploratory evidence,motif_cnn33_hela_all_cnn_ism_523,GAAC,GAAC,GAAC,-,carrier_vs_background_measured_efficacy,79,Model-specific motif
TGCC,motif,cnn53,1,1/1 model families,cnn,2,1,,1 cell line(s),0.11118606807515707,,0,,,,0,not_applicable (motif effect uses measured-efficacy contrast),0.06703911638823525,0.2590472080651578,ok,Tier 3: Model-specific / exploratory evidence,motif_cnn53_hela_all_cnn_ism_524,TGCC,TGCC,TGCC,+,carrier_vs_background_measured_efficacy,79,Model-specific motif
TCCG,motif,cnn53,1,1/1 model families,cnn,1,1,,1 cell line(s),0.05772297578961705,,0,,,,0,not_applicable (motif effect uses measured-efficacy contrast),0.27513508826958066,0.6202358003602918,ok,Inconclusive,motif_cnn53_hela_sequence_cnn_ism_525,TCCG,TCCG,TCCG,+,carrier_vs_background_measured_efficacy,79,Exploratory motif
CCGG,motif,cnn53,1,1/1 model families,cnn,2,1,,1 cell line(s),-0.030720911018595753,,0,,,,0,not_applicable (motif effect uses measured-efficacy contrast),0.09723071739637468,0.30229076119441606,ok,Tier 3: Model-specific / exploratory evidence,motif_cnn53_hl60_all_cnn_ism_526,CCGG,CCGG,CCGG,-,carrier_vs_background_measured_efficacy,78,Model-specific motif
TCCA,motif,cnn53,1,1/1 model families,cnn,5,2,,1 cell line(s),0.06482621952349399,,0,,,,0,not_applicable (motif effect uses measured-efficacy contrast),0.19651921507889097,0.46595181970088245,ok,Tier 3: Model-specific / exploratory evidence,motif_cnn53_hela_all_cnn_ism_527,TCCA,TCCA,TCCA,+,carrier_vs_background_measured_efficacy,75,Moderate motif evidence
GCGG,motif,cnn53,1,1/1 model families,cnn,3,1,,1 cell line(s),0.007041780526176267,,0,,,,0,not_applicable (motif effect uses measured-efficacy contrast),0.0512066236046428,0.2469966550341594,ok,Inconclusive,motif_cnn53_hct116_sequence_cnn_ism_528,GCGG,GCGG,GCGG,+,carrier_vs_background_measured_efficacy,75,Model-specific motif
CAAT,motif,cnn73,1,1/1 model families,cnn,1,1,,1 cell line(s),0.06325871192407623,,0,,,,0,not_applicable (motif effect uses measured-efficacy contrast),0.15105222411908714,0.46521248367193035,ok,Inconclusive,motif_cnn73_hela_all_cnn_ism_529,CAAT,CAAT,CAAT,+,carrier_vs_background_measured_efficacy,75,Exploratory motif
ACCA,motif,cnn73,1,1/1 model families,cnn,2,1,,1 cell line(s),0.001995520851825694,,0,,,,0,not_applicable (motif effect uses measured-efficacy contrast),0.009631637448639353,0.08775491897649189,ok,Inconclusive,motif_cnn73_hela_all_cnn_ism_530,ACCA,ACCA,ACCA,+,carrier_vs_background_measured_efficacy,75,Model-specific motif
CTTG,motif,cnn33,1,1/1 model families,cnn,2,2,,1 cell line(s),0.017514231884142417,,0,,,,0,not_applicable (motif effect uses measured-efficacy contrast),0.9572122283014215,0.9999999981280304,ok,Tier 3: Model-specific / exploratory evidence,motif_cnn33_hek293t_all_cnn_ism_531,CTTG,CTTG,CTTG,+,carrier_vs_background_measured_efficacy,74,Moderate motif evidence
ACGG,motif,cnn33,1,1/1 model families,cnn,1,1,,1 cell line(s),-0.006733861925208806,,0,,,,0,not_applicable (motif effect uses measured-efficacy contrast),0.0063761881184842654,0.06242954336903997,ok,Inconclusive,motif_cnn33_hl60_sequence_cnn_ig_532,ACGG,ACGG,ACGG,-,carrier_vs_background_measured_efficacy,74,Exploratory motif
GACA,motif,cnn73,1,1/1 model families,cnn,1,1,,1 cell line(s),0.01905999214171117,,0,,,,0,not_applicable (motif effect uses measured-efficacy contrast),0.22128536625552797,0.5040388898042582,ok,Inconclusive,motif_cnn73_hela_all_cnn_ism_533,GACA,GACA,GACA,+,carrier_vs_background_measured_efficacy,74,Exploratory motif
TAGG,motif,cnn33,1,1/1 model families,cnn,1,1,,1 cell line(s),0.023085121927649943,,0,,,,0,not_applicable (motif effect uses measured-efficacy contrast),0.6247140747349913,0.9999999981280304,ok,Inconclusive,motif_cnn33_hek293t_sequence_cnn_ism_534,TAGG,TAGG,TAGG,+,carrier_vs_background_measured_efficacy,73,Exploratory motif
GAAG,motif,cnn73,1,1/1 model families,cnn,2,1,,1 cell line(s),0.006171806933963742,,0,,,,0,not_applicable (motif effect uses measured-efficacy contrast),0.551342389280021,0.9999999981280304,ok,Inconclusive,motif_cnn73_hct116_all_cnn_ism_535,GAAG,GAAG,GAAG,+,carrier_vs_background_measured_efficacy,73,Model-specific motif
CCCAG,motif,cnn53,1,1/1 model families,cnn,1,1,,1 cell line(s),0.05056534538322682,,0,,,,0,not_applicable (motif effect uses measured-efficacy contrast),0.00011403708423077682,0.018702081813847398,ok,Tier 3: Model-specific / exploratory evidence,motif_cnn53_hela_sequence_cnn_ism_536,CCCAG,CCCAG,CCCAG,+,carrier_vs_background_measured_efficacy,72,Exploratory motif
GCAA,motif,cnn53,1,1/1 model families,cnn,1,1,,1 cell line(s),-0.09742919358389507,,0,,,,0,not_applicable (motif effect uses measured-efficacy contrast),0.8568581193468676,0.9999999981280304,ok,Inconclusive,motif_cnn53_hela_sequence_cnn_ism_537,GCAA,GCAA,GCAA,-,carrier_vs_background_measured_efficacy,72,Exploratory motif
AGCA,motif,cnn73,1,1/1 model families,cnn,1,1,,1 cell line(s),0.04175561644606546,,0,,,,0,not_applicable (motif effect uses measured-efficacy contrast),0.942673556677848,0.9999999981280304,ok,Inconclusive,motif_cnn73_hela_all_cnn_ism_538,AGCA,AGCA,AGCA,+,carrier_vs_background_measured_efficacy,72,Exploratory motif
GACC,motif,cnn53,1,1/1 model families,cnn,1,1,,1 cell line(s),0.06389070563942512,,0,,,,0,not_applicable (motif effect uses measured-efficacy contrast),0.10821099171706566,0.3348415592754485,ok,Inconclusive,motif_cnn53_hct116_all_cnn_ism_539,GACC,GACC,GACC,+,carrier_vs_background_measured_efficacy,71,Exploratory motif
CAACA,motif,cnn33,1,1/1 model families,cnn,2,1,,1 cell line(s),-0.09771633729277429,,0,,,,0,not_applicable (motif effect uses measured-efficacy contrast),0.9844058276003721,0.9999999981280304,ok,Tier 3: Model-specific / exploratory evidence,motif_cnn33_hela_all_cnn_ism_540,CAACA,CAACA,CAACA,-,carrier_vs_background_measured_efficacy,70,Model-specific motif
TAGG,motif,cnn33,1,1/1 model families,cnn,2,1,,1 cell line(s),0.0017786917823325588,,0,,,,0,not_applicable (motif effect uses measured-efficacy contrast),0.6247140747349913,0.9999999981280304,ok,Inconclusive,motif_cnn33_hl60_sequence_cnn_ig_541,TAGG,TAGG,TAGG,+,carrier_vs_background_measured_efficacy,70,Model-specific motif
GCCA,motif,cnn73,1,1/1 model families,cnn,6,2,,1 cell line(s),0.02948413595134025,,0,,,,0,not_applicable (motif effect uses measured-efficacy contrast),0.9487007032649133,0.9999999981280304,ok,Tier 3: Model-specific / exploratory evidence,motif_cnn73_hct116_all_cnn_ism_542,GCCA,GCCA,GCCA,+,carrier_vs_background_measured_efficacy,70,Moderate motif evidence
GCCA,motif,cnn73,1,1/1 model families,cnn,6,2,,1 cell line(s),0.02948413595134025,,0,,,,0,not_applicable (motif effect uses measured-efficacy contrast),0.9487007032649133,0.9999999981280304,ok,Tier 3: Model-specific / exploratory evidence,motif_cnn73_hct116_all_cnn_ism_543,GCCA,GCCA,GCCA,+,carrier_vs_background_measured_efficacy,70,Moderate motif evidence
CCCA,motif,cnn53,1,1/1 model families,cnn,2,2,,1 cell line(s),0.034004741081046785,,0,,,,0,not_applicable (motif effect uses measured-efficacy contrast),0.004731860871011904,0.047755395867443214,ok,Tier 3: Model-specific / exploratory evidence,motif_cnn53_hct116_all_cnn_ism_544,CCCA,CCCA,CCCA,+,carrier_vs_background_measured_efficacy,69,Strong motif evidence
AACC,motif,cnn53,1,1/1 model families,cnn,1,1,,1 cell line(s),-0.004466598180433906,,0,,,,0,not_applicable (motif effect uses measured-efficacy contrast),0.293133932175974,0.6585474640665717,ok,Inconclusive,motif_cnn53_hct116_all_cnn_ism_545,AACC,AACC,AACC,-,carrier_vs_background_measured_efficacy,69,Exploratory motif
CGCC,motif,cnn53,1,1/1 model families,cnn,3,2,,1 cell line(s),0.128175165795324,,0,,,,0,not_applicable (motif effect uses measured-efficacy contrast),0.5101152620605383,0.9999999981280304,ok,Tier 3: Model-specific / exploratory evidence,motif_cnn53_hela_all_cnn_ism_546,CGCC,CGCC,CGCC,+,carrier_vs_background_measured_efficacy,69,Moderate motif evidence
TAGG,motif,cnn53,1,1/1 model families,cnn,2,1,,1 cell line(s),0.018966293472020335,,0,,,,0,not_applicable (motif effect uses measured-efficacy contrast),0.6247140747349913,0.9999999981280304,ok,Tier 3: Model-specific / exploratory evidence,motif_cnn53_hek293t_sequence_cnn_ig_547,TAGG,TAGG,TAGG,+,carrier_vs_background_measured_efficacy,69,Model-specific motif
CTTGG,motif,cnn33,1,1/1 model families,cnn,10,3,,1 cell line(s),0.0231855328068577,,0,,,,0,not_applicable (motif effect uses measured-efficacy contrast),0.9894396056568902,0.9999999981280304,ok,Tier 3: Model-specific / exploratory evidence,motif_cnn33_hek293t_all_cnn_ism_548,CTTGG,CTTGG,CTTGG,+,carrier_vs_background_measured_efficacy,68,Moderate motif evidence
CTTGG,motif,cnn33,1,1/1 model families,cnn,8,2,,1 cell line(s),0.022631234134301598,,0,,,,0,not_applicable (motif effect uses measured-efficacy contrast),0.9894396056568902,0.9999999981280304,ok,Tier 3: Model-specific / exploratory evidence,motif_cnn33_hek293t_sequence_cnn_ism_549,CTTGG,CTTGG,CTTGG,+,carrier_vs_background_measured_efficacy,67,Moderate motif evidence
ACCAGG,motif,cnn33,1,1/1 model families,cnn,4,1,,1 cell line(s),0.0033484273552014665,,0,,,,0,not_applicable (motif effect uses measured-efficacy contrast),0.06533927608984098,0.2590472080651578,ok,Inconclusive,motif_cnn33_hct116_all_cnn_ism_550,ACCAGG,ACCAGG,ACCAGG,+,carrier_vs_background_measured_efficacy,66,Model-specific motif
CAAGA,motif,cnn33,1,1/1 model families,cnn,3,1,,1 cell line(s),-0.037582867284716964,,0,,,,0,not_applicable (motif effect uses measured-efficacy contrast),0.16855848333697504,0.46595181970088245,ok,Tier 3: Model-specific / exploratory evidence,motif_cnn33_hela_all_cnn_ism_551,CAAGA,CAAGA,CAAGA,-,carrier_vs_background_measured_efficacy,66,Model-specific motif
GGAG,motif,cnn73,1,1/1 model families,cnn,2,1,,1 cell line(s),0.0746661534951264,,0,,,,0,not_applicable (motif effect uses measured-efficacy contrast),0.0406696604736132,0.2319938893103501,ok,Tier 3: Model-specific / exploratory evidence,motif_cnn73_hela_all_cnn_ism_552,GGAG,GGAG,GGAG,+,carrier_vs_background_measured_efficacy,66,Model-specific motif
GAAG,motif,cnn73,1,1/1 model families,cnn,1,1,,1 cell line(s),-0.04397086294475047,,0,,,,0,not_applicable (motif effect uses measured-efficacy contrast),0.551342389280021,0.9999999981280304,ok,Inconclusive,motif_cnn73_hela_sequence_cnn_ism_553,GAAG,GAAG,GAAG,-,carrier_vs_background_measured_efficacy,66,Exploratory motif
GGAG,motif,cnn73,1,1/1 model families,cnn,2,1,,1 cell line(s),0.0746661534951264,,0,,,,0,not_applicable (motif effect uses measured-efficacy contrast),0.0406696604736132,0.2319938893103501,ok,Tier 3: Model-specific / exploratory evidence,motif_cnn73_hela_sequence_cnn_ism_554,GGAG,GGAG,GGAG,+,carrier_vs_background_measured_efficacy,66,Model-specific motif
CTTG,motif,cnn33,1,1/1 model families,cnn,2,2,,1 cell line(s),-0.08459782536361149,,0,,,,0,not_applicable (motif effect uses measured-efficacy contrast),0.9572122283014215,0.9999999981280304,ok,Tier 3: Model-specific / exploratory evidence,motif_cnn33_hl60_all_cnn_ism_555,CTTG,CTTG,CTTG,-,carrier_vs_background_measured_efficacy,65,Moderate motif evidence
CTTGG,motif,cnn33,1,1/1 model families,cnn,10,3,,1 cell line(s),-0.08524947547477832,,0,,,,0,not_applicable (motif effect uses measured-efficacy contrast),0.9894396056568902,0.9999999981280304,ok,Tier 3: Model-specific / exploratory evidence,motif_cnn33_hl60_all_cnn_ism_556,CTTGG,CTTGG,CTTGG,-,carrier_vs_background_measured_efficacy,64,Moderate motif evidence
ACGG,motif,cnn53,1,1/1 model families,cnn,1,1,,1 cell line(s),0.032441176591619436,,0,,,,0,not_applicable (motif effect uses measured-efficacy contrast),0.0063761881184842654,0.06242954336903997,ok,Inconclusive,motif_cnn53_hct116_sequence_cnn_ism_557,ACGG,ACGG,ACGG,+,carrier_vs_background_measured_efficacy,64,Exploratory motif
CAAA,motif,cnn53,1,1/1 model families,cnn,1,1,,1 cell line(s),-0.0794603837267131,,0,,,,0,not_applicable (motif effect uses measured-efficacy contrast),0.999767195354819,0.9999999981280304,ok,Inconclusive,motif_cnn53_hela_sequence_cnn_ism_558,CAAA,CAAA,CAAA,-,carrier_vs_background_measured_efficacy,64,Exploratory motif
GGTG,motif,cnn73,1,1/1 model families,cnn,1,1,,1 cell line(s),0.07028785801055387,,0,,,,0,not_applicable (motif effect uses measured-efficacy contrast),0.019890558553158143,0.1631025801358968,ok,Inconclusive,motif_cnn73_hela_all_cnn_ism_559,GGTG,GGTG,GGTG,+,carrier_vs_background_measured_efficacy,64,Exploratory motif
GGTG,motif,cnn73,1,1/1 model families,cnn,2,1,,1 cell line(s),0.07028785801055387,,0,,,,0,not_applicable (motif effect uses measured-efficacy contrast),0.019890558553158143,0.1631025801358968,ok,Tier 3: Model-specific / exploratory evidence,motif_cnn73_hela_sequence_cnn_ism_560,GGTG,GGTG,GGTG,+,carrier_vs_background_measured_efficacy,64,Model-specific motif
CACA,motif,cnn73,1,1/1 model families,cnn,6,2,,1 cell line(s),0.0714149366540952,,0,,,,0,not_applicable (motif effect uses measured-efficacy contrast),0.32573779979974976,0.7052277117776761,ok,Tier 3: Model-specific / exploratory evidence,motif_cnn73_hct116_all_cnn_ism_561,CACA,CACA,CACA,+,carrier_vs_background_measured_efficacy,64,Moderate motif evidence
ACAA,motif,cnn53,1,1/1 model families,cnn,1,1,,1 cell line(s),-0.05245924124780549,,0,,,,0,not_applicable (motif effect uses measured-efficacy contrast),0.9844681264499543,0.9999999981280304,ok,Inconclusive,motif_cnn53_hela_sequence_cnn_ism_562,ACAA,ACAA,ACAA,-,carrier_vs_background_measured_efficacy,62,Exploratory motif
CACA,motif,cnn73,1,1/1 model families,cnn,6,2,,1 cell line(s),0.058412355979684805,,0,,,,0,not_applicable (motif effect uses measured-efficacy contrast),0.32573779979974976,0.7052277117776761,ok,Tier 3: Model-specific / exploratory evidence,motif_cnn73_hct116_all_cnn_ism_563,CACA,CACA,CACA,+,carrier_vs_background_measured_efficacy,62,Moderate motif evidence
CAGAGG,motif,cnn73,1,1/1 model families,cnn,3,1,,1 cell line(s),0.06251857977082553,,0,,,,0,not_applicable (motif effect uses measured-efficacy contrast),0.21178381733882592,0.48747433043603444,ok,Tier 3: Model-specific / exploratory evidence,motif_cnn73_hct116_sequence_cnn_ism_564,CAGAGG,CAGAGG,CAGAGG,+,carrier_vs_background_measured_efficacy,62,Model-specific motif
CTGT,motif,cnn33,1,1/1 model families,cnn,2,1,,1 cell line(s),-0.0528360819771484,,0,,,,0,not_applicable (motif effect uses measured-efficacy contrast),0.9889587064562205,0.9999999981280304,ok,Tier 3: Model-specific / exploratory evidence,motif_cnn33_hela_sequence_cnn_ism_565,CTGT,CTGT,CTGT,-,carrier_vs_background_measured_efficacy,61,Model-specific motif
CTTC,motif,cnn33,1,1/1 model families,cnn,2,2,,1 cell line(s),-0.05106589667333716,,0,,,,0,not_applicable (motif effect uses measured-efficacy contrast),0.9974863455280656,0.9999999981280304,ok,Tier 3: Model-specific / exploratory evidence,motif_cnn33_hela_sequence_cnn_ism_566,CTTC,CTTC,CTTC,-,carrier_vs_background_measured_efficacy,61,Moderate motif evidence
CCGG,motif,cnn53,1,1/1 model families,cnn,2,1,,1 cell line(s),0.023904264764614158,,0,,,,0,not_applicable (motif effect uses measured-efficacy contrast),0.09723071739637468,0.30229076119441606,ok,Tier 3: Model-specific / exploratory evidence,motif_cnn53_hct116_sequence_cnn_ism_567,CCGG,CCGG,CCGG,+,carrier_vs_background_measured_efficacy,61,Model-specific motif
GGAC,motif,cnn73,1,1/1 model families,cnn,1,1,,1 cell line(s),0.08356782771857013,,0,,,,0,not_applicable (motif effect uses measured-efficacy contrast),0.910485315265191,0.9999999981280304,ok,Inconclusive,motif_cnn73_hela_sequence_cnn_ism_568,GGAC,GGAC,GGAC,+,carrier_vs_background_measured_efficacy,61,Exploratory motif
CTGT,motif,cnn53,1,1/1 model families,cnn,2,1,,1 cell line(s),-0.0516646685733497,,0,,,,0,not_applicable (motif effect uses measured-efficacy contrast),0.9889587064562205,0.9999999981280304,ok,Tier 3: Model-specific / exploratory evidence,motif_cnn53_hela_sequence_cnn_ism_569,CTGT,CTGT,CTGT,-,carrier_vs_background_measured_efficacy,60,Model-specific motif
GAAC,motif,cnn73,1,1/1 model families,cnn,2,1,,1 cell line(s),-0.07366513722934431,,0,,,,0,not_applicable (motif effect uses measured-efficacy contrast),0.31717619809108233,0.7005642624503368,ok,Tier 3: Model-specific / exploratory evidence,motif_cnn73_hct116_all_cnn_ism_570,GAAC,GAAC,GAAC,-,carrier_vs_background_measured_efficacy,60,Model-specific motif
GATG,motif,cnn73,1,1/1 model families,cnn,1,1,,1 cell line(s),0.10982513280200007,,0,,,,0,not_applicable (motif effect uses measured-efficacy contrast),0.08470172973925678,0.28349150361710435,ok,Inconclusive,motif_cnn73_hela_sequence_cnn_ism_571,GATG,GATG,GATG,+,carrier_vs_background_measured_efficacy,60,Exploratory motif
CTCA,motif,cnn33,1,1/1 model families,cnn,2,2,,1 cell line(s),-0.04957760142635825,,0,,,,0,not_applicable (motif effect uses measured-efficacy contrast),0.7339980146116555,0.9999999981280304,ok,Tier 3: Model-specific / exploratory evidence,motif_cnn33_hela_sequence_cnn_ism_572,CTCA,CTCA,CTCA,-,carrier_vs_background_measured_efficacy,59,Moderate motif evidence
CTGG,motif,cnn53,1,1/1 model families,cnn,4,2,,1 cell line(s),0.012004663791823855,,0,,,,0,not_applicable (motif effect uses measured-efficacy contrast),0.9999995461087219,0.9999999981280304,ok,Tier 3: Model-specific / exploratory evidence,motif_cnn53_hek293t_all_cnn_ism_573,CTGG,CTGG,CTGG,+,carrier_vs_background_measured_efficacy,59,Moderate motif evidence
GACAG,motif,cnn53,1,1/1 model families,cnn,5,1,,1 cell line(s),-0.07621056585228186,,0,,,,0,not_applicable (motif effect uses measured-efficacy contrast),0.9353178780626009,0.9999999981280304,ok,Tier 3: Model-specific / exploratory evidence,motif_cnn53_hct116_all_cnn_ism_574,GACAG,GACAG,GACAG,-,carrier_vs_background_measured_efficacy,59,Model-specific motif
CTTGG,motif,cnn33,1,1/1 model families,cnn,10,3,,1 cell line(s),-0.08721309637034333,,0,,,,0,not_applicable (motif effect uses measured-efficacy contrast),0.9894396056568902,0.9999999981280304,ok,Tier 3: Model-specific / exploratory evidence,motif_cnn33_hl60_all_cnn_ism_575,CTTGG,CTTGG,CTTGG,-,carrier_vs_background_measured_efficacy,58,Moderate motif evidence
TTTGG,motif,cnn33,1,1/1 model families,cnn,8,2,,1 cell line(s),0.09006580257329908,,0,,,,0,not_applicable (motif effect uses measured-efficacy contrast),0.758943547168888,0.9999999981280304,ok,Tier 3: Model-specific / exploratory evidence,motif_cnn33_hek293t_all_cnn_ism_576,TTTGG,TTTGG,TTTGG,+,carrier_vs_background_measured_efficacy,57,Moderate motif evidence
CTCC,motif,cnn33,1,1/1 model families,cnn,1,1,,1 cell line(s),-0.04520957053964916,,0,,,,0,not_applicable (motif effect uses measured-efficacy contrast),0.05909603156761061,0.2590472080651578,ok,Inconclusive,motif_cnn33_hela_sequence_cnn_ism_577,CTCC,CTCC,CTCC,-,carrier_vs_background_measured_efficacy,57,Exploratory motif
CTGC,motif,cnn33,1,1/1 model families,cnn,1,1,,1 cell line(s),0.02138740122581234,,0,,,,0,not_applicable (motif effect uses measured-efficacy contrast),0.16599339864999288,0.46595181970088245,ok,Inconclusive,motif_cnn33_hela_sequence_cnn_ism_578,CTGC,CTGC,CTGC,+,carrier_vs_background_measured_efficacy,57,Exploratory motif
AACAGG,motif,cnn33,1,1/1 model families,cnn,3,1,,1 cell line(s),-0.1346755631891453,,0,,,,0,not_applicable (motif effect uses measured-efficacy contrast),0.9999999981280304,0.9999999981280304,ok,Tier 3: Model-specific / exploratory evidence,motif_cnn33_hct116_all_cnn_ism_579,AACAGG,AACAGG,AACAGG,-,carrier_vs_background_measured_efficacy,56,Model-specific motif
TTTG,motif,cnn33,1,1/1 model families,cnn,2,2,,1 cell line(s),0.08894726733423355,,0,,,,0,not_applicable (motif effect uses measured-efficacy contrast),0.9991186933960619,0.9999999981280304,ok,Tier 3: Model-specific / exploratory evidence,motif_cnn33_hek293t_all_cnn_ism_580,TTTG,TTTG,TTTG,+,carrier_vs_background_measured_efficacy,56,Moderate motif evidence
CTGGG,motif,cnn53,1,1/1 model families,cnn,6,1,,1 cell line(s),0.010962026120091922,,0,,,,0,not_applicable (motif effect uses measured-efficacy contrast),0.6984614136966893,0.9999999981280304,ok,Tier 3: Model-specific / exploratory evidence,motif_cnn53_hek293t_sequence_cnn_ism_581,CTGGG,CTGGG,CTGGG,+,carrier_vs_background_measured_efficacy,56,Model-specific motif
AACA,motif,cnn53,1,1/1 model families,cnn,3,1,,1 cell line(s),-0.1346755631891453,,0,,,,0,not_applicable (motif effect uses measured-efficacy contrast),0.9743688506128101,0.9999999981280304,ok,Tier 3: Model-specific / exploratory evidence,motif_cnn53_hct116_all_cnn_ism_582,AACA,AACA,AACA,-,carrier_vs_background_measured_efficacy,56,Model-specific motif
AACAG,motif,cnn53,1,1/1 model families,cnn,3,1,,1 cell line(s),-0.1346755631891453,,0,,,,0,not_applicable (motif effect uses measured-efficacy contrast),0.9986919763730576,0.9999999981280304,ok,Tier 3: Model-specific / exploratory evidence,motif_cnn53_hct116_all_cnn_ism_583,AACAG,AACAG,AACAG,-,carrier_vs_background_measured_efficacy,56,Model-specific motif
CCAAGG,motif,cnn73,1,1/1 model families,cnn,3,1,,1 cell line(s),0.04796094928647032,,0,,,,0,not_applicable (motif effect uses measured-efficacy contrast),0.04567448864132711,0.2469966550341594,ok,Tier 3: Model-specific / exploratory evidence,motif_cnn73_hct116_sequence_cnn_ism_584,CCAAGG,CCAAGG,CCAAGG,+,carrier_vs_background_measured_efficacy,56,Model-specific motif
CTGG,motif,cnn53,1,1/1 model families,cnn,6,2,,1 cell line(s),0.005534679158986339,,0,,,,0,not_applicable (motif effect uses measured-efficacy contrast),0.9999995461087219,0.9999999981280304,ok,Inconclusive,motif_cnn53_hek293t_sequence_cnn_ism_585,CTGG,CTGG,CTGG,+,carrier_vs_background_measured_efficacy,55,Moderate motif evidence
CAAG,motif,cnn73,1,1/1 model families,cnn,2,1,,1 cell line(s),-0.012274442243383865,,0,,,,0,not_applicable (motif effect uses measured-efficacy contrast),0.2201826701456434,0.5032746746186135,ok,Tier 3: Model-specific / exploratory evidence,motif_cnn73_hct116_all_cnn_ism_586,CAAG,CAAG,CAAG,-,carrier_vs_background_measured_efficacy,55,Model-specific motif
GGGA,motif,cnn73,1,1/1 model families,cnn,1,1,,1 cell line(s),0.01913355029739705,,0,,,,0,not_applicable (motif effect uses measured-efficacy contrast),0.7894920115191573,0.9999999981280304,ok,Inconclusive,motif_cnn73_hela_sequence_cnn_ism_587,GGGA,GGGA,GGGA,+,carrier_vs_background_measured_efficacy,54,Exploratory motif
CCCAGG,motif,cnn33,1,1/1 model families,cnn,2,1,,1 cell line(s),0.0902616134728702,,0,,,,0,not_applicable (motif effect uses measured-efficacy contrast),2.1714905134169974e-07,4.7483259226718344e-05,ok,Tier 3: Model-specific / exploratory evidence,motif_cnn33_hct116_all_cnn_ism_588,CCCAGG,CCCAGG,CCCAGG,+,carrier_vs_background_measured_efficacy,53,Model-specific motif
CGCC,motif,cnn53,1,1/1 model families,cnn,3,2,,1 cell line(s),0.07394517610373541,,0,,,,0,not_applicable (motif effect uses measured-efficacy contrast),0.5101152620605383,0.9999999981280304,ok,Tier 3: Model-specific / exploratory evidence,motif_cnn53_hct116_all_cnn_ism_589,CGCC,CGCC,CGCC,+,carrier_vs_background_measured_efficacy,53,Moderate motif evidence
CCCTGG,motif,cnn73,1,1/1 model families,cnn,3,1,,1 cell line(s),0.07321433572686625,,0,,,,0,not_applicable (motif effect uses measured-efficacy contrast),0.016332846694775156,0.1428579657569667,ok,Tier 3: Model-specific / exploratory evidence,motif_cnn73_hct116_sequence_cnn_ism_590,CCCTGG,CCCTGG,CCCTGG,+,carrier_vs_background_measured_efficacy,53,Model-specific motif
CAAAGG,motif,cnn73,1,1/1 model families,cnn,5,1,,1 cell line(s),-0.0015161453623374066,,0,,,,0,not_applicable (motif effect uses measured-efficacy contrast),0.9695893773279213,0.9999999981280304,ok,Inconclusive,motif_cnn73_hct116_sequence_cnn_ism_591,CAAAGG,CAAAGG,CAAAGG,-,carrier_vs_background_measured_efficacy,53,Model-specific motif
CTGGG,motif,cnn53,1,1/1 model families,cnn,4,1,,1 cell line(s),0.010893680714479104,,0,,,,0,not_applicable (motif effect uses measured-efficacy contrast),0.6984614136966893,0.9999999981280304,ok,Tier 3: Model-specific / exploratory evidence,motif_cnn53_hek293t_all_cnn_ism_592,CTGGG,CTGGG,CTGGG,+,carrier_vs_background_measured_efficacy,52,Model-specific motif
TGCC,motif,cnn73,1,1/1 model families,cnn,2,1,,1 cell line(s),0.11459378145045618,,0,,,,0,not_applicable (motif effect uses measured-efficacy contrast),0.06703911638823525,0.2590472080651578,ok,Tier 3: Model-specific / exploratory evidence,motif_cnn73_hct116_all_cnn_ism_593,TGCC,TGCC,TGCC,+,carrier_vs_background_measured_efficacy,52,Model-specific motif
GGCC,motif,cnn73,1,1/1 model families,cnn,1,1,,1 cell line(s),-0.05766201548236871,,0,,,,0,not_applicable (motif effect uses measured-efficacy contrast),0.9973267614942489,0.9999999981280304,ok,Inconclusive,motif_cnn73_hct116_all_cnn_ism_594,GGCC,GGCC,GGCC,-,carrier_vs_background_measured_efficacy,51,Exploratory motif
GACTG,motif,cnn53,1,1/1 model families,cnn,3,1,,1 cell line(s),-0.08372677387206373,,0,,,,0,not_applicable (motif effect uses measured-efficacy contrast),0.903767637088591,0.9999999981280304,ok,Tier 3: Model-specific / exploratory evidence,motif_cnn53_hct116_all_cnn_ism_595,GACTG,GACTG,GACTG,-,carrier_vs_background_measured_efficacy,50,Model-specific motif
CAATGG,motif,cnn73,1,1/1 model families,cnn,4,1,,1 cell line(s),0.04743982316563955,,0,,,,0,not_applicable (motif effect uses measured-efficacy contrast),0.033395578809584076,0.20595621979545298,ok,Tier 3: Model-specific / exploratory evidence,motif_cnn73_hct116_sequence_cnn_ism_596,CAATGG,CAATGG,CAATGG,+,carrier_vs_background_measured_efficacy,50,Model-specific motif
TCCA,motif,cnn73,1,1/1 model families,cnn,5,2,,1 cell line(s),0.029093727704459782,,0,,,,0,not_applicable (motif effect uses measured-efficacy contrast),0.19651921507889097,0.46595181970088245,ok,Tier 3: Model-specific / exploratory evidence,motif_cnn73_hct116_all_cnn_ism_597,TCCA,TCCA,TCCA,+,carrier_vs_background_measured_efficacy,50,Moderate motif evidence
CGCC,motif,cnn73,1,1/1 model families,cnn,3,1,,1 cell line(s),0.08845392337716868,,0,,,,0,not_applicable (motif effect uses measured-efficacy contrast),0.5101152620605383,0.9999999981280304,ok,Tier 3: Model-specific / exploratory evidence,motif_cnn73_hct116_all_cnn_ism_598,CGCC,CGCC,CGCC,+,carrier_vs_background_measured_efficacy,50,Model-specific motif
TCCAC,motif,cnn53,1,1/1 model families,cnn,1,1,,1 cell line(s),0.0035404960443594646,,0,,,,0,not_applicable (motif effect uses measured-efficacy contrast),0.17055792128131184,0.46595181970088245,ok,Inconclusive,motif_cnn53_hct116_all_cnn_ism_599,TCCAC,TCCAC,TCCAC,+,carrier_vs_background_measured_efficacy,49,Exploratory motif
TCCA,motif,cnn73,1,1/1 model families,cnn,5,2,,1 cell line(s),0.032346444614134606,,0,,,,0,not_applicable (motif effect uses measured-efficacy contrast),0.19651921507889097,0.46595181970088245,ok,Tier 3: Model-specific / exploratory evidence,motif_cnn73_hct116_all_cnn_ism_600,TCCA,TCCA,TCCA,+,carrier_vs_background_measured_efficacy,49,Moderate motif evidence
CTGG,motif,cnn33,1,1/1 model families,cnn,6,2,,1 cell line(s),0.01031367697977753,,0,,,,0,not_applicable (motif effect uses measured-efficacy contrast),0.9999995461087219,0.9999999981280304,ok,Tier 3: Model-specific / exploratory evidence,motif_cnn33_hela_sequence_cnn_ism_601,CTGG,CTGG,CTGG,+,carrier_vs_background_measured_efficacy,47,Moderate motif evidence
CTTG,motif,cnn33,1,1/1 model families,cnn,3,2,,1 cell line(s),-0.02093928043448906,,0,,,,0,not_applicable (motif effect uses measured-efficacy contrast),0.9572122283014215,0.9999999981280304,ok,Tier 3: Model-specific / exploratory evidence,motif_cnn33_hela_sequence_cnn_ism_602,CTTG,CTTG,CTTG,-,carrier_vs_background_measured_efficacy,46,Moderate motif evidence
CAAC,motif,cnn73,1,1/1 model families,cnn,2,1,,1 cell line(s),-0.13194274188468808,,0,,,,0,not_applicable (motif effect uses measured-efficacy contrast),0.990785965597747,0.9999999981280304,ok,Tier 3: Model-specific / exploratory evidence,motif_cnn73_hct116_all_cnn_ism_603,CAAC,CAAC,CAAC,-,carrier_vs_background_measured_efficacy,45,Model-specific motif
GGCA,motif,cnn73,1,1/1 model families,cnn,3,2,,1 cell line(s),0.04900570794154496,,0,,,,0,not_applicable (motif effect uses measured-efficacy contrast),0.4557192285999356,0.9643606901985733,ok,Tier 3: Model-specific / exploratory evidence,motif_cnn73_hct116_all_cnn_ism_604,GGCA,GGCA,GGCA,+,carrier_vs_background_measured_efficacy,45,Moderate motif evidence
CTTGG,motif,cnn33,1,1/1 model families,cnn,8,2,,1 cell line(s),-0.06284202874934741,,0,,,,0,not_applicable (motif effect uses measured-efficacy contrast),0.9894396056568902,0.9999999981280304,ok,Tier 3: Model-specific / exploratory evidence,motif_cnn33_hl60_sequence_cnn_ism_605,CTTGG,CTTGG,CTTGG,-,carrier_vs_background_measured_efficacy,44,Moderate motif evidence
GGCA,motif,cnn73,1,1/1 model families,cnn,3,2,,1 cell line(s),0.05430753957491291,,0,,,,0,not_applicable (motif effect uses measured-efficacy contrast),0.4557192285999356,0.9643606901985733,ok,Tier 3: Model-specific / exploratory evidence,motif_cnn73_hct116_all_cnn_ism_606,GGCA,GGCA,GGCA,+,carrier_vs_background_measured_efficacy,44,Moderate motif evidence
CTGA,motif,cnn33,1,1/1 model families,cnn,1,1,,1 cell line(s),-0.052316602643229876,,0,,,,0,not_applicable (motif effect uses measured-efficacy contrast),0.4783078984701229,0.9992674566764351,ok,Inconclusive,motif_cnn33_hela_sequence_cnn_ism_607,CTGA,CTGA,CTGA,-,carrier_vs_background_measured_efficacy,43,Exploratory motif
AGGA,motif,cnn53,1,1/1 model families,cnn,1,1,,1 cell line(s),0.027578372575802174,,0,,,,0,not_applicable (motif effect uses measured-efficacy contrast),0.22649152445603923,0.5123394484246957,ok,Inconclusive,motif_cnn53_hl60_sequence_cnn_ism_608,AGGA,AGGA,AGGA,+,carrier_vs_background_measured_efficacy,43,Exploratory motif
AACA,motif,cnn73,1,1/1 model families,cnn,3,2,,1 cell line(s),0.05150977007911728,,0,,,,0,not_applicable (motif effect uses measured-efficacy contrast),0.9743688506128101,0.9999999981280304,ok,Tier 3: Model-specific / exploratory evidence,motif_cnn73_hct116_all_cnn_ism_609,AACA,AACA,AACA,+,carrier_vs_background_measured_efficacy,43,Moderate motif evidence
GTTGG,motif,cnn33,1,1/1 model families,cnn,9,2,,1 cell line(s),0.011326098884720331,,0,,,,0,not_applicable (motif effect uses measured-efficacy contrast),0.6273659733428704,0.9999999981280304,ok,Tier 3: Model-specific / exploratory evidence,motif_cnn33_hek293t_all_cnn_ism_610,GTTGG,GTTGG,GTTGG,+,carrier_vs_background_measured_efficacy,41,Moderate motif evidence
CTTGG,motif,cnn33,1,1/1 model families,cnn,8,2,,1 cell line(s),-0.06747044770581614,,0,,,,0,not_applicable (motif effect uses measured-efficacy contrast),0.9894396056568902,0.9999999981280304,ok,Tier 3: Model-specific / exploratory evidence,motif_cnn33_hl60_sequence_cnn_ism_611,CTTGG,CTTGG,CTTGG,-,carrier_vs_background_measured_efficacy,41,Moderate motif evidence
TGGC,motif,cnn53,1,1/1 model families,cnn,1,1,,1 cell line(s),0.023706126684031492,,0,,,,0,not_applicable (motif effect uses measured-efficacy contrast),0.7826749535956823,0.9999999981280304,ok,Inconclusive,motif_cnn53_hl60_sequence_cnn_ism_612,TGGC,TGGC,TGGC,+,carrier_vs_background_measured_efficacy,41,Exploratory motif
AGGT,motif,cnn53,1,1/1 model families,cnn,1,1,,1 cell line(s),0.009439978330817916,,0,,,,0,not_applicable (motif effect uses measured-efficacy contrast),0.47486171928507465,0.9952373413770256,ok,Inconclusive,motif_cnn53_hl60_sequence_cnn_ism_613,AGGT,AGGT,AGGT,+,carrier_vs_background_measured_efficacy,40,Exploratory motif
CCTT,motif,cnn53,1,1/1 model families,cnn,1,1,,1 cell line(s),0.024735728485037217,,0,,,,0,not_applicable (motif effect uses measured-efficacy contrast),0.7635858428442948,0.9999999981280304,ok,Inconclusive,motif_cnn53_hek293t_sequence_cnn_ism_614,CCTT,CCTT,CCTT,+,carrier_vs_background_measured_efficacy,39,Exploratory motif
CTTG,motif,cnn33,1,1/1 model families,cnn,3,2,,1 cell line(s),-0.06077432803246746,,0,,,,0,not_applicable (motif effect uses measured-efficacy contrast),0.9572122283014215,0.9999999981280304,ok,Tier 3: Model-specific / exploratory evidence,motif_cnn33_hl60_sequence_cnn_ism_615,CTTG,CTTG,CTTG,-,carrier_vs_background_measured_efficacy,38,Moderate motif evidence
TCTT,motif,cnn53,1,1/1 model families,cnn,1,1,,1 cell line(s),0.026157132125454452,,0,,,,0,not_applicable (motif effect uses measured-efficacy contrast),0.9987382795645142,0.9999999981280304,ok,Inconclusive,motif_cnn53_hek293t_sequence_cnn_ism_616,TCTT,TCTT,TCTT,+,carrier_vs_background_measured_efficacy,38,Exploratory motif
TGGA,motif,cnn53,1,1/1 model families,cnn,1,1,,1 cell line(s),0.0013598728456976072,,0,,,,0,not_applicable (motif effect uses measured-efficacy contrast),0.29555483520116727,0.6617200405869138,ok,Inconclusive,motif_cnn53_hl60_sequence_cnn_ism_617,TGGA,TGGA,TGGA,+,carrier_vs_background_measured_efficacy,38,Exploratory motif
GTGG,motif,cnn53,1,1/1 model families,cnn,5,2,,1 cell line(s),-0.02639077777575427,,0,,,,0,not_applicable (motif effect uses measured-efficacy contrast),0.2010127514868136,0.46595181970088245,ok,Tier 3: Model-specific / exploratory evidence,motif_cnn53_hek293t_all_cnn_ism_618,GTGG,GTGG,GTGG,-,carrier_vs_background_measured_efficacy,37,Moderate motif evidence
AAGG,motif,cnn53,1,1/1 model families,cnn,6,1,,1 cell line(s),0.016266083053110447,,0,,,,0,not_applicable (motif effect uses measured-efficacy contrast),0.7216160884684157,0.9999999981280304,ok,Tier 3: Model-specific / exploratory evidence,motif_cnn53_hct116_sequence_cnn_ism_619,AAGG,AAGG,AAGG,+,carrier_vs_background_measured_efficacy,36,Model-specific motif
AAGGG,motif,cnn53,1,1/1 model families,cnn,2,1,,1 cell line(s),0.016266083053110447,,0,,,,0,not_applicable (motif effect uses measured-efficacy contrast),0.8468661620345252,0.9999999981280304,ok,Tier 3: Model-specific / exploratory evidence,motif_cnn53_hct116_sequence_cnn_ism_620,AAGGG,AAGGG,AAGGG,+,carrier_vs_background_measured_efficacy,36,Model-specific motif
CCTT,motif,cnn53,1,1/1 model families,cnn,1,1,,1 cell line(s),0.012057708803336342,,0,,,,0,not_applicable (motif effect uses measured-efficacy contrast),0.7635858428442948,0.9999999981280304,ok,Inconclusive,motif_cnn53_hek293t_all_cnn_ism_621,CCTT,CCTT,CCTT,+,carrier_vs_background_measured_efficacy,36,Exploratory motif
(A/G/T)(C/G)(A/T)(G/T)(C/G)AAGAGG,motif,cnn33,1,1/1 model families,cnn,1,1,,1 cell line(s),-0.019626629530459294,,0,,,,0,not_applicable (motif effect uses measured-efficacy contrast),0.7446239331451702,0.9999999981280304,ok,Inconclusive,motif_cnn33_hct116_all_cnn_ism_622,DSWKSAAGAGG,(A/G/T)(C/G)(A/T)(G/T)(C/G)AAGAGG,[AGT][CG][AT][GT][CG]AAGAGG,-,carrier_vs_background_measured_efficacy,35,Exploratory motif
CTTC,motif,cnn33,1,1/1 model families,cnn,2,2,,1 cell line(s),0.022502531457053554,,0,,,,0,not_applicable (motif effect uses measured-efficacy contrast),0.9974863455280656,0.9999999981280304,ok,Tier 3: Model-specific / exploratory evidence,motif_cnn33_hct116_sequence_cnn_ism_623,CTTC,CTTC,CTTC,+,carrier_vs_background_measured_efficacy,35,Moderate motif evidence
CC(A/T)C(A/C)(A/C/G)G(C/G)GG,motif,cnn33,1,1/1 model families,cnn,1,1,,1 cell line(s),0.054988078682147945,,0,,,,0,not_applicable (motif effect uses measured-efficacy contrast),0.03518689702728887,0.20984185863546814,ok,Inconclusive,motif_cnn33_hela_sequence_cnn_ig_624,CCWCMVGSGG,CC(A/T)C(A/C)(A/C/G)G(C/G)GG,CC[AT]C[AC][ACG]G[CG]GG,+,carrier_vs_background_measured_efficacy,35,Exploratory motif
TTTG,motif,cnn33,1,1/1 model families,cnn,2,2,,1 cell line(s),-0.06918282638389966,,0,,,,0,not_applicable (motif effect uses measured-efficacy contrast),0.9991186933960619,0.9999999981280304,ok,Tier 3: Model-specific / exploratory evidence,motif_cnn33_hl60_all_cnn_ism_625,TTTG,TTTG,TTTG,-,carrier_vs_background_measured_efficacy,35,Moderate motif evidence
ACGGG,motif,cnn53,1,1/1 model families,cnn,6,1,,1 cell line(s),0.013813384158288644,,0,,,,0,not_applicable (motif effect uses measured-efficacy contrast),0.01830445338131412,0.155944434001845,ok,Tier 3: Model-specific / exploratory evidence,motif_cnn53_hct116_sequence_cnn_ism_626,ACGGG,ACGGG,ACGGG,+,carrier_vs_background_measured_efficacy,35,Model-specific motif
CTCA,motif,cnn33,1,1/1 model families,cnn,2,2,,1 cell line(s),-0.04324410410380869,,0,,,,0,not_applicable (motif effect uses measured-efficacy contrast),0.7339980146116555,0.9999999981280304,ok,Tier 3: Model-specific / exploratory evidence,motif_cnn33_hct116_sequence_cnn_ism_627,CTCA,CTCA,CTCA,-,carrier_vs_background_measured_efficacy,34,Moderate motif evidence
GTAGG,motif,cnn33,1,1/1 model families,cnn,5,3,,1 cell line(s),0.050220996677624224,,0,,,,0,not_applicable (motif effect uses measured-efficacy contrast),0.09410628105214926,0.30229076119441606,ok,Tier 3: Model-specific / exploratory evidence,motif_cnn33_hl60_all_cnn_ism_628,GTAGG,GTAGG,GTAGG,+,carrier_vs_background_measured_efficacy,34,Moderate motif evidence
CTTG,motif,cnn33,1,1/1 model families,cnn,3,2,,1 cell line(s),-0.02323652112362004,,0,,,,0,not_applicable (motif effect uses measured-efficacy contrast),0.9572122283014215,0.9999999981280304,ok,Tier 3: Model-specific / exploratory evidence,motif_cnn33_hl60_sequence_cnn_ism_629,CTTG,CTTG,CTTG,-,carrier_vs_background_measured_efficacy,34,Moderate motif evidence
GCGGG,motif,cnn53,1,1/1 model families,cnn,8,2,,1 cell line(s),-0.004888219188333737,,0,,,,0,not_applicable (motif effect uses measured-efficacy contrast),0.45889620801210895,0.9679611332988535,ok,Inconclusive,motif_cnn53_hct116_sequence_cnn_ism_630,GCGGG,GCGGG,GCGGG,-,carrier_vs_background_measured_efficacy,34,Moderate motif evidence
GGAG,motif,cnn53,1,1/1 model families,cnn,2,1,,1 cell line(s),0.017242557414521353,,0,,,,0,not_applicable (motif effect uses measured-efficacy contrast),0.0406696604736132,0.2319938893103501,ok,Tier 3: Model-specific / exploratory evidence,motif_cnn53_hl60_all_cnn_ism_631,GGAG,GGAG,GGAG,+,carrier_vs_background_measured_efficacy,34,Model-specific motif
GGAG,motif,cnn53,1,1/1 model families,cnn,2,1,,1 cell line(s),0.016083441045257302,,0,,,,0,not_applicable (motif effect uses measured-efficacy contrast),0.0406696604736132,0.2319938893103501,ok,Tier 3: Model-specific / exploratory evidence,motif_cnn53_hl60_sequence_cnn_ism_632,GGAG,GGAG,GGAG,+,carrier_vs_background_measured_efficacy,34,Model-specific motif
ATTG,motif,cnn33,1,1/1 model families,cnn,2,2,,1 cell line(s),-0.03534735815554632,,0,,,,0,not_applicable (motif effect uses measured-efficacy contrast),0.7891741788324251,0.9999999981280304,ok,Tier 3: Model-specific / exploratory evidence,motif_cnn33_hl60_all_cnn_ism_633,ATTG,ATTG,ATTG,-,carrier_vs_background_measured_efficacy,33,Moderate motif evidence
ATGG,motif,cnn53,1,1/1 model families,cnn,5,2,,1 cell line(s),-0.018316591577690472,,0,,,,0,not_applicable (motif effect uses measured-efficacy contrast),0.0766084731168302,0.2590472080651578,ok,Tier 3: Model-specific / exploratory evidence,motif_cnn53_hek293t_all_cnn_ism_634,ATGG,ATGG,ATGG,-,carrier_vs_background_measured_efficacy,33,Moderate motif evidence
GCTG,motif,cnn53,1,1/1 model families,cnn,3,1,,1 cell line(s),0.044458812174728884,,0,,,,0,not_applicable (motif effect uses measured-efficacy contrast),0.9999116466016404,0.9999999981280304,ok,Tier 3: Model-specific / exploratory evidence,motif_cnn53_hl60_sequence_cnn_ism_635,GCTG,GCTG,GCTG,+,carrier_vs_background_measured_efficacy,33,Model-specific motif
GAGG,motif,cnn53,1,1/1 model families,cnn,7,1,,1 cell line(s),0.09608047578878448,,0,,,,0,not_applicable (motif effect uses measured-efficacy contrast),0.0029209226284590056,0.03090524587530819,ok,Tier 3: Model-specific / exploratory evidence,motif_cnn53_hct116_sequence_cnn_ism_636,GAGG,GAGG,GAGG,+,carrier_vs_background_measured_efficacy,33,Model-specific motif
AGGA,motif,cnn73,1,1/1 model families,cnn,1,1,,1 cell line(s),0.0034250413945710323,,0,,,,0,not_applicable (motif effect uses measured-efficacy contrast),0.22649152445603923,0.5123394484246957,ok,Inconclusive,motif_cnn73_hek293t_all_cnn_ism_637,AGGA,AGGA,AGGA,+,carrier_vs_background_measured_efficacy,33,Exploratory motif
GTTGG,motif,cnn33,1,1/1 model families,cnn,9,2,,1 cell line(s),-0.009941843868262162,,0,,,,0,not_applicable (motif effect uses measured-efficacy contrast),0.6273659733428704,0.9999999981280304,ok,Inconclusive,motif_cnn33_hl60_all_cnn_ism_638,GTTGG,GTTGG,GTTGG,-,carrier_vs_background_measured_efficacy,32,Moderate motif evidence
GCTT,motif,cnn53,1,1/1 model families,cnn,1,1,,1 cell line(s),0.029654169661982394,,0,,,,0,not_applicable (motif effect uses measured-efficacy contrast),0.9532555128627996,0.9999999981280304,ok,Inconclusive,motif_cnn53_hek293t_all_cnn_ism_639,GCTT,GCTT,GCTT,+,carrier_vs_background_measured_efficacy,32,Exploratory motif
GCTT,motif,cnn53,1,1/1 model families,cnn,1,1,,1 cell line(s),0.015117149448924339,,0,,,,0,not_applicable (motif effect uses measured-efficacy contrast),0.9532555128627996,0.9999999981280304,ok,Inconclusive,motif_cnn53_hek293t_sequence_cnn_ism_640,GCTT,GCTT,GCTT,+,carrier_vs_background_measured_efficacy,32,Exploratory motif
AGGTG,motif,cnn53,1,1/1 model families,cnn,1,1,,1 cell line(s),0.021262883615648404,,0,,,,0,not_applicable (motif effect uses measured-efficacy contrast),0.340674481199755,0.735139669957366,ok,Inconclusive,motif_cnn53_hl60_sequence_cnn_ism_641,AGGTG,AGGTG,AGGTG,+,carrier_vs_background_measured_efficacy,32,Exploratory motif
(A/G)G(A/C/G/T)(A/T)(C/G)CCATGG,motif,cnn33,1,1/1 model families,cnn,1,1,,1 cell line(s),0.07159438862000311,,0,,,,0,not_applicable (motif effect uses measured-efficacy contrast),0.018267987476795797,0.155944434001845,ok,Inconclusive,motif_cnn33_hela_sequence_cnn_ism_642,RGNWSCCATGG,(A/G)G(A/C/G/T)(A/T)(C/G)CCATGG,[AG]G[ACGT][AT][CG]CCATGG,+,carrier_vs_background_measured_efficacy,31,Exploratory motif
TTTGG,motif,cnn33,1,1/1 model families,cnn,8,2,,1 cell line(s),-0.07053159436747408,,0,,,,0,not_applicable (motif effect uses measured-efficacy contrast),0.758943547168888,0.9999999981280304,ok,Tier 3: Model-specific / exploratory evidence,motif_cnn33_hl60_all_cnn_ism_643,TTTGG,TTTGG,TTTGG,-,carrier_vs_background_measured_efficacy,31,Moderate motif evidence
TTTG,motif,cnn33,1,1/1 model families,cnn,1,1,,1 cell line(s),-0.07053159436747408,,0,,,,0,not_applicable (motif effect uses measured-efficacy contrast),0.9991186933960619,0.9999999981280304,ok,Inconclusive,motif_cnn33_hl60_sequence_cnn_ism_644,TTTG,TTTG,TTTG,-,carrier_vs_background_measured_efficacy,31,Exploratory motif
TTTGG,motif,cnn33,1,1/1 model families,cnn,5,2,,1 cell line(s),-0.07053159436747408,,0,,,,0,not_applicable (motif effect uses measured-efficacy contrast),0.758943547168888,0.9999999981280304,ok,Tier 3: Model-specific / exploratory evidence,motif_cnn33_hl60_sequence_cnn_ism_645,TTTGG,TTTGG,TTTGG,-,carrier_vs_background_measured_efficacy,31,Moderate motif evidence
GTGG,motif,cnn53,1,1/1 model families,cnn,3,2,,1 cell line(s),-0.0029296851603314022,,0,,,,0,not_applicable (motif effect uses measured-efficacy contrast),0.2010127514868136,0.46595181970088245,ok,Inconclusive,motif_cnn53_hek293t_sequence_cnn_ism_646,GTGG,GTGG,GTGG,-,carrier_vs_background_measured_efficacy,31,Moderate motif evidence
TGTT,motif,cnn53,1,1/1 model families,cnn,1,1,,1 cell line(s),-0.005705992742239874,,0,,,,0,not_applicable (motif effect uses measured-efficacy contrast),0.9965193289850188,0.9999999981280304,ok,Inconclusive,motif_cnn53_hek293t_all_cnn_ism_647,TGTT,TGTT,TGTT,-,carrier_vs_background_measured_efficacy,31,Exploratory motif
TGGT,motif,cnn53,1,1/1 model families,cnn,1,1,,1 cell line(s),0.04586251477971198,,0,,,,0,not_applicable (motif effect uses measured-efficacy contrast),0.4849584199054758,0.9999999981280304,ok,Inconclusive,motif_cnn53_hl60_sequence_cnn_ism_648,TGGT,TGGT,TGGT,+,carrier_vs_background_measured_efficacy,31,Exploratory motif
ATTGG,motif,cnn33,1,1/1 model families,cnn,8,2,,1 cell line(s),0.016921228371441638,,0,,,,0,not_applicable (motif effect uses measured-efficacy contrast),0.6117894429783675,0.9999999981280304,ok,Tier 3: Model-specific / exploratory evidence,motif_cnn33_hek293t_all_cnn_ism_649,ATTGG,ATTGG,ATTGG,+,carrier_vs_background_measured_efficacy,30,Moderate motif evidence
ATTG,motif,cnn33,1,1/1 model families,cnn,2,2,,1 cell line(s),0.016921228371441638,,0,,,,0,not_applicable (motif effect uses measured-efficacy contrast),0.7891741788324251,0.9999999981280304,ok,Tier 3: Model-specific / exploratory evidence,motif_cnn33_hek293t_all_cnn_ism_650,ATTG,ATTG,ATTG,+,carrier_vs_background_measured_efficacy,30,Moderate motif evidence
GTTG,motif,cnn33,1,1/1 model families,cnn,2,2,,1 cell line(s),0.00612753007604222,,0,,,,0,not_applicable (motif effect uses measured-efficacy contrast),0.9264836362146988,0.9999999981280304,ok,Inconclusive,motif_cnn33_hek293t_all_cnn_ism_651,GTTG,GTTG,GTTG,+,carrier_vs_background_measured_efficacy,30,Moderate motif evidence
GTTG,motif,cnn33,1,1/1 model families,cnn,2,2,,1 cell line(s),-0.0102962751864486,,0,,,,0,not_applicable (motif effect uses measured-efficacy contrast),0.9264836362146988,0.9999999981280304,ok,Tier 3: Model-specific / exploratory evidence,motif_cnn33_hl60_all_cnn_ism_652,GTTG,GTTG,GTTG,-,carrier_vs_background_measured_efficacy,30,Moderate motif evidence
GTTG,motif,cnn33,1,1/1 model families,cnn,1,1,,1 cell line(s),-0.007297780984117291,,0,,,,0,not_applicable (motif effect uses measured-efficacy contrast),0.9264836362146988,0.9999999981280304,ok,Inconclusive,motif_cnn33_hl60_sequence_cnn_ism_653,GTTG,GTTG,GTTG,-,carrier_vs_background_measured_efficacy,30,Exploratory motif
TTGG,motif,cnn53,1,1/1 model families,cnn,2,1,,1 cell line(s),0.017477987902631525,,0,,,,0,not_applicable (motif effect uses measured-efficacy contrast),0.9846074828444094,0.9999999981280304,ok,Tier 3: Model-specific / exploratory evidence,motif_cnn53_hek293t_sequence_cnn_ism_654,TTGG,TTGG,TTGG,+,carrier_vs_background_measured_efficacy,30,Model-specific motif
TTGGG,motif,cnn53,1,1/1 model families,cnn,4,1,,1 cell line(s),0.017477987902631525,,0,,,,0,not_applicable (motif effect uses measured-efficacy contrast),0.8820148499508667,0.9999999981280304,ok,Tier 3: Model-specific / exploratory evidence,motif_cnn53_hek293t_sequence_cnn_ism_655,TTGGG,TTGGG,TTGGG,+,carrier_vs_background_measured_efficacy,30,Model-specific motif
GTGGG,motif,cnn53,1,1/1 model families,cnn,4,2,,1 cell line(s),-7.068277917168797e-05,,0,,,,0,not_applicable (motif effect uses measured-efficacy contrast),0.6400028850805872,0.9999999981280304,ok,Inconclusive,motif_cnn53_hek293t_sequence_cnn_ism_656,GTGGG,GTGGG,GTGGG,-,carrier_vs_background_measured_efficacy,30,Moderate motif evidence
