motif_id,foreground_definition,background_definition,foreground_count,foreground_total,background_count,background_total,effect,enrichment,odds_ratio,p_value,FDR,fdr_family,status,reason
motif_cnn33_hela_sequence_cnn_ig_001,efficacy >= q0.67,all_eligible_sequences,1192,5528,4150,16749,-0.03214646419480818,0.8702599689641344,0.8345934290668208,0.9999995461087219,0.9999999981280304,motif_enrichment,ok,
motif_cnn33_hela_all_cnn_ig_002,efficacy >= q0.67,all_eligible_sequences,1192,5528,4150,16749,-0.03214646419480818,0.8702599689641344,0.8345934290668208,0.9999995461087219,0.9999999981280304,motif_enrichment,ok,
motif_cnn53_hela_sequence_cnn_ig_003,efficacy >= q0.67,all_eligible_sequences,1192,5528,4150,16749,-0.03214646419480818,0.8702599689641344,0.8345934290668208,0.9999995461087219,0.9999999981280304,motif_enrichment,ok,
motif_cnn73_hela_all_cnn_ig_004,efficacy >= q0.67,all_eligible_sequences,1192,5528,4150,16749,-0.03214646419480818,0.8702599689641344,0.8345934290668208,0.9999995461087219,0.9999999981280304,motif_enrichment,ok,
motif_cnn73_hela_sequence_cnn_ig_005,efficacy >= q0.67,all_eligible_sequences,1192,5528,4150,16749,-0.03214646419480818,0.8702599689641344,0.8345934290668208,0.9999995461087219,0.9999999981280304,motif_enrichment,ok,
motif_cnn73_hela_all_cnn_ig_006,efficacy >= q0.67,all_eligible_sequences,1192,5528,4150,16749,-0.03214646419480818,0.8702599689641344,0.8345934290668208,0.9999995461087219,0.9999999981280304,motif_enrichment,ok,
motif_cnn73_hela_sequence_cnn_ig_007,efficacy >= q0.67,all_eligible_sequences,1192,5528,4150,16749,-0.03214646419480818,0.8702599689641344,0.8345934290668208,0.9999995461087219,0.9999999981280304,motif_enrichment,ok,
motif_cnn33_hela_all_cnn_ism_008,efficacy >= q0.67,all_eligible_sequences,1192,5528,4150,16749,-0.03214646419480818,0.8702599689641344,0.8345934290668208,0.9999995461087219,0.9999999981280304,motif_enrichment,ok,
motif_cnn33_hela_all_cnn_ig_009,efficacy >= q0.67,all_eligible_sequences,1192,5528,4150,16749,-0.03214646419480818,0.8702599689641344,0.8345934290668208,0.9999995461087219,0.9999999981280304,motif_enrichment,ok,
motif_cnn53_hela_sequence_cnn_ig_010,efficacy >= q0.67,all_eligible_sequences,1192,5528,4150,16749,-0.03214646419480818,0.8702599689641344,0.8345934290668208,0.9999995461087219,0.9999999981280304,motif_enrichment,ok,
motif_cnn53_hela_all_cnn_ig_011,efficacy >= q0.67,all_eligible_sequences,1192,5528,4150,16749,-0.03214646419480818,0.8702599689641344,0.8345934290668208,0.9999995461087219,0.9999999981280304,motif_enrichment,ok,
motif_cnn33_hela_sequence_cnn_ig_012,efficacy >= q0.67,all_eligible_sequences,1406,5528,4561,16749,-0.01797323105191756,0.9339983234184243,0.911485378907581,0.9958846218844343,0.9999999981280304,motif_enrichment,ok,
motif_cnn33_hela_sequence_cnn_ig_013,efficacy >= q0.67,all_eligible_sequences,1406,5528,4561,16749,-0.01797323105191756,0.9339983234184243,0.911485378907581,0.9958846218844343,0.9999999981280304,motif_enrichment,ok,
motif_cnn53_hela_all_cnn_ig_014,efficacy >= q0.67,all_eligible_sequences,1406,5528,4561,16749,-0.01797323105191756,0.9339983234184243,0.911485378907581,0.9958846218844343,0.9999999981280304,motif_enrichment,ok,
motif_cnn53_hela_sequence_cnn_ig_015,efficacy >= q0.67,all_eligible_sequences,1406,5528,4561,16749,-0.01797323105191756,0.9339983234184243,0.911485378907581,0.9958846218844343,0.9999999981280304,motif_enrichment,ok,
motif_cnn53_hela_all_cnn_ig_016,efficacy >= q0.67,all_eligible_sequences,1406,5528,4561,16749,-0.01797323105191756,0.9339983234184243,0.911485378907581,0.9958846218844343,0.9999999981280304,motif_enrichment,ok,
motif_cnn73_hela_all_cnn_ig_017,efficacy >= q0.67,all_eligible_sequences,1406,5528,4561,16749,-0.01797323105191756,0.9339983234184243,0.911485378907581,0.9958846218844343,0.9999999981280304,motif_enrichment,ok,
motif_cnn73_hela_sequence_cnn_ig_018,efficacy >= q0.67,all_eligible_sequences,1406,5528,4561,16749,-0.01797323105191756,0.9339983234184243,0.911485378907581,0.9958846218844343,0.9999999981280304,motif_enrichment,ok,
motif_cnn73_hela_all_cnn_ig_019,efficacy >= q0.67,all_eligible_sequences,1406,5528,4561,16749,-0.01797323105191756,0.9339983234184243,0.911485378907581,0.9958846218844343,0.9999999981280304,motif_enrichment,ok,
motif_cnn73_hela_sequence_cnn_ig_020,efficacy >= q0.67,all_eligible_sequences,1406,5528,4561,16749,-0.01797323105191756,0.9339983234184243,0.911485378907581,0.9958846218844343,0.9999999981280304,motif_enrichment,ok,
motif_cnn33_hela_all_cnn_ig_021,efficacy >= q0.67,all_eligible_sequences,1406,5528,4561,16749,-0.01797323105191756,0.9339983234184243,0.911485378907581,0.9958846218844343,0.9999999981280304,motif_enrichment,ok,
motif_cnn53_hela_all_cnn_ig_022,efficacy >= q0.67,all_eligible_sequences,1192,5528,4150,16749,-0.03214646419480818,0.8702599689641344,0.8345934290668208,0.9999995461087219,0.9999999981280304,motif_enrichment,ok,
motif_cnn33_hela_all_cnn_ism_023,efficacy >= q0.67,all_eligible_sequences,1406,5528,4561,16749,-0.01797323105191756,0.9339983234184243,0.911485378907581,0.9958846218844343,0.9999999981280304,motif_enrichment,ok,
motif_cnn53_hela_sequence_cnn_ig_024,efficacy >= q0.67,all_eligible_sequences,1406,5528,4561,16749,-0.01797323105191756,0.9339983234184243,0.911485378907581,0.9958846218844343,0.9999999981280304,motif_enrichment,ok,
motif_cnn33_hela_sequence_cnn_ig_025,efficacy >= q0.67,all_eligible_sequences,1340,5528,3756,16749,0.018150121323959184,1.0809362039550032,1.1068326971020197,0.0029209226284590056,0.03090524587530819,motif_enrichment,ok,
motif_cnn53_hela_all_cnn_ig_026,efficacy >= q0.67,all_eligible_sequences,1340,5528,3756,16749,0.018150121323959184,1.0809362039550032,1.1068326971020197,0.0029209226284590056,0.03090524587530819,motif_enrichment,ok,
motif_cnn53_hela_sequence_cnn_ig_027,efficacy >= q0.67,all_eligible_sequences,1340,5528,3756,16749,0.018150121323959184,1.0809362039550032,1.1068326971020197,0.0029209226284590056,0.03090524587530819,motif_enrichment,ok,
motif_cnn73_hela_all_cnn_ig_028,efficacy >= q0.67,all_eligible_sequences,1340,5528,3756,16749,0.018150121323959184,1.0809362039550032,1.1068326971020197,0.0029209226284590056,0.03090524587530819,motif_enrichment,ok,
motif_cnn73_hela_sequence_cnn_ig_029,efficacy >= q0.67,all_eligible_sequences,1340,5528,3756,16749,0.018150121323959184,1.0809362039550032,1.1068326971020197,0.0029209226284590056,0.03090524587530819,motif_enrichment,ok,
motif_cnn73_hela_all_cnn_ig_030,efficacy >= q0.67,all_eligible_sequences,1340,5528,3756,16749,0.018150121323959184,1.0809362039550032,1.1068326971020197,0.0029209226284590056,0.03090524587530819,motif_enrichment,ok,
motif_cnn73_hela_sequence_cnn_ig_031,efficacy >= q0.67,all_eligible_sequences,1340,5528,3756,16749,0.018150121323959184,1.0809362039550032,1.1068326971020197,0.0029209226284590056,0.03090524587530819,motif_enrichment,ok,
motif_cnn33_hela_all_cnn_ig_032,efficacy >= q0.67,all_eligible_sequences,1156,5528,3563,16749,-0.0036118967380734113,0.9830211455329801,0.9785317686427984,0.7216160884684157,0.9999999981280304,motif_enrichment,ok,
motif_cnn33_hela_sequence_cnn_ig_033,efficacy >= q0.67,all_eligible_sequences,1156,5528,3563,16749,-0.0036118967380734113,0.9830211455329801,0.9785317686427984,0.7216160884684157,0.9999999981280304,motif_enrichment,ok,
motif_cnn33_hela_all_cnn_ig_034,efficacy >= q0.67,all_eligible_sequences,1156,5528,3563,16749,-0.0036118967380734113,0.9830211455329801,0.9785317686427984,0.7216160884684157,0.9999999981280304,motif_enrichment,ok,
motif_cnn53_hela_all_cnn_ig_035,efficacy >= q0.67,all_eligible_sequences,1156,5528,3563,16749,-0.0036118967380734113,0.9830211455329801,0.9785317686427984,0.7216160884684157,0.9999999981280304,motif_enrichment,ok,
motif_cnn53_hela_sequence_cnn_ig_036,efficacy >= q0.67,all_eligible_sequences,1156,5528,3563,16749,-0.0036118967380734113,0.9830211455329801,0.9785317686427984,0.7216160884684157,0.9999999981280304,motif_enrichment,ok,
motif_cnn73_hela_all_cnn_ig_037,efficacy >= q0.67,all_eligible_sequences,1156,5528,3563,16749,-0.0036118967380734113,0.9830211455329801,0.9785317686427984,0.7216160884684157,0.9999999981280304,motif_enrichment,ok,
motif_cnn73_hela_sequence_cnn_ig_038,efficacy >= q0.67,all_eligible_sequences,1156,5528,3563,16749,-0.0036118967380734113,0.9830211455329801,0.9785317686427984,0.7216160884684157,0.9999999981280304,motif_enrichment,ok,
motif_cnn73_hela_all_cnn_ig_039,efficacy >= q0.67,all_eligible_sequences,1156,5528,3563,16749,-0.0036118967380734113,0.9830211455329801,0.9785317686427984,0.7216160884684157,0.9999999981280304,motif_enrichment,ok,
motif_cnn73_hela_sequence_cnn_ig_040,efficacy >= q0.67,all_eligible_sequences,1156,5528,3563,16749,-0.0036118967380734113,0.9830211455329801,0.9785317686427984,0.7216160884684157,0.9999999981280304,motif_enrichment,ok,
motif_cnn33_hela_all_cnn_ism_041,efficacy >= q0.67,all_eligible_sequences,1156,5528,3563,16749,-0.0036118967380734113,0.9830211455329801,0.9785317686427984,0.7216160884684157,0.9999999981280304,motif_enrichment,ok,
motif_cnn53_hela_sequence_cnn_ig_042,efficacy >= q0.67,all_eligible_sequences,1156,5528,3563,16749,-0.0036118967380734113,0.9830211455329801,0.9785317686427984,0.7216160884684157,0.9999999981280304,motif_enrichment,ok,
motif_cnn53_hela_all_cnn_ig_043,efficacy >= q0.67,all_eligible_sequences,1156,5528,3563,16749,-0.0036118967380734113,0.9830211455329801,0.9785317686427984,0.7216160884684157,0.9999999981280304,motif_enrichment,ok,
motif_cnn33_hela_sequence_cnn_ig_044,efficacy >= q0.67,all_eligible_sequences,992,5528,2863,16749,0.008514494115422933,1.0498111288645542,1.0607045679813174,0.0766084731168302,0.2590472080651578,motif_enrichment,ok,
motif_cnn53_hela_sequence_cnn_ig_045,efficacy >= q0.67,all_eligible_sequences,992,5528,2863,16749,0.008514494115422933,1.0498111288645542,1.0607045679813174,0.0766084731168302,0.2590472080651578,motif_enrichment,ok,
motif_cnn73_hela_all_cnn_ig_046,efficacy >= q0.67,all_eligible_sequences,992,5528,2863,16749,0.008514494115422933,1.0498111288645542,1.0607045679813174,0.0766084731168302,0.2590472080651578,motif_enrichment,ok,
motif_cnn73_hela_sequence_cnn_ig_047,efficacy >= q0.67,all_eligible_sequences,992,5528,2863,16749,0.008514494115422933,1.0498111288645542,1.0607045679813174,0.0766084731168302,0.2590472080651578,motif_enrichment,ok,
motif_cnn73_hela_all_cnn_ig_048,efficacy >= q0.67,all_eligible_sequences,992,5528,2863,16749,0.008514494115422933,1.0498111288645542,1.0607045679813174,0.0766084731168302,0.2590472080651578,motif_enrichment,ok,
motif_cnn73_hela_sequence_cnn_ig_049,efficacy >= q0.67,all_eligible_sequences,992,5528,2863,16749,0.008514494115422933,1.0498111288645542,1.0607045679813174,0.0766084731168302,0.2590472080651578,motif_enrichment,ok,
motif_cnn33_hela_all_cnn_ig_050,efficacy >= q0.67,all_eligible_sequences,992,5528,2863,16749,0.008514494115422933,1.0498111288645542,1.0607045679813174,0.0766084731168302,0.2590472080651578,motif_enrichment,ok,
motif_cnn73_hela_sequence_cnn_ism_051,efficacy >= q0.67,all_eligible_sequences,1406,5528,4561,16749,-0.01797323105191756,0.9339983234184243,0.911485378907581,0.9958846218844343,0.9999999981280304,motif_enrichment,ok,
motif_cnn53_hela_all_cnn_ig_052,efficacy >= q0.67,all_eligible_sequences,992,5528,2863,16749,0.008514494115422933,1.0498111288645542,1.0607045679813174,0.0766084731168302,0.2590472080651578,motif_enrichment,ok,
motif_cnn33_hela_all_cnn_ism_053,efficacy >= q0.67,all_eligible_sequences,992,5528,2863,16749,0.008514494115422933,1.0498111288645542,1.0607045679813174,0.0766084731168302,0.2590472080651578,motif_enrichment,ok,
motif_cnn53_hela_sequence_cnn_ig_054,efficacy >= q0.67,all_eligible_sequences,992,5528,2863,16749,0.008514494115422933,1.0498111288645542,1.0607045679813174,0.0766084731168302,0.2590472080651578,motif_enrichment,ok,
motif_cnn33_hela_all_cnn_ig_055,efficacy >= q0.67,all_eligible_sequences,992,5528,2863,16749,0.008514494115422933,1.0498111288645542,1.0607045679813174,0.0766084731168302,0.2590472080651578,motif_enrichment,ok,
motif_cnn33_hela_all_cnn_ism_056,efficacy >= q0.67,all_eligible_sequences,1340,5528,3756,16749,0.018150121323959184,1.0809362039550032,1.1068326971020197,0.0029209226284590056,0.03090524587530819,motif_enrichment,ok,
motif_cnn33_hela_sequence_cnn_ig_057,efficacy >= q0.67,all_eligible_sequences,948,5528,2789,16749,0.004973189318860344,1.0298658830769423,1.036047729617759,0.2010127514868136,0.46595181970088245,motif_enrichment,ok,
motif_cnn53_hela_all_cnn_ig_058,efficacy >= q0.67,all_eligible_sequences,948,5528,2789,16749,0.004973189318860344,1.0298658830769423,1.036047729617759,0.2010127514868136,0.46595181970088245,motif_enrichment,ok,
motif_cnn53_hela_sequence_cnn_ig_059,efficacy >= q0.67,all_eligible_sequences,948,5528,2789,16749,0.004973189318860344,1.0298658830769423,1.036047729617759,0.2010127514868136,0.46595181970088245,motif_enrichment,ok,
motif_cnn73_hela_all_cnn_ig_060,efficacy >= q0.67,all_eligible_sequences,948,5528,2789,16749,0.004973189318860344,1.0298658830769423,1.036047729617759,0.2010127514868136,0.46595181970088245,motif_enrichment,ok,
motif_cnn73_hela_sequence_cnn_ig_061,efficacy >= q0.67,all_eligible_sequences,948,5528,2789,16749,0.004973189318860344,1.0298658830769423,1.036047729617759,0.2010127514868136,0.46595181970088245,motif_enrichment,ok,
motif_cnn73_hela_all_cnn_ig_062,efficacy >= q0.67,all_eligible_sequences,948,5528,2789,16749,0.004973189318860344,1.0298658830769423,1.036047729617759,0.2010127514868136,0.46595181970088245,motif_enrichment,ok,
motif_cnn73_hela_sequence_cnn_ig_063,efficacy >= q0.67,all_eligible_sequences,948,5528,2789,16749,0.004973189318860344,1.0298658830769423,1.036047729617759,0.2010127514868136,0.46595181970088245,motif_enrichment,ok,
motif_cnn53_hela_all_cnn_ig_064,efficacy >= q0.67,all_eligible_sequences,992,5528,2863,16749,0.008514494115422933,1.0498111288645542,1.0607045679813174,0.0766084731168302,0.2590472080651578,motif_enrichment,ok,
motif_cnn33_hela_sequence_cnn_ig_065,efficacy >= q0.67,all_eligible_sequences,1340,5528,3756,16749,0.018150121323959184,1.0809362039550032,1.1068326971020197,0.0029209226284590056,0.03090524587530819,motif_enrichment,ok,
motif_cnn33_hela_sequence_cnn_ig_066,efficacy >= q0.67,all_eligible_sequences,1156,5528,3563,16749,-0.0036118967380734113,0.9830211455329801,0.9785317686427984,0.7216160884684157,0.9999999981280304,motif_enrichment,ok,
motif_cnn53_hela_sequence_cnn_ig_067,efficacy >= q0.67,all_eligible_sequences,1340,5528,3756,16749,0.018150121323959184,1.0809362039550032,1.1068326971020197,0.0029209226284590056,0.03090524587530819,motif_enrichment,ok,
motif_cnn73_hela_sequence_cnn_ism_068,efficacy >= q0.67,all_eligible_sequences,1340,5528,3756,16749,0.018150121323959184,1.0809362039550032,1.1068326971020197,0.0029209226284590056,0.03090524587530819,motif_enrichment,ok,
motif_cnn53_hela_all_cnn_ig_069,efficacy >= q0.67,all_eligible_sequences,1340,5528,3756,16749,0.018150121323959184,1.0809362039550032,1.1068326971020197,0.0029209226284590056,0.03090524587530819,motif_enrichment,ok,
motif_cnn33_hela_all_cnn_ig_070,efficacy >= q0.67,all_eligible_sequences,1340,5528,3756,16749,0.018150121323959184,1.0809362039550032,1.1068326971020197,0.0029209226284590056,0.03090524587530819,motif_enrichment,ok,
motif_cnn33_hela_all_cnn_ism_071,efficacy >= q0.67,all_eligible_sequences,948,5528,2789,16749,0.004973189318860344,1.0298658830769423,1.036047729617759,0.2010127514868136,0.46595181970088245,motif_enrichment,ok,
motif_cnn33_hct116_sequence_cnn_ig_072,efficacy >= q0.67,all_eligible_sequences,1192,5528,4150,16749,-0.03214646419480818,0.8702599689641344,0.8345934290668208,0.9999995461087219,0.9999999981280304,motif_enrichment,ok,
motif_cnn33_hct116_all_cnn_ig_073,efficacy >= q0.67,all_eligible_sequences,1192,5528,4150,16749,-0.03214646419480818,0.8702599689641344,0.8345934290668208,0.9999995461087219,0.9999999981280304,motif_enrichment,ok,
motif_cnn33_hct116_sequence_cnn_ig_074,efficacy >= q0.67,all_eligible_sequences,1192,5528,4150,16749,-0.03214646419480818,0.8702599689641344,0.8345934290668208,0.9999995461087219,0.9999999981280304,motif_enrichment,ok,
motif_cnn53_hct116_all_cnn_ig_075,efficacy >= q0.67,all_eligible_sequences,1192,5528,4150,16749,-0.03214646419480818,0.8702599689641344,0.8345934290668208,0.9999995461087219,0.9999999981280304,motif_enrichment,ok,
motif_cnn53_hct116_sequence_cnn_ig_076,efficacy >= q0.67,all_eligible_sequences,1192,5528,4150,16749,-0.03214646419480818,0.8702599689641344,0.8345934290668208,0.9999995461087219,0.9999999981280304,motif_enrichment,ok,
motif_cnn53_hct116_all_cnn_ig_077,efficacy >= q0.67,all_eligible_sequences,1192,5528,4150,16749,-0.03214646419480818,0.8702599689641344,0.8345934290668208,0.9999995461087219,0.9999999981280304,motif_enrichment,ok,
motif_cnn53_hct116_sequence_cnn_ig_078,efficacy >= q0.67,all_eligible_sequences,1192,5528,4150,16749,-0.03214646419480818,0.8702599689641344,0.8345934290668208,0.9999995461087219,0.9999999981280304,motif_enrichment,ok,
motif_cnn73_hct116_all_cnn_ig_079,efficacy >= q0.67,all_eligible_sequences,1192,5528,4150,16749,-0.03214646419480818,0.8702599689641344,0.8345934290668208,0.9999995461087219,0.9999999981280304,motif_enrichment,ok,
motif_cnn73_hct116_sequence_cnn_ig_080,efficacy >= q0.67,all_eligible_sequences,1192,5528,4150,16749,-0.03214646419480818,0.8702599689641344,0.8345934290668208,0.9999995461087219,0.9999999981280304,motif_enrichment,ok,
motif_cnn73_hct116_all_cnn_ig_081,efficacy >= q0.67,all_eligible_sequences,1192,5528,4150,16749,-0.03214646419480818,0.8702599689641344,0.8345934290668208,0.9999995461087219,0.9999999981280304,motif_enrichment,ok,
motif_cnn73_hct116_sequence_cnn_ig_082,efficacy >= q0.67,all_eligible_sequences,1192,5528,4150,16749,-0.03214646419480818,0.8702599689641344,0.8345934290668208,0.9999995461087219,0.9999999981280304,motif_enrichment,ok,
motif_cnn53_hela_all_cnn_ig_083,efficacy >= q0.67,all_eligible_sequences,948,5528,2789,16749,0.004973189318860344,1.0298658830769423,1.036047729617759,0.2010127514868136,0.46595181970088245,motif_enrichment,ok,
motif_cnn53_hela_sequence_cnn_ig_084,efficacy >= q0.67,all_eligible_sequences,948,5528,2789,16749,0.004973189318860344,1.0298658830769423,1.036047729617759,0.2010127514868136,0.46595181970088245,motif_enrichment,ok,
motif_cnn33_hela_sequence_cnn_ig_085,efficacy >= q0.67,all_eligible_sequences,948,5528,2789,16749,0.004973189318860344,1.0298658830769423,1.036047729617759,0.2010127514868136,0.46595181970088245,motif_enrichment,ok,
motif_cnn33_hela_sequence_cnn_ig_086,efficacy >= q0.67,all_eligible_sequences,900,5528,2553,16749,0.010380514757819953,1.0681015439399633,1.0813451458297574,0.034221384081866424,0.20595621979545298,motif_enrichment,ok,
motif_cnn73_hela_all_cnn_ig_087,efficacy >= q0.67,all_eligible_sequences,900,5528,2553,16749,0.010380514757819953,1.0681015439399633,1.0813451458297574,0.034221384081866424,0.20595621979545298,motif_enrichment,ok,
motif_cnn73_hela_sequence_cnn_ig_088,efficacy >= q0.67,all_eligible_sequences,900,5528,2553,16749,0.010380514757819953,1.0681015439399633,1.0813451458297574,0.034221384081866424,0.20595621979545298,motif_enrichment,ok,
motif_cnn73_hela_all_cnn_ig_089,efficacy >= q0.67,all_eligible_sequences,900,5528,2553,16749,0.010380514757819953,1.0681015439399633,1.0813451458297574,0.034221384081866424,0.20595621979545298,motif_enrichment,ok,
motif_cnn73_hela_sequence_cnn_ig_090,efficacy >= q0.67,all_eligible_sequences,900,5528,2553,16749,0.010380514757819953,1.0681015439399633,1.0813451458297574,0.034221384081866424,0.20595621979545298,motif_enrichment,ok,
motif_cnn33_hct116_all_cnn_ig_091,efficacy >= q0.67,all_eligible_sequences,1192,5528,4150,16749,-0.03214646419480818,0.8702599689641344,0.8345934290668208,0.9999995461087219,0.9999999981280304,motif_enrichment,ok,
motif_cnn73_hela_sequence_cnn_ism_092,efficacy >= q0.67,all_eligible_sequences,1156,5528,3563,16749,-0.0036118967380734113,0.9830211455329801,0.9785317686427984,0.7216160884684157,0.9999999981280304,motif_enrichment,ok,
motif_cnn33_hct116_sequence_cnn_ism_093,efficacy >= q0.67,all_eligible_sequences,1192,5528,4150,16749,-0.03214646419480818,0.8702599689641344,0.8345934290668208,0.9999995461087219,0.9999999981280304,motif_enrichment,ok,
motif_cnn33_hct116_all_cnn_ig_094,efficacy >= q0.67,all_eligible_sequences,1406,5528,4561,16749,-0.01797323105191756,0.9339983234184243,0.911485378907581,0.9958846218844343,0.9999999981280304,motif_enrichment,ok,
motif_cnn33_hct116_sequence_cnn_ig_095,efficacy >= q0.67,all_eligible_sequences,1406,5528,4561,16749,-0.01797323105191756,0.9339983234184243,0.911485378907581,0.9958846218844343,0.9999999981280304,motif_enrichment,ok,
motif_cnn33_hct116_all_cnn_ig_096,efficacy >= q0.67,all_eligible_sequences,1406,5528,4561,16749,-0.01797323105191756,0.9339983234184243,0.911485378907581,0.9958846218844343,0.9999999981280304,motif_enrichment,ok,
motif_cnn53_hct116_all_cnn_ig_097,efficacy >= q0.67,all_eligible_sequences,1406,5528,4561,16749,-0.01797323105191756,0.9339983234184243,0.911485378907581,0.9958846218844343,0.9999999981280304,motif_enrichment,ok,
motif_cnn53_hct116_sequence_cnn_ig_098,efficacy >= q0.67,all_eligible_sequences,1406,5528,4561,16749,-0.01797323105191756,0.9339983234184243,0.911485378907581,0.9958846218844343,0.9999999981280304,motif_enrichment,ok,
motif_cnn53_hct116_all_cnn_ig_099,efficacy >= q0.67,all_eligible_sequences,1406,5528,4561,16749,-0.01797323105191756,0.9339983234184243,0.911485378907581,0.9958846218844343,0.9999999981280304,motif_enrichment,ok,
motif_cnn53_hct116_sequence_cnn_ig_100,efficacy >= q0.67,all_eligible_sequences,1406,5528,4561,16749,-0.01797323105191756,0.9339983234184243,0.911485378907581,0.9958846218844343,0.9999999981280304,motif_enrichment,ok,
motif_cnn73_hct116_all_cnn_ig_101,efficacy >= q0.67,all_eligible_sequences,1406,5528,4561,16749,-0.01797323105191756,0.9339983234184243,0.911485378907581,0.9958846218844343,0.9999999981280304,motif_enrichment,ok,
motif_cnn73_hct116_sequence_cnn_ig_102,efficacy >= q0.67,all_eligible_sequences,1406,5528,4561,16749,-0.01797323105191756,0.9339983234184243,0.911485378907581,0.9958846218844343,0.9999999981280304,motif_enrichment,ok,
motif_cnn73_hct116_all_cnn_ig_103,efficacy >= q0.67,all_eligible_sequences,1406,5528,4561,16749,-0.01797323105191756,0.9339983234184243,0.911485378907581,0.9958846218844343,0.9999999981280304,motif_enrichment,ok,
motif_cnn73_hct116_sequence_cnn_ig_104,efficacy >= q0.67,all_eligible_sequences,1406,5528,4561,16749,-0.01797323105191756,0.9339983234184243,0.911485378907581,0.9958846218844343,0.9999999981280304,motif_enrichment,ok,
motif_cnn33_hela_all_cnn_ig_105,efficacy >= q0.67,all_eligible_sequences,900,5528,2553,16749,0.010380514757819953,1.0681015439399633,1.0813451458297574,0.034221384081866424,0.20595621979545298,motif_enrichment,ok,
motif_cnn33_hela_sequence_cnn_ig_106,efficacy >= q0.67,all_eligible_sequences,992,5528,2863,16749,0.008514494115422933,1.0498111288645542,1.0607045679813174,0.0766084731168302,0.2590472080651578,motif_enrichment,ok,
motif_cnn53_hela_sequence_cnn_ig_107,efficacy >= q0.67,all_eligible_sequences,900,5528,2553,16749,0.010380514757819953,1.0681015439399633,1.0813451458297574,0.034221384081866424,0.20595621979545298,motif_enrichment,ok,
motif_cnn53_hela_sequence_cnn_ig_108,efficacy >= q0.67,all_eligible_sequences,900,5528,2553,16749,0.010380514757819953,1.0681015439399633,1.0813451458297574,0.034221384081866424,0.20595621979545298,motif_enrichment,ok,
motif_cnn33_hela_all_cnn_ig_109,efficacy >= q0.67,all_eligible_sequences,1340,5528,3756,16749,0.018150121323959184,1.0809362039550032,1.1068326971020197,0.0029209226284590056,0.03090524587530819,motif_enrichment,ok,
motif_cnn33_hct116_all_cnn_ig_110,efficacy >= q0.67,all_eligible_sequences,1340,5528,3756,16749,0.018150121323959184,1.0809362039550032,1.1068326971020197,0.0029209226284590056,0.03090524587530819,motif_enrichment,ok,
motif_cnn53_hct116_all_cnn_ig_111,efficacy >= q0.67,all_eligible_sequences,1340,5528,3756,16749,0.018150121323959184,1.0809362039550032,1.1068326971020197,0.0029209226284590056,0.03090524587530819,motif_enrichment,ok,
motif_cnn53_hct116_sequence_cnn_ig_112,efficacy >= q0.67,all_eligible_sequences,1340,5528,3756,16749,0.018150121323959184,1.0809362039550032,1.1068326971020197,0.0029209226284590056,0.03090524587530819,motif_enrichment,ok,
motif_cnn53_hct116_sequence_cnn_ig_113,efficacy >= q0.67,all_eligible_sequences,1340,5528,3756,16749,0.018150121323959184,1.0809362039550032,1.1068326971020197,0.0029209226284590056,0.03090524587530819,motif_enrichment,ok,
motif_cnn73_hct116_all_cnn_ig_114,efficacy >= q0.67,all_eligible_sequences,1340,5528,3756,16749,0.018150121323959184,1.0809362039550032,1.1068326971020197,0.0029209226284590056,0.03090524587530819,motif_enrichment,ok,
motif_cnn73_hct116_sequence_cnn_ig_115,efficacy >= q0.67,all_eligible_sequences,1340,5528,3756,16749,0.018150121323959184,1.0809362039550032,1.1068326971020197,0.0029209226284590056,0.03090524587530819,motif_enrichment,ok,
motif_cnn73_hct116_all_cnn_ig_116,efficacy >= q0.67,all_eligible_sequences,1340,5528,3756,16749,0.018150121323959184,1.0809362039550032,1.1068326971020197,0.0029209226284590056,0.03090524587530819,motif_enrichment,ok,
motif_cnn73_hct116_sequence_cnn_ig_117,efficacy >= q0.67,all_eligible_sequences,1340,5528,3756,16749,0.018150121323959184,1.0809362039550032,1.1068326971020197,0.0029209226284590056,0.03090524587530819,motif_enrichment,ok,
motif_cnn53_hela_all_cnn_ig_118,efficacy >= q0.67,all_eligible_sequences,900,5528,2553,16749,0.010380514757819953,1.0681015439399633,1.0813451458297574,0.034221384081866424,0.20595621979545298,motif_enrichment,ok,
motif_cnn33_hela_sequence_cnn_ism_119,efficacy >= q0.67,all_eligible_sequences,793,5528,2754,16749,-0.020976207491576276,0.8724290126084201,0.8510639032099993,0.9999116466016404,0.9999999981280304,motif_enrichment,ok,
motif_cnn53_hela_all_cnn_ig_120,efficacy >= q0.67,all_eligible_sequences,382,5528,1445,16749,-0.017171057753280566,0.8009702101663002,0.7861957485035577,0.9999818685649463,0.9999999981280304,motif_enrichment,ok,
motif_cnn53_hela_sequence_cnn_ig_121,efficacy >= q0.67,all_eligible_sequences,382,5528,1445,16749,-0.017171057753280566,0.8009702101663002,0.7861957485035577,0.9999818685649463,0.9999999981280304,motif_enrichment,ok,
motif_cnn73_hela_all_cnn_ig_122,efficacy >= q0.67,all_eligible_sequences,382,5528,1445,16749,-0.017171057753280566,0.8009702101663002,0.7861957485035577,0.9999818685649463,0.9999999981280304,motif_enrichment,ok,
motif_cnn73_hela_sequence_cnn_ig_123,efficacy >= q0.67,all_eligible_sequences,382,5528,1445,16749,-0.017171057753280566,0.8009702101663002,0.7861957485035577,0.9999818685649463,0.9999999981280304,motif_enrichment,ok,
motif_cnn73_hela_all_cnn_ig_124,efficacy >= q0.67,all_eligible_sequences,382,5528,1445,16749,-0.017171057753280566,0.8009702101663002,0.7861957485035577,0.9999818685649463,0.9999999981280304,motif_enrichment,ok,
motif_cnn73_hela_sequence_cnn_ig_125,efficacy >= q0.67,all_eligible_sequences,382,5528,1445,16749,-0.017171057753280566,0.8009702101663002,0.7861957485035577,0.9999818685649463,0.9999999981280304,motif_enrichment,ok,
motif_cnn33_hct116_sequence_cnn_ig_126,efficacy >= q0.67,all_eligible_sequences,1156,5528,3563,16749,-0.0036118967380734113,0.9830211455329801,0.9785317686427984,0.7216160884684157,0.9999999981280304,motif_enrichment,ok,
motif_cnn33_hct116_all_cnn_ig_127,efficacy >= q0.67,all_eligible_sequences,1156,5528,3563,16749,-0.0036118967380734113,0.9830211455329801,0.9785317686427984,0.7216160884684157,0.9999999981280304,motif_enrichment,ok,
motif_cnn33_hct116_sequence_cnn_ig_128,efficacy >= q0.67,all_eligible_sequences,1156,5528,3563,16749,-0.0036118967380734113,0.9830211455329801,0.9785317686427984,0.7216160884684157,0.9999999981280304,motif_enrichment,ok,
motif_cnn53_hct116_sequence_cnn_ig_129,efficacy >= q0.67,all_eligible_sequences,1156,5528,3563,16749,-0.0036118967380734113,0.9830211455329801,0.9785317686427984,0.7216160884684157,0.9999999981280304,motif_enrichment,ok,
motif_cnn73_hct116_all_cnn_ig_130,efficacy >= q0.67,all_eligible_sequences,1156,5528,3563,16749,-0.0036118967380734113,0.9830211455329801,0.9785317686427984,0.7216160884684157,0.9999999981280304,motif_enrichment,ok,
motif_cnn73_hct116_sequence_cnn_ig_131,efficacy >= q0.67,all_eligible_sequences,1156,5528,3563,16749,-0.0036118967380734113,0.9830211455329801,0.9785317686427984,0.7216160884684157,0.9999999981280304,motif_enrichment,ok,
motif_cnn73_hct116_all_cnn_ig_132,efficacy >= q0.67,all_eligible_sequences,1156,5528,3563,16749,-0.0036118967380734113,0.9830211455329801,0.9785317686427984,0.7216160884684157,0.9999999981280304,motif_enrichment,ok,
motif_cnn73_hct116_sequence_cnn_ig_133,efficacy >= q0.67,all_eligible_sequences,1156,5528,3563,16749,-0.0036118967380734113,0.9830211455329801,0.9785317686427984,0.7216160884684157,0.9999999981280304,motif_enrichment,ok,
motif_cnn33_hela_all_cnn_ig_134,efficacy >= q0.67,all_eligible_sequences,948,5528,2789,16749,0.004973189318860344,1.0298658830769423,1.036047729617759,0.2010127514868136,0.46595181970088245,motif_enrichment,ok,
motif_cnn53_hela_all_cnn_ig_135,efficacy >= q0.67,all_eligible_sequences,900,5528,2553,16749,0.010380514757819953,1.0681015439399633,1.0813451458297574,0.034221384081866424,0.20595621979545298,motif_enrichment,ok,
motif_cnn33_hct116_sequence_cnn_ig_136,efficacy >= q0.67,all_eligible_sequences,1340,5528,3756,16749,0.018150121323959184,1.0809362039550032,1.1068326971020197,0.0029209226284590056,0.03090524587530819,motif_enrichment,ok,
motif_cnn73_hct116_sequence_cnn_ism_137,efficacy >= q0.67,all_eligible_sequences,1192,5528,4150,16749,-0.03214646419480818,0.8702599689641344,0.8345934290668208,0.9999995461087219,0.9999999981280304,motif_enrichment,ok,
motif_cnn33_hct116_sequence_cnn_ig_138,efficacy >= q0.67,all_eligible_sequences,992,5528,2863,16749,0.008514494115422933,1.0498111288645542,1.0607045679813174,0.0766084731168302,0.2590472080651578,motif_enrichment,ok,
motif_cnn33_hct116_all_cnn_ig_139,efficacy >= q0.67,all_eligible_sequences,992,5528,2863,16749,0.008514494115422933,1.0498111288645542,1.0607045679813174,0.0766084731168302,0.2590472080651578,motif_enrichment,ok,
motif_cnn33_hct116_sequence_cnn_ig_140,efficacy >= q0.67,all_eligible_sequences,992,5528,2863,16749,0.008514494115422933,1.0498111288645542,1.0607045679813174,0.0766084731168302,0.2590472080651578,motif_enrichment,ok,
motif_cnn53_hct116_sequence_cnn_ig_141,efficacy >= q0.67,all_eligible_sequences,992,5528,2863,16749,0.008514494115422933,1.0498111288645542,1.0607045679813174,0.0766084731168302,0.2590472080651578,motif_enrichment,ok,
motif_cnn53_hct116_all_cnn_ig_142,efficacy >= q0.67,all_eligible_sequences,992,5528,2863,16749,0.008514494115422933,1.0498111288645542,1.0607045679813174,0.0766084731168302,0.2590472080651578,motif_enrichment,ok,
motif_cnn73_hct116_all_cnn_ig_143,efficacy >= q0.67,all_eligible_sequences,992,5528,2863,16749,0.008514494115422933,1.0498111288645542,1.0607045679813174,0.0766084731168302,0.2590472080651578,motif_enrichment,ok,
motif_cnn73_hct116_sequence_cnn_ig_144,efficacy >= q0.67,all_eligible_sequences,992,5528,2863,16749,0.008514494115422933,1.0498111288645542,1.0607045679813174,0.0766084731168302,0.2590472080651578,motif_enrichment,ok,
motif_cnn73_hct116_all_cnn_ig_145,efficacy >= q0.67,all_eligible_sequences,992,5528,2863,16749,0.008514494115422933,1.0498111288645542,1.0607045679813174,0.0766084731168302,0.2590472080651578,motif_enrichment,ok,
motif_cnn73_hct116_sequence_cnn_ig_146,efficacy >= q0.67,all_eligible_sequences,992,5528,2863,16749,0.008514494115422933,1.0498111288645542,1.0607045679813174,0.0766084731168302,0.2590472080651578,motif_enrichment,ok,
motif_cnn33_hela_sequence_cnn_ig_147,efficacy >= q0.67,all_eligible_sequences,422,5528,945,16749,0.01991736077035594,1.3530115085107848,1.3821871561001995,9.79551697019818e-08,3.212929566225003e-05,motif_enrichment,ok,
motif_cnn53_hct116_all_cnn_ig_148,efficacy >= q0.67,all_eligible_sequences,1156,5528,3563,16749,-0.0036118967380734113,0.9830211455329801,0.9785317686427984,0.7216160884684157,0.9999999981280304,motif_enrichment,ok,
motif_cnn53_hct116_all_cnn_ig_149,efficacy >= q0.67,all_eligible_sequences,1156,5528,3563,16749,-0.0036118967380734113,0.9830211455329801,0.9785317686427984,0.7216160884684157,0.9999999981280304,motif_enrichment,ok,
motif_cnn33_hela_all_cnn_ig_150,efficacy >= q0.67,all_eligible_sequences,948,5528,2789,16749,0.004973189318860344,1.0298658830769423,1.036047729617759,0.2010127514868136,0.46595181970088245,motif_enrichment,ok,
motif_cnn33_hela_sequence_cnn_ism_151,efficacy >= q0.67,all_eligible_sequences,714,5528,2321,16749,-0.009414800581221405,0.9320601055860072,0.9219834365765369,0.9639326442435359,0.9999999981280304,motif_enrichment,ok,
motif_cnn53_hct116_sequence_cnn_ig_152,efficacy >= q0.67,all_eligible_sequences,1156,5528,3563,16749,-0.0036118967380734113,0.9830211455329801,0.9785317686427984,0.7216160884684157,0.9999999981280304,motif_enrichment,ok,
motif_cnn33_hct116_all_cnn_ism_153,efficacy >= q0.67,all_eligible_sequences,992,5528,2863,16749,0.008514494115422933,1.0498111288645542,1.0607045679813174,0.0766084731168302,0.2590472080651578,motif_enrichment,ok,
motif_cnn53_hct116_all_cnn_ig_154,efficacy >= q0.67,all_eligible_sequences,992,5528,2863,16749,0.008514494115422933,1.0498111288645542,1.0607045679813174,0.0766084731168302,0.2590472080651578,motif_enrichment,ok,
motif_cnn53_hct116_all_cnn_ig_155,efficacy >= q0.67,all_eligible_sequences,1340,5528,3756,16749,0.018150121323959184,1.0809362039550032,1.1068326971020197,0.0029209226284590056,0.03090524587530819,motif_enrichment,ok,
motif_cnn53_hct116_sequence_cnn_ism_156,efficacy >= q0.67,all_eligible_sequences,1192,5528,4150,16749,-0.03214646419480818,0.8702599689641344,0.8345934290668208,0.9999995461087219,0.9999999981280304,motif_enrichment,ok,
motif_cnn73_hela_sequence_cnn_ism_157,efficacy >= q0.67,all_eligible_sequences,382,5528,1445,16749,-0.017171057753280566,0.8009702101663002,0.7861957485035577,0.9999818685649463,0.9999999981280304,motif_enrichment,ok,
motif_cnn33_hela_sequence_cnn_ism_158,efficacy >= q0.67,all_eligible_sequences,382,5528,1445,16749,-0.017171057753280566,0.8009702101663002,0.7861957485035577,0.9999818685649463,0.9999999981280304,motif_enrichment,ok,
motif_cnn33_hela_all_cnn_ism_159,efficacy >= q0.67,all_eligible_sequences,446,5528,1291,16749,0.003600945050697024,1.0467174505454102,1.0508174078345194,0.20098323313506192,0.46595181970088245,motif_enrichment,ok,
motif_cnn33_hela_all_cnn_ism_160,efficacy >= q0.67,all_eligible_sequences,328,5528,1259,16749,-0.015834368667408186,0.7893488158773473,0.77606158734038,0.9999765334306173,0.9999999981280304,motif_enrichment,ok,
motif_cnn33_hela_sequence_cnn_ig_161,efficacy >= q0.67,all_eligible_sequences,328,5528,1259,16749,-0.015834368667408186,0.7893488158773473,0.77606158734038,0.9999765334306173,0.9999999981280304,motif_enrichment,ok,
motif_cnn33_hela_sequence_cnn_ig_162,efficacy >= q0.67,all_eligible_sequences,714,5528,2050,16749,0.0067652698707458825,1.055273904909816,1.0634719871918288,0.09723071739637468,0.30229076119441606,motif_enrichment,ok,
motif_cnn53_hela_all_cnn_ig_163,efficacy >= q0.67,all_eligible_sequences,714,5528,2050,16749,0.0067652698707458825,1.055273904909816,1.0634719871918288,0.09723071739637468,0.30229076119441606,motif_enrichment,ok,
motif_cnn33_hct116_all_cnn_ig_164,efficacy >= q0.67,all_eligible_sequences,948,5528,2789,16749,0.004973189318860344,1.0298658830769423,1.036047729617759,0.2010127514868136,0.46595181970088245,motif_enrichment,ok,
motif_cnn53_hct116_all_cnn_ig_165,efficacy >= q0.67,all_eligible_sequences,948,5528,2789,16749,0.004973189318860344,1.0298658830769423,1.036047729617759,0.2010127514868136,0.46595181970088245,motif_enrichment,ok,
motif_cnn53_hct116_sequence_cnn_ig_166,efficacy >= q0.67,all_eligible_sequences,948,5528,2789,16749,0.004973189318860344,1.0298658830769423,1.036047729617759,0.2010127514868136,0.46595181970088245,motif_enrichment,ok,
motif_cnn53_hct116_sequence_cnn_ig_167,efficacy >= q0.67,all_eligible_sequences,948,5528,2789,16749,0.004973189318860344,1.0298658830769423,1.036047729617759,0.2010127514868136,0.46595181970088245,motif_enrichment,ok,
motif_cnn73_hct116_all_cnn_ig_168,efficacy >= q0.67,all_eligible_sequences,948,5528,2789,16749,0.004973189318860344,1.0298658830769423,1.036047729617759,0.2010127514868136,0.46595181970088245,motif_enrichment,ok,
motif_cnn73_hct116_sequence_cnn_ig_169,efficacy >= q0.67,all_eligible_sequences,948,5528,2789,16749,0.004973189318860344,1.0298658830769423,1.036047729617759,0.2010127514868136,0.46595181970088245,motif_enrichment,ok,
motif_cnn73_hct116_all_cnn_ig_170,efficacy >= q0.67,all_eligible_sequences,948,5528,2789,16749,0.004973189318860344,1.0298658830769423,1.036047729617759,0.2010127514868136,0.46595181970088245,motif_enrichment,ok,
motif_cnn73_hct116_sequence_cnn_ig_171,efficacy >= q0.67,all_eligible_sequences,948,5528,2789,16749,0.004973189318860344,1.0298658830769423,1.036047729617759,0.2010127514868136,0.46595181970088245,motif_enrichment,ok,
motif_cnn53_hct116_sequence_cnn_ism_172,efficacy >= q0.67,all_eligible_sequences,1340,5528,3756,16749,0.018150121323959184,1.0809362039550032,1.1068326971020197,0.0029209226284590056,0.03090524587530819,motif_enrichment,ok,
motif_cnn33_hela_sequence_cnn_ism_173,efficacy >= q0.67,all_eligible_sequences,623,5528,1904,16749,-0.000979441587501309,0.991384103388099,0.9902897703423877,0.5872761161887599,0.9999999981280304,motif_enrichment,ok,
motif_cnn33_hela_sequence_cnn_ig_174,efficacy >= q0.67,all_eligible_sequences,361,5528,1315,16749,-0.013208242598495415,0.8317681708880611,0.8200144084902654,0.9995186014131595,0.9999999981280304,motif_enrichment,ok,
motif_cnn33_hela_all_cnn_ig_175,efficacy >= q0.67,all_eligible_sequences,714,5528,2050,16749,0.0067652698707458825,1.055273904909816,1.0634719871918288,0.09723071739637468,0.30229076119441606,motif_enrichment,ok,
motif_cnn33_hct116_sequence_cnn_ig_176,efficacy >= q0.67,all_eligible_sequences,1340,5528,3756,16749,0.018150121323959184,1.0809362039550032,1.1068326971020197,0.0029209226284590056,0.03090524587530819,motif_enrichment,ok,
motif_cnn53_hct116_sequence_cnn_ism_177,efficacy >= q0.67,all_eligible_sequences,1406,5528,4561,16749,-0.01797323105191756,0.9339983234184243,0.911485378907581,0.9958846218844343,0.9999999981280304,motif_enrichment,ok,
motif_cnn73_hela_sequence_cnn_ism_178,efficacy >= q0.67,all_eligible_sequences,793,5528,2754,16749,-0.020976207491576276,0.8724290126084201,0.8510639032099993,0.9999116466016404,0.9999999981280304,motif_enrichment,ok,
motif_cnn33_hct116_all_cnn_ig_179,efficacy >= q0.67,all_eligible_sequences,1156,5528,3563,16749,-0.0036118967380734113,0.9830211455329801,0.9785317686427984,0.7216160884684157,0.9999999981280304,motif_enrichment,ok,
motif_cnn53_hela_sequence_cnn_ig_180,efficacy >= q0.67,all_eligible_sequences,714,5528,2050,16749,0.0067652698707458825,1.055273904909816,1.0634719871918288,0.09723071739637468,0.30229076119441606,motif_enrichment,ok,
motif_cnn33_hela_all_cnn_ig_181,efficacy >= q0.67,all_eligible_sequences,714,5528,2050,16749,0.0067652698707458825,1.055273904909816,1.0634719871918288,0.09723071739637468,0.30229076119441606,motif_enrichment,ok,
motif_cnn73_hela_sequence_cnn_ism_182,efficacy >= q0.67,all_eligible_sequences,390,5528,1305,16749,-0.007365171767820089,0.9054718299316332,0.89829666715883,0.966388835797844,0.9999999981280304,motif_enrichment,ok,
motif_cnn73_hela_sequence_cnn_ism_183,efficacy >= q0.67,all_eligible_sequences,714,5528,2321,16749,-0.009414800581221405,0.9320601055860072,0.9219834365765369,0.9639326442435359,0.9999999981280304,motif_enrichment,ok,
motif_cnn33_hct116_all_cnn_ism_184,efficacy >= q0.67,all_eligible_sequences,948,5528,2789,16749,0.004973189318860344,1.0298658830769423,1.036047729617759,0.2010127514868136,0.46595181970088245,motif_enrichment,ok,
motif_cnn53_hct116_all_cnn_ig_185,efficacy >= q0.67,all_eligible_sequences,948,5528,2789,16749,0.004973189318860344,1.0298658830769423,1.036047729617759,0.2010127514868136,0.46595181970088245,motif_enrichment,ok,
motif_cnn73_hct116_sequence_cnn_ism_186,efficacy >= q0.67,all_eligible_sequences,1406,5528,4561,16749,-0.01797323105191756,0.9339983234184243,0.911485378907581,0.9958846218844343,0.9999999981280304,motif_enrichment,ok,
motif_cnn53_hct116_sequence_cnn_ig_187,efficacy >= q0.67,all_eligible_sequences,992,5528,2863,16749,0.008514494115422933,1.0498111288645542,1.0607045679813174,0.0766084731168302,0.2590472080651578,motif_enrichment,ok,
motif_cnn73_hct116_sequence_cnn_ism_188,efficacy >= q0.67,all_eligible_sequences,1340,5528,3756,16749,0.018150121323959184,1.0809362039550032,1.1068326971020197,0.0029209226284590056,0.03090524587530819,motif_enrichment,ok,
motif_cnn33_hct116_sequence_cnn_ig_189,efficacy >= q0.67,all_eligible_sequences,948,5528,2789,16749,0.004973189318860344,1.0298658830769423,1.036047729617759,0.2010127514868136,0.46595181970088245,motif_enrichment,ok,
motif_cnn33_hela_sequence_cnn_ism_190,efficacy >= q0.67,all_eligible_sequences,284,5528,997,16749,-0.008151122744524827,0.863066043281799,0.8556500929179606,0.9896377913189666,0.9999999981280304,motif_enrichment,ok,
motif_cnn33_hct116_all_cnn_ig_191,efficacy >= q0.67,all_eligible_sequences,900,5528,2553,16749,0.010380514757819953,1.0681015439399633,1.0813451458297574,0.034221384081866424,0.20595621979545298,motif_enrichment,ok,
motif_cnn53_hct116_sequence_cnn_ig_192,efficacy >= q0.67,all_eligible_sequences,900,5528,2553,16749,0.010380514757819953,1.0681015439399633,1.0813451458297574,0.034221384081866424,0.20595621979545298,motif_enrichment,ok,
motif_cnn73_hct116_all_cnn_ig_193,efficacy >= q0.67,all_eligible_sequences,900,5528,2553,16749,0.010380514757819953,1.0681015439399633,1.0813451458297574,0.034221384081866424,0.20595621979545298,motif_enrichment,ok,
motif_cnn73_hct116_sequence_cnn_ig_194,efficacy >= q0.67,all_eligible_sequences,900,5528,2553,16749,0.010380514757819953,1.0681015439399633,1.0813451458297574,0.034221384081866424,0.20595621979545298,motif_enrichment,ok,
motif_cnn73_hct116_all_cnn_ig_195,efficacy >= q0.67,all_eligible_sequences,900,5528,2553,16749,0.010380514757819953,1.0681015439399633,1.0813451458297574,0.034221384081866424,0.20595621979545298,motif_enrichment,ok,
motif_cnn73_hct116_sequence_cnn_ig_196,efficacy >= q0.67,all_eligible_sequences,900,5528,2553,16749,0.010380514757819953,1.0681015439399633,1.0813451458297574,0.034221384081866424,0.20595621979545298,motif_enrichment,ok,
motif_cnn53_hct116_sequence_cnn_ism_197,efficacy >= q0.67,all_eligible_sequences,1156,5528,3563,16749,-0.0036118967380734113,0.9830211455329801,0.9785317686427984,0.7216160884684157,0.9999999981280304,motif_enrichment,ok,
motif_cnn33_hela_all_cnn_ig_198,efficacy >= q0.67,all_eligible_sequences,446,5528,1291,16749,0.003600945050697024,1.0467174505454102,1.0508174078345194,0.20098323313506192,0.46595181970088245,motif_enrichment,ok,
motif_cnn33_hela_sequence_cnn_ism_199,efficacy >= q0.67,all_eligible_sequences,667,5528,1849,16749,0.01026381556442578,1.0929738490473593,1.1057312152918746,0.019890558553158143,0.1631025801358968,motif_enrichment,ok,
motif_cnn33_hela_sequence_cnn_ism_200,efficacy >= q0.67,all_eligible_sequences,365,5528,956,16749,0.008949461872532032,1.1567934486433462,1.1678780135774585,0.00846908173840288,0.08051764667235202,motif_enrichment,ok,
motif_cnn53_hct116_all_cnn_ig_201,efficacy >= q0.67,all_eligible_sequences,900,5528,2553,16749,0.010380514757819953,1.0681015439399633,1.0813451458297574,0.034221384081866424,0.20595621979545298,motif_enrichment,ok,
motif_cnn53_hct116_all_cnn_ig_202,efficacy >= q0.67,all_eligible_sequences,900,5528,2553,16749,0.010380514757819953,1.0681015439399633,1.0813451458297574,0.034221384081866424,0.20595621979545298,motif_enrichment,ok,
motif_cnn73_hela_sequence_cnn_ism_203,efficacy >= q0.67,all_eligible_sequences,900,5528,2553,16749,0.010380514757819953,1.0681015439399633,1.0813451458297574,0.034221384081866424,0.20595621979545298,motif_enrichment,ok,
motif_cnn33_hek293t_all_cnn_ig_204,efficacy >= q0.67,all_eligible_sequences,1192,5528,4150,16749,-0.03214646419480818,0.8702599689641344,0.8345934290668208,0.9999995461087219,0.9999999981280304,motif_enrichment,ok,
motif_cnn33_hek293t_sequence_cnn_ig_205,efficacy >= q0.67,all_eligible_sequences,1192,5528,4150,16749,-0.03214646419480818,0.8702599689641344,0.8345934290668208,0.9999995461087219,0.9999999981280304,motif_enrichment,ok,
motif_cnn33_hela_sequence_cnn_ism_206,efficacy >= q0.67,all_eligible_sequences,527,5528,1597,16749,-1.6125117606430317e-05,0.9998308831591797,0.9998130618084273,0.5105147138222856,0.9999999981280304,motif_enrichment,ok,
motif_cnn33_hek293t_all_cnn_ig_207,efficacy >= q0.67,all_eligible_sequences,1192,5528,4150,16749,-0.03214646419480818,0.8702599689641344,0.8345934290668208,0.9999995461087219,0.9999999981280304,motif_enrichment,ok,
motif_cnn33_hek293t_sequence_cnn_ig_208,efficacy >= q0.67,all_eligible_sequences,1192,5528,4150,16749,-0.03214646419480818,0.8702599689641344,0.8345934290668208,0.9999995461087219,0.9999999981280304,motif_enrichment,ok,
motif_cnn53_hek293t_sequence_cnn_ig_209,efficacy >= q0.67,all_eligible_sequences,1192,5528,4150,16749,-0.03214646419480818,0.8702599689641344,0.8345934290668208,0.9999995461087219,0.9999999981280304,motif_enrichment,ok,
motif_cnn53_hek293t_all_cnn_ig_210,efficacy >= q0.67,all_eligible_sequences,1192,5528,4150,16749,-0.03214646419480818,0.8702599689641344,0.8345934290668208,0.9999995461087219,0.9999999981280304,motif_enrichment,ok,
motif_cnn73_hek293t_all_cnn_ig_211,efficacy >= q0.67,all_eligible_sequences,1192,5528,4150,16749,-0.03214646419480818,0.8702599689641344,0.8345934290668208,0.9999995461087219,0.9999999981280304,motif_enrichment,ok,
motif_cnn73_hek293t_sequence_cnn_ig_212,efficacy >= q0.67,all_eligible_sequences,1192,5528,4150,16749,-0.03214646419480818,0.8702599689641344,0.8345934290668208,0.9999995461087219,0.9999999981280304,motif_enrichment,ok,
motif_cnn73_hek293t_all_cnn_ig_213,efficacy >= q0.67,all_eligible_sequences,1192,5528,4150,16749,-0.03214646419480818,0.8702599689641344,0.8345934290668208,0.9999995461087219,0.9999999981280304,motif_enrichment,ok,
motif_cnn73_hek293t_sequence_cnn_ig_214,efficacy >= q0.67,all_eligible_sequences,1192,5528,4150,16749,-0.03214646419480818,0.8702599689641344,0.8345934290668208,0.9999995461087219,0.9999999981280304,motif_enrichment,ok,
motif_cnn53_hct116_sequence_cnn_ism_215,efficacy >= q0.67,all_eligible_sequences,948,5528,2789,16749,0.004973189318860344,1.0298658830769423,1.036047729617759,0.2010127514868136,0.46595181970088245,motif_enrichment,ok,
motif_cnn53_hek293t_all_cnn_ig_216,efficacy >= q0.67,all_eligible_sequences,1192,5528,4150,16749,-0.03214646419480818,0.8702599689641344,0.8345934290668208,0.9999995461087219,0.9999999981280304,motif_enrichment,ok,
motif_cnn33_hela_all_cnn_ig_217,efficacy >= q0.67,all_eligible_sequences,900,5528,2553,16749,0.010380514757819953,1.0681015439399633,1.0813451458297574,0.034221384081866424,0.20595621979545298,motif_enrichment,ok,
motif_cnn53_hct116_sequence_cnn_ig_218,efficacy >= q0.67,all_eligible_sequences,900,5528,2553,16749,0.010380514757819953,1.0681015439399633,1.0813451458297574,0.034221384081866424,0.20595621979545298,motif_enrichment,ok,
motif_cnn33_hct116_all_cnn_ig_219,efficacy >= q0.67,all_eligible_sequences,992,5528,2863,16749,0.008514494115422933,1.0498111288645542,1.0607045679813174,0.0766084731168302,0.2590472080651578,motif_enrichment,ok,
motif_cnn53_hela_all_cnn_ism_220,efficacy >= q0.67,all_eligible_sequences,523,5528,1795,16749,-0.012561315408682841,0.8827913806239394,0.8705436068110163,0.9965291823458575,0.9999999981280304,motif_enrichment,ok,
motif_cnn73_hct116_sequence_cnn_ism_221,efficacy >= q0.67,all_eligible_sequences,1156,5528,3563,16749,-0.0036118967380734113,0.9830211455329801,0.9785317686427984,0.7216160884684157,0.9999999981280304,motif_enrichment,ok,
motif_cnn33_hct116_sequence_cnn_ig_222,efficacy >= q0.67,all_eligible_sequences,948,5528,2789,16749,0.004973189318860344,1.0298658830769423,1.036047729617759,0.2010127514868136,0.46595181970088245,motif_enrichment,ok,
motif_cnn33_hct116_sequence_cnn_ig_223,efficacy >= q0.67,all_eligible_sequences,382,5528,1445,16749,-0.017171057753280566,0.8009702101663002,0.7861957485035577,0.9999818685649463,0.9999999981280304,motif_enrichment,ok,
motif_cnn33_hek293t_all_cnn_ig_224,efficacy >= q0.67,all_eligible_sequences,1406,5528,4561,16749,-0.01797323105191756,0.9339983234184243,0.911485378907581,0.9958846218844343,0.9999999981280304,motif_enrichment,ok,
motif_cnn33_hek293t_sequence_cnn_ig_225,efficacy >= q0.67,all_eligible_sequences,1406,5528,4561,16749,-0.01797323105191756,0.9339983234184243,0.911485378907581,0.9958846218844343,0.9999999981280304,motif_enrichment,ok,
motif_cnn33_hct116_all_cnn_ig_226,efficacy >= q0.67,all_eligible_sequences,382,5528,1445,16749,-0.017171057753280566,0.8009702101663002,0.7861957485035577,0.9999818685649463,0.9999999981280304,motif_enrichment,ok,
motif_cnn33_hek293t_all_cnn_ig_227,efficacy >= q0.67,all_eligible_sequences,1406,5528,4561,16749,-0.01797323105191756,0.9339983234184243,0.911485378907581,0.9958846218844343,0.9999999981280304,motif_enrichment,ok,
motif_cnn33_hek293t_sequence_cnn_ig_228,efficacy >= q0.67,all_eligible_sequences,1406,5528,4561,16749,-0.01797323105191756,0.9339983234184243,0.911485378907581,0.9958846218844343,0.9999999981280304,motif_enrichment,ok,
motif_cnn53_hct116_sequence_cnn_ig_229,efficacy >= q0.67,all_eligible_sequences,382,5528,1445,16749,-0.017171057753280566,0.8009702101663002,0.7861957485035577,0.9999818685649463,0.9999999981280304,motif_enrichment,ok,
motif_cnn53_hek293t_sequence_cnn_ig_230,efficacy >= q0.67,all_eligible_sequences,1406,5528,4561,16749,-0.01797323105191756,0.9339983234184243,0.911485378907581,0.9958846218844343,0.9999999981280304,motif_enrichment,ok,
motif_cnn53_hek293t_all_cnn_ig_231,efficacy >= q0.67,all_eligible_sequences,1406,5528,4561,16749,-0.01797323105191756,0.9339983234184243,0.911485378907581,0.9958846218844343,0.9999999981280304,motif_enrichment,ok,
motif_cnn73_hct116_sequence_cnn_ig_232,efficacy >= q0.67,all_eligible_sequences,382,5528,1445,16749,-0.017171057753280566,0.8009702101663002,0.7861957485035577,0.9999818685649463,0.9999999981280304,motif_enrichment,ok,
motif_cnn73_hek293t_all_cnn_ig_233,efficacy >= q0.67,all_eligible_sequences,1406,5528,4561,16749,-0.01797323105191756,0.9339983234184243,0.911485378907581,0.9958846218844343,0.9999999981280304,motif_enrichment,ok,
motif_cnn73_hek293t_sequence_cnn_ig_234,efficacy >= q0.67,all_eligible_sequences,1406,5528,4561,16749,-0.01797323105191756,0.9339983234184243,0.911485378907581,0.9958846218844343,0.9999999981280304,motif_enrichment,ok,
motif_cnn73_hek293t_all_cnn_ig_235,efficacy >= q0.67,all_eligible_sequences,1406,5528,4561,16749,-0.01797323105191756,0.9339983234184243,0.911485378907581,0.9958846218844343,0.9999999981280304,motif_enrichment,ok,
motif_cnn73_hek293t_sequence_cnn_ig_236,efficacy >= q0.67,all_eligible_sequences,1406,5528,4561,16749,-0.01797323105191756,0.9339983234184243,0.911485378907581,0.9958846218844343,0.9999999981280304,motif_enrichment,ok,
motif_cnn33_hek293t_sequence_cnn_ism_237,efficacy >= q0.67,all_eligible_sequences,1406,5528,4561,16749,-0.01797323105191756,0.9339983234184243,0.911485378907581,0.9958846218844343,0.9999999981280304,motif_enrichment,ok,
motif_cnn53_hek293t_all_cnn_ig_238,efficacy >= q0.67,all_eligible_sequences,1406,5528,4561,16749,-0.01797323105191756,0.9339983234184243,0.911485378907581,0.9958846218844343,0.9999999981280304,motif_enrichment,ok,
motif_cnn53_hct116_all_cnn_ig_239,efficacy >= q0.67,all_eligible_sequences,802,5528,2281,16749,0.00889235973134972,1.0652951044017434,1.0763756532231985,0.0512066236046428,0.2469966550341594,motif_enrichment,ok,
motif_cnn53_hct116_sequence_cnn_ig_240,efficacy >= q0.67,all_eligible_sequences,802,5528,2281,16749,0.00889235973134972,1.0652951044017434,1.0763756532231985,0.0512066236046428,0.2469966550341594,motif_enrichment,ok,
motif_cnn73_hct116_all_cnn_ig_241,efficacy >= q0.67,all_eligible_sequences,802,5528,2281,16749,0.00889235973134972,1.0652951044017434,1.0763756532231985,0.0512066236046428,0.2469966550341594,motif_enrichment,ok,
motif_cnn73_hct116_sequence_cnn_ig_242,efficacy >= q0.67,all_eligible_sequences,802,5528,2281,16749,0.00889235973134972,1.0652951044017434,1.0763756532231985,0.0512066236046428,0.2469966550341594,motif_enrichment,ok,
motif_cnn53_hct116_sequence_cnn_ism_243,efficacy >= q0.67,all_eligible_sequences,992,5528,2863,16749,0.008514494115422933,1.0498111288645542,1.0607045679813174,0.0766084731168302,0.2590472080651578,motif_enrichment,ok,
motif_cnn73_hct116_sequence_cnn_ism_244,efficacy >= q0.67,all_eligible_sequences,948,5528,2789,16749,0.004973189318860344,1.0298658830769423,1.036047729617759,0.2010127514868136,0.46595181970088245,motif_enrichment,ok,
motif_cnn73_hct116_all_cnn_ig_245,efficacy >= q0.67,all_eligible_sequences,422,5528,945,16749,0.01991736077035594,1.3530115085107848,1.3821871561001995,9.79551697019818e-08,3.212929566225003e-05,motif_enrichment,ok,
motif_cnn33_hela_all_cnn_ism_246,efficacy >= q0.67,all_eligible_sequences,1001,5528,3044,16749,-0.0006640459516385477,0.9963462202220782,0.9955383047023741,0.551342389280021,0.9999999981280304,motif_enrichment,ok,
motif_cnn33_hl60_all_cnn_ig_247,efficacy >= q0.67,all_eligible_sequences,1192,5528,4150,16749,-0.03214646419480818,0.8702599689641344,0.8345934290668208,0.9999995461087219,0.9999999981280304,motif_enrichment,ok,
motif_cnn33_hl60_sequence_cnn_ig_248,efficacy >= q0.67,all_eligible_sequences,1192,5528,4150,16749,-0.03214646419480818,0.8702599689641344,0.8345934290668208,0.9999995461087219,0.9999999981280304,motif_enrichment,ok,
motif_cnn33_hl60_all_cnn_ig_249,efficacy >= q0.67,all_eligible_sequences,1192,5528,4150,16749,-0.03214646419480818,0.8702599689641344,0.8345934290668208,0.9999995461087219,0.9999999981280304,motif_enrichment,ok,
motif_cnn53_hl60_all_cnn_ig_250,efficacy >= q0.67,all_eligible_sequences,1192,5528,4150,16749,-0.03214646419480818,0.8702599689641344,0.8345934290668208,0.9999995461087219,0.9999999981280304,motif_enrichment,ok,
motif_cnn53_hl60_sequence_cnn_ig_251,efficacy >= q0.67,all_eligible_sequences,1192,5528,4150,16749,-0.03214646419480818,0.8702599689641344,0.8345934290668208,0.9999995461087219,0.9999999981280304,motif_enrichment,ok,
motif_cnn53_hek293t_sequence_cnn_ig_252,efficacy >= q0.67,all_eligible_sequences,1406,5528,4561,16749,-0.01797323105191756,0.9339983234184243,0.911485378907581,0.9958846218844343,0.9999999981280304,motif_enrichment,ok,
motif_cnn53_hl60_all_cnn_ig_253,efficacy >= q0.67,all_eligible_sequences,1192,5528,4150,16749,-0.03214646419480818,0.8702599689641344,0.8345934290668208,0.9999995461087219,0.9999999981280304,motif_enrichment,ok,
motif_cnn53_hl60_sequence_cnn_ig_254,efficacy >= q0.67,all_eligible_sequences,1192,5528,4150,16749,-0.03214646419480818,0.8702599689641344,0.8345934290668208,0.9999995461087219,0.9999999981280304,motif_enrichment,ok,
motif_cnn73_hl60_all_cnn_ig_255,efficacy >= q0.67,all_eligible_sequences,1192,5528,4150,16749,-0.03214646419480818,0.8702599689641344,0.8345934290668208,0.9999995461087219,0.9999999981280304,motif_enrichment,ok,
motif_cnn73_hl60_sequence_cnn_ig_256,efficacy >= q0.67,all_eligible_sequences,1192,5528,4150,16749,-0.03214646419480818,0.8702599689641344,0.8345934290668208,0.9999995461087219,0.9999999981280304,motif_enrichment,ok,
motif_cnn73_hl60_all_cnn_ig_257,efficacy >= q0.67,all_eligible_sequences,1192,5528,4150,16749,-0.03214646419480818,0.8702599689641344,0.8345934290668208,0.9999995461087219,0.9999999981280304,motif_enrichment,ok,
motif_cnn73_hl60_sequence_cnn_ig_258,efficacy >= q0.67,all_eligible_sequences,1192,5528,4150,16749,-0.03214646419480818,0.8702599689641344,0.8345934290668208,0.9999995461087219,0.9999999981280304,motif_enrichment,ok,
motif_cnn33_hct116_all_cnn_ig_259,efficacy >= q0.67,all_eligible_sequences,1340,5528,3756,16749,0.018150121323959184,1.0809362039550032,1.1068326971020197,0.0029209226284590056,0.03090524587530819,motif_enrichment,ok,
motif_cnn33_hek293t_all_cnn_ig_260,efficacy >= q0.67,all_eligible_sequences,1156,5528,3563,16749,-0.0036118967380734113,0.9830211455329801,0.9785317686427984,0.7216160884684157,0.9999999981280304,motif_enrichment,ok,
motif_cnn33_hek293t_sequence_cnn_ig_261,efficacy >= q0.67,all_eligible_sequences,1156,5528,3563,16749,-0.0036118967380734113,0.9830211455329801,0.9785317686427984,0.7216160884684157,0.9999999981280304,motif_enrichment,ok,
motif_cnn33_hek293t_all_cnn_ig_262,efficacy >= q0.67,all_eligible_sequences,1156,5528,3563,16749,-0.0036118967380734113,0.9830211455329801,0.9785317686427984,0.7216160884684157,0.9999999981280304,motif_enrichment,ok,
motif_cnn33_hek293t_sequence_cnn_ig_263,efficacy >= q0.67,all_eligible_sequences,1156,5528,3563,16749,-0.0036118967380734113,0.9830211455329801,0.9785317686427984,0.7216160884684157,0.9999999981280304,motif_enrichment,ok,
motif_cnn53_hek293t_sequence_cnn_ig_264,efficacy >= q0.67,all_eligible_sequences,1156,5528,3563,16749,-0.0036118967380734113,0.9830211455329801,0.9785317686427984,0.7216160884684157,0.9999999981280304,motif_enrichment,ok,
motif_cnn73_hek293t_all_cnn_ig_265,efficacy >= q0.67,all_eligible_sequences,1156,5528,3563,16749,-0.0036118967380734113,0.9830211455329801,0.9785317686427984,0.7216160884684157,0.9999999981280304,motif_enrichment,ok,
motif_cnn73_hek293t_sequence_cnn_ig_266,efficacy >= q0.67,all_eligible_sequences,1156,5528,3563,16749,-0.0036118967380734113,0.9830211455329801,0.9785317686427984,0.7216160884684157,0.9999999981280304,motif_enrichment,ok,
motif_cnn73_hek293t_all_cnn_ig_267,efficacy >= q0.67,all_eligible_sequences,1156,5528,3563,16749,-0.0036118967380734113,0.9830211455329801,0.9785317686427984,0.7216160884684157,0.9999999981280304,motif_enrichment,ok,
motif_cnn73_hek293t_sequence_cnn_ig_268,efficacy >= q0.67,all_eligible_sequences,1156,5528,3563,16749,-0.0036118967380734113,0.9830211455329801,0.9785317686427984,0.7216160884684157,0.9999999981280304,motif_enrichment,ok,
motif_cnn53_hl60_sequence_cnn_ig_269,efficacy >= q0.67,all_eligible_sequences,1340,5528,3756,16749,0.018150121323959184,1.0809362039550032,1.1068326971020197,0.0029209226284590056,0.03090524587530819,motif_enrichment,ok,
motif_cnn33_hct116_sequence_cnn_ig_270,efficacy >= q0.67,all_eligible_sequences,390,5528,1305,16749,-0.007365171767820089,0.9054718299316332,0.89829666715883,0.966388835797844,0.9999999981280304,motif_enrichment,ok,
motif_cnn33_hct116_sequence_cnn_ig_271,efficacy >= q0.67,all_eligible_sequences,390,5528,1305,16749,-0.007365171767820089,0.9054718299316332,0.89829666715883,0.966388835797844,0.9999999981280304,motif_enrichment,ok,
motif_cnn53_hek293t_all_cnn_ig_272,efficacy >= q0.67,all_eligible_sequences,1156,5528,3563,16749,-0.0036118967380734113,0.9830211455329801,0.9785317686427984,0.7216160884684157,0.9999999981280304,motif_enrichment,ok,
motif_cnn53_hek293t_sequence_cnn_ig_273,efficacy >= q0.67,all_eligible_sequences,1156,5528,3563,16749,-0.0036118967380734113,0.9830211455329801,0.9785317686427984,0.7216160884684157,0.9999999981280304,motif_enrichment,ok,
motif_cnn33_hl60_all_cnn_ig_274,efficacy >= q0.67,all_eligible_sequences,1340,5528,3756,16749,0.018150121323959184,1.0809362039550032,1.1068326971020197,0.0029209226284590056,0.03090524587530819,motif_enrichment,ok,
motif_cnn33_hl60_sequence_cnn_ig_275,efficacy >= q0.67,all_eligible_sequences,1340,5528,3756,16749,0.018150121323959184,1.0809362039550032,1.1068326971020197,0.0029209226284590056,0.03090524587530819,motif_enrichment,ok,
motif_cnn33_hct116_sequence_cnn_ism_276,efficacy >= q0.67,all_eligible_sequences,843,5528,2641,16749,-0.0051846735304153235,0.9671192362889336,0.9612028043127482,0.8267232951494473,0.9999999981280304,motif_enrichment,ok,
motif_cnn53_hl60_all_cnn_ig_277,efficacy >= q0.67,all_eligible_sequences,1340,5528,3756,16749,0.018150121323959184,1.0809362039550032,1.1068326971020197,0.0029209226284590056,0.03090524587530819,motif_enrichment,ok,
motif_cnn53_hl60_sequence_cnn_ig_278,efficacy >= q0.67,all_eligible_sequences,1340,5528,3756,16749,0.018150121323959184,1.0809362039550032,1.1068326971020197,0.0029209226284590056,0.03090524587530819,motif_enrichment,ok,
motif_cnn53_hl60_all_cnn_ig_279,efficacy >= q0.67,all_eligible_sequences,1340,5528,3756,16749,0.018150121323959184,1.0809362039550032,1.1068326971020197,0.0029209226284590056,0.03090524587530819,motif_enrichment,ok,
motif_cnn73_hl60_all_cnn_ig_280,efficacy >= q0.67,all_eligible_sequences,1340,5528,3756,16749,0.018150121323959184,1.0809362039550032,1.1068326971020197,0.0029209226284590056,0.03090524587530819,motif_enrichment,ok,
motif_cnn73_hl60_sequence_cnn_ig_281,efficacy >= q0.67,all_eligible_sequences,1340,5528,3756,16749,0.018150121323959184,1.0809362039550032,1.1068326971020197,0.0029209226284590056,0.03090524587530819,motif_enrichment,ok,
motif_cnn73_hct116_sequence_cnn_ism_282,efficacy >= q0.67,all_eligible_sequences,992,5528,2863,16749,0.008514494115422933,1.0498111288645542,1.0607045679813174,0.0766084731168302,0.2590472080651578,motif_enrichment,ok,
motif_cnn73_hl60_all_cnn_ig_283,efficacy >= q0.67,all_eligible_sequences,1340,5528,3756,16749,0.018150121323959184,1.0809362039550032,1.1068326971020197,0.0029209226284590056,0.03090524587530819,motif_enrichment,ok,
motif_cnn73_hl60_sequence_cnn_ig_284,efficacy >= q0.67,all_eligible_sequences,1340,5528,3756,16749,0.018150121323959184,1.0809362039550032,1.1068326971020197,0.0029209226284590056,0.03090524587530819,motif_enrichment,ok,
motif_cnn33_hct116_all_cnn_ism_285,efficacy >= q0.67,all_eligible_sequences,328,5528,1259,16749,-0.015834368667408186,0.7893488158773473,0.77606158734038,0.9999765334306173,0.9999999981280304,motif_enrichment,ok,
motif_cnn33_hct116_sequence_cnn_ig_286,efficacy >= q0.67,all_eligible_sequences,900,5528,2553,16749,0.010380514757819953,1.0681015439399633,1.0813451458297574,0.034221384081866424,0.20595621979545298,motif_enrichment,ok,
motif_cnn53_hl60_sequence_cnn_ig_287,efficacy >= q0.67,all_eligible_sequences,948,5528,2789,16749,0.004973189318860344,1.0298658830769423,1.036047729617759,0.2010127514868136,0.46595181970088245,motif_enrichment,ok,
motif_cnn33_hct116_all_cnn_ism_288,efficacy >= q0.67,all_eligible_sequences,446,5528,1291,16749,0.003600945050697024,1.0467174505454102,1.0508174078345194,0.20098323313506192,0.46595181970088245,motif_enrichment,ok,
motif_cnn53_hct116_all_cnn_ig_289,efficacy >= q0.67,all_eligible_sequences,446,5528,1291,16749,0.003600945050697024,1.0467174505454102,1.0508174078345194,0.20098323313506192,0.46595181970088245,motif_enrichment,ok,
motif_cnn33_hek293t_sequence_cnn_ig_290,efficacy >= q0.67,all_eligible_sequences,1340,5528,3756,16749,0.018150121323959184,1.0809362039550032,1.1068326971020197,0.0029209226284590056,0.03090524587530819,motif_enrichment,ok,
motif_cnn33_hek293t_all_cnn_ig_291,efficacy >= q0.67,all_eligible_sequences,1340,5528,3756,16749,0.018150121323959184,1.0809362039550032,1.1068326971020197,0.0029209226284590056,0.03090524587530819,motif_enrichment,ok,
motif_cnn33_hek293t_sequence_cnn_ig_292,efficacy >= q0.67,all_eligible_sequences,1340,5528,3756,16749,0.018150121323959184,1.0809362039550032,1.1068326971020197,0.0029209226284590056,0.03090524587530819,motif_enrichment,ok,
motif_cnn53_hek293t_sequence_cnn_ig_293,efficacy >= q0.67,all_eligible_sequences,1340,5528,3756,16749,0.018150121323959184,1.0809362039550032,1.1068326971020197,0.0029209226284590056,0.03090524587530819,motif_enrichment,ok,
motif_cnn73_hek293t_all_cnn_ig_294,efficacy >= q0.67,all_eligible_sequences,1340,5528,3756,16749,0.018150121323959184,1.0809362039550032,1.1068326971020197,0.0029209226284590056,0.03090524587530819,motif_enrichment,ok,
motif_cnn73_hek293t_sequence_cnn_ig_295,efficacy >= q0.67,all_eligible_sequences,1340,5528,3756,16749,0.018150121323959184,1.0809362039550032,1.1068326971020197,0.0029209226284590056,0.03090524587530819,motif_enrichment,ok,
motif_cnn73_hek293t_all_cnn_ig_296,efficacy >= q0.67,all_eligible_sequences,1340,5528,3756,16749,0.018150121323959184,1.0809362039550032,1.1068326971020197,0.0029209226284590056,0.03090524587530819,motif_enrichment,ok,
motif_cnn73_hek293t_sequence_cnn_ig_297,efficacy >= q0.67,all_eligible_sequences,1340,5528,3756,16749,0.018150121323959184,1.0809362039550032,1.1068326971020197,0.0029209226284590056,0.03090524587530819,motif_enrichment,ok,
motif_cnn53_hek293t_all_cnn_ig_298,efficacy >= q0.67,all_eligible_sequences,1340,5528,3756,16749,0.018150121323959184,1.0809362039550032,1.1068326971020197,0.0029209226284590056,0.03090524587530819,motif_enrichment,ok,
motif_cnn53_hek293t_all_cnn_ig_299,efficacy >= q0.67,all_eligible_sequences,1156,5528,3563,16749,-0.0036118967380734113,0.9830211455329801,0.9785317686427984,0.7216160884684157,0.9999999981280304,motif_enrichment,ok,
motif_cnn33_hl60_all_cnn_ig_300,efficacy >= q0.67,all_eligible_sequences,948,5528,2789,16749,0.004973189318860344,1.0298658830769423,1.036047729617759,0.2010127514868136,0.46595181970088245,motif_enrichment,ok,
motif_cnn33_hl60_sequence_cnn_ig_301,efficacy >= q0.67,all_eligible_sequences,948,5528,2789,16749,0.004973189318860344,1.0298658830769423,1.036047729617759,0.2010127514868136,0.46595181970088245,motif_enrichment,ok,
motif_cnn53_hl60_all_cnn_ig_302,efficacy >= q0.67,all_eligible_sequences,948,5528,2789,16749,0.004973189318860344,1.0298658830769423,1.036047729617759,0.2010127514868136,0.46595181970088245,motif_enrichment,ok,
motif_cnn53_hl60_sequence_cnn_ig_303,efficacy >= q0.67,all_eligible_sequences,948,5528,2789,16749,0.004973189318860344,1.0298658830769423,1.036047729617759,0.2010127514868136,0.46595181970088245,motif_enrichment,ok,
motif_cnn53_hl60_all_cnn_ig_304,efficacy >= q0.67,all_eligible_sequences,948,5528,2789,16749,0.004973189318860344,1.0298658830769423,1.036047729617759,0.2010127514868136,0.46595181970088245,motif_enrichment,ok,
motif_cnn73_hl60_all_cnn_ig_305,efficacy >= q0.67,all_eligible_sequences,948,5528,2789,16749,0.004973189318860344,1.0298658830769423,1.036047729617759,0.2010127514868136,0.46595181970088245,motif_enrichment,ok,
motif_cnn73_hl60_sequence_cnn_ig_306,efficacy >= q0.67,all_eligible_sequences,948,5528,2789,16749,0.004973189318860344,1.0298658830769423,1.036047729617759,0.2010127514868136,0.46595181970088245,motif_enrichment,ok,
motif_cnn73_hl60_all_cnn_ig_307,efficacy >= q0.67,all_eligible_sequences,948,5528,2789,16749,0.004973189318860344,1.0298658830769423,1.036047729617759,0.2010127514868136,0.46595181970088245,motif_enrichment,ok,
motif_cnn73_hl60_sequence_cnn_ig_308,efficacy >= q0.67,all_eligible_sequences,948,5528,2789,16749,0.004973189318860344,1.0298658830769423,1.036047729617759,0.2010127514868136,0.46595181970088245,motif_enrichment,ok,
motif_cnn33_hct116_all_cnn_ism_309,efficacy >= q0.67,all_eligible_sequences,361,5528,1315,16749,-0.013208242598495415,0.8317681708880611,0.8200144084902654,0.9995186014131595,0.9999999981280304,motif_enrichment,ok,
motif_cnn33_hl60_all_cnn_ig_310,efficacy >= q0.67,all_eligible_sequences,1406,5528,4561,16749,-0.01797323105191756,0.9339983234184243,0.911485378907581,0.9958846218844343,0.9999999981280304,motif_enrichment,ok,
motif_cnn33_hl60_sequence_cnn_ig_311,efficacy >= q0.67,all_eligible_sequences,1406,5528,4561,16749,-0.01797323105191756,0.9339983234184243,0.911485378907581,0.9958846218844343,0.9999999981280304,motif_enrichment,ok,
motif_cnn33_hct116_sequence_cnn_ig_312,efficacy >= q0.67,all_eligible_sequences,714,5528,2050,16749,0.0067652698707458825,1.055273904909816,1.0634719871918288,0.09723071739637468,0.30229076119441606,motif_enrichment,ok,
motif_cnn33_hl60_all_cnn_ig_313,efficacy >= q0.67,all_eligible_sequences,1406,5528,4561,16749,-0.01797323105191756,0.9339983234184243,0.911485378907581,0.9958846218844343,0.9999999981280304,motif_enrichment,ok,
motif_cnn33_hl60_sequence_cnn_ig_314,efficacy >= q0.67,all_eligible_sequences,1406,5528,4561,16749,-0.01797323105191756,0.9339983234184243,0.911485378907581,0.9958846218844343,0.9999999981280304,motif_enrichment,ok,
motif_cnn53_hl60_all_cnn_ig_315,efficacy >= q0.67,all_eligible_sequences,1406,5528,4561,16749,-0.01797323105191756,0.9339983234184243,0.911485378907581,0.9958846218844343,0.9999999981280304,motif_enrichment,ok,
motif_cnn53_hl60_sequence_cnn_ig_316,efficacy >= q0.67,all_eligible_sequences,1406,5528,4561,16749,-0.01797323105191756,0.9339983234184243,0.911485378907581,0.9958846218844343,0.9999999981280304,motif_enrichment,ok,
motif_cnn73_hl60_all_cnn_ig_317,efficacy >= q0.67,all_eligible_sequences,1406,5528,4561,16749,-0.01797323105191756,0.9339983234184243,0.911485378907581,0.9958846218844343,0.9999999981280304,motif_enrichment,ok,
motif_cnn73_hl60_sequence_cnn_ig_318,efficacy >= q0.67,all_eligible_sequences,1406,5528,4561,16749,-0.01797323105191756,0.9339983234184243,0.911485378907581,0.9958846218844343,0.9999999981280304,motif_enrichment,ok,
motif_cnn73_hl60_all_cnn_ig_319,efficacy >= q0.67,all_eligible_sequences,1406,5528,4561,16749,-0.01797323105191756,0.9339983234184243,0.911485378907581,0.9958846218844343,0.9999999981280304,motif_enrichment,ok,
motif_cnn73_hl60_sequence_cnn_ig_320,efficacy >= q0.67,all_eligible_sequences,1406,5528,4561,16749,-0.01797323105191756,0.9339983234184243,0.911485378907581,0.9958846218844343,0.9999999981280304,motif_enrichment,ok,
motif_cnn53_hl60_all_cnn_ig_321,efficacy >= q0.67,all_eligible_sequences,1406,5528,4561,16749,-0.01797323105191756,0.9339983234184243,0.911485378907581,0.9958846218844343,0.9999999981280304,motif_enrichment,ok,
motif_cnn33_hek293t_all_cnn_ig_322,efficacy >= q0.67,all_eligible_sequences,474,5528,1596,16749,-0.009543974329763213,0.8998420889416014,0.890448568988756,0.9846074828444094,0.9999999981280304,motif_enrichment,ok,
motif_cnn33_hek293t_sequence_cnn_ig_323,efficacy >= q0.67,all_eligible_sequences,474,5528,1596,16749,-0.009543974329763213,0.8998420889416014,0.890448568988756,0.9846074828444094,0.9999999981280304,motif_enrichment,ok,
motif_cnn33_hek293t_all_cnn_ig_324,efficacy >= q0.67,all_eligible_sequences,474,5528,1596,16749,-0.009543974329763213,0.8998420889416014,0.890448568988756,0.9846074828444094,0.9999999981280304,motif_enrichment,ok,
motif_cnn33_hek293t_sequence_cnn_ig_325,efficacy >= q0.67,all_eligible_sequences,474,5528,1596,16749,-0.009543974329763213,0.8998420889416014,0.890448568988756,0.9846074828444094,0.9999999981280304,motif_enrichment,ok,
motif_cnn53_hek293t_all_cnn_ig_326,efficacy >= q0.67,all_eligible_sequences,474,5528,1596,16749,-0.009543974329763213,0.8998420889416014,0.890448568988756,0.9846074828444094,0.9999999981280304,motif_enrichment,ok,
motif_cnn53_hek293t_sequence_cnn_ig_327,efficacy >= q0.67,all_eligible_sequences,474,5528,1596,16749,-0.009543974329763213,0.8998420889416014,0.890448568988756,0.9846074828444094,0.9999999981280304,motif_enrichment,ok,
motif_cnn53_hek293t_all_cnn_ig_328,efficacy >= q0.67,all_eligible_sequences,474,5528,1596,16749,-0.009543974329763213,0.8998420889416014,0.890448568988756,0.9846074828444094,0.9999999981280304,motif_enrichment,ok,
motif_cnn73_hek293t_all_cnn_ig_329,efficacy >= q0.67,all_eligible_sequences,474,5528,1596,16749,-0.009543974329763213,0.8998420889416014,0.890448568988756,0.9846074828444094,0.9999999981280304,motif_enrichment,ok,
motif_cnn73_hek293t_sequence_cnn_ig_330,efficacy >= q0.67,all_eligible_sequences,474,5528,1596,16749,-0.009543974329763213,0.8998420889416014,0.890448568988756,0.9846074828444094,0.9999999981280304,motif_enrichment,ok,
motif_cnn73_hek293t_all_cnn_ig_331,efficacy >= q0.67,all_eligible_sequences,474,5528,1596,16749,-0.009543974329763213,0.8998420889416014,0.890448568988756,0.9846074828444094,0.9999999981280304,motif_enrichment,ok,
motif_cnn73_hek293t_sequence_cnn_ig_332,efficacy >= q0.67,all_eligible_sequences,474,5528,1596,16749,-0.009543974329763213,0.8998420889416014,0.890448568988756,0.9846074828444094,0.9999999981280304,motif_enrichment,ok,
motif_cnn53_hek293t_sequence_cnn_ig_333,efficacy >= q0.67,all_eligible_sequences,1340,5528,3756,16749,0.018150121323959184,1.0809362039550032,1.1068326971020197,0.0029209226284590056,0.03090524587530819,motif_enrichment,ok,
motif_cnn33_hl60_all_cnn_ig_334,efficacy >= q0.67,all_eligible_sequences,1156,5528,3563,16749,-0.0036118967380734113,0.9830211455329801,0.9785317686427984,0.7216160884684157,0.9999999981280304,motif_enrichment,ok,
motif_cnn33_hl60_sequence_cnn_ig_335,efficacy >= q0.67,all_eligible_sequences,1156,5528,3563,16749,-0.0036118967380734113,0.9830211455329801,0.9785317686427984,0.7216160884684157,0.9999999981280304,motif_enrichment,ok,
motif_cnn33_hl60_all_cnn_ig_336,efficacy >= q0.67,all_eligible_sequences,1156,5528,3563,16749,-0.0036118967380734113,0.9830211455329801,0.9785317686427984,0.7216160884684157,0.9999999981280304,motif_enrichment,ok,
motif_cnn53_hl60_all_cnn_ig_337,efficacy >= q0.67,all_eligible_sequences,1156,5528,3563,16749,-0.0036118967380734113,0.9830211455329801,0.9785317686427984,0.7216160884684157,0.9999999981280304,motif_enrichment,ok,
motif_cnn53_hl60_sequence_cnn_ig_338,efficacy >= q0.67,all_eligible_sequences,1156,5528,3563,16749,-0.0036118967380734113,0.9830211455329801,0.9785317686427984,0.7216160884684157,0.9999999981280304,motif_enrichment,ok,
motif_cnn73_hl60_all_cnn_ig_339,efficacy >= q0.67,all_eligible_sequences,1156,5528,3563,16749,-0.0036118967380734113,0.9830211455329801,0.9785317686427984,0.7216160884684157,0.9999999981280304,motif_enrichment,ok,
motif_cnn73_hl60_sequence_cnn_ig_340,efficacy >= q0.67,all_eligible_sequences,1156,5528,3563,16749,-0.0036118967380734113,0.9830211455329801,0.9785317686427984,0.7216160884684157,0.9999999981280304,motif_enrichment,ok,
motif_cnn73_hl60_all_cnn_ig_341,efficacy >= q0.67,all_eligible_sequences,1156,5528,3563,16749,-0.0036118967380734113,0.9830211455329801,0.9785317686427984,0.7216160884684157,0.9999999981280304,motif_enrichment,ok,
motif_cnn73_hl60_sequence_cnn_ig_342,efficacy >= q0.67,all_eligible_sequences,1156,5528,3563,16749,-0.0036118967380734113,0.9830211455329801,0.9785317686427984,0.7216160884684157,0.9999999981280304,motif_enrichment,ok,
motif_cnn33_hct116_all_cnn_ig_343,efficacy >= q0.67,all_eligible_sequences,948,5528,2789,16749,0.004973189318860344,1.0298658830769423,1.036047729617759,0.2010127514868136,0.46595181970088245,motif_enrichment,ok,
motif_cnn53_hl60_sequence_cnn_ig_344,efficacy >= q0.67,all_eligible_sequences,1406,5528,4561,16749,-0.01797323105191756,0.9339983234184243,0.911485378907581,0.9958846218844343,0.9999999981280304,motif_enrichment,ok,
motif_cnn33_hek293t_sequence_cnn_ism_345,efficacy >= q0.67,all_eligible_sequences,1156,5528,3563,16749,-0.0036118967380734113,0.9830211455329801,0.9785317686427984,0.7216160884684157,0.9999999981280304,motif_enrichment,ok,
motif_cnn33_hct116_sequence_cnn_ism_346,efficacy >= q0.67,all_eligible_sequences,714,5528,2050,16749,0.0067652698707458825,1.055273904909816,1.0634719871918288,0.09723071739637468,0.30229076119441606,motif_enrichment,ok,
motif_cnn33_hek293t_all_cnn_ig_347,efficacy >= q0.67,all_eligible_sequences,1340,5528,3756,16749,0.018150121323959184,1.0809362039550032,1.1068326971020197,0.0029209226284590056,0.03090524587530819,motif_enrichment,ok,
motif_cnn53_hela_sequence_cnn_ism_348,efficacy >= q0.67,all_eligible_sequences,696,5528,2250,16749,-0.008431892039432287,0.9372329956584661,0.9281920529801324,0.9487007032649133,0.9999999981280304,motif_enrichment,ok,
motif_cnn73_hct116_sequence_cnn_ism_349,efficacy >= q0.67,all_eligible_sequences,382,5528,1445,16749,-0.017171057753280566,0.8009702101663002,0.7861957485035577,0.9999818685649463,0.9999999981280304,motif_enrichment,ok,
motif_cnn53_hct116_sequence_cnn_ism_350,efficacy >= q0.67,all_eligible_sequences,900,5528,2553,16749,0.010380514757819953,1.0681015439399633,1.0813451458297574,0.034221384081866424,0.20595621979545298,motif_enrichment,ok,
motif_cnn73_hl60_sequence_cnn_ism_351,efficacy >= q0.67,all_eligible_sequences,1192,5528,4150,16749,-0.03214646419480818,0.8702599689641344,0.8345934290668208,0.9999995461087219,0.9999999981280304,motif_enrichment,ok,
motif_cnn33_hct116_all_cnn_ism_352,efficacy >= q0.67,all_eligible_sequences,714,5528,2050,16749,0.0067652698707458825,1.055273904909816,1.0634719871918288,0.09723071739637468,0.30229076119441606,motif_enrichment,ok,
motif_cnn33_hct116_all_cnn_ism_353,efficacy >= q0.67,all_eligible_sequences,498,5528,1379,16749,0.007753557051897342,1.094172826005967,1.103496497447512,0.038898659398457595,0.22988757266115478,motif_enrichment,ok,
motif_cnn33_hct116_all_cnn_ism_354,efficacy >= q0.67,all_eligible_sequences,564,5528,1539,16749,0.010139966452843069,1.110353669992637,1.122891838783098,0.014051460275336245,0.12456429649487268,motif_enrichment,ok,
motif_cnn53_hek293t_all_cnn_ig_355,efficacy >= q0.67,all_eligible_sequences,1340,5528,3756,16749,0.018150121323959184,1.0809362039550032,1.1068326971020197,0.0029209226284590056,0.03090524587530819,motif_enrichment,ok,
motif_cnn73_hl60_sequence_cnn_ism_356,efficacy >= q0.67,all_eligible_sequences,1340,5528,3756,16749,0.018150121323959184,1.0809362039550032,1.1068326971020197,0.0029209226284590056,0.03090524587530819,motif_enrichment,ok,
motif_cnn53_hct116_sequence_cnn_ism_357,efficacy >= q0.67,all_eligible_sequences,802,5528,2281,16749,0.00889235973134972,1.0652951044017434,1.0763756532231985,0.0512066236046428,0.2469966550341594,motif_enrichment,ok,
motif_cnn73_hl60_all_cnn_ism_358,efficacy >= q0.67,all_eligible_sequences,1192,5528,4150,16749,-0.03214646419480818,0.8702599689641344,0.8345934290668208,0.9999995461087219,0.9999999981280304,motif_enrichment,ok,
motif_cnn53_hela_sequence_cnn_ism_359,efficacy >= q0.67,all_eligible_sequences,700,5528,2046,16749,0.00447152859375409,1.0366049034295148,1.0419121595191296,0.19651921507889097,0.46595181970088245,motif_enrichment,ok,
motif_cnn73_hl60_all_cnn_ism_360,efficacy >= q0.67,all_eligible_sequences,1340,5528,3756,16749,0.018150121323959184,1.0809362039550032,1.1068326971020197,0.0029209226284590056,0.03090524587530819,motif_enrichment,ok,
motif_cnn33_hek293t_sequence_cnn_ig_361,efficacy >= q0.67,all_eligible_sequences,948,5528,2789,16749,0.004973189318860344,1.0298658830769423,1.036047729617759,0.2010127514868136,0.46595181970088245,motif_enrichment,ok,
motif_cnn33_hek293t_all_cnn_ig_362,efficacy >= q0.67,all_eligible_sequences,948,5528,2789,16749,0.004973189318860344,1.0298658830769423,1.036047729617759,0.2010127514868136,0.46595181970088245,motif_enrichment,ok,
motif_cnn33_hek293t_sequence_cnn_ig_363,efficacy >= q0.67,all_eligible_sequences,948,5528,2789,16749,0.004973189318860344,1.0298658830769423,1.036047729617759,0.2010127514868136,0.46595181970088245,motif_enrichment,ok,
motif_cnn53_hek293t_sequence_cnn_ig_364,efficacy >= q0.67,all_eligible_sequences,948,5528,2789,16749,0.004973189318860344,1.0298658830769423,1.036047729617759,0.2010127514868136,0.46595181970088245,motif_enrichment,ok,
motif_cnn73_hek293t_all_cnn_ig_365,efficacy >= q0.67,all_eligible_sequences,948,5528,2789,16749,0.004973189318860344,1.0298658830769423,1.036047729617759,0.2010127514868136,0.46595181970088245,motif_enrichment,ok,
motif_cnn73_hek293t_sequence_cnn_ig_366,efficacy >= q0.67,all_eligible_sequences,948,5528,2789,16749,0.004973189318860344,1.0298658830769423,1.036047729617759,0.2010127514868136,0.46595181970088245,motif_enrichment,ok,
motif_cnn73_hek293t_all_cnn_ig_367,efficacy >= q0.67,all_eligible_sequences,948,5528,2789,16749,0.004973189318860344,1.0298658830769423,1.036047729617759,0.2010127514868136,0.46595181970088245,motif_enrichment,ok,
motif_cnn73_hek293t_sequence_cnn_ig_368,efficacy >= q0.67,all_eligible_sequences,948,5528,2789,16749,0.004973189318860344,1.0298658830769423,1.036047729617759,0.2010127514868136,0.46595181970088245,motif_enrichment,ok,
motif_cnn33_hek293t_all_cnn_ig_369,efficacy >= q0.67,all_eligible_sequences,992,5528,2863,16749,0.008514494115422933,1.0498111288645542,1.0607045679813174,0.0766084731168302,0.2590472080651578,motif_enrichment,ok,
motif_cnn33_hek293t_sequence_cnn_ig_370,efficacy >= q0.67,all_eligible_sequences,992,5528,2863,16749,0.008514494115422933,1.0498111288645542,1.0607045679813174,0.0766084731168302,0.2590472080651578,motif_enrichment,ok,
motif_cnn33_hct116_all_cnn_ism_371,efficacy >= q0.67,all_eligible_sequences,900,5528,2553,16749,0.010380514757819953,1.0681015439399633,1.0813451458297574,0.034221384081866424,0.20595621979545298,motif_enrichment,ok,
motif_cnn33_hct116_sequence_cnn_ism_372,efficacy >= q0.67,all_eligible_sequences,361,5528,1315,16749,-0.013208242598495415,0.8317681708880611,0.8200144084902654,0.9995186014131595,0.9999999981280304,motif_enrichment,ok,
motif_cnn33_hek293t_all_cnn_ig_373,efficacy >= q0.67,all_eligible_sequences,992,5528,2863,16749,0.008514494115422933,1.0498111288645542,1.0607045679813174,0.0766084731168302,0.2590472080651578,motif_enrichment,ok,
motif_cnn33_hek293t_sequence_cnn_ig_374,efficacy >= q0.67,all_eligible_sequences,992,5528,2863,16749,0.008514494115422933,1.0498111288645542,1.0607045679813174,0.0766084731168302,0.2590472080651578,motif_enrichment,ok,
motif_cnn53_hek293t_all_cnn_ig_375,efficacy >= q0.67,all_eligible_sequences,948,5528,2789,16749,0.004973189318860344,1.0298658830769423,1.036047729617759,0.2010127514868136,0.46595181970088245,motif_enrichment,ok,
motif_cnn53_hek293t_sequence_cnn_ig_376,efficacy >= q0.67,all_eligible_sequences,992,5528,2863,16749,0.008514494115422933,1.0498111288645542,1.0607045679813174,0.0766084731168302,0.2590472080651578,motif_enrichment,ok,
motif_cnn53_hek293t_all_cnn_ig_377,efficacy >= q0.67,all_eligible_sequences,992,5528,2863,16749,0.008514494115422933,1.0498111288645542,1.0607045679813174,0.0766084731168302,0.2590472080651578,motif_enrichment,ok,
motif_cnn53_hek293t_all_cnn_ig_378,efficacy >= q0.67,all_eligible_sequences,948,5528,2789,16749,0.004973189318860344,1.0298658830769423,1.036047729617759,0.2010127514868136,0.46595181970088245,motif_enrichment,ok,
motif_cnn73_hek293t_all_cnn_ig_379,efficacy >= q0.67,all_eligible_sequences,992,5528,2863,16749,0.008514494115422933,1.0498111288645542,1.0607045679813174,0.0766084731168302,0.2590472080651578,motif_enrichment,ok,
motif_cnn73_hek293t_sequence_cnn_ig_380,efficacy >= q0.67,all_eligible_sequences,992,5528,2863,16749,0.008514494115422933,1.0498111288645542,1.0607045679813174,0.0766084731168302,0.2590472080651578,motif_enrichment,ok,
motif_cnn73_hek293t_all_cnn_ig_381,efficacy >= q0.67,all_eligible_sequences,992,5528,2863,16749,0.008514494115422933,1.0498111288645542,1.0607045679813174,0.0766084731168302,0.2590472080651578,motif_enrichment,ok,
motif_cnn73_hek293t_sequence_cnn_ig_382,efficacy >= q0.67,all_eligible_sequences,992,5528,2863,16749,0.008514494115422933,1.0498111288645542,1.0607045679813174,0.0766084731168302,0.2590472080651578,motif_enrichment,ok,
motif_cnn33_hct116_sequence_cnn_ism_383,efficacy >= q0.67,all_eligible_sequences,564,5528,1539,16749,0.010139966452843069,1.110353669992637,1.122891838783098,0.014051460275336245,0.12456429649487268,motif_enrichment,ok,
motif_cnn33_hek293t_all_cnn_ig_384,efficacy >= q0.67,all_eligible_sequences,433,5528,1391,16749,-0.004721224905839247,0.9431518361265985,0.9383205790201837,0.8727817010220373,0.9999999981280304,motif_enrichment,ok,
motif_cnn33_hek293t_sequence_cnn_ig_385,efficacy >= q0.67,all_eligible_sequences,433,5528,1391,16749,-0.004721224905839247,0.9431518361265985,0.9383205790201837,0.8727817010220373,0.9999999981280304,motif_enrichment,ok,
motif_cnn53_hek293t_all_cnn_ig_386,efficacy >= q0.67,all_eligible_sequences,433,5528,1391,16749,-0.004721224905839247,0.9431518361265985,0.9383205790201837,0.8727817010220373,0.9999999981280304,motif_enrichment,ok,
motif_cnn73_hek293t_all_cnn_ig_387,efficacy >= q0.67,all_eligible_sequences,433,5528,1391,16749,-0.004721224905839247,0.9431518361265985,0.9383205790201837,0.8727817010220373,0.9999999981280304,motif_enrichment,ok,
motif_cnn73_hek293t_sequence_cnn_ig_388,efficacy >= q0.67,all_eligible_sequences,433,5528,1391,16749,-0.004721224905839247,0.9431518361265985,0.9383205790201837,0.8727817010220373,0.9999999981280304,motif_enrichment,ok,
motif_cnn73_hek293t_all_cnn_ig_389,efficacy >= q0.67,all_eligible_sequences,433,5528,1391,16749,-0.004721224905839247,0.9431518361265985,0.9383205790201837,0.8727817010220373,0.9999999981280304,motif_enrichment,ok,
motif_cnn73_hek293t_sequence_cnn_ig_390,efficacy >= q0.67,all_eligible_sequences,433,5528,1391,16749,-0.004721224905839247,0.9431518361265985,0.9383205790201837,0.8727817010220373,0.9999999981280304,motif_enrichment,ok,
motif_cnn33_hek293t_sequence_cnn_ig_391,efficacy >= q0.67,all_eligible_sequences,433,5528,1391,16749,-0.004721224905839247,0.9431518361265985,0.9383205790201837,0.8727817010220373,0.9999999981280304,motif_enrichment,ok,
motif_cnn33_hl60_all_cnn_ig_392,efficacy >= q0.67,all_eligible_sequences,948,5528,2789,16749,0.004973189318860344,1.0298658830769423,1.036047729617759,0.2010127514868136,0.46595181970088245,motif_enrichment,ok,
motif_cnn53_hl60_sequence_cnn_ig_393,efficacy >= q0.67,all_eligible_sequences,802,5528,2281,16749,0.00889235973134972,1.0652951044017434,1.0763756532231985,0.0512066236046428,0.2469966550341594,motif_enrichment,ok,
motif_cnn33_hl60_sequence_cnn_ig_394,efficacy >= q0.67,all_eligible_sequences,802,5528,2281,16749,0.00889235973134972,1.0652951044017434,1.0763756532231985,0.0512066236046428,0.2469966550341594,motif_enrichment,ok,
motif_cnn53_hek293t_all_cnn_ig_395,efficacy >= q0.67,all_eligible_sequences,992,5528,2863,16749,0.008514494115422933,1.0498111288645542,1.0607045679813174,0.0766084731168302,0.2590472080651578,motif_enrichment,ok,
motif_cnn53_hek293t_sequence_cnn_ig_396,efficacy >= q0.67,all_eligible_sequences,433,5528,1391,16749,-0.004721224905839247,0.9431518361265985,0.9383205790201837,0.8727817010220373,0.9999999981280304,motif_enrichment,ok,
motif_cnn53_hl60_all_cnn_ig_397,efficacy >= q0.67,all_eligible_sequences,802,5528,2281,16749,0.00889235973134972,1.0652951044017434,1.0763756532231985,0.0512066236046428,0.2469966550341594,motif_enrichment,ok,
motif_cnn53_hl60_sequence_cnn_ig_398,efficacy >= q0.67,all_eligible_sequences,802,5528,2281,16749,0.00889235973134972,1.0652951044017434,1.0763756532231985,0.0512066236046428,0.2469966550341594,motif_enrichment,ok,
motif_cnn53_hl60_all_cnn_ig_399,efficacy >= q0.67,all_eligible_sequences,802,5528,2281,16749,0.00889235973134972,1.0652951044017434,1.0763756532231985,0.0512066236046428,0.2469966550341594,motif_enrichment,ok,
motif_cnn73_hl60_all_cnn_ig_400,efficacy >= q0.67,all_eligible_sequences,802,5528,2281,16749,0.00889235973134972,1.0652951044017434,1.0763756532231985,0.0512066236046428,0.2469966550341594,motif_enrichment,ok,
motif_cnn73_hl60_sequence_cnn_ig_401,efficacy >= q0.67,all_eligible_sequences,802,5528,2281,16749,0.00889235973134972,1.0652951044017434,1.0763756532231985,0.0512066236046428,0.2469966550341594,motif_enrichment,ok,
motif_cnn73_hl60_all_cnn_ig_402,efficacy >= q0.67,all_eligible_sequences,802,5528,2281,16749,0.00889235973134972,1.0652951044017434,1.0763756532231985,0.0512066236046428,0.2469966550341594,motif_enrichment,ok,
motif_cnn73_hl60_sequence_cnn_ig_403,efficacy >= q0.67,all_eligible_sequences,802,5528,2281,16749,0.00889235973134972,1.0652951044017434,1.0763756532231985,0.0512066236046428,0.2469966550341594,motif_enrichment,ok,
motif_cnn33_hek293t_all_cnn_ig_404,efficacy >= q0.67,all_eligible_sequences,948,5528,2789,16749,0.004973189318860344,1.0298658830769423,1.036047729617759,0.2010127514868136,0.46595181970088245,motif_enrichment,ok,
motif_cnn33_hl60_sequence_cnn_ig_405,efficacy >= q0.67,all_eligible_sequences,1340,5528,3756,16749,0.018150121323959184,1.0809362039550032,1.1068326971020197,0.0029209226284590056,0.03090524587530819,motif_enrichment,ok,
motif_cnn73_hct116_sequence_cnn_ism_406,efficacy >= q0.67,all_eligible_sequences,390,5528,1305,16749,-0.007365171767820089,0.9054718299316332,0.89829666715883,0.966388835797844,0.9999999981280304,motif_enrichment,ok,
motif_cnn53_hl60_all_cnn_ism_407,efficacy >= q0.67,all_eligible_sequences,1192,5528,4150,16749,-0.03214646419480818,0.8702599689641344,0.8345934290668208,0.9999995461087219,0.9999999981280304,motif_enrichment,ok,
motif_cnn33_hct116_sequence_cnn_ism_408,efficacy >= q0.67,all_eligible_sequences,328,5528,1259,16749,-0.015834368667408186,0.7893488158773473,0.77606158734038,0.9999765334306173,0.9999999981280304,motif_enrichment,ok,
motif_cnn53_hek293t_all_cnn_ig_409,efficacy >= q0.67,all_eligible_sequences,433,5528,1391,16749,-0.004721224905839247,0.9431518361265985,0.9383205790201837,0.8727817010220373,0.9999999981280304,motif_enrichment,ok,
motif_cnn53_hek293t_sequence_cnn_ig_410,efficacy >= q0.67,all_eligible_sequences,433,5528,1391,16749,-0.004721224905839247,0.9431518361265985,0.9383205790201837,0.8727817010220373,0.9999999981280304,motif_enrichment,ok,
motif_cnn33_hct116_all_cnn_ig_411,efficacy >= q0.67,all_eligible_sequences,376,5528,1080,16749,0.0035359045562389224,1.0548359864930053,1.0588379917184265,0.186227964323406,0.46595181970088245,motif_enrichment,ok,
motif_cnn33_hct116_all_cnn_ig_412,efficacy >= q0.67,all_eligible_sequences,714,5528,2050,16749,0.0067652698707458825,1.055273904909816,1.0634719871918288,0.09723071739637468,0.30229076119441606,motif_enrichment,ok,
motif_cnn33_hct116_all_cnn_ism_413,efficacy >= q0.67,all_eligible_sequences,843,5528,2641,16749,-0.0051846735304153235,0.9671192362889336,0.9612028043127482,0.8267232951494473,0.9999999981280304,motif_enrichment,ok,
motif_cnn53_hela_all_cnn_ism_414,efficacy >= q0.67,all_eligible_sequences,215,5528,978,16749,-0.019498636936140387,0.6660708895261602,0.6525578538115214,0.9999999967493322,0.9999999981280304,motif_enrichment,ok,
motif_cnn53_hl60_all_cnn_ig_415,efficacy >= q0.67,all_eligible_sequences,1156,5528,3563,16749,-0.0036118967380734113,0.9830211455329801,0.9785317686427984,0.7216160884684157,0.9999999981280304,motif_enrichment,ok,
motif_cnn33_hl60_sequence_cnn_ig_416,efficacy >= q0.67,all_eligible_sequences,1156,5528,3563,16749,-0.0036118967380734113,0.9830211455329801,0.9785317686427984,0.7216160884684157,0.9999999981280304,motif_enrichment,ok,
motif_cnn53_hl60_all_cnn_ism_417,efficacy >= q0.67,all_eligible_sequences,948,5528,2789,16749,0.004973189318860344,1.0298658830769423,1.036047729617759,0.2010127514868136,0.46595181970088245,motif_enrichment,ok,
motif_cnn33_hl60_all_cnn_ig_418,efficacy >= q0.67,all_eligible_sequences,1340,5528,3756,16749,0.018150121323959184,1.0809362039550032,1.1068326971020197,0.0029209226284590056,0.03090524587530819,motif_enrichment,ok,
motif_cnn33_hek293t_sequence_cnn_ism_419,efficacy >= q0.67,all_eligible_sequences,1340,5528,3756,16749,0.018150121323959184,1.0809362039550032,1.1068326971020197,0.0029209226284590056,0.03090524587530819,motif_enrichment,ok,
motif_cnn33_hela_all_cnn_ism_420,efficacy >= q0.67,all_eligible_sequences,814,5528,2394,16749,0.004316455292620008,1.0301989597728038,1.0354136295341663,0.2201826701456434,0.5032746746186135,motif_enrichment,ok,
motif_cnn33_hl60_all_cnn_ig_421,efficacy >= q0.67,all_eligible_sequences,474,5528,1596,16749,-0.009543974329763213,0.8998420889416014,0.890448568988756,0.9846074828444094,0.9999999981280304,motif_enrichment,ok,
motif_cnn33_hl60_sequence_cnn_ig_422,efficacy >= q0.67,all_eligible_sequences,474,5528,1596,16749,-0.009543974329763213,0.8998420889416014,0.890448568988756,0.9846074828444094,0.9999999981280304,motif_enrichment,ok,
motif_cnn33_hl60_all_cnn_ig_423,efficacy >= q0.67,all_eligible_sequences,474,5528,1596,16749,-0.009543974329763213,0.8998420889416014,0.890448568988756,0.9846074828444094,0.9999999981280304,motif_enrichment,ok,
motif_cnn53_hl60_all_cnn_ig_424,efficacy >= q0.67,all_eligible_sequences,474,5528,1596,16749,-0.009543974329763213,0.8998420889416014,0.890448568988756,0.9846074828444094,0.9999999981280304,motif_enrichment,ok,
motif_cnn53_hl60_sequence_cnn_ig_425,efficacy >= q0.67,all_eligible_sequences,474,5528,1596,16749,-0.009543974329763213,0.8998420889416014,0.890448568988756,0.9846074828444094,0.9999999981280304,motif_enrichment,ok,
motif_cnn73_hl60_all_cnn_ig_426,efficacy >= q0.67,all_eligible_sequences,474,5528,1596,16749,-0.009543974329763213,0.8998420889416014,0.890448568988756,0.9846074828444094,0.9999999981280304,motif_enrichment,ok,
motif_cnn73_hl60_sequence_cnn_ig_427,efficacy >= q0.67,all_eligible_sequences,474,5528,1596,16749,-0.009543974329763213,0.8998420889416014,0.890448568988756,0.9846074828444094,0.9999999981280304,motif_enrichment,ok,
motif_cnn73_hl60_all_cnn_ig_428,efficacy >= q0.67,all_eligible_sequences,474,5528,1596,16749,-0.009543974329763213,0.8998420889416014,0.890448568988756,0.9846074828444094,0.9999999981280304,motif_enrichment,ok,
motif_cnn73_hl60_sequence_cnn_ig_429,efficacy >= q0.67,all_eligible_sequences,474,5528,1596,16749,-0.009543974329763213,0.8998420889416014,0.890448568988756,0.9846074828444094,0.9999999981280304,motif_enrichment,ok,
motif_cnn53_hl60_sequence_cnn_ig_430,efficacy >= q0.67,all_eligible_sequences,474,5528,1596,16749,-0.009543974329763213,0.8998420889416014,0.890448568988756,0.9846074828444094,0.9999999981280304,motif_enrichment,ok,
motif_cnn33_hl60_all_cnn_ig_431,efficacy >= q0.67,all_eligible_sequences,992,5528,2863,16749,0.008514494115422933,1.0498111288645542,1.0607045679813174,0.0766084731168302,0.2590472080651578,motif_enrichment,ok,
motif_cnn33_hl60_sequence_cnn_ig_432,efficacy >= q0.67,all_eligible_sequences,992,5528,2863,16749,0.008514494115422933,1.0498111288645542,1.0607045679813174,0.0766084731168302,0.2590472080651578,motif_enrichment,ok,
motif_cnn33_hct116_all_cnn_ism_433,efficacy >= q0.67,all_eligible_sequences,376,5528,1080,16749,0.0035359045562389224,1.0548359864930053,1.0588379917184265,0.186227964323406,0.46595181970088245,motif_enrichment,ok,
motif_cnn33_hl60_all_cnn_ig_434,efficacy >= q0.67,all_eligible_sequences,992,5528,2863,16749,0.008514494115422933,1.0498111288645542,1.0607045679813174,0.0766084731168302,0.2590472080651578,motif_enrichment,ok,
motif_cnn53_hl60_all_cnn_ig_435,efficacy >= q0.67,all_eligible_sequences,992,5528,2863,16749,0.008514494115422933,1.0498111288645542,1.0607045679813174,0.0766084731168302,0.2590472080651578,motif_enrichment,ok,
motif_cnn53_hl60_sequence_cnn_ig_436,efficacy >= q0.67,all_eligible_sequences,992,5528,2863,16749,0.008514494115422933,1.0498111288645542,1.0607045679813174,0.0766084731168302,0.2590472080651578,motif_enrichment,ok,
motif_cnn73_hl60_all_cnn_ig_437,efficacy >= q0.67,all_eligible_sequences,992,5528,2863,16749,0.008514494115422933,1.0498111288645542,1.0607045679813174,0.0766084731168302,0.2590472080651578,motif_enrichment,ok,
motif_cnn73_hl60_sequence_cnn_ig_438,efficacy >= q0.67,all_eligible_sequences,992,5528,2863,16749,0.008514494115422933,1.0498111288645542,1.0607045679813174,0.0766084731168302,0.2590472080651578,motif_enrichment,ok,
motif_cnn73_hl60_all_cnn_ig_439,efficacy >= q0.67,all_eligible_sequences,992,5528,2863,16749,0.008514494115422933,1.0498111288645542,1.0607045679813174,0.0766084731168302,0.2590472080651578,motif_enrichment,ok,
motif_cnn73_hl60_sequence_cnn_ig_440,efficacy >= q0.67,all_eligible_sequences,992,5528,2863,16749,0.008514494115422933,1.0498111288645542,1.0607045679813174,0.0766084731168302,0.2590472080651578,motif_enrichment,ok,
motif_cnn53_hl60_all_cnn_ig_441,efficacy >= q0.67,all_eligible_sequences,474,5528,1596,16749,-0.009543974329763213,0.8998420889416014,0.890448568988756,0.9846074828444094,0.9999999981280304,motif_enrichment,ok,
motif_cnn53_hl60_sequence_cnn_ig_442,efficacy >= q0.67,all_eligible_sequences,1156,5528,3563,16749,-0.0036118967380734113,0.9830211455329801,0.9785317686427984,0.7216160884684157,0.9999999981280304,motif_enrichment,ok,
motif_cnn53_hela_sequence_cnn_ism_443,efficacy >= q0.67,all_eligible_sequences,614,5528,1653,16749,0.012378452470843238,1.1254245011700867,1.1410961828384696,0.004731860871011904,0.047755395867443214,motif_enrichment,ok,
motif_cnn53_hela_all_cnn_ism_444,efficacy >= q0.67,all_eligible_sequences,847,5528,2843,16749,-0.016521506046670686,0.9026666532621571,0.885054744548858,0.9981573260254025,0.9999999981280304,motif_enrichment,ok,
motif_cnn53_hl60_sequence_cnn_ig_445,efficacy >= q0.67,all_eligible_sequences,992,5528,2863,16749,0.008514494115422933,1.0498111288645542,1.0607045679813174,0.0766084731168302,0.2590472080651578,motif_enrichment,ok,
motif_cnn53_hela_sequence_cnn_ism_446,efficacy >= q0.67,all_eligible_sequences,752,5528,2073,16749,0.01226614907307251,1.0991055141461126,1.114710067462251,0.009631637448639353,0.08775491897649189,motif_enrichment,ok,
motif_cnn33_hct116_all_cnn_ism_447,efficacy >= q0.67,all_eligible_sequences,523,5528,1795,16749,-0.012561315408682841,0.8827913806239394,0.8705436068110163,0.9965291823458575,0.9999999981280304,motif_enrichment,ok,
motif_cnn33_hct116_sequence_cnn_ism_448,efficacy >= q0.67,all_eligible_sequences,284,5528,997,16749,-0.008151122744524827,0.863066043281799,0.8556500929179606,0.9896377913189666,0.9999999981280304,motif_enrichment,ok,
motif_cnn33_hct116_sequence_cnn_ism_449,efficacy >= q0.67,all_eligible_sequences,507,5528,1785,16749,-0.014858620844288267,0.8605786887837623,0.8465004962351401,0.9993398684145288,0.9999999981280304,motif_enrichment,ok,
motif_cnn73_hl60_all_cnn_ism_450,efficacy >= q0.67,all_eligible_sequences,802,5528,2281,16749,0.00889235973134972,1.0652951044017434,1.0763756532231985,0.0512066236046428,0.2469966550341594,motif_enrichment,ok,
motif_cnn73_hl60_sequence_cnn_ism_451,efficacy >= q0.67,all_eligible_sequences,802,5528,2281,16749,0.00889235973134972,1.0652951044017434,1.0763756532231985,0.0512066236046428,0.2469966550341594,motif_enrichment,ok,
motif_cnn53_hl60_all_cnn_ig_452,efficacy >= q0.67,all_eligible_sequences,992,5528,2863,16749,0.008514494115422933,1.0498111288645542,1.0607045679813174,0.0766084731168302,0.2590472080651578,motif_enrichment,ok,
motif_cnn73_hela_all_cnn_ism_453,efficacy >= q0.67,all_eligible_sequences,367,5528,1349,16749,-0.014152831034947855,0.8242803802784717,0.8117849141986809,0.999767195354819,0.9999999981280304,motif_enrichment,ok,
motif_cnn53_hela_all_cnn_ism_454,efficacy >= q0.67,all_eligible_sequences,696,5528,2250,16749,-0.008431892039432287,0.9372329956584661,0.9281920529801324,0.9487007032649133,0.9999999981280304,motif_enrichment,ok,
motif_cnn73_hela_all_cnn_ism_455,efficacy >= q0.67,all_eligible_sequences,696,5528,2250,16749,-0.008431892039432287,0.9372329956584661,0.9281920529801324,0.9487007032649133,0.9999999981280304,motif_enrichment,ok,
motif_cnn53_hek293t_sequence_cnn_ig_456,efficacy >= q0.67,all_eligible_sequences,900,5528,2553,16749,0.010380514757819953,1.0681015439399633,1.0813451458297574,0.034221384081866424,0.20595621979545298,motif_enrichment,ok,
motif_cnn33_hek293t_sequence_cnn_ism_457,efficacy >= q0.67,all_eligible_sequences,433,5528,1391,16749,-0.004721224905839247,0.9431518361265985,0.9383205790201837,0.8727817010220373,0.9999999981280304,motif_enrichment,ok,
motif_cnn33_hl60_sequence_cnn_ig_458,efficacy >= q0.67,all_eligible_sequences,802,5528,2281,16749,0.00889235973134972,1.0652951044017434,1.0763756532231985,0.0512066236046428,0.2469966550341594,motif_enrichment,ok,
motif_cnn73_hl60_all_cnn_ism_459,efficacy >= q0.67,all_eligible_sequences,948,5528,2789,16749,0.004973189318860344,1.0298658830769423,1.036047729617759,0.2010127514868136,0.46595181970088245,motif_enrichment,ok,
motif_cnn33_hl60_all_cnn_ig_460,efficacy >= q0.67,all_eligible_sequences,714,5528,2050,16749,0.0067652698707458825,1.055273904909816,1.0634719871918288,0.09723071739637468,0.30229076119441606,motif_enrichment,ok,
motif_cnn33_hl60_all_cnn_ig_461,efficacy >= q0.67,all_eligible_sequences,714,5528,2050,16749,0.0067652698707458825,1.055273904909816,1.0634719871918288,0.09723071739637468,0.30229076119441606,motif_enrichment,ok,
motif_cnn33_hl60_sequence_cnn_ig_462,efficacy >= q0.67,all_eligible_sequences,714,5528,2050,16749,0.0067652698707458825,1.055273904909816,1.0634719871918288,0.09723071739637468,0.30229076119441606,motif_enrichment,ok,
motif_cnn73_hl60_sequence_cnn_ism_463,efficacy >= q0.67,all_eligible_sequences,1406,5528,4561,16749,-0.01797323105191756,0.9339983234184243,0.911485378907581,0.9958846218844343,0.9999999981280304,motif_enrichment,ok,
motif_cnn53_hela_all_cnn_ism_464,efficacy >= q0.67,all_eligible_sequences,1151,5528,3229,16749,0.015425106054239662,1.0800108706418272,1.1010509693644097,0.006704937511188862,0.06468292657852785,motif_enrichment,ok,
motif_cnn53_hela_all_cnn_ism_465,efficacy >= q0.67,all_eligible_sequences,521,5528,1560,16749,0.0011075784899009927,1.0118915590559947,1.0131289271942359,0.41209091196659536,0.8805590822478389,motif_enrichment,ok,
motif_cnn53_hela_sequence_cnn_ism_466,efficacy >= q0.67,all_eligible_sequences,521,5528,1560,16749,0.0011075784899009927,1.0118915590559947,1.0131289271942359,0.41209091196659536,0.8805590822478389,motif_enrichment,ok,
motif_cnn33_hct116_all_cnn_ism_467,efficacy >= q0.67,all_eligible_sequences,122,5528,560,16749,-0.011365367386125567,0.6600740386603265,0.6524027535542519,0.9999955954540828,0.9999999981280304,motif_enrichment,ok,
motif_cnn73_hl60_sequence_cnn_ism_468,efficacy >= q0.67,all_eligible_sequences,474,5528,1596,16749,-0.009543974329763213,0.8998420889416014,0.890448568988756,0.9846074828444094,0.9999999981280304,motif_enrichment,ok,
motif_cnn73_hl60_sequence_cnn_ism_469,efficacy >= q0.67,all_eligible_sequences,992,5528,2863,16749,0.008514494115422933,1.0498111288645542,1.0607045679813174,0.0766084731168302,0.2590472080651578,motif_enrichment,ok,
motif_cnn53_hela_all_cnn_ism_470,efficacy >= q0.67,all_eligible_sequences,641,5528,1903,16749,0.0023364139760293223,1.0205636351468812,1.023260850233673,0.32573779979974976,0.7052277117776761,motif_enrichment,ok,
motif_cnn73_hela_all_cnn_ism_471,efficacy >= q0.67,all_eligible_sequences,357,5528,1239,16749,-0.009394247266549555,0.8730070641909293,0.8642396153253641,0.9917978267200008,0.9999999981280304,motif_enrichment,ok,
motif_cnn53_hela_all_cnn_ism_472,efficacy >= q0.67,all_eligible_sequences,578,5528,1818,16749,-0.0039851829502057234,0.9632850224240948,0.958997899789979,0.803282508144628,0.9999999981280304,motif_enrichment,ok,
motif_cnn53_hela_sequence_cnn_ism_473,efficacy >= q0.67,all_eligible_sequences,578,5528,1818,16749,-0.0039851829502057234,0.9632850224240948,0.958997899789979,0.803282508144628,0.9999999981280304,motif_enrichment,ok,
motif_cnn73_hela_all_cnn_ism_474,efficacy >= q0.67,all_eligible_sequences,641,5528,1903,16749,0.0023364139760293223,1.0205636351468812,1.023260850233673,0.32573779979974976,0.7052277117776761,motif_enrichment,ok,
motif_cnn33_hela_sequence_cnn_ism_475,efficacy >= q0.67,all_eligible_sequences,159,5528,403,16749,0.004701524829138555,1.1953991051197064,1.20118574280159,0.03110336357332466,0.20595621979545298,motif_enrichment,ok,
motif_cnn53_hl60_all_cnn_ism_476,efficacy >= q0.67,all_eligible_sequences,992,5528,2863,16749,0.008514494115422933,1.0498111288645542,1.0607045679813174,0.0766084731168302,0.2590472080651578,motif_enrichment,ok,
motif_cnn73_hl60_all_cnn_ism_477,efficacy >= q0.67,all_eligible_sequences,992,5528,2863,16749,0.008514494115422933,1.0498111288645542,1.0607045679813174,0.0766084731168302,0.2590472080651578,motif_enrichment,ok,
motif_cnn73_hl60_all_cnn_ism_478,efficacy >= q0.67,all_eligible_sequences,1406,5528,4561,16749,-0.01797323105191756,0.9339983234184243,0.911485378907581,0.9958846218844343,0.9999999981280304,motif_enrichment,ok,
motif_cnn73_hela_all_cnn_ism_479,efficacy >= q0.67,all_eligible_sequences,700,5528,2046,16749,0.00447152859375409,1.0366049034295148,1.0419121595191296,0.19651921507889097,0.46595181970088245,motif_enrichment,ok,
motif_cnn53_hl60_all_cnn_ism_480,efficacy >= q0.67,all_eligible_sequences,474,5528,1596,16749,-0.009543974329763213,0.8998420889416014,0.890448568988756,0.9846074828444094,0.9999999981280304,motif_enrichment,ok,
motif_cnn73_hela_all_cnn_ism_481,efficacy >= q0.67,all_eligible_sequences,213,5528,750,16749,-0.0062476784366848614,0.8604768451519537,0.8548854186265287,0.9792188369463073,0.9999999981280304,motif_enrichment,ok,
motif_cnn33_hela_all_cnn_ism_482,efficacy >= q0.67,all_eligible_sequences,403,5528,1384,16749,-0.009730207017564774,0.8822462157968263,0.8729867474975328,0.990785965597747,0.9999999981280304,motif_enrichment,ok,
motif_cnn33_hela_all_cnn_ism_483,efficacy >= q0.67,all_eligible_sequences,266,5528,850,16749,-0.0026306298693426974,0.9481642121392696,0.9455438549422049,0.7913641206950434,0.9999999981280304,motif_enrichment,ok,
motif_cnn53_hct116_all_cnn_ism_484,efficacy >= q0.67,all_eligible_sequences,696,5528,2250,16749,-0.008431892039432287,0.9372329956584661,0.9281920529801324,0.9487007032649133,0.9999999981280304,motif_enrichment,ok,
motif_cnn73_hela_all_cnn_ism_485,efficacy >= q0.67,all_eligible_sequences,167,5528,610,16749,-0.0062102439707612846,0.8294829897274086,0.824171230593754,0.9878603017591212,0.9999999981280304,motif_enrichment,ok,
motif_cnn33_hek293t_all_cnn_ig_486,efficacy >= q0.67,all_eligible_sequences,433,5528,1391,16749,-0.004721224905839247,0.9431518361265985,0.9383205790201837,0.8727817010220373,0.9999999981280304,motif_enrichment,ok,
motif_cnn53_hct116_all_cnn_ism_487,efficacy >= q0.67,all_eligible_sequences,700,5528,2046,16749,0.00447152859375409,1.0366049034295148,1.0419121595191296,0.19651921507889097,0.46595181970088245,motif_enrichment,ok,
motif_cnn73_hela_sequence_cnn_ism_488,efficacy >= q0.67,all_eligible_sequences,1340,5528,3756,16749,0.018150121323959184,1.0809362039550032,1.1068326971020197,0.0029209226284590056,0.03090524587530819,motif_enrichment,ok,
motif_cnn53_hela_all_cnn_ism_489,efficacy >= q0.67,all_eligible_sequences,641,5528,1903,16749,0.0023364139760293223,1.0205636351468812,1.023260850233673,0.32573779979974976,0.7052277117776761,motif_enrichment,ok,
motif_cnn73_hela_all_cnn_ism_490,efficacy >= q0.67,all_eligible_sequences,578,5528,1818,16749,-0.0039851829502057234,0.9632850224240948,0.958997899789979,0.803282508144628,0.9999999981280304,motif_enrichment,ok,
motif_cnn73_hl60_sequence_cnn_ism_491,efficacy >= q0.67,all_eligible_sequences,1156,5528,3563,16749,-0.0036118967380734113,0.9830211455329801,0.9785317686427984,0.7216160884684157,0.9999999981280304,motif_enrichment,ok,
motif_cnn53_hela_all_cnn_ism_492,efficacy >= q0.67,all_eligible_sequences,696,5528,2250,16749,-0.008431892039432287,0.9372329956584661,0.9281920529801324,0.9487007032649133,0.9999999981280304,motif_enrichment,ok,
motif_cnn53_hela_sequence_cnn_ism_493,efficacy >= q0.67,all_eligible_sequences,624,5528,2091,16749,-0.011963389999567114,0.904172731179938,0.8919793756041389,0.9917123196385318,0.9999999981280304,motif_enrichment,ok,
motif_cnn53_hela_sequence_cnn_ism_494,efficacy >= q0.67,all_eligible_sequences,605,5528,1826,16749,0.00042140235341608934,1.0038653165483933,1.0043403351370137,0.4738848611531257,0.9952373413770256,motif_enrichment,ok,
motif_cnn33_hela_all_cnn_ism_495,efficacy >= q0.67,all_eligible_sequences,507,5528,1785,16749,-0.014858620844288267,0.8605786887837623,0.8465004962351401,0.9993398684145288,0.9999999981280304,motif_enrichment,ok,
motif_cnn53_hela_sequence_cnn_ism_496,efficacy >= q0.67,all_eligible_sequences,513,5528,1513,16749,0.0024665381668681208,1.0273047242279407,1.030097809677379,0.29849831502868635,0.6660370566626471,motif_enrichment,ok,
motif_cnn53_hct116_all_cnn_ism_497,efficacy >= q0.67,all_eligible_sequences,641,5528,1903,16749,0.0023364139760293223,1.0205636351468812,1.023260850233673,0.32573779979974976,0.7052277117776761,motif_enrichment,ok,
motif_cnn53_hct116_all_cnn_ism_498,efficacy >= q0.67,all_eligible_sequences,351,5528,975,16749,0.0052825042841186595,1.0907452966714908,1.0968978172686885,0.08044951290609301,0.27064041264818983,motif_enrichment,ok,
motif_cnn53_hela_all_cnn_ism_499,efficacy >= q0.67,all_eligible_sequences,684,5528,1931,16749,0.00844325414507327,1.0732346264504569,1.0835757669319004,0.04828967314562333,0.2469966550341594,motif_enrichment,ok,
motif_cnn53_hela_sequence_cnn_ism_500,efficacy >= q0.67,all_eligible_sequences,386,5528,1136,16749,0.002001393866830417,1.0295082270031186,1.0317233525618903,0.31416581898757184,0.6986195839181258,motif_enrichment,ok,
motif_cnn53_hl60_all_cnn_ism_501,efficacy >= q0.67,all_eligible_sequences,1340,5528,3756,16749,0.018150121323959184,1.0809362039550032,1.1068326971020197,0.0029209226284590056,0.03090524587530819,motif_enrichment,ok,
motif_cnn73_hct116_sequence_cnn_ism_502,efficacy >= q0.67,all_eligible_sequences,180,5528,507,16749,0.0022910411568299767,1.075685696914685,1.0782330838714247,0.20841848872247895,0.4814173542322049,motif_enrichment,ok,
motif_cnn33_hek293t_sequence_cnn_ism_503,efficacy >= q0.67,all_eligible_sequences,382,5528,1445,16749,-0.017171057753280566,0.8009702101663002,0.7861957485035577,0.9999818685649463,0.9999999981280304,motif_enrichment,ok,
motif_cnn53_hela_all_cnn_ism_504,efficacy >= q0.67,all_eligible_sequences,588,5528,1804,16749,-0.0013403396483311625,0.9875557933648011,0.9860745801053888,0.6183512387367479,0.9999999981280304,motif_enrichment,ok,
motif_cnn53_hl60_all_cnn_ism_505,efficacy >= q0.67,all_eligible_sequences,802,5528,2281,16749,0.00889235973134972,1.0652951044017434,1.0763756532231985,0.0512066236046428,0.2469966550341594,motif_enrichment,ok,
motif_cnn53_hl60_all_cnn_ism_506,efficacy >= q0.67,all_eligible_sequences,1156,5528,3563,16749,-0.0036118967380734113,0.9830211455329801,0.9785317686427984,0.7216160884684157,0.9999999981280304,motif_enrichment,ok,
motif_cnn53_hek293t_sequence_cnn_ig_507,efficacy >= q0.67,all_eligible_sequences,382,5528,1445,16749,-0.017171057753280566,0.8009702101663002,0.7861957485035577,0.9999818685649463,0.9999999981280304,motif_enrichment,ok,
motif_cnn73_hela_all_cnn_ism_508,efficacy >= q0.67,all_eligible_sequences,592,5528,1783,16749,0.000637055550500934,1.0059843204797196,1.006702050974856,0.4557192285999356,0.9643606901985733,motif_enrichment,ok,
motif_cnn53_hct116_all_cnn_ism_509,efficacy >= q0.67,all_eligible_sequences,467,5528,1389,16749,0.0015486917204984157,1.0186746131221223,1.020397799118572,0.36817448358568455,0.7918769220728166,motif_enrichment,ok,
motif_cnn53_hct116_all_cnn_ism_510,efficacy >= q0.67,all_eligible_sequences,243,5528,641,16749,0.005687090289166884,1.1486007414247366,1.1554332826103961,0.03402341521498453,0.20595621979545298,motif_enrichment,ok,
motif_cnn33_hl60_sequence_cnn_ig_511,efficacy >= q0.67,all_eligible_sequences,313,5528,1046,16749,-0.005830650277930928,0.9066371304922896,0.9010335680462851,0.9463905746775911,0.9999999981280304,motif_enrichment,ok,
motif_cnn73_hela_sequence_cnn_ism_512,efficacy >= q0.67,all_eligible_sequences,364,5528,1243,16749,-0.008366786742090307,0.8872604093778999,0.8793136218127479,0.9834409321182326,0.9999999981280304,motif_enrichment,ok,
motif_cnn73_hl60_all_cnn_ism_513,efficacy >= q0.67,all_eligible_sequences,433,5528,1391,16749,-0.004721224905839247,0.9431518361265985,0.9383205790201837,0.8727817010220373,0.9999999981280304,motif_enrichment,ok,
motif_cnn73_hl60_all_cnn_ism_514,efficacy >= q0.67,all_eligible_sequences,1156,5528,3563,16749,-0.0036118967380734113,0.9830211455329801,0.9785317686427984,0.7216160884684157,0.9999999981280304,motif_enrichment,ok,
motif_cnn53_hct116_all_cnn_ism_515,efficacy >= q0.67,all_eligible_sequences,752,5528,2073,16749,0.01226614907307251,1.0991055141461126,1.114710067462251,0.009631637448639353,0.08775491897649189,motif_enrichment,ok,
motif_cnn73_hl60_sequence_cnn_ism_516,efficacy >= q0.67,all_eligible_sequences,433,5528,1391,16749,-0.004721224905839247,0.9431518361265985,0.9383205790201837,0.8727817010220373,0.9999999981280304,motif_enrichment,ok,
motif_cnn53_hela_all_cnn_ism_517,efficacy >= q0.67,all_eligible_sequences,614,5528,1653,16749,0.012378452470843238,1.1254245011700867,1.1410961828384696,0.004731860871011904,0.047755395867443214,motif_enrichment,ok,
motif_cnn73_hct116_sequence_cnn_ism_518,efficacy >= q0.67,all_eligible_sequences,131,5528,359,16749,0.0022634243278148065,1.1055991478177443,1.1081623289117084,0.17283056343266412,0.46595181970088245,motif_enrichment,ok,
motif_cnn73_hct116_sequence_cnn_ism_519,efficacy >= q0.67,all_eligible_sequences,163,5528,408,16749,0.005126588545494089,1.2104539988933345,1.2168480346472232,0.02172051786194703,0.17590937922762037,motif_enrichment,ok,
motif_cnn73_hela_all_cnn_ism_520,efficacy >= q0.67,all_eligible_sequences,439,5528,1469,16749,-0.008292835851098176,0.905448122756948,0.8972916530949908,0.9743688506128101,0.9999999981280304,motif_enrichment,ok,
motif_cnn33_hek293t_sequence_cnn_ism_521,efficacy >= q0.67,all_eligible_sequences,390,5528,1305,16749,-0.007365171767820089,0.9054718299316332,0.89829666715883,0.966388835797844,0.9999999981280304,motif_enrichment,ok,
motif_cnn53_hek293t_sequence_cnn_ig_522,efficacy >= q0.67,all_eligible_sequences,390,5528,1305,16749,-0.007365171767820089,0.9054718299316332,0.89829666715883,0.966388835797844,0.9999999981280304,motif_enrichment,ok,
motif_cnn33_hela_all_cnn_ism_523,efficacy >= q0.67,all_eligible_sequences,491,5528,1451,16749,0.0021885121940450614,1.0252621576416683,1.0277246788650274,0.31717619809108233,0.7005642624503368,motif_enrichment,ok,
motif_cnn53_hela_all_cnn_ism_524,efficacy >= q0.67,all_eligible_sequences,525,5528,1477,16749,0.006786687223869506,1.076960206034252,1.0850361820822199,0.06703911638823525,0.2590472080651578,motif_enrichment,ok,
motif_cnn53_hela_sequence_cnn_ism_525,efficacy >= q0.67,all_eligible_sequences,366,5528,1069,16749,0.0023836876798226103,1.0373474134231515,1.0399954477727975,0.27513508826958066,0.6202358003602918,motif_enrichment,ok,
motif_cnn53_hl60_all_cnn_ism_526,efficacy >= q0.67,all_eligible_sequences,714,5528,2050,16749,0.0067652698707458825,1.055273904909816,1.0634719871918288,0.09723071739637468,0.30229076119441606,motif_enrichment,ok,
motif_cnn53_hela_all_cnn_ism_527,efficacy >= q0.67,all_eligible_sequences,700,5528,2046,16749,0.00447152859375409,1.0366049034295148,1.0419121595191296,0.19651921507889097,0.46595181970088245,motif_enrichment,ok,
motif_cnn53_hct116_sequence_cnn_ism_528,efficacy >= q0.67,all_eligible_sequences,802,5528,2281,16749,0.00889235973134972,1.0652951044017434,1.0763756532231985,0.0512066236046428,0.2469966550341594,motif_enrichment,ok,
motif_cnn73_hela_all_cnn_ism_529,efficacy >= q0.67,all_eligible_sequences,326,5528,924,16749,0.003805030933008595,1.0689723626590486,1.0732947367895465,0.15105222411908714,0.46521248367193035,motif_enrichment,ok,
motif_cnn73_hela_all_cnn_ism_530,efficacy >= q0.67,all_eligible_sequences,752,5528,2073,16749,0.01226614907307251,1.0991055141461126,1.114710067462251,0.009631637448639353,0.08775491897649189,motif_enrichment,ok,
motif_cnn33_hek293t_all_cnn_ism_531,efficacy >= q0.67,all_eligible_sequences,452,5528,1493,16749,-0.007374092964834766,0.9172748271480123,0.9099084405977567,0.9572122283014215,0.9999999981280304,motif_enrichment,ok,
motif_cnn33_hl60_sequence_cnn_ig_532,efficacy >= q0.67,all_eligible_sequences,565,5528,1520,16749,0.011455259786553124,1.1262264119506435,1.1405963339236667,0.0063761881184842654,0.06242954336903997,motif_enrichment,ok,
motif_cnn73_hela_all_cnn_ism_533,efficacy >= q0.67,all_eligible_sequences,580,5528,1695,16749,0.0037203335637723822,1.036762163339011,1.0410713902461708,0.22128536625552797,0.5040388898042582,motif_enrichment,ok,
motif_cnn33_hek293t_sequence_cnn_ism_534,efficacy >= q0.67,all_eligible_sequences,266,5528,822,16749,-0.0009588882728294723,0.9804617765430403,0.9794740974401229,0.6247140747349913,0.9999999981280304,motif_enrichment,ok,
motif_cnn73_hct116_all_cnn_ism_535,efficacy >= q0.67,all_eligible_sequences,1001,5528,3044,16749,-0.0006640459516385477,0.9963462202220782,0.9955383047023741,0.551342389280021,0.9999999981280304,motif_enrichment,ok,
motif_cnn53_hela_sequence_cnn_ism_536,efficacy >= q0.67,all_eligible_sequences,328,5528,780,16749,0.012764353644371625,1.2740899476789491,1.291378698224852,0.00011403708423077682,0.018702081813847398,motif_enrichment,ok,
motif_cnn53_hela_sequence_cnn_ism_537,efficacy >= q0.67,all_eligible_sequences,493,5528,1572,16749,-0.004674005204449216,0.9502004369151908,0.9453243327243646,0.8568581193468676,0.9999999981280304,motif_enrichment,ok,
motif_cnn73_hela_all_cnn_ism_538,efficacy >= q0.67,all_eligible_sequences,686,5528,2214,16749,-0.008091482490390378,0.9387876060381444,0.9301152181286373,0.942673556677848,0.9999999981280304,motif_enrichment,ok,
motif_cnn53_hct116_all_cnn_ism_539,efficacy >= q0.67,all_eligible_sequences,511,5528,1455,16749,0.00556763697320764,1.0640909633431304,1.0706188649313981,0.10821099171706566,0.3348415592754485,motif_enrichment,ok,
motif_cnn33_hela_all_cnn_ism_540,efficacy >= q0.67,all_eligible_sequences,160,5528,582,16749,-0.005804783126780622,0.8329479165112567,0.827968718791771,0.9844058276003721,0.9999999981280304,motif_enrichment,ok,
motif_cnn33_hl60_sequence_cnn_ig_541,efficacy >= q0.67,all_eligible_sequences,266,5528,822,16749,-0.0009588882728294723,0.9804617765430403,0.9794740974401229,0.6247140747349913,0.9999999981280304,motif_enrichment,ok,
motif_cnn73_hct116_all_cnn_ism_542,efficacy >= q0.67,all_eligible_sequences,696,5528,2250,16749,-0.008431892039432287,0.9372329956584661,0.9281920529801324,0.9487007032649133,0.9999999981280304,motif_enrichment,ok,
motif_cnn73_hct116_all_cnn_ism_543,efficacy >= q0.67,all_eligible_sequences,696,5528,2250,16749,-0.008431892039432287,0.9372329956584661,0.9281920529801324,0.9487007032649133,0.9999999981280304,motif_enrichment,ok,
motif_cnn53_hct116_all_cnn_ism_544,efficacy >= q0.67,all_eligible_sequences,614,5528,1653,16749,0.012378452470843238,1.1254245011700867,1.1410961828384696,0.004731860871011904,0.047755395867443214,motif_enrichment,ok,
motif_cnn53_hct116_all_cnn_ism_545,efficacy >= q0.67,all_eligible_sequences,392,5528,1150,16749,0.0022509065707445736,1.0327829862203486,1.0352851144521198,0.293133932175974,0.6585474640665717,motif_enrichment,ok,
motif_cnn53_hela_all_cnn_ism_546,efficacy >= q0.67,all_eligible_sequences,371,5528,1124,16749,4.3957956234602635e-06,1.0000655028299799,1.000070215172412,0.5101152620605383,0.9999999981280304,motif_enrichment,ok,
motif_cnn53_hek293t_sequence_cnn_ig_547,efficacy >= q0.67,all_eligible_sequences,266,5528,822,16749,-0.0009588882728294723,0.9804617765430403,0.9794740974401229,0.6247140747349913,0.9999999981280304,motif_enrichment,ok,
motif_cnn33_hek293t_all_cnn_ism_548,efficacy >= q0.67,all_eligible_sequences,159,5528,586,16749,-0.0062245006052157326,0.8220918760464875,0.8168232242102781,0.9894396056568902,0.9999999981280304,motif_enrichment,ok,
motif_cnn33_hek293t_sequence_cnn_ism_549,efficacy >= q0.67,all_eligible_sequences,159,5528,586,16749,-0.0062245006052157326,0.8220918760464875,0.8168232242102781,0.9894396056568902,0.9999999981280304,motif_enrichment,ok,
motif_cnn33_hct116_all_cnn_ism_550,efficacy >= q0.67,all_eligible_sequences,165,5528,434,16749,0.003936051563741109,1.1519007549334097,1.1565741885645888,0.06533927608984098,0.2590472080651578,motif_enrichment,ok,
motif_cnn33_hela_all_cnn_ism_551,efficacy >= q0.67,all_eligible_sequences,222,5528,623,16749,0.0029629390578991346,1.0796569282195065,1.0829897284578651,0.16855848333697504,0.46595181970088245,motif_enrichment,ok,
motif_cnn73_hela_all_cnn_ism_552,efficacy >= q0.67,all_eligible_sequences,977,5528,2788,16749,0.010278914636370706,1.0617509114937493,1.0750074793973734,0.0406696604736132,0.2319938893103501,motif_enrichment,ok,
motif_cnn73_hela_sequence_cnn_ism_553,efficacy >= q0.67,all_eligible_sequences,1001,5528,3044,16749,-0.0006640459516385477,0.9963462202220782,0.9955383047023741,0.551342389280021,0.9999999981280304,motif_enrichment,ok,
motif_cnn73_hela_sequence_cnn_ism_554,efficacy >= q0.67,all_eligible_sequences,977,5528,2788,16749,0.010278914636370706,1.0617509114937493,1.0750074793973734,0.0406696604736132,0.2319938893103501,motif_enrichment,ok,
motif_cnn33_hl60_all_cnn_ism_555,efficacy >= q0.67,all_eligible_sequences,452,5528,1493,16749,-0.007374092964834766,0.9172748271480123,0.9099084405977567,0.9572122283014215,0.9999999981280304,motif_enrichment,ok,
motif_cnn33_hl60_all_cnn_ism_556,efficacy >= q0.67,all_eligible_sequences,159,5528,586,16749,-0.0062245006052157326,0.8220918760464875,0.8168232242102781,0.9894396056568902,0.9999999981280304,motif_enrichment,ok,
motif_cnn53_hct116_sequence_cnn_ism_557,efficacy >= q0.67,all_eligible_sequences,565,5528,1520,16749,0.011455259786553124,1.1262264119506435,1.1405963339236667,0.0063761881184842654,0.06242954336903997,motif_enrichment,ok,
motif_cnn53_hela_sequence_cnn_ism_558,efficacy >= q0.67,all_eligible_sequences,367,5528,1349,16749,-0.014152831034947855,0.8242803802784717,0.8117849141986809,0.999767195354819,0.9999999981280304,motif_enrichment,ok,
motif_cnn73_hela_all_cnn_ism_559,efficacy >= q0.67,all_eligible_sequences,667,5528,1849,16749,0.01026381556442578,1.0929738490473593,1.1057312152918746,0.019890558553158143,0.1631025801358968,motif_enrichment,ok,
motif_cnn73_hela_sequence_cnn_ism_560,efficacy >= q0.67,all_eligible_sequences,667,5528,1849,16749,0.01026381556442578,1.0929738490473593,1.1057312152918746,0.019890558553158143,0.1631025801358968,motif_enrichment,ok,
motif_cnn73_hct116_all_cnn_ism_561,efficacy >= q0.67,all_eligible_sequences,641,5528,1903,16749,0.0023364139760293223,1.0205636351468812,1.023260850233673,0.32573779979974976,0.7052277117776761,motif_enrichment,ok,
motif_cnn53_hela_sequence_cnn_ism_562,efficacy >= q0.67,all_eligible_sequences,375,5528,1280,16749,-0.008586004097788771,0.8876507948172937,0.8794747901707743,0.9844681264499543,0.9999999981280304,motif_enrichment,ok,
motif_cnn73_hct116_all_cnn_ism_563,efficacy >= q0.67,all_eligible_sequences,641,5528,1903,16749,0.0023364139760293223,1.0205636351468812,1.023260850233673,0.32573779979974976,0.7052277117776761,motif_enrichment,ok,
motif_cnn73_hct116_sequence_cnn_ism_564,efficacy >= q0.67,all_eligible_sequences,147,5528,411,16749,0.0020531173686503847,1.0836682793370445,1.0859539580329274,0.21178381733882592,0.48747433043603444,motif_enrichment,ok,
motif_cnn33_hela_sequence_cnn_ism_565,efficacy >= q0.67,all_eligible_sequences,388,5528,1331,16749,-0.009279297751020238,0.883231436489979,0.8744170001783277,0.9889587064562205,0.9999999981280304,motif_enrichment,ok,
motif_cnn33_hela_sequence_cnn_ism_566,efficacy >= q0.67,all_eligible_sequences,525,5528,1810,16749,-0.013095096763234199,0.8788233283494975,0.8661074073787771,0.9974863455280656,0.9999999981280304,motif_enrichment,ok,
motif_cnn53_hct116_sequence_cnn_ism_567,efficacy >= q0.67,all_eligible_sequences,714,5528,2050,16749,0.0067652698707458825,1.055273904909816,1.0634719871918288,0.09723071739637468,0.30229076119441606,motif_enrichment,ok,
motif_cnn73_hela_sequence_cnn_ism_568,efficacy >= q0.67,all_eligible_sequences,475,5528,1537,16749,-0.00584047871531998,0.9363551216636992,0.9303722763817394,0.910485315265191,0.9999999981280304,motif_enrichment,ok,
motif_cnn53_hela_sequence_cnn_ism_569,efficacy >= q0.67,all_eligible_sequences,388,5528,1331,16749,-0.009279297751020238,0.883231436489979,0.8744170001783277,0.9889587064562205,0.9999999981280304,motif_enrichment,ok,
motif_cnn73_hct116_all_cnn_ism_570,efficacy >= q0.67,all_eligible_sequences,491,5528,1451,16749,0.0021885121940450614,1.0252621576416683,1.0277246788650274,0.31717619809108233,0.7005642624503368,motif_enrichment,ok,
motif_cnn73_hela_sequence_cnn_ism_571,efficacy >= q0.67,all_eligible_sequences,726,5528,2079,16749,0.007204590221555882,1.0580421749017987,1.0668173975129411,0.08470172973925678,0.28349150361710435,motif_enrichment,ok,
motif_cnn33_hela_sequence_cnn_ism_572,efficacy >= q0.67,all_eligible_sequences,541,5528,1686,16749,-0.002797313687172634,0.97221102790839,0.9691964231557209,0.7339980146116555,0.9999999981280304,motif_enrichment,ok,
motif_cnn53_hek293t_all_cnn_ism_573,efficacy >= q0.67,all_eligible_sequences,1192,5528,4150,16749,-0.03214646419480818,0.8702599689641344,0.8345934290668208,0.9999995461087219,0.9999999981280304,motif_enrichment,ok,
motif_cnn53_hct116_all_cnn_ism_574,efficacy >= q0.67,all_eligible_sequences,189,5528,645,16749,-0.004320181458443338,0.8878159391512133,0.8838446360044778,0.9353178780626009,0.9999999981280304,motif_enrichment,ok,
motif_cnn33_hl60_all_cnn_ism_575,efficacy >= q0.67,all_eligible_sequences,159,5528,586,16749,-0.0062245006052157326,0.8220918760464875,0.8168232242102781,0.9894396056568902,0.9999999981280304,motif_enrichment,ok,
motif_cnn33_hek293t_all_cnn_ism_576,efficacy >= q0.67,all_eligible_sequences,99,5528,323,16749,-0.001375905631102757,0.9286531163611762,0.9273520772231686,0.758943547168888,0.9999999981280304,motif_enrichment,ok,
motif_cnn33_hela_sequence_cnn_ism_577,efficacy >= q0.67,all_eligible_sequences,603,5528,1701,16749,0.007522739979983678,1.0740731169457651,1.0831423737007493,0.05909603156761061,0.2590472080651578,motif_enrichment,ok,
motif_cnn33_hela_sequence_cnn_ism_578,efficacy >= q0.67,all_eligible_sequences,624,5528,1810,16749,0.0048137310225834645,1.0445442988382598,1.0502122520346453,0.16599339864999288,0.46595181970088245,motif_enrichment,ok,
motif_cnn33_hct116_all_cnn_ism_579,efficacy >= q0.67,all_eligible_sequences,49,5528,332,16749,-0.010958113662357447,0.44717636828064794,0.4422323350712578,0.9999999981280304,0.9999999981280304,motif_enrichment,ok,
motif_cnn33_hek293t_all_cnn_ism_580,efficacy >= q0.67,all_eligible_sequences,250,5528,935,16749,-0.010599915721689418,0.8101197984785283,0.801125851835791,0.9991186933960619,0.9999999981280304,motif_enrichment,ok,
motif_cnn53_hek293t_sequence_cnn_ism_581,efficacy >= q0.67,all_eligible_sequences,160,5528,506,16749,-0.0012671987933875854,0.9580547182006943,0.9568044862543664,0.6984614136966893,0.9999999981280304,motif_enrichment,ok,
motif_cnn53_hct116_all_cnn_ism_582,efficacy >= q0.67,all_eligible_sequences,439,5528,1469,16749,-0.008292835851098176,0.905448122756948,0.8972916530949908,0.9743688506128101,0.9999999981280304,motif_enrichment,ok,
motif_cnn53_hct116_all_cnn_ism_583,efficacy >= q0.67,all_eligible_sequences,162,5528,631,16749,-0.008368536419955174,0.7778690705264196,0.7711629187234528,0.9986919763730576,0.9999999981280304,motif_enrichment,ok,
motif_cnn73_hct116_sequence_cnn_ism_584,efficacy >= q0.67,all_eligible_sequences,164,5528,424,16749,0.00435220488356261,1.1719223575348825,1.1771787457965754,0.04567448864132711,0.2469966550341594,motif_enrichment,ok,
motif_cnn53_hek293t_sequence_cnn_ism_585,efficacy >= q0.67,all_eligible_sequences,1192,5528,4150,16749,-0.03214646419480818,0.8702599689641344,0.8345934290668208,0.9999995461087219,0.9999999981280304,motif_enrichment,ok,
motif_cnn73_hct116_all_cnn_ism_586,efficacy >= q0.67,all_eligible_sequences,814,5528,2394,16749,0.004316455292620008,1.0301989597728038,1.0354136295341663,0.2201826701456434,0.5032746746186135,motif_enrichment,ok,
motif_cnn73_hela_sequence_cnn_ism_587,efficacy >= q0.67,all_eligible_sequences,400,5528,1265,16749,-0.0031679969834689653,0.9580547182006943,0.9547828553458344,0.7894920115191573,0.9999999981280304,motif_enrichment,ok,
motif_cnn33_hct116_all_cnn_ism_588,efficacy >= q0.67,all_eligible_sequences,212,5528,416,16749,0.013512913357075385,1.5440571774462875,1.5657539648087053,2.1714905134169974e-07,4.7483259226718344e-05,motif_enrichment,ok,
motif_cnn53_hct116_all_cnn_ism_589,efficacy >= q0.67,all_eligible_sequences,371,5528,1124,16749,4.3957956234602635e-06,1.0000655028299799,1.000070215172412,0.5101152620605383,0.9999999981280304,motif_enrichment,ok,
motif_cnn73_hct116_sequence_cnn_ism_590,efficacy >= q0.67,all_eligible_sequences,111,5528,262,16749,0.004436869851356873,1.2836379127495277,1.2894499504669354,0.016332846694775156,0.1428579657569667,motif_enrichment,ok,
motif_cnn73_hct116_sequence_cnn_ism_591,efficacy >= q0.67,all_eligible_sequences,94,5528,350,16749,-0.0038924284224066234,0.8137306181517471,0.8105084389294915,0.9695893773279213,0.9999999981280304,motif_enrichment,ok,
motif_cnn53_hek293t_all_cnn_ism_592,efficacy >= q0.67,all_eligible_sequences,160,5528,506,16749,-0.0012671987933875854,0.9580547182006943,0.9568044862543664,0.6984614136966893,0.9999999981280304,motif_enrichment,ok,
motif_cnn73_hct116_all_cnn_ism_593,efficacy >= q0.67,all_eligible_sequences,525,5528,1477,16749,0.006786687223869506,1.076960206034252,1.0850361820822199,0.06703911638823525,0.2590472080651578,motif_enrichment,ok,
motif_cnn73_hct116_all_cnn_ism_594,efficacy >= q0.67,all_eligible_sequences,528,5528,1818,16749,-0.013030045468295448,0.8799558682351593,0.867279207920792,0.9973267614942489,0.9999999981280304,motif_enrichment,ok,
motif_cnn53_hct116_all_cnn_ism_595,efficacy >= q0.67,all_eligible_sequences,133,5528,455,16749,-0.0031064666452212293,0.8856478904597574,0.8828288301133528,0.903767637088591,0.9999999981280304,motif_enrichment,ok,
motif_cnn73_hct116_sequence_cnn_ism_596,efficacy >= q0.67,all_eligible_sequences,99,5528,239,16749,0.0036393191584369166,1.2550416593500415,1.2596924466544537,0.033395578809584076,0.20595621979545298,motif_enrichment,ok,
motif_cnn73_hct116_all_cnn_ism_597,efficacy >= q0.67,all_eligible_sequences,700,5528,2046,16749,0.00447152859375409,1.0366049034295148,1.0419121595191296,0.19651921507889097,0.46595181970088245,motif_enrichment,ok,
motif_cnn73_hct116_all_cnn_ism_598,efficacy >= q0.67,all_eligible_sequences,371,5528,1124,16749,4.3957956234602635e-06,1.0000655028299799,1.000070215172412,0.5101152620605383,0.9999999981280304,motif_enrichment,ok,
motif_cnn53_hct116_all_cnn_ism_599,efficacy >= q0.67,all_eligible_sequences,214,5528,600,16749,0.0028889773664263485,1.0806458031837916,1.0838934888972525,0.17055792128131184,0.46595181970088245,motif_enrichment,ok,
motif_cnn73_hct116_all_cnn_ism_600,efficacy >= q0.67,all_eligible_sequences,700,5528,2046,16749,0.00447152859375409,1.0366049034295148,1.0419121595191296,0.19651921507889097,0.46595181970088245,motif_enrichment,ok,
motif_cnn33_hela_sequence_cnn_ism_601,efficacy >= q0.67,all_eligible_sequences,1192,5528,4150,16749,-0.03214646419480818,0.8702599689641344,0.8345934290668208,0.9999995461087219,0.9999999981280304,motif_enrichment,ok,
motif_cnn33_hela_sequence_cnn_ism_602,efficacy >= q0.67,all_eligible_sequences,452,5528,1493,16749,-0.007374092964834766,0.9172748271480123,0.9099084405977567,0.9572122283014215,0.9999999981280304,motif_enrichment,ok,
motif_cnn73_hct116_all_cnn_ism_603,efficacy >= q0.67,all_eligible_sequences,403,5528,1384,16749,-0.009730207017564774,0.8822462157968263,0.8729867474975328,0.990785965597747,0.9999999981280304,motif_enrichment,ok,
motif_cnn73_hct116_all_cnn_ism_604,efficacy >= q0.67,all_eligible_sequences,592,5528,1783,16749,0.000637055550500934,1.0059843204797196,1.006702050974856,0.4557192285999356,0.9643606901985733,motif_enrichment,ok,
motif_cnn33_hl60_sequence_cnn_ism_605,efficacy >= q0.67,all_eligible_sequences,159,5528,586,16749,-0.0062245006052157326,0.8220918760464875,0.8168232242102781,0.9894396056568902,0.9999999981280304,motif_enrichment,ok,
motif_cnn73_hct116_all_cnn_ism_606,efficacy >= q0.67,all_eligible_sequences,592,5528,1783,16749,0.000637055550500934,1.0059843204797196,1.006702050974856,0.4557192285999356,0.9643606901985733,motif_enrichment,ok,
motif_cnn33_hela_sequence_cnn_ism_607,efficacy >= q0.67,all_eligible_sequences,533,5528,1609,16749,0.0003527977003443816,1.0036724727675999,1.0040643502421005,0.4783078984701229,0.9992674566764351,motif_enrichment,ok,
motif_cnn53_hl60_sequence_cnn_ism_608,efficacy >= q0.67,all_eligible_sequences,800,5528,2354,16749,0.004172096068288056,1.029684977505419,1.0347078163388235,0.22649152445603923,0.5123394484246957,motif_enrichment,ok,
motif_cnn73_hct116_all_cnn_ism_609,efficacy >= q0.67,all_eligible_sequences,439,5528,1469,16749,-0.008292835851098176,0.905448122756948,0.8972916530949908,0.9743688506128101,0.9999999981280304,motif_enrichment,ok,
motif_cnn33_hek293t_all_cnn_ism_610,efficacy >= q0.67,all_eligible_sequences,129,5528,402,16749,-0.0006656876246969486,0.972264671576992,0.9716019826778315,0.6273659733428704,0.9999999981280304,motif_enrichment,ok,
motif_cnn33_hl60_sequence_cnn_ism_611,efficacy >= q0.67,all_eligible_sequences,159,5528,586,16749,-0.0062245006052157326,0.8220918760464875,0.8168232242102781,0.9894396056568902,0.9999999981280304,motif_enrichment,ok,
motif_cnn53_hl60_sequence_cnn_ism_612,efficacy >= q0.67,all_eligible_sequences,589,5528,1846,16749,-0.0036670547927392105,0.9667283311356506,0.9627605212629837,0.7826749535956823,0.9999999981280304,motif_enrichment,ok,
motif_cnn53_hl60_sequence_cnn_ism_613,efficacy >= q0.67,all_eligible_sequences,441,5528,1330,16749,0.0003679615751732007,1.004633825881636,1.0050355395073096,0.47486171928507465,0.9952373413770256,motif_enrichment,ok,
motif_cnn53_hek293t_sequence_cnn_ism_614,efficacy >= q0.67,all_eligible_sequences,388,5528,1222,16749,-0.0027714465360223206,0.9620139459641261,0.9591465162042196,0.7635858428442948,0.9999999981280304,motif_enrichment,ok,
motif_cnn33_hl60_sequence_cnn_ism_615,efficacy >= q0.67,all_eligible_sequences,452,5528,1493,16749,-0.007374092964834766,0.9172748271480123,0.9099084405977567,0.9572122283014215,0.9999999981280304,motif_enrichment,ok,
motif_cnn53_hek293t_sequence_cnn_ism_616,efficacy >= q0.67,all_eligible_sequences,364,5528,1305,16749,-0.012068500277226737,0.8451070412695244,0.8341889473543631,0.9987382795645142,0.9999999981280304,motif_enrichment,ok,
motif_cnn53_hl60_sequence_cnn_ism_617,efficacy >= q0.67,all_eligible_sequences,712,5528,2109,16749,0.002880877005940863,1.0228789990386455,1.0262614424181131,0.29555483520116727,0.6617200405869138,motif_enrichment,ok,
motif_cnn53_hek293t_all_cnn_ism_618,efficacy >= q0.67,all_eligible_sequences,948,5528,2789,16749,0.004973189318860344,1.0298658830769423,1.036047729617759,0.2010127514868136,0.46595181970088245,motif_enrichment,ok,
motif_cnn53_hct116_sequence_cnn_ism_619,efficacy >= q0.67,all_eligible_sequences,1156,5528,3563,16749,-0.0036118967380734113,0.9830211455329801,0.9785317686427984,0.7216160884684157,0.9999999981280304,motif_enrichment,ok,
motif_cnn53_hct116_sequence_cnn_ism_620,efficacy >= q0.67,all_eligible_sequences,200,5528,655,16749,-0.0029273622746468914,0.9251444416212813,0.9223345482887467,0.8468661620345252,0.9999999981280304,motif_enrichment,ok,
motif_cnn53_hek293t_all_cnn_ism_621,efficacy >= q0.67,all_eligible_sequences,388,5528,1222,16749,-0.0027714465360223206,0.9620139459641261,0.9591465162042196,0.7635858428442948,0.9999999981280304,motif_enrichment,ok,
motif_cnn33_hct116_all_cnn_ism_622,efficacy >= q0.67,all_eligible_sequences,18,5528,63,16749,-0.0005052680856424546,0.8656708703741989,0.8652320456313197,0.7446239331451702,0.9999999981280304,motif_enrichment,ok,
motif_cnn33_hct116_sequence_cnn_ism_623,efficacy >= q0.67,all_eligible_sequences,525,5528,1810,16749,-0.013095096763234199,0.8788233283494975,0.8661074073787771,0.9974863455280656,0.9999999981280304,motif_enrichment,ok,
motif_cnn33_hela_sequence_cnn_ig_624,efficacy >= q0.67,all_eligible_sequences,21,5528,37,16749,0.0015897551479194948,1.719643485743341,1.7223877227508968,0.03518689702728887,0.20984185863546814,motif_enrichment,ok,
motif_cnn33_hl60_all_cnn_ism_625,efficacy >= q0.67,all_eligible_sequences,250,5528,935,16749,-0.010599915721689418,0.8101197984785283,0.801125851835791,0.9991186933960619,0.9999999981280304,motif_enrichment,ok,
motif_cnn53_hct116_sequence_cnn_ism_626,efficacy >= q0.67,all_eligible_sequences,168,5528,419,16749,0.005374319170101435,1.2148316748926704,1.2215652050012467,0.01830445338131412,0.155944434001845,motif_enrichment,ok,
motif_cnn33_hct116_sequence_cnn_ism_627,efficacy >= q0.67,all_eligible_sequences,541,5528,1686,16749,-0.002797313687172634,0.97221102790839,0.9691964231557209,0.7339980146116555,0.9999999981280304,motif_enrichment,ok,
motif_cnn33_hl60_all_cnn_ism_628,efficacy >= q0.67,all_eligible_sequences,104,5528,269,16749,0.0027526536996960067,1.171391066231258,1.1746773256132732,0.09410628105214926,0.30229076119441606,motif_enrichment,ok,
motif_cnn33_hl60_sequence_cnn_ism_629,efficacy >= q0.67,all_eligible_sequences,452,5528,1493,16749,-0.007374092964834766,0.9172748271480123,0.9099084405977567,0.9572122283014215,0.9999999981280304,motif_enrichment,ok,
motif_cnn53_hct116_sequence_cnn_ism_630,efficacy >= q0.67,all_eligible_sequences,184,5528,551,16749,0.0003876076494706629,1.0117822876968858,1.0121879652672876,0.45889620801210895,0.9679611332988535,motif_enrichment,ok,
motif_cnn53_hl60_all_cnn_ism_631,efficacy >= q0.67,all_eligible_sequences,977,5528,2788,16749,0.010278914636370706,1.0617509114937493,1.0750074793973734,0.0406696604736132,0.2319938893103501,motif_enrichment,ok,
motif_cnn53_hl60_sequence_cnn_ism_632,efficacy >= q0.67,all_eligible_sequences,977,5528,2788,16749,0.010278914636370706,1.0617509114937493,1.0750074793973734,0.0406696604736132,0.2319938893103501,motif_enrichment,ok,
motif_cnn33_hl60_all_cnn_ism_633,efficacy >= q0.67,all_eligible_sequences,270,5528,862,16749,-0.0026235015521154717,0.9490243300506008,0.9464067129174062,0.7891741788324251,0.9999999981280304,motif_enrichment,ok,
motif_cnn53_hek293t_all_cnn_ism_634,efficacy >= q0.67,all_eligible_sequences,992,5528,2863,16749,0.008514494115422933,1.0498111288645542,1.0607045679813174,0.0766084731168302,0.2590472080651578,motif_enrichment,ok,
motif_cnn53_hl60_sequence_cnn_ism_635,efficacy >= q0.67,all_eligible_sequences,793,5528,2754,16749,-0.020976207491576276,0.8724290126084201,0.8510639032099993,0.9999116466016404,0.9999999981280304,motif_enrichment,ok,
motif_cnn53_hct116_sequence_cnn_ism_636,efficacy >= q0.67,all_eligible_sequences,1340,5528,3756,16749,0.018150121323959184,1.0809362039550032,1.1068326971020197,0.0029209226284590056,0.03090524587530819,motif_enrichment,ok,
motif_cnn73_hek293t_all_cnn_ism_637,efficacy >= q0.67,all_eligible_sequences,800,5528,2354,16749,0.004172096068288056,1.029684977505419,1.0347078163388235,0.22649152445603923,0.5123394484246957,motif_enrichment,ok,
motif_cnn33_hl60_all_cnn_ism_638,efficacy >= q0.67,all_eligible_sequences,129,5528,402,16749,-0.0006656876246969486,0.972264671576992,0.9716019826778315,0.6273659733428704,0.9999999981280304,motif_enrichment,ok,
motif_cnn53_hek293t_all_cnn_ism_639,efficacy >= q0.67,all_eligible_sequences,323,5528,1082,16749,-0.006171059826972844,0.9044740470961478,0.8985461157247847,0.9532555128627996,0.9999999981280304,motif_enrichment,ok,
motif_cnn53_hek293t_sequence_cnn_ism_640,efficacy >= q0.67,all_eligible_sequences,323,5528,1082,16749,-0.006171059826972844,0.9044740470961478,0.8985461157247847,0.9532555128627996,0.9999999981280304,motif_enrichment,ok,
motif_cnn53_hl60_sequence_cnn_ism_641,efficacy >= q0.67,all_eligible_sequences,234,5528,686,16749,0.0013722874700859075,1.0335050187120538,1.0349859734492317,0.340674481199755,0.735139669957366,motif_enrichment,ok,
motif_cnn33_hela_sequence_cnn_ism_642,efficacy >= q0.67,all_eligible_sequences,22,5528,36,16749,0.0018303574552996182,1.8515738060781473,1.854976389393389,0.018267987476795797,0.155944434001845,motif_enrichment,ok,
motif_cnn33_hl60_all_cnn_ism_643,efficacy >= q0.67,all_eligible_sequences,99,5528,323,16749,-0.001375905631102757,0.9286531163611762,0.9273520772231686,0.758943547168888,0.9999999981280304,motif_enrichment,ok,
motif_cnn33_hl60_sequence_cnn_ism_644,efficacy >= q0.67,all_eligible_sequences,250,5528,935,16749,-0.010599915721689418,0.8101197984785283,0.801125851835791,0.9991186933960619,0.9999999981280304,motif_enrichment,ok,
motif_cnn33_hl60_sequence_cnn_ism_645,efficacy >= q0.67,all_eligible_sequences,99,5528,323,16749,-0.001375905631102757,0.9286531163611762,0.9273520772231686,0.758943547168888,0.9999999981280304,motif_enrichment,ok,
motif_cnn53_hek293t_sequence_cnn_ism_646,efficacy >= q0.67,all_eligible_sequences,948,5528,2789,16749,0.004973189318860344,1.0298658830769423,1.036047729617759,0.2010127514868136,0.46595181970088245,motif_enrichment,ok,
motif_cnn53_hek293t_all_cnn_ism_647,efficacy >= q0.67,all_eligible_sequences,273,5528,985,16749,-0.009424531814284612,0.8397446869467483,0.8314193395702425,0.9965193289850188,0.9999999981280304,motif_enrichment,ok,
motif_cnn53_hl60_sequence_cnn_ism_648,efficacy >= q0.67,all_eligible_sequences,412,5528,1244,16749,0.0002565762182574899,1.0034544976524074,1.0037326941013502,0.4849584199054758,0.9999999981280304,motif_enrichment,ok,
motif_cnn33_hek293t_all_cnn_ism_649,efficacy >= q0.67,all_eligible_sequences,85,5528,265,16749,-0.00044557382910477214,0.9718380525899025,0.9713982646917106,0.6117894429783675,0.9999999981280304,motif_enrichment,ok,
motif_cnn33_hek293t_all_cnn_ism_650,efficacy >= q0.67,all_eligible_sequences,270,5528,862,16749,-0.0026235015521154717,0.9490243300506008,0.9464067129174062,0.7891741788324251,0.9999999981280304,motif_enrichment,ok,
motif_cnn33_hek293t_all_cnn_ism_651,efficacy >= q0.67,all_eligible_sequences,314,5528,1039,16749,-0.005231817628440827,0.9156614884901295,0.9105824143408968,0.9264836362146988,0.9999999981280304,motif_enrichment,ok,
motif_cnn33_hl60_all_cnn_ism_652,efficacy >= q0.67,all_eligible_sequences,314,5528,1039,16749,-0.005231817628440827,0.9156614884901295,0.9105824143408968,0.9264836362146988,0.9999999981280304,motif_enrichment,ok,
motif_cnn33_hl60_sequence_cnn_ism_653,efficacy >= q0.67,all_eligible_sequences,314,5528,1039,16749,-0.005231817628440827,0.9156614884901295,0.9105824143408968,0.9264836362146988,0.9999999981280304,motif_enrichment,ok,
motif_cnn53_hek293t_sequence_cnn_ism_654,efficacy >= q0.67,all_eligible_sequences,474,5528,1596,16749,-0.009543974329763213,0.8998420889416014,0.890448568988756,0.9846074828444094,0.9999999981280304,motif_enrichment,ok,
motif_cnn53_hek293t_sequence_cnn_ism_655,efficacy >= q0.67,all_eligible_sequences,80,5528,279,16749,-0.002185930879170357,0.8687736333504504,0.8668466676140401,0.8820148499508667,0.9999999981280304,motif_enrichment,ok,
motif_cnn53_hek293t_sequence_cnn_ism_656,efficacy >= q0.67,all_eligible_sequences,91,5528,286,16749,-0.0006139965243189237,0.9640425601894488,0.9634407343621985,0.6400028850805872,0.9999999981280304,motif_enrichment,ok,
