motif_id,comparison_type,group,n_supporting,n_total,supporting_members,shared_with,similarity,status,reason
motif_cnn33_hela_sequence_cnn_ig_001,cnn_kernel_variant,sequence|cnn_ig,21,3,cnn33;cnn53;cnn73,cnn33:motif_cnn33_hct116_sequence_cnn_ig_072;cnn33:motif_cnn33_hct116_sequence_cnn_ig_074;cnn33:motif_cnn33_hek293t_sequence_cnn_ig_205;cnn33:motif_cnn33_hek293t_sequence_cnn_ig_208;cnn33:motif_cnn33_hl60_sequence_cnn_ig_248;cnn53:motif_cnn53_hct116_sequence_cnn_ig_076;cnn53:motif_cnn53_hct116_sequence_cnn_ig_078;cnn53:motif_cnn53_hek293t_sequence_cnn_ig_209;cnn53:motif_cnn53_hela_sequence_cnn_ig_003;cnn53:motif_cnn53_hela_sequence_cnn_ig_010;cnn53:motif_cnn53_hl60_sequence_cnn_ig_251;cnn53:motif_cnn53_hl60_sequence_cnn_ig_254;cnn73:motif_cnn73_hct116_sequence_cnn_ig_080;cnn73:motif_cnn73_hct116_sequence_cnn_ig_082;cnn73:motif_cnn73_hek293t_sequence_cnn_ig_212;cnn73:motif_cnn73_hek293t_sequence_cnn_ig_214;cnn73:motif_cnn73_hela_sequence_cnn_ig_005;cnn73:motif_cnn73_hela_sequence_cnn_ig_007;cnn73:motif_cnn73_hl60_sequence_cnn_ig_256;cnn73:motif_cnn73_hl60_sequence_cnn_ig_258,1.0,ok,
motif_cnn53_hela_sequence_cnn_ig_003,cnn_kernel_variant,sequence|cnn_ig,21,3,cnn33;cnn53;cnn73,cnn33:motif_cnn33_hct116_sequence_cnn_ig_072;cnn33:motif_cnn33_hct116_sequence_cnn_ig_074;cnn33:motif_cnn33_hek293t_sequence_cnn_ig_205;cnn33:motif_cnn33_hek293t_sequence_cnn_ig_208;cnn33:motif_cnn33_hela_sequence_cnn_ig_001;cnn33:motif_cnn33_hl60_sequence_cnn_ig_248;cnn53:motif_cnn53_hct116_sequence_cnn_ig_076;cnn53:motif_cnn53_hct116_sequence_cnn_ig_078;cnn53:motif_cnn53_hek293t_sequence_cnn_ig_209;cnn53:motif_cnn53_hela_sequence_cnn_ig_010;cnn53:motif_cnn53_hl60_sequence_cnn_ig_251;cnn53:motif_cnn53_hl60_sequence_cnn_ig_254;cnn73:motif_cnn73_hct116_sequence_cnn_ig_080;cnn73:motif_cnn73_hct116_sequence_cnn_ig_082;cnn73:motif_cnn73_hek293t_sequence_cnn_ig_212;cnn73:motif_cnn73_hek293t_sequence_cnn_ig_214;cnn73:motif_cnn73_hela_sequence_cnn_ig_005;cnn73:motif_cnn73_hela_sequence_cnn_ig_007;cnn73:motif_cnn73_hl60_sequence_cnn_ig_256;cnn73:motif_cnn73_hl60_sequence_cnn_ig_258,1.0,ok,
motif_cnn73_hela_sequence_cnn_ig_005,cnn_kernel_variant,sequence|cnn_ig,21,3,cnn33;cnn53;cnn73,cnn33:motif_cnn33_hct116_sequence_cnn_ig_072;cnn33:motif_cnn33_hct116_sequence_cnn_ig_074;cnn33:motif_cnn33_hek293t_sequence_cnn_ig_205;cnn33:motif_cnn33_hek293t_sequence_cnn_ig_208;cnn33:motif_cnn33_hela_sequence_cnn_ig_001;cnn33:motif_cnn33_hl60_sequence_cnn_ig_248;cnn53:motif_cnn53_hct116_sequence_cnn_ig_076;cnn53:motif_cnn53_hct116_sequence_cnn_ig_078;cnn53:motif_cnn53_hek293t_sequence_cnn_ig_209;cnn53:motif_cnn53_hela_sequence_cnn_ig_003;cnn53:motif_cnn53_hela_sequence_cnn_ig_010;cnn53:motif_cnn53_hl60_sequence_cnn_ig_251;cnn53:motif_cnn53_hl60_sequence_cnn_ig_254;cnn73:motif_cnn73_hct116_sequence_cnn_ig_080;cnn73:motif_cnn73_hct116_sequence_cnn_ig_082;cnn73:motif_cnn73_hek293t_sequence_cnn_ig_212;cnn73:motif_cnn73_hek293t_sequence_cnn_ig_214;cnn73:motif_cnn73_hela_sequence_cnn_ig_007;cnn73:motif_cnn73_hl60_sequence_cnn_ig_256;cnn73:motif_cnn73_hl60_sequence_cnn_ig_258,1.0,ok,
motif_cnn73_hela_sequence_cnn_ig_007,cnn_kernel_variant,sequence|cnn_ig,21,3,cnn33;cnn53;cnn73,cnn33:motif_cnn33_hct116_sequence_cnn_ig_072;cnn33:motif_cnn33_hct116_sequence_cnn_ig_074;cnn33:motif_cnn33_hek293t_sequence_cnn_ig_205;cnn33:motif_cnn33_hek293t_sequence_cnn_ig_208;cnn33:motif_cnn33_hela_sequence_cnn_ig_001;cnn33:motif_cnn33_hl60_sequence_cnn_ig_248;cnn53:motif_cnn53_hct116_sequence_cnn_ig_076;cnn53:motif_cnn53_hct116_sequence_cnn_ig_078;cnn53:motif_cnn53_hek293t_sequence_cnn_ig_209;cnn53:motif_cnn53_hela_sequence_cnn_ig_003;cnn53:motif_cnn53_hela_sequence_cnn_ig_010;cnn53:motif_cnn53_hl60_sequence_cnn_ig_251;cnn53:motif_cnn53_hl60_sequence_cnn_ig_254;cnn73:motif_cnn73_hct116_sequence_cnn_ig_080;cnn73:motif_cnn73_hct116_sequence_cnn_ig_082;cnn73:motif_cnn73_hek293t_sequence_cnn_ig_212;cnn73:motif_cnn73_hek293t_sequence_cnn_ig_214;cnn73:motif_cnn73_hela_sequence_cnn_ig_005;cnn73:motif_cnn73_hl60_sequence_cnn_ig_256;cnn73:motif_cnn73_hl60_sequence_cnn_ig_258,1.0,ok,
motif_cnn53_hela_sequence_cnn_ig_010,cnn_kernel_variant,sequence|cnn_ig,21,3,cnn33;cnn53;cnn73,cnn33:motif_cnn33_hct116_sequence_cnn_ig_072;cnn33:motif_cnn33_hct116_sequence_cnn_ig_074;cnn33:motif_cnn33_hek293t_sequence_cnn_ig_205;cnn33:motif_cnn33_hek293t_sequence_cnn_ig_208;cnn33:motif_cnn33_hela_sequence_cnn_ig_001;cnn33:motif_cnn33_hl60_sequence_cnn_ig_248;cnn53:motif_cnn53_hct116_sequence_cnn_ig_076;cnn53:motif_cnn53_hct116_sequence_cnn_ig_078;cnn53:motif_cnn53_hek293t_sequence_cnn_ig_209;cnn53:motif_cnn53_hela_sequence_cnn_ig_003;cnn53:motif_cnn53_hl60_sequence_cnn_ig_251;cnn53:motif_cnn53_hl60_sequence_cnn_ig_254;cnn73:motif_cnn73_hct116_sequence_cnn_ig_080;cnn73:motif_cnn73_hct116_sequence_cnn_ig_082;cnn73:motif_cnn73_hek293t_sequence_cnn_ig_212;cnn73:motif_cnn73_hek293t_sequence_cnn_ig_214;cnn73:motif_cnn73_hela_sequence_cnn_ig_005;cnn73:motif_cnn73_hela_sequence_cnn_ig_007;cnn73:motif_cnn73_hl60_sequence_cnn_ig_256;cnn73:motif_cnn73_hl60_sequence_cnn_ig_258,1.0,ok,
motif_cnn33_hela_sequence_cnn_ig_012,cnn_kernel_variant,sequence|cnn_ig,23,3,cnn33;cnn53;cnn73,cnn33:motif_cnn33_hct116_sequence_cnn_ig_095;cnn33:motif_cnn33_hek293t_sequence_cnn_ig_225;cnn33:motif_cnn33_hek293t_sequence_cnn_ig_228;cnn33:motif_cnn33_hela_sequence_cnn_ig_013;cnn33:motif_cnn33_hl60_sequence_cnn_ig_311;cnn33:motif_cnn33_hl60_sequence_cnn_ig_314;cnn53:motif_cnn53_hct116_sequence_cnn_ig_098;cnn53:motif_cnn53_hct116_sequence_cnn_ig_100;cnn53:motif_cnn53_hek293t_sequence_cnn_ig_230;cnn53:motif_cnn53_hek293t_sequence_cnn_ig_252;cnn53:motif_cnn53_hela_sequence_cnn_ig_015;cnn53:motif_cnn53_hela_sequence_cnn_ig_024;cnn53:motif_cnn53_hl60_sequence_cnn_ig_316;cnn53:motif_cnn53_hl60_sequence_cnn_ig_344;cnn73:motif_cnn73_hct116_sequence_cnn_ig_102;cnn73:motif_cnn73_hct116_sequence_cnn_ig_104;cnn73:motif_cnn73_hek293t_sequence_cnn_ig_234;cnn73:motif_cnn73_hek293t_sequence_cnn_ig_236;cnn73:motif_cnn73_hela_sequence_cnn_ig_018;cnn73:motif_cnn73_hela_sequence_cnn_ig_020;cnn73:motif_cnn73_hl60_sequence_cnn_ig_318;cnn73:motif_cnn73_hl60_sequence_cnn_ig_320,1.0,ok,
motif_cnn33_hela_sequence_cnn_ig_013,cnn_kernel_variant,sequence|cnn_ig,23,3,cnn33;cnn53;cnn73,cnn33:motif_cnn33_hct116_sequence_cnn_ig_095;cnn33:motif_cnn33_hek293t_sequence_cnn_ig_225;cnn33:motif_cnn33_hek293t_sequence_cnn_ig_228;cnn33:motif_cnn33_hela_sequence_cnn_ig_012;cnn33:motif_cnn33_hl60_sequence_cnn_ig_311;cnn33:motif_cnn33_hl60_sequence_cnn_ig_314;cnn53:motif_cnn53_hct116_sequence_cnn_ig_098;cnn53:motif_cnn53_hct116_sequence_cnn_ig_100;cnn53:motif_cnn53_hek293t_sequence_cnn_ig_230;cnn53:motif_cnn53_hek293t_sequence_cnn_ig_252;cnn53:motif_cnn53_hela_sequence_cnn_ig_015;cnn53:motif_cnn53_hela_sequence_cnn_ig_024;cnn53:motif_cnn53_hl60_sequence_cnn_ig_316;cnn53:motif_cnn53_hl60_sequence_cnn_ig_344;cnn73:motif_cnn73_hct116_sequence_cnn_ig_102;cnn73:motif_cnn73_hct116_sequence_cnn_ig_104;cnn73:motif_cnn73_hek293t_sequence_cnn_ig_234;cnn73:motif_cnn73_hek293t_sequence_cnn_ig_236;cnn73:motif_cnn73_hela_sequence_cnn_ig_018;cnn73:motif_cnn73_hela_sequence_cnn_ig_020;cnn73:motif_cnn73_hl60_sequence_cnn_ig_318;cnn73:motif_cnn73_hl60_sequence_cnn_ig_320,1.0,ok,
motif_cnn53_hela_sequence_cnn_ig_015,cnn_kernel_variant,sequence|cnn_ig,23,3,cnn33;cnn53;cnn73,cnn33:motif_cnn33_hct116_sequence_cnn_ig_095;cnn33:motif_cnn33_hek293t_sequence_cnn_ig_225;cnn33:motif_cnn33_hek293t_sequence_cnn_ig_228;cnn33:motif_cnn33_hela_sequence_cnn_ig_012;cnn33:motif_cnn33_hela_sequence_cnn_ig_013;cnn33:motif_cnn33_hl60_sequence_cnn_ig_311;cnn33:motif_cnn33_hl60_sequence_cnn_ig_314;cnn53:motif_cnn53_hct116_sequence_cnn_ig_098;cnn53:motif_cnn53_hct116_sequence_cnn_ig_100;cnn53:motif_cnn53_hek293t_sequence_cnn_ig_230;cnn53:motif_cnn53_hek293t_sequence_cnn_ig_252;cnn53:motif_cnn53_hela_sequence_cnn_ig_024;cnn53:motif_cnn53_hl60_sequence_cnn_ig_316;cnn53:motif_cnn53_hl60_sequence_cnn_ig_344;cnn73:motif_cnn73_hct116_sequence_cnn_ig_102;cnn73:motif_cnn73_hct116_sequence_cnn_ig_104;cnn73:motif_cnn73_hek293t_sequence_cnn_ig_234;cnn73:motif_cnn73_hek293t_sequence_cnn_ig_236;cnn73:motif_cnn73_hela_sequence_cnn_ig_018;cnn73:motif_cnn73_hela_sequence_cnn_ig_020;cnn73:motif_cnn73_hl60_sequence_cnn_ig_318;cnn73:motif_cnn73_hl60_sequence_cnn_ig_320,1.0,ok,
motif_cnn73_hela_sequence_cnn_ig_018,cnn_kernel_variant,sequence|cnn_ig,23,3,cnn33;cnn53;cnn73,cnn33:motif_cnn33_hct116_sequence_cnn_ig_095;cnn33:motif_cnn33_hek293t_sequence_cnn_ig_225;cnn33:motif_cnn33_hek293t_sequence_cnn_ig_228;cnn33:motif_cnn33_hela_sequence_cnn_ig_012;cnn33:motif_cnn33_hela_sequence_cnn_ig_013;cnn33:motif_cnn33_hl60_sequence_cnn_ig_311;cnn33:motif_cnn33_hl60_sequence_cnn_ig_314;cnn53:motif_cnn53_hct116_sequence_cnn_ig_098;cnn53:motif_cnn53_hct116_sequence_cnn_ig_100;cnn53:motif_cnn53_hek293t_sequence_cnn_ig_230;cnn53:motif_cnn53_hek293t_sequence_cnn_ig_252;cnn53:motif_cnn53_hela_sequence_cnn_ig_015;cnn53:motif_cnn53_hela_sequence_cnn_ig_024;cnn53:motif_cnn53_hl60_sequence_cnn_ig_316;cnn53:motif_cnn53_hl60_sequence_cnn_ig_344;cnn73:motif_cnn73_hct116_sequence_cnn_ig_102;cnn73:motif_cnn73_hct116_sequence_cnn_ig_104;cnn73:motif_cnn73_hek293t_sequence_cnn_ig_234;cnn73:motif_cnn73_hek293t_sequence_cnn_ig_236;cnn73:motif_cnn73_hela_sequence_cnn_ig_020;cnn73:motif_cnn73_hl60_sequence_cnn_ig_318;cnn73:motif_cnn73_hl60_sequence_cnn_ig_320,1.0,ok,
motif_cnn73_hela_sequence_cnn_ig_020,cnn_kernel_variant,sequence|cnn_ig,23,3,cnn33;cnn53;cnn73,cnn33:motif_cnn33_hct116_sequence_cnn_ig_095;cnn33:motif_cnn33_hek293t_sequence_cnn_ig_225;cnn33:motif_cnn33_hek293t_sequence_cnn_ig_228;cnn33:motif_cnn33_hela_sequence_cnn_ig_012;cnn33:motif_cnn33_hela_sequence_cnn_ig_013;cnn33:motif_cnn33_hl60_sequence_cnn_ig_311;cnn33:motif_cnn33_hl60_sequence_cnn_ig_314;cnn53:motif_cnn53_hct116_sequence_cnn_ig_098;cnn53:motif_cnn53_hct116_sequence_cnn_ig_100;cnn53:motif_cnn53_hek293t_sequence_cnn_ig_230;cnn53:motif_cnn53_hek293t_sequence_cnn_ig_252;cnn53:motif_cnn53_hela_sequence_cnn_ig_015;cnn53:motif_cnn53_hela_sequence_cnn_ig_024;cnn53:motif_cnn53_hl60_sequence_cnn_ig_316;cnn53:motif_cnn53_hl60_sequence_cnn_ig_344;cnn73:motif_cnn73_hct116_sequence_cnn_ig_102;cnn73:motif_cnn73_hct116_sequence_cnn_ig_104;cnn73:motif_cnn73_hek293t_sequence_cnn_ig_234;cnn73:motif_cnn73_hek293t_sequence_cnn_ig_236;cnn73:motif_cnn73_hela_sequence_cnn_ig_018;cnn73:motif_cnn73_hl60_sequence_cnn_ig_318;cnn73:motif_cnn73_hl60_sequence_cnn_ig_320,1.0,ok,
motif_cnn53_hela_sequence_cnn_ig_024,cnn_kernel_variant,sequence|cnn_ig,23,3,cnn33;cnn53;cnn73,cnn33:motif_cnn33_hct116_sequence_cnn_ig_095;cnn33:motif_cnn33_hek293t_sequence_cnn_ig_225;cnn33:motif_cnn33_hek293t_sequence_cnn_ig_228;cnn33:motif_cnn33_hela_sequence_cnn_ig_012;cnn33:motif_cnn33_hela_sequence_cnn_ig_013;cnn33:motif_cnn33_hl60_sequence_cnn_ig_311;cnn33:motif_cnn33_hl60_sequence_cnn_ig_314;cnn53:motif_cnn53_hct116_sequence_cnn_ig_098;cnn53:motif_cnn53_hct116_sequence_cnn_ig_100;cnn53:motif_cnn53_hek293t_sequence_cnn_ig_230;cnn53:motif_cnn53_hek293t_sequence_cnn_ig_252;cnn53:motif_cnn53_hela_sequence_cnn_ig_015;cnn53:motif_cnn53_hl60_sequence_cnn_ig_316;cnn53:motif_cnn53_hl60_sequence_cnn_ig_344;cnn73:motif_cnn73_hct116_sequence_cnn_ig_102;cnn73:motif_cnn73_hct116_sequence_cnn_ig_104;cnn73:motif_cnn73_hek293t_sequence_cnn_ig_234;cnn73:motif_cnn73_hek293t_sequence_cnn_ig_236;cnn73:motif_cnn73_hela_sequence_cnn_ig_018;cnn73:motif_cnn73_hela_sequence_cnn_ig_020;cnn73:motif_cnn73_hl60_sequence_cnn_ig_318;cnn73:motif_cnn73_hl60_sequence_cnn_ig_320,1.0,ok,
motif_cnn33_hela_sequence_cnn_ig_025,cnn_kernel_variant,sequence|cnn_ig,24,3,cnn33;cnn53;cnn73,cnn33:motif_cnn33_hct116_sequence_cnn_ig_136;cnn33:motif_cnn33_hct116_sequence_cnn_ig_176;cnn33:motif_cnn33_hek293t_sequence_cnn_ig_290;cnn33:motif_cnn33_hek293t_sequence_cnn_ig_292;cnn33:motif_cnn33_hela_sequence_cnn_ig_065;cnn33:motif_cnn33_hl60_sequence_cnn_ig_275;cnn33:motif_cnn33_hl60_sequence_cnn_ig_405;cnn53:motif_cnn53_hct116_sequence_cnn_ig_112;cnn53:motif_cnn53_hct116_sequence_cnn_ig_113;cnn53:motif_cnn53_hek293t_sequence_cnn_ig_293;cnn53:motif_cnn53_hek293t_sequence_cnn_ig_333;cnn53:motif_cnn53_hela_sequence_cnn_ig_027;cnn53:motif_cnn53_hela_sequence_cnn_ig_067;cnn53:motif_cnn53_hl60_sequence_cnn_ig_269;cnn53:motif_cnn53_hl60_sequence_cnn_ig_278;cnn73:motif_cnn73_hct116_sequence_cnn_ig_115;cnn73:motif_cnn73_hct116_sequence_cnn_ig_117;cnn73:motif_cnn73_hek293t_sequence_cnn_ig_295;cnn73:motif_cnn73_hek293t_sequence_cnn_ig_297;cnn73:motif_cnn73_hela_sequence_cnn_ig_029;cnn73:motif_cnn73_hela_sequence_cnn_ig_031;cnn73:motif_cnn73_hl60_sequence_cnn_ig_281;cnn73:motif_cnn73_hl60_sequence_cnn_ig_284,1.0,ok,
motif_cnn53_hela_sequence_cnn_ig_027,cnn_kernel_variant,sequence|cnn_ig,24,3,cnn33;cnn53;cnn73,cnn33:motif_cnn33_hct116_sequence_cnn_ig_136;cnn33:motif_cnn33_hct116_sequence_cnn_ig_176;cnn33:motif_cnn33_hek293t_sequence_cnn_ig_290;cnn33:motif_cnn33_hek293t_sequence_cnn_ig_292;cnn33:motif_cnn33_hela_sequence_cnn_ig_025;cnn33:motif_cnn33_hela_sequence_cnn_ig_065;cnn33:motif_cnn33_hl60_sequence_cnn_ig_275;cnn33:motif_cnn33_hl60_sequence_cnn_ig_405;cnn53:motif_cnn53_hct116_sequence_cnn_ig_112;cnn53:motif_cnn53_hct116_sequence_cnn_ig_113;cnn53:motif_cnn53_hek293t_sequence_cnn_ig_293;cnn53:motif_cnn53_hek293t_sequence_cnn_ig_333;cnn53:motif_cnn53_hela_sequence_cnn_ig_067;cnn53:motif_cnn53_hl60_sequence_cnn_ig_269;cnn53:motif_cnn53_hl60_sequence_cnn_ig_278;cnn73:motif_cnn73_hct116_sequence_cnn_ig_115;cnn73:motif_cnn73_hct116_sequence_cnn_ig_117;cnn73:motif_cnn73_hek293t_sequence_cnn_ig_295;cnn73:motif_cnn73_hek293t_sequence_cnn_ig_297;cnn73:motif_cnn73_hela_sequence_cnn_ig_029;cnn73:motif_cnn73_hela_sequence_cnn_ig_031;cnn73:motif_cnn73_hl60_sequence_cnn_ig_281;cnn73:motif_cnn73_hl60_sequence_cnn_ig_284,1.0,ok,
motif_cnn73_hela_sequence_cnn_ig_029,cnn_kernel_variant,sequence|cnn_ig,24,3,cnn33;cnn53;cnn73,cnn33:motif_cnn33_hct116_sequence_cnn_ig_136;cnn33:motif_cnn33_hct116_sequence_cnn_ig_176;cnn33:motif_cnn33_hek293t_sequence_cnn_ig_290;cnn33:motif_cnn33_hek293t_sequence_cnn_ig_292;cnn33:motif_cnn33_hela_sequence_cnn_ig_025;cnn33:motif_cnn33_hela_sequence_cnn_ig_065;cnn33:motif_cnn33_hl60_sequence_cnn_ig_275;cnn33:motif_cnn33_hl60_sequence_cnn_ig_405;cnn53:motif_cnn53_hct116_sequence_cnn_ig_112;cnn53:motif_cnn53_hct116_sequence_cnn_ig_113;cnn53:motif_cnn53_hek293t_sequence_cnn_ig_293;cnn53:motif_cnn53_hek293t_sequence_cnn_ig_333;cnn53:motif_cnn53_hela_sequence_cnn_ig_027;cnn53:motif_cnn53_hela_sequence_cnn_ig_067;cnn53:motif_cnn53_hl60_sequence_cnn_ig_269;cnn53:motif_cnn53_hl60_sequence_cnn_ig_278;cnn73:motif_cnn73_hct116_sequence_cnn_ig_115;cnn73:motif_cnn73_hct116_sequence_cnn_ig_117;cnn73:motif_cnn73_hek293t_sequence_cnn_ig_295;cnn73:motif_cnn73_hek293t_sequence_cnn_ig_297;cnn73:motif_cnn73_hela_sequence_cnn_ig_031;cnn73:motif_cnn73_hl60_sequence_cnn_ig_281;cnn73:motif_cnn73_hl60_sequence_cnn_ig_284,1.0,ok,
motif_cnn73_hela_sequence_cnn_ig_031,cnn_kernel_variant,sequence|cnn_ig,24,3,cnn33;cnn53;cnn73,cnn33:motif_cnn33_hct116_sequence_cnn_ig_136;cnn33:motif_cnn33_hct116_sequence_cnn_ig_176;cnn33:motif_cnn33_hek293t_sequence_cnn_ig_290;cnn33:motif_cnn33_hek293t_sequence_cnn_ig_292;cnn33:motif_cnn33_hela_sequence_cnn_ig_025;cnn33:motif_cnn33_hela_sequence_cnn_ig_065;cnn33:motif_cnn33_hl60_sequence_cnn_ig_275;cnn33:motif_cnn33_hl60_sequence_cnn_ig_405;cnn53:motif_cnn53_hct116_sequence_cnn_ig_112;cnn53:motif_cnn53_hct116_sequence_cnn_ig_113;cnn53:motif_cnn53_hek293t_sequence_cnn_ig_293;cnn53:motif_cnn53_hek293t_sequence_cnn_ig_333;cnn53:motif_cnn53_hela_sequence_cnn_ig_027;cnn53:motif_cnn53_hela_sequence_cnn_ig_067;cnn53:motif_cnn53_hl60_sequence_cnn_ig_269;cnn53:motif_cnn53_hl60_sequence_cnn_ig_278;cnn73:motif_cnn73_hct116_sequence_cnn_ig_115;cnn73:motif_cnn73_hct116_sequence_cnn_ig_117;cnn73:motif_cnn73_hek293t_sequence_cnn_ig_295;cnn73:motif_cnn73_hek293t_sequence_cnn_ig_297;cnn73:motif_cnn73_hela_sequence_cnn_ig_029;cnn73:motif_cnn73_hl60_sequence_cnn_ig_281;cnn73:motif_cnn73_hl60_sequence_cnn_ig_284,1.0,ok,
motif_cnn33_hela_sequence_cnn_ig_033,cnn_kernel_variant,sequence|cnn_ig,24,3,cnn33;cnn53;cnn73,cnn33:motif_cnn33_hct116_sequence_cnn_ig_126;cnn33:motif_cnn33_hct116_sequence_cnn_ig_128;cnn33:motif_cnn33_hek293t_sequence_cnn_ig_261;cnn33:motif_cnn33_hek293t_sequence_cnn_ig_263;cnn33:motif_cnn33_hela_sequence_cnn_ig_066;cnn33:motif_cnn33_hl60_sequence_cnn_ig_335;cnn33:motif_cnn33_hl60_sequence_cnn_ig_416;cnn53:motif_cnn53_hct116_sequence_cnn_ig_129;cnn53:motif_cnn53_hct116_sequence_cnn_ig_152;cnn53:motif_cnn53_hek293t_sequence_cnn_ig_264;cnn53:motif_cnn53_hek293t_sequence_cnn_ig_273;cnn53:motif_cnn53_hela_sequence_cnn_ig_036;cnn53:motif_cnn53_hela_sequence_cnn_ig_042;cnn53:motif_cnn53_hl60_sequence_cnn_ig_338;cnn53:motif_cnn53_hl60_sequence_cnn_ig_442;cnn73:motif_cnn73_hct116_sequence_cnn_ig_131;cnn73:motif_cnn73_hct116_sequence_cnn_ig_133;cnn73:motif_cnn73_hek293t_sequence_cnn_ig_266;cnn73:motif_cnn73_hek293t_sequence_cnn_ig_268;cnn73:motif_cnn73_hela_sequence_cnn_ig_038;cnn73:motif_cnn73_hela_sequence_cnn_ig_040;cnn73:motif_cnn73_hl60_sequence_cnn_ig_340;cnn73:motif_cnn73_hl60_sequence_cnn_ig_342,1.0,ok,
motif_cnn53_hela_sequence_cnn_ig_036,cnn_kernel_variant,sequence|cnn_ig,24,3,cnn33;cnn53;cnn73,cnn33:motif_cnn33_hct116_sequence_cnn_ig_126;cnn33:motif_cnn33_hct116_sequence_cnn_ig_128;cnn33:motif_cnn33_hek293t_sequence_cnn_ig_261;cnn33:motif_cnn33_hek293t_sequence_cnn_ig_263;cnn33:motif_cnn33_hela_sequence_cnn_ig_033;cnn33:motif_cnn33_hela_sequence_cnn_ig_066;cnn33:motif_cnn33_hl60_sequence_cnn_ig_335;cnn33:motif_cnn33_hl60_sequence_cnn_ig_416;cnn53:motif_cnn53_hct116_sequence_cnn_ig_129;cnn53:motif_cnn53_hct116_sequence_cnn_ig_152;cnn53:motif_cnn53_hek293t_sequence_cnn_ig_264;cnn53:motif_cnn53_hek293t_sequence_cnn_ig_273;cnn53:motif_cnn53_hela_sequence_cnn_ig_042;cnn53:motif_cnn53_hl60_sequence_cnn_ig_338;cnn53:motif_cnn53_hl60_sequence_cnn_ig_442;cnn73:motif_cnn73_hct116_sequence_cnn_ig_131;cnn73:motif_cnn73_hct116_sequence_cnn_ig_133;cnn73:motif_cnn73_hek293t_sequence_cnn_ig_266;cnn73:motif_cnn73_hek293t_sequence_cnn_ig_268;cnn73:motif_cnn73_hela_sequence_cnn_ig_038;cnn73:motif_cnn73_hela_sequence_cnn_ig_040;cnn73:motif_cnn73_hl60_sequence_cnn_ig_340;cnn73:motif_cnn73_hl60_sequence_cnn_ig_342,1.0,ok,
motif_cnn73_hela_sequence_cnn_ig_038,cnn_kernel_variant,sequence|cnn_ig,24,3,cnn33;cnn53;cnn73,cnn33:motif_cnn33_hct116_sequence_cnn_ig_126;cnn33:motif_cnn33_hct116_sequence_cnn_ig_128;cnn33:motif_cnn33_hek293t_sequence_cnn_ig_261;cnn33:motif_cnn33_hek293t_sequence_cnn_ig_263;cnn33:motif_cnn33_hela_sequence_cnn_ig_033;cnn33:motif_cnn33_hela_sequence_cnn_ig_066;cnn33:motif_cnn33_hl60_sequence_cnn_ig_335;cnn33:motif_cnn33_hl60_sequence_cnn_ig_416;cnn53:motif_cnn53_hct116_sequence_cnn_ig_129;cnn53:motif_cnn53_hct116_sequence_cnn_ig_152;cnn53:motif_cnn53_hek293t_sequence_cnn_ig_264;cnn53:motif_cnn53_hek293t_sequence_cnn_ig_273;cnn53:motif_cnn53_hela_sequence_cnn_ig_036;cnn53:motif_cnn53_hela_sequence_cnn_ig_042;cnn53:motif_cnn53_hl60_sequence_cnn_ig_338;cnn53:motif_cnn53_hl60_sequence_cnn_ig_442;cnn73:motif_cnn73_hct116_sequence_cnn_ig_131;cnn73:motif_cnn73_hct116_sequence_cnn_ig_133;cnn73:motif_cnn73_hek293t_sequence_cnn_ig_266;cnn73:motif_cnn73_hek293t_sequence_cnn_ig_268;cnn73:motif_cnn73_hela_sequence_cnn_ig_040;cnn73:motif_cnn73_hl60_sequence_cnn_ig_340;cnn73:motif_cnn73_hl60_sequence_cnn_ig_342,1.0,ok,
motif_cnn73_hela_sequence_cnn_ig_040,cnn_kernel_variant,sequence|cnn_ig,24,3,cnn33;cnn53;cnn73,cnn33:motif_cnn33_hct116_sequence_cnn_ig_126;cnn33:motif_cnn33_hct116_sequence_cnn_ig_128;cnn33:motif_cnn33_hek293t_sequence_cnn_ig_261;cnn33:motif_cnn33_hek293t_sequence_cnn_ig_263;cnn33:motif_cnn33_hela_sequence_cnn_ig_033;cnn33:motif_cnn33_hela_sequence_cnn_ig_066;cnn33:motif_cnn33_hl60_sequence_cnn_ig_335;cnn33:motif_cnn33_hl60_sequence_cnn_ig_416;cnn53:motif_cnn53_hct116_sequence_cnn_ig_129;cnn53:motif_cnn53_hct116_sequence_cnn_ig_152;cnn53:motif_cnn53_hek293t_sequence_cnn_ig_264;cnn53:motif_cnn53_hek293t_sequence_cnn_ig_273;cnn53:motif_cnn53_hela_sequence_cnn_ig_036;cnn53:motif_cnn53_hela_sequence_cnn_ig_042;cnn53:motif_cnn53_hl60_sequence_cnn_ig_338;cnn53:motif_cnn53_hl60_sequence_cnn_ig_442;cnn73:motif_cnn73_hct116_sequence_cnn_ig_131;cnn73:motif_cnn73_hct116_sequence_cnn_ig_133;cnn73:motif_cnn73_hek293t_sequence_cnn_ig_266;cnn73:motif_cnn73_hek293t_sequence_cnn_ig_268;cnn73:motif_cnn73_hela_sequence_cnn_ig_038;cnn73:motif_cnn73_hl60_sequence_cnn_ig_340;cnn73:motif_cnn73_hl60_sequence_cnn_ig_342,1.0,ok,
motif_cnn53_hela_sequence_cnn_ig_042,cnn_kernel_variant,sequence|cnn_ig,24,3,cnn33;cnn53;cnn73,cnn33:motif_cnn33_hct116_sequence_cnn_ig_126;cnn33:motif_cnn33_hct116_sequence_cnn_ig_128;cnn33:motif_cnn33_hek293t_sequence_cnn_ig_261;cnn33:motif_cnn33_hek293t_sequence_cnn_ig_263;cnn33:motif_cnn33_hela_sequence_cnn_ig_033;cnn33:motif_cnn33_hela_sequence_cnn_ig_066;cnn33:motif_cnn33_hl60_sequence_cnn_ig_335;cnn33:motif_cnn33_hl60_sequence_cnn_ig_416;cnn53:motif_cnn53_hct116_sequence_cnn_ig_129;cnn53:motif_cnn53_hct116_sequence_cnn_ig_152;cnn53:motif_cnn53_hek293t_sequence_cnn_ig_264;cnn53:motif_cnn53_hek293t_sequence_cnn_ig_273;cnn53:motif_cnn53_hela_sequence_cnn_ig_036;cnn53:motif_cnn53_hl60_sequence_cnn_ig_338;cnn53:motif_cnn53_hl60_sequence_cnn_ig_442;cnn73:motif_cnn73_hct116_sequence_cnn_ig_131;cnn73:motif_cnn73_hct116_sequence_cnn_ig_133;cnn73:motif_cnn73_hek293t_sequence_cnn_ig_266;cnn73:motif_cnn73_hek293t_sequence_cnn_ig_268;cnn73:motif_cnn73_hela_sequence_cnn_ig_038;cnn73:motif_cnn73_hela_sequence_cnn_ig_040;cnn73:motif_cnn73_hl60_sequence_cnn_ig_340;cnn73:motif_cnn73_hl60_sequence_cnn_ig_342,1.0,ok,
motif_cnn33_hela_sequence_cnn_ig_044,cnn_kernel_variant,sequence|cnn_ig,22,3,cnn33;cnn53;cnn73,cnn33:motif_cnn33_hct116_sequence_cnn_ig_138;cnn33:motif_cnn33_hct116_sequence_cnn_ig_140;cnn33:motif_cnn33_hek293t_sequence_cnn_ig_370;cnn33:motif_cnn33_hek293t_sequence_cnn_ig_374;cnn33:motif_cnn33_hela_sequence_cnn_ig_106;cnn33:motif_cnn33_hl60_sequence_cnn_ig_432;cnn53:motif_cnn53_hct116_sequence_cnn_ig_141;cnn53:motif_cnn53_hct116_sequence_cnn_ig_187;cnn53:motif_cnn53_hek293t_sequence_cnn_ig_376;cnn53:motif_cnn53_hela_sequence_cnn_ig_045;cnn53:motif_cnn53_hela_sequence_cnn_ig_054;cnn53:motif_cnn53_hl60_sequence_cnn_ig_436;cnn53:motif_cnn53_hl60_sequence_cnn_ig_445;cnn73:motif_cnn73_hct116_sequence_cnn_ig_144;cnn73:motif_cnn73_hct116_sequence_cnn_ig_146;cnn73:motif_cnn73_hek293t_sequence_cnn_ig_380;cnn73:motif_cnn73_hek293t_sequence_cnn_ig_382;cnn73:motif_cnn73_hela_sequence_cnn_ig_047;cnn73:motif_cnn73_hela_sequence_cnn_ig_049;cnn73:motif_cnn73_hl60_sequence_cnn_ig_438;cnn73:motif_cnn73_hl60_sequence_cnn_ig_440,1.0,ok,
motif_cnn53_hela_sequence_cnn_ig_045,cnn_kernel_variant,sequence|cnn_ig,22,3,cnn33;cnn53;cnn73,cnn33:motif_cnn33_hct116_sequence_cnn_ig_138;cnn33:motif_cnn33_hct116_sequence_cnn_ig_140;cnn33:motif_cnn33_hek293t_sequence_cnn_ig_370;cnn33:motif_cnn33_hek293t_sequence_cnn_ig_374;cnn33:motif_cnn33_hela_sequence_cnn_ig_044;cnn33:motif_cnn33_hela_sequence_cnn_ig_106;cnn33:motif_cnn33_hl60_sequence_cnn_ig_432;cnn53:motif_cnn53_hct116_sequence_cnn_ig_141;cnn53:motif_cnn53_hct116_sequence_cnn_ig_187;cnn53:motif_cnn53_hek293t_sequence_cnn_ig_376;cnn53:motif_cnn53_hela_sequence_cnn_ig_054;cnn53:motif_cnn53_hl60_sequence_cnn_ig_436;cnn53:motif_cnn53_hl60_sequence_cnn_ig_445;cnn73:motif_cnn73_hct116_sequence_cnn_ig_144;cnn73:motif_cnn73_hct116_sequence_cnn_ig_146;cnn73:motif_cnn73_hek293t_sequence_cnn_ig_380;cnn73:motif_cnn73_hek293t_sequence_cnn_ig_382;cnn73:motif_cnn73_hela_sequence_cnn_ig_047;cnn73:motif_cnn73_hela_sequence_cnn_ig_049;cnn73:motif_cnn73_hl60_sequence_cnn_ig_438;cnn73:motif_cnn73_hl60_sequence_cnn_ig_440,1.0,ok,
motif_cnn73_hela_sequence_cnn_ig_047,cnn_kernel_variant,sequence|cnn_ig,22,3,cnn33;cnn53;cnn73,cnn33:motif_cnn33_hct116_sequence_cnn_ig_138;cnn33:motif_cnn33_hct116_sequence_cnn_ig_140;cnn33:motif_cnn33_hek293t_sequence_cnn_ig_370;cnn33:motif_cnn33_hek293t_sequence_cnn_ig_374;cnn33:motif_cnn33_hela_sequence_cnn_ig_044;cnn33:motif_cnn33_hela_sequence_cnn_ig_106;cnn33:motif_cnn33_hl60_sequence_cnn_ig_432;cnn53:motif_cnn53_hct116_sequence_cnn_ig_141;cnn53:motif_cnn53_hct116_sequence_cnn_ig_187;cnn53:motif_cnn53_hek293t_sequence_cnn_ig_376;cnn53:motif_cnn53_hela_sequence_cnn_ig_045;cnn53:motif_cnn53_hela_sequence_cnn_ig_054;cnn53:motif_cnn53_hl60_sequence_cnn_ig_436;cnn53:motif_cnn53_hl60_sequence_cnn_ig_445;cnn73:motif_cnn73_hct116_sequence_cnn_ig_144;cnn73:motif_cnn73_hct116_sequence_cnn_ig_146;cnn73:motif_cnn73_hek293t_sequence_cnn_ig_380;cnn73:motif_cnn73_hek293t_sequence_cnn_ig_382;cnn73:motif_cnn73_hela_sequence_cnn_ig_049;cnn73:motif_cnn73_hl60_sequence_cnn_ig_438;cnn73:motif_cnn73_hl60_sequence_cnn_ig_440,1.0,ok,
motif_cnn73_hela_sequence_cnn_ig_049,cnn_kernel_variant,sequence|cnn_ig,22,3,cnn33;cnn53;cnn73,cnn33:motif_cnn33_hct116_sequence_cnn_ig_138;cnn33:motif_cnn33_hct116_sequence_cnn_ig_140;cnn33:motif_cnn33_hek293t_sequence_cnn_ig_370;cnn33:motif_cnn33_hek293t_sequence_cnn_ig_374;cnn33:motif_cnn33_hela_sequence_cnn_ig_044;cnn33:motif_cnn33_hela_sequence_cnn_ig_106;cnn33:motif_cnn33_hl60_sequence_cnn_ig_432;cnn53:motif_cnn53_hct116_sequence_cnn_ig_141;cnn53:motif_cnn53_hct116_sequence_cnn_ig_187;cnn53:motif_cnn53_hek293t_sequence_cnn_ig_376;cnn53:motif_cnn53_hela_sequence_cnn_ig_045;cnn53:motif_cnn53_hela_sequence_cnn_ig_054;cnn53:motif_cnn53_hl60_sequence_cnn_ig_436;cnn53:motif_cnn53_hl60_sequence_cnn_ig_445;cnn73:motif_cnn73_hct116_sequence_cnn_ig_144;cnn73:motif_cnn73_hct116_sequence_cnn_ig_146;cnn73:motif_cnn73_hek293t_sequence_cnn_ig_380;cnn73:motif_cnn73_hek293t_sequence_cnn_ig_382;cnn73:motif_cnn73_hela_sequence_cnn_ig_047;cnn73:motif_cnn73_hl60_sequence_cnn_ig_438;cnn73:motif_cnn73_hl60_sequence_cnn_ig_440,1.0,ok,
motif_cnn53_hela_sequence_cnn_ig_054,cnn_kernel_variant,sequence|cnn_ig,22,3,cnn33;cnn53;cnn73,cnn33:motif_cnn33_hct116_sequence_cnn_ig_138;cnn33:motif_cnn33_hct116_sequence_cnn_ig_140;cnn33:motif_cnn33_hek293t_sequence_cnn_ig_370;cnn33:motif_cnn33_hek293t_sequence_cnn_ig_374;cnn33:motif_cnn33_hela_sequence_cnn_ig_044;cnn33:motif_cnn33_hela_sequence_cnn_ig_106;cnn33:motif_cnn33_hl60_sequence_cnn_ig_432;cnn53:motif_cnn53_hct116_sequence_cnn_ig_141;cnn53:motif_cnn53_hct116_sequence_cnn_ig_187;cnn53:motif_cnn53_hek293t_sequence_cnn_ig_376;cnn53:motif_cnn53_hela_sequence_cnn_ig_045;cnn53:motif_cnn53_hl60_sequence_cnn_ig_436;cnn53:motif_cnn53_hl60_sequence_cnn_ig_445;cnn73:motif_cnn73_hct116_sequence_cnn_ig_144;cnn73:motif_cnn73_hct116_sequence_cnn_ig_146;cnn73:motif_cnn73_hek293t_sequence_cnn_ig_380;cnn73:motif_cnn73_hek293t_sequence_cnn_ig_382;cnn73:motif_cnn73_hela_sequence_cnn_ig_047;cnn73:motif_cnn73_hela_sequence_cnn_ig_049;cnn73:motif_cnn73_hl60_sequence_cnn_ig_438;cnn73:motif_cnn73_hl60_sequence_cnn_ig_440,1.0,ok,
motif_cnn33_hela_sequence_cnn_ig_057,cnn_kernel_variant,sequence|cnn_ig,22,3,cnn33;cnn53;cnn73,cnn33:motif_cnn33_hct116_sequence_cnn_ig_189;cnn33:motif_cnn33_hct116_sequence_cnn_ig_222;cnn33:motif_cnn33_hek293t_sequence_cnn_ig_361;cnn33:motif_cnn33_hek293t_sequence_cnn_ig_363;cnn33:motif_cnn33_hela_sequence_cnn_ig_085;cnn33:motif_cnn33_hl60_sequence_cnn_ig_301;cnn53:motif_cnn53_hct116_sequence_cnn_ig_166;cnn53:motif_cnn53_hct116_sequence_cnn_ig_167;cnn53:motif_cnn53_hek293t_sequence_cnn_ig_364;cnn53:motif_cnn53_hela_sequence_cnn_ig_059;cnn53:motif_cnn53_hela_sequence_cnn_ig_084;cnn53:motif_cnn53_hl60_sequence_cnn_ig_287;cnn53:motif_cnn53_hl60_sequence_cnn_ig_303;cnn73:motif_cnn73_hct116_sequence_cnn_ig_169;cnn73:motif_cnn73_hct116_sequence_cnn_ig_171;cnn73:motif_cnn73_hek293t_sequence_cnn_ig_366;cnn73:motif_cnn73_hek293t_sequence_cnn_ig_368;cnn73:motif_cnn73_hela_sequence_cnn_ig_061;cnn73:motif_cnn73_hela_sequence_cnn_ig_063;cnn73:motif_cnn73_hl60_sequence_cnn_ig_306;cnn73:motif_cnn73_hl60_sequence_cnn_ig_308,1.0,ok,
motif_cnn53_hela_sequence_cnn_ig_059,cnn_kernel_variant,sequence|cnn_ig,22,3,cnn33;cnn53;cnn73,cnn33:motif_cnn33_hct116_sequence_cnn_ig_189;cnn33:motif_cnn33_hct116_sequence_cnn_ig_222;cnn33:motif_cnn33_hek293t_sequence_cnn_ig_361;cnn33:motif_cnn33_hek293t_sequence_cnn_ig_363;cnn33:motif_cnn33_hela_sequence_cnn_ig_057;cnn33:motif_cnn33_hela_sequence_cnn_ig_085;cnn33:motif_cnn33_hl60_sequence_cnn_ig_301;cnn53:motif_cnn53_hct116_sequence_cnn_ig_166;cnn53:motif_cnn53_hct116_sequence_cnn_ig_167;cnn53:motif_cnn53_hek293t_sequence_cnn_ig_364;cnn53:motif_cnn53_hela_sequence_cnn_ig_084;cnn53:motif_cnn53_hl60_sequence_cnn_ig_287;cnn53:motif_cnn53_hl60_sequence_cnn_ig_303;cnn73:motif_cnn73_hct116_sequence_cnn_ig_169;cnn73:motif_cnn73_hct116_sequence_cnn_ig_171;cnn73:motif_cnn73_hek293t_sequence_cnn_ig_366;cnn73:motif_cnn73_hek293t_sequence_cnn_ig_368;cnn73:motif_cnn73_hela_sequence_cnn_ig_061;cnn73:motif_cnn73_hela_sequence_cnn_ig_063;cnn73:motif_cnn73_hl60_sequence_cnn_ig_306;cnn73:motif_cnn73_hl60_sequence_cnn_ig_308,1.0,ok,
motif_cnn73_hela_sequence_cnn_ig_061,cnn_kernel_variant,sequence|cnn_ig,22,3,cnn33;cnn53;cnn73,cnn33:motif_cnn33_hct116_sequence_cnn_ig_189;cnn33:motif_cnn33_hct116_sequence_cnn_ig_222;cnn33:motif_cnn33_hek293t_sequence_cnn_ig_361;cnn33:motif_cnn33_hek293t_sequence_cnn_ig_363;cnn33:motif_cnn33_hela_sequence_cnn_ig_057;cnn33:motif_cnn33_hela_sequence_cnn_ig_085;cnn33:motif_cnn33_hl60_sequence_cnn_ig_301;cnn53:motif_cnn53_hct116_sequence_cnn_ig_166;cnn53:motif_cnn53_hct116_sequence_cnn_ig_167;cnn53:motif_cnn53_hek293t_sequence_cnn_ig_364;cnn53:motif_cnn53_hela_sequence_cnn_ig_059;cnn53:motif_cnn53_hela_sequence_cnn_ig_084;cnn53:motif_cnn53_hl60_sequence_cnn_ig_287;cnn53:motif_cnn53_hl60_sequence_cnn_ig_303;cnn73:motif_cnn73_hct116_sequence_cnn_ig_169;cnn73:motif_cnn73_hct116_sequence_cnn_ig_171;cnn73:motif_cnn73_hek293t_sequence_cnn_ig_366;cnn73:motif_cnn73_hek293t_sequence_cnn_ig_368;cnn73:motif_cnn73_hela_sequence_cnn_ig_063;cnn73:motif_cnn73_hl60_sequence_cnn_ig_306;cnn73:motif_cnn73_hl60_sequence_cnn_ig_308,1.0,ok,
motif_cnn73_hela_sequence_cnn_ig_063,cnn_kernel_variant,sequence|cnn_ig,22,3,cnn33;cnn53;cnn73,cnn33:motif_cnn33_hct116_sequence_cnn_ig_189;cnn33:motif_cnn33_hct116_sequence_cnn_ig_222;cnn33:motif_cnn33_hek293t_sequence_cnn_ig_361;cnn33:motif_cnn33_hek293t_sequence_cnn_ig_363;cnn33:motif_cnn33_hela_sequence_cnn_ig_057;cnn33:motif_cnn33_hela_sequence_cnn_ig_085;cnn33:motif_cnn33_hl60_sequence_cnn_ig_301;cnn53:motif_cnn53_hct116_sequence_cnn_ig_166;cnn53:motif_cnn53_hct116_sequence_cnn_ig_167;cnn53:motif_cnn53_hek293t_sequence_cnn_ig_364;cnn53:motif_cnn53_hela_sequence_cnn_ig_059;cnn53:motif_cnn53_hela_sequence_cnn_ig_084;cnn53:motif_cnn53_hl60_sequence_cnn_ig_287;cnn53:motif_cnn53_hl60_sequence_cnn_ig_303;cnn73:motif_cnn73_hct116_sequence_cnn_ig_169;cnn73:motif_cnn73_hct116_sequence_cnn_ig_171;cnn73:motif_cnn73_hek293t_sequence_cnn_ig_366;cnn73:motif_cnn73_hek293t_sequence_cnn_ig_368;cnn73:motif_cnn73_hela_sequence_cnn_ig_061;cnn73:motif_cnn73_hl60_sequence_cnn_ig_306;cnn73:motif_cnn73_hl60_sequence_cnn_ig_308,1.0,ok,
motif_cnn33_hela_sequence_cnn_ig_065,cnn_kernel_variant,sequence|cnn_ig,24,3,cnn33;cnn53;cnn73,cnn33:motif_cnn33_hct116_sequence_cnn_ig_136;cnn33:motif_cnn33_hct116_sequence_cnn_ig_176;cnn33:motif_cnn33_hek293t_sequence_cnn_ig_290;cnn33:motif_cnn33_hek293t_sequence_cnn_ig_292;cnn33:motif_cnn33_hela_sequence_cnn_ig_025;cnn33:motif_cnn33_hl60_sequence_cnn_ig_275;cnn33:motif_cnn33_hl60_sequence_cnn_ig_405;cnn53:motif_cnn53_hct116_sequence_cnn_ig_112;cnn53:motif_cnn53_hct116_sequence_cnn_ig_113;cnn53:motif_cnn53_hek293t_sequence_cnn_ig_293;cnn53:motif_cnn53_hek293t_sequence_cnn_ig_333;cnn53:motif_cnn53_hela_sequence_cnn_ig_027;cnn53:motif_cnn53_hela_sequence_cnn_ig_067;cnn53:motif_cnn53_hl60_sequence_cnn_ig_269;cnn53:motif_cnn53_hl60_sequence_cnn_ig_278;cnn73:motif_cnn73_hct116_sequence_cnn_ig_115;cnn73:motif_cnn73_hct116_sequence_cnn_ig_117;cnn73:motif_cnn73_hek293t_sequence_cnn_ig_295;cnn73:motif_cnn73_hek293t_sequence_cnn_ig_297;cnn73:motif_cnn73_hela_sequence_cnn_ig_029;cnn73:motif_cnn73_hela_sequence_cnn_ig_031;cnn73:motif_cnn73_hl60_sequence_cnn_ig_281;cnn73:motif_cnn73_hl60_sequence_cnn_ig_284,1.0,ok,
motif_cnn33_hela_sequence_cnn_ig_066,cnn_kernel_variant,sequence|cnn_ig,24,3,cnn33;cnn53;cnn73,cnn33:motif_cnn33_hct116_sequence_cnn_ig_126;cnn33:motif_cnn33_hct116_sequence_cnn_ig_128;cnn33:motif_cnn33_hek293t_sequence_cnn_ig_261;cnn33:motif_cnn33_hek293t_sequence_cnn_ig_263;cnn33:motif_cnn33_hela_sequence_cnn_ig_033;cnn33:motif_cnn33_hl60_sequence_cnn_ig_335;cnn33:motif_cnn33_hl60_sequence_cnn_ig_416;cnn53:motif_cnn53_hct116_sequence_cnn_ig_129;cnn53:motif_cnn53_hct116_sequence_cnn_ig_152;cnn53:motif_cnn53_hek293t_sequence_cnn_ig_264;cnn53:motif_cnn53_hek293t_sequence_cnn_ig_273;cnn53:motif_cnn53_hela_sequence_cnn_ig_036;cnn53:motif_cnn53_hela_sequence_cnn_ig_042;cnn53:motif_cnn53_hl60_sequence_cnn_ig_338;cnn53:motif_cnn53_hl60_sequence_cnn_ig_442;cnn73:motif_cnn73_hct116_sequence_cnn_ig_131;cnn73:motif_cnn73_hct116_sequence_cnn_ig_133;cnn73:motif_cnn73_hek293t_sequence_cnn_ig_266;cnn73:motif_cnn73_hek293t_sequence_cnn_ig_268;cnn73:motif_cnn73_hela_sequence_cnn_ig_038;cnn73:motif_cnn73_hela_sequence_cnn_ig_040;cnn73:motif_cnn73_hl60_sequence_cnn_ig_340;cnn73:motif_cnn73_hl60_sequence_cnn_ig_342,1.0,ok,
motif_cnn53_hela_sequence_cnn_ig_067,cnn_kernel_variant,sequence|cnn_ig,24,3,cnn33;cnn53;cnn73,cnn33:motif_cnn33_hct116_sequence_cnn_ig_136;cnn33:motif_cnn33_hct116_sequence_cnn_ig_176;cnn33:motif_cnn33_hek293t_sequence_cnn_ig_290;cnn33:motif_cnn33_hek293t_sequence_cnn_ig_292;cnn33:motif_cnn33_hela_sequence_cnn_ig_025;cnn33:motif_cnn33_hela_sequence_cnn_ig_065;cnn33:motif_cnn33_hl60_sequence_cnn_ig_275;cnn33:motif_cnn33_hl60_sequence_cnn_ig_405;cnn53:motif_cnn53_hct116_sequence_cnn_ig_112;cnn53:motif_cnn53_hct116_sequence_cnn_ig_113;cnn53:motif_cnn53_hek293t_sequence_cnn_ig_293;cnn53:motif_cnn53_hek293t_sequence_cnn_ig_333;cnn53:motif_cnn53_hela_sequence_cnn_ig_027;cnn53:motif_cnn53_hl60_sequence_cnn_ig_269;cnn53:motif_cnn53_hl60_sequence_cnn_ig_278;cnn73:motif_cnn73_hct116_sequence_cnn_ig_115;cnn73:motif_cnn73_hct116_sequence_cnn_ig_117;cnn73:motif_cnn73_hek293t_sequence_cnn_ig_295;cnn73:motif_cnn73_hek293t_sequence_cnn_ig_297;cnn73:motif_cnn73_hela_sequence_cnn_ig_029;cnn73:motif_cnn73_hela_sequence_cnn_ig_031;cnn73:motif_cnn73_hl60_sequence_cnn_ig_281;cnn73:motif_cnn73_hl60_sequence_cnn_ig_284,1.0,ok,
motif_cnn33_hct116_sequence_cnn_ig_072,cnn_kernel_variant,sequence|cnn_ig,21,3,cnn33;cnn53;cnn73,cnn33:motif_cnn33_hct116_sequence_cnn_ig_074;cnn33:motif_cnn33_hek293t_sequence_cnn_ig_205;cnn33:motif_cnn33_hek293t_sequence_cnn_ig_208;cnn33:motif_cnn33_hela_sequence_cnn_ig_001;cnn33:motif_cnn33_hl60_sequence_cnn_ig_248;cnn53:motif_cnn53_hct116_sequence_cnn_ig_076;cnn53:motif_cnn53_hct116_sequence_cnn_ig_078;cnn53:motif_cnn53_hek293t_sequence_cnn_ig_209;cnn53:motif_cnn53_hela_sequence_cnn_ig_003;cnn53:motif_cnn53_hela_sequence_cnn_ig_010;cnn53:motif_cnn53_hl60_sequence_cnn_ig_251;cnn53:motif_cnn53_hl60_sequence_cnn_ig_254;cnn73:motif_cnn73_hct116_sequence_cnn_ig_080;cnn73:motif_cnn73_hct116_sequence_cnn_ig_082;cnn73:motif_cnn73_hek293t_sequence_cnn_ig_212;cnn73:motif_cnn73_hek293t_sequence_cnn_ig_214;cnn73:motif_cnn73_hela_sequence_cnn_ig_005;cnn73:motif_cnn73_hela_sequence_cnn_ig_007;cnn73:motif_cnn73_hl60_sequence_cnn_ig_256;cnn73:motif_cnn73_hl60_sequence_cnn_ig_258,1.0,ok,
motif_cnn33_hct116_sequence_cnn_ig_074,cnn_kernel_variant,sequence|cnn_ig,21,3,cnn33;cnn53;cnn73,cnn33:motif_cnn33_hct116_sequence_cnn_ig_072;cnn33:motif_cnn33_hek293t_sequence_cnn_ig_205;cnn33:motif_cnn33_hek293t_sequence_cnn_ig_208;cnn33:motif_cnn33_hela_sequence_cnn_ig_001;cnn33:motif_cnn33_hl60_sequence_cnn_ig_248;cnn53:motif_cnn53_hct116_sequence_cnn_ig_076;cnn53:motif_cnn53_hct116_sequence_cnn_ig_078;cnn53:motif_cnn53_hek293t_sequence_cnn_ig_209;cnn53:motif_cnn53_hela_sequence_cnn_ig_003;cnn53:motif_cnn53_hela_sequence_cnn_ig_010;cnn53:motif_cnn53_hl60_sequence_cnn_ig_251;cnn53:motif_cnn53_hl60_sequence_cnn_ig_254;cnn73:motif_cnn73_hct116_sequence_cnn_ig_080;cnn73:motif_cnn73_hct116_sequence_cnn_ig_082;cnn73:motif_cnn73_hek293t_sequence_cnn_ig_212;cnn73:motif_cnn73_hek293t_sequence_cnn_ig_214;cnn73:motif_cnn73_hela_sequence_cnn_ig_005;cnn73:motif_cnn73_hela_sequence_cnn_ig_007;cnn73:motif_cnn73_hl60_sequence_cnn_ig_256;cnn73:motif_cnn73_hl60_sequence_cnn_ig_258,1.0,ok,
motif_cnn53_hct116_sequence_cnn_ig_076,cnn_kernel_variant,sequence|cnn_ig,21,3,cnn33;cnn53;cnn73,cnn33:motif_cnn33_hct116_sequence_cnn_ig_072;cnn33:motif_cnn33_hct116_sequence_cnn_ig_074;cnn33:motif_cnn33_hek293t_sequence_cnn_ig_205;cnn33:motif_cnn33_hek293t_sequence_cnn_ig_208;cnn33:motif_cnn33_hela_sequence_cnn_ig_001;cnn33:motif_cnn33_hl60_sequence_cnn_ig_248;cnn53:motif_cnn53_hct116_sequence_cnn_ig_078;cnn53:motif_cnn53_hek293t_sequence_cnn_ig_209;cnn53:motif_cnn53_hela_sequence_cnn_ig_003;cnn53:motif_cnn53_hela_sequence_cnn_ig_010;cnn53:motif_cnn53_hl60_sequence_cnn_ig_251;cnn53:motif_cnn53_hl60_sequence_cnn_ig_254;cnn73:motif_cnn73_hct116_sequence_cnn_ig_080;cnn73:motif_cnn73_hct116_sequence_cnn_ig_082;cnn73:motif_cnn73_hek293t_sequence_cnn_ig_212;cnn73:motif_cnn73_hek293t_sequence_cnn_ig_214;cnn73:motif_cnn73_hela_sequence_cnn_ig_005;cnn73:motif_cnn73_hela_sequence_cnn_ig_007;cnn73:motif_cnn73_hl60_sequence_cnn_ig_256;cnn73:motif_cnn73_hl60_sequence_cnn_ig_258,1.0,ok,
motif_cnn53_hct116_sequence_cnn_ig_078,cnn_kernel_variant,sequence|cnn_ig,21,3,cnn33;cnn53;cnn73,cnn33:motif_cnn33_hct116_sequence_cnn_ig_072;cnn33:motif_cnn33_hct116_sequence_cnn_ig_074;cnn33:motif_cnn33_hek293t_sequence_cnn_ig_205;cnn33:motif_cnn33_hek293t_sequence_cnn_ig_208;cnn33:motif_cnn33_hela_sequence_cnn_ig_001;cnn33:motif_cnn33_hl60_sequence_cnn_ig_248;cnn53:motif_cnn53_hct116_sequence_cnn_ig_076;cnn53:motif_cnn53_hek293t_sequence_cnn_ig_209;cnn53:motif_cnn53_hela_sequence_cnn_ig_003;cnn53:motif_cnn53_hela_sequence_cnn_ig_010;cnn53:motif_cnn53_hl60_sequence_cnn_ig_251;cnn53:motif_cnn53_hl60_sequence_cnn_ig_254;cnn73:motif_cnn73_hct116_sequence_cnn_ig_080;cnn73:motif_cnn73_hct116_sequence_cnn_ig_082;cnn73:motif_cnn73_hek293t_sequence_cnn_ig_212;cnn73:motif_cnn73_hek293t_sequence_cnn_ig_214;cnn73:motif_cnn73_hela_sequence_cnn_ig_005;cnn73:motif_cnn73_hela_sequence_cnn_ig_007;cnn73:motif_cnn73_hl60_sequence_cnn_ig_256;cnn73:motif_cnn73_hl60_sequence_cnn_ig_258,1.0,ok,
motif_cnn73_hct116_sequence_cnn_ig_080,cnn_kernel_variant,sequence|cnn_ig,21,3,cnn33;cnn53;cnn73,cnn33:motif_cnn33_hct116_sequence_cnn_ig_072;cnn33:motif_cnn33_hct116_sequence_cnn_ig_074;cnn33:motif_cnn33_hek293t_sequence_cnn_ig_205;cnn33:motif_cnn33_hek293t_sequence_cnn_ig_208;cnn33:motif_cnn33_hela_sequence_cnn_ig_001;cnn33:motif_cnn33_hl60_sequence_cnn_ig_248;cnn53:motif_cnn53_hct116_sequence_cnn_ig_076;cnn53:motif_cnn53_hct116_sequence_cnn_ig_078;cnn53:motif_cnn53_hek293t_sequence_cnn_ig_209;cnn53:motif_cnn53_hela_sequence_cnn_ig_003;cnn53:motif_cnn53_hela_sequence_cnn_ig_010;cnn53:motif_cnn53_hl60_sequence_cnn_ig_251;cnn53:motif_cnn53_hl60_sequence_cnn_ig_254;cnn73:motif_cnn73_hct116_sequence_cnn_ig_082;cnn73:motif_cnn73_hek293t_sequence_cnn_ig_212;cnn73:motif_cnn73_hek293t_sequence_cnn_ig_214;cnn73:motif_cnn73_hela_sequence_cnn_ig_005;cnn73:motif_cnn73_hela_sequence_cnn_ig_007;cnn73:motif_cnn73_hl60_sequence_cnn_ig_256;cnn73:motif_cnn73_hl60_sequence_cnn_ig_258,1.0,ok,
motif_cnn73_hct116_sequence_cnn_ig_082,cnn_kernel_variant,sequence|cnn_ig,21,3,cnn33;cnn53;cnn73,cnn33:motif_cnn33_hct116_sequence_cnn_ig_072;cnn33:motif_cnn33_hct116_sequence_cnn_ig_074;cnn33:motif_cnn33_hek293t_sequence_cnn_ig_205;cnn33:motif_cnn33_hek293t_sequence_cnn_ig_208;cnn33:motif_cnn33_hela_sequence_cnn_ig_001;cnn33:motif_cnn33_hl60_sequence_cnn_ig_248;cnn53:motif_cnn53_hct116_sequence_cnn_ig_076;cnn53:motif_cnn53_hct116_sequence_cnn_ig_078;cnn53:motif_cnn53_hek293t_sequence_cnn_ig_209;cnn53:motif_cnn53_hela_sequence_cnn_ig_003;cnn53:motif_cnn53_hela_sequence_cnn_ig_010;cnn53:motif_cnn53_hl60_sequence_cnn_ig_251;cnn53:motif_cnn53_hl60_sequence_cnn_ig_254;cnn73:motif_cnn73_hct116_sequence_cnn_ig_080;cnn73:motif_cnn73_hek293t_sequence_cnn_ig_212;cnn73:motif_cnn73_hek293t_sequence_cnn_ig_214;cnn73:motif_cnn73_hela_sequence_cnn_ig_005;cnn73:motif_cnn73_hela_sequence_cnn_ig_007;cnn73:motif_cnn73_hl60_sequence_cnn_ig_256;cnn73:motif_cnn73_hl60_sequence_cnn_ig_258,1.0,ok,
motif_cnn53_hela_sequence_cnn_ig_084,cnn_kernel_variant,sequence|cnn_ig,22,3,cnn33;cnn53;cnn73,cnn33:motif_cnn33_hct116_sequence_cnn_ig_189;cnn33:motif_cnn33_hct116_sequence_cnn_ig_222;cnn33:motif_cnn33_hek293t_sequence_cnn_ig_361;cnn33:motif_cnn33_hek293t_sequence_cnn_ig_363;cnn33:motif_cnn33_hela_sequence_cnn_ig_057;cnn33:motif_cnn33_hela_sequence_cnn_ig_085;cnn33:motif_cnn33_hl60_sequence_cnn_ig_301;cnn53:motif_cnn53_hct116_sequence_cnn_ig_166;cnn53:motif_cnn53_hct116_sequence_cnn_ig_167;cnn53:motif_cnn53_hek293t_sequence_cnn_ig_364;cnn53:motif_cnn53_hela_sequence_cnn_ig_059;cnn53:motif_cnn53_hl60_sequence_cnn_ig_287;cnn53:motif_cnn53_hl60_sequence_cnn_ig_303;cnn73:motif_cnn73_hct116_sequence_cnn_ig_169;cnn73:motif_cnn73_hct116_sequence_cnn_ig_171;cnn73:motif_cnn73_hek293t_sequence_cnn_ig_366;cnn73:motif_cnn73_hek293t_sequence_cnn_ig_368;cnn73:motif_cnn73_hela_sequence_cnn_ig_061;cnn73:motif_cnn73_hela_sequence_cnn_ig_063;cnn73:motif_cnn73_hl60_sequence_cnn_ig_306;cnn73:motif_cnn73_hl60_sequence_cnn_ig_308,1.0,ok,
motif_cnn33_hela_sequence_cnn_ig_085,cnn_kernel_variant,sequence|cnn_ig,22,3,cnn33;cnn53;cnn73,cnn33:motif_cnn33_hct116_sequence_cnn_ig_189;cnn33:motif_cnn33_hct116_sequence_cnn_ig_222;cnn33:motif_cnn33_hek293t_sequence_cnn_ig_361;cnn33:motif_cnn33_hek293t_sequence_cnn_ig_363;cnn33:motif_cnn33_hela_sequence_cnn_ig_057;cnn33:motif_cnn33_hl60_sequence_cnn_ig_301;cnn53:motif_cnn53_hct116_sequence_cnn_ig_166;cnn53:motif_cnn53_hct116_sequence_cnn_ig_167;cnn53:motif_cnn53_hek293t_sequence_cnn_ig_364;cnn53:motif_cnn53_hela_sequence_cnn_ig_059;cnn53:motif_cnn53_hela_sequence_cnn_ig_084;cnn53:motif_cnn53_hl60_sequence_cnn_ig_287;cnn53:motif_cnn53_hl60_sequence_cnn_ig_303;cnn73:motif_cnn73_hct116_sequence_cnn_ig_169;cnn73:motif_cnn73_hct116_sequence_cnn_ig_171;cnn73:motif_cnn73_hek293t_sequence_cnn_ig_366;cnn73:motif_cnn73_hek293t_sequence_cnn_ig_368;cnn73:motif_cnn73_hela_sequence_cnn_ig_061;cnn73:motif_cnn73_hela_sequence_cnn_ig_063;cnn73:motif_cnn73_hl60_sequence_cnn_ig_306;cnn73:motif_cnn73_hl60_sequence_cnn_ig_308,1.0,ok,
motif_cnn33_hela_sequence_cnn_ig_086,cnn_kernel_variant,sequence|cnn_ig,11,3,cnn33;cnn53;cnn73,cnn33:motif_cnn33_hct116_sequence_cnn_ig_286;cnn53:motif_cnn53_hct116_sequence_cnn_ig_192;cnn53:motif_cnn53_hct116_sequence_cnn_ig_218;cnn53:motif_cnn53_hek293t_sequence_cnn_ig_456;cnn53:motif_cnn53_hela_sequence_cnn_ig_107;cnn53:motif_cnn53_hela_sequence_cnn_ig_108;cnn73:motif_cnn73_hct116_sequence_cnn_ig_194;cnn73:motif_cnn73_hct116_sequence_cnn_ig_196;cnn73:motif_cnn73_hela_sequence_cnn_ig_088;cnn73:motif_cnn73_hela_sequence_cnn_ig_090,1.0,ok,
motif_cnn73_hela_sequence_cnn_ig_088,cnn_kernel_variant,sequence|cnn_ig,11,3,cnn33;cnn53;cnn73,cnn33:motif_cnn33_hct116_sequence_cnn_ig_286;cnn33:motif_cnn33_hela_sequence_cnn_ig_086;cnn53:motif_cnn53_hct116_sequence_cnn_ig_192;cnn53:motif_cnn53_hct116_sequence_cnn_ig_218;cnn53:motif_cnn53_hek293t_sequence_cnn_ig_456;cnn53:motif_cnn53_hela_sequence_cnn_ig_107;cnn53:motif_cnn53_hela_sequence_cnn_ig_108;cnn73:motif_cnn73_hct116_sequence_cnn_ig_194;cnn73:motif_cnn73_hct116_sequence_cnn_ig_196;cnn73:motif_cnn73_hela_sequence_cnn_ig_090,1.0,ok,
motif_cnn73_hela_sequence_cnn_ig_090,cnn_kernel_variant,sequence|cnn_ig,11,3,cnn33;cnn53;cnn73,cnn33:motif_cnn33_hct116_sequence_cnn_ig_286;cnn33:motif_cnn33_hela_sequence_cnn_ig_086;cnn53:motif_cnn53_hct116_sequence_cnn_ig_192;cnn53:motif_cnn53_hct116_sequence_cnn_ig_218;cnn53:motif_cnn53_hek293t_sequence_cnn_ig_456;cnn53:motif_cnn53_hela_sequence_cnn_ig_107;cnn53:motif_cnn53_hela_sequence_cnn_ig_108;cnn73:motif_cnn73_hct116_sequence_cnn_ig_194;cnn73:motif_cnn73_hct116_sequence_cnn_ig_196;cnn73:motif_cnn73_hela_sequence_cnn_ig_088,1.0,ok,
motif_cnn33_hct116_sequence_cnn_ig_095,cnn_kernel_variant,sequence|cnn_ig,23,3,cnn33;cnn53;cnn73,cnn33:motif_cnn33_hek293t_sequence_cnn_ig_225;cnn33:motif_cnn33_hek293t_sequence_cnn_ig_228;cnn33:motif_cnn33_hela_sequence_cnn_ig_012;cnn33:motif_cnn33_hela_sequence_cnn_ig_013;cnn33:motif_cnn33_hl60_sequence_cnn_ig_311;cnn33:motif_cnn33_hl60_sequence_cnn_ig_314;cnn53:motif_cnn53_hct116_sequence_cnn_ig_098;cnn53:motif_cnn53_hct116_sequence_cnn_ig_100;cnn53:motif_cnn53_hek293t_sequence_cnn_ig_230;cnn53:motif_cnn53_hek293t_sequence_cnn_ig_252;cnn53:motif_cnn53_hela_sequence_cnn_ig_015;cnn53:motif_cnn53_hela_sequence_cnn_ig_024;cnn53:motif_cnn53_hl60_sequence_cnn_ig_316;cnn53:motif_cnn53_hl60_sequence_cnn_ig_344;cnn73:motif_cnn73_hct116_sequence_cnn_ig_102;cnn73:motif_cnn73_hct116_sequence_cnn_ig_104;cnn73:motif_cnn73_hek293t_sequence_cnn_ig_234;cnn73:motif_cnn73_hek293t_sequence_cnn_ig_236;cnn73:motif_cnn73_hela_sequence_cnn_ig_018;cnn73:motif_cnn73_hela_sequence_cnn_ig_020;cnn73:motif_cnn73_hl60_sequence_cnn_ig_318;cnn73:motif_cnn73_hl60_sequence_cnn_ig_320,1.0,ok,
motif_cnn53_hct116_sequence_cnn_ig_098,cnn_kernel_variant,sequence|cnn_ig,23,3,cnn33;cnn53;cnn73,cnn33:motif_cnn33_hct116_sequence_cnn_ig_095;cnn33:motif_cnn33_hek293t_sequence_cnn_ig_225;cnn33:motif_cnn33_hek293t_sequence_cnn_ig_228;cnn33:motif_cnn33_hela_sequence_cnn_ig_012;cnn33:motif_cnn33_hela_sequence_cnn_ig_013;cnn33:motif_cnn33_hl60_sequence_cnn_ig_311;cnn33:motif_cnn33_hl60_sequence_cnn_ig_314;cnn53:motif_cnn53_hct116_sequence_cnn_ig_100;cnn53:motif_cnn53_hek293t_sequence_cnn_ig_230;cnn53:motif_cnn53_hek293t_sequence_cnn_ig_252;cnn53:motif_cnn53_hela_sequence_cnn_ig_015;cnn53:motif_cnn53_hela_sequence_cnn_ig_024;cnn53:motif_cnn53_hl60_sequence_cnn_ig_316;cnn53:motif_cnn53_hl60_sequence_cnn_ig_344;cnn73:motif_cnn73_hct116_sequence_cnn_ig_102;cnn73:motif_cnn73_hct116_sequence_cnn_ig_104;cnn73:motif_cnn73_hek293t_sequence_cnn_ig_234;cnn73:motif_cnn73_hek293t_sequence_cnn_ig_236;cnn73:motif_cnn73_hela_sequence_cnn_ig_018;cnn73:motif_cnn73_hela_sequence_cnn_ig_020;cnn73:motif_cnn73_hl60_sequence_cnn_ig_318;cnn73:motif_cnn73_hl60_sequence_cnn_ig_320,1.0,ok,
motif_cnn53_hct116_sequence_cnn_ig_100,cnn_kernel_variant,sequence|cnn_ig,23,3,cnn33;cnn53;cnn73,cnn33:motif_cnn33_hct116_sequence_cnn_ig_095;cnn33:motif_cnn33_hek293t_sequence_cnn_ig_225;cnn33:motif_cnn33_hek293t_sequence_cnn_ig_228;cnn33:motif_cnn33_hela_sequence_cnn_ig_012;cnn33:motif_cnn33_hela_sequence_cnn_ig_013;cnn33:motif_cnn33_hl60_sequence_cnn_ig_311;cnn33:motif_cnn33_hl60_sequence_cnn_ig_314;cnn53:motif_cnn53_hct116_sequence_cnn_ig_098;cnn53:motif_cnn53_hek293t_sequence_cnn_ig_230;cnn53:motif_cnn53_hek293t_sequence_cnn_ig_252;cnn53:motif_cnn53_hela_sequence_cnn_ig_015;cnn53:motif_cnn53_hela_sequence_cnn_ig_024;cnn53:motif_cnn53_hl60_sequence_cnn_ig_316;cnn53:motif_cnn53_hl60_sequence_cnn_ig_344;cnn73:motif_cnn73_hct116_sequence_cnn_ig_102;cnn73:motif_cnn73_hct116_sequence_cnn_ig_104;cnn73:motif_cnn73_hek293t_sequence_cnn_ig_234;cnn73:motif_cnn73_hek293t_sequence_cnn_ig_236;cnn73:motif_cnn73_hela_sequence_cnn_ig_018;cnn73:motif_cnn73_hela_sequence_cnn_ig_020;cnn73:motif_cnn73_hl60_sequence_cnn_ig_318;cnn73:motif_cnn73_hl60_sequence_cnn_ig_320,1.0,ok,
motif_cnn73_hct116_sequence_cnn_ig_102,cnn_kernel_variant,sequence|cnn_ig,23,3,cnn33;cnn53;cnn73,cnn33:motif_cnn33_hct116_sequence_cnn_ig_095;cnn33:motif_cnn33_hek293t_sequence_cnn_ig_225;cnn33:motif_cnn33_hek293t_sequence_cnn_ig_228;cnn33:motif_cnn33_hela_sequence_cnn_ig_012;cnn33:motif_cnn33_hela_sequence_cnn_ig_013;cnn33:motif_cnn33_hl60_sequence_cnn_ig_311;cnn33:motif_cnn33_hl60_sequence_cnn_ig_314;cnn53:motif_cnn53_hct116_sequence_cnn_ig_098;cnn53:motif_cnn53_hct116_sequence_cnn_ig_100;cnn53:motif_cnn53_hek293t_sequence_cnn_ig_230;cnn53:motif_cnn53_hek293t_sequence_cnn_ig_252;cnn53:motif_cnn53_hela_sequence_cnn_ig_015;cnn53:motif_cnn53_hela_sequence_cnn_ig_024;cnn53:motif_cnn53_hl60_sequence_cnn_ig_316;cnn53:motif_cnn53_hl60_sequence_cnn_ig_344;cnn73:motif_cnn73_hct116_sequence_cnn_ig_104;cnn73:motif_cnn73_hek293t_sequence_cnn_ig_234;cnn73:motif_cnn73_hek293t_sequence_cnn_ig_236;cnn73:motif_cnn73_hela_sequence_cnn_ig_018;cnn73:motif_cnn73_hela_sequence_cnn_ig_020;cnn73:motif_cnn73_hl60_sequence_cnn_ig_318;cnn73:motif_cnn73_hl60_sequence_cnn_ig_320,1.0,ok,
motif_cnn73_hct116_sequence_cnn_ig_104,cnn_kernel_variant,sequence|cnn_ig,23,3,cnn33;cnn53;cnn73,cnn33:motif_cnn33_hct116_sequence_cnn_ig_095;cnn33:motif_cnn33_hek293t_sequence_cnn_ig_225;cnn33:motif_cnn33_hek293t_sequence_cnn_ig_228;cnn33:motif_cnn33_hela_sequence_cnn_ig_012;cnn33:motif_cnn33_hela_sequence_cnn_ig_013;cnn33:motif_cnn33_hl60_sequence_cnn_ig_311;cnn33:motif_cnn33_hl60_sequence_cnn_ig_314;cnn53:motif_cnn53_hct116_sequence_cnn_ig_098;cnn53:motif_cnn53_hct116_sequence_cnn_ig_100;cnn53:motif_cnn53_hek293t_sequence_cnn_ig_230;cnn53:motif_cnn53_hek293t_sequence_cnn_ig_252;cnn53:motif_cnn53_hela_sequence_cnn_ig_015;cnn53:motif_cnn53_hela_sequence_cnn_ig_024;cnn53:motif_cnn53_hl60_sequence_cnn_ig_316;cnn53:motif_cnn53_hl60_sequence_cnn_ig_344;cnn73:motif_cnn73_hct116_sequence_cnn_ig_102;cnn73:motif_cnn73_hek293t_sequence_cnn_ig_234;cnn73:motif_cnn73_hek293t_sequence_cnn_ig_236;cnn73:motif_cnn73_hela_sequence_cnn_ig_018;cnn73:motif_cnn73_hela_sequence_cnn_ig_020;cnn73:motif_cnn73_hl60_sequence_cnn_ig_318;cnn73:motif_cnn73_hl60_sequence_cnn_ig_320,1.0,ok,
motif_cnn33_hela_sequence_cnn_ig_106,cnn_kernel_variant,sequence|cnn_ig,22,3,cnn33;cnn53;cnn73,cnn33:motif_cnn33_hct116_sequence_cnn_ig_138;cnn33:motif_cnn33_hct116_sequence_cnn_ig_140;cnn33:motif_cnn33_hek293t_sequence_cnn_ig_370;cnn33:motif_cnn33_hek293t_sequence_cnn_ig_374;cnn33:motif_cnn33_hela_sequence_cnn_ig_044;cnn33:motif_cnn33_hl60_sequence_cnn_ig_432;cnn53:motif_cnn53_hct116_sequence_cnn_ig_141;cnn53:motif_cnn53_hct116_sequence_cnn_ig_187;cnn53:motif_cnn53_hek293t_sequence_cnn_ig_376;cnn53:motif_cnn53_hela_sequence_cnn_ig_045;cnn53:motif_cnn53_hela_sequence_cnn_ig_054;cnn53:motif_cnn53_hl60_sequence_cnn_ig_436;cnn53:motif_cnn53_hl60_sequence_cnn_ig_445;cnn73:motif_cnn73_hct116_sequence_cnn_ig_144;cnn73:motif_cnn73_hct116_sequence_cnn_ig_146;cnn73:motif_cnn73_hek293t_sequence_cnn_ig_380;cnn73:motif_cnn73_hek293t_sequence_cnn_ig_382;cnn73:motif_cnn73_hela_sequence_cnn_ig_047;cnn73:motif_cnn73_hela_sequence_cnn_ig_049;cnn73:motif_cnn73_hl60_sequence_cnn_ig_438;cnn73:motif_cnn73_hl60_sequence_cnn_ig_440,1.0,ok,
motif_cnn53_hela_sequence_cnn_ig_107,cnn_kernel_variant,sequence|cnn_ig,11,3,cnn33;cnn53;cnn73,cnn33:motif_cnn33_hct116_sequence_cnn_ig_286;cnn33:motif_cnn33_hela_sequence_cnn_ig_086;cnn53:motif_cnn53_hct116_sequence_cnn_ig_192;cnn53:motif_cnn53_hct116_sequence_cnn_ig_218;cnn53:motif_cnn53_hek293t_sequence_cnn_ig_456;cnn53:motif_cnn53_hela_sequence_cnn_ig_108;cnn73:motif_cnn73_hct116_sequence_cnn_ig_194;cnn73:motif_cnn73_hct116_sequence_cnn_ig_196;cnn73:motif_cnn73_hela_sequence_cnn_ig_088;cnn73:motif_cnn73_hela_sequence_cnn_ig_090,1.0,ok,
motif_cnn53_hela_sequence_cnn_ig_108,cnn_kernel_variant,sequence|cnn_ig,11,3,cnn33;cnn53;cnn73,cnn33:motif_cnn33_hct116_sequence_cnn_ig_286;cnn33:motif_cnn33_hela_sequence_cnn_ig_086;cnn53:motif_cnn53_hct116_sequence_cnn_ig_192;cnn53:motif_cnn53_hct116_sequence_cnn_ig_218;cnn53:motif_cnn53_hek293t_sequence_cnn_ig_456;cnn53:motif_cnn53_hela_sequence_cnn_ig_107;cnn73:motif_cnn73_hct116_sequence_cnn_ig_194;cnn73:motif_cnn73_hct116_sequence_cnn_ig_196;cnn73:motif_cnn73_hela_sequence_cnn_ig_088;cnn73:motif_cnn73_hela_sequence_cnn_ig_090,1.0,ok,
motif_cnn53_hct116_sequence_cnn_ig_112,cnn_kernel_variant,sequence|cnn_ig,24,3,cnn33;cnn53;cnn73,cnn33:motif_cnn33_hct116_sequence_cnn_ig_136;cnn33:motif_cnn33_hct116_sequence_cnn_ig_176;cnn33:motif_cnn33_hek293t_sequence_cnn_ig_290;cnn33:motif_cnn33_hek293t_sequence_cnn_ig_292;cnn33:motif_cnn33_hela_sequence_cnn_ig_025;cnn33:motif_cnn33_hela_sequence_cnn_ig_065;cnn33:motif_cnn33_hl60_sequence_cnn_ig_275;cnn33:motif_cnn33_hl60_sequence_cnn_ig_405;cnn53:motif_cnn53_hct116_sequence_cnn_ig_113;cnn53:motif_cnn53_hek293t_sequence_cnn_ig_293;cnn53:motif_cnn53_hek293t_sequence_cnn_ig_333;cnn53:motif_cnn53_hela_sequence_cnn_ig_027;cnn53:motif_cnn53_hela_sequence_cnn_ig_067;cnn53:motif_cnn53_hl60_sequence_cnn_ig_269;cnn53:motif_cnn53_hl60_sequence_cnn_ig_278;cnn73:motif_cnn73_hct116_sequence_cnn_ig_115;cnn73:motif_cnn73_hct116_sequence_cnn_ig_117;cnn73:motif_cnn73_hek293t_sequence_cnn_ig_295;cnn73:motif_cnn73_hek293t_sequence_cnn_ig_297;cnn73:motif_cnn73_hela_sequence_cnn_ig_029;cnn73:motif_cnn73_hela_sequence_cnn_ig_031;cnn73:motif_cnn73_hl60_sequence_cnn_ig_281;cnn73:motif_cnn73_hl60_sequence_cnn_ig_284,1.0,ok,
motif_cnn53_hct116_sequence_cnn_ig_113,cnn_kernel_variant,sequence|cnn_ig,24,3,cnn33;cnn53;cnn73,cnn33:motif_cnn33_hct116_sequence_cnn_ig_136;cnn33:motif_cnn33_hct116_sequence_cnn_ig_176;cnn33:motif_cnn33_hek293t_sequence_cnn_ig_290;cnn33:motif_cnn33_hek293t_sequence_cnn_ig_292;cnn33:motif_cnn33_hela_sequence_cnn_ig_025;cnn33:motif_cnn33_hela_sequence_cnn_ig_065;cnn33:motif_cnn33_hl60_sequence_cnn_ig_275;cnn33:motif_cnn33_hl60_sequence_cnn_ig_405;cnn53:motif_cnn53_hct116_sequence_cnn_ig_112;cnn53:motif_cnn53_hek293t_sequence_cnn_ig_293;cnn53:motif_cnn53_hek293t_sequence_cnn_ig_333;cnn53:motif_cnn53_hela_sequence_cnn_ig_027;cnn53:motif_cnn53_hela_sequence_cnn_ig_067;cnn53:motif_cnn53_hl60_sequence_cnn_ig_269;cnn53:motif_cnn53_hl60_sequence_cnn_ig_278;cnn73:motif_cnn73_hct116_sequence_cnn_ig_115;cnn73:motif_cnn73_hct116_sequence_cnn_ig_117;cnn73:motif_cnn73_hek293t_sequence_cnn_ig_295;cnn73:motif_cnn73_hek293t_sequence_cnn_ig_297;cnn73:motif_cnn73_hela_sequence_cnn_ig_029;cnn73:motif_cnn73_hela_sequence_cnn_ig_031;cnn73:motif_cnn73_hl60_sequence_cnn_ig_281;cnn73:motif_cnn73_hl60_sequence_cnn_ig_284,1.0,ok,
motif_cnn73_hct116_sequence_cnn_ig_115,cnn_kernel_variant,sequence|cnn_ig,24,3,cnn33;cnn53;cnn73,cnn33:motif_cnn33_hct116_sequence_cnn_ig_136;cnn33:motif_cnn33_hct116_sequence_cnn_ig_176;cnn33:motif_cnn33_hek293t_sequence_cnn_ig_290;cnn33:motif_cnn33_hek293t_sequence_cnn_ig_292;cnn33:motif_cnn33_hela_sequence_cnn_ig_025;cnn33:motif_cnn33_hela_sequence_cnn_ig_065;cnn33:motif_cnn33_hl60_sequence_cnn_ig_275;cnn33:motif_cnn33_hl60_sequence_cnn_ig_405;cnn53:motif_cnn53_hct116_sequence_cnn_ig_112;cnn53:motif_cnn53_hct116_sequence_cnn_ig_113;cnn53:motif_cnn53_hek293t_sequence_cnn_ig_293;cnn53:motif_cnn53_hek293t_sequence_cnn_ig_333;cnn53:motif_cnn53_hela_sequence_cnn_ig_027;cnn53:motif_cnn53_hela_sequence_cnn_ig_067;cnn53:motif_cnn53_hl60_sequence_cnn_ig_269;cnn53:motif_cnn53_hl60_sequence_cnn_ig_278;cnn73:motif_cnn73_hct116_sequence_cnn_ig_117;cnn73:motif_cnn73_hek293t_sequence_cnn_ig_295;cnn73:motif_cnn73_hek293t_sequence_cnn_ig_297;cnn73:motif_cnn73_hela_sequence_cnn_ig_029;cnn73:motif_cnn73_hela_sequence_cnn_ig_031;cnn73:motif_cnn73_hl60_sequence_cnn_ig_281;cnn73:motif_cnn73_hl60_sequence_cnn_ig_284,1.0,ok,
motif_cnn73_hct116_sequence_cnn_ig_117,cnn_kernel_variant,sequence|cnn_ig,24,3,cnn33;cnn53;cnn73,cnn33:motif_cnn33_hct116_sequence_cnn_ig_136;cnn33:motif_cnn33_hct116_sequence_cnn_ig_176;cnn33:motif_cnn33_hek293t_sequence_cnn_ig_290;cnn33:motif_cnn33_hek293t_sequence_cnn_ig_292;cnn33:motif_cnn33_hela_sequence_cnn_ig_025;cnn33:motif_cnn33_hela_sequence_cnn_ig_065;cnn33:motif_cnn33_hl60_sequence_cnn_ig_275;cnn33:motif_cnn33_hl60_sequence_cnn_ig_405;cnn53:motif_cnn53_hct116_sequence_cnn_ig_112;cnn53:motif_cnn53_hct116_sequence_cnn_ig_113;cnn53:motif_cnn53_hek293t_sequence_cnn_ig_293;cnn53:motif_cnn53_hek293t_sequence_cnn_ig_333;cnn53:motif_cnn53_hela_sequence_cnn_ig_027;cnn53:motif_cnn53_hela_sequence_cnn_ig_067;cnn53:motif_cnn53_hl60_sequence_cnn_ig_269;cnn53:motif_cnn53_hl60_sequence_cnn_ig_278;cnn73:motif_cnn73_hct116_sequence_cnn_ig_115;cnn73:motif_cnn73_hek293t_sequence_cnn_ig_295;cnn73:motif_cnn73_hek293t_sequence_cnn_ig_297;cnn73:motif_cnn73_hela_sequence_cnn_ig_029;cnn73:motif_cnn73_hela_sequence_cnn_ig_031;cnn73:motif_cnn73_hl60_sequence_cnn_ig_281;cnn73:motif_cnn73_hl60_sequence_cnn_ig_284,1.0,ok,
motif_cnn53_hela_sequence_cnn_ig_121,cnn_kernel_variant,sequence|cnn_ig,11,3,cnn33;cnn53;cnn73,cnn33:motif_cnn33_hct116_sequence_cnn_ig_223;cnn33:motif_cnn33_hct116_sequence_cnn_ig_270;cnn33:motif_cnn33_hct116_sequence_cnn_ig_271;cnn33:motif_cnn33_hela_sequence_cnn_ig_174;cnn53:motif_cnn53_hct116_sequence_cnn_ig_229;cnn53:motif_cnn53_hek293t_sequence_cnn_ig_507;cnn53:motif_cnn53_hek293t_sequence_cnn_ig_522;cnn73:motif_cnn73_hct116_sequence_cnn_ig_232;cnn73:motif_cnn73_hela_sequence_cnn_ig_123;cnn73:motif_cnn73_hela_sequence_cnn_ig_125,1.0,ok,
motif_cnn73_hela_sequence_cnn_ig_123,cnn_kernel_variant,sequence|cnn_ig,11,3,cnn33;cnn53;cnn73,cnn33:motif_cnn33_hct116_sequence_cnn_ig_223;cnn33:motif_cnn33_hct116_sequence_cnn_ig_270;cnn33:motif_cnn33_hct116_sequence_cnn_ig_271;cnn33:motif_cnn33_hela_sequence_cnn_ig_174;cnn53:motif_cnn53_hct116_sequence_cnn_ig_229;cnn53:motif_cnn53_hek293t_sequence_cnn_ig_507;cnn53:motif_cnn53_hek293t_sequence_cnn_ig_522;cnn53:motif_cnn53_hela_sequence_cnn_ig_121;cnn73:motif_cnn73_hct116_sequence_cnn_ig_232;cnn73:motif_cnn73_hela_sequence_cnn_ig_125,1.0,ok,
motif_cnn73_hela_sequence_cnn_ig_125,cnn_kernel_variant,sequence|cnn_ig,11,3,cnn33;cnn53;cnn73,cnn33:motif_cnn33_hct116_sequence_cnn_ig_223;cnn33:motif_cnn33_hct116_sequence_cnn_ig_270;cnn33:motif_cnn33_hct116_sequence_cnn_ig_271;cnn33:motif_cnn33_hela_sequence_cnn_ig_174;cnn53:motif_cnn53_hct116_sequence_cnn_ig_229;cnn53:motif_cnn53_hek293t_sequence_cnn_ig_507;cnn53:motif_cnn53_hek293t_sequence_cnn_ig_522;cnn53:motif_cnn53_hela_sequence_cnn_ig_121;cnn73:motif_cnn73_hct116_sequence_cnn_ig_232;cnn73:motif_cnn73_hela_sequence_cnn_ig_123,1.0,ok,
motif_cnn33_hct116_sequence_cnn_ig_126,cnn_kernel_variant,sequence|cnn_ig,24,3,cnn33;cnn53;cnn73,cnn33:motif_cnn33_hct116_sequence_cnn_ig_128;cnn33:motif_cnn33_hek293t_sequence_cnn_ig_261;cnn33:motif_cnn33_hek293t_sequence_cnn_ig_263;cnn33:motif_cnn33_hela_sequence_cnn_ig_033;cnn33:motif_cnn33_hela_sequence_cnn_ig_066;cnn33:motif_cnn33_hl60_sequence_cnn_ig_335;cnn33:motif_cnn33_hl60_sequence_cnn_ig_416;cnn53:motif_cnn53_hct116_sequence_cnn_ig_129;cnn53:motif_cnn53_hct116_sequence_cnn_ig_152;cnn53:motif_cnn53_hek293t_sequence_cnn_ig_264;cnn53:motif_cnn53_hek293t_sequence_cnn_ig_273;cnn53:motif_cnn53_hela_sequence_cnn_ig_036;cnn53:motif_cnn53_hela_sequence_cnn_ig_042;cnn53:motif_cnn53_hl60_sequence_cnn_ig_338;cnn53:motif_cnn53_hl60_sequence_cnn_ig_442;cnn73:motif_cnn73_hct116_sequence_cnn_ig_131;cnn73:motif_cnn73_hct116_sequence_cnn_ig_133;cnn73:motif_cnn73_hek293t_sequence_cnn_ig_266;cnn73:motif_cnn73_hek293t_sequence_cnn_ig_268;cnn73:motif_cnn73_hela_sequence_cnn_ig_038;cnn73:motif_cnn73_hela_sequence_cnn_ig_040;cnn73:motif_cnn73_hl60_sequence_cnn_ig_340;cnn73:motif_cnn73_hl60_sequence_cnn_ig_342,1.0,ok,
motif_cnn33_hct116_sequence_cnn_ig_128,cnn_kernel_variant,sequence|cnn_ig,24,3,cnn33;cnn53;cnn73,cnn33:motif_cnn33_hct116_sequence_cnn_ig_126;cnn33:motif_cnn33_hek293t_sequence_cnn_ig_261;cnn33:motif_cnn33_hek293t_sequence_cnn_ig_263;cnn33:motif_cnn33_hela_sequence_cnn_ig_033;cnn33:motif_cnn33_hela_sequence_cnn_ig_066;cnn33:motif_cnn33_hl60_sequence_cnn_ig_335;cnn33:motif_cnn33_hl60_sequence_cnn_ig_416;cnn53:motif_cnn53_hct116_sequence_cnn_ig_129;cnn53:motif_cnn53_hct116_sequence_cnn_ig_152;cnn53:motif_cnn53_hek293t_sequence_cnn_ig_264;cnn53:motif_cnn53_hek293t_sequence_cnn_ig_273;cnn53:motif_cnn53_hela_sequence_cnn_ig_036;cnn53:motif_cnn53_hela_sequence_cnn_ig_042;cnn53:motif_cnn53_hl60_sequence_cnn_ig_338;cnn53:motif_cnn53_hl60_sequence_cnn_ig_442;cnn73:motif_cnn73_hct116_sequence_cnn_ig_131;cnn73:motif_cnn73_hct116_sequence_cnn_ig_133;cnn73:motif_cnn73_hek293t_sequence_cnn_ig_266;cnn73:motif_cnn73_hek293t_sequence_cnn_ig_268;cnn73:motif_cnn73_hela_sequence_cnn_ig_038;cnn73:motif_cnn73_hela_sequence_cnn_ig_040;cnn73:motif_cnn73_hl60_sequence_cnn_ig_340;cnn73:motif_cnn73_hl60_sequence_cnn_ig_342,1.0,ok,
motif_cnn53_hct116_sequence_cnn_ig_129,cnn_kernel_variant,sequence|cnn_ig,24,3,cnn33;cnn53;cnn73,cnn33:motif_cnn33_hct116_sequence_cnn_ig_126;cnn33:motif_cnn33_hct116_sequence_cnn_ig_128;cnn33:motif_cnn33_hek293t_sequence_cnn_ig_261;cnn33:motif_cnn33_hek293t_sequence_cnn_ig_263;cnn33:motif_cnn33_hela_sequence_cnn_ig_033;cnn33:motif_cnn33_hela_sequence_cnn_ig_066;cnn33:motif_cnn33_hl60_sequence_cnn_ig_335;cnn33:motif_cnn33_hl60_sequence_cnn_ig_416;cnn53:motif_cnn53_hct116_sequence_cnn_ig_152;cnn53:motif_cnn53_hek293t_sequence_cnn_ig_264;cnn53:motif_cnn53_hek293t_sequence_cnn_ig_273;cnn53:motif_cnn53_hela_sequence_cnn_ig_036;cnn53:motif_cnn53_hela_sequence_cnn_ig_042;cnn53:motif_cnn53_hl60_sequence_cnn_ig_338;cnn53:motif_cnn53_hl60_sequence_cnn_ig_442;cnn73:motif_cnn73_hct116_sequence_cnn_ig_131;cnn73:motif_cnn73_hct116_sequence_cnn_ig_133;cnn73:motif_cnn73_hek293t_sequence_cnn_ig_266;cnn73:motif_cnn73_hek293t_sequence_cnn_ig_268;cnn73:motif_cnn73_hela_sequence_cnn_ig_038;cnn73:motif_cnn73_hela_sequence_cnn_ig_040;cnn73:motif_cnn73_hl60_sequence_cnn_ig_340;cnn73:motif_cnn73_hl60_sequence_cnn_ig_342,1.0,ok,
motif_cnn73_hct116_sequence_cnn_ig_131,cnn_kernel_variant,sequence|cnn_ig,24,3,cnn33;cnn53;cnn73,cnn33:motif_cnn33_hct116_sequence_cnn_ig_126;cnn33:motif_cnn33_hct116_sequence_cnn_ig_128;cnn33:motif_cnn33_hek293t_sequence_cnn_ig_261;cnn33:motif_cnn33_hek293t_sequence_cnn_ig_263;cnn33:motif_cnn33_hela_sequence_cnn_ig_033;cnn33:motif_cnn33_hela_sequence_cnn_ig_066;cnn33:motif_cnn33_hl60_sequence_cnn_ig_335;cnn33:motif_cnn33_hl60_sequence_cnn_ig_416;cnn53:motif_cnn53_hct116_sequence_cnn_ig_129;cnn53:motif_cnn53_hct116_sequence_cnn_ig_152;cnn53:motif_cnn53_hek293t_sequence_cnn_ig_264;cnn53:motif_cnn53_hek293t_sequence_cnn_ig_273;cnn53:motif_cnn53_hela_sequence_cnn_ig_036;cnn53:motif_cnn53_hela_sequence_cnn_ig_042;cnn53:motif_cnn53_hl60_sequence_cnn_ig_338;cnn53:motif_cnn53_hl60_sequence_cnn_ig_442;cnn73:motif_cnn73_hct116_sequence_cnn_ig_133;cnn73:motif_cnn73_hek293t_sequence_cnn_ig_266;cnn73:motif_cnn73_hek293t_sequence_cnn_ig_268;cnn73:motif_cnn73_hela_sequence_cnn_ig_038;cnn73:motif_cnn73_hela_sequence_cnn_ig_040;cnn73:motif_cnn73_hl60_sequence_cnn_ig_340;cnn73:motif_cnn73_hl60_sequence_cnn_ig_342,1.0,ok,
motif_cnn73_hct116_sequence_cnn_ig_133,cnn_kernel_variant,sequence|cnn_ig,24,3,cnn33;cnn53;cnn73,cnn33:motif_cnn33_hct116_sequence_cnn_ig_126;cnn33:motif_cnn33_hct116_sequence_cnn_ig_128;cnn33:motif_cnn33_hek293t_sequence_cnn_ig_261;cnn33:motif_cnn33_hek293t_sequence_cnn_ig_263;cnn33:motif_cnn33_hela_sequence_cnn_ig_033;cnn33:motif_cnn33_hela_sequence_cnn_ig_066;cnn33:motif_cnn33_hl60_sequence_cnn_ig_335;cnn33:motif_cnn33_hl60_sequence_cnn_ig_416;cnn53:motif_cnn53_hct116_sequence_cnn_ig_129;cnn53:motif_cnn53_hct116_sequence_cnn_ig_152;cnn53:motif_cnn53_hek293t_sequence_cnn_ig_264;cnn53:motif_cnn53_hek293t_sequence_cnn_ig_273;cnn53:motif_cnn53_hela_sequence_cnn_ig_036;cnn53:motif_cnn53_hela_sequence_cnn_ig_042;cnn53:motif_cnn53_hl60_sequence_cnn_ig_338;cnn53:motif_cnn53_hl60_sequence_cnn_ig_442;cnn73:motif_cnn73_hct116_sequence_cnn_ig_131;cnn73:motif_cnn73_hek293t_sequence_cnn_ig_266;cnn73:motif_cnn73_hek293t_sequence_cnn_ig_268;cnn73:motif_cnn73_hela_sequence_cnn_ig_038;cnn73:motif_cnn73_hela_sequence_cnn_ig_040;cnn73:motif_cnn73_hl60_sequence_cnn_ig_340;cnn73:motif_cnn73_hl60_sequence_cnn_ig_342,1.0,ok,
motif_cnn33_hct116_sequence_cnn_ig_136,cnn_kernel_variant,sequence|cnn_ig,24,3,cnn33;cnn53;cnn73,cnn33:motif_cnn33_hct116_sequence_cnn_ig_176;cnn33:motif_cnn33_hek293t_sequence_cnn_ig_290;cnn33:motif_cnn33_hek293t_sequence_cnn_ig_292;cnn33:motif_cnn33_hela_sequence_cnn_ig_025;cnn33:motif_cnn33_hela_sequence_cnn_ig_065;cnn33:motif_cnn33_hl60_sequence_cnn_ig_275;cnn33:motif_cnn33_hl60_sequence_cnn_ig_405;cnn53:motif_cnn53_hct116_sequence_cnn_ig_112;cnn53:motif_cnn53_hct116_sequence_cnn_ig_113;cnn53:motif_cnn53_hek293t_sequence_cnn_ig_293;cnn53:motif_cnn53_hek293t_sequence_cnn_ig_333;cnn53:motif_cnn53_hela_sequence_cnn_ig_027;cnn53:motif_cnn53_hela_sequence_cnn_ig_067;cnn53:motif_cnn53_hl60_sequence_cnn_ig_269;cnn53:motif_cnn53_hl60_sequence_cnn_ig_278;cnn73:motif_cnn73_hct116_sequence_cnn_ig_115;cnn73:motif_cnn73_hct116_sequence_cnn_ig_117;cnn73:motif_cnn73_hek293t_sequence_cnn_ig_295;cnn73:motif_cnn73_hek293t_sequence_cnn_ig_297;cnn73:motif_cnn73_hela_sequence_cnn_ig_029;cnn73:motif_cnn73_hela_sequence_cnn_ig_031;cnn73:motif_cnn73_hl60_sequence_cnn_ig_281;cnn73:motif_cnn73_hl60_sequence_cnn_ig_284,1.0,ok,
motif_cnn33_hct116_sequence_cnn_ig_138,cnn_kernel_variant,sequence|cnn_ig,22,3,cnn33;cnn53;cnn73,cnn33:motif_cnn33_hct116_sequence_cnn_ig_140;cnn33:motif_cnn33_hek293t_sequence_cnn_ig_370;cnn33:motif_cnn33_hek293t_sequence_cnn_ig_374;cnn33:motif_cnn33_hela_sequence_cnn_ig_044;cnn33:motif_cnn33_hela_sequence_cnn_ig_106;cnn33:motif_cnn33_hl60_sequence_cnn_ig_432;cnn53:motif_cnn53_hct116_sequence_cnn_ig_141;cnn53:motif_cnn53_hct116_sequence_cnn_ig_187;cnn53:motif_cnn53_hek293t_sequence_cnn_ig_376;cnn53:motif_cnn53_hela_sequence_cnn_ig_045;cnn53:motif_cnn53_hela_sequence_cnn_ig_054;cnn53:motif_cnn53_hl60_sequence_cnn_ig_436;cnn53:motif_cnn53_hl60_sequence_cnn_ig_445;cnn73:motif_cnn73_hct116_sequence_cnn_ig_144;cnn73:motif_cnn73_hct116_sequence_cnn_ig_146;cnn73:motif_cnn73_hek293t_sequence_cnn_ig_380;cnn73:motif_cnn73_hek293t_sequence_cnn_ig_382;cnn73:motif_cnn73_hela_sequence_cnn_ig_047;cnn73:motif_cnn73_hela_sequence_cnn_ig_049;cnn73:motif_cnn73_hl60_sequence_cnn_ig_438;cnn73:motif_cnn73_hl60_sequence_cnn_ig_440,1.0,ok,
motif_cnn33_hct116_sequence_cnn_ig_140,cnn_kernel_variant,sequence|cnn_ig,22,3,cnn33;cnn53;cnn73,cnn33:motif_cnn33_hct116_sequence_cnn_ig_138;cnn33:motif_cnn33_hek293t_sequence_cnn_ig_370;cnn33:motif_cnn33_hek293t_sequence_cnn_ig_374;cnn33:motif_cnn33_hela_sequence_cnn_ig_044;cnn33:motif_cnn33_hela_sequence_cnn_ig_106;cnn33:motif_cnn33_hl60_sequence_cnn_ig_432;cnn53:motif_cnn53_hct116_sequence_cnn_ig_141;cnn53:motif_cnn53_hct116_sequence_cnn_ig_187;cnn53:motif_cnn53_hek293t_sequence_cnn_ig_376;cnn53:motif_cnn53_hela_sequence_cnn_ig_045;cnn53:motif_cnn53_hela_sequence_cnn_ig_054;cnn53:motif_cnn53_hl60_sequence_cnn_ig_436;cnn53:motif_cnn53_hl60_sequence_cnn_ig_445;cnn73:motif_cnn73_hct116_sequence_cnn_ig_144;cnn73:motif_cnn73_hct116_sequence_cnn_ig_146;cnn73:motif_cnn73_hek293t_sequence_cnn_ig_380;cnn73:motif_cnn73_hek293t_sequence_cnn_ig_382;cnn73:motif_cnn73_hela_sequence_cnn_ig_047;cnn73:motif_cnn73_hela_sequence_cnn_ig_049;cnn73:motif_cnn73_hl60_sequence_cnn_ig_438;cnn73:motif_cnn73_hl60_sequence_cnn_ig_440,1.0,ok,
motif_cnn53_hct116_sequence_cnn_ig_141,cnn_kernel_variant,sequence|cnn_ig,22,3,cnn33;cnn53;cnn73,cnn33:motif_cnn33_hct116_sequence_cnn_ig_138;cnn33:motif_cnn33_hct116_sequence_cnn_ig_140;cnn33:motif_cnn33_hek293t_sequence_cnn_ig_370;cnn33:motif_cnn33_hek293t_sequence_cnn_ig_374;cnn33:motif_cnn33_hela_sequence_cnn_ig_044;cnn33:motif_cnn33_hela_sequence_cnn_ig_106;cnn33:motif_cnn33_hl60_sequence_cnn_ig_432;cnn53:motif_cnn53_hct116_sequence_cnn_ig_187;cnn53:motif_cnn53_hek293t_sequence_cnn_ig_376;cnn53:motif_cnn53_hela_sequence_cnn_ig_045;cnn53:motif_cnn53_hela_sequence_cnn_ig_054;cnn53:motif_cnn53_hl60_sequence_cnn_ig_436;cnn53:motif_cnn53_hl60_sequence_cnn_ig_445;cnn73:motif_cnn73_hct116_sequence_cnn_ig_144;cnn73:motif_cnn73_hct116_sequence_cnn_ig_146;cnn73:motif_cnn73_hek293t_sequence_cnn_ig_380;cnn73:motif_cnn73_hek293t_sequence_cnn_ig_382;cnn73:motif_cnn73_hela_sequence_cnn_ig_047;cnn73:motif_cnn73_hela_sequence_cnn_ig_049;cnn73:motif_cnn73_hl60_sequence_cnn_ig_438;cnn73:motif_cnn73_hl60_sequence_cnn_ig_440,1.0,ok,
motif_cnn73_hct116_sequence_cnn_ig_144,cnn_kernel_variant,sequence|cnn_ig,22,3,cnn33;cnn53;cnn73,cnn33:motif_cnn33_hct116_sequence_cnn_ig_138;cnn33:motif_cnn33_hct116_sequence_cnn_ig_140;cnn33:motif_cnn33_hek293t_sequence_cnn_ig_370;cnn33:motif_cnn33_hek293t_sequence_cnn_ig_374;cnn33:motif_cnn33_hela_sequence_cnn_ig_044;cnn33:motif_cnn33_hela_sequence_cnn_ig_106;cnn33:motif_cnn33_hl60_sequence_cnn_ig_432;cnn53:motif_cnn53_hct116_sequence_cnn_ig_141;cnn53:motif_cnn53_hct116_sequence_cnn_ig_187;cnn53:motif_cnn53_hek293t_sequence_cnn_ig_376;cnn53:motif_cnn53_hela_sequence_cnn_ig_045;cnn53:motif_cnn53_hela_sequence_cnn_ig_054;cnn53:motif_cnn53_hl60_sequence_cnn_ig_436;cnn53:motif_cnn53_hl60_sequence_cnn_ig_445;cnn73:motif_cnn73_hct116_sequence_cnn_ig_146;cnn73:motif_cnn73_hek293t_sequence_cnn_ig_380;cnn73:motif_cnn73_hek293t_sequence_cnn_ig_382;cnn73:motif_cnn73_hela_sequence_cnn_ig_047;cnn73:motif_cnn73_hela_sequence_cnn_ig_049;cnn73:motif_cnn73_hl60_sequence_cnn_ig_438;cnn73:motif_cnn73_hl60_sequence_cnn_ig_440,1.0,ok,
motif_cnn73_hct116_sequence_cnn_ig_146,cnn_kernel_variant,sequence|cnn_ig,22,3,cnn33;cnn53;cnn73,cnn33:motif_cnn33_hct116_sequence_cnn_ig_138;cnn33:motif_cnn33_hct116_sequence_cnn_ig_140;cnn33:motif_cnn33_hek293t_sequence_cnn_ig_370;cnn33:motif_cnn33_hek293t_sequence_cnn_ig_374;cnn33:motif_cnn33_hela_sequence_cnn_ig_044;cnn33:motif_cnn33_hela_sequence_cnn_ig_106;cnn33:motif_cnn33_hl60_sequence_cnn_ig_432;cnn53:motif_cnn53_hct116_sequence_cnn_ig_141;cnn53:motif_cnn53_hct116_sequence_cnn_ig_187;cnn53:motif_cnn53_hek293t_sequence_cnn_ig_376;cnn53:motif_cnn53_hela_sequence_cnn_ig_045;cnn53:motif_cnn53_hela_sequence_cnn_ig_054;cnn53:motif_cnn53_hl60_sequence_cnn_ig_436;cnn53:motif_cnn53_hl60_sequence_cnn_ig_445;cnn73:motif_cnn73_hct116_sequence_cnn_ig_144;cnn73:motif_cnn73_hek293t_sequence_cnn_ig_380;cnn73:motif_cnn73_hek293t_sequence_cnn_ig_382;cnn73:motif_cnn73_hela_sequence_cnn_ig_047;cnn73:motif_cnn73_hela_sequence_cnn_ig_049;cnn73:motif_cnn73_hl60_sequence_cnn_ig_438;cnn73:motif_cnn73_hl60_sequence_cnn_ig_440,1.0,ok,
motif_cnn33_hela_sequence_cnn_ig_147,cnn_kernel_variant,sequence|cnn_ig,1,3,cnn33,,1.0,ok,
motif_cnn53_hct116_sequence_cnn_ig_152,cnn_kernel_variant,sequence|cnn_ig,24,3,cnn33;cnn53;cnn73,cnn33:motif_cnn33_hct116_sequence_cnn_ig_126;cnn33:motif_cnn33_hct116_sequence_cnn_ig_128;cnn33:motif_cnn33_hek293t_sequence_cnn_ig_261;cnn33:motif_cnn33_hek293t_sequence_cnn_ig_263;cnn33:motif_cnn33_hela_sequence_cnn_ig_033;cnn33:motif_cnn33_hela_sequence_cnn_ig_066;cnn33:motif_cnn33_hl60_sequence_cnn_ig_335;cnn33:motif_cnn33_hl60_sequence_cnn_ig_416;cnn53:motif_cnn53_hct116_sequence_cnn_ig_129;cnn53:motif_cnn53_hek293t_sequence_cnn_ig_264;cnn53:motif_cnn53_hek293t_sequence_cnn_ig_273;cnn53:motif_cnn53_hela_sequence_cnn_ig_036;cnn53:motif_cnn53_hela_sequence_cnn_ig_042;cnn53:motif_cnn53_hl60_sequence_cnn_ig_338;cnn53:motif_cnn53_hl60_sequence_cnn_ig_442;cnn73:motif_cnn73_hct116_sequence_cnn_ig_131;cnn73:motif_cnn73_hct116_sequence_cnn_ig_133;cnn73:motif_cnn73_hek293t_sequence_cnn_ig_266;cnn73:motif_cnn73_hek293t_sequence_cnn_ig_268;cnn73:motif_cnn73_hela_sequence_cnn_ig_038;cnn73:motif_cnn73_hela_sequence_cnn_ig_040;cnn73:motif_cnn73_hl60_sequence_cnn_ig_340;cnn73:motif_cnn73_hl60_sequence_cnn_ig_342,1.0,ok,
motif_cnn33_hela_sequence_cnn_ig_161,cnn_kernel_variant,sequence|cnn_ig,2,3,cnn33,cnn33:motif_cnn33_hela_sequence_cnn_ig_174,1.0,ok,
motif_cnn33_hela_sequence_cnn_ig_162,cnn_kernel_variant,sequence|cnn_ig,4,3,cnn33;cnn53,cnn33:motif_cnn33_hct116_sequence_cnn_ig_312;cnn33:motif_cnn33_hl60_sequence_cnn_ig_462;cnn53:motif_cnn53_hela_sequence_cnn_ig_180,1.0,ok,
motif_cnn53_hct116_sequence_cnn_ig_166,cnn_kernel_variant,sequence|cnn_ig,22,3,cnn33;cnn53;cnn73,cnn33:motif_cnn33_hct116_sequence_cnn_ig_189;cnn33:motif_cnn33_hct116_sequence_cnn_ig_222;cnn33:motif_cnn33_hek293t_sequence_cnn_ig_361;cnn33:motif_cnn33_hek293t_sequence_cnn_ig_363;cnn33:motif_cnn33_hela_sequence_cnn_ig_057;cnn33:motif_cnn33_hela_sequence_cnn_ig_085;cnn33:motif_cnn33_hl60_sequence_cnn_ig_301;cnn53:motif_cnn53_hct116_sequence_cnn_ig_167;cnn53:motif_cnn53_hek293t_sequence_cnn_ig_364;cnn53:motif_cnn53_hela_sequence_cnn_ig_059;cnn53:motif_cnn53_hela_sequence_cnn_ig_084;cnn53:motif_cnn53_hl60_sequence_cnn_ig_287;cnn53:motif_cnn53_hl60_sequence_cnn_ig_303;cnn73:motif_cnn73_hct116_sequence_cnn_ig_169;cnn73:motif_cnn73_hct116_sequence_cnn_ig_171;cnn73:motif_cnn73_hek293t_sequence_cnn_ig_366;cnn73:motif_cnn73_hek293t_sequence_cnn_ig_368;cnn73:motif_cnn73_hela_sequence_cnn_ig_061;cnn73:motif_cnn73_hela_sequence_cnn_ig_063;cnn73:motif_cnn73_hl60_sequence_cnn_ig_306;cnn73:motif_cnn73_hl60_sequence_cnn_ig_308,1.0,ok,
motif_cnn53_hct116_sequence_cnn_ig_167,cnn_kernel_variant,sequence|cnn_ig,22,3,cnn33;cnn53;cnn73,cnn33:motif_cnn33_hct116_sequence_cnn_ig_189;cnn33:motif_cnn33_hct116_sequence_cnn_ig_222;cnn33:motif_cnn33_hek293t_sequence_cnn_ig_361;cnn33:motif_cnn33_hek293t_sequence_cnn_ig_363;cnn33:motif_cnn33_hela_sequence_cnn_ig_057;cnn33:motif_cnn33_hela_sequence_cnn_ig_085;cnn33:motif_cnn33_hl60_sequence_cnn_ig_301;cnn53:motif_cnn53_hct116_sequence_cnn_ig_166;cnn53:motif_cnn53_hek293t_sequence_cnn_ig_364;cnn53:motif_cnn53_hela_sequence_cnn_ig_059;cnn53:motif_cnn53_hela_sequence_cnn_ig_084;cnn53:motif_cnn53_hl60_sequence_cnn_ig_287;cnn53:motif_cnn53_hl60_sequence_cnn_ig_303;cnn73:motif_cnn73_hct116_sequence_cnn_ig_169;cnn73:motif_cnn73_hct116_sequence_cnn_ig_171;cnn73:motif_cnn73_hek293t_sequence_cnn_ig_366;cnn73:motif_cnn73_hek293t_sequence_cnn_ig_368;cnn73:motif_cnn73_hela_sequence_cnn_ig_061;cnn73:motif_cnn73_hela_sequence_cnn_ig_063;cnn73:motif_cnn73_hl60_sequence_cnn_ig_306;cnn73:motif_cnn73_hl60_sequence_cnn_ig_308,1.0,ok,
motif_cnn73_hct116_sequence_cnn_ig_169,cnn_kernel_variant,sequence|cnn_ig,22,3,cnn33;cnn53;cnn73,cnn33:motif_cnn33_hct116_sequence_cnn_ig_189;cnn33:motif_cnn33_hct116_sequence_cnn_ig_222;cnn33:motif_cnn33_hek293t_sequence_cnn_ig_361;cnn33:motif_cnn33_hek293t_sequence_cnn_ig_363;cnn33:motif_cnn33_hela_sequence_cnn_ig_057;cnn33:motif_cnn33_hela_sequence_cnn_ig_085;cnn33:motif_cnn33_hl60_sequence_cnn_ig_301;cnn53:motif_cnn53_hct116_sequence_cnn_ig_166;cnn53:motif_cnn53_hct116_sequence_cnn_ig_167;cnn53:motif_cnn53_hek293t_sequence_cnn_ig_364;cnn53:motif_cnn53_hela_sequence_cnn_ig_059;cnn53:motif_cnn53_hela_sequence_cnn_ig_084;cnn53:motif_cnn53_hl60_sequence_cnn_ig_287;cnn53:motif_cnn53_hl60_sequence_cnn_ig_303;cnn73:motif_cnn73_hct116_sequence_cnn_ig_171;cnn73:motif_cnn73_hek293t_sequence_cnn_ig_366;cnn73:motif_cnn73_hek293t_sequence_cnn_ig_368;cnn73:motif_cnn73_hela_sequence_cnn_ig_061;cnn73:motif_cnn73_hela_sequence_cnn_ig_063;cnn73:motif_cnn73_hl60_sequence_cnn_ig_306;cnn73:motif_cnn73_hl60_sequence_cnn_ig_308,1.0,ok,
motif_cnn73_hct116_sequence_cnn_ig_171,cnn_kernel_variant,sequence|cnn_ig,22,3,cnn33;cnn53;cnn73,cnn33:motif_cnn33_hct116_sequence_cnn_ig_189;cnn33:motif_cnn33_hct116_sequence_cnn_ig_222;cnn33:motif_cnn33_hek293t_sequence_cnn_ig_361;cnn33:motif_cnn33_hek293t_sequence_cnn_ig_363;cnn33:motif_cnn33_hela_sequence_cnn_ig_057;cnn33:motif_cnn33_hela_sequence_cnn_ig_085;cnn33:motif_cnn33_hl60_sequence_cnn_ig_301;cnn53:motif_cnn53_hct116_sequence_cnn_ig_166;cnn53:motif_cnn53_hct116_sequence_cnn_ig_167;cnn53:motif_cnn53_hek293t_sequence_cnn_ig_364;cnn53:motif_cnn53_hela_sequence_cnn_ig_059;cnn53:motif_cnn53_hela_sequence_cnn_ig_084;cnn53:motif_cnn53_hl60_sequence_cnn_ig_287;cnn53:motif_cnn53_hl60_sequence_cnn_ig_303;cnn73:motif_cnn73_hct116_sequence_cnn_ig_169;cnn73:motif_cnn73_hek293t_sequence_cnn_ig_366;cnn73:motif_cnn73_hek293t_sequence_cnn_ig_368;cnn73:motif_cnn73_hela_sequence_cnn_ig_061;cnn73:motif_cnn73_hela_sequence_cnn_ig_063;cnn73:motif_cnn73_hl60_sequence_cnn_ig_306;cnn73:motif_cnn73_hl60_sequence_cnn_ig_308,1.0,ok,
motif_cnn33_hela_sequence_cnn_ig_174,cnn_kernel_variant,sequence|cnn_ig,9,3,cnn33;cnn53;cnn73,cnn33:motif_cnn33_hct116_sequence_cnn_ig_223;cnn33:motif_cnn33_hela_sequence_cnn_ig_161;cnn53:motif_cnn53_hct116_sequence_cnn_ig_229;cnn53:motif_cnn53_hek293t_sequence_cnn_ig_507;cnn53:motif_cnn53_hela_sequence_cnn_ig_121;cnn73:motif_cnn73_hct116_sequence_cnn_ig_232;cnn73:motif_cnn73_hela_sequence_cnn_ig_123;cnn73:motif_cnn73_hela_sequence_cnn_ig_125,1.0,ok,
motif_cnn33_hct116_sequence_cnn_ig_176,cnn_kernel_variant,sequence|cnn_ig,24,3,cnn33;cnn53;cnn73,cnn33:motif_cnn33_hct116_sequence_cnn_ig_136;cnn33:motif_cnn33_hek293t_sequence_cnn_ig_290;cnn33:motif_cnn33_hek293t_sequence_cnn_ig_292;cnn33:motif_cnn33_hela_sequence_cnn_ig_025;cnn33:motif_cnn33_hela_sequence_cnn_ig_065;cnn33:motif_cnn33_hl60_sequence_cnn_ig_275;cnn33:motif_cnn33_hl60_sequence_cnn_ig_405;cnn53:motif_cnn53_hct116_sequence_cnn_ig_112;cnn53:motif_cnn53_hct116_sequence_cnn_ig_113;cnn53:motif_cnn53_hek293t_sequence_cnn_ig_293;cnn53:motif_cnn53_hek293t_sequence_cnn_ig_333;cnn53:motif_cnn53_hela_sequence_cnn_ig_027;cnn53:motif_cnn53_hela_sequence_cnn_ig_067;cnn53:motif_cnn53_hl60_sequence_cnn_ig_269;cnn53:motif_cnn53_hl60_sequence_cnn_ig_278;cnn73:motif_cnn73_hct116_sequence_cnn_ig_115;cnn73:motif_cnn73_hct116_sequence_cnn_ig_117;cnn73:motif_cnn73_hek293t_sequence_cnn_ig_295;cnn73:motif_cnn73_hek293t_sequence_cnn_ig_297;cnn73:motif_cnn73_hela_sequence_cnn_ig_029;cnn73:motif_cnn73_hela_sequence_cnn_ig_031;cnn73:motif_cnn73_hl60_sequence_cnn_ig_281;cnn73:motif_cnn73_hl60_sequence_cnn_ig_284,1.0,ok,
motif_cnn53_hela_sequence_cnn_ig_180,cnn_kernel_variant,sequence|cnn_ig,4,3,cnn33;cnn53,cnn33:motif_cnn33_hct116_sequence_cnn_ig_312;cnn33:motif_cnn33_hela_sequence_cnn_ig_162;cnn33:motif_cnn33_hl60_sequence_cnn_ig_462,1.0,ok,
motif_cnn53_hct116_sequence_cnn_ig_187,cnn_kernel_variant,sequence|cnn_ig,22,3,cnn33;cnn53;cnn73,cnn33:motif_cnn33_hct116_sequence_cnn_ig_138;cnn33:motif_cnn33_hct116_sequence_cnn_ig_140;cnn33:motif_cnn33_hek293t_sequence_cnn_ig_370;cnn33:motif_cnn33_hek293t_sequence_cnn_ig_374;cnn33:motif_cnn33_hela_sequence_cnn_ig_044;cnn33:motif_cnn33_hela_sequence_cnn_ig_106;cnn33:motif_cnn33_hl60_sequence_cnn_ig_432;cnn53:motif_cnn53_hct116_sequence_cnn_ig_141;cnn53:motif_cnn53_hek293t_sequence_cnn_ig_376;cnn53:motif_cnn53_hela_sequence_cnn_ig_045;cnn53:motif_cnn53_hela_sequence_cnn_ig_054;cnn53:motif_cnn53_hl60_sequence_cnn_ig_436;cnn53:motif_cnn53_hl60_sequence_cnn_ig_445;cnn73:motif_cnn73_hct116_sequence_cnn_ig_144;cnn73:motif_cnn73_hct116_sequence_cnn_ig_146;cnn73:motif_cnn73_hek293t_sequence_cnn_ig_380;cnn73:motif_cnn73_hek293t_sequence_cnn_ig_382;cnn73:motif_cnn73_hela_sequence_cnn_ig_047;cnn73:motif_cnn73_hela_sequence_cnn_ig_049;cnn73:motif_cnn73_hl60_sequence_cnn_ig_438;cnn73:motif_cnn73_hl60_sequence_cnn_ig_440,1.0,ok,
motif_cnn33_hct116_sequence_cnn_ig_189,cnn_kernel_variant,sequence|cnn_ig,22,3,cnn33;cnn53;cnn73,cnn33:motif_cnn33_hct116_sequence_cnn_ig_222;cnn33:motif_cnn33_hek293t_sequence_cnn_ig_361;cnn33:motif_cnn33_hek293t_sequence_cnn_ig_363;cnn33:motif_cnn33_hela_sequence_cnn_ig_057;cnn33:motif_cnn33_hela_sequence_cnn_ig_085;cnn33:motif_cnn33_hl60_sequence_cnn_ig_301;cnn53:motif_cnn53_hct116_sequence_cnn_ig_166;cnn53:motif_cnn53_hct116_sequence_cnn_ig_167;cnn53:motif_cnn53_hek293t_sequence_cnn_ig_364;cnn53:motif_cnn53_hela_sequence_cnn_ig_059;cnn53:motif_cnn53_hela_sequence_cnn_ig_084;cnn53:motif_cnn53_hl60_sequence_cnn_ig_287;cnn53:motif_cnn53_hl60_sequence_cnn_ig_303;cnn73:motif_cnn73_hct116_sequence_cnn_ig_169;cnn73:motif_cnn73_hct116_sequence_cnn_ig_171;cnn73:motif_cnn73_hek293t_sequence_cnn_ig_366;cnn73:motif_cnn73_hek293t_sequence_cnn_ig_368;cnn73:motif_cnn73_hela_sequence_cnn_ig_061;cnn73:motif_cnn73_hela_sequence_cnn_ig_063;cnn73:motif_cnn73_hl60_sequence_cnn_ig_306;cnn73:motif_cnn73_hl60_sequence_cnn_ig_308,1.0,ok,
motif_cnn53_hct116_sequence_cnn_ig_192,cnn_kernel_variant,sequence|cnn_ig,11,3,cnn33;cnn53;cnn73,cnn33:motif_cnn33_hct116_sequence_cnn_ig_286;cnn33:motif_cnn33_hela_sequence_cnn_ig_086;cnn53:motif_cnn53_hct116_sequence_cnn_ig_218;cnn53:motif_cnn53_hek293t_sequence_cnn_ig_456;cnn53:motif_cnn53_hela_sequence_cnn_ig_107;cnn53:motif_cnn53_hela_sequence_cnn_ig_108;cnn73:motif_cnn73_hct116_sequence_cnn_ig_194;cnn73:motif_cnn73_hct116_sequence_cnn_ig_196;cnn73:motif_cnn73_hela_sequence_cnn_ig_088;cnn73:motif_cnn73_hela_sequence_cnn_ig_090,1.0,ok,
motif_cnn73_hct116_sequence_cnn_ig_194,cnn_kernel_variant,sequence|cnn_ig,11,3,cnn33;cnn53;cnn73,cnn33:motif_cnn33_hct116_sequence_cnn_ig_286;cnn33:motif_cnn33_hela_sequence_cnn_ig_086;cnn53:motif_cnn53_hct116_sequence_cnn_ig_192;cnn53:motif_cnn53_hct116_sequence_cnn_ig_218;cnn53:motif_cnn53_hek293t_sequence_cnn_ig_456;cnn53:motif_cnn53_hela_sequence_cnn_ig_107;cnn53:motif_cnn53_hela_sequence_cnn_ig_108;cnn73:motif_cnn73_hct116_sequence_cnn_ig_196;cnn73:motif_cnn73_hela_sequence_cnn_ig_088;cnn73:motif_cnn73_hela_sequence_cnn_ig_090,1.0,ok,
motif_cnn73_hct116_sequence_cnn_ig_196,cnn_kernel_variant,sequence|cnn_ig,11,3,cnn33;cnn53;cnn73,cnn33:motif_cnn33_hct116_sequence_cnn_ig_286;cnn33:motif_cnn33_hela_sequence_cnn_ig_086;cnn53:motif_cnn53_hct116_sequence_cnn_ig_192;cnn53:motif_cnn53_hct116_sequence_cnn_ig_218;cnn53:motif_cnn53_hek293t_sequence_cnn_ig_456;cnn53:motif_cnn53_hela_sequence_cnn_ig_107;cnn53:motif_cnn53_hela_sequence_cnn_ig_108;cnn73:motif_cnn73_hct116_sequence_cnn_ig_194;cnn73:motif_cnn73_hela_sequence_cnn_ig_088;cnn73:motif_cnn73_hela_sequence_cnn_ig_090,1.0,ok,
motif_cnn33_hek293t_sequence_cnn_ig_205,cnn_kernel_variant,sequence|cnn_ig,21,3,cnn33;cnn53;cnn73,cnn33:motif_cnn33_hct116_sequence_cnn_ig_072;cnn33:motif_cnn33_hct116_sequence_cnn_ig_074;cnn33:motif_cnn33_hek293t_sequence_cnn_ig_208;cnn33:motif_cnn33_hela_sequence_cnn_ig_001;cnn33:motif_cnn33_hl60_sequence_cnn_ig_248;cnn53:motif_cnn53_hct116_sequence_cnn_ig_076;cnn53:motif_cnn53_hct116_sequence_cnn_ig_078;cnn53:motif_cnn53_hek293t_sequence_cnn_ig_209;cnn53:motif_cnn53_hela_sequence_cnn_ig_003;cnn53:motif_cnn53_hela_sequence_cnn_ig_010;cnn53:motif_cnn53_hl60_sequence_cnn_ig_251;cnn53:motif_cnn53_hl60_sequence_cnn_ig_254;cnn73:motif_cnn73_hct116_sequence_cnn_ig_080;cnn73:motif_cnn73_hct116_sequence_cnn_ig_082;cnn73:motif_cnn73_hek293t_sequence_cnn_ig_212;cnn73:motif_cnn73_hek293t_sequence_cnn_ig_214;cnn73:motif_cnn73_hela_sequence_cnn_ig_005;cnn73:motif_cnn73_hela_sequence_cnn_ig_007;cnn73:motif_cnn73_hl60_sequence_cnn_ig_256;cnn73:motif_cnn73_hl60_sequence_cnn_ig_258,1.0,ok,
motif_cnn33_hek293t_sequence_cnn_ig_208,cnn_kernel_variant,sequence|cnn_ig,21,3,cnn33;cnn53;cnn73,cnn33:motif_cnn33_hct116_sequence_cnn_ig_072;cnn33:motif_cnn33_hct116_sequence_cnn_ig_074;cnn33:motif_cnn33_hek293t_sequence_cnn_ig_205;cnn33:motif_cnn33_hela_sequence_cnn_ig_001;cnn33:motif_cnn33_hl60_sequence_cnn_ig_248;cnn53:motif_cnn53_hct116_sequence_cnn_ig_076;cnn53:motif_cnn53_hct116_sequence_cnn_ig_078;cnn53:motif_cnn53_hek293t_sequence_cnn_ig_209;cnn53:motif_cnn53_hela_sequence_cnn_ig_003;cnn53:motif_cnn53_hela_sequence_cnn_ig_010;cnn53:motif_cnn53_hl60_sequence_cnn_ig_251;cnn53:motif_cnn53_hl60_sequence_cnn_ig_254;cnn73:motif_cnn73_hct116_sequence_cnn_ig_080;cnn73:motif_cnn73_hct116_sequence_cnn_ig_082;cnn73:motif_cnn73_hek293t_sequence_cnn_ig_212;cnn73:motif_cnn73_hek293t_sequence_cnn_ig_214;cnn73:motif_cnn73_hela_sequence_cnn_ig_005;cnn73:motif_cnn73_hela_sequence_cnn_ig_007;cnn73:motif_cnn73_hl60_sequence_cnn_ig_256;cnn73:motif_cnn73_hl60_sequence_cnn_ig_258,1.0,ok,
motif_cnn53_hek293t_sequence_cnn_ig_209,cnn_kernel_variant,sequence|cnn_ig,21,3,cnn33;cnn53;cnn73,cnn33:motif_cnn33_hct116_sequence_cnn_ig_072;cnn33:motif_cnn33_hct116_sequence_cnn_ig_074;cnn33:motif_cnn33_hek293t_sequence_cnn_ig_205;cnn33:motif_cnn33_hek293t_sequence_cnn_ig_208;cnn33:motif_cnn33_hela_sequence_cnn_ig_001;cnn33:motif_cnn33_hl60_sequence_cnn_ig_248;cnn53:motif_cnn53_hct116_sequence_cnn_ig_076;cnn53:motif_cnn53_hct116_sequence_cnn_ig_078;cnn53:motif_cnn53_hela_sequence_cnn_ig_003;cnn53:motif_cnn53_hela_sequence_cnn_ig_010;cnn53:motif_cnn53_hl60_sequence_cnn_ig_251;cnn53:motif_cnn53_hl60_sequence_cnn_ig_254;cnn73:motif_cnn73_hct116_sequence_cnn_ig_080;cnn73:motif_cnn73_hct116_sequence_cnn_ig_082;cnn73:motif_cnn73_hek293t_sequence_cnn_ig_212;cnn73:motif_cnn73_hek293t_sequence_cnn_ig_214;cnn73:motif_cnn73_hela_sequence_cnn_ig_005;cnn73:motif_cnn73_hela_sequence_cnn_ig_007;cnn73:motif_cnn73_hl60_sequence_cnn_ig_256;cnn73:motif_cnn73_hl60_sequence_cnn_ig_258,1.0,ok,
motif_cnn73_hek293t_sequence_cnn_ig_212,cnn_kernel_variant,sequence|cnn_ig,21,3,cnn33;cnn53;cnn73,cnn33:motif_cnn33_hct116_sequence_cnn_ig_072;cnn33:motif_cnn33_hct116_sequence_cnn_ig_074;cnn33:motif_cnn33_hek293t_sequence_cnn_ig_205;cnn33:motif_cnn33_hek293t_sequence_cnn_ig_208;cnn33:motif_cnn33_hela_sequence_cnn_ig_001;cnn33:motif_cnn33_hl60_sequence_cnn_ig_248;cnn53:motif_cnn53_hct116_sequence_cnn_ig_076;cnn53:motif_cnn53_hct116_sequence_cnn_ig_078;cnn53:motif_cnn53_hek293t_sequence_cnn_ig_209;cnn53:motif_cnn53_hela_sequence_cnn_ig_003;cnn53:motif_cnn53_hela_sequence_cnn_ig_010;cnn53:motif_cnn53_hl60_sequence_cnn_ig_251;cnn53:motif_cnn53_hl60_sequence_cnn_ig_254;cnn73:motif_cnn73_hct116_sequence_cnn_ig_080;cnn73:motif_cnn73_hct116_sequence_cnn_ig_082;cnn73:motif_cnn73_hek293t_sequence_cnn_ig_214;cnn73:motif_cnn73_hela_sequence_cnn_ig_005;cnn73:motif_cnn73_hela_sequence_cnn_ig_007;cnn73:motif_cnn73_hl60_sequence_cnn_ig_256;cnn73:motif_cnn73_hl60_sequence_cnn_ig_258,1.0,ok,
motif_cnn73_hek293t_sequence_cnn_ig_214,cnn_kernel_variant,sequence|cnn_ig,21,3,cnn33;cnn53;cnn73,cnn33:motif_cnn33_hct116_sequence_cnn_ig_072;cnn33:motif_cnn33_hct116_sequence_cnn_ig_074;cnn33:motif_cnn33_hek293t_sequence_cnn_ig_205;cnn33:motif_cnn33_hek293t_sequence_cnn_ig_208;cnn33:motif_cnn33_hela_sequence_cnn_ig_001;cnn33:motif_cnn33_hl60_sequence_cnn_ig_248;cnn53:motif_cnn53_hct116_sequence_cnn_ig_076;cnn53:motif_cnn53_hct116_sequence_cnn_ig_078;cnn53:motif_cnn53_hek293t_sequence_cnn_ig_209;cnn53:motif_cnn53_hela_sequence_cnn_ig_003;cnn53:motif_cnn53_hela_sequence_cnn_ig_010;cnn53:motif_cnn53_hl60_sequence_cnn_ig_251;cnn53:motif_cnn53_hl60_sequence_cnn_ig_254;cnn73:motif_cnn73_hct116_sequence_cnn_ig_080;cnn73:motif_cnn73_hct116_sequence_cnn_ig_082;cnn73:motif_cnn73_hek293t_sequence_cnn_ig_212;cnn73:motif_cnn73_hela_sequence_cnn_ig_005;cnn73:motif_cnn73_hela_sequence_cnn_ig_007;cnn73:motif_cnn73_hl60_sequence_cnn_ig_256;cnn73:motif_cnn73_hl60_sequence_cnn_ig_258,1.0,ok,
motif_cnn53_hct116_sequence_cnn_ig_218,cnn_kernel_variant,sequence|cnn_ig,11,3,cnn33;cnn53;cnn73,cnn33:motif_cnn33_hct116_sequence_cnn_ig_286;cnn33:motif_cnn33_hela_sequence_cnn_ig_086;cnn53:motif_cnn53_hct116_sequence_cnn_ig_192;cnn53:motif_cnn53_hek293t_sequence_cnn_ig_456;cnn53:motif_cnn53_hela_sequence_cnn_ig_107;cnn53:motif_cnn53_hela_sequence_cnn_ig_108;cnn73:motif_cnn73_hct116_sequence_cnn_ig_194;cnn73:motif_cnn73_hct116_sequence_cnn_ig_196;cnn73:motif_cnn73_hela_sequence_cnn_ig_088;cnn73:motif_cnn73_hela_sequence_cnn_ig_090,1.0,ok,
motif_cnn33_hct116_sequence_cnn_ig_222,cnn_kernel_variant,sequence|cnn_ig,22,3,cnn33;cnn53;cnn73,cnn33:motif_cnn33_hct116_sequence_cnn_ig_189;cnn33:motif_cnn33_hek293t_sequence_cnn_ig_361;cnn33:motif_cnn33_hek293t_sequence_cnn_ig_363;cnn33:motif_cnn33_hela_sequence_cnn_ig_057;cnn33:motif_cnn33_hela_sequence_cnn_ig_085;cnn33:motif_cnn33_hl60_sequence_cnn_ig_301;cnn53:motif_cnn53_hct116_sequence_cnn_ig_166;cnn53:motif_cnn53_hct116_sequence_cnn_ig_167;cnn53:motif_cnn53_hek293t_sequence_cnn_ig_364;cnn53:motif_cnn53_hela_sequence_cnn_ig_059;cnn53:motif_cnn53_hela_sequence_cnn_ig_084;cnn53:motif_cnn53_hl60_sequence_cnn_ig_287;cnn53:motif_cnn53_hl60_sequence_cnn_ig_303;cnn73:motif_cnn73_hct116_sequence_cnn_ig_169;cnn73:motif_cnn73_hct116_sequence_cnn_ig_171;cnn73:motif_cnn73_hek293t_sequence_cnn_ig_366;cnn73:motif_cnn73_hek293t_sequence_cnn_ig_368;cnn73:motif_cnn73_hela_sequence_cnn_ig_061;cnn73:motif_cnn73_hela_sequence_cnn_ig_063;cnn73:motif_cnn73_hl60_sequence_cnn_ig_306;cnn73:motif_cnn73_hl60_sequence_cnn_ig_308,1.0,ok,
motif_cnn33_hct116_sequence_cnn_ig_223,cnn_kernel_variant,sequence|cnn_ig,11,3,cnn33;cnn53;cnn73,cnn33:motif_cnn33_hct116_sequence_cnn_ig_270;cnn33:motif_cnn33_hct116_sequence_cnn_ig_271;cnn33:motif_cnn33_hela_sequence_cnn_ig_174;cnn53:motif_cnn53_hct116_sequence_cnn_ig_229;cnn53:motif_cnn53_hek293t_sequence_cnn_ig_507;cnn53:motif_cnn53_hek293t_sequence_cnn_ig_522;cnn53:motif_cnn53_hela_sequence_cnn_ig_121;cnn73:motif_cnn73_hct116_sequence_cnn_ig_232;cnn73:motif_cnn73_hela_sequence_cnn_ig_123;cnn73:motif_cnn73_hela_sequence_cnn_ig_125,1.0,ok,
motif_cnn33_hek293t_sequence_cnn_ig_225,cnn_kernel_variant,sequence|cnn_ig,23,3,cnn33;cnn53;cnn73,cnn33:motif_cnn33_hct116_sequence_cnn_ig_095;cnn33:motif_cnn33_hek293t_sequence_cnn_ig_228;cnn33:motif_cnn33_hela_sequence_cnn_ig_012;cnn33:motif_cnn33_hela_sequence_cnn_ig_013;cnn33:motif_cnn33_hl60_sequence_cnn_ig_311;cnn33:motif_cnn33_hl60_sequence_cnn_ig_314;cnn53:motif_cnn53_hct116_sequence_cnn_ig_098;cnn53:motif_cnn53_hct116_sequence_cnn_ig_100;cnn53:motif_cnn53_hek293t_sequence_cnn_ig_230;cnn53:motif_cnn53_hek293t_sequence_cnn_ig_252;cnn53:motif_cnn53_hela_sequence_cnn_ig_015;cnn53:motif_cnn53_hela_sequence_cnn_ig_024;cnn53:motif_cnn53_hl60_sequence_cnn_ig_316;cnn53:motif_cnn53_hl60_sequence_cnn_ig_344;cnn73:motif_cnn73_hct116_sequence_cnn_ig_102;cnn73:motif_cnn73_hct116_sequence_cnn_ig_104;cnn73:motif_cnn73_hek293t_sequence_cnn_ig_234;cnn73:motif_cnn73_hek293t_sequence_cnn_ig_236;cnn73:motif_cnn73_hela_sequence_cnn_ig_018;cnn73:motif_cnn73_hela_sequence_cnn_ig_020;cnn73:motif_cnn73_hl60_sequence_cnn_ig_318;cnn73:motif_cnn73_hl60_sequence_cnn_ig_320,1.0,ok,
motif_cnn33_hek293t_sequence_cnn_ig_228,cnn_kernel_variant,sequence|cnn_ig,23,3,cnn33;cnn53;cnn73,cnn33:motif_cnn33_hct116_sequence_cnn_ig_095;cnn33:motif_cnn33_hek293t_sequence_cnn_ig_225;cnn33:motif_cnn33_hela_sequence_cnn_ig_012;cnn33:motif_cnn33_hela_sequence_cnn_ig_013;cnn33:motif_cnn33_hl60_sequence_cnn_ig_311;cnn33:motif_cnn33_hl60_sequence_cnn_ig_314;cnn53:motif_cnn53_hct116_sequence_cnn_ig_098;cnn53:motif_cnn53_hct116_sequence_cnn_ig_100;cnn53:motif_cnn53_hek293t_sequence_cnn_ig_230;cnn53:motif_cnn53_hek293t_sequence_cnn_ig_252;cnn53:motif_cnn53_hela_sequence_cnn_ig_015;cnn53:motif_cnn53_hela_sequence_cnn_ig_024;cnn53:motif_cnn53_hl60_sequence_cnn_ig_316;cnn53:motif_cnn53_hl60_sequence_cnn_ig_344;cnn73:motif_cnn73_hct116_sequence_cnn_ig_102;cnn73:motif_cnn73_hct116_sequence_cnn_ig_104;cnn73:motif_cnn73_hek293t_sequence_cnn_ig_234;cnn73:motif_cnn73_hek293t_sequence_cnn_ig_236;cnn73:motif_cnn73_hela_sequence_cnn_ig_018;cnn73:motif_cnn73_hela_sequence_cnn_ig_020;cnn73:motif_cnn73_hl60_sequence_cnn_ig_318;cnn73:motif_cnn73_hl60_sequence_cnn_ig_320,1.0,ok,
motif_cnn53_hct116_sequence_cnn_ig_229,cnn_kernel_variant,sequence|cnn_ig,11,3,cnn33;cnn53;cnn73,cnn33:motif_cnn33_hct116_sequence_cnn_ig_223;cnn33:motif_cnn33_hct116_sequence_cnn_ig_270;cnn33:motif_cnn33_hct116_sequence_cnn_ig_271;cnn33:motif_cnn33_hela_sequence_cnn_ig_174;cnn53:motif_cnn53_hek293t_sequence_cnn_ig_507;cnn53:motif_cnn53_hek293t_sequence_cnn_ig_522;cnn53:motif_cnn53_hela_sequence_cnn_ig_121;cnn73:motif_cnn73_hct116_sequence_cnn_ig_232;cnn73:motif_cnn73_hela_sequence_cnn_ig_123;cnn73:motif_cnn73_hela_sequence_cnn_ig_125,1.0,ok,
motif_cnn53_hek293t_sequence_cnn_ig_230,cnn_kernel_variant,sequence|cnn_ig,23,3,cnn33;cnn53;cnn73,cnn33:motif_cnn33_hct116_sequence_cnn_ig_095;cnn33:motif_cnn33_hek293t_sequence_cnn_ig_225;cnn33:motif_cnn33_hek293t_sequence_cnn_ig_228;cnn33:motif_cnn33_hela_sequence_cnn_ig_012;cnn33:motif_cnn33_hela_sequence_cnn_ig_013;cnn33:motif_cnn33_hl60_sequence_cnn_ig_311;cnn33:motif_cnn33_hl60_sequence_cnn_ig_314;cnn53:motif_cnn53_hct116_sequence_cnn_ig_098;cnn53:motif_cnn53_hct116_sequence_cnn_ig_100;cnn53:motif_cnn53_hek293t_sequence_cnn_ig_252;cnn53:motif_cnn53_hela_sequence_cnn_ig_015;cnn53:motif_cnn53_hela_sequence_cnn_ig_024;cnn53:motif_cnn53_hl60_sequence_cnn_ig_316;cnn53:motif_cnn53_hl60_sequence_cnn_ig_344;cnn73:motif_cnn73_hct116_sequence_cnn_ig_102;cnn73:motif_cnn73_hct116_sequence_cnn_ig_104;cnn73:motif_cnn73_hek293t_sequence_cnn_ig_234;cnn73:motif_cnn73_hek293t_sequence_cnn_ig_236;cnn73:motif_cnn73_hela_sequence_cnn_ig_018;cnn73:motif_cnn73_hela_sequence_cnn_ig_020;cnn73:motif_cnn73_hl60_sequence_cnn_ig_318;cnn73:motif_cnn73_hl60_sequence_cnn_ig_320,1.0,ok,
motif_cnn73_hct116_sequence_cnn_ig_232,cnn_kernel_variant,sequence|cnn_ig,11,3,cnn33;cnn53;cnn73,cnn33:motif_cnn33_hct116_sequence_cnn_ig_223;cnn33:motif_cnn33_hct116_sequence_cnn_ig_270;cnn33:motif_cnn33_hct116_sequence_cnn_ig_271;cnn33:motif_cnn33_hela_sequence_cnn_ig_174;cnn53:motif_cnn53_hct116_sequence_cnn_ig_229;cnn53:motif_cnn53_hek293t_sequence_cnn_ig_507;cnn53:motif_cnn53_hek293t_sequence_cnn_ig_522;cnn53:motif_cnn53_hela_sequence_cnn_ig_121;cnn73:motif_cnn73_hela_sequence_cnn_ig_123;cnn73:motif_cnn73_hela_sequence_cnn_ig_125,1.0,ok,
motif_cnn73_hek293t_sequence_cnn_ig_234,cnn_kernel_variant,sequence|cnn_ig,23,3,cnn33;cnn53;cnn73,cnn33:motif_cnn33_hct116_sequence_cnn_ig_095;cnn33:motif_cnn33_hek293t_sequence_cnn_ig_225;cnn33:motif_cnn33_hek293t_sequence_cnn_ig_228;cnn33:motif_cnn33_hela_sequence_cnn_ig_012;cnn33:motif_cnn33_hela_sequence_cnn_ig_013;cnn33:motif_cnn33_hl60_sequence_cnn_ig_311;cnn33:motif_cnn33_hl60_sequence_cnn_ig_314;cnn53:motif_cnn53_hct116_sequence_cnn_ig_098;cnn53:motif_cnn53_hct116_sequence_cnn_ig_100;cnn53:motif_cnn53_hek293t_sequence_cnn_ig_230;cnn53:motif_cnn53_hek293t_sequence_cnn_ig_252;cnn53:motif_cnn53_hela_sequence_cnn_ig_015;cnn53:motif_cnn53_hela_sequence_cnn_ig_024;cnn53:motif_cnn53_hl60_sequence_cnn_ig_316;cnn53:motif_cnn53_hl60_sequence_cnn_ig_344;cnn73:motif_cnn73_hct116_sequence_cnn_ig_102;cnn73:motif_cnn73_hct116_sequence_cnn_ig_104;cnn73:motif_cnn73_hek293t_sequence_cnn_ig_236;cnn73:motif_cnn73_hela_sequence_cnn_ig_018;cnn73:motif_cnn73_hela_sequence_cnn_ig_020;cnn73:motif_cnn73_hl60_sequence_cnn_ig_318;cnn73:motif_cnn73_hl60_sequence_cnn_ig_320,1.0,ok,
motif_cnn73_hek293t_sequence_cnn_ig_236,cnn_kernel_variant,sequence|cnn_ig,23,3,cnn33;cnn53;cnn73,cnn33:motif_cnn33_hct116_sequence_cnn_ig_095;cnn33:motif_cnn33_hek293t_sequence_cnn_ig_225;cnn33:motif_cnn33_hek293t_sequence_cnn_ig_228;cnn33:motif_cnn33_hela_sequence_cnn_ig_012;cnn33:motif_cnn33_hela_sequence_cnn_ig_013;cnn33:motif_cnn33_hl60_sequence_cnn_ig_311;cnn33:motif_cnn33_hl60_sequence_cnn_ig_314;cnn53:motif_cnn53_hct116_sequence_cnn_ig_098;cnn53:motif_cnn53_hct116_sequence_cnn_ig_100;cnn53:motif_cnn53_hek293t_sequence_cnn_ig_230;cnn53:motif_cnn53_hek293t_sequence_cnn_ig_252;cnn53:motif_cnn53_hela_sequence_cnn_ig_015;cnn53:motif_cnn53_hela_sequence_cnn_ig_024;cnn53:motif_cnn53_hl60_sequence_cnn_ig_316;cnn53:motif_cnn53_hl60_sequence_cnn_ig_344;cnn73:motif_cnn73_hct116_sequence_cnn_ig_102;cnn73:motif_cnn73_hct116_sequence_cnn_ig_104;cnn73:motif_cnn73_hek293t_sequence_cnn_ig_234;cnn73:motif_cnn73_hela_sequence_cnn_ig_018;cnn73:motif_cnn73_hela_sequence_cnn_ig_020;cnn73:motif_cnn73_hl60_sequence_cnn_ig_318;cnn73:motif_cnn73_hl60_sequence_cnn_ig_320,1.0,ok,
motif_cnn53_hct116_sequence_cnn_ig_240,cnn_kernel_variant,sequence|cnn_ig,8,3,cnn33;cnn53;cnn73,cnn33:motif_cnn33_hl60_sequence_cnn_ig_394;cnn33:motif_cnn33_hl60_sequence_cnn_ig_458;cnn53:motif_cnn53_hl60_sequence_cnn_ig_393;cnn53:motif_cnn53_hl60_sequence_cnn_ig_398;cnn73:motif_cnn73_hct116_sequence_cnn_ig_242;cnn73:motif_cnn73_hl60_sequence_cnn_ig_401;cnn73:motif_cnn73_hl60_sequence_cnn_ig_403,1.0,ok,
motif_cnn73_hct116_sequence_cnn_ig_242,cnn_kernel_variant,sequence|cnn_ig,8,3,cnn33;cnn53;cnn73,cnn33:motif_cnn33_hl60_sequence_cnn_ig_394;cnn33:motif_cnn33_hl60_sequence_cnn_ig_458;cnn53:motif_cnn53_hct116_sequence_cnn_ig_240;cnn53:motif_cnn53_hl60_sequence_cnn_ig_393;cnn53:motif_cnn53_hl60_sequence_cnn_ig_398;cnn73:motif_cnn73_hl60_sequence_cnn_ig_401;cnn73:motif_cnn73_hl60_sequence_cnn_ig_403,1.0,ok,
motif_cnn33_hl60_sequence_cnn_ig_248,cnn_kernel_variant,sequence|cnn_ig,21,3,cnn33;cnn53;cnn73,cnn33:motif_cnn33_hct116_sequence_cnn_ig_072;cnn33:motif_cnn33_hct116_sequence_cnn_ig_074;cnn33:motif_cnn33_hek293t_sequence_cnn_ig_205;cnn33:motif_cnn33_hek293t_sequence_cnn_ig_208;cnn33:motif_cnn33_hela_sequence_cnn_ig_001;cnn53:motif_cnn53_hct116_sequence_cnn_ig_076;cnn53:motif_cnn53_hct116_sequence_cnn_ig_078;cnn53:motif_cnn53_hek293t_sequence_cnn_ig_209;cnn53:motif_cnn53_hela_sequence_cnn_ig_003;cnn53:motif_cnn53_hela_sequence_cnn_ig_010;cnn53:motif_cnn53_hl60_sequence_cnn_ig_251;cnn53:motif_cnn53_hl60_sequence_cnn_ig_254;cnn73:motif_cnn73_hct116_sequence_cnn_ig_080;cnn73:motif_cnn73_hct116_sequence_cnn_ig_082;cnn73:motif_cnn73_hek293t_sequence_cnn_ig_212;cnn73:motif_cnn73_hek293t_sequence_cnn_ig_214;cnn73:motif_cnn73_hela_sequence_cnn_ig_005;cnn73:motif_cnn73_hela_sequence_cnn_ig_007;cnn73:motif_cnn73_hl60_sequence_cnn_ig_256;cnn73:motif_cnn73_hl60_sequence_cnn_ig_258,1.0,ok,
motif_cnn53_hl60_sequence_cnn_ig_251,cnn_kernel_variant,sequence|cnn_ig,21,3,cnn33;cnn53;cnn73,cnn33:motif_cnn33_hct116_sequence_cnn_ig_072;cnn33:motif_cnn33_hct116_sequence_cnn_ig_074;cnn33:motif_cnn33_hek293t_sequence_cnn_ig_205;cnn33:motif_cnn33_hek293t_sequence_cnn_ig_208;cnn33:motif_cnn33_hela_sequence_cnn_ig_001;cnn33:motif_cnn33_hl60_sequence_cnn_ig_248;cnn53:motif_cnn53_hct116_sequence_cnn_ig_076;cnn53:motif_cnn53_hct116_sequence_cnn_ig_078;cnn53:motif_cnn53_hek293t_sequence_cnn_ig_209;cnn53:motif_cnn53_hela_sequence_cnn_ig_003;cnn53:motif_cnn53_hela_sequence_cnn_ig_010;cnn53:motif_cnn53_hl60_sequence_cnn_ig_254;cnn73:motif_cnn73_hct116_sequence_cnn_ig_080;cnn73:motif_cnn73_hct116_sequence_cnn_ig_082;cnn73:motif_cnn73_hek293t_sequence_cnn_ig_212;cnn73:motif_cnn73_hek293t_sequence_cnn_ig_214;cnn73:motif_cnn73_hela_sequence_cnn_ig_005;cnn73:motif_cnn73_hela_sequence_cnn_ig_007;cnn73:motif_cnn73_hl60_sequence_cnn_ig_256;cnn73:motif_cnn73_hl60_sequence_cnn_ig_258,1.0,ok,
motif_cnn53_hek293t_sequence_cnn_ig_252,cnn_kernel_variant,sequence|cnn_ig,23,3,cnn33;cnn53;cnn73,cnn33:motif_cnn33_hct116_sequence_cnn_ig_095;cnn33:motif_cnn33_hek293t_sequence_cnn_ig_225;cnn33:motif_cnn33_hek293t_sequence_cnn_ig_228;cnn33:motif_cnn33_hela_sequence_cnn_ig_012;cnn33:motif_cnn33_hela_sequence_cnn_ig_013;cnn33:motif_cnn33_hl60_sequence_cnn_ig_311;cnn33:motif_cnn33_hl60_sequence_cnn_ig_314;cnn53:motif_cnn53_hct116_sequence_cnn_ig_098;cnn53:motif_cnn53_hct116_sequence_cnn_ig_100;cnn53:motif_cnn53_hek293t_sequence_cnn_ig_230;cnn53:motif_cnn53_hela_sequence_cnn_ig_015;cnn53:motif_cnn53_hela_sequence_cnn_ig_024;cnn53:motif_cnn53_hl60_sequence_cnn_ig_316;cnn53:motif_cnn53_hl60_sequence_cnn_ig_344;cnn73:motif_cnn73_hct116_sequence_cnn_ig_102;cnn73:motif_cnn73_hct116_sequence_cnn_ig_104;cnn73:motif_cnn73_hek293t_sequence_cnn_ig_234;cnn73:motif_cnn73_hek293t_sequence_cnn_ig_236;cnn73:motif_cnn73_hela_sequence_cnn_ig_018;cnn73:motif_cnn73_hela_sequence_cnn_ig_020;cnn73:motif_cnn73_hl60_sequence_cnn_ig_318;cnn73:motif_cnn73_hl60_sequence_cnn_ig_320,1.0,ok,
motif_cnn53_hl60_sequence_cnn_ig_254,cnn_kernel_variant,sequence|cnn_ig,21,3,cnn33;cnn53;cnn73,cnn33:motif_cnn33_hct116_sequence_cnn_ig_072;cnn33:motif_cnn33_hct116_sequence_cnn_ig_074;cnn33:motif_cnn33_hek293t_sequence_cnn_ig_205;cnn33:motif_cnn33_hek293t_sequence_cnn_ig_208;cnn33:motif_cnn33_hela_sequence_cnn_ig_001;cnn33:motif_cnn33_hl60_sequence_cnn_ig_248;cnn53:motif_cnn53_hct116_sequence_cnn_ig_076;cnn53:motif_cnn53_hct116_sequence_cnn_ig_078;cnn53:motif_cnn53_hek293t_sequence_cnn_ig_209;cnn53:motif_cnn53_hela_sequence_cnn_ig_003;cnn53:motif_cnn53_hela_sequence_cnn_ig_010;cnn53:motif_cnn53_hl60_sequence_cnn_ig_251;cnn73:motif_cnn73_hct116_sequence_cnn_ig_080;cnn73:motif_cnn73_hct116_sequence_cnn_ig_082;cnn73:motif_cnn73_hek293t_sequence_cnn_ig_212;cnn73:motif_cnn73_hek293t_sequence_cnn_ig_214;cnn73:motif_cnn73_hela_sequence_cnn_ig_005;cnn73:motif_cnn73_hela_sequence_cnn_ig_007;cnn73:motif_cnn73_hl60_sequence_cnn_ig_256;cnn73:motif_cnn73_hl60_sequence_cnn_ig_258,1.0,ok,
motif_cnn73_hl60_sequence_cnn_ig_256,cnn_kernel_variant,sequence|cnn_ig,21,3,cnn33;cnn53;cnn73,cnn33:motif_cnn33_hct116_sequence_cnn_ig_072;cnn33:motif_cnn33_hct116_sequence_cnn_ig_074;cnn33:motif_cnn33_hek293t_sequence_cnn_ig_205;cnn33:motif_cnn33_hek293t_sequence_cnn_ig_208;cnn33:motif_cnn33_hela_sequence_cnn_ig_001;cnn33:motif_cnn33_hl60_sequence_cnn_ig_248;cnn53:motif_cnn53_hct116_sequence_cnn_ig_076;cnn53:motif_cnn53_hct116_sequence_cnn_ig_078;cnn53:motif_cnn53_hek293t_sequence_cnn_ig_209;cnn53:motif_cnn53_hela_sequence_cnn_ig_003;cnn53:motif_cnn53_hela_sequence_cnn_ig_010;cnn53:motif_cnn53_hl60_sequence_cnn_ig_251;cnn53:motif_cnn53_hl60_sequence_cnn_ig_254;cnn73:motif_cnn73_hct116_sequence_cnn_ig_080;cnn73:motif_cnn73_hct116_sequence_cnn_ig_082;cnn73:motif_cnn73_hek293t_sequence_cnn_ig_212;cnn73:motif_cnn73_hek293t_sequence_cnn_ig_214;cnn73:motif_cnn73_hela_sequence_cnn_ig_005;cnn73:motif_cnn73_hela_sequence_cnn_ig_007;cnn73:motif_cnn73_hl60_sequence_cnn_ig_258,1.0,ok,
motif_cnn73_hl60_sequence_cnn_ig_258,cnn_kernel_variant,sequence|cnn_ig,21,3,cnn33;cnn53;cnn73,cnn33:motif_cnn33_hct116_sequence_cnn_ig_072;cnn33:motif_cnn33_hct116_sequence_cnn_ig_074;cnn33:motif_cnn33_hek293t_sequence_cnn_ig_205;cnn33:motif_cnn33_hek293t_sequence_cnn_ig_208;cnn33:motif_cnn33_hela_sequence_cnn_ig_001;cnn33:motif_cnn33_hl60_sequence_cnn_ig_248;cnn53:motif_cnn53_hct116_sequence_cnn_ig_076;cnn53:motif_cnn53_hct116_sequence_cnn_ig_078;cnn53:motif_cnn53_hek293t_sequence_cnn_ig_209;cnn53:motif_cnn53_hela_sequence_cnn_ig_003;cnn53:motif_cnn53_hela_sequence_cnn_ig_010;cnn53:motif_cnn53_hl60_sequence_cnn_ig_251;cnn53:motif_cnn53_hl60_sequence_cnn_ig_254;cnn73:motif_cnn73_hct116_sequence_cnn_ig_080;cnn73:motif_cnn73_hct116_sequence_cnn_ig_082;cnn73:motif_cnn73_hek293t_sequence_cnn_ig_212;cnn73:motif_cnn73_hek293t_sequence_cnn_ig_214;cnn73:motif_cnn73_hela_sequence_cnn_ig_005;cnn73:motif_cnn73_hela_sequence_cnn_ig_007;cnn73:motif_cnn73_hl60_sequence_cnn_ig_256,1.0,ok,
motif_cnn33_hek293t_sequence_cnn_ig_261,cnn_kernel_variant,sequence|cnn_ig,24,3,cnn33;cnn53;cnn73,cnn33:motif_cnn33_hct116_sequence_cnn_ig_126;cnn33:motif_cnn33_hct116_sequence_cnn_ig_128;cnn33:motif_cnn33_hek293t_sequence_cnn_ig_263;cnn33:motif_cnn33_hela_sequence_cnn_ig_033;cnn33:motif_cnn33_hela_sequence_cnn_ig_066;cnn33:motif_cnn33_hl60_sequence_cnn_ig_335;cnn33:motif_cnn33_hl60_sequence_cnn_ig_416;cnn53:motif_cnn53_hct116_sequence_cnn_ig_129;cnn53:motif_cnn53_hct116_sequence_cnn_ig_152;cnn53:motif_cnn53_hek293t_sequence_cnn_ig_264;cnn53:motif_cnn53_hek293t_sequence_cnn_ig_273;cnn53:motif_cnn53_hela_sequence_cnn_ig_036;cnn53:motif_cnn53_hela_sequence_cnn_ig_042;cnn53:motif_cnn53_hl60_sequence_cnn_ig_338;cnn53:motif_cnn53_hl60_sequence_cnn_ig_442;cnn73:motif_cnn73_hct116_sequence_cnn_ig_131;cnn73:motif_cnn73_hct116_sequence_cnn_ig_133;cnn73:motif_cnn73_hek293t_sequence_cnn_ig_266;cnn73:motif_cnn73_hek293t_sequence_cnn_ig_268;cnn73:motif_cnn73_hela_sequence_cnn_ig_038;cnn73:motif_cnn73_hela_sequence_cnn_ig_040;cnn73:motif_cnn73_hl60_sequence_cnn_ig_340;cnn73:motif_cnn73_hl60_sequence_cnn_ig_342,1.0,ok,
motif_cnn33_hek293t_sequence_cnn_ig_263,cnn_kernel_variant,sequence|cnn_ig,24,3,cnn33;cnn53;cnn73,cnn33:motif_cnn33_hct116_sequence_cnn_ig_126;cnn33:motif_cnn33_hct116_sequence_cnn_ig_128;cnn33:motif_cnn33_hek293t_sequence_cnn_ig_261;cnn33:motif_cnn33_hela_sequence_cnn_ig_033;cnn33:motif_cnn33_hela_sequence_cnn_ig_066;cnn33:motif_cnn33_hl60_sequence_cnn_ig_335;cnn33:motif_cnn33_hl60_sequence_cnn_ig_416;cnn53:motif_cnn53_hct116_sequence_cnn_ig_129;cnn53:motif_cnn53_hct116_sequence_cnn_ig_152;cnn53:motif_cnn53_hek293t_sequence_cnn_ig_264;cnn53:motif_cnn53_hek293t_sequence_cnn_ig_273;cnn53:motif_cnn53_hela_sequence_cnn_ig_036;cnn53:motif_cnn53_hela_sequence_cnn_ig_042;cnn53:motif_cnn53_hl60_sequence_cnn_ig_338;cnn53:motif_cnn53_hl60_sequence_cnn_ig_442;cnn73:motif_cnn73_hct116_sequence_cnn_ig_131;cnn73:motif_cnn73_hct116_sequence_cnn_ig_133;cnn73:motif_cnn73_hek293t_sequence_cnn_ig_266;cnn73:motif_cnn73_hek293t_sequence_cnn_ig_268;cnn73:motif_cnn73_hela_sequence_cnn_ig_038;cnn73:motif_cnn73_hela_sequence_cnn_ig_040;cnn73:motif_cnn73_hl60_sequence_cnn_ig_340;cnn73:motif_cnn73_hl60_sequence_cnn_ig_342,1.0,ok,
motif_cnn53_hek293t_sequence_cnn_ig_264,cnn_kernel_variant,sequence|cnn_ig,24,3,cnn33;cnn53;cnn73,cnn33:motif_cnn33_hct116_sequence_cnn_ig_126;cnn33:motif_cnn33_hct116_sequence_cnn_ig_128;cnn33:motif_cnn33_hek293t_sequence_cnn_ig_261;cnn33:motif_cnn33_hek293t_sequence_cnn_ig_263;cnn33:motif_cnn33_hela_sequence_cnn_ig_033;cnn33:motif_cnn33_hela_sequence_cnn_ig_066;cnn33:motif_cnn33_hl60_sequence_cnn_ig_335;cnn33:motif_cnn33_hl60_sequence_cnn_ig_416;cnn53:motif_cnn53_hct116_sequence_cnn_ig_129;cnn53:motif_cnn53_hct116_sequence_cnn_ig_152;cnn53:motif_cnn53_hek293t_sequence_cnn_ig_273;cnn53:motif_cnn53_hela_sequence_cnn_ig_036;cnn53:motif_cnn53_hela_sequence_cnn_ig_042;cnn53:motif_cnn53_hl60_sequence_cnn_ig_338;cnn53:motif_cnn53_hl60_sequence_cnn_ig_442;cnn73:motif_cnn73_hct116_sequence_cnn_ig_131;cnn73:motif_cnn73_hct116_sequence_cnn_ig_133;cnn73:motif_cnn73_hek293t_sequence_cnn_ig_266;cnn73:motif_cnn73_hek293t_sequence_cnn_ig_268;cnn73:motif_cnn73_hela_sequence_cnn_ig_038;cnn73:motif_cnn73_hela_sequence_cnn_ig_040;cnn73:motif_cnn73_hl60_sequence_cnn_ig_340;cnn73:motif_cnn73_hl60_sequence_cnn_ig_342,1.0,ok,
motif_cnn73_hek293t_sequence_cnn_ig_266,cnn_kernel_variant,sequence|cnn_ig,24,3,cnn33;cnn53;cnn73,cnn33:motif_cnn33_hct116_sequence_cnn_ig_126;cnn33:motif_cnn33_hct116_sequence_cnn_ig_128;cnn33:motif_cnn33_hek293t_sequence_cnn_ig_261;cnn33:motif_cnn33_hek293t_sequence_cnn_ig_263;cnn33:motif_cnn33_hela_sequence_cnn_ig_033;cnn33:motif_cnn33_hela_sequence_cnn_ig_066;cnn33:motif_cnn33_hl60_sequence_cnn_ig_335;cnn33:motif_cnn33_hl60_sequence_cnn_ig_416;cnn53:motif_cnn53_hct116_sequence_cnn_ig_129;cnn53:motif_cnn53_hct116_sequence_cnn_ig_152;cnn53:motif_cnn53_hek293t_sequence_cnn_ig_264;cnn53:motif_cnn53_hek293t_sequence_cnn_ig_273;cnn53:motif_cnn53_hela_sequence_cnn_ig_036;cnn53:motif_cnn53_hela_sequence_cnn_ig_042;cnn53:motif_cnn53_hl60_sequence_cnn_ig_338;cnn53:motif_cnn53_hl60_sequence_cnn_ig_442;cnn73:motif_cnn73_hct116_sequence_cnn_ig_131;cnn73:motif_cnn73_hct116_sequence_cnn_ig_133;cnn73:motif_cnn73_hek293t_sequence_cnn_ig_268;cnn73:motif_cnn73_hela_sequence_cnn_ig_038;cnn73:motif_cnn73_hela_sequence_cnn_ig_040;cnn73:motif_cnn73_hl60_sequence_cnn_ig_340;cnn73:motif_cnn73_hl60_sequence_cnn_ig_342,1.0,ok,
motif_cnn73_hek293t_sequence_cnn_ig_268,cnn_kernel_variant,sequence|cnn_ig,24,3,cnn33;cnn53;cnn73,cnn33:motif_cnn33_hct116_sequence_cnn_ig_126;cnn33:motif_cnn33_hct116_sequence_cnn_ig_128;cnn33:motif_cnn33_hek293t_sequence_cnn_ig_261;cnn33:motif_cnn33_hek293t_sequence_cnn_ig_263;cnn33:motif_cnn33_hela_sequence_cnn_ig_033;cnn33:motif_cnn33_hela_sequence_cnn_ig_066;cnn33:motif_cnn33_hl60_sequence_cnn_ig_335;cnn33:motif_cnn33_hl60_sequence_cnn_ig_416;cnn53:motif_cnn53_hct116_sequence_cnn_ig_129;cnn53:motif_cnn53_hct116_sequence_cnn_ig_152;cnn53:motif_cnn53_hek293t_sequence_cnn_ig_264;cnn53:motif_cnn53_hek293t_sequence_cnn_ig_273;cnn53:motif_cnn53_hela_sequence_cnn_ig_036;cnn53:motif_cnn53_hela_sequence_cnn_ig_042;cnn53:motif_cnn53_hl60_sequence_cnn_ig_338;cnn53:motif_cnn53_hl60_sequence_cnn_ig_442;cnn73:motif_cnn73_hct116_sequence_cnn_ig_131;cnn73:motif_cnn73_hct116_sequence_cnn_ig_133;cnn73:motif_cnn73_hek293t_sequence_cnn_ig_266;cnn73:motif_cnn73_hela_sequence_cnn_ig_038;cnn73:motif_cnn73_hela_sequence_cnn_ig_040;cnn73:motif_cnn73_hl60_sequence_cnn_ig_340;cnn73:motif_cnn73_hl60_sequence_cnn_ig_342,1.0,ok,
motif_cnn53_hl60_sequence_cnn_ig_269,cnn_kernel_variant,sequence|cnn_ig,24,3,cnn33;cnn53;cnn73,cnn33:motif_cnn33_hct116_sequence_cnn_ig_136;cnn33:motif_cnn33_hct116_sequence_cnn_ig_176;cnn33:motif_cnn33_hek293t_sequence_cnn_ig_290;cnn33:motif_cnn33_hek293t_sequence_cnn_ig_292;cnn33:motif_cnn33_hela_sequence_cnn_ig_025;cnn33:motif_cnn33_hela_sequence_cnn_ig_065;cnn33:motif_cnn33_hl60_sequence_cnn_ig_275;cnn33:motif_cnn33_hl60_sequence_cnn_ig_405;cnn53:motif_cnn53_hct116_sequence_cnn_ig_112;cnn53:motif_cnn53_hct116_sequence_cnn_ig_113;cnn53:motif_cnn53_hek293t_sequence_cnn_ig_293;cnn53:motif_cnn53_hek293t_sequence_cnn_ig_333;cnn53:motif_cnn53_hela_sequence_cnn_ig_027;cnn53:motif_cnn53_hela_sequence_cnn_ig_067;cnn53:motif_cnn53_hl60_sequence_cnn_ig_278;cnn73:motif_cnn73_hct116_sequence_cnn_ig_115;cnn73:motif_cnn73_hct116_sequence_cnn_ig_117;cnn73:motif_cnn73_hek293t_sequence_cnn_ig_295;cnn73:motif_cnn73_hek293t_sequence_cnn_ig_297;cnn73:motif_cnn73_hela_sequence_cnn_ig_029;cnn73:motif_cnn73_hela_sequence_cnn_ig_031;cnn73:motif_cnn73_hl60_sequence_cnn_ig_281;cnn73:motif_cnn73_hl60_sequence_cnn_ig_284,1.0,ok,
motif_cnn33_hct116_sequence_cnn_ig_270,cnn_kernel_variant,sequence|cnn_ig,10,3,cnn33;cnn53;cnn73,cnn33:motif_cnn33_hct116_sequence_cnn_ig_223;cnn33:motif_cnn33_hct116_sequence_cnn_ig_271;cnn53:motif_cnn53_hct116_sequence_cnn_ig_229;cnn53:motif_cnn53_hek293t_sequence_cnn_ig_507;cnn53:motif_cnn53_hek293t_sequence_cnn_ig_522;cnn53:motif_cnn53_hela_sequence_cnn_ig_121;cnn73:motif_cnn73_hct116_sequence_cnn_ig_232;cnn73:motif_cnn73_hela_sequence_cnn_ig_123;cnn73:motif_cnn73_hela_sequence_cnn_ig_125,1.0,ok,
motif_cnn33_hct116_sequence_cnn_ig_271,cnn_kernel_variant,sequence|cnn_ig,10,3,cnn33;cnn53;cnn73,cnn33:motif_cnn33_hct116_sequence_cnn_ig_223;cnn33:motif_cnn33_hct116_sequence_cnn_ig_270;cnn53:motif_cnn53_hct116_sequence_cnn_ig_229;cnn53:motif_cnn53_hek293t_sequence_cnn_ig_507;cnn53:motif_cnn53_hek293t_sequence_cnn_ig_522;cnn53:motif_cnn53_hela_sequence_cnn_ig_121;cnn73:motif_cnn73_hct116_sequence_cnn_ig_232;cnn73:motif_cnn73_hela_sequence_cnn_ig_123;cnn73:motif_cnn73_hela_sequence_cnn_ig_125,1.0,ok,
motif_cnn53_hek293t_sequence_cnn_ig_273,cnn_kernel_variant,sequence|cnn_ig,24,3,cnn33;cnn53;cnn73,cnn33:motif_cnn33_hct116_sequence_cnn_ig_126;cnn33:motif_cnn33_hct116_sequence_cnn_ig_128;cnn33:motif_cnn33_hek293t_sequence_cnn_ig_261;cnn33:motif_cnn33_hek293t_sequence_cnn_ig_263;cnn33:motif_cnn33_hela_sequence_cnn_ig_033;cnn33:motif_cnn33_hela_sequence_cnn_ig_066;cnn33:motif_cnn33_hl60_sequence_cnn_ig_335;cnn33:motif_cnn33_hl60_sequence_cnn_ig_416;cnn53:motif_cnn53_hct116_sequence_cnn_ig_129;cnn53:motif_cnn53_hct116_sequence_cnn_ig_152;cnn53:motif_cnn53_hek293t_sequence_cnn_ig_264;cnn53:motif_cnn53_hela_sequence_cnn_ig_036;cnn53:motif_cnn53_hela_sequence_cnn_ig_042;cnn53:motif_cnn53_hl60_sequence_cnn_ig_338;cnn53:motif_cnn53_hl60_sequence_cnn_ig_442;cnn73:motif_cnn73_hct116_sequence_cnn_ig_131;cnn73:motif_cnn73_hct116_sequence_cnn_ig_133;cnn73:motif_cnn73_hek293t_sequence_cnn_ig_266;cnn73:motif_cnn73_hek293t_sequence_cnn_ig_268;cnn73:motif_cnn73_hela_sequence_cnn_ig_038;cnn73:motif_cnn73_hela_sequence_cnn_ig_040;cnn73:motif_cnn73_hl60_sequence_cnn_ig_340;cnn73:motif_cnn73_hl60_sequence_cnn_ig_342,1.0,ok,
motif_cnn33_hl60_sequence_cnn_ig_275,cnn_kernel_variant,sequence|cnn_ig,24,3,cnn33;cnn53;cnn73,cnn33:motif_cnn33_hct116_sequence_cnn_ig_136;cnn33:motif_cnn33_hct116_sequence_cnn_ig_176;cnn33:motif_cnn33_hek293t_sequence_cnn_ig_290;cnn33:motif_cnn33_hek293t_sequence_cnn_ig_292;cnn33:motif_cnn33_hela_sequence_cnn_ig_025;cnn33:motif_cnn33_hela_sequence_cnn_ig_065;cnn33:motif_cnn33_hl60_sequence_cnn_ig_405;cnn53:motif_cnn53_hct116_sequence_cnn_ig_112;cnn53:motif_cnn53_hct116_sequence_cnn_ig_113;cnn53:motif_cnn53_hek293t_sequence_cnn_ig_293;cnn53:motif_cnn53_hek293t_sequence_cnn_ig_333;cnn53:motif_cnn53_hela_sequence_cnn_ig_027;cnn53:motif_cnn53_hela_sequence_cnn_ig_067;cnn53:motif_cnn53_hl60_sequence_cnn_ig_269;cnn53:motif_cnn53_hl60_sequence_cnn_ig_278;cnn73:motif_cnn73_hct116_sequence_cnn_ig_115;cnn73:motif_cnn73_hct116_sequence_cnn_ig_117;cnn73:motif_cnn73_hek293t_sequence_cnn_ig_295;cnn73:motif_cnn73_hek293t_sequence_cnn_ig_297;cnn73:motif_cnn73_hela_sequence_cnn_ig_029;cnn73:motif_cnn73_hela_sequence_cnn_ig_031;cnn73:motif_cnn73_hl60_sequence_cnn_ig_281;cnn73:motif_cnn73_hl60_sequence_cnn_ig_284,1.0,ok,
motif_cnn53_hl60_sequence_cnn_ig_278,cnn_kernel_variant,sequence|cnn_ig,24,3,cnn33;cnn53;cnn73,cnn33:motif_cnn33_hct116_sequence_cnn_ig_136;cnn33:motif_cnn33_hct116_sequence_cnn_ig_176;cnn33:motif_cnn33_hek293t_sequence_cnn_ig_290;cnn33:motif_cnn33_hek293t_sequence_cnn_ig_292;cnn33:motif_cnn33_hela_sequence_cnn_ig_025;cnn33:motif_cnn33_hela_sequence_cnn_ig_065;cnn33:motif_cnn33_hl60_sequence_cnn_ig_275;cnn33:motif_cnn33_hl60_sequence_cnn_ig_405;cnn53:motif_cnn53_hct116_sequence_cnn_ig_112;cnn53:motif_cnn53_hct116_sequence_cnn_ig_113;cnn53:motif_cnn53_hek293t_sequence_cnn_ig_293;cnn53:motif_cnn53_hek293t_sequence_cnn_ig_333;cnn53:motif_cnn53_hela_sequence_cnn_ig_027;cnn53:motif_cnn53_hela_sequence_cnn_ig_067;cnn53:motif_cnn53_hl60_sequence_cnn_ig_269;cnn73:motif_cnn73_hct116_sequence_cnn_ig_115;cnn73:motif_cnn73_hct116_sequence_cnn_ig_117;cnn73:motif_cnn73_hek293t_sequence_cnn_ig_295;cnn73:motif_cnn73_hek293t_sequence_cnn_ig_297;cnn73:motif_cnn73_hela_sequence_cnn_ig_029;cnn73:motif_cnn73_hela_sequence_cnn_ig_031;cnn73:motif_cnn73_hl60_sequence_cnn_ig_281;cnn73:motif_cnn73_hl60_sequence_cnn_ig_284,1.0,ok,
motif_cnn73_hl60_sequence_cnn_ig_281,cnn_kernel_variant,sequence|cnn_ig,24,3,cnn33;cnn53;cnn73,cnn33:motif_cnn33_hct116_sequence_cnn_ig_136;cnn33:motif_cnn33_hct116_sequence_cnn_ig_176;cnn33:motif_cnn33_hek293t_sequence_cnn_ig_290;cnn33:motif_cnn33_hek293t_sequence_cnn_ig_292;cnn33:motif_cnn33_hela_sequence_cnn_ig_025;cnn33:motif_cnn33_hela_sequence_cnn_ig_065;cnn33:motif_cnn33_hl60_sequence_cnn_ig_275;cnn33:motif_cnn33_hl60_sequence_cnn_ig_405;cnn53:motif_cnn53_hct116_sequence_cnn_ig_112;cnn53:motif_cnn53_hct116_sequence_cnn_ig_113;cnn53:motif_cnn53_hek293t_sequence_cnn_ig_293;cnn53:motif_cnn53_hek293t_sequence_cnn_ig_333;cnn53:motif_cnn53_hela_sequence_cnn_ig_027;cnn53:motif_cnn53_hela_sequence_cnn_ig_067;cnn53:motif_cnn53_hl60_sequence_cnn_ig_269;cnn53:motif_cnn53_hl60_sequence_cnn_ig_278;cnn73:motif_cnn73_hct116_sequence_cnn_ig_115;cnn73:motif_cnn73_hct116_sequence_cnn_ig_117;cnn73:motif_cnn73_hek293t_sequence_cnn_ig_295;cnn73:motif_cnn73_hek293t_sequence_cnn_ig_297;cnn73:motif_cnn73_hela_sequence_cnn_ig_029;cnn73:motif_cnn73_hela_sequence_cnn_ig_031;cnn73:motif_cnn73_hl60_sequence_cnn_ig_284,1.0,ok,
motif_cnn73_hl60_sequence_cnn_ig_284,cnn_kernel_variant,sequence|cnn_ig,24,3,cnn33;cnn53;cnn73,cnn33:motif_cnn33_hct116_sequence_cnn_ig_136;cnn33:motif_cnn33_hct116_sequence_cnn_ig_176;cnn33:motif_cnn33_hek293t_sequence_cnn_ig_290;cnn33:motif_cnn33_hek293t_sequence_cnn_ig_292;cnn33:motif_cnn33_hela_sequence_cnn_ig_025;cnn33:motif_cnn33_hela_sequence_cnn_ig_065;cnn33:motif_cnn33_hl60_sequence_cnn_ig_275;cnn33:motif_cnn33_hl60_sequence_cnn_ig_405;cnn53:motif_cnn53_hct116_sequence_cnn_ig_112;cnn53:motif_cnn53_hct116_sequence_cnn_ig_113;cnn53:motif_cnn53_hek293t_sequence_cnn_ig_293;cnn53:motif_cnn53_hek293t_sequence_cnn_ig_333;cnn53:motif_cnn53_hela_sequence_cnn_ig_027;cnn53:motif_cnn53_hela_sequence_cnn_ig_067;cnn53:motif_cnn53_hl60_sequence_cnn_ig_269;cnn53:motif_cnn53_hl60_sequence_cnn_ig_278;cnn73:motif_cnn73_hct116_sequence_cnn_ig_115;cnn73:motif_cnn73_hct116_sequence_cnn_ig_117;cnn73:motif_cnn73_hek293t_sequence_cnn_ig_295;cnn73:motif_cnn73_hek293t_sequence_cnn_ig_297;cnn73:motif_cnn73_hela_sequence_cnn_ig_029;cnn73:motif_cnn73_hela_sequence_cnn_ig_031;cnn73:motif_cnn73_hl60_sequence_cnn_ig_281,1.0,ok,
motif_cnn33_hct116_sequence_cnn_ig_286,cnn_kernel_variant,sequence|cnn_ig,11,3,cnn33;cnn53;cnn73,cnn33:motif_cnn33_hela_sequence_cnn_ig_086;cnn53:motif_cnn53_hct116_sequence_cnn_ig_192;cnn53:motif_cnn53_hct116_sequence_cnn_ig_218;cnn53:motif_cnn53_hek293t_sequence_cnn_ig_456;cnn53:motif_cnn53_hela_sequence_cnn_ig_107;cnn53:motif_cnn53_hela_sequence_cnn_ig_108;cnn73:motif_cnn73_hct116_sequence_cnn_ig_194;cnn73:motif_cnn73_hct116_sequence_cnn_ig_196;cnn73:motif_cnn73_hela_sequence_cnn_ig_088;cnn73:motif_cnn73_hela_sequence_cnn_ig_090,1.0,ok,
motif_cnn53_hl60_sequence_cnn_ig_287,cnn_kernel_variant,sequence|cnn_ig,22,3,cnn33;cnn53;cnn73,cnn33:motif_cnn33_hct116_sequence_cnn_ig_189;cnn33:motif_cnn33_hct116_sequence_cnn_ig_222;cnn33:motif_cnn33_hek293t_sequence_cnn_ig_361;cnn33:motif_cnn33_hek293t_sequence_cnn_ig_363;cnn33:motif_cnn33_hela_sequence_cnn_ig_057;cnn33:motif_cnn33_hela_sequence_cnn_ig_085;cnn33:motif_cnn33_hl60_sequence_cnn_ig_301;cnn53:motif_cnn53_hct116_sequence_cnn_ig_166;cnn53:motif_cnn53_hct116_sequence_cnn_ig_167;cnn53:motif_cnn53_hek293t_sequence_cnn_ig_364;cnn53:motif_cnn53_hela_sequence_cnn_ig_059;cnn53:motif_cnn53_hela_sequence_cnn_ig_084;cnn53:motif_cnn53_hl60_sequence_cnn_ig_303;cnn73:motif_cnn73_hct116_sequence_cnn_ig_169;cnn73:motif_cnn73_hct116_sequence_cnn_ig_171;cnn73:motif_cnn73_hek293t_sequence_cnn_ig_366;cnn73:motif_cnn73_hek293t_sequence_cnn_ig_368;cnn73:motif_cnn73_hela_sequence_cnn_ig_061;cnn73:motif_cnn73_hela_sequence_cnn_ig_063;cnn73:motif_cnn73_hl60_sequence_cnn_ig_306;cnn73:motif_cnn73_hl60_sequence_cnn_ig_308,1.0,ok,
motif_cnn33_hek293t_sequence_cnn_ig_290,cnn_kernel_variant,sequence|cnn_ig,24,3,cnn33;cnn53;cnn73,cnn33:motif_cnn33_hct116_sequence_cnn_ig_136;cnn33:motif_cnn33_hct116_sequence_cnn_ig_176;cnn33:motif_cnn33_hek293t_sequence_cnn_ig_292;cnn33:motif_cnn33_hela_sequence_cnn_ig_025;cnn33:motif_cnn33_hela_sequence_cnn_ig_065;cnn33:motif_cnn33_hl60_sequence_cnn_ig_275;cnn33:motif_cnn33_hl60_sequence_cnn_ig_405;cnn53:motif_cnn53_hct116_sequence_cnn_ig_112;cnn53:motif_cnn53_hct116_sequence_cnn_ig_113;cnn53:motif_cnn53_hek293t_sequence_cnn_ig_293;cnn53:motif_cnn53_hek293t_sequence_cnn_ig_333;cnn53:motif_cnn53_hela_sequence_cnn_ig_027;cnn53:motif_cnn53_hela_sequence_cnn_ig_067;cnn53:motif_cnn53_hl60_sequence_cnn_ig_269;cnn53:motif_cnn53_hl60_sequence_cnn_ig_278;cnn73:motif_cnn73_hct116_sequence_cnn_ig_115;cnn73:motif_cnn73_hct116_sequence_cnn_ig_117;cnn73:motif_cnn73_hek293t_sequence_cnn_ig_295;cnn73:motif_cnn73_hek293t_sequence_cnn_ig_297;cnn73:motif_cnn73_hela_sequence_cnn_ig_029;cnn73:motif_cnn73_hela_sequence_cnn_ig_031;cnn73:motif_cnn73_hl60_sequence_cnn_ig_281;cnn73:motif_cnn73_hl60_sequence_cnn_ig_284,1.0,ok,
motif_cnn33_hek293t_sequence_cnn_ig_292,cnn_kernel_variant,sequence|cnn_ig,24,3,cnn33;cnn53;cnn73,cnn33:motif_cnn33_hct116_sequence_cnn_ig_136;cnn33:motif_cnn33_hct116_sequence_cnn_ig_176;cnn33:motif_cnn33_hek293t_sequence_cnn_ig_290;cnn33:motif_cnn33_hela_sequence_cnn_ig_025;cnn33:motif_cnn33_hela_sequence_cnn_ig_065;cnn33:motif_cnn33_hl60_sequence_cnn_ig_275;cnn33:motif_cnn33_hl60_sequence_cnn_ig_405;cnn53:motif_cnn53_hct116_sequence_cnn_ig_112;cnn53:motif_cnn53_hct116_sequence_cnn_ig_113;cnn53:motif_cnn53_hek293t_sequence_cnn_ig_293;cnn53:motif_cnn53_hek293t_sequence_cnn_ig_333;cnn53:motif_cnn53_hela_sequence_cnn_ig_027;cnn53:motif_cnn53_hela_sequence_cnn_ig_067;cnn53:motif_cnn53_hl60_sequence_cnn_ig_269;cnn53:motif_cnn53_hl60_sequence_cnn_ig_278;cnn73:motif_cnn73_hct116_sequence_cnn_ig_115;cnn73:motif_cnn73_hct116_sequence_cnn_ig_117;cnn73:motif_cnn73_hek293t_sequence_cnn_ig_295;cnn73:motif_cnn73_hek293t_sequence_cnn_ig_297;cnn73:motif_cnn73_hela_sequence_cnn_ig_029;cnn73:motif_cnn73_hela_sequence_cnn_ig_031;cnn73:motif_cnn73_hl60_sequence_cnn_ig_281;cnn73:motif_cnn73_hl60_sequence_cnn_ig_284,1.0,ok,
motif_cnn53_hek293t_sequence_cnn_ig_293,cnn_kernel_variant,sequence|cnn_ig,24,3,cnn33;cnn53;cnn73,cnn33:motif_cnn33_hct116_sequence_cnn_ig_136;cnn33:motif_cnn33_hct116_sequence_cnn_ig_176;cnn33:motif_cnn33_hek293t_sequence_cnn_ig_290;cnn33:motif_cnn33_hek293t_sequence_cnn_ig_292;cnn33:motif_cnn33_hela_sequence_cnn_ig_025;cnn33:motif_cnn33_hela_sequence_cnn_ig_065;cnn33:motif_cnn33_hl60_sequence_cnn_ig_275;cnn33:motif_cnn33_hl60_sequence_cnn_ig_405;cnn53:motif_cnn53_hct116_sequence_cnn_ig_112;cnn53:motif_cnn53_hct116_sequence_cnn_ig_113;cnn53:motif_cnn53_hek293t_sequence_cnn_ig_333;cnn53:motif_cnn53_hela_sequence_cnn_ig_027;cnn53:motif_cnn53_hela_sequence_cnn_ig_067;cnn53:motif_cnn53_hl60_sequence_cnn_ig_269;cnn53:motif_cnn53_hl60_sequence_cnn_ig_278;cnn73:motif_cnn73_hct116_sequence_cnn_ig_115;cnn73:motif_cnn73_hct116_sequence_cnn_ig_117;cnn73:motif_cnn73_hek293t_sequence_cnn_ig_295;cnn73:motif_cnn73_hek293t_sequence_cnn_ig_297;cnn73:motif_cnn73_hela_sequence_cnn_ig_029;cnn73:motif_cnn73_hela_sequence_cnn_ig_031;cnn73:motif_cnn73_hl60_sequence_cnn_ig_281;cnn73:motif_cnn73_hl60_sequence_cnn_ig_284,1.0,ok,
motif_cnn73_hek293t_sequence_cnn_ig_295,cnn_kernel_variant,sequence|cnn_ig,24,3,cnn33;cnn53;cnn73,cnn33:motif_cnn33_hct116_sequence_cnn_ig_136;cnn33:motif_cnn33_hct116_sequence_cnn_ig_176;cnn33:motif_cnn33_hek293t_sequence_cnn_ig_290;cnn33:motif_cnn33_hek293t_sequence_cnn_ig_292;cnn33:motif_cnn33_hela_sequence_cnn_ig_025;cnn33:motif_cnn33_hela_sequence_cnn_ig_065;cnn33:motif_cnn33_hl60_sequence_cnn_ig_275;cnn33:motif_cnn33_hl60_sequence_cnn_ig_405;cnn53:motif_cnn53_hct116_sequence_cnn_ig_112;cnn53:motif_cnn53_hct116_sequence_cnn_ig_113;cnn53:motif_cnn53_hek293t_sequence_cnn_ig_293;cnn53:motif_cnn53_hek293t_sequence_cnn_ig_333;cnn53:motif_cnn53_hela_sequence_cnn_ig_027;cnn53:motif_cnn53_hela_sequence_cnn_ig_067;cnn53:motif_cnn53_hl60_sequence_cnn_ig_269;cnn53:motif_cnn53_hl60_sequence_cnn_ig_278;cnn73:motif_cnn73_hct116_sequence_cnn_ig_115;cnn73:motif_cnn73_hct116_sequence_cnn_ig_117;cnn73:motif_cnn73_hek293t_sequence_cnn_ig_297;cnn73:motif_cnn73_hela_sequence_cnn_ig_029;cnn73:motif_cnn73_hela_sequence_cnn_ig_031;cnn73:motif_cnn73_hl60_sequence_cnn_ig_281;cnn73:motif_cnn73_hl60_sequence_cnn_ig_284,1.0,ok,
motif_cnn73_hek293t_sequence_cnn_ig_297,cnn_kernel_variant,sequence|cnn_ig,24,3,cnn33;cnn53;cnn73,cnn33:motif_cnn33_hct116_sequence_cnn_ig_136;cnn33:motif_cnn33_hct116_sequence_cnn_ig_176;cnn33:motif_cnn33_hek293t_sequence_cnn_ig_290;cnn33:motif_cnn33_hek293t_sequence_cnn_ig_292;cnn33:motif_cnn33_hela_sequence_cnn_ig_025;cnn33:motif_cnn33_hela_sequence_cnn_ig_065;cnn33:motif_cnn33_hl60_sequence_cnn_ig_275;cnn33:motif_cnn33_hl60_sequence_cnn_ig_405;cnn53:motif_cnn53_hct116_sequence_cnn_ig_112;cnn53:motif_cnn53_hct116_sequence_cnn_ig_113;cnn53:motif_cnn53_hek293t_sequence_cnn_ig_293;cnn53:motif_cnn53_hek293t_sequence_cnn_ig_333;cnn53:motif_cnn53_hela_sequence_cnn_ig_027;cnn53:motif_cnn53_hela_sequence_cnn_ig_067;cnn53:motif_cnn53_hl60_sequence_cnn_ig_269;cnn53:motif_cnn53_hl60_sequence_cnn_ig_278;cnn73:motif_cnn73_hct116_sequence_cnn_ig_115;cnn73:motif_cnn73_hct116_sequence_cnn_ig_117;cnn73:motif_cnn73_hek293t_sequence_cnn_ig_295;cnn73:motif_cnn73_hela_sequence_cnn_ig_029;cnn73:motif_cnn73_hela_sequence_cnn_ig_031;cnn73:motif_cnn73_hl60_sequence_cnn_ig_281;cnn73:motif_cnn73_hl60_sequence_cnn_ig_284,1.0,ok,
motif_cnn33_hl60_sequence_cnn_ig_301,cnn_kernel_variant,sequence|cnn_ig,22,3,cnn33;cnn53;cnn73,cnn33:motif_cnn33_hct116_sequence_cnn_ig_189;cnn33:motif_cnn33_hct116_sequence_cnn_ig_222;cnn33:motif_cnn33_hek293t_sequence_cnn_ig_361;cnn33:motif_cnn33_hek293t_sequence_cnn_ig_363;cnn33:motif_cnn33_hela_sequence_cnn_ig_057;cnn33:motif_cnn33_hela_sequence_cnn_ig_085;cnn53:motif_cnn53_hct116_sequence_cnn_ig_166;cnn53:motif_cnn53_hct116_sequence_cnn_ig_167;cnn53:motif_cnn53_hek293t_sequence_cnn_ig_364;cnn53:motif_cnn53_hela_sequence_cnn_ig_059;cnn53:motif_cnn53_hela_sequence_cnn_ig_084;cnn53:motif_cnn53_hl60_sequence_cnn_ig_287;cnn53:motif_cnn53_hl60_sequence_cnn_ig_303;cnn73:motif_cnn73_hct116_sequence_cnn_ig_169;cnn73:motif_cnn73_hct116_sequence_cnn_ig_171;cnn73:motif_cnn73_hek293t_sequence_cnn_ig_366;cnn73:motif_cnn73_hek293t_sequence_cnn_ig_368;cnn73:motif_cnn73_hela_sequence_cnn_ig_061;cnn73:motif_cnn73_hela_sequence_cnn_ig_063;cnn73:motif_cnn73_hl60_sequence_cnn_ig_306;cnn73:motif_cnn73_hl60_sequence_cnn_ig_308,1.0,ok,
motif_cnn53_hl60_sequence_cnn_ig_303,cnn_kernel_variant,sequence|cnn_ig,22,3,cnn33;cnn53;cnn73,cnn33:motif_cnn33_hct116_sequence_cnn_ig_189;cnn33:motif_cnn33_hct116_sequence_cnn_ig_222;cnn33:motif_cnn33_hek293t_sequence_cnn_ig_361;cnn33:motif_cnn33_hek293t_sequence_cnn_ig_363;cnn33:motif_cnn33_hela_sequence_cnn_ig_057;cnn33:motif_cnn33_hela_sequence_cnn_ig_085;cnn33:motif_cnn33_hl60_sequence_cnn_ig_301;cnn53:motif_cnn53_hct116_sequence_cnn_ig_166;cnn53:motif_cnn53_hct116_sequence_cnn_ig_167;cnn53:motif_cnn53_hek293t_sequence_cnn_ig_364;cnn53:motif_cnn53_hela_sequence_cnn_ig_059;cnn53:motif_cnn53_hela_sequence_cnn_ig_084;cnn53:motif_cnn53_hl60_sequence_cnn_ig_287;cnn73:motif_cnn73_hct116_sequence_cnn_ig_169;cnn73:motif_cnn73_hct116_sequence_cnn_ig_171;cnn73:motif_cnn73_hek293t_sequence_cnn_ig_366;cnn73:motif_cnn73_hek293t_sequence_cnn_ig_368;cnn73:motif_cnn73_hela_sequence_cnn_ig_061;cnn73:motif_cnn73_hela_sequence_cnn_ig_063;cnn73:motif_cnn73_hl60_sequence_cnn_ig_306;cnn73:motif_cnn73_hl60_sequence_cnn_ig_308,1.0,ok,
motif_cnn73_hl60_sequence_cnn_ig_306,cnn_kernel_variant,sequence|cnn_ig,22,3,cnn33;cnn53;cnn73,cnn33:motif_cnn33_hct116_sequence_cnn_ig_189;cnn33:motif_cnn33_hct116_sequence_cnn_ig_222;cnn33:motif_cnn33_hek293t_sequence_cnn_ig_361;cnn33:motif_cnn33_hek293t_sequence_cnn_ig_363;cnn33:motif_cnn33_hela_sequence_cnn_ig_057;cnn33:motif_cnn33_hela_sequence_cnn_ig_085;cnn33:motif_cnn33_hl60_sequence_cnn_ig_301;cnn53:motif_cnn53_hct116_sequence_cnn_ig_166;cnn53:motif_cnn53_hct116_sequence_cnn_ig_167;cnn53:motif_cnn53_hek293t_sequence_cnn_ig_364;cnn53:motif_cnn53_hela_sequence_cnn_ig_059;cnn53:motif_cnn53_hela_sequence_cnn_ig_084;cnn53:motif_cnn53_hl60_sequence_cnn_ig_287;cnn53:motif_cnn53_hl60_sequence_cnn_ig_303;cnn73:motif_cnn73_hct116_sequence_cnn_ig_169;cnn73:motif_cnn73_hct116_sequence_cnn_ig_171;cnn73:motif_cnn73_hek293t_sequence_cnn_ig_366;cnn73:motif_cnn73_hek293t_sequence_cnn_ig_368;cnn73:motif_cnn73_hela_sequence_cnn_ig_061;cnn73:motif_cnn73_hela_sequence_cnn_ig_063;cnn73:motif_cnn73_hl60_sequence_cnn_ig_308,1.0,ok,
motif_cnn73_hl60_sequence_cnn_ig_308,cnn_kernel_variant,sequence|cnn_ig,22,3,cnn33;cnn53;cnn73,cnn33:motif_cnn33_hct116_sequence_cnn_ig_189;cnn33:motif_cnn33_hct116_sequence_cnn_ig_222;cnn33:motif_cnn33_hek293t_sequence_cnn_ig_361;cnn33:motif_cnn33_hek293t_sequence_cnn_ig_363;cnn33:motif_cnn33_hela_sequence_cnn_ig_057;cnn33:motif_cnn33_hela_sequence_cnn_ig_085;cnn33:motif_cnn33_hl60_sequence_cnn_ig_301;cnn53:motif_cnn53_hct116_sequence_cnn_ig_166;cnn53:motif_cnn53_hct116_sequence_cnn_ig_167;cnn53:motif_cnn53_hek293t_sequence_cnn_ig_364;cnn53:motif_cnn53_hela_sequence_cnn_ig_059;cnn53:motif_cnn53_hela_sequence_cnn_ig_084;cnn53:motif_cnn53_hl60_sequence_cnn_ig_287;cnn53:motif_cnn53_hl60_sequence_cnn_ig_303;cnn73:motif_cnn73_hct116_sequence_cnn_ig_169;cnn73:motif_cnn73_hct116_sequence_cnn_ig_171;cnn73:motif_cnn73_hek293t_sequence_cnn_ig_366;cnn73:motif_cnn73_hek293t_sequence_cnn_ig_368;cnn73:motif_cnn73_hela_sequence_cnn_ig_061;cnn73:motif_cnn73_hela_sequence_cnn_ig_063;cnn73:motif_cnn73_hl60_sequence_cnn_ig_306,1.0,ok,
motif_cnn33_hl60_sequence_cnn_ig_311,cnn_kernel_variant,sequence|cnn_ig,23,3,cnn33;cnn53;cnn73,cnn33:motif_cnn33_hct116_sequence_cnn_ig_095;cnn33:motif_cnn33_hek293t_sequence_cnn_ig_225;cnn33:motif_cnn33_hek293t_sequence_cnn_ig_228;cnn33:motif_cnn33_hela_sequence_cnn_ig_012;cnn33:motif_cnn33_hela_sequence_cnn_ig_013;cnn33:motif_cnn33_hl60_sequence_cnn_ig_314;cnn53:motif_cnn53_hct116_sequence_cnn_ig_098;cnn53:motif_cnn53_hct116_sequence_cnn_ig_100;cnn53:motif_cnn53_hek293t_sequence_cnn_ig_230;cnn53:motif_cnn53_hek293t_sequence_cnn_ig_252;cnn53:motif_cnn53_hela_sequence_cnn_ig_015;cnn53:motif_cnn53_hela_sequence_cnn_ig_024;cnn53:motif_cnn53_hl60_sequence_cnn_ig_316;cnn53:motif_cnn53_hl60_sequence_cnn_ig_344;cnn73:motif_cnn73_hct116_sequence_cnn_ig_102;cnn73:motif_cnn73_hct116_sequence_cnn_ig_104;cnn73:motif_cnn73_hek293t_sequence_cnn_ig_234;cnn73:motif_cnn73_hek293t_sequence_cnn_ig_236;cnn73:motif_cnn73_hela_sequence_cnn_ig_018;cnn73:motif_cnn73_hela_sequence_cnn_ig_020;cnn73:motif_cnn73_hl60_sequence_cnn_ig_318;cnn73:motif_cnn73_hl60_sequence_cnn_ig_320,1.0,ok,
motif_cnn33_hct116_sequence_cnn_ig_312,cnn_kernel_variant,sequence|cnn_ig,4,3,cnn33;cnn53,cnn33:motif_cnn33_hela_sequence_cnn_ig_162;cnn33:motif_cnn33_hl60_sequence_cnn_ig_462;cnn53:motif_cnn53_hela_sequence_cnn_ig_180,1.0,ok,
motif_cnn33_hl60_sequence_cnn_ig_314,cnn_kernel_variant,sequence|cnn_ig,23,3,cnn33;cnn53;cnn73,cnn33:motif_cnn33_hct116_sequence_cnn_ig_095;cnn33:motif_cnn33_hek293t_sequence_cnn_ig_225;cnn33:motif_cnn33_hek293t_sequence_cnn_ig_228;cnn33:motif_cnn33_hela_sequence_cnn_ig_012;cnn33:motif_cnn33_hela_sequence_cnn_ig_013;cnn33:motif_cnn33_hl60_sequence_cnn_ig_311;cnn53:motif_cnn53_hct116_sequence_cnn_ig_098;cnn53:motif_cnn53_hct116_sequence_cnn_ig_100;cnn53:motif_cnn53_hek293t_sequence_cnn_ig_230;cnn53:motif_cnn53_hek293t_sequence_cnn_ig_252;cnn53:motif_cnn53_hela_sequence_cnn_ig_015;cnn53:motif_cnn53_hela_sequence_cnn_ig_024;cnn53:motif_cnn53_hl60_sequence_cnn_ig_316;cnn53:motif_cnn53_hl60_sequence_cnn_ig_344;cnn73:motif_cnn73_hct116_sequence_cnn_ig_102;cnn73:motif_cnn73_hct116_sequence_cnn_ig_104;cnn73:motif_cnn73_hek293t_sequence_cnn_ig_234;cnn73:motif_cnn73_hek293t_sequence_cnn_ig_236;cnn73:motif_cnn73_hela_sequence_cnn_ig_018;cnn73:motif_cnn73_hela_sequence_cnn_ig_020;cnn73:motif_cnn73_hl60_sequence_cnn_ig_318;cnn73:motif_cnn73_hl60_sequence_cnn_ig_320,1.0,ok,
motif_cnn53_hl60_sequence_cnn_ig_316,cnn_kernel_variant,sequence|cnn_ig,23,3,cnn33;cnn53;cnn73,cnn33:motif_cnn33_hct116_sequence_cnn_ig_095;cnn33:motif_cnn33_hek293t_sequence_cnn_ig_225;cnn33:motif_cnn33_hek293t_sequence_cnn_ig_228;cnn33:motif_cnn33_hela_sequence_cnn_ig_012;cnn33:motif_cnn33_hela_sequence_cnn_ig_013;cnn33:motif_cnn33_hl60_sequence_cnn_ig_311;cnn33:motif_cnn33_hl60_sequence_cnn_ig_314;cnn53:motif_cnn53_hct116_sequence_cnn_ig_098;cnn53:motif_cnn53_hct116_sequence_cnn_ig_100;cnn53:motif_cnn53_hek293t_sequence_cnn_ig_230;cnn53:motif_cnn53_hek293t_sequence_cnn_ig_252;cnn53:motif_cnn53_hela_sequence_cnn_ig_015;cnn53:motif_cnn53_hela_sequence_cnn_ig_024;cnn53:motif_cnn53_hl60_sequence_cnn_ig_344;cnn73:motif_cnn73_hct116_sequence_cnn_ig_102;cnn73:motif_cnn73_hct116_sequence_cnn_ig_104;cnn73:motif_cnn73_hek293t_sequence_cnn_ig_234;cnn73:motif_cnn73_hek293t_sequence_cnn_ig_236;cnn73:motif_cnn73_hela_sequence_cnn_ig_018;cnn73:motif_cnn73_hela_sequence_cnn_ig_020;cnn73:motif_cnn73_hl60_sequence_cnn_ig_318;cnn73:motif_cnn73_hl60_sequence_cnn_ig_320,1.0,ok,
motif_cnn73_hl60_sequence_cnn_ig_318,cnn_kernel_variant,sequence|cnn_ig,23,3,cnn33;cnn53;cnn73,cnn33:motif_cnn33_hct116_sequence_cnn_ig_095;cnn33:motif_cnn33_hek293t_sequence_cnn_ig_225;cnn33:motif_cnn33_hek293t_sequence_cnn_ig_228;cnn33:motif_cnn33_hela_sequence_cnn_ig_012;cnn33:motif_cnn33_hela_sequence_cnn_ig_013;cnn33:motif_cnn33_hl60_sequence_cnn_ig_311;cnn33:motif_cnn33_hl60_sequence_cnn_ig_314;cnn53:motif_cnn53_hct116_sequence_cnn_ig_098;cnn53:motif_cnn53_hct116_sequence_cnn_ig_100;cnn53:motif_cnn53_hek293t_sequence_cnn_ig_230;cnn53:motif_cnn53_hek293t_sequence_cnn_ig_252;cnn53:motif_cnn53_hela_sequence_cnn_ig_015;cnn53:motif_cnn53_hela_sequence_cnn_ig_024;cnn53:motif_cnn53_hl60_sequence_cnn_ig_316;cnn53:motif_cnn53_hl60_sequence_cnn_ig_344;cnn73:motif_cnn73_hct116_sequence_cnn_ig_102;cnn73:motif_cnn73_hct116_sequence_cnn_ig_104;cnn73:motif_cnn73_hek293t_sequence_cnn_ig_234;cnn73:motif_cnn73_hek293t_sequence_cnn_ig_236;cnn73:motif_cnn73_hela_sequence_cnn_ig_018;cnn73:motif_cnn73_hela_sequence_cnn_ig_020;cnn73:motif_cnn73_hl60_sequence_cnn_ig_320,1.0,ok,
motif_cnn73_hl60_sequence_cnn_ig_320,cnn_kernel_variant,sequence|cnn_ig,23,3,cnn33;cnn53;cnn73,cnn33:motif_cnn33_hct116_sequence_cnn_ig_095;cnn33:motif_cnn33_hek293t_sequence_cnn_ig_225;cnn33:motif_cnn33_hek293t_sequence_cnn_ig_228;cnn33:motif_cnn33_hela_sequence_cnn_ig_012;cnn33:motif_cnn33_hela_sequence_cnn_ig_013;cnn33:motif_cnn33_hl60_sequence_cnn_ig_311;cnn33:motif_cnn33_hl60_sequence_cnn_ig_314;cnn53:motif_cnn53_hct116_sequence_cnn_ig_098;cnn53:motif_cnn53_hct116_sequence_cnn_ig_100;cnn53:motif_cnn53_hek293t_sequence_cnn_ig_230;cnn53:motif_cnn53_hek293t_sequence_cnn_ig_252;cnn53:motif_cnn53_hela_sequence_cnn_ig_015;cnn53:motif_cnn53_hela_sequence_cnn_ig_024;cnn53:motif_cnn53_hl60_sequence_cnn_ig_316;cnn53:motif_cnn53_hl60_sequence_cnn_ig_344;cnn73:motif_cnn73_hct116_sequence_cnn_ig_102;cnn73:motif_cnn73_hct116_sequence_cnn_ig_104;cnn73:motif_cnn73_hek293t_sequence_cnn_ig_234;cnn73:motif_cnn73_hek293t_sequence_cnn_ig_236;cnn73:motif_cnn73_hela_sequence_cnn_ig_018;cnn73:motif_cnn73_hela_sequence_cnn_ig_020;cnn73:motif_cnn73_hl60_sequence_cnn_ig_318,1.0,ok,
motif_cnn33_hek293t_sequence_cnn_ig_323,cnn_kernel_variant,sequence|cnn_ig,10,3,cnn33;cnn53;cnn73,cnn33:motif_cnn33_hek293t_sequence_cnn_ig_325;cnn33:motif_cnn33_hl60_sequence_cnn_ig_422;cnn53:motif_cnn53_hek293t_sequence_cnn_ig_327;cnn53:motif_cnn53_hl60_sequence_cnn_ig_425;cnn53:motif_cnn53_hl60_sequence_cnn_ig_430;cnn73:motif_cnn73_hek293t_sequence_cnn_ig_330;cnn73:motif_cnn73_hek293t_sequence_cnn_ig_332;cnn73:motif_cnn73_hl60_sequence_cnn_ig_427;cnn73:motif_cnn73_hl60_sequence_cnn_ig_429,1.0,ok,
motif_cnn33_hek293t_sequence_cnn_ig_325,cnn_kernel_variant,sequence|cnn_ig,10,3,cnn33;cnn53;cnn73,cnn33:motif_cnn33_hek293t_sequence_cnn_ig_323;cnn33:motif_cnn33_hl60_sequence_cnn_ig_422;cnn53:motif_cnn53_hek293t_sequence_cnn_ig_327;cnn53:motif_cnn53_hl60_sequence_cnn_ig_425;cnn53:motif_cnn53_hl60_sequence_cnn_ig_430;cnn73:motif_cnn73_hek293t_sequence_cnn_ig_330;cnn73:motif_cnn73_hek293t_sequence_cnn_ig_332;cnn73:motif_cnn73_hl60_sequence_cnn_ig_427;cnn73:motif_cnn73_hl60_sequence_cnn_ig_429,1.0,ok,
motif_cnn53_hek293t_sequence_cnn_ig_327,cnn_kernel_variant,sequence|cnn_ig,10,3,cnn33;cnn53;cnn73,cnn33:motif_cnn33_hek293t_sequence_cnn_ig_323;cnn33:motif_cnn33_hek293t_sequence_cnn_ig_325;cnn33:motif_cnn33_hl60_sequence_cnn_ig_422;cnn53:motif_cnn53_hl60_sequence_cnn_ig_425;cnn53:motif_cnn53_hl60_sequence_cnn_ig_430;cnn73:motif_cnn73_hek293t_sequence_cnn_ig_330;cnn73:motif_cnn73_hek293t_sequence_cnn_ig_332;cnn73:motif_cnn73_hl60_sequence_cnn_ig_427;cnn73:motif_cnn73_hl60_sequence_cnn_ig_429,1.0,ok,
motif_cnn73_hek293t_sequence_cnn_ig_330,cnn_kernel_variant,sequence|cnn_ig,10,3,cnn33;cnn53;cnn73,cnn33:motif_cnn33_hek293t_sequence_cnn_ig_323;cnn33:motif_cnn33_hek293t_sequence_cnn_ig_325;cnn33:motif_cnn33_hl60_sequence_cnn_ig_422;cnn53:motif_cnn53_hek293t_sequence_cnn_ig_327;cnn53:motif_cnn53_hl60_sequence_cnn_ig_425;cnn53:motif_cnn53_hl60_sequence_cnn_ig_430;cnn73:motif_cnn73_hek293t_sequence_cnn_ig_332;cnn73:motif_cnn73_hl60_sequence_cnn_ig_427;cnn73:motif_cnn73_hl60_sequence_cnn_ig_429,1.0,ok,
motif_cnn73_hek293t_sequence_cnn_ig_332,cnn_kernel_variant,sequence|cnn_ig,10,3,cnn33;cnn53;cnn73,cnn33:motif_cnn33_hek293t_sequence_cnn_ig_323;cnn33:motif_cnn33_hek293t_sequence_cnn_ig_325;cnn33:motif_cnn33_hl60_sequence_cnn_ig_422;cnn53:motif_cnn53_hek293t_sequence_cnn_ig_327;cnn53:motif_cnn53_hl60_sequence_cnn_ig_425;cnn53:motif_cnn53_hl60_sequence_cnn_ig_430;cnn73:motif_cnn73_hek293t_sequence_cnn_ig_330;cnn73:motif_cnn73_hl60_sequence_cnn_ig_427;cnn73:motif_cnn73_hl60_sequence_cnn_ig_429,1.0,ok,
motif_cnn53_hek293t_sequence_cnn_ig_333,cnn_kernel_variant,sequence|cnn_ig,24,3,cnn33;cnn53;cnn73,cnn33:motif_cnn33_hct116_sequence_cnn_ig_136;cnn33:motif_cnn33_hct116_sequence_cnn_ig_176;cnn33:motif_cnn33_hek293t_sequence_cnn_ig_290;cnn33:motif_cnn33_hek293t_sequence_cnn_ig_292;cnn33:motif_cnn33_hela_sequence_cnn_ig_025;cnn33:motif_cnn33_hela_sequence_cnn_ig_065;cnn33:motif_cnn33_hl60_sequence_cnn_ig_275;cnn33:motif_cnn33_hl60_sequence_cnn_ig_405;cnn53:motif_cnn53_hct116_sequence_cnn_ig_112;cnn53:motif_cnn53_hct116_sequence_cnn_ig_113;cnn53:motif_cnn53_hek293t_sequence_cnn_ig_293;cnn53:motif_cnn53_hela_sequence_cnn_ig_027;cnn53:motif_cnn53_hela_sequence_cnn_ig_067;cnn53:motif_cnn53_hl60_sequence_cnn_ig_269;cnn53:motif_cnn53_hl60_sequence_cnn_ig_278;cnn73:motif_cnn73_hct116_sequence_cnn_ig_115;cnn73:motif_cnn73_hct116_sequence_cnn_ig_117;cnn73:motif_cnn73_hek293t_sequence_cnn_ig_295;cnn73:motif_cnn73_hek293t_sequence_cnn_ig_297;cnn73:motif_cnn73_hela_sequence_cnn_ig_029;cnn73:motif_cnn73_hela_sequence_cnn_ig_031;cnn73:motif_cnn73_hl60_sequence_cnn_ig_281;cnn73:motif_cnn73_hl60_sequence_cnn_ig_284,1.0,ok,
motif_cnn33_hl60_sequence_cnn_ig_335,cnn_kernel_variant,sequence|cnn_ig,24,3,cnn33;cnn53;cnn73,cnn33:motif_cnn33_hct116_sequence_cnn_ig_126;cnn33:motif_cnn33_hct116_sequence_cnn_ig_128;cnn33:motif_cnn33_hek293t_sequence_cnn_ig_261;cnn33:motif_cnn33_hek293t_sequence_cnn_ig_263;cnn33:motif_cnn33_hela_sequence_cnn_ig_033;cnn33:motif_cnn33_hela_sequence_cnn_ig_066;cnn33:motif_cnn33_hl60_sequence_cnn_ig_416;cnn53:motif_cnn53_hct116_sequence_cnn_ig_129;cnn53:motif_cnn53_hct116_sequence_cnn_ig_152;cnn53:motif_cnn53_hek293t_sequence_cnn_ig_264;cnn53:motif_cnn53_hek293t_sequence_cnn_ig_273;cnn53:motif_cnn53_hela_sequence_cnn_ig_036;cnn53:motif_cnn53_hela_sequence_cnn_ig_042;cnn53:motif_cnn53_hl60_sequence_cnn_ig_338;cnn53:motif_cnn53_hl60_sequence_cnn_ig_442;cnn73:motif_cnn73_hct116_sequence_cnn_ig_131;cnn73:motif_cnn73_hct116_sequence_cnn_ig_133;cnn73:motif_cnn73_hek293t_sequence_cnn_ig_266;cnn73:motif_cnn73_hek293t_sequence_cnn_ig_268;cnn73:motif_cnn73_hela_sequence_cnn_ig_038;cnn73:motif_cnn73_hela_sequence_cnn_ig_040;cnn73:motif_cnn73_hl60_sequence_cnn_ig_340;cnn73:motif_cnn73_hl60_sequence_cnn_ig_342,1.0,ok,
motif_cnn53_hl60_sequence_cnn_ig_338,cnn_kernel_variant,sequence|cnn_ig,24,3,cnn33;cnn53;cnn73,cnn33:motif_cnn33_hct116_sequence_cnn_ig_126;cnn33:motif_cnn33_hct116_sequence_cnn_ig_128;cnn33:motif_cnn33_hek293t_sequence_cnn_ig_261;cnn33:motif_cnn33_hek293t_sequence_cnn_ig_263;cnn33:motif_cnn33_hela_sequence_cnn_ig_033;cnn33:motif_cnn33_hela_sequence_cnn_ig_066;cnn33:motif_cnn33_hl60_sequence_cnn_ig_335;cnn33:motif_cnn33_hl60_sequence_cnn_ig_416;cnn53:motif_cnn53_hct116_sequence_cnn_ig_129;cnn53:motif_cnn53_hct116_sequence_cnn_ig_152;cnn53:motif_cnn53_hek293t_sequence_cnn_ig_264;cnn53:motif_cnn53_hek293t_sequence_cnn_ig_273;cnn53:motif_cnn53_hela_sequence_cnn_ig_036;cnn53:motif_cnn53_hela_sequence_cnn_ig_042;cnn53:motif_cnn53_hl60_sequence_cnn_ig_442;cnn73:motif_cnn73_hct116_sequence_cnn_ig_131;cnn73:motif_cnn73_hct116_sequence_cnn_ig_133;cnn73:motif_cnn73_hek293t_sequence_cnn_ig_266;cnn73:motif_cnn73_hek293t_sequence_cnn_ig_268;cnn73:motif_cnn73_hela_sequence_cnn_ig_038;cnn73:motif_cnn73_hela_sequence_cnn_ig_040;cnn73:motif_cnn73_hl60_sequence_cnn_ig_340;cnn73:motif_cnn73_hl60_sequence_cnn_ig_342,1.0,ok,
motif_cnn73_hl60_sequence_cnn_ig_340,cnn_kernel_variant,sequence|cnn_ig,24,3,cnn33;cnn53;cnn73,cnn33:motif_cnn33_hct116_sequence_cnn_ig_126;cnn33:motif_cnn33_hct116_sequence_cnn_ig_128;cnn33:motif_cnn33_hek293t_sequence_cnn_ig_261;cnn33:motif_cnn33_hek293t_sequence_cnn_ig_263;cnn33:motif_cnn33_hela_sequence_cnn_ig_033;cnn33:motif_cnn33_hela_sequence_cnn_ig_066;cnn33:motif_cnn33_hl60_sequence_cnn_ig_335;cnn33:motif_cnn33_hl60_sequence_cnn_ig_416;cnn53:motif_cnn53_hct116_sequence_cnn_ig_129;cnn53:motif_cnn53_hct116_sequence_cnn_ig_152;cnn53:motif_cnn53_hek293t_sequence_cnn_ig_264;cnn53:motif_cnn53_hek293t_sequence_cnn_ig_273;cnn53:motif_cnn53_hela_sequence_cnn_ig_036;cnn53:motif_cnn53_hela_sequence_cnn_ig_042;cnn53:motif_cnn53_hl60_sequence_cnn_ig_338;cnn53:motif_cnn53_hl60_sequence_cnn_ig_442;cnn73:motif_cnn73_hct116_sequence_cnn_ig_131;cnn73:motif_cnn73_hct116_sequence_cnn_ig_133;cnn73:motif_cnn73_hek293t_sequence_cnn_ig_266;cnn73:motif_cnn73_hek293t_sequence_cnn_ig_268;cnn73:motif_cnn73_hela_sequence_cnn_ig_038;cnn73:motif_cnn73_hela_sequence_cnn_ig_040;cnn73:motif_cnn73_hl60_sequence_cnn_ig_342,1.0,ok,
motif_cnn73_hl60_sequence_cnn_ig_342,cnn_kernel_variant,sequence|cnn_ig,24,3,cnn33;cnn53;cnn73,cnn33:motif_cnn33_hct116_sequence_cnn_ig_126;cnn33:motif_cnn33_hct116_sequence_cnn_ig_128;cnn33:motif_cnn33_hek293t_sequence_cnn_ig_261;cnn33:motif_cnn33_hek293t_sequence_cnn_ig_263;cnn33:motif_cnn33_hela_sequence_cnn_ig_033;cnn33:motif_cnn33_hela_sequence_cnn_ig_066;cnn33:motif_cnn33_hl60_sequence_cnn_ig_335;cnn33:motif_cnn33_hl60_sequence_cnn_ig_416;cnn53:motif_cnn53_hct116_sequence_cnn_ig_129;cnn53:motif_cnn53_hct116_sequence_cnn_ig_152;cnn53:motif_cnn53_hek293t_sequence_cnn_ig_264;cnn53:motif_cnn53_hek293t_sequence_cnn_ig_273;cnn53:motif_cnn53_hela_sequence_cnn_ig_036;cnn53:motif_cnn53_hela_sequence_cnn_ig_042;cnn53:motif_cnn53_hl60_sequence_cnn_ig_338;cnn53:motif_cnn53_hl60_sequence_cnn_ig_442;cnn73:motif_cnn73_hct116_sequence_cnn_ig_131;cnn73:motif_cnn73_hct116_sequence_cnn_ig_133;cnn73:motif_cnn73_hek293t_sequence_cnn_ig_266;cnn73:motif_cnn73_hek293t_sequence_cnn_ig_268;cnn73:motif_cnn73_hela_sequence_cnn_ig_038;cnn73:motif_cnn73_hela_sequence_cnn_ig_040;cnn73:motif_cnn73_hl60_sequence_cnn_ig_340,1.0,ok,
motif_cnn53_hl60_sequence_cnn_ig_344,cnn_kernel_variant,sequence|cnn_ig,23,3,cnn33;cnn53;cnn73,cnn33:motif_cnn33_hct116_sequence_cnn_ig_095;cnn33:motif_cnn33_hek293t_sequence_cnn_ig_225;cnn33:motif_cnn33_hek293t_sequence_cnn_ig_228;cnn33:motif_cnn33_hela_sequence_cnn_ig_012;cnn33:motif_cnn33_hela_sequence_cnn_ig_013;cnn33:motif_cnn33_hl60_sequence_cnn_ig_311;cnn33:motif_cnn33_hl60_sequence_cnn_ig_314;cnn53:motif_cnn53_hct116_sequence_cnn_ig_098;cnn53:motif_cnn53_hct116_sequence_cnn_ig_100;cnn53:motif_cnn53_hek293t_sequence_cnn_ig_230;cnn53:motif_cnn53_hek293t_sequence_cnn_ig_252;cnn53:motif_cnn53_hela_sequence_cnn_ig_015;cnn53:motif_cnn53_hela_sequence_cnn_ig_024;cnn53:motif_cnn53_hl60_sequence_cnn_ig_316;cnn73:motif_cnn73_hct116_sequence_cnn_ig_102;cnn73:motif_cnn73_hct116_sequence_cnn_ig_104;cnn73:motif_cnn73_hek293t_sequence_cnn_ig_234;cnn73:motif_cnn73_hek293t_sequence_cnn_ig_236;cnn73:motif_cnn73_hela_sequence_cnn_ig_018;cnn73:motif_cnn73_hela_sequence_cnn_ig_020;cnn73:motif_cnn73_hl60_sequence_cnn_ig_318;cnn73:motif_cnn73_hl60_sequence_cnn_ig_320,1.0,ok,
motif_cnn33_hek293t_sequence_cnn_ig_361,cnn_kernel_variant,sequence|cnn_ig,22,3,cnn33;cnn53;cnn73,cnn33:motif_cnn33_hct116_sequence_cnn_ig_189;cnn33:motif_cnn33_hct116_sequence_cnn_ig_222;cnn33:motif_cnn33_hek293t_sequence_cnn_ig_363;cnn33:motif_cnn33_hela_sequence_cnn_ig_057;cnn33:motif_cnn33_hela_sequence_cnn_ig_085;cnn33:motif_cnn33_hl60_sequence_cnn_ig_301;cnn53:motif_cnn53_hct116_sequence_cnn_ig_166;cnn53:motif_cnn53_hct116_sequence_cnn_ig_167;cnn53:motif_cnn53_hek293t_sequence_cnn_ig_364;cnn53:motif_cnn53_hela_sequence_cnn_ig_059;cnn53:motif_cnn53_hela_sequence_cnn_ig_084;cnn53:motif_cnn53_hl60_sequence_cnn_ig_287;cnn53:motif_cnn53_hl60_sequence_cnn_ig_303;cnn73:motif_cnn73_hct116_sequence_cnn_ig_169;cnn73:motif_cnn73_hct116_sequence_cnn_ig_171;cnn73:motif_cnn73_hek293t_sequence_cnn_ig_366;cnn73:motif_cnn73_hek293t_sequence_cnn_ig_368;cnn73:motif_cnn73_hela_sequence_cnn_ig_061;cnn73:motif_cnn73_hela_sequence_cnn_ig_063;cnn73:motif_cnn73_hl60_sequence_cnn_ig_306;cnn73:motif_cnn73_hl60_sequence_cnn_ig_308,1.0,ok,
motif_cnn33_hek293t_sequence_cnn_ig_363,cnn_kernel_variant,sequence|cnn_ig,22,3,cnn33;cnn53;cnn73,cnn33:motif_cnn33_hct116_sequence_cnn_ig_189;cnn33:motif_cnn33_hct116_sequence_cnn_ig_222;cnn33:motif_cnn33_hek293t_sequence_cnn_ig_361;cnn33:motif_cnn33_hela_sequence_cnn_ig_057;cnn33:motif_cnn33_hela_sequence_cnn_ig_085;cnn33:motif_cnn33_hl60_sequence_cnn_ig_301;cnn53:motif_cnn53_hct116_sequence_cnn_ig_166;cnn53:motif_cnn53_hct116_sequence_cnn_ig_167;cnn53:motif_cnn53_hek293t_sequence_cnn_ig_364;cnn53:motif_cnn53_hela_sequence_cnn_ig_059;cnn53:motif_cnn53_hela_sequence_cnn_ig_084;cnn53:motif_cnn53_hl60_sequence_cnn_ig_287;cnn53:motif_cnn53_hl60_sequence_cnn_ig_303;cnn73:motif_cnn73_hct116_sequence_cnn_ig_169;cnn73:motif_cnn73_hct116_sequence_cnn_ig_171;cnn73:motif_cnn73_hek293t_sequence_cnn_ig_366;cnn73:motif_cnn73_hek293t_sequence_cnn_ig_368;cnn73:motif_cnn73_hela_sequence_cnn_ig_061;cnn73:motif_cnn73_hela_sequence_cnn_ig_063;cnn73:motif_cnn73_hl60_sequence_cnn_ig_306;cnn73:motif_cnn73_hl60_sequence_cnn_ig_308,1.0,ok,
motif_cnn53_hek293t_sequence_cnn_ig_364,cnn_kernel_variant,sequence|cnn_ig,22,3,cnn33;cnn53;cnn73,cnn33:motif_cnn33_hct116_sequence_cnn_ig_189;cnn33:motif_cnn33_hct116_sequence_cnn_ig_222;cnn33:motif_cnn33_hek293t_sequence_cnn_ig_361;cnn33:motif_cnn33_hek293t_sequence_cnn_ig_363;cnn33:motif_cnn33_hela_sequence_cnn_ig_057;cnn33:motif_cnn33_hela_sequence_cnn_ig_085;cnn33:motif_cnn33_hl60_sequence_cnn_ig_301;cnn53:motif_cnn53_hct116_sequence_cnn_ig_166;cnn53:motif_cnn53_hct116_sequence_cnn_ig_167;cnn53:motif_cnn53_hela_sequence_cnn_ig_059;cnn53:motif_cnn53_hela_sequence_cnn_ig_084;cnn53:motif_cnn53_hl60_sequence_cnn_ig_287;cnn53:motif_cnn53_hl60_sequence_cnn_ig_303;cnn73:motif_cnn73_hct116_sequence_cnn_ig_169;cnn73:motif_cnn73_hct116_sequence_cnn_ig_171;cnn73:motif_cnn73_hek293t_sequence_cnn_ig_366;cnn73:motif_cnn73_hek293t_sequence_cnn_ig_368;cnn73:motif_cnn73_hela_sequence_cnn_ig_061;cnn73:motif_cnn73_hela_sequence_cnn_ig_063;cnn73:motif_cnn73_hl60_sequence_cnn_ig_306;cnn73:motif_cnn73_hl60_sequence_cnn_ig_308,1.0,ok,
motif_cnn73_hek293t_sequence_cnn_ig_366,cnn_kernel_variant,sequence|cnn_ig,22,3,cnn33;cnn53;cnn73,cnn33:motif_cnn33_hct116_sequence_cnn_ig_189;cnn33:motif_cnn33_hct116_sequence_cnn_ig_222;cnn33:motif_cnn33_hek293t_sequence_cnn_ig_361;cnn33:motif_cnn33_hek293t_sequence_cnn_ig_363;cnn33:motif_cnn33_hela_sequence_cnn_ig_057;cnn33:motif_cnn33_hela_sequence_cnn_ig_085;cnn33:motif_cnn33_hl60_sequence_cnn_ig_301;cnn53:motif_cnn53_hct116_sequence_cnn_ig_166;cnn53:motif_cnn53_hct116_sequence_cnn_ig_167;cnn53:motif_cnn53_hek293t_sequence_cnn_ig_364;cnn53:motif_cnn53_hela_sequence_cnn_ig_059;cnn53:motif_cnn53_hela_sequence_cnn_ig_084;cnn53:motif_cnn53_hl60_sequence_cnn_ig_287;cnn53:motif_cnn53_hl60_sequence_cnn_ig_303;cnn73:motif_cnn73_hct116_sequence_cnn_ig_169;cnn73:motif_cnn73_hct116_sequence_cnn_ig_171;cnn73:motif_cnn73_hek293t_sequence_cnn_ig_368;cnn73:motif_cnn73_hela_sequence_cnn_ig_061;cnn73:motif_cnn73_hela_sequence_cnn_ig_063;cnn73:motif_cnn73_hl60_sequence_cnn_ig_306;cnn73:motif_cnn73_hl60_sequence_cnn_ig_308,1.0,ok,
motif_cnn73_hek293t_sequence_cnn_ig_368,cnn_kernel_variant,sequence|cnn_ig,22,3,cnn33;cnn53;cnn73,cnn33:motif_cnn33_hct116_sequence_cnn_ig_189;cnn33:motif_cnn33_hct116_sequence_cnn_ig_222;cnn33:motif_cnn33_hek293t_sequence_cnn_ig_361;cnn33:motif_cnn33_hek293t_sequence_cnn_ig_363;cnn33:motif_cnn33_hela_sequence_cnn_ig_057;cnn33:motif_cnn33_hela_sequence_cnn_ig_085;cnn33:motif_cnn33_hl60_sequence_cnn_ig_301;cnn53:motif_cnn53_hct116_sequence_cnn_ig_166;cnn53:motif_cnn53_hct116_sequence_cnn_ig_167;cnn53:motif_cnn53_hek293t_sequence_cnn_ig_364;cnn53:motif_cnn53_hela_sequence_cnn_ig_059;cnn53:motif_cnn53_hela_sequence_cnn_ig_084;cnn53:motif_cnn53_hl60_sequence_cnn_ig_287;cnn53:motif_cnn53_hl60_sequence_cnn_ig_303;cnn73:motif_cnn73_hct116_sequence_cnn_ig_169;cnn73:motif_cnn73_hct116_sequence_cnn_ig_171;cnn73:motif_cnn73_hek293t_sequence_cnn_ig_366;cnn73:motif_cnn73_hela_sequence_cnn_ig_061;cnn73:motif_cnn73_hela_sequence_cnn_ig_063;cnn73:motif_cnn73_hl60_sequence_cnn_ig_306;cnn73:motif_cnn73_hl60_sequence_cnn_ig_308,1.0,ok,
motif_cnn33_hek293t_sequence_cnn_ig_370,cnn_kernel_variant,sequence|cnn_ig,22,3,cnn33;cnn53;cnn73,cnn33:motif_cnn33_hct116_sequence_cnn_ig_138;cnn33:motif_cnn33_hct116_sequence_cnn_ig_140;cnn33:motif_cnn33_hek293t_sequence_cnn_ig_374;cnn33:motif_cnn33_hela_sequence_cnn_ig_044;cnn33:motif_cnn33_hela_sequence_cnn_ig_106;cnn33:motif_cnn33_hl60_sequence_cnn_ig_432;cnn53:motif_cnn53_hct116_sequence_cnn_ig_141;cnn53:motif_cnn53_hct116_sequence_cnn_ig_187;cnn53:motif_cnn53_hek293t_sequence_cnn_ig_376;cnn53:motif_cnn53_hela_sequence_cnn_ig_045;cnn53:motif_cnn53_hela_sequence_cnn_ig_054;cnn53:motif_cnn53_hl60_sequence_cnn_ig_436;cnn53:motif_cnn53_hl60_sequence_cnn_ig_445;cnn73:motif_cnn73_hct116_sequence_cnn_ig_144;cnn73:motif_cnn73_hct116_sequence_cnn_ig_146;cnn73:motif_cnn73_hek293t_sequence_cnn_ig_380;cnn73:motif_cnn73_hek293t_sequence_cnn_ig_382;cnn73:motif_cnn73_hela_sequence_cnn_ig_047;cnn73:motif_cnn73_hela_sequence_cnn_ig_049;cnn73:motif_cnn73_hl60_sequence_cnn_ig_438;cnn73:motif_cnn73_hl60_sequence_cnn_ig_440,1.0,ok,
motif_cnn33_hek293t_sequence_cnn_ig_374,cnn_kernel_variant,sequence|cnn_ig,22,3,cnn33;cnn53;cnn73,cnn33:motif_cnn33_hct116_sequence_cnn_ig_138;cnn33:motif_cnn33_hct116_sequence_cnn_ig_140;cnn33:motif_cnn33_hek293t_sequence_cnn_ig_370;cnn33:motif_cnn33_hela_sequence_cnn_ig_044;cnn33:motif_cnn33_hela_sequence_cnn_ig_106;cnn33:motif_cnn33_hl60_sequence_cnn_ig_432;cnn53:motif_cnn53_hct116_sequence_cnn_ig_141;cnn53:motif_cnn53_hct116_sequence_cnn_ig_187;cnn53:motif_cnn53_hek293t_sequence_cnn_ig_376;cnn53:motif_cnn53_hela_sequence_cnn_ig_045;cnn53:motif_cnn53_hela_sequence_cnn_ig_054;cnn53:motif_cnn53_hl60_sequence_cnn_ig_436;cnn53:motif_cnn53_hl60_sequence_cnn_ig_445;cnn73:motif_cnn73_hct116_sequence_cnn_ig_144;cnn73:motif_cnn73_hct116_sequence_cnn_ig_146;cnn73:motif_cnn73_hek293t_sequence_cnn_ig_380;cnn73:motif_cnn73_hek293t_sequence_cnn_ig_382;cnn73:motif_cnn73_hela_sequence_cnn_ig_047;cnn73:motif_cnn73_hela_sequence_cnn_ig_049;cnn73:motif_cnn73_hl60_sequence_cnn_ig_438;cnn73:motif_cnn73_hl60_sequence_cnn_ig_440,1.0,ok,
motif_cnn53_hek293t_sequence_cnn_ig_376,cnn_kernel_variant,sequence|cnn_ig,22,3,cnn33;cnn53;cnn73,cnn33:motif_cnn33_hct116_sequence_cnn_ig_138;cnn33:motif_cnn33_hct116_sequence_cnn_ig_140;cnn33:motif_cnn33_hek293t_sequence_cnn_ig_370;cnn33:motif_cnn33_hek293t_sequence_cnn_ig_374;cnn33:motif_cnn33_hela_sequence_cnn_ig_044;cnn33:motif_cnn33_hela_sequence_cnn_ig_106;cnn33:motif_cnn33_hl60_sequence_cnn_ig_432;cnn53:motif_cnn53_hct116_sequence_cnn_ig_141;cnn53:motif_cnn53_hct116_sequence_cnn_ig_187;cnn53:motif_cnn53_hela_sequence_cnn_ig_045;cnn53:motif_cnn53_hela_sequence_cnn_ig_054;cnn53:motif_cnn53_hl60_sequence_cnn_ig_436;cnn53:motif_cnn53_hl60_sequence_cnn_ig_445;cnn73:motif_cnn73_hct116_sequence_cnn_ig_144;cnn73:motif_cnn73_hct116_sequence_cnn_ig_146;cnn73:motif_cnn73_hek293t_sequence_cnn_ig_380;cnn73:motif_cnn73_hek293t_sequence_cnn_ig_382;cnn73:motif_cnn73_hela_sequence_cnn_ig_047;cnn73:motif_cnn73_hela_sequence_cnn_ig_049;cnn73:motif_cnn73_hl60_sequence_cnn_ig_438;cnn73:motif_cnn73_hl60_sequence_cnn_ig_440,1.0,ok,
motif_cnn73_hek293t_sequence_cnn_ig_380,cnn_kernel_variant,sequence|cnn_ig,22,3,cnn33;cnn53;cnn73,cnn33:motif_cnn33_hct116_sequence_cnn_ig_138;cnn33:motif_cnn33_hct116_sequence_cnn_ig_140;cnn33:motif_cnn33_hek293t_sequence_cnn_ig_370;cnn33:motif_cnn33_hek293t_sequence_cnn_ig_374;cnn33:motif_cnn33_hela_sequence_cnn_ig_044;cnn33:motif_cnn33_hela_sequence_cnn_ig_106;cnn33:motif_cnn33_hl60_sequence_cnn_ig_432;cnn53:motif_cnn53_hct116_sequence_cnn_ig_141;cnn53:motif_cnn53_hct116_sequence_cnn_ig_187;cnn53:motif_cnn53_hek293t_sequence_cnn_ig_376;cnn53:motif_cnn53_hela_sequence_cnn_ig_045;cnn53:motif_cnn53_hela_sequence_cnn_ig_054;cnn53:motif_cnn53_hl60_sequence_cnn_ig_436;cnn53:motif_cnn53_hl60_sequence_cnn_ig_445;cnn73:motif_cnn73_hct116_sequence_cnn_ig_144;cnn73:motif_cnn73_hct116_sequence_cnn_ig_146;cnn73:motif_cnn73_hek293t_sequence_cnn_ig_382;cnn73:motif_cnn73_hela_sequence_cnn_ig_047;cnn73:motif_cnn73_hela_sequence_cnn_ig_049;cnn73:motif_cnn73_hl60_sequence_cnn_ig_438;cnn73:motif_cnn73_hl60_sequence_cnn_ig_440,1.0,ok,
motif_cnn73_hek293t_sequence_cnn_ig_382,cnn_kernel_variant,sequence|cnn_ig,22,3,cnn33;cnn53;cnn73,cnn33:motif_cnn33_hct116_sequence_cnn_ig_138;cnn33:motif_cnn33_hct116_sequence_cnn_ig_140;cnn33:motif_cnn33_hek293t_sequence_cnn_ig_370;cnn33:motif_cnn33_hek293t_sequence_cnn_ig_374;cnn33:motif_cnn33_hela_sequence_cnn_ig_044;cnn33:motif_cnn33_hela_sequence_cnn_ig_106;cnn33:motif_cnn33_hl60_sequence_cnn_ig_432;cnn53:motif_cnn53_hct116_sequence_cnn_ig_141;cnn53:motif_cnn53_hct116_sequence_cnn_ig_187;cnn53:motif_cnn53_hek293t_sequence_cnn_ig_376;cnn53:motif_cnn53_hela_sequence_cnn_ig_045;cnn53:motif_cnn53_hela_sequence_cnn_ig_054;cnn53:motif_cnn53_hl60_sequence_cnn_ig_436;cnn53:motif_cnn53_hl60_sequence_cnn_ig_445;cnn73:motif_cnn73_hct116_sequence_cnn_ig_144;cnn73:motif_cnn73_hct116_sequence_cnn_ig_146;cnn73:motif_cnn73_hek293t_sequence_cnn_ig_380;cnn73:motif_cnn73_hela_sequence_cnn_ig_047;cnn73:motif_cnn73_hela_sequence_cnn_ig_049;cnn73:motif_cnn73_hl60_sequence_cnn_ig_438;cnn73:motif_cnn73_hl60_sequence_cnn_ig_440,1.0,ok,
motif_cnn33_hek293t_sequence_cnn_ig_385,cnn_kernel_variant,sequence|cnn_ig,6,3,cnn33;cnn53;cnn73,cnn33:motif_cnn33_hek293t_sequence_cnn_ig_391;cnn53:motif_cnn53_hek293t_sequence_cnn_ig_396;cnn53:motif_cnn53_hek293t_sequence_cnn_ig_410;cnn73:motif_cnn73_hek293t_sequence_cnn_ig_388;cnn73:motif_cnn73_hek293t_sequence_cnn_ig_390,1.0,ok,
motif_cnn73_hek293t_sequence_cnn_ig_388,cnn_kernel_variant,sequence|cnn_ig,6,3,cnn33;cnn53;cnn73,cnn33:motif_cnn33_hek293t_sequence_cnn_ig_385;cnn33:motif_cnn33_hek293t_sequence_cnn_ig_391;cnn53:motif_cnn53_hek293t_sequence_cnn_ig_396;cnn53:motif_cnn53_hek293t_sequence_cnn_ig_410;cnn73:motif_cnn73_hek293t_sequence_cnn_ig_390,1.0,ok,
motif_cnn73_hek293t_sequence_cnn_ig_390,cnn_kernel_variant,sequence|cnn_ig,6,3,cnn33;cnn53;cnn73,cnn33:motif_cnn33_hek293t_sequence_cnn_ig_385;cnn33:motif_cnn33_hek293t_sequence_cnn_ig_391;cnn53:motif_cnn53_hek293t_sequence_cnn_ig_396;cnn53:motif_cnn53_hek293t_sequence_cnn_ig_410;cnn73:motif_cnn73_hek293t_sequence_cnn_ig_388,1.0,ok,
motif_cnn33_hek293t_sequence_cnn_ig_391,cnn_kernel_variant,sequence|cnn_ig,6,3,cnn33;cnn53;cnn73,cnn33:motif_cnn33_hek293t_sequence_cnn_ig_385;cnn53:motif_cnn53_hek293t_sequence_cnn_ig_396;cnn53:motif_cnn53_hek293t_sequence_cnn_ig_410;cnn73:motif_cnn73_hek293t_sequence_cnn_ig_388;cnn73:motif_cnn73_hek293t_sequence_cnn_ig_390,1.0,ok,
motif_cnn53_hl60_sequence_cnn_ig_393,cnn_kernel_variant,sequence|cnn_ig,8,3,cnn33;cnn53;cnn73,cnn33:motif_cnn33_hl60_sequence_cnn_ig_394;cnn33:motif_cnn33_hl60_sequence_cnn_ig_458;cnn53:motif_cnn53_hct116_sequence_cnn_ig_240;cnn53:motif_cnn53_hl60_sequence_cnn_ig_398;cnn73:motif_cnn73_hct116_sequence_cnn_ig_242;cnn73:motif_cnn73_hl60_sequence_cnn_ig_401;cnn73:motif_cnn73_hl60_sequence_cnn_ig_403,1.0,ok,
motif_cnn33_hl60_sequence_cnn_ig_394,cnn_kernel_variant,sequence|cnn_ig,8,3,cnn33;cnn53;cnn73,cnn33:motif_cnn33_hl60_sequence_cnn_ig_458;cnn53:motif_cnn53_hct116_sequence_cnn_ig_240;cnn53:motif_cnn53_hl60_sequence_cnn_ig_393;cnn53:motif_cnn53_hl60_sequence_cnn_ig_398;cnn73:motif_cnn73_hct116_sequence_cnn_ig_242;cnn73:motif_cnn73_hl60_sequence_cnn_ig_401;cnn73:motif_cnn73_hl60_sequence_cnn_ig_403,1.0,ok,
motif_cnn53_hek293t_sequence_cnn_ig_396,cnn_kernel_variant,sequence|cnn_ig,6,3,cnn33;cnn53;cnn73,cnn33:motif_cnn33_hek293t_sequence_cnn_ig_385;cnn33:motif_cnn33_hek293t_sequence_cnn_ig_391;cnn53:motif_cnn53_hek293t_sequence_cnn_ig_410;cnn73:motif_cnn73_hek293t_sequence_cnn_ig_388;cnn73:motif_cnn73_hek293t_sequence_cnn_ig_390,1.0,ok,
motif_cnn53_hl60_sequence_cnn_ig_398,cnn_kernel_variant,sequence|cnn_ig,8,3,cnn33;cnn53;cnn73,cnn33:motif_cnn33_hl60_sequence_cnn_ig_394;cnn33:motif_cnn33_hl60_sequence_cnn_ig_458;cnn53:motif_cnn53_hct116_sequence_cnn_ig_240;cnn53:motif_cnn53_hl60_sequence_cnn_ig_393;cnn73:motif_cnn73_hct116_sequence_cnn_ig_242;cnn73:motif_cnn73_hl60_sequence_cnn_ig_401;cnn73:motif_cnn73_hl60_sequence_cnn_ig_403,1.0,ok,
motif_cnn73_hl60_sequence_cnn_ig_401,cnn_kernel_variant,sequence|cnn_ig,8,3,cnn33;cnn53;cnn73,cnn33:motif_cnn33_hl60_sequence_cnn_ig_394;cnn33:motif_cnn33_hl60_sequence_cnn_ig_458;cnn53:motif_cnn53_hct116_sequence_cnn_ig_240;cnn53:motif_cnn53_hl60_sequence_cnn_ig_393;cnn53:motif_cnn53_hl60_sequence_cnn_ig_398;cnn73:motif_cnn73_hct116_sequence_cnn_ig_242;cnn73:motif_cnn73_hl60_sequence_cnn_ig_403,1.0,ok,
motif_cnn73_hl60_sequence_cnn_ig_403,cnn_kernel_variant,sequence|cnn_ig,8,3,cnn33;cnn53;cnn73,cnn33:motif_cnn33_hl60_sequence_cnn_ig_394;cnn33:motif_cnn33_hl60_sequence_cnn_ig_458;cnn53:motif_cnn53_hct116_sequence_cnn_ig_240;cnn53:motif_cnn53_hl60_sequence_cnn_ig_393;cnn53:motif_cnn53_hl60_sequence_cnn_ig_398;cnn73:motif_cnn73_hct116_sequence_cnn_ig_242;cnn73:motif_cnn73_hl60_sequence_cnn_ig_401,1.0,ok,
motif_cnn33_hl60_sequence_cnn_ig_405,cnn_kernel_variant,sequence|cnn_ig,24,3,cnn33;cnn53;cnn73,cnn33:motif_cnn33_hct116_sequence_cnn_ig_136;cnn33:motif_cnn33_hct116_sequence_cnn_ig_176;cnn33:motif_cnn33_hek293t_sequence_cnn_ig_290;cnn33:motif_cnn33_hek293t_sequence_cnn_ig_292;cnn33:motif_cnn33_hela_sequence_cnn_ig_025;cnn33:motif_cnn33_hela_sequence_cnn_ig_065;cnn33:motif_cnn33_hl60_sequence_cnn_ig_275;cnn53:motif_cnn53_hct116_sequence_cnn_ig_112;cnn53:motif_cnn53_hct116_sequence_cnn_ig_113;cnn53:motif_cnn53_hek293t_sequence_cnn_ig_293;cnn53:motif_cnn53_hek293t_sequence_cnn_ig_333;cnn53:motif_cnn53_hela_sequence_cnn_ig_027;cnn53:motif_cnn53_hela_sequence_cnn_ig_067;cnn53:motif_cnn53_hl60_sequence_cnn_ig_269;cnn53:motif_cnn53_hl60_sequence_cnn_ig_278;cnn73:motif_cnn73_hct116_sequence_cnn_ig_115;cnn73:motif_cnn73_hct116_sequence_cnn_ig_117;cnn73:motif_cnn73_hek293t_sequence_cnn_ig_295;cnn73:motif_cnn73_hek293t_sequence_cnn_ig_297;cnn73:motif_cnn73_hela_sequence_cnn_ig_029;cnn73:motif_cnn73_hela_sequence_cnn_ig_031;cnn73:motif_cnn73_hl60_sequence_cnn_ig_281;cnn73:motif_cnn73_hl60_sequence_cnn_ig_284,1.0,ok,
motif_cnn53_hek293t_sequence_cnn_ig_410,cnn_kernel_variant,sequence|cnn_ig,6,3,cnn33;cnn53;cnn73,cnn33:motif_cnn33_hek293t_sequence_cnn_ig_385;cnn33:motif_cnn33_hek293t_sequence_cnn_ig_391;cnn53:motif_cnn53_hek293t_sequence_cnn_ig_396;cnn73:motif_cnn73_hek293t_sequence_cnn_ig_388;cnn73:motif_cnn73_hek293t_sequence_cnn_ig_390,1.0,ok,
motif_cnn33_hl60_sequence_cnn_ig_416,cnn_kernel_variant,sequence|cnn_ig,24,3,cnn33;cnn53;cnn73,cnn33:motif_cnn33_hct116_sequence_cnn_ig_126;cnn33:motif_cnn33_hct116_sequence_cnn_ig_128;cnn33:motif_cnn33_hek293t_sequence_cnn_ig_261;cnn33:motif_cnn33_hek293t_sequence_cnn_ig_263;cnn33:motif_cnn33_hela_sequence_cnn_ig_033;cnn33:motif_cnn33_hela_sequence_cnn_ig_066;cnn33:motif_cnn33_hl60_sequence_cnn_ig_335;cnn53:motif_cnn53_hct116_sequence_cnn_ig_129;cnn53:motif_cnn53_hct116_sequence_cnn_ig_152;cnn53:motif_cnn53_hek293t_sequence_cnn_ig_264;cnn53:motif_cnn53_hek293t_sequence_cnn_ig_273;cnn53:motif_cnn53_hela_sequence_cnn_ig_036;cnn53:motif_cnn53_hela_sequence_cnn_ig_042;cnn53:motif_cnn53_hl60_sequence_cnn_ig_338;cnn53:motif_cnn53_hl60_sequence_cnn_ig_442;cnn73:motif_cnn73_hct116_sequence_cnn_ig_131;cnn73:motif_cnn73_hct116_sequence_cnn_ig_133;cnn73:motif_cnn73_hek293t_sequence_cnn_ig_266;cnn73:motif_cnn73_hek293t_sequence_cnn_ig_268;cnn73:motif_cnn73_hela_sequence_cnn_ig_038;cnn73:motif_cnn73_hela_sequence_cnn_ig_040;cnn73:motif_cnn73_hl60_sequence_cnn_ig_340;cnn73:motif_cnn73_hl60_sequence_cnn_ig_342,1.0,ok,
motif_cnn33_hl60_sequence_cnn_ig_422,cnn_kernel_variant,sequence|cnn_ig,10,3,cnn33;cnn53;cnn73,cnn33:motif_cnn33_hek293t_sequence_cnn_ig_323;cnn33:motif_cnn33_hek293t_sequence_cnn_ig_325;cnn53:motif_cnn53_hek293t_sequence_cnn_ig_327;cnn53:motif_cnn53_hl60_sequence_cnn_ig_425;cnn53:motif_cnn53_hl60_sequence_cnn_ig_430;cnn73:motif_cnn73_hek293t_sequence_cnn_ig_330;cnn73:motif_cnn73_hek293t_sequence_cnn_ig_332;cnn73:motif_cnn73_hl60_sequence_cnn_ig_427;cnn73:motif_cnn73_hl60_sequence_cnn_ig_429,1.0,ok,
motif_cnn53_hl60_sequence_cnn_ig_425,cnn_kernel_variant,sequence|cnn_ig,10,3,cnn33;cnn53;cnn73,cnn33:motif_cnn33_hek293t_sequence_cnn_ig_323;cnn33:motif_cnn33_hek293t_sequence_cnn_ig_325;cnn33:motif_cnn33_hl60_sequence_cnn_ig_422;cnn53:motif_cnn53_hek293t_sequence_cnn_ig_327;cnn53:motif_cnn53_hl60_sequence_cnn_ig_430;cnn73:motif_cnn73_hek293t_sequence_cnn_ig_330;cnn73:motif_cnn73_hek293t_sequence_cnn_ig_332;cnn73:motif_cnn73_hl60_sequence_cnn_ig_427;cnn73:motif_cnn73_hl60_sequence_cnn_ig_429,1.0,ok,
motif_cnn73_hl60_sequence_cnn_ig_427,cnn_kernel_variant,sequence|cnn_ig,10,3,cnn33;cnn53;cnn73,cnn33:motif_cnn33_hek293t_sequence_cnn_ig_323;cnn33:motif_cnn33_hek293t_sequence_cnn_ig_325;cnn33:motif_cnn33_hl60_sequence_cnn_ig_422;cnn53:motif_cnn53_hek293t_sequence_cnn_ig_327;cnn53:motif_cnn53_hl60_sequence_cnn_ig_425;cnn53:motif_cnn53_hl60_sequence_cnn_ig_430;cnn73:motif_cnn73_hek293t_sequence_cnn_ig_330;cnn73:motif_cnn73_hek293t_sequence_cnn_ig_332;cnn73:motif_cnn73_hl60_sequence_cnn_ig_429,1.0,ok,
motif_cnn73_hl60_sequence_cnn_ig_429,cnn_kernel_variant,sequence|cnn_ig,10,3,cnn33;cnn53;cnn73,cnn33:motif_cnn33_hek293t_sequence_cnn_ig_323;cnn33:motif_cnn33_hek293t_sequence_cnn_ig_325;cnn33:motif_cnn33_hl60_sequence_cnn_ig_422;cnn53:motif_cnn53_hek293t_sequence_cnn_ig_327;cnn53:motif_cnn53_hl60_sequence_cnn_ig_425;cnn53:motif_cnn53_hl60_sequence_cnn_ig_430;cnn73:motif_cnn73_hek293t_sequence_cnn_ig_330;cnn73:motif_cnn73_hek293t_sequence_cnn_ig_332;cnn73:motif_cnn73_hl60_sequence_cnn_ig_427,1.0,ok,
motif_cnn53_hl60_sequence_cnn_ig_430,cnn_kernel_variant,sequence|cnn_ig,10,3,cnn33;cnn53;cnn73,cnn33:motif_cnn33_hek293t_sequence_cnn_ig_323;cnn33:motif_cnn33_hek293t_sequence_cnn_ig_325;cnn33:motif_cnn33_hl60_sequence_cnn_ig_422;cnn53:motif_cnn53_hek293t_sequence_cnn_ig_327;cnn53:motif_cnn53_hl60_sequence_cnn_ig_425;cnn73:motif_cnn73_hek293t_sequence_cnn_ig_330;cnn73:motif_cnn73_hek293t_sequence_cnn_ig_332;cnn73:motif_cnn73_hl60_sequence_cnn_ig_427;cnn73:motif_cnn73_hl60_sequence_cnn_ig_429,1.0,ok,
motif_cnn33_hl60_sequence_cnn_ig_432,cnn_kernel_variant,sequence|cnn_ig,22,3,cnn33;cnn53;cnn73,cnn33:motif_cnn33_hct116_sequence_cnn_ig_138;cnn33:motif_cnn33_hct116_sequence_cnn_ig_140;cnn33:motif_cnn33_hek293t_sequence_cnn_ig_370;cnn33:motif_cnn33_hek293t_sequence_cnn_ig_374;cnn33:motif_cnn33_hela_sequence_cnn_ig_044;cnn33:motif_cnn33_hela_sequence_cnn_ig_106;cnn53:motif_cnn53_hct116_sequence_cnn_ig_141;cnn53:motif_cnn53_hct116_sequence_cnn_ig_187;cnn53:motif_cnn53_hek293t_sequence_cnn_ig_376;cnn53:motif_cnn53_hela_sequence_cnn_ig_045;cnn53:motif_cnn53_hela_sequence_cnn_ig_054;cnn53:motif_cnn53_hl60_sequence_cnn_ig_436;cnn53:motif_cnn53_hl60_sequence_cnn_ig_445;cnn73:motif_cnn73_hct116_sequence_cnn_ig_144;cnn73:motif_cnn73_hct116_sequence_cnn_ig_146;cnn73:motif_cnn73_hek293t_sequence_cnn_ig_380;cnn73:motif_cnn73_hek293t_sequence_cnn_ig_382;cnn73:motif_cnn73_hela_sequence_cnn_ig_047;cnn73:motif_cnn73_hela_sequence_cnn_ig_049;cnn73:motif_cnn73_hl60_sequence_cnn_ig_438;cnn73:motif_cnn73_hl60_sequence_cnn_ig_440,1.0,ok,
motif_cnn53_hl60_sequence_cnn_ig_436,cnn_kernel_variant,sequence|cnn_ig,22,3,cnn33;cnn53;cnn73,cnn33:motif_cnn33_hct116_sequence_cnn_ig_138;cnn33:motif_cnn33_hct116_sequence_cnn_ig_140;cnn33:motif_cnn33_hek293t_sequence_cnn_ig_370;cnn33:motif_cnn33_hek293t_sequence_cnn_ig_374;cnn33:motif_cnn33_hela_sequence_cnn_ig_044;cnn33:motif_cnn33_hela_sequence_cnn_ig_106;cnn33:motif_cnn33_hl60_sequence_cnn_ig_432;cnn53:motif_cnn53_hct116_sequence_cnn_ig_141;cnn53:motif_cnn53_hct116_sequence_cnn_ig_187;cnn53:motif_cnn53_hek293t_sequence_cnn_ig_376;cnn53:motif_cnn53_hela_sequence_cnn_ig_045;cnn53:motif_cnn53_hela_sequence_cnn_ig_054;cnn53:motif_cnn53_hl60_sequence_cnn_ig_445;cnn73:motif_cnn73_hct116_sequence_cnn_ig_144;cnn73:motif_cnn73_hct116_sequence_cnn_ig_146;cnn73:motif_cnn73_hek293t_sequence_cnn_ig_380;cnn73:motif_cnn73_hek293t_sequence_cnn_ig_382;cnn73:motif_cnn73_hela_sequence_cnn_ig_047;cnn73:motif_cnn73_hela_sequence_cnn_ig_049;cnn73:motif_cnn73_hl60_sequence_cnn_ig_438;cnn73:motif_cnn73_hl60_sequence_cnn_ig_440,1.0,ok,
motif_cnn73_hl60_sequence_cnn_ig_438,cnn_kernel_variant,sequence|cnn_ig,22,3,cnn33;cnn53;cnn73,cnn33:motif_cnn33_hct116_sequence_cnn_ig_138;cnn33:motif_cnn33_hct116_sequence_cnn_ig_140;cnn33:motif_cnn33_hek293t_sequence_cnn_ig_370;cnn33:motif_cnn33_hek293t_sequence_cnn_ig_374;cnn33:motif_cnn33_hela_sequence_cnn_ig_044;cnn33:motif_cnn33_hela_sequence_cnn_ig_106;cnn33:motif_cnn33_hl60_sequence_cnn_ig_432;cnn53:motif_cnn53_hct116_sequence_cnn_ig_141;cnn53:motif_cnn53_hct116_sequence_cnn_ig_187;cnn53:motif_cnn53_hek293t_sequence_cnn_ig_376;cnn53:motif_cnn53_hela_sequence_cnn_ig_045;cnn53:motif_cnn53_hela_sequence_cnn_ig_054;cnn53:motif_cnn53_hl60_sequence_cnn_ig_436;cnn53:motif_cnn53_hl60_sequence_cnn_ig_445;cnn73:motif_cnn73_hct116_sequence_cnn_ig_144;cnn73:motif_cnn73_hct116_sequence_cnn_ig_146;cnn73:motif_cnn73_hek293t_sequence_cnn_ig_380;cnn73:motif_cnn73_hek293t_sequence_cnn_ig_382;cnn73:motif_cnn73_hela_sequence_cnn_ig_047;cnn73:motif_cnn73_hela_sequence_cnn_ig_049;cnn73:motif_cnn73_hl60_sequence_cnn_ig_440,1.0,ok,
motif_cnn73_hl60_sequence_cnn_ig_440,cnn_kernel_variant,sequence|cnn_ig,22,3,cnn33;cnn53;cnn73,cnn33:motif_cnn33_hct116_sequence_cnn_ig_138;cnn33:motif_cnn33_hct116_sequence_cnn_ig_140;cnn33:motif_cnn33_hek293t_sequence_cnn_ig_370;cnn33:motif_cnn33_hek293t_sequence_cnn_ig_374;cnn33:motif_cnn33_hela_sequence_cnn_ig_044;cnn33:motif_cnn33_hela_sequence_cnn_ig_106;cnn33:motif_cnn33_hl60_sequence_cnn_ig_432;cnn53:motif_cnn53_hct116_sequence_cnn_ig_141;cnn53:motif_cnn53_hct116_sequence_cnn_ig_187;cnn53:motif_cnn53_hek293t_sequence_cnn_ig_376;cnn53:motif_cnn53_hela_sequence_cnn_ig_045;cnn53:motif_cnn53_hela_sequence_cnn_ig_054;cnn53:motif_cnn53_hl60_sequence_cnn_ig_436;cnn53:motif_cnn53_hl60_sequence_cnn_ig_445;cnn73:motif_cnn73_hct116_sequence_cnn_ig_144;cnn73:motif_cnn73_hct116_sequence_cnn_ig_146;cnn73:motif_cnn73_hek293t_sequence_cnn_ig_380;cnn73:motif_cnn73_hek293t_sequence_cnn_ig_382;cnn73:motif_cnn73_hela_sequence_cnn_ig_047;cnn73:motif_cnn73_hela_sequence_cnn_ig_049;cnn73:motif_cnn73_hl60_sequence_cnn_ig_438,1.0,ok,
motif_cnn53_hl60_sequence_cnn_ig_442,cnn_kernel_variant,sequence|cnn_ig,24,3,cnn33;cnn53;cnn73,cnn33:motif_cnn33_hct116_sequence_cnn_ig_126;cnn33:motif_cnn33_hct116_sequence_cnn_ig_128;cnn33:motif_cnn33_hek293t_sequence_cnn_ig_261;cnn33:motif_cnn33_hek293t_sequence_cnn_ig_263;cnn33:motif_cnn33_hela_sequence_cnn_ig_033;cnn33:motif_cnn33_hela_sequence_cnn_ig_066;cnn33:motif_cnn33_hl60_sequence_cnn_ig_335;cnn33:motif_cnn33_hl60_sequence_cnn_ig_416;cnn53:motif_cnn53_hct116_sequence_cnn_ig_129;cnn53:motif_cnn53_hct116_sequence_cnn_ig_152;cnn53:motif_cnn53_hek293t_sequence_cnn_ig_264;cnn53:motif_cnn53_hek293t_sequence_cnn_ig_273;cnn53:motif_cnn53_hela_sequence_cnn_ig_036;cnn53:motif_cnn53_hela_sequence_cnn_ig_042;cnn53:motif_cnn53_hl60_sequence_cnn_ig_338;cnn73:motif_cnn73_hct116_sequence_cnn_ig_131;cnn73:motif_cnn73_hct116_sequence_cnn_ig_133;cnn73:motif_cnn73_hek293t_sequence_cnn_ig_266;cnn73:motif_cnn73_hek293t_sequence_cnn_ig_268;cnn73:motif_cnn73_hela_sequence_cnn_ig_038;cnn73:motif_cnn73_hela_sequence_cnn_ig_040;cnn73:motif_cnn73_hl60_sequence_cnn_ig_340;cnn73:motif_cnn73_hl60_sequence_cnn_ig_342,1.0,ok,
motif_cnn53_hl60_sequence_cnn_ig_445,cnn_kernel_variant,sequence|cnn_ig,22,3,cnn33;cnn53;cnn73,cnn33:motif_cnn33_hct116_sequence_cnn_ig_138;cnn33:motif_cnn33_hct116_sequence_cnn_ig_140;cnn33:motif_cnn33_hek293t_sequence_cnn_ig_370;cnn33:motif_cnn33_hek293t_sequence_cnn_ig_374;cnn33:motif_cnn33_hela_sequence_cnn_ig_044;cnn33:motif_cnn33_hela_sequence_cnn_ig_106;cnn33:motif_cnn33_hl60_sequence_cnn_ig_432;cnn53:motif_cnn53_hct116_sequence_cnn_ig_141;cnn53:motif_cnn53_hct116_sequence_cnn_ig_187;cnn53:motif_cnn53_hek293t_sequence_cnn_ig_376;cnn53:motif_cnn53_hela_sequence_cnn_ig_045;cnn53:motif_cnn53_hela_sequence_cnn_ig_054;cnn53:motif_cnn53_hl60_sequence_cnn_ig_436;cnn73:motif_cnn73_hct116_sequence_cnn_ig_144;cnn73:motif_cnn73_hct116_sequence_cnn_ig_146;cnn73:motif_cnn73_hek293t_sequence_cnn_ig_380;cnn73:motif_cnn73_hek293t_sequence_cnn_ig_382;cnn73:motif_cnn73_hela_sequence_cnn_ig_047;cnn73:motif_cnn73_hela_sequence_cnn_ig_049;cnn73:motif_cnn73_hl60_sequence_cnn_ig_438;cnn73:motif_cnn73_hl60_sequence_cnn_ig_440,1.0,ok,
motif_cnn53_hek293t_sequence_cnn_ig_456,cnn_kernel_variant,sequence|cnn_ig,11,3,cnn33;cnn53;cnn73,cnn33:motif_cnn33_hct116_sequence_cnn_ig_286;cnn33:motif_cnn33_hela_sequence_cnn_ig_086;cnn53:motif_cnn53_hct116_sequence_cnn_ig_192;cnn53:motif_cnn53_hct116_sequence_cnn_ig_218;cnn53:motif_cnn53_hela_sequence_cnn_ig_107;cnn53:motif_cnn53_hela_sequence_cnn_ig_108;cnn73:motif_cnn73_hct116_sequence_cnn_ig_194;cnn73:motif_cnn73_hct116_sequence_cnn_ig_196;cnn73:motif_cnn73_hela_sequence_cnn_ig_088;cnn73:motif_cnn73_hela_sequence_cnn_ig_090,1.0,ok,
motif_cnn33_hl60_sequence_cnn_ig_458,cnn_kernel_variant,sequence|cnn_ig,8,3,cnn33;cnn53;cnn73,cnn33:motif_cnn33_hl60_sequence_cnn_ig_394;cnn53:motif_cnn53_hct116_sequence_cnn_ig_240;cnn53:motif_cnn53_hl60_sequence_cnn_ig_393;cnn53:motif_cnn53_hl60_sequence_cnn_ig_398;cnn73:motif_cnn73_hct116_sequence_cnn_ig_242;cnn73:motif_cnn73_hl60_sequence_cnn_ig_401;cnn73:motif_cnn73_hl60_sequence_cnn_ig_403,1.0,ok,
motif_cnn33_hl60_sequence_cnn_ig_462,cnn_kernel_variant,sequence|cnn_ig,4,3,cnn33;cnn53,cnn33:motif_cnn33_hct116_sequence_cnn_ig_312;cnn33:motif_cnn33_hela_sequence_cnn_ig_162;cnn53:motif_cnn53_hela_sequence_cnn_ig_180,1.0,ok,
motif_cnn53_hek293t_sequence_cnn_ig_507,cnn_kernel_variant,sequence|cnn_ig,11,3,cnn33;cnn53;cnn73,cnn33:motif_cnn33_hct116_sequence_cnn_ig_223;cnn33:motif_cnn33_hct116_sequence_cnn_ig_270;cnn33:motif_cnn33_hct116_sequence_cnn_ig_271;cnn33:motif_cnn33_hela_sequence_cnn_ig_174;cnn53:motif_cnn53_hct116_sequence_cnn_ig_229;cnn53:motif_cnn53_hek293t_sequence_cnn_ig_522;cnn53:motif_cnn53_hela_sequence_cnn_ig_121;cnn73:motif_cnn73_hct116_sequence_cnn_ig_232;cnn73:motif_cnn73_hela_sequence_cnn_ig_123;cnn73:motif_cnn73_hela_sequence_cnn_ig_125,1.0,ok,
motif_cnn33_hl60_sequence_cnn_ig_511,cnn_kernel_variant,sequence|cnn_ig,1,3,cnn33,,1.0,ok,
motif_cnn53_hek293t_sequence_cnn_ig_522,cnn_kernel_variant,sequence|cnn_ig,10,3,cnn33;cnn53;cnn73,cnn33:motif_cnn33_hct116_sequence_cnn_ig_223;cnn33:motif_cnn33_hct116_sequence_cnn_ig_270;cnn33:motif_cnn33_hct116_sequence_cnn_ig_271;cnn53:motif_cnn53_hct116_sequence_cnn_ig_229;cnn53:motif_cnn53_hek293t_sequence_cnn_ig_507;cnn53:motif_cnn53_hela_sequence_cnn_ig_121;cnn73:motif_cnn73_hct116_sequence_cnn_ig_232;cnn73:motif_cnn73_hela_sequence_cnn_ig_123;cnn73:motif_cnn73_hela_sequence_cnn_ig_125,1.0,ok,
motif_cnn33_hl60_sequence_cnn_ig_532,cnn_kernel_variant,sequence|cnn_ig,1,3,cnn33,,1.0,ok,
motif_cnn33_hl60_sequence_cnn_ig_541,cnn_kernel_variant,sequence|cnn_ig,2,3,cnn33;cnn53,cnn53:motif_cnn53_hek293t_sequence_cnn_ig_547,1.0,ok,
motif_cnn53_hek293t_sequence_cnn_ig_547,cnn_kernel_variant,sequence|cnn_ig,2,3,cnn33;cnn53,cnn33:motif_cnn33_hl60_sequence_cnn_ig_541,1.0,ok,
motif_cnn33_hela_sequence_cnn_ig_624,cnn_kernel_variant,sequence|cnn_ig,1,3,cnn33,,1.0,ok,
motif_cnn33_hela_all_cnn_ig_002,cnn_kernel_variant,all|cnn_ig,24,3,cnn33;cnn53;cnn73,cnn33:motif_cnn33_hct116_all_cnn_ig_073;cnn33:motif_cnn33_hct116_all_cnn_ig_091;cnn33:motif_cnn33_hek293t_all_cnn_ig_204;cnn33:motif_cnn33_hek293t_all_cnn_ig_207;cnn33:motif_cnn33_hela_all_cnn_ig_009;cnn33:motif_cnn33_hl60_all_cnn_ig_247;cnn33:motif_cnn33_hl60_all_cnn_ig_249;cnn53:motif_cnn53_hct116_all_cnn_ig_075;cnn53:motif_cnn53_hct116_all_cnn_ig_077;cnn53:motif_cnn53_hek293t_all_cnn_ig_210;cnn53:motif_cnn53_hek293t_all_cnn_ig_216;cnn53:motif_cnn53_hela_all_cnn_ig_011;cnn53:motif_cnn53_hela_all_cnn_ig_022;cnn53:motif_cnn53_hl60_all_cnn_ig_250;cnn53:motif_cnn53_hl60_all_cnn_ig_253;cnn73:motif_cnn73_hct116_all_cnn_ig_079;cnn73:motif_cnn73_hct116_all_cnn_ig_081;cnn73:motif_cnn73_hek293t_all_cnn_ig_211;cnn73:motif_cnn73_hek293t_all_cnn_ig_213;cnn73:motif_cnn73_hela_all_cnn_ig_004;cnn73:motif_cnn73_hela_all_cnn_ig_006;cnn73:motif_cnn73_hl60_all_cnn_ig_255;cnn73:motif_cnn73_hl60_all_cnn_ig_257,1.0,ok,
motif_cnn73_hela_all_cnn_ig_004,cnn_kernel_variant,all|cnn_ig,24,3,cnn33;cnn53;cnn73,cnn33:motif_cnn33_hct116_all_cnn_ig_073;cnn33:motif_cnn33_hct116_all_cnn_ig_091;cnn33:motif_cnn33_hek293t_all_cnn_ig_204;cnn33:motif_cnn33_hek293t_all_cnn_ig_207;cnn33:motif_cnn33_hela_all_cnn_ig_002;cnn33:motif_cnn33_hela_all_cnn_ig_009;cnn33:motif_cnn33_hl60_all_cnn_ig_247;cnn33:motif_cnn33_hl60_all_cnn_ig_249;cnn53:motif_cnn53_hct116_all_cnn_ig_075;cnn53:motif_cnn53_hct116_all_cnn_ig_077;cnn53:motif_cnn53_hek293t_all_cnn_ig_210;cnn53:motif_cnn53_hek293t_all_cnn_ig_216;cnn53:motif_cnn53_hela_all_cnn_ig_011;cnn53:motif_cnn53_hela_all_cnn_ig_022;cnn53:motif_cnn53_hl60_all_cnn_ig_250;cnn53:motif_cnn53_hl60_all_cnn_ig_253;cnn73:motif_cnn73_hct116_all_cnn_ig_079;cnn73:motif_cnn73_hct116_all_cnn_ig_081;cnn73:motif_cnn73_hek293t_all_cnn_ig_211;cnn73:motif_cnn73_hek293t_all_cnn_ig_213;cnn73:motif_cnn73_hela_all_cnn_ig_006;cnn73:motif_cnn73_hl60_all_cnn_ig_255;cnn73:motif_cnn73_hl60_all_cnn_ig_257,1.0,ok,
motif_cnn73_hela_all_cnn_ig_006,cnn_kernel_variant,all|cnn_ig,24,3,cnn33;cnn53;cnn73,cnn33:motif_cnn33_hct116_all_cnn_ig_073;cnn33:motif_cnn33_hct116_all_cnn_ig_091;cnn33:motif_cnn33_hek293t_all_cnn_ig_204;cnn33:motif_cnn33_hek293t_all_cnn_ig_207;cnn33:motif_cnn33_hela_all_cnn_ig_002;cnn33:motif_cnn33_hela_all_cnn_ig_009;cnn33:motif_cnn33_hl60_all_cnn_ig_247;cnn33:motif_cnn33_hl60_all_cnn_ig_249;cnn53:motif_cnn53_hct116_all_cnn_ig_075;cnn53:motif_cnn53_hct116_all_cnn_ig_077;cnn53:motif_cnn53_hek293t_all_cnn_ig_210;cnn53:motif_cnn53_hek293t_all_cnn_ig_216;cnn53:motif_cnn53_hela_all_cnn_ig_011;cnn53:motif_cnn53_hela_all_cnn_ig_022;cnn53:motif_cnn53_hl60_all_cnn_ig_250;cnn53:motif_cnn53_hl60_all_cnn_ig_253;cnn73:motif_cnn73_hct116_all_cnn_ig_079;cnn73:motif_cnn73_hct116_all_cnn_ig_081;cnn73:motif_cnn73_hek293t_all_cnn_ig_211;cnn73:motif_cnn73_hek293t_all_cnn_ig_213;cnn73:motif_cnn73_hela_all_cnn_ig_004;cnn73:motif_cnn73_hl60_all_cnn_ig_255;cnn73:motif_cnn73_hl60_all_cnn_ig_257,1.0,ok,
motif_cnn33_hela_all_cnn_ig_009,cnn_kernel_variant,all|cnn_ig,24,3,cnn33;cnn53;cnn73,cnn33:motif_cnn33_hct116_all_cnn_ig_073;cnn33:motif_cnn33_hct116_all_cnn_ig_091;cnn33:motif_cnn33_hek293t_all_cnn_ig_204;cnn33:motif_cnn33_hek293t_all_cnn_ig_207;cnn33:motif_cnn33_hela_all_cnn_ig_002;cnn33:motif_cnn33_hl60_all_cnn_ig_247;cnn33:motif_cnn33_hl60_all_cnn_ig_249;cnn53:motif_cnn53_hct116_all_cnn_ig_075;cnn53:motif_cnn53_hct116_all_cnn_ig_077;cnn53:motif_cnn53_hek293t_all_cnn_ig_210;cnn53:motif_cnn53_hek293t_all_cnn_ig_216;cnn53:motif_cnn53_hela_all_cnn_ig_011;cnn53:motif_cnn53_hela_all_cnn_ig_022;cnn53:motif_cnn53_hl60_all_cnn_ig_250;cnn53:motif_cnn53_hl60_all_cnn_ig_253;cnn73:motif_cnn73_hct116_all_cnn_ig_079;cnn73:motif_cnn73_hct116_all_cnn_ig_081;cnn73:motif_cnn73_hek293t_all_cnn_ig_211;cnn73:motif_cnn73_hek293t_all_cnn_ig_213;cnn73:motif_cnn73_hela_all_cnn_ig_004;cnn73:motif_cnn73_hela_all_cnn_ig_006;cnn73:motif_cnn73_hl60_all_cnn_ig_255;cnn73:motif_cnn73_hl60_all_cnn_ig_257,1.0,ok,
motif_cnn53_hela_all_cnn_ig_011,cnn_kernel_variant,all|cnn_ig,24,3,cnn33;cnn53;cnn73,cnn33:motif_cnn33_hct116_all_cnn_ig_073;cnn33:motif_cnn33_hct116_all_cnn_ig_091;cnn33:motif_cnn33_hek293t_all_cnn_ig_204;cnn33:motif_cnn33_hek293t_all_cnn_ig_207;cnn33:motif_cnn33_hela_all_cnn_ig_002;cnn33:motif_cnn33_hela_all_cnn_ig_009;cnn33:motif_cnn33_hl60_all_cnn_ig_247;cnn33:motif_cnn33_hl60_all_cnn_ig_249;cnn53:motif_cnn53_hct116_all_cnn_ig_075;cnn53:motif_cnn53_hct116_all_cnn_ig_077;cnn53:motif_cnn53_hek293t_all_cnn_ig_210;cnn53:motif_cnn53_hek293t_all_cnn_ig_216;cnn53:motif_cnn53_hela_all_cnn_ig_022;cnn53:motif_cnn53_hl60_all_cnn_ig_250;cnn53:motif_cnn53_hl60_all_cnn_ig_253;cnn73:motif_cnn73_hct116_all_cnn_ig_079;cnn73:motif_cnn73_hct116_all_cnn_ig_081;cnn73:motif_cnn73_hek293t_all_cnn_ig_211;cnn73:motif_cnn73_hek293t_all_cnn_ig_213;cnn73:motif_cnn73_hela_all_cnn_ig_004;cnn73:motif_cnn73_hela_all_cnn_ig_006;cnn73:motif_cnn73_hl60_all_cnn_ig_255;cnn73:motif_cnn73_hl60_all_cnn_ig_257,1.0,ok,
motif_cnn53_hela_all_cnn_ig_014,cnn_kernel_variant,all|cnn_ig,23,3,cnn33;cnn53;cnn73,cnn33:motif_cnn33_hct116_all_cnn_ig_094;cnn33:motif_cnn33_hct116_all_cnn_ig_096;cnn33:motif_cnn33_hek293t_all_cnn_ig_224;cnn33:motif_cnn33_hek293t_all_cnn_ig_227;cnn33:motif_cnn33_hela_all_cnn_ig_021;cnn33:motif_cnn33_hl60_all_cnn_ig_310;cnn33:motif_cnn33_hl60_all_cnn_ig_313;cnn53:motif_cnn53_hct116_all_cnn_ig_097;cnn53:motif_cnn53_hct116_all_cnn_ig_099;cnn53:motif_cnn53_hek293t_all_cnn_ig_231;cnn53:motif_cnn53_hek293t_all_cnn_ig_238;cnn53:motif_cnn53_hela_all_cnn_ig_016;cnn53:motif_cnn53_hl60_all_cnn_ig_315;cnn53:motif_cnn53_hl60_all_cnn_ig_321;cnn73:motif_cnn73_hct116_all_cnn_ig_101;cnn73:motif_cnn73_hct116_all_cnn_ig_103;cnn73:motif_cnn73_hek293t_all_cnn_ig_233;cnn73:motif_cnn73_hek293t_all_cnn_ig_235;cnn73:motif_cnn73_hela_all_cnn_ig_017;cnn73:motif_cnn73_hela_all_cnn_ig_019;cnn73:motif_cnn73_hl60_all_cnn_ig_317;cnn73:motif_cnn73_hl60_all_cnn_ig_319,1.0,ok,
motif_cnn53_hela_all_cnn_ig_016,cnn_kernel_variant,all|cnn_ig,23,3,cnn33;cnn53;cnn73,cnn33:motif_cnn33_hct116_all_cnn_ig_094;cnn33:motif_cnn33_hct116_all_cnn_ig_096;cnn33:motif_cnn33_hek293t_all_cnn_ig_224;cnn33:motif_cnn33_hek293t_all_cnn_ig_227;cnn33:motif_cnn33_hela_all_cnn_ig_021;cnn33:motif_cnn33_hl60_all_cnn_ig_310;cnn33:motif_cnn33_hl60_all_cnn_ig_313;cnn53:motif_cnn53_hct116_all_cnn_ig_097;cnn53:motif_cnn53_hct116_all_cnn_ig_099;cnn53:motif_cnn53_hek293t_all_cnn_ig_231;cnn53:motif_cnn53_hek293t_all_cnn_ig_238;cnn53:motif_cnn53_hela_all_cnn_ig_014;cnn53:motif_cnn53_hl60_all_cnn_ig_315;cnn53:motif_cnn53_hl60_all_cnn_ig_321;cnn73:motif_cnn73_hct116_all_cnn_ig_101;cnn73:motif_cnn73_hct116_all_cnn_ig_103;cnn73:motif_cnn73_hek293t_all_cnn_ig_233;cnn73:motif_cnn73_hek293t_all_cnn_ig_235;cnn73:motif_cnn73_hela_all_cnn_ig_017;cnn73:motif_cnn73_hela_all_cnn_ig_019;cnn73:motif_cnn73_hl60_all_cnn_ig_317;cnn73:motif_cnn73_hl60_all_cnn_ig_319,1.0,ok,
motif_cnn73_hela_all_cnn_ig_017,cnn_kernel_variant,all|cnn_ig,23,3,cnn33;cnn53;cnn73,cnn33:motif_cnn33_hct116_all_cnn_ig_094;cnn33:motif_cnn33_hct116_all_cnn_ig_096;cnn33:motif_cnn33_hek293t_all_cnn_ig_224;cnn33:motif_cnn33_hek293t_all_cnn_ig_227;cnn33:motif_cnn33_hela_all_cnn_ig_021;cnn33:motif_cnn33_hl60_all_cnn_ig_310;cnn33:motif_cnn33_hl60_all_cnn_ig_313;cnn53:motif_cnn53_hct116_all_cnn_ig_097;cnn53:motif_cnn53_hct116_all_cnn_ig_099;cnn53:motif_cnn53_hek293t_all_cnn_ig_231;cnn53:motif_cnn53_hek293t_all_cnn_ig_238;cnn53:motif_cnn53_hela_all_cnn_ig_014;cnn53:motif_cnn53_hela_all_cnn_ig_016;cnn53:motif_cnn53_hl60_all_cnn_ig_315;cnn53:motif_cnn53_hl60_all_cnn_ig_321;cnn73:motif_cnn73_hct116_all_cnn_ig_101;cnn73:motif_cnn73_hct116_all_cnn_ig_103;cnn73:motif_cnn73_hek293t_all_cnn_ig_233;cnn73:motif_cnn73_hek293t_all_cnn_ig_235;cnn73:motif_cnn73_hela_all_cnn_ig_019;cnn73:motif_cnn73_hl60_all_cnn_ig_317;cnn73:motif_cnn73_hl60_all_cnn_ig_319,1.0,ok,
motif_cnn73_hela_all_cnn_ig_019,cnn_kernel_variant,all|cnn_ig,23,3,cnn33;cnn53;cnn73,cnn33:motif_cnn33_hct116_all_cnn_ig_094;cnn33:motif_cnn33_hct116_all_cnn_ig_096;cnn33:motif_cnn33_hek293t_all_cnn_ig_224;cnn33:motif_cnn33_hek293t_all_cnn_ig_227;cnn33:motif_cnn33_hela_all_cnn_ig_021;cnn33:motif_cnn33_hl60_all_cnn_ig_310;cnn33:motif_cnn33_hl60_all_cnn_ig_313;cnn53:motif_cnn53_hct116_all_cnn_ig_097;cnn53:motif_cnn53_hct116_all_cnn_ig_099;cnn53:motif_cnn53_hek293t_all_cnn_ig_231;cnn53:motif_cnn53_hek293t_all_cnn_ig_238;cnn53:motif_cnn53_hela_all_cnn_ig_014;cnn53:motif_cnn53_hela_all_cnn_ig_016;cnn53:motif_cnn53_hl60_all_cnn_ig_315;cnn53:motif_cnn53_hl60_all_cnn_ig_321;cnn73:motif_cnn73_hct116_all_cnn_ig_101;cnn73:motif_cnn73_hct116_all_cnn_ig_103;cnn73:motif_cnn73_hek293t_all_cnn_ig_233;cnn73:motif_cnn73_hek293t_all_cnn_ig_235;cnn73:motif_cnn73_hela_all_cnn_ig_017;cnn73:motif_cnn73_hl60_all_cnn_ig_317;cnn73:motif_cnn73_hl60_all_cnn_ig_319,1.0,ok,
motif_cnn33_hela_all_cnn_ig_021,cnn_kernel_variant,all|cnn_ig,23,3,cnn33;cnn53;cnn73,cnn33:motif_cnn33_hct116_all_cnn_ig_094;cnn33:motif_cnn33_hct116_all_cnn_ig_096;cnn33:motif_cnn33_hek293t_all_cnn_ig_224;cnn33:motif_cnn33_hek293t_all_cnn_ig_227;cnn33:motif_cnn33_hl60_all_cnn_ig_310;cnn33:motif_cnn33_hl60_all_cnn_ig_313;cnn53:motif_cnn53_hct116_all_cnn_ig_097;cnn53:motif_cnn53_hct116_all_cnn_ig_099;cnn53:motif_cnn53_hek293t_all_cnn_ig_231;cnn53:motif_cnn53_hek293t_all_cnn_ig_238;cnn53:motif_cnn53_hela_all_cnn_ig_014;cnn53:motif_cnn53_hela_all_cnn_ig_016;cnn53:motif_cnn53_hl60_all_cnn_ig_315;cnn53:motif_cnn53_hl60_all_cnn_ig_321;cnn73:motif_cnn73_hct116_all_cnn_ig_101;cnn73:motif_cnn73_hct116_all_cnn_ig_103;cnn73:motif_cnn73_hek293t_all_cnn_ig_233;cnn73:motif_cnn73_hek293t_all_cnn_ig_235;cnn73:motif_cnn73_hela_all_cnn_ig_017;cnn73:motif_cnn73_hela_all_cnn_ig_019;cnn73:motif_cnn73_hl60_all_cnn_ig_317;cnn73:motif_cnn73_hl60_all_cnn_ig_319,1.0,ok,
motif_cnn53_hela_all_cnn_ig_022,cnn_kernel_variant,all|cnn_ig,24,3,cnn33;cnn53;cnn73,cnn33:motif_cnn33_hct116_all_cnn_ig_073;cnn33:motif_cnn33_hct116_all_cnn_ig_091;cnn33:motif_cnn33_hek293t_all_cnn_ig_204;cnn33:motif_cnn33_hek293t_all_cnn_ig_207;cnn33:motif_cnn33_hela_all_cnn_ig_002;cnn33:motif_cnn33_hela_all_cnn_ig_009;cnn33:motif_cnn33_hl60_all_cnn_ig_247;cnn33:motif_cnn33_hl60_all_cnn_ig_249;cnn53:motif_cnn53_hct116_all_cnn_ig_075;cnn53:motif_cnn53_hct116_all_cnn_ig_077;cnn53:motif_cnn53_hek293t_all_cnn_ig_210;cnn53:motif_cnn53_hek293t_all_cnn_ig_216;cnn53:motif_cnn53_hela_all_cnn_ig_011;cnn53:motif_cnn53_hl60_all_cnn_ig_250;cnn53:motif_cnn53_hl60_all_cnn_ig_253;cnn73:motif_cnn73_hct116_all_cnn_ig_079;cnn73:motif_cnn73_hct116_all_cnn_ig_081;cnn73:motif_cnn73_hek293t_all_cnn_ig_211;cnn73:motif_cnn73_hek293t_all_cnn_ig_213;cnn73:motif_cnn73_hela_all_cnn_ig_004;cnn73:motif_cnn73_hela_all_cnn_ig_006;cnn73:motif_cnn73_hl60_all_cnn_ig_255;cnn73:motif_cnn73_hl60_all_cnn_ig_257,1.0,ok,
motif_cnn53_hela_all_cnn_ig_026,cnn_kernel_variant,all|cnn_ig,24,3,cnn33;cnn53;cnn73,cnn33:motif_cnn33_hct116_all_cnn_ig_110;cnn33:motif_cnn33_hct116_all_cnn_ig_259;cnn33:motif_cnn33_hek293t_all_cnn_ig_291;cnn33:motif_cnn33_hek293t_all_cnn_ig_347;cnn33:motif_cnn33_hela_all_cnn_ig_070;cnn33:motif_cnn33_hela_all_cnn_ig_109;cnn33:motif_cnn33_hl60_all_cnn_ig_274;cnn33:motif_cnn33_hl60_all_cnn_ig_418;cnn53:motif_cnn53_hct116_all_cnn_ig_111;cnn53:motif_cnn53_hct116_all_cnn_ig_155;cnn53:motif_cnn53_hek293t_all_cnn_ig_298;cnn53:motif_cnn53_hek293t_all_cnn_ig_355;cnn53:motif_cnn53_hela_all_cnn_ig_069;cnn53:motif_cnn53_hl60_all_cnn_ig_277;cnn53:motif_cnn53_hl60_all_cnn_ig_279;cnn73:motif_cnn73_hct116_all_cnn_ig_114;cnn73:motif_cnn73_hct116_all_cnn_ig_116;cnn73:motif_cnn73_hek293t_all_cnn_ig_294;cnn73:motif_cnn73_hek293t_all_cnn_ig_296;cnn73:motif_cnn73_hela_all_cnn_ig_028;cnn73:motif_cnn73_hela_all_cnn_ig_030;cnn73:motif_cnn73_hl60_all_cnn_ig_280;cnn73:motif_cnn73_hl60_all_cnn_ig_283,1.0,ok,
motif_cnn73_hela_all_cnn_ig_028,cnn_kernel_variant,all|cnn_ig,24,3,cnn33;cnn53;cnn73,cnn33:motif_cnn33_hct116_all_cnn_ig_110;cnn33:motif_cnn33_hct116_all_cnn_ig_259;cnn33:motif_cnn33_hek293t_all_cnn_ig_291;cnn33:motif_cnn33_hek293t_all_cnn_ig_347;cnn33:motif_cnn33_hela_all_cnn_ig_070;cnn33:motif_cnn33_hela_all_cnn_ig_109;cnn33:motif_cnn33_hl60_all_cnn_ig_274;cnn33:motif_cnn33_hl60_all_cnn_ig_418;cnn53:motif_cnn53_hct116_all_cnn_ig_111;cnn53:motif_cnn53_hct116_all_cnn_ig_155;cnn53:motif_cnn53_hek293t_all_cnn_ig_298;cnn53:motif_cnn53_hek293t_all_cnn_ig_355;cnn53:motif_cnn53_hela_all_cnn_ig_026;cnn53:motif_cnn53_hela_all_cnn_ig_069;cnn53:motif_cnn53_hl60_all_cnn_ig_277;cnn53:motif_cnn53_hl60_all_cnn_ig_279;cnn73:motif_cnn73_hct116_all_cnn_ig_114;cnn73:motif_cnn73_hct116_all_cnn_ig_116;cnn73:motif_cnn73_hek293t_all_cnn_ig_294;cnn73:motif_cnn73_hek293t_all_cnn_ig_296;cnn73:motif_cnn73_hela_all_cnn_ig_030;cnn73:motif_cnn73_hl60_all_cnn_ig_280;cnn73:motif_cnn73_hl60_all_cnn_ig_283,1.0,ok,
motif_cnn73_hela_all_cnn_ig_030,cnn_kernel_variant,all|cnn_ig,24,3,cnn33;cnn53;cnn73,cnn33:motif_cnn33_hct116_all_cnn_ig_110;cnn33:motif_cnn33_hct116_all_cnn_ig_259;cnn33:motif_cnn33_hek293t_all_cnn_ig_291;cnn33:motif_cnn33_hek293t_all_cnn_ig_347;cnn33:motif_cnn33_hela_all_cnn_ig_070;cnn33:motif_cnn33_hela_all_cnn_ig_109;cnn33:motif_cnn33_hl60_all_cnn_ig_274;cnn33:motif_cnn33_hl60_all_cnn_ig_418;cnn53:motif_cnn53_hct116_all_cnn_ig_111;cnn53:motif_cnn53_hct116_all_cnn_ig_155;cnn53:motif_cnn53_hek293t_all_cnn_ig_298;cnn53:motif_cnn53_hek293t_all_cnn_ig_355;cnn53:motif_cnn53_hela_all_cnn_ig_026;cnn53:motif_cnn53_hela_all_cnn_ig_069;cnn53:motif_cnn53_hl60_all_cnn_ig_277;cnn53:motif_cnn53_hl60_all_cnn_ig_279;cnn73:motif_cnn73_hct116_all_cnn_ig_114;cnn73:motif_cnn73_hct116_all_cnn_ig_116;cnn73:motif_cnn73_hek293t_all_cnn_ig_294;cnn73:motif_cnn73_hek293t_all_cnn_ig_296;cnn73:motif_cnn73_hela_all_cnn_ig_028;cnn73:motif_cnn73_hl60_all_cnn_ig_280;cnn73:motif_cnn73_hl60_all_cnn_ig_283,1.0,ok,
motif_cnn33_hela_all_cnn_ig_032,cnn_kernel_variant,all|cnn_ig,24,3,cnn33;cnn53;cnn73,cnn33:motif_cnn33_hct116_all_cnn_ig_127;cnn33:motif_cnn33_hct116_all_cnn_ig_179;cnn33:motif_cnn33_hek293t_all_cnn_ig_260;cnn33:motif_cnn33_hek293t_all_cnn_ig_262;cnn33:motif_cnn33_hela_all_cnn_ig_034;cnn33:motif_cnn33_hl60_all_cnn_ig_334;cnn33:motif_cnn33_hl60_all_cnn_ig_336;cnn53:motif_cnn53_hct116_all_cnn_ig_148;cnn53:motif_cnn53_hct116_all_cnn_ig_149;cnn53:motif_cnn53_hek293t_all_cnn_ig_272;cnn53:motif_cnn53_hek293t_all_cnn_ig_299;cnn53:motif_cnn53_hela_all_cnn_ig_035;cnn53:motif_cnn53_hela_all_cnn_ig_043;cnn53:motif_cnn53_hl60_all_cnn_ig_337;cnn53:motif_cnn53_hl60_all_cnn_ig_415;cnn73:motif_cnn73_hct116_all_cnn_ig_130;cnn73:motif_cnn73_hct116_all_cnn_ig_132;cnn73:motif_cnn73_hek293t_all_cnn_ig_265;cnn73:motif_cnn73_hek293t_all_cnn_ig_267;cnn73:motif_cnn73_hela_all_cnn_ig_037;cnn73:motif_cnn73_hela_all_cnn_ig_039;cnn73:motif_cnn73_hl60_all_cnn_ig_339;cnn73:motif_cnn73_hl60_all_cnn_ig_341,1.0,ok,
motif_cnn33_hela_all_cnn_ig_034,cnn_kernel_variant,all|cnn_ig,24,3,cnn33;cnn53;cnn73,cnn33:motif_cnn33_hct116_all_cnn_ig_127;cnn33:motif_cnn33_hct116_all_cnn_ig_179;cnn33:motif_cnn33_hek293t_all_cnn_ig_260;cnn33:motif_cnn33_hek293t_all_cnn_ig_262;cnn33:motif_cnn33_hela_all_cnn_ig_032;cnn33:motif_cnn33_hl60_all_cnn_ig_334;cnn33:motif_cnn33_hl60_all_cnn_ig_336;cnn53:motif_cnn53_hct116_all_cnn_ig_148;cnn53:motif_cnn53_hct116_all_cnn_ig_149;cnn53:motif_cnn53_hek293t_all_cnn_ig_272;cnn53:motif_cnn53_hek293t_all_cnn_ig_299;cnn53:motif_cnn53_hela_all_cnn_ig_035;cnn53:motif_cnn53_hela_all_cnn_ig_043;cnn53:motif_cnn53_hl60_all_cnn_ig_337;cnn53:motif_cnn53_hl60_all_cnn_ig_415;cnn73:motif_cnn73_hct116_all_cnn_ig_130;cnn73:motif_cnn73_hct116_all_cnn_ig_132;cnn73:motif_cnn73_hek293t_all_cnn_ig_265;cnn73:motif_cnn73_hek293t_all_cnn_ig_267;cnn73:motif_cnn73_hela_all_cnn_ig_037;cnn73:motif_cnn73_hela_all_cnn_ig_039;cnn73:motif_cnn73_hl60_all_cnn_ig_339;cnn73:motif_cnn73_hl60_all_cnn_ig_341,1.0,ok,
motif_cnn53_hela_all_cnn_ig_035,cnn_kernel_variant,all|cnn_ig,24,3,cnn33;cnn53;cnn73,cnn33:motif_cnn33_hct116_all_cnn_ig_127;cnn33:motif_cnn33_hct116_all_cnn_ig_179;cnn33:motif_cnn33_hek293t_all_cnn_ig_260;cnn33:motif_cnn33_hek293t_all_cnn_ig_262;cnn33:motif_cnn33_hela_all_cnn_ig_032;cnn33:motif_cnn33_hela_all_cnn_ig_034;cnn33:motif_cnn33_hl60_all_cnn_ig_334;cnn33:motif_cnn33_hl60_all_cnn_ig_336;cnn53:motif_cnn53_hct116_all_cnn_ig_148;cnn53:motif_cnn53_hct116_all_cnn_ig_149;cnn53:motif_cnn53_hek293t_all_cnn_ig_272;cnn53:motif_cnn53_hek293t_all_cnn_ig_299;cnn53:motif_cnn53_hela_all_cnn_ig_043;cnn53:motif_cnn53_hl60_all_cnn_ig_337;cnn53:motif_cnn53_hl60_all_cnn_ig_415;cnn73:motif_cnn73_hct116_all_cnn_ig_130;cnn73:motif_cnn73_hct116_all_cnn_ig_132;cnn73:motif_cnn73_hek293t_all_cnn_ig_265;cnn73:motif_cnn73_hek293t_all_cnn_ig_267;cnn73:motif_cnn73_hela_all_cnn_ig_037;cnn73:motif_cnn73_hela_all_cnn_ig_039;cnn73:motif_cnn73_hl60_all_cnn_ig_339;cnn73:motif_cnn73_hl60_all_cnn_ig_341,1.0,ok,
motif_cnn73_hela_all_cnn_ig_037,cnn_kernel_variant,all|cnn_ig,24,3,cnn33;cnn53;cnn73,cnn33:motif_cnn33_hct116_all_cnn_ig_127;cnn33:motif_cnn33_hct116_all_cnn_ig_179;cnn33:motif_cnn33_hek293t_all_cnn_ig_260;cnn33:motif_cnn33_hek293t_all_cnn_ig_262;cnn33:motif_cnn33_hela_all_cnn_ig_032;cnn33:motif_cnn33_hela_all_cnn_ig_034;cnn33:motif_cnn33_hl60_all_cnn_ig_334;cnn33:motif_cnn33_hl60_all_cnn_ig_336;cnn53:motif_cnn53_hct116_all_cnn_ig_148;cnn53:motif_cnn53_hct116_all_cnn_ig_149;cnn53:motif_cnn53_hek293t_all_cnn_ig_272;cnn53:motif_cnn53_hek293t_all_cnn_ig_299;cnn53:motif_cnn53_hela_all_cnn_ig_035;cnn53:motif_cnn53_hela_all_cnn_ig_043;cnn53:motif_cnn53_hl60_all_cnn_ig_337;cnn53:motif_cnn53_hl60_all_cnn_ig_415;cnn73:motif_cnn73_hct116_all_cnn_ig_130;cnn73:motif_cnn73_hct116_all_cnn_ig_132;cnn73:motif_cnn73_hek293t_all_cnn_ig_265;cnn73:motif_cnn73_hek293t_all_cnn_ig_267;cnn73:motif_cnn73_hela_all_cnn_ig_039;cnn73:motif_cnn73_hl60_all_cnn_ig_339;cnn73:motif_cnn73_hl60_all_cnn_ig_341,1.0,ok,
motif_cnn73_hela_all_cnn_ig_039,cnn_kernel_variant,all|cnn_ig,24,3,cnn33;cnn53;cnn73,cnn33:motif_cnn33_hct116_all_cnn_ig_127;cnn33:motif_cnn33_hct116_all_cnn_ig_179;cnn33:motif_cnn33_hek293t_all_cnn_ig_260;cnn33:motif_cnn33_hek293t_all_cnn_ig_262;cnn33:motif_cnn33_hela_all_cnn_ig_032;cnn33:motif_cnn33_hela_all_cnn_ig_034;cnn33:motif_cnn33_hl60_all_cnn_ig_334;cnn33:motif_cnn33_hl60_all_cnn_ig_336;cnn53:motif_cnn53_hct116_all_cnn_ig_148;cnn53:motif_cnn53_hct116_all_cnn_ig_149;cnn53:motif_cnn53_hek293t_all_cnn_ig_272;cnn53:motif_cnn53_hek293t_all_cnn_ig_299;cnn53:motif_cnn53_hela_all_cnn_ig_035;cnn53:motif_cnn53_hela_all_cnn_ig_043;cnn53:motif_cnn53_hl60_all_cnn_ig_337;cnn53:motif_cnn53_hl60_all_cnn_ig_415;cnn73:motif_cnn73_hct116_all_cnn_ig_130;cnn73:motif_cnn73_hct116_all_cnn_ig_132;cnn73:motif_cnn73_hek293t_all_cnn_ig_265;cnn73:motif_cnn73_hek293t_all_cnn_ig_267;cnn73:motif_cnn73_hela_all_cnn_ig_037;cnn73:motif_cnn73_hl60_all_cnn_ig_339;cnn73:motif_cnn73_hl60_all_cnn_ig_341,1.0,ok,
motif_cnn53_hela_all_cnn_ig_043,cnn_kernel_variant,all|cnn_ig,24,3,cnn33;cnn53;cnn73,cnn33:motif_cnn33_hct116_all_cnn_ig_127;cnn33:motif_cnn33_hct116_all_cnn_ig_179;cnn33:motif_cnn33_hek293t_all_cnn_ig_260;cnn33:motif_cnn33_hek293t_all_cnn_ig_262;cnn33:motif_cnn33_hela_all_cnn_ig_032;cnn33:motif_cnn33_hela_all_cnn_ig_034;cnn33:motif_cnn33_hl60_all_cnn_ig_334;cnn33:motif_cnn33_hl60_all_cnn_ig_336;cnn53:motif_cnn53_hct116_all_cnn_ig_148;cnn53:motif_cnn53_hct116_all_cnn_ig_149;cnn53:motif_cnn53_hek293t_all_cnn_ig_272;cnn53:motif_cnn53_hek293t_all_cnn_ig_299;cnn53:motif_cnn53_hela_all_cnn_ig_035;cnn53:motif_cnn53_hl60_all_cnn_ig_337;cnn53:motif_cnn53_hl60_all_cnn_ig_415;cnn73:motif_cnn73_hct116_all_cnn_ig_130;cnn73:motif_cnn73_hct116_all_cnn_ig_132;cnn73:motif_cnn73_hek293t_all_cnn_ig_265;cnn73:motif_cnn73_hek293t_all_cnn_ig_267;cnn73:motif_cnn73_hela_all_cnn_ig_037;cnn73:motif_cnn73_hela_all_cnn_ig_039;cnn73:motif_cnn73_hl60_all_cnn_ig_339;cnn73:motif_cnn73_hl60_all_cnn_ig_341,1.0,ok,
motif_cnn73_hela_all_cnn_ig_046,cnn_kernel_variant,all|cnn_ig,24,3,cnn33;cnn53;cnn73,cnn33:motif_cnn33_hct116_all_cnn_ig_139;cnn33:motif_cnn33_hct116_all_cnn_ig_219;cnn33:motif_cnn33_hek293t_all_cnn_ig_369;cnn33:motif_cnn33_hek293t_all_cnn_ig_373;cnn33:motif_cnn33_hela_all_cnn_ig_050;cnn33:motif_cnn33_hela_all_cnn_ig_055;cnn33:motif_cnn33_hl60_all_cnn_ig_431;cnn33:motif_cnn33_hl60_all_cnn_ig_434;cnn53:motif_cnn53_hct116_all_cnn_ig_142;cnn53:motif_cnn53_hct116_all_cnn_ig_154;cnn53:motif_cnn53_hek293t_all_cnn_ig_377;cnn53:motif_cnn53_hek293t_all_cnn_ig_395;cnn53:motif_cnn53_hela_all_cnn_ig_052;cnn53:motif_cnn53_hela_all_cnn_ig_064;cnn53:motif_cnn53_hl60_all_cnn_ig_435;cnn53:motif_cnn53_hl60_all_cnn_ig_452;cnn73:motif_cnn73_hct116_all_cnn_ig_143;cnn73:motif_cnn73_hct116_all_cnn_ig_145;cnn73:motif_cnn73_hek293t_all_cnn_ig_379;cnn73:motif_cnn73_hek293t_all_cnn_ig_381;cnn73:motif_cnn73_hela_all_cnn_ig_048;cnn73:motif_cnn73_hl60_all_cnn_ig_437;cnn73:motif_cnn73_hl60_all_cnn_ig_439,1.0,ok,
motif_cnn73_hela_all_cnn_ig_048,cnn_kernel_variant,all|cnn_ig,24,3,cnn33;cnn53;cnn73,cnn33:motif_cnn33_hct116_all_cnn_ig_139;cnn33:motif_cnn33_hct116_all_cnn_ig_219;cnn33:motif_cnn33_hek293t_all_cnn_ig_369;cnn33:motif_cnn33_hek293t_all_cnn_ig_373;cnn33:motif_cnn33_hela_all_cnn_ig_050;cnn33:motif_cnn33_hela_all_cnn_ig_055;cnn33:motif_cnn33_hl60_all_cnn_ig_431;cnn33:motif_cnn33_hl60_all_cnn_ig_434;cnn53:motif_cnn53_hct116_all_cnn_ig_142;cnn53:motif_cnn53_hct116_all_cnn_ig_154;cnn53:motif_cnn53_hek293t_all_cnn_ig_377;cnn53:motif_cnn53_hek293t_all_cnn_ig_395;cnn53:motif_cnn53_hela_all_cnn_ig_052;cnn53:motif_cnn53_hela_all_cnn_ig_064;cnn53:motif_cnn53_hl60_all_cnn_ig_435;cnn53:motif_cnn53_hl60_all_cnn_ig_452;cnn73:motif_cnn73_hct116_all_cnn_ig_143;cnn73:motif_cnn73_hct116_all_cnn_ig_145;cnn73:motif_cnn73_hek293t_all_cnn_ig_379;cnn73:motif_cnn73_hek293t_all_cnn_ig_381;cnn73:motif_cnn73_hela_all_cnn_ig_046;cnn73:motif_cnn73_hl60_all_cnn_ig_437;cnn73:motif_cnn73_hl60_all_cnn_ig_439,1.0,ok,
motif_cnn33_hela_all_cnn_ig_050,cnn_kernel_variant,all|cnn_ig,24,3,cnn33;cnn53;cnn73,cnn33:motif_cnn33_hct116_all_cnn_ig_139;cnn33:motif_cnn33_hct116_all_cnn_ig_219;cnn33:motif_cnn33_hek293t_all_cnn_ig_369;cnn33:motif_cnn33_hek293t_all_cnn_ig_373;cnn33:motif_cnn33_hela_all_cnn_ig_055;cnn33:motif_cnn33_hl60_all_cnn_ig_431;cnn33:motif_cnn33_hl60_all_cnn_ig_434;cnn53:motif_cnn53_hct116_all_cnn_ig_142;cnn53:motif_cnn53_hct116_all_cnn_ig_154;cnn53:motif_cnn53_hek293t_all_cnn_ig_377;cnn53:motif_cnn53_hek293t_all_cnn_ig_395;cnn53:motif_cnn53_hela_all_cnn_ig_052;cnn53:motif_cnn53_hela_all_cnn_ig_064;cnn53:motif_cnn53_hl60_all_cnn_ig_435;cnn53:motif_cnn53_hl60_all_cnn_ig_452;cnn73:motif_cnn73_hct116_all_cnn_ig_143;cnn73:motif_cnn73_hct116_all_cnn_ig_145;cnn73:motif_cnn73_hek293t_all_cnn_ig_379;cnn73:motif_cnn73_hek293t_all_cnn_ig_381;cnn73:motif_cnn73_hela_all_cnn_ig_046;cnn73:motif_cnn73_hela_all_cnn_ig_048;cnn73:motif_cnn73_hl60_all_cnn_ig_437;cnn73:motif_cnn73_hl60_all_cnn_ig_439,1.0,ok,
motif_cnn53_hela_all_cnn_ig_052,cnn_kernel_variant,all|cnn_ig,24,3,cnn33;cnn53;cnn73,cnn33:motif_cnn33_hct116_all_cnn_ig_139;cnn33:motif_cnn33_hct116_all_cnn_ig_219;cnn33:motif_cnn33_hek293t_all_cnn_ig_369;cnn33:motif_cnn33_hek293t_all_cnn_ig_373;cnn33:motif_cnn33_hela_all_cnn_ig_050;cnn33:motif_cnn33_hela_all_cnn_ig_055;cnn33:motif_cnn33_hl60_all_cnn_ig_431;cnn33:motif_cnn33_hl60_all_cnn_ig_434;cnn53:motif_cnn53_hct116_all_cnn_ig_142;cnn53:motif_cnn53_hct116_all_cnn_ig_154;cnn53:motif_cnn53_hek293t_all_cnn_ig_377;cnn53:motif_cnn53_hek293t_all_cnn_ig_395;cnn53:motif_cnn53_hela_all_cnn_ig_064;cnn53:motif_cnn53_hl60_all_cnn_ig_435;cnn53:motif_cnn53_hl60_all_cnn_ig_452;cnn73:motif_cnn73_hct116_all_cnn_ig_143;cnn73:motif_cnn73_hct116_all_cnn_ig_145;cnn73:motif_cnn73_hek293t_all_cnn_ig_379;cnn73:motif_cnn73_hek293t_all_cnn_ig_381;cnn73:motif_cnn73_hela_all_cnn_ig_046;cnn73:motif_cnn73_hela_all_cnn_ig_048;cnn73:motif_cnn73_hl60_all_cnn_ig_437;cnn73:motif_cnn73_hl60_all_cnn_ig_439,1.0,ok,
motif_cnn33_hela_all_cnn_ig_055,cnn_kernel_variant,all|cnn_ig,24,3,cnn33;cnn53;cnn73,cnn33:motif_cnn33_hct116_all_cnn_ig_139;cnn33:motif_cnn33_hct116_all_cnn_ig_219;cnn33:motif_cnn33_hek293t_all_cnn_ig_369;cnn33:motif_cnn33_hek293t_all_cnn_ig_373;cnn33:motif_cnn33_hela_all_cnn_ig_050;cnn33:motif_cnn33_hl60_all_cnn_ig_431;cnn33:motif_cnn33_hl60_all_cnn_ig_434;cnn53:motif_cnn53_hct116_all_cnn_ig_142;cnn53:motif_cnn53_hct116_all_cnn_ig_154;cnn53:motif_cnn53_hek293t_all_cnn_ig_377;cnn53:motif_cnn53_hek293t_all_cnn_ig_395;cnn53:motif_cnn53_hela_all_cnn_ig_052;cnn53:motif_cnn53_hela_all_cnn_ig_064;cnn53:motif_cnn53_hl60_all_cnn_ig_435;cnn53:motif_cnn53_hl60_all_cnn_ig_452;cnn73:motif_cnn73_hct116_all_cnn_ig_143;cnn73:motif_cnn73_hct116_all_cnn_ig_145;cnn73:motif_cnn73_hek293t_all_cnn_ig_379;cnn73:motif_cnn73_hek293t_all_cnn_ig_381;cnn73:motif_cnn73_hela_all_cnn_ig_046;cnn73:motif_cnn73_hela_all_cnn_ig_048;cnn73:motif_cnn73_hl60_all_cnn_ig_437;cnn73:motif_cnn73_hl60_all_cnn_ig_439,1.0,ok,
motif_cnn53_hela_all_cnn_ig_058,cnn_kernel_variant,all|cnn_ig,24,3,cnn33;cnn53;cnn73,cnn33:motif_cnn33_hct116_all_cnn_ig_164;cnn33:motif_cnn33_hct116_all_cnn_ig_343;cnn33:motif_cnn33_hek293t_all_cnn_ig_362;cnn33:motif_cnn33_hek293t_all_cnn_ig_404;cnn33:motif_cnn33_hela_all_cnn_ig_134;cnn33:motif_cnn33_hela_all_cnn_ig_150;cnn33:motif_cnn33_hl60_all_cnn_ig_300;cnn33:motif_cnn33_hl60_all_cnn_ig_392;cnn53:motif_cnn53_hct116_all_cnn_ig_165;cnn53:motif_cnn53_hct116_all_cnn_ig_185;cnn53:motif_cnn53_hek293t_all_cnn_ig_375;cnn53:motif_cnn53_hek293t_all_cnn_ig_378;cnn53:motif_cnn53_hela_all_cnn_ig_083;cnn53:motif_cnn53_hl60_all_cnn_ig_302;cnn53:motif_cnn53_hl60_all_cnn_ig_304;cnn73:motif_cnn73_hct116_all_cnn_ig_168;cnn73:motif_cnn73_hct116_all_cnn_ig_170;cnn73:motif_cnn73_hek293t_all_cnn_ig_365;cnn73:motif_cnn73_hek293t_all_cnn_ig_367;cnn73:motif_cnn73_hela_all_cnn_ig_060;cnn73:motif_cnn73_hela_all_cnn_ig_062;cnn73:motif_cnn73_hl60_all_cnn_ig_305;cnn73:motif_cnn73_hl60_all_cnn_ig_307,1.0,ok,
motif_cnn73_hela_all_cnn_ig_060,cnn_kernel_variant,all|cnn_ig,24,3,cnn33;cnn53;cnn73,cnn33:motif_cnn33_hct116_all_cnn_ig_164;cnn33:motif_cnn33_hct116_all_cnn_ig_343;cnn33:motif_cnn33_hek293t_all_cnn_ig_362;cnn33:motif_cnn33_hek293t_all_cnn_ig_404;cnn33:motif_cnn33_hela_all_cnn_ig_134;cnn33:motif_cnn33_hela_all_cnn_ig_150;cnn33:motif_cnn33_hl60_all_cnn_ig_300;cnn33:motif_cnn33_hl60_all_cnn_ig_392;cnn53:motif_cnn53_hct116_all_cnn_ig_165;cnn53:motif_cnn53_hct116_all_cnn_ig_185;cnn53:motif_cnn53_hek293t_all_cnn_ig_375;cnn53:motif_cnn53_hek293t_all_cnn_ig_378;cnn53:motif_cnn53_hela_all_cnn_ig_058;cnn53:motif_cnn53_hela_all_cnn_ig_083;cnn53:motif_cnn53_hl60_all_cnn_ig_302;cnn53:motif_cnn53_hl60_all_cnn_ig_304;cnn73:motif_cnn73_hct116_all_cnn_ig_168;cnn73:motif_cnn73_hct116_all_cnn_ig_170;cnn73:motif_cnn73_hek293t_all_cnn_ig_365;cnn73:motif_cnn73_hek293t_all_cnn_ig_367;cnn73:motif_cnn73_hela_all_cnn_ig_062;cnn73:motif_cnn73_hl60_all_cnn_ig_305;cnn73:motif_cnn73_hl60_all_cnn_ig_307,1.0,ok,
motif_cnn73_hela_all_cnn_ig_062,cnn_kernel_variant,all|cnn_ig,24,3,cnn33;cnn53;cnn73,cnn33:motif_cnn33_hct116_all_cnn_ig_164;cnn33:motif_cnn33_hct116_all_cnn_ig_343;cnn33:motif_cnn33_hek293t_all_cnn_ig_362;cnn33:motif_cnn33_hek293t_all_cnn_ig_404;cnn33:motif_cnn33_hela_all_cnn_ig_134;cnn33:motif_cnn33_hela_all_cnn_ig_150;cnn33:motif_cnn33_hl60_all_cnn_ig_300;cnn33:motif_cnn33_hl60_all_cnn_ig_392;cnn53:motif_cnn53_hct116_all_cnn_ig_165;cnn53:motif_cnn53_hct116_all_cnn_ig_185;cnn53:motif_cnn53_hek293t_all_cnn_ig_375;cnn53:motif_cnn53_hek293t_all_cnn_ig_378;cnn53:motif_cnn53_hela_all_cnn_ig_058;cnn53:motif_cnn53_hela_all_cnn_ig_083;cnn53:motif_cnn53_hl60_all_cnn_ig_302;cnn53:motif_cnn53_hl60_all_cnn_ig_304;cnn73:motif_cnn73_hct116_all_cnn_ig_168;cnn73:motif_cnn73_hct116_all_cnn_ig_170;cnn73:motif_cnn73_hek293t_all_cnn_ig_365;cnn73:motif_cnn73_hek293t_all_cnn_ig_367;cnn73:motif_cnn73_hela_all_cnn_ig_060;cnn73:motif_cnn73_hl60_all_cnn_ig_305;cnn73:motif_cnn73_hl60_all_cnn_ig_307,1.0,ok,
motif_cnn53_hela_all_cnn_ig_064,cnn_kernel_variant,all|cnn_ig,24,3,cnn33;cnn53;cnn73,cnn33:motif_cnn33_hct116_all_cnn_ig_139;cnn33:motif_cnn33_hct116_all_cnn_ig_219;cnn33:motif_cnn33_hek293t_all_cnn_ig_369;cnn33:motif_cnn33_hek293t_all_cnn_ig_373;cnn33:motif_cnn33_hela_all_cnn_ig_050;cnn33:motif_cnn33_hela_all_cnn_ig_055;cnn33:motif_cnn33_hl60_all_cnn_ig_431;cnn33:motif_cnn33_hl60_all_cnn_ig_434;cnn53:motif_cnn53_hct116_all_cnn_ig_142;cnn53:motif_cnn53_hct116_all_cnn_ig_154;cnn53:motif_cnn53_hek293t_all_cnn_ig_377;cnn53:motif_cnn53_hek293t_all_cnn_ig_395;cnn53:motif_cnn53_hela_all_cnn_ig_052;cnn53:motif_cnn53_hl60_all_cnn_ig_435;cnn53:motif_cnn53_hl60_all_cnn_ig_452;cnn73:motif_cnn73_hct116_all_cnn_ig_143;cnn73:motif_cnn73_hct116_all_cnn_ig_145;cnn73:motif_cnn73_hek293t_all_cnn_ig_379;cnn73:motif_cnn73_hek293t_all_cnn_ig_381;cnn73:motif_cnn73_hela_all_cnn_ig_046;cnn73:motif_cnn73_hela_all_cnn_ig_048;cnn73:motif_cnn73_hl60_all_cnn_ig_437;cnn73:motif_cnn73_hl60_all_cnn_ig_439,1.0,ok,
motif_cnn53_hela_all_cnn_ig_069,cnn_kernel_variant,all|cnn_ig,24,3,cnn33;cnn53;cnn73,cnn33:motif_cnn33_hct116_all_cnn_ig_110;cnn33:motif_cnn33_hct116_all_cnn_ig_259;cnn33:motif_cnn33_hek293t_all_cnn_ig_291;cnn33:motif_cnn33_hek293t_all_cnn_ig_347;cnn33:motif_cnn33_hela_all_cnn_ig_070;cnn33:motif_cnn33_hela_all_cnn_ig_109;cnn33:motif_cnn33_hl60_all_cnn_ig_274;cnn33:motif_cnn33_hl60_all_cnn_ig_418;cnn53:motif_cnn53_hct116_all_cnn_ig_111;cnn53:motif_cnn53_hct116_all_cnn_ig_155;cnn53:motif_cnn53_hek293t_all_cnn_ig_298;cnn53:motif_cnn53_hek293t_all_cnn_ig_355;cnn53:motif_cnn53_hela_all_cnn_ig_026;cnn53:motif_cnn53_hl60_all_cnn_ig_277;cnn53:motif_cnn53_hl60_all_cnn_ig_279;cnn73:motif_cnn73_hct116_all_cnn_ig_114;cnn73:motif_cnn73_hct116_all_cnn_ig_116;cnn73:motif_cnn73_hek293t_all_cnn_ig_294;cnn73:motif_cnn73_hek293t_all_cnn_ig_296;cnn73:motif_cnn73_hela_all_cnn_ig_028;cnn73:motif_cnn73_hela_all_cnn_ig_030;cnn73:motif_cnn73_hl60_all_cnn_ig_280;cnn73:motif_cnn73_hl60_all_cnn_ig_283,1.0,ok,
motif_cnn33_hela_all_cnn_ig_070,cnn_kernel_variant,all|cnn_ig,24,3,cnn33;cnn53;cnn73,cnn33:motif_cnn33_hct116_all_cnn_ig_110;cnn33:motif_cnn33_hct116_all_cnn_ig_259;cnn33:motif_cnn33_hek293t_all_cnn_ig_291;cnn33:motif_cnn33_hek293t_all_cnn_ig_347;cnn33:motif_cnn33_hela_all_cnn_ig_109;cnn33:motif_cnn33_hl60_all_cnn_ig_274;cnn33:motif_cnn33_hl60_all_cnn_ig_418;cnn53:motif_cnn53_hct116_all_cnn_ig_111;cnn53:motif_cnn53_hct116_all_cnn_ig_155;cnn53:motif_cnn53_hek293t_all_cnn_ig_298;cnn53:motif_cnn53_hek293t_all_cnn_ig_355;cnn53:motif_cnn53_hela_all_cnn_ig_026;cnn53:motif_cnn53_hela_all_cnn_ig_069;cnn53:motif_cnn53_hl60_all_cnn_ig_277;cnn53:motif_cnn53_hl60_all_cnn_ig_279;cnn73:motif_cnn73_hct116_all_cnn_ig_114;cnn73:motif_cnn73_hct116_all_cnn_ig_116;cnn73:motif_cnn73_hek293t_all_cnn_ig_294;cnn73:motif_cnn73_hek293t_all_cnn_ig_296;cnn73:motif_cnn73_hela_all_cnn_ig_028;cnn73:motif_cnn73_hela_all_cnn_ig_030;cnn73:motif_cnn73_hl60_all_cnn_ig_280;cnn73:motif_cnn73_hl60_all_cnn_ig_283,1.0,ok,
motif_cnn33_hct116_all_cnn_ig_073,cnn_kernel_variant,all|cnn_ig,24,3,cnn33;cnn53;cnn73,cnn33:motif_cnn33_hct116_all_cnn_ig_091;cnn33:motif_cnn33_hek293t_all_cnn_ig_204;cnn33:motif_cnn33_hek293t_all_cnn_ig_207;cnn33:motif_cnn33_hela_all_cnn_ig_002;cnn33:motif_cnn33_hela_all_cnn_ig_009;cnn33:motif_cnn33_hl60_all_cnn_ig_247;cnn33:motif_cnn33_hl60_all_cnn_ig_249;cnn53:motif_cnn53_hct116_all_cnn_ig_075;cnn53:motif_cnn53_hct116_all_cnn_ig_077;cnn53:motif_cnn53_hek293t_all_cnn_ig_210;cnn53:motif_cnn53_hek293t_all_cnn_ig_216;cnn53:motif_cnn53_hela_all_cnn_ig_011;cnn53:motif_cnn53_hela_all_cnn_ig_022;cnn53:motif_cnn53_hl60_all_cnn_ig_250;cnn53:motif_cnn53_hl60_all_cnn_ig_253;cnn73:motif_cnn73_hct116_all_cnn_ig_079;cnn73:motif_cnn73_hct116_all_cnn_ig_081;cnn73:motif_cnn73_hek293t_all_cnn_ig_211;cnn73:motif_cnn73_hek293t_all_cnn_ig_213;cnn73:motif_cnn73_hela_all_cnn_ig_004;cnn73:motif_cnn73_hela_all_cnn_ig_006;cnn73:motif_cnn73_hl60_all_cnn_ig_255;cnn73:motif_cnn73_hl60_all_cnn_ig_257,1.0,ok,
motif_cnn53_hct116_all_cnn_ig_075,cnn_kernel_variant,all|cnn_ig,24,3,cnn33;cnn53;cnn73,cnn33:motif_cnn33_hct116_all_cnn_ig_073;cnn33:motif_cnn33_hct116_all_cnn_ig_091;cnn33:motif_cnn33_hek293t_all_cnn_ig_204;cnn33:motif_cnn33_hek293t_all_cnn_ig_207;cnn33:motif_cnn33_hela_all_cnn_ig_002;cnn33:motif_cnn33_hela_all_cnn_ig_009;cnn33:motif_cnn33_hl60_all_cnn_ig_247;cnn33:motif_cnn33_hl60_all_cnn_ig_249;cnn53:motif_cnn53_hct116_all_cnn_ig_077;cnn53:motif_cnn53_hek293t_all_cnn_ig_210;cnn53:motif_cnn53_hek293t_all_cnn_ig_216;cnn53:motif_cnn53_hela_all_cnn_ig_011;cnn53:motif_cnn53_hela_all_cnn_ig_022;cnn53:motif_cnn53_hl60_all_cnn_ig_250;cnn53:motif_cnn53_hl60_all_cnn_ig_253;cnn73:motif_cnn73_hct116_all_cnn_ig_079;cnn73:motif_cnn73_hct116_all_cnn_ig_081;cnn73:motif_cnn73_hek293t_all_cnn_ig_211;cnn73:motif_cnn73_hek293t_all_cnn_ig_213;cnn73:motif_cnn73_hela_all_cnn_ig_004;cnn73:motif_cnn73_hela_all_cnn_ig_006;cnn73:motif_cnn73_hl60_all_cnn_ig_255;cnn73:motif_cnn73_hl60_all_cnn_ig_257,1.0,ok,
motif_cnn53_hct116_all_cnn_ig_077,cnn_kernel_variant,all|cnn_ig,24,3,cnn33;cnn53;cnn73,cnn33:motif_cnn33_hct116_all_cnn_ig_073;cnn33:motif_cnn33_hct116_all_cnn_ig_091;cnn33:motif_cnn33_hek293t_all_cnn_ig_204;cnn33:motif_cnn33_hek293t_all_cnn_ig_207;cnn33:motif_cnn33_hela_all_cnn_ig_002;cnn33:motif_cnn33_hela_all_cnn_ig_009;cnn33:motif_cnn33_hl60_all_cnn_ig_247;cnn33:motif_cnn33_hl60_all_cnn_ig_249;cnn53:motif_cnn53_hct116_all_cnn_ig_075;cnn53:motif_cnn53_hek293t_all_cnn_ig_210;cnn53:motif_cnn53_hek293t_all_cnn_ig_216;cnn53:motif_cnn53_hela_all_cnn_ig_011;cnn53:motif_cnn53_hela_all_cnn_ig_022;cnn53:motif_cnn53_hl60_all_cnn_ig_250;cnn53:motif_cnn53_hl60_all_cnn_ig_253;cnn73:motif_cnn73_hct116_all_cnn_ig_079;cnn73:motif_cnn73_hct116_all_cnn_ig_081;cnn73:motif_cnn73_hek293t_all_cnn_ig_211;cnn73:motif_cnn73_hek293t_all_cnn_ig_213;cnn73:motif_cnn73_hela_all_cnn_ig_004;cnn73:motif_cnn73_hela_all_cnn_ig_006;cnn73:motif_cnn73_hl60_all_cnn_ig_255;cnn73:motif_cnn73_hl60_all_cnn_ig_257,1.0,ok,
motif_cnn73_hct116_all_cnn_ig_079,cnn_kernel_variant,all|cnn_ig,24,3,cnn33;cnn53;cnn73,cnn33:motif_cnn33_hct116_all_cnn_ig_073;cnn33:motif_cnn33_hct116_all_cnn_ig_091;cnn33:motif_cnn33_hek293t_all_cnn_ig_204;cnn33:motif_cnn33_hek293t_all_cnn_ig_207;cnn33:motif_cnn33_hela_all_cnn_ig_002;cnn33:motif_cnn33_hela_all_cnn_ig_009;cnn33:motif_cnn33_hl60_all_cnn_ig_247;cnn33:motif_cnn33_hl60_all_cnn_ig_249;cnn53:motif_cnn53_hct116_all_cnn_ig_075;cnn53:motif_cnn53_hct116_all_cnn_ig_077;cnn53:motif_cnn53_hek293t_all_cnn_ig_210;cnn53:motif_cnn53_hek293t_all_cnn_ig_216;cnn53:motif_cnn53_hela_all_cnn_ig_011;cnn53:motif_cnn53_hela_all_cnn_ig_022;cnn53:motif_cnn53_hl60_all_cnn_ig_250;cnn53:motif_cnn53_hl60_all_cnn_ig_253;cnn73:motif_cnn73_hct116_all_cnn_ig_081;cnn73:motif_cnn73_hek293t_all_cnn_ig_211;cnn73:motif_cnn73_hek293t_all_cnn_ig_213;cnn73:motif_cnn73_hela_all_cnn_ig_004;cnn73:motif_cnn73_hela_all_cnn_ig_006;cnn73:motif_cnn73_hl60_all_cnn_ig_255;cnn73:motif_cnn73_hl60_all_cnn_ig_257,1.0,ok,
motif_cnn73_hct116_all_cnn_ig_081,cnn_kernel_variant,all|cnn_ig,24,3,cnn33;cnn53;cnn73,cnn33:motif_cnn33_hct116_all_cnn_ig_073;cnn33:motif_cnn33_hct116_all_cnn_ig_091;cnn33:motif_cnn33_hek293t_all_cnn_ig_204;cnn33:motif_cnn33_hek293t_all_cnn_ig_207;cnn33:motif_cnn33_hela_all_cnn_ig_002;cnn33:motif_cnn33_hela_all_cnn_ig_009;cnn33:motif_cnn33_hl60_all_cnn_ig_247;cnn33:motif_cnn33_hl60_all_cnn_ig_249;cnn53:motif_cnn53_hct116_all_cnn_ig_075;cnn53:motif_cnn53_hct116_all_cnn_ig_077;cnn53:motif_cnn53_hek293t_all_cnn_ig_210;cnn53:motif_cnn53_hek293t_all_cnn_ig_216;cnn53:motif_cnn53_hela_all_cnn_ig_011;cnn53:motif_cnn53_hela_all_cnn_ig_022;cnn53:motif_cnn53_hl60_all_cnn_ig_250;cnn53:motif_cnn53_hl60_all_cnn_ig_253;cnn73:motif_cnn73_hct116_all_cnn_ig_079;cnn73:motif_cnn73_hek293t_all_cnn_ig_211;cnn73:motif_cnn73_hek293t_all_cnn_ig_213;cnn73:motif_cnn73_hela_all_cnn_ig_004;cnn73:motif_cnn73_hela_all_cnn_ig_006;cnn73:motif_cnn73_hl60_all_cnn_ig_255;cnn73:motif_cnn73_hl60_all_cnn_ig_257,1.0,ok,
motif_cnn53_hela_all_cnn_ig_083,cnn_kernel_variant,all|cnn_ig,24,3,cnn33;cnn53;cnn73,cnn33:motif_cnn33_hct116_all_cnn_ig_164;cnn33:motif_cnn33_hct116_all_cnn_ig_343;cnn33:motif_cnn33_hek293t_all_cnn_ig_362;cnn33:motif_cnn33_hek293t_all_cnn_ig_404;cnn33:motif_cnn33_hela_all_cnn_ig_134;cnn33:motif_cnn33_hela_all_cnn_ig_150;cnn33:motif_cnn33_hl60_all_cnn_ig_300;cnn33:motif_cnn33_hl60_all_cnn_ig_392;cnn53:motif_cnn53_hct116_all_cnn_ig_165;cnn53:motif_cnn53_hct116_all_cnn_ig_185;cnn53:motif_cnn53_hek293t_all_cnn_ig_375;cnn53:motif_cnn53_hek293t_all_cnn_ig_378;cnn53:motif_cnn53_hela_all_cnn_ig_058;cnn53:motif_cnn53_hl60_all_cnn_ig_302;cnn53:motif_cnn53_hl60_all_cnn_ig_304;cnn73:motif_cnn73_hct116_all_cnn_ig_168;cnn73:motif_cnn73_hct116_all_cnn_ig_170;cnn73:motif_cnn73_hek293t_all_cnn_ig_365;cnn73:motif_cnn73_hek293t_all_cnn_ig_367;cnn73:motif_cnn73_hela_all_cnn_ig_060;cnn73:motif_cnn73_hela_all_cnn_ig_062;cnn73:motif_cnn73_hl60_all_cnn_ig_305;cnn73:motif_cnn73_hl60_all_cnn_ig_307,1.0,ok,
motif_cnn73_hela_all_cnn_ig_087,cnn_kernel_variant,all|cnn_ig,11,3,cnn33;cnn53;cnn73,cnn33:motif_cnn33_hct116_all_cnn_ig_191;cnn33:motif_cnn33_hela_all_cnn_ig_105;cnn33:motif_cnn33_hela_all_cnn_ig_217;cnn53:motif_cnn53_hct116_all_cnn_ig_201;cnn53:motif_cnn53_hct116_all_cnn_ig_202;cnn53:motif_cnn53_hela_all_cnn_ig_118;cnn53:motif_cnn53_hela_all_cnn_ig_135;cnn73:motif_cnn73_hct116_all_cnn_ig_193;cnn73:motif_cnn73_hct116_all_cnn_ig_195;cnn73:motif_cnn73_hela_all_cnn_ig_089,1.0,ok,
motif_cnn73_hela_all_cnn_ig_089,cnn_kernel_variant,all|cnn_ig,11,3,cnn33;cnn53;cnn73,cnn33:motif_cnn33_hct116_all_cnn_ig_191;cnn33:motif_cnn33_hela_all_cnn_ig_105;cnn33:motif_cnn33_hela_all_cnn_ig_217;cnn53:motif_cnn53_hct116_all_cnn_ig_201;cnn53:motif_cnn53_hct116_all_cnn_ig_202;cnn53:motif_cnn53_hela_all_cnn_ig_118;cnn53:motif_cnn53_hela_all_cnn_ig_135;cnn73:motif_cnn73_hct116_all_cnn_ig_193;cnn73:motif_cnn73_hct116_all_cnn_ig_195;cnn73:motif_cnn73_hela_all_cnn_ig_087,1.0,ok,
motif_cnn33_hct116_all_cnn_ig_091,cnn_kernel_variant,all|cnn_ig,24,3,cnn33;cnn53;cnn73,cnn33:motif_cnn33_hct116_all_cnn_ig_073;cnn33:motif_cnn33_hek293t_all_cnn_ig_204;cnn33:motif_cnn33_hek293t_all_cnn_ig_207;cnn33:motif_cnn33_hela_all_cnn_ig_002;cnn33:motif_cnn33_hela_all_cnn_ig_009;cnn33:motif_cnn33_hl60_all_cnn_ig_247;cnn33:motif_cnn33_hl60_all_cnn_ig_249;cnn53:motif_cnn53_hct116_all_cnn_ig_075;cnn53:motif_cnn53_hct116_all_cnn_ig_077;cnn53:motif_cnn53_hek293t_all_cnn_ig_210;cnn53:motif_cnn53_hek293t_all_cnn_ig_216;cnn53:motif_cnn53_hela_all_cnn_ig_011;cnn53:motif_cnn53_hela_all_cnn_ig_022;cnn53:motif_cnn53_hl60_all_cnn_ig_250;cnn53:motif_cnn53_hl60_all_cnn_ig_253;cnn73:motif_cnn73_hct116_all_cnn_ig_079;cnn73:motif_cnn73_hct116_all_cnn_ig_081;cnn73:motif_cnn73_hek293t_all_cnn_ig_211;cnn73:motif_cnn73_hek293t_all_cnn_ig_213;cnn73:motif_cnn73_hela_all_cnn_ig_004;cnn73:motif_cnn73_hela_all_cnn_ig_006;cnn73:motif_cnn73_hl60_all_cnn_ig_255;cnn73:motif_cnn73_hl60_all_cnn_ig_257,1.0,ok,
motif_cnn33_hct116_all_cnn_ig_094,cnn_kernel_variant,all|cnn_ig,23,3,cnn33;cnn53;cnn73,cnn33:motif_cnn33_hct116_all_cnn_ig_096;cnn33:motif_cnn33_hek293t_all_cnn_ig_224;cnn33:motif_cnn33_hek293t_all_cnn_ig_227;cnn33:motif_cnn33_hela_all_cnn_ig_021;cnn33:motif_cnn33_hl60_all_cnn_ig_310;cnn33:motif_cnn33_hl60_all_cnn_ig_313;cnn53:motif_cnn53_hct116_all_cnn_ig_097;cnn53:motif_cnn53_hct116_all_cnn_ig_099;cnn53:motif_cnn53_hek293t_all_cnn_ig_231;cnn53:motif_cnn53_hek293t_all_cnn_ig_238;cnn53:motif_cnn53_hela_all_cnn_ig_014;cnn53:motif_cnn53_hela_all_cnn_ig_016;cnn53:motif_cnn53_hl60_all_cnn_ig_315;cnn53:motif_cnn53_hl60_all_cnn_ig_321;cnn73:motif_cnn73_hct116_all_cnn_ig_101;cnn73:motif_cnn73_hct116_all_cnn_ig_103;cnn73:motif_cnn73_hek293t_all_cnn_ig_233;cnn73:motif_cnn73_hek293t_all_cnn_ig_235;cnn73:motif_cnn73_hela_all_cnn_ig_017;cnn73:motif_cnn73_hela_all_cnn_ig_019;cnn73:motif_cnn73_hl60_all_cnn_ig_317;cnn73:motif_cnn73_hl60_all_cnn_ig_319,1.0,ok,
motif_cnn33_hct116_all_cnn_ig_096,cnn_kernel_variant,all|cnn_ig,23,3,cnn33;cnn53;cnn73,cnn33:motif_cnn33_hct116_all_cnn_ig_094;cnn33:motif_cnn33_hek293t_all_cnn_ig_224;cnn33:motif_cnn33_hek293t_all_cnn_ig_227;cnn33:motif_cnn33_hela_all_cnn_ig_021;cnn33:motif_cnn33_hl60_all_cnn_ig_310;cnn33:motif_cnn33_hl60_all_cnn_ig_313;cnn53:motif_cnn53_hct116_all_cnn_ig_097;cnn53:motif_cnn53_hct116_all_cnn_ig_099;cnn53:motif_cnn53_hek293t_all_cnn_ig_231;cnn53:motif_cnn53_hek293t_all_cnn_ig_238;cnn53:motif_cnn53_hela_all_cnn_ig_014;cnn53:motif_cnn53_hela_all_cnn_ig_016;cnn53:motif_cnn53_hl60_all_cnn_ig_315;cnn53:motif_cnn53_hl60_all_cnn_ig_321;cnn73:motif_cnn73_hct116_all_cnn_ig_101;cnn73:motif_cnn73_hct116_all_cnn_ig_103;cnn73:motif_cnn73_hek293t_all_cnn_ig_233;cnn73:motif_cnn73_hek293t_all_cnn_ig_235;cnn73:motif_cnn73_hela_all_cnn_ig_017;cnn73:motif_cnn73_hela_all_cnn_ig_019;cnn73:motif_cnn73_hl60_all_cnn_ig_317;cnn73:motif_cnn73_hl60_all_cnn_ig_319,1.0,ok,
motif_cnn53_hct116_all_cnn_ig_097,cnn_kernel_variant,all|cnn_ig,23,3,cnn33;cnn53;cnn73,cnn33:motif_cnn33_hct116_all_cnn_ig_094;cnn33:motif_cnn33_hct116_all_cnn_ig_096;cnn33:motif_cnn33_hek293t_all_cnn_ig_224;cnn33:motif_cnn33_hek293t_all_cnn_ig_227;cnn33:motif_cnn33_hela_all_cnn_ig_021;cnn33:motif_cnn33_hl60_all_cnn_ig_310;cnn33:motif_cnn33_hl60_all_cnn_ig_313;cnn53:motif_cnn53_hct116_all_cnn_ig_099;cnn53:motif_cnn53_hek293t_all_cnn_ig_231;cnn53:motif_cnn53_hek293t_all_cnn_ig_238;cnn53:motif_cnn53_hela_all_cnn_ig_014;cnn53:motif_cnn53_hela_all_cnn_ig_016;cnn53:motif_cnn53_hl60_all_cnn_ig_315;cnn53:motif_cnn53_hl60_all_cnn_ig_321;cnn73:motif_cnn73_hct116_all_cnn_ig_101;cnn73:motif_cnn73_hct116_all_cnn_ig_103;cnn73:motif_cnn73_hek293t_all_cnn_ig_233;cnn73:motif_cnn73_hek293t_all_cnn_ig_235;cnn73:motif_cnn73_hela_all_cnn_ig_017;cnn73:motif_cnn73_hela_all_cnn_ig_019;cnn73:motif_cnn73_hl60_all_cnn_ig_317;cnn73:motif_cnn73_hl60_all_cnn_ig_319,1.0,ok,
motif_cnn53_hct116_all_cnn_ig_099,cnn_kernel_variant,all|cnn_ig,23,3,cnn33;cnn53;cnn73,cnn33:motif_cnn33_hct116_all_cnn_ig_094;cnn33:motif_cnn33_hct116_all_cnn_ig_096;cnn33:motif_cnn33_hek293t_all_cnn_ig_224;cnn33:motif_cnn33_hek293t_all_cnn_ig_227;cnn33:motif_cnn33_hela_all_cnn_ig_021;cnn33:motif_cnn33_hl60_all_cnn_ig_310;cnn33:motif_cnn33_hl60_all_cnn_ig_313;cnn53:motif_cnn53_hct116_all_cnn_ig_097;cnn53:motif_cnn53_hek293t_all_cnn_ig_231;cnn53:motif_cnn53_hek293t_all_cnn_ig_238;cnn53:motif_cnn53_hela_all_cnn_ig_014;cnn53:motif_cnn53_hela_all_cnn_ig_016;cnn53:motif_cnn53_hl60_all_cnn_ig_315;cnn53:motif_cnn53_hl60_all_cnn_ig_321;cnn73:motif_cnn73_hct116_all_cnn_ig_101;cnn73:motif_cnn73_hct116_all_cnn_ig_103;cnn73:motif_cnn73_hek293t_all_cnn_ig_233;cnn73:motif_cnn73_hek293t_all_cnn_ig_235;cnn73:motif_cnn73_hela_all_cnn_ig_017;cnn73:motif_cnn73_hela_all_cnn_ig_019;cnn73:motif_cnn73_hl60_all_cnn_ig_317;cnn73:motif_cnn73_hl60_all_cnn_ig_319,1.0,ok,
motif_cnn73_hct116_all_cnn_ig_101,cnn_kernel_variant,all|cnn_ig,23,3,cnn33;cnn53;cnn73,cnn33:motif_cnn33_hct116_all_cnn_ig_094;cnn33:motif_cnn33_hct116_all_cnn_ig_096;cnn33:motif_cnn33_hek293t_all_cnn_ig_224;cnn33:motif_cnn33_hek293t_all_cnn_ig_227;cnn33:motif_cnn33_hela_all_cnn_ig_021;cnn33:motif_cnn33_hl60_all_cnn_ig_310;cnn33:motif_cnn33_hl60_all_cnn_ig_313;cnn53:motif_cnn53_hct116_all_cnn_ig_097;cnn53:motif_cnn53_hct116_all_cnn_ig_099;cnn53:motif_cnn53_hek293t_all_cnn_ig_231;cnn53:motif_cnn53_hek293t_all_cnn_ig_238;cnn53:motif_cnn53_hela_all_cnn_ig_014;cnn53:motif_cnn53_hela_all_cnn_ig_016;cnn53:motif_cnn53_hl60_all_cnn_ig_315;cnn53:motif_cnn53_hl60_all_cnn_ig_321;cnn73:motif_cnn73_hct116_all_cnn_ig_103;cnn73:motif_cnn73_hek293t_all_cnn_ig_233;cnn73:motif_cnn73_hek293t_all_cnn_ig_235;cnn73:motif_cnn73_hela_all_cnn_ig_017;cnn73:motif_cnn73_hela_all_cnn_ig_019;cnn73:motif_cnn73_hl60_all_cnn_ig_317;cnn73:motif_cnn73_hl60_all_cnn_ig_319,1.0,ok,
motif_cnn73_hct116_all_cnn_ig_103,cnn_kernel_variant,all|cnn_ig,23,3,cnn33;cnn53;cnn73,cnn33:motif_cnn33_hct116_all_cnn_ig_094;cnn33:motif_cnn33_hct116_all_cnn_ig_096;cnn33:motif_cnn33_hek293t_all_cnn_ig_224;cnn33:motif_cnn33_hek293t_all_cnn_ig_227;cnn33:motif_cnn33_hela_all_cnn_ig_021;cnn33:motif_cnn33_hl60_all_cnn_ig_310;cnn33:motif_cnn33_hl60_all_cnn_ig_313;cnn53:motif_cnn53_hct116_all_cnn_ig_097;cnn53:motif_cnn53_hct116_all_cnn_ig_099;cnn53:motif_cnn53_hek293t_all_cnn_ig_231;cnn53:motif_cnn53_hek293t_all_cnn_ig_238;cnn53:motif_cnn53_hela_all_cnn_ig_014;cnn53:motif_cnn53_hela_all_cnn_ig_016;cnn53:motif_cnn53_hl60_all_cnn_ig_315;cnn53:motif_cnn53_hl60_all_cnn_ig_321;cnn73:motif_cnn73_hct116_all_cnn_ig_101;cnn73:motif_cnn73_hek293t_all_cnn_ig_233;cnn73:motif_cnn73_hek293t_all_cnn_ig_235;cnn73:motif_cnn73_hela_all_cnn_ig_017;cnn73:motif_cnn73_hela_all_cnn_ig_019;cnn73:motif_cnn73_hl60_all_cnn_ig_317;cnn73:motif_cnn73_hl60_all_cnn_ig_319,1.0,ok,
motif_cnn33_hela_all_cnn_ig_105,cnn_kernel_variant,all|cnn_ig,11,3,cnn33;cnn53;cnn73,cnn33:motif_cnn33_hct116_all_cnn_ig_191;cnn33:motif_cnn33_hela_all_cnn_ig_217;cnn53:motif_cnn53_hct116_all_cnn_ig_201;cnn53:motif_cnn53_hct116_all_cnn_ig_202;cnn53:motif_cnn53_hela_all_cnn_ig_118;cnn53:motif_cnn53_hela_all_cnn_ig_135;cnn73:motif_cnn73_hct116_all_cnn_ig_193;cnn73:motif_cnn73_hct116_all_cnn_ig_195;cnn73:motif_cnn73_hela_all_cnn_ig_087;cnn73:motif_cnn73_hela_all_cnn_ig_089,1.0,ok,
motif_cnn33_hela_all_cnn_ig_109,cnn_kernel_variant,all|cnn_ig,24,3,cnn33;cnn53;cnn73,cnn33:motif_cnn33_hct116_all_cnn_ig_110;cnn33:motif_cnn33_hct116_all_cnn_ig_259;cnn33:motif_cnn33_hek293t_all_cnn_ig_291;cnn33:motif_cnn33_hek293t_all_cnn_ig_347;cnn33:motif_cnn33_hela_all_cnn_ig_070;cnn33:motif_cnn33_hl60_all_cnn_ig_274;cnn33:motif_cnn33_hl60_all_cnn_ig_418;cnn53:motif_cnn53_hct116_all_cnn_ig_111;cnn53:motif_cnn53_hct116_all_cnn_ig_155;cnn53:motif_cnn53_hek293t_all_cnn_ig_298;cnn53:motif_cnn53_hek293t_all_cnn_ig_355;cnn53:motif_cnn53_hela_all_cnn_ig_026;cnn53:motif_cnn53_hela_all_cnn_ig_069;cnn53:motif_cnn53_hl60_all_cnn_ig_277;cnn53:motif_cnn53_hl60_all_cnn_ig_279;cnn73:motif_cnn73_hct116_all_cnn_ig_114;cnn73:motif_cnn73_hct116_all_cnn_ig_116;cnn73:motif_cnn73_hek293t_all_cnn_ig_294;cnn73:motif_cnn73_hek293t_all_cnn_ig_296;cnn73:motif_cnn73_hela_all_cnn_ig_028;cnn73:motif_cnn73_hela_all_cnn_ig_030;cnn73:motif_cnn73_hl60_all_cnn_ig_280;cnn73:motif_cnn73_hl60_all_cnn_ig_283,1.0,ok,
motif_cnn33_hct116_all_cnn_ig_110,cnn_kernel_variant,all|cnn_ig,24,3,cnn33;cnn53;cnn73,cnn33:motif_cnn33_hct116_all_cnn_ig_259;cnn33:motif_cnn33_hek293t_all_cnn_ig_291;cnn33:motif_cnn33_hek293t_all_cnn_ig_347;cnn33:motif_cnn33_hela_all_cnn_ig_070;cnn33:motif_cnn33_hela_all_cnn_ig_109;cnn33:motif_cnn33_hl60_all_cnn_ig_274;cnn33:motif_cnn33_hl60_all_cnn_ig_418;cnn53:motif_cnn53_hct116_all_cnn_ig_111;cnn53:motif_cnn53_hct116_all_cnn_ig_155;cnn53:motif_cnn53_hek293t_all_cnn_ig_298;cnn53:motif_cnn53_hek293t_all_cnn_ig_355;cnn53:motif_cnn53_hela_all_cnn_ig_026;cnn53:motif_cnn53_hela_all_cnn_ig_069;cnn53:motif_cnn53_hl60_all_cnn_ig_277;cnn53:motif_cnn53_hl60_all_cnn_ig_279;cnn73:motif_cnn73_hct116_all_cnn_ig_114;cnn73:motif_cnn73_hct116_all_cnn_ig_116;cnn73:motif_cnn73_hek293t_all_cnn_ig_294;cnn73:motif_cnn73_hek293t_all_cnn_ig_296;cnn73:motif_cnn73_hela_all_cnn_ig_028;cnn73:motif_cnn73_hela_all_cnn_ig_030;cnn73:motif_cnn73_hl60_all_cnn_ig_280;cnn73:motif_cnn73_hl60_all_cnn_ig_283,1.0,ok,
motif_cnn53_hct116_all_cnn_ig_111,cnn_kernel_variant,all|cnn_ig,24,3,cnn33;cnn53;cnn73,cnn33:motif_cnn33_hct116_all_cnn_ig_110;cnn33:motif_cnn33_hct116_all_cnn_ig_259;cnn33:motif_cnn33_hek293t_all_cnn_ig_291;cnn33:motif_cnn33_hek293t_all_cnn_ig_347;cnn33:motif_cnn33_hela_all_cnn_ig_070;cnn33:motif_cnn33_hela_all_cnn_ig_109;cnn33:motif_cnn33_hl60_all_cnn_ig_274;cnn33:motif_cnn33_hl60_all_cnn_ig_418;cnn53:motif_cnn53_hct116_all_cnn_ig_155;cnn53:motif_cnn53_hek293t_all_cnn_ig_298;cnn53:motif_cnn53_hek293t_all_cnn_ig_355;cnn53:motif_cnn53_hela_all_cnn_ig_026;cnn53:motif_cnn53_hela_all_cnn_ig_069;cnn53:motif_cnn53_hl60_all_cnn_ig_277;cnn53:motif_cnn53_hl60_all_cnn_ig_279;cnn73:motif_cnn73_hct116_all_cnn_ig_114;cnn73:motif_cnn73_hct116_all_cnn_ig_116;cnn73:motif_cnn73_hek293t_all_cnn_ig_294;cnn73:motif_cnn73_hek293t_all_cnn_ig_296;cnn73:motif_cnn73_hela_all_cnn_ig_028;cnn73:motif_cnn73_hela_all_cnn_ig_030;cnn73:motif_cnn73_hl60_all_cnn_ig_280;cnn73:motif_cnn73_hl60_all_cnn_ig_283,1.0,ok,
motif_cnn73_hct116_all_cnn_ig_114,cnn_kernel_variant,all|cnn_ig,24,3,cnn33;cnn53;cnn73,cnn33:motif_cnn33_hct116_all_cnn_ig_110;cnn33:motif_cnn33_hct116_all_cnn_ig_259;cnn33:motif_cnn33_hek293t_all_cnn_ig_291;cnn33:motif_cnn33_hek293t_all_cnn_ig_347;cnn33:motif_cnn33_hela_all_cnn_ig_070;cnn33:motif_cnn33_hela_all_cnn_ig_109;cnn33:motif_cnn33_hl60_all_cnn_ig_274;cnn33:motif_cnn33_hl60_all_cnn_ig_418;cnn53:motif_cnn53_hct116_all_cnn_ig_111;cnn53:motif_cnn53_hct116_all_cnn_ig_155;cnn53:motif_cnn53_hek293t_all_cnn_ig_298;cnn53:motif_cnn53_hek293t_all_cnn_ig_355;cnn53:motif_cnn53_hela_all_cnn_ig_026;cnn53:motif_cnn53_hela_all_cnn_ig_069;cnn53:motif_cnn53_hl60_all_cnn_ig_277;cnn53:motif_cnn53_hl60_all_cnn_ig_279;cnn73:motif_cnn73_hct116_all_cnn_ig_116;cnn73:motif_cnn73_hek293t_all_cnn_ig_294;cnn73:motif_cnn73_hek293t_all_cnn_ig_296;cnn73:motif_cnn73_hela_all_cnn_ig_028;cnn73:motif_cnn73_hela_all_cnn_ig_030;cnn73:motif_cnn73_hl60_all_cnn_ig_280;cnn73:motif_cnn73_hl60_all_cnn_ig_283,1.0,ok,
motif_cnn73_hct116_all_cnn_ig_116,cnn_kernel_variant,all|cnn_ig,24,3,cnn33;cnn53;cnn73,cnn33:motif_cnn33_hct116_all_cnn_ig_110;cnn33:motif_cnn33_hct116_all_cnn_ig_259;cnn33:motif_cnn33_hek293t_all_cnn_ig_291;cnn33:motif_cnn33_hek293t_all_cnn_ig_347;cnn33:motif_cnn33_hela_all_cnn_ig_070;cnn33:motif_cnn33_hela_all_cnn_ig_109;cnn33:motif_cnn33_hl60_all_cnn_ig_274;cnn33:motif_cnn33_hl60_all_cnn_ig_418;cnn53:motif_cnn53_hct116_all_cnn_ig_111;cnn53:motif_cnn53_hct116_all_cnn_ig_155;cnn53:motif_cnn53_hek293t_all_cnn_ig_298;cnn53:motif_cnn53_hek293t_all_cnn_ig_355;cnn53:motif_cnn53_hela_all_cnn_ig_026;cnn53:motif_cnn53_hela_all_cnn_ig_069;cnn53:motif_cnn53_hl60_all_cnn_ig_277;cnn53:motif_cnn53_hl60_all_cnn_ig_279;cnn73:motif_cnn73_hct116_all_cnn_ig_114;cnn73:motif_cnn73_hek293t_all_cnn_ig_294;cnn73:motif_cnn73_hek293t_all_cnn_ig_296;cnn73:motif_cnn73_hela_all_cnn_ig_028;cnn73:motif_cnn73_hela_all_cnn_ig_030;cnn73:motif_cnn73_hl60_all_cnn_ig_280;cnn73:motif_cnn73_hl60_all_cnn_ig_283,1.0,ok,
motif_cnn53_hela_all_cnn_ig_118,cnn_kernel_variant,all|cnn_ig,11,3,cnn33;cnn53;cnn73,cnn33:motif_cnn33_hct116_all_cnn_ig_191;cnn33:motif_cnn33_hela_all_cnn_ig_105;cnn33:motif_cnn33_hela_all_cnn_ig_217;cnn53:motif_cnn53_hct116_all_cnn_ig_201;cnn53:motif_cnn53_hct116_all_cnn_ig_202;cnn53:motif_cnn53_hela_all_cnn_ig_135;cnn73:motif_cnn73_hct116_all_cnn_ig_193;cnn73:motif_cnn73_hct116_all_cnn_ig_195;cnn73:motif_cnn73_hela_all_cnn_ig_087;cnn73:motif_cnn73_hela_all_cnn_ig_089,1.0,ok,
motif_cnn53_hela_all_cnn_ig_120,cnn_kernel_variant,all|cnn_ig,4,3,cnn33;cnn53;cnn73,cnn33:motif_cnn33_hct116_all_cnn_ig_226;cnn73:motif_cnn73_hela_all_cnn_ig_122;cnn73:motif_cnn73_hela_all_cnn_ig_124,1.0,ok,
motif_cnn73_hela_all_cnn_ig_122,cnn_kernel_variant,all|cnn_ig,4,3,cnn33;cnn53;cnn73,cnn33:motif_cnn33_hct116_all_cnn_ig_226;cnn53:motif_cnn53_hela_all_cnn_ig_120;cnn73:motif_cnn73_hela_all_cnn_ig_124,1.0,ok,
motif_cnn73_hela_all_cnn_ig_124,cnn_kernel_variant,all|cnn_ig,4,3,cnn33;cnn53;cnn73,cnn33:motif_cnn33_hct116_all_cnn_ig_226;cnn53:motif_cnn53_hela_all_cnn_ig_120;cnn73:motif_cnn73_hela_all_cnn_ig_122,1.0,ok,
motif_cnn33_hct116_all_cnn_ig_127,cnn_kernel_variant,all|cnn_ig,24,3,cnn33;cnn53;cnn73,cnn33:motif_cnn33_hct116_all_cnn_ig_179;cnn33:motif_cnn33_hek293t_all_cnn_ig_260;cnn33:motif_cnn33_hek293t_all_cnn_ig_262;cnn33:motif_cnn33_hela_all_cnn_ig_032;cnn33:motif_cnn33_hela_all_cnn_ig_034;cnn33:motif_cnn33_hl60_all_cnn_ig_334;cnn33:motif_cnn33_hl60_all_cnn_ig_336;cnn53:motif_cnn53_hct116_all_cnn_ig_148;cnn53:motif_cnn53_hct116_all_cnn_ig_149;cnn53:motif_cnn53_hek293t_all_cnn_ig_272;cnn53:motif_cnn53_hek293t_all_cnn_ig_299;cnn53:motif_cnn53_hela_all_cnn_ig_035;cnn53:motif_cnn53_hela_all_cnn_ig_043;cnn53:motif_cnn53_hl60_all_cnn_ig_337;cnn53:motif_cnn53_hl60_all_cnn_ig_415;cnn73:motif_cnn73_hct116_all_cnn_ig_130;cnn73:motif_cnn73_hct116_all_cnn_ig_132;cnn73:motif_cnn73_hek293t_all_cnn_ig_265;cnn73:motif_cnn73_hek293t_all_cnn_ig_267;cnn73:motif_cnn73_hela_all_cnn_ig_037;cnn73:motif_cnn73_hela_all_cnn_ig_039;cnn73:motif_cnn73_hl60_all_cnn_ig_339;cnn73:motif_cnn73_hl60_all_cnn_ig_341,1.0,ok,
motif_cnn73_hct116_all_cnn_ig_130,cnn_kernel_variant,all|cnn_ig,24,3,cnn33;cnn53;cnn73,cnn33:motif_cnn33_hct116_all_cnn_ig_127;cnn33:motif_cnn33_hct116_all_cnn_ig_179;cnn33:motif_cnn33_hek293t_all_cnn_ig_260;cnn33:motif_cnn33_hek293t_all_cnn_ig_262;cnn33:motif_cnn33_hela_all_cnn_ig_032;cnn33:motif_cnn33_hela_all_cnn_ig_034;cnn33:motif_cnn33_hl60_all_cnn_ig_334;cnn33:motif_cnn33_hl60_all_cnn_ig_336;cnn53:motif_cnn53_hct116_all_cnn_ig_148;cnn53:motif_cnn53_hct116_all_cnn_ig_149;cnn53:motif_cnn53_hek293t_all_cnn_ig_272;cnn53:motif_cnn53_hek293t_all_cnn_ig_299;cnn53:motif_cnn53_hela_all_cnn_ig_035;cnn53:motif_cnn53_hela_all_cnn_ig_043;cnn53:motif_cnn53_hl60_all_cnn_ig_337;cnn53:motif_cnn53_hl60_all_cnn_ig_415;cnn73:motif_cnn73_hct116_all_cnn_ig_132;cnn73:motif_cnn73_hek293t_all_cnn_ig_265;cnn73:motif_cnn73_hek293t_all_cnn_ig_267;cnn73:motif_cnn73_hela_all_cnn_ig_037;cnn73:motif_cnn73_hela_all_cnn_ig_039;cnn73:motif_cnn73_hl60_all_cnn_ig_339;cnn73:motif_cnn73_hl60_all_cnn_ig_341,1.0,ok,
motif_cnn73_hct116_all_cnn_ig_132,cnn_kernel_variant,all|cnn_ig,24,3,cnn33;cnn53;cnn73,cnn33:motif_cnn33_hct116_all_cnn_ig_127;cnn33:motif_cnn33_hct116_all_cnn_ig_179;cnn33:motif_cnn33_hek293t_all_cnn_ig_260;cnn33:motif_cnn33_hek293t_all_cnn_ig_262;cnn33:motif_cnn33_hela_all_cnn_ig_032;cnn33:motif_cnn33_hela_all_cnn_ig_034;cnn33:motif_cnn33_hl60_all_cnn_ig_334;cnn33:motif_cnn33_hl60_all_cnn_ig_336;cnn53:motif_cnn53_hct116_all_cnn_ig_148;cnn53:motif_cnn53_hct116_all_cnn_ig_149;cnn53:motif_cnn53_hek293t_all_cnn_ig_272;cnn53:motif_cnn53_hek293t_all_cnn_ig_299;cnn53:motif_cnn53_hela_all_cnn_ig_035;cnn53:motif_cnn53_hela_all_cnn_ig_043;cnn53:motif_cnn53_hl60_all_cnn_ig_337;cnn53:motif_cnn53_hl60_all_cnn_ig_415;cnn73:motif_cnn73_hct116_all_cnn_ig_130;cnn73:motif_cnn73_hek293t_all_cnn_ig_265;cnn73:motif_cnn73_hek293t_all_cnn_ig_267;cnn73:motif_cnn73_hela_all_cnn_ig_037;cnn73:motif_cnn73_hela_all_cnn_ig_039;cnn73:motif_cnn73_hl60_all_cnn_ig_339;cnn73:motif_cnn73_hl60_all_cnn_ig_341,1.0,ok,
motif_cnn33_hela_all_cnn_ig_134,cnn_kernel_variant,all|cnn_ig,24,3,cnn33;cnn53;cnn73,cnn33:motif_cnn33_hct116_all_cnn_ig_164;cnn33:motif_cnn33_hct116_all_cnn_ig_343;cnn33:motif_cnn33_hek293t_all_cnn_ig_362;cnn33:motif_cnn33_hek293t_all_cnn_ig_404;cnn33:motif_cnn33_hela_all_cnn_ig_150;cnn33:motif_cnn33_hl60_all_cnn_ig_300;cnn33:motif_cnn33_hl60_all_cnn_ig_392;cnn53:motif_cnn53_hct116_all_cnn_ig_165;cnn53:motif_cnn53_hct116_all_cnn_ig_185;cnn53:motif_cnn53_hek293t_all_cnn_ig_375;cnn53:motif_cnn53_hek293t_all_cnn_ig_378;cnn53:motif_cnn53_hela_all_cnn_ig_058;cnn53:motif_cnn53_hela_all_cnn_ig_083;cnn53:motif_cnn53_hl60_all_cnn_ig_302;cnn53:motif_cnn53_hl60_all_cnn_ig_304;cnn73:motif_cnn73_hct116_all_cnn_ig_168;cnn73:motif_cnn73_hct116_all_cnn_ig_170;cnn73:motif_cnn73_hek293t_all_cnn_ig_365;cnn73:motif_cnn73_hek293t_all_cnn_ig_367;cnn73:motif_cnn73_hela_all_cnn_ig_060;cnn73:motif_cnn73_hela_all_cnn_ig_062;cnn73:motif_cnn73_hl60_all_cnn_ig_305;cnn73:motif_cnn73_hl60_all_cnn_ig_307,1.0,ok,
motif_cnn53_hela_all_cnn_ig_135,cnn_kernel_variant,all|cnn_ig,11,3,cnn33;cnn53;cnn73,cnn33:motif_cnn33_hct116_all_cnn_ig_191;cnn33:motif_cnn33_hela_all_cnn_ig_105;cnn33:motif_cnn33_hela_all_cnn_ig_217;cnn53:motif_cnn53_hct116_all_cnn_ig_201;cnn53:motif_cnn53_hct116_all_cnn_ig_202;cnn53:motif_cnn53_hela_all_cnn_ig_118;cnn73:motif_cnn73_hct116_all_cnn_ig_193;cnn73:motif_cnn73_hct116_all_cnn_ig_195;cnn73:motif_cnn73_hela_all_cnn_ig_087;cnn73:motif_cnn73_hela_all_cnn_ig_089,1.0,ok,
motif_cnn33_hct116_all_cnn_ig_139,cnn_kernel_variant,all|cnn_ig,24,3,cnn33;cnn53;cnn73,cnn33:motif_cnn33_hct116_all_cnn_ig_219;cnn33:motif_cnn33_hek293t_all_cnn_ig_369;cnn33:motif_cnn33_hek293t_all_cnn_ig_373;cnn33:motif_cnn33_hela_all_cnn_ig_050;cnn33:motif_cnn33_hela_all_cnn_ig_055;cnn33:motif_cnn33_hl60_all_cnn_ig_431;cnn33:motif_cnn33_hl60_all_cnn_ig_434;cnn53:motif_cnn53_hct116_all_cnn_ig_142;cnn53:motif_cnn53_hct116_all_cnn_ig_154;cnn53:motif_cnn53_hek293t_all_cnn_ig_377;cnn53:motif_cnn53_hek293t_all_cnn_ig_395;cnn53:motif_cnn53_hela_all_cnn_ig_052;cnn53:motif_cnn53_hela_all_cnn_ig_064;cnn53:motif_cnn53_hl60_all_cnn_ig_435;cnn53:motif_cnn53_hl60_all_cnn_ig_452;cnn73:motif_cnn73_hct116_all_cnn_ig_143;cnn73:motif_cnn73_hct116_all_cnn_ig_145;cnn73:motif_cnn73_hek293t_all_cnn_ig_379;cnn73:motif_cnn73_hek293t_all_cnn_ig_381;cnn73:motif_cnn73_hela_all_cnn_ig_046;cnn73:motif_cnn73_hela_all_cnn_ig_048;cnn73:motif_cnn73_hl60_all_cnn_ig_437;cnn73:motif_cnn73_hl60_all_cnn_ig_439,1.0,ok,
motif_cnn53_hct116_all_cnn_ig_142,cnn_kernel_variant,all|cnn_ig,24,3,cnn33;cnn53;cnn73,cnn33:motif_cnn33_hct116_all_cnn_ig_139;cnn33:motif_cnn33_hct116_all_cnn_ig_219;cnn33:motif_cnn33_hek293t_all_cnn_ig_369;cnn33:motif_cnn33_hek293t_all_cnn_ig_373;cnn33:motif_cnn33_hela_all_cnn_ig_050;cnn33:motif_cnn33_hela_all_cnn_ig_055;cnn33:motif_cnn33_hl60_all_cnn_ig_431;cnn33:motif_cnn33_hl60_all_cnn_ig_434;cnn53:motif_cnn53_hct116_all_cnn_ig_154;cnn53:motif_cnn53_hek293t_all_cnn_ig_377;cnn53:motif_cnn53_hek293t_all_cnn_ig_395;cnn53:motif_cnn53_hela_all_cnn_ig_052;cnn53:motif_cnn53_hela_all_cnn_ig_064;cnn53:motif_cnn53_hl60_all_cnn_ig_435;cnn53:motif_cnn53_hl60_all_cnn_ig_452;cnn73:motif_cnn73_hct116_all_cnn_ig_143;cnn73:motif_cnn73_hct116_all_cnn_ig_145;cnn73:motif_cnn73_hek293t_all_cnn_ig_379;cnn73:motif_cnn73_hek293t_all_cnn_ig_381;cnn73:motif_cnn73_hela_all_cnn_ig_046;cnn73:motif_cnn73_hela_all_cnn_ig_048;cnn73:motif_cnn73_hl60_all_cnn_ig_437;cnn73:motif_cnn73_hl60_all_cnn_ig_439,1.0,ok,
motif_cnn73_hct116_all_cnn_ig_143,cnn_kernel_variant,all|cnn_ig,24,3,cnn33;cnn53;cnn73,cnn33:motif_cnn33_hct116_all_cnn_ig_139;cnn33:motif_cnn33_hct116_all_cnn_ig_219;cnn33:motif_cnn33_hek293t_all_cnn_ig_369;cnn33:motif_cnn33_hek293t_all_cnn_ig_373;cnn33:motif_cnn33_hela_all_cnn_ig_050;cnn33:motif_cnn33_hela_all_cnn_ig_055;cnn33:motif_cnn33_hl60_all_cnn_ig_431;cnn33:motif_cnn33_hl60_all_cnn_ig_434;cnn53:motif_cnn53_hct116_all_cnn_ig_142;cnn53:motif_cnn53_hct116_all_cnn_ig_154;cnn53:motif_cnn53_hek293t_all_cnn_ig_377;cnn53:motif_cnn53_hek293t_all_cnn_ig_395;cnn53:motif_cnn53_hela_all_cnn_ig_052;cnn53:motif_cnn53_hela_all_cnn_ig_064;cnn53:motif_cnn53_hl60_all_cnn_ig_435;cnn53:motif_cnn53_hl60_all_cnn_ig_452;cnn73:motif_cnn73_hct116_all_cnn_ig_145;cnn73:motif_cnn73_hek293t_all_cnn_ig_379;cnn73:motif_cnn73_hek293t_all_cnn_ig_381;cnn73:motif_cnn73_hela_all_cnn_ig_046;cnn73:motif_cnn73_hela_all_cnn_ig_048;cnn73:motif_cnn73_hl60_all_cnn_ig_437;cnn73:motif_cnn73_hl60_all_cnn_ig_439,1.0,ok,
motif_cnn73_hct116_all_cnn_ig_145,cnn_kernel_variant,all|cnn_ig,24,3,cnn33;cnn53;cnn73,cnn33:motif_cnn33_hct116_all_cnn_ig_139;cnn33:motif_cnn33_hct116_all_cnn_ig_219;cnn33:motif_cnn33_hek293t_all_cnn_ig_369;cnn33:motif_cnn33_hek293t_all_cnn_ig_373;cnn33:motif_cnn33_hela_all_cnn_ig_050;cnn33:motif_cnn33_hela_all_cnn_ig_055;cnn33:motif_cnn33_hl60_all_cnn_ig_431;cnn33:motif_cnn33_hl60_all_cnn_ig_434;cnn53:motif_cnn53_hct116_all_cnn_ig_142;cnn53:motif_cnn53_hct116_all_cnn_ig_154;cnn53:motif_cnn53_hek293t_all_cnn_ig_377;cnn53:motif_cnn53_hek293t_all_cnn_ig_395;cnn53:motif_cnn53_hela_all_cnn_ig_052;cnn53:motif_cnn53_hela_all_cnn_ig_064;cnn53:motif_cnn53_hl60_all_cnn_ig_435;cnn53:motif_cnn53_hl60_all_cnn_ig_452;cnn73:motif_cnn73_hct116_all_cnn_ig_143;cnn73:motif_cnn73_hek293t_all_cnn_ig_379;cnn73:motif_cnn73_hek293t_all_cnn_ig_381;cnn73:motif_cnn73_hela_all_cnn_ig_046;cnn73:motif_cnn73_hela_all_cnn_ig_048;cnn73:motif_cnn73_hl60_all_cnn_ig_437;cnn73:motif_cnn73_hl60_all_cnn_ig_439,1.0,ok,
motif_cnn53_hct116_all_cnn_ig_148,cnn_kernel_variant,all|cnn_ig,24,3,cnn33;cnn53;cnn73,cnn33:motif_cnn33_hct116_all_cnn_ig_127;cnn33:motif_cnn33_hct116_all_cnn_ig_179;cnn33:motif_cnn33_hek293t_all_cnn_ig_260;cnn33:motif_cnn33_hek293t_all_cnn_ig_262;cnn33:motif_cnn33_hela_all_cnn_ig_032;cnn33:motif_cnn33_hela_all_cnn_ig_034;cnn33:motif_cnn33_hl60_all_cnn_ig_334;cnn33:motif_cnn33_hl60_all_cnn_ig_336;cnn53:motif_cnn53_hct116_all_cnn_ig_149;cnn53:motif_cnn53_hek293t_all_cnn_ig_272;cnn53:motif_cnn53_hek293t_all_cnn_ig_299;cnn53:motif_cnn53_hela_all_cnn_ig_035;cnn53:motif_cnn53_hela_all_cnn_ig_043;cnn53:motif_cnn53_hl60_all_cnn_ig_337;cnn53:motif_cnn53_hl60_all_cnn_ig_415;cnn73:motif_cnn73_hct116_all_cnn_ig_130;cnn73:motif_cnn73_hct116_all_cnn_ig_132;cnn73:motif_cnn73_hek293t_all_cnn_ig_265;cnn73:motif_cnn73_hek293t_all_cnn_ig_267;cnn73:motif_cnn73_hela_all_cnn_ig_037;cnn73:motif_cnn73_hela_all_cnn_ig_039;cnn73:motif_cnn73_hl60_all_cnn_ig_339;cnn73:motif_cnn73_hl60_all_cnn_ig_341,1.0,ok,
motif_cnn53_hct116_all_cnn_ig_149,cnn_kernel_variant,all|cnn_ig,24,3,cnn33;cnn53;cnn73,cnn33:motif_cnn33_hct116_all_cnn_ig_127;cnn33:motif_cnn33_hct116_all_cnn_ig_179;cnn33:motif_cnn33_hek293t_all_cnn_ig_260;cnn33:motif_cnn33_hek293t_all_cnn_ig_262;cnn33:motif_cnn33_hela_all_cnn_ig_032;cnn33:motif_cnn33_hela_all_cnn_ig_034;cnn33:motif_cnn33_hl60_all_cnn_ig_334;cnn33:motif_cnn33_hl60_all_cnn_ig_336;cnn53:motif_cnn53_hct116_all_cnn_ig_148;cnn53:motif_cnn53_hek293t_all_cnn_ig_272;cnn53:motif_cnn53_hek293t_all_cnn_ig_299;cnn53:motif_cnn53_hela_all_cnn_ig_035;cnn53:motif_cnn53_hela_all_cnn_ig_043;cnn53:motif_cnn53_hl60_all_cnn_ig_337;cnn53:motif_cnn53_hl60_all_cnn_ig_415;cnn73:motif_cnn73_hct116_all_cnn_ig_130;cnn73:motif_cnn73_hct116_all_cnn_ig_132;cnn73:motif_cnn73_hek293t_all_cnn_ig_265;cnn73:motif_cnn73_hek293t_all_cnn_ig_267;cnn73:motif_cnn73_hela_all_cnn_ig_037;cnn73:motif_cnn73_hela_all_cnn_ig_039;cnn73:motif_cnn73_hl60_all_cnn_ig_339;cnn73:motif_cnn73_hl60_all_cnn_ig_341,1.0,ok,
motif_cnn33_hela_all_cnn_ig_150,cnn_kernel_variant,all|cnn_ig,24,3,cnn33;cnn53;cnn73,cnn33:motif_cnn33_hct116_all_cnn_ig_164;cnn33:motif_cnn33_hct116_all_cnn_ig_343;cnn33:motif_cnn33_hek293t_all_cnn_ig_362;cnn33:motif_cnn33_hek293t_all_cnn_ig_404;cnn33:motif_cnn33_hela_all_cnn_ig_134;cnn33:motif_cnn33_hl60_all_cnn_ig_300;cnn33:motif_cnn33_hl60_all_cnn_ig_392;cnn53:motif_cnn53_hct116_all_cnn_ig_165;cnn53:motif_cnn53_hct116_all_cnn_ig_185;cnn53:motif_cnn53_hek293t_all_cnn_ig_375;cnn53:motif_cnn53_hek293t_all_cnn_ig_378;cnn53:motif_cnn53_hela_all_cnn_ig_058;cnn53:motif_cnn53_hela_all_cnn_ig_083;cnn53:motif_cnn53_hl60_all_cnn_ig_302;cnn53:motif_cnn53_hl60_all_cnn_ig_304;cnn73:motif_cnn73_hct116_all_cnn_ig_168;cnn73:motif_cnn73_hct116_all_cnn_ig_170;cnn73:motif_cnn73_hek293t_all_cnn_ig_365;cnn73:motif_cnn73_hek293t_all_cnn_ig_367;cnn73:motif_cnn73_hela_all_cnn_ig_060;cnn73:motif_cnn73_hela_all_cnn_ig_062;cnn73:motif_cnn73_hl60_all_cnn_ig_305;cnn73:motif_cnn73_hl60_all_cnn_ig_307,1.0,ok,
motif_cnn53_hct116_all_cnn_ig_154,cnn_kernel_variant,all|cnn_ig,24,3,cnn33;cnn53;cnn73,cnn33:motif_cnn33_hct116_all_cnn_ig_139;cnn33:motif_cnn33_hct116_all_cnn_ig_219;cnn33:motif_cnn33_hek293t_all_cnn_ig_369;cnn33:motif_cnn33_hek293t_all_cnn_ig_373;cnn33:motif_cnn33_hela_all_cnn_ig_050;cnn33:motif_cnn33_hela_all_cnn_ig_055;cnn33:motif_cnn33_hl60_all_cnn_ig_431;cnn33:motif_cnn33_hl60_all_cnn_ig_434;cnn53:motif_cnn53_hct116_all_cnn_ig_142;cnn53:motif_cnn53_hek293t_all_cnn_ig_377;cnn53:motif_cnn53_hek293t_all_cnn_ig_395;cnn53:motif_cnn53_hela_all_cnn_ig_052;cnn53:motif_cnn53_hela_all_cnn_ig_064;cnn53:motif_cnn53_hl60_all_cnn_ig_435;cnn53:motif_cnn53_hl60_all_cnn_ig_452;cnn73:motif_cnn73_hct116_all_cnn_ig_143;cnn73:motif_cnn73_hct116_all_cnn_ig_145;cnn73:motif_cnn73_hek293t_all_cnn_ig_379;cnn73:motif_cnn73_hek293t_all_cnn_ig_381;cnn73:motif_cnn73_hela_all_cnn_ig_046;cnn73:motif_cnn73_hela_all_cnn_ig_048;cnn73:motif_cnn73_hl60_all_cnn_ig_437;cnn73:motif_cnn73_hl60_all_cnn_ig_439,1.0,ok,
motif_cnn53_hct116_all_cnn_ig_155,cnn_kernel_variant,all|cnn_ig,24,3,cnn33;cnn53;cnn73,cnn33:motif_cnn33_hct116_all_cnn_ig_110;cnn33:motif_cnn33_hct116_all_cnn_ig_259;cnn33:motif_cnn33_hek293t_all_cnn_ig_291;cnn33:motif_cnn33_hek293t_all_cnn_ig_347;cnn33:motif_cnn33_hela_all_cnn_ig_070;cnn33:motif_cnn33_hela_all_cnn_ig_109;cnn33:motif_cnn33_hl60_all_cnn_ig_274;cnn33:motif_cnn33_hl60_all_cnn_ig_418;cnn53:motif_cnn53_hct116_all_cnn_ig_111;cnn53:motif_cnn53_hek293t_all_cnn_ig_298;cnn53:motif_cnn53_hek293t_all_cnn_ig_355;cnn53:motif_cnn53_hela_all_cnn_ig_026;cnn53:motif_cnn53_hela_all_cnn_ig_069;cnn53:motif_cnn53_hl60_all_cnn_ig_277;cnn53:motif_cnn53_hl60_all_cnn_ig_279;cnn73:motif_cnn73_hct116_all_cnn_ig_114;cnn73:motif_cnn73_hct116_all_cnn_ig_116;cnn73:motif_cnn73_hek293t_all_cnn_ig_294;cnn73:motif_cnn73_hek293t_all_cnn_ig_296;cnn73:motif_cnn73_hela_all_cnn_ig_028;cnn73:motif_cnn73_hela_all_cnn_ig_030;cnn73:motif_cnn73_hl60_all_cnn_ig_280;cnn73:motif_cnn73_hl60_all_cnn_ig_283,1.0,ok,
motif_cnn53_hela_all_cnn_ig_163,cnn_kernel_variant,all|cnn_ig,6,3,cnn33;cnn53,cnn33:motif_cnn33_hct116_all_cnn_ig_412;cnn33:motif_cnn33_hela_all_cnn_ig_175;cnn33:motif_cnn33_hela_all_cnn_ig_181;cnn33:motif_cnn33_hl60_all_cnn_ig_460;cnn33:motif_cnn33_hl60_all_cnn_ig_461,1.0,ok,
motif_cnn33_hct116_all_cnn_ig_164,cnn_kernel_variant,all|cnn_ig,24,3,cnn33;cnn53;cnn73,cnn33:motif_cnn33_hct116_all_cnn_ig_343;cnn33:motif_cnn33_hek293t_all_cnn_ig_362;cnn33:motif_cnn33_hek293t_all_cnn_ig_404;cnn33:motif_cnn33_hela_all_cnn_ig_134;cnn33:motif_cnn33_hela_all_cnn_ig_150;cnn33:motif_cnn33_hl60_all_cnn_ig_300;cnn33:motif_cnn33_hl60_all_cnn_ig_392;cnn53:motif_cnn53_hct116_all_cnn_ig_165;cnn53:motif_cnn53_hct116_all_cnn_ig_185;cnn53:motif_cnn53_hek293t_all_cnn_ig_375;cnn53:motif_cnn53_hek293t_all_cnn_ig_378;cnn53:motif_cnn53_hela_all_cnn_ig_058;cnn53:motif_cnn53_hela_all_cnn_ig_083;cnn53:motif_cnn53_hl60_all_cnn_ig_302;cnn53:motif_cnn53_hl60_all_cnn_ig_304;cnn73:motif_cnn73_hct116_all_cnn_ig_168;cnn73:motif_cnn73_hct116_all_cnn_ig_170;cnn73:motif_cnn73_hek293t_all_cnn_ig_365;cnn73:motif_cnn73_hek293t_all_cnn_ig_367;cnn73:motif_cnn73_hela_all_cnn_ig_060;cnn73:motif_cnn73_hela_all_cnn_ig_062;cnn73:motif_cnn73_hl60_all_cnn_ig_305;cnn73:motif_cnn73_hl60_all_cnn_ig_307,1.0,ok,
motif_cnn53_hct116_all_cnn_ig_165,cnn_kernel_variant,all|cnn_ig,24,3,cnn33;cnn53;cnn73,cnn33:motif_cnn33_hct116_all_cnn_ig_164;cnn33:motif_cnn33_hct116_all_cnn_ig_343;cnn33:motif_cnn33_hek293t_all_cnn_ig_362;cnn33:motif_cnn33_hek293t_all_cnn_ig_404;cnn33:motif_cnn33_hela_all_cnn_ig_134;cnn33:motif_cnn33_hela_all_cnn_ig_150;cnn33:motif_cnn33_hl60_all_cnn_ig_300;cnn33:motif_cnn33_hl60_all_cnn_ig_392;cnn53:motif_cnn53_hct116_all_cnn_ig_185;cnn53:motif_cnn53_hek293t_all_cnn_ig_375;cnn53:motif_cnn53_hek293t_all_cnn_ig_378;cnn53:motif_cnn53_hela_all_cnn_ig_058;cnn53:motif_cnn53_hela_all_cnn_ig_083;cnn53:motif_cnn53_hl60_all_cnn_ig_302;cnn53:motif_cnn53_hl60_all_cnn_ig_304;cnn73:motif_cnn73_hct116_all_cnn_ig_168;cnn73:motif_cnn73_hct116_all_cnn_ig_170;cnn73:motif_cnn73_hek293t_all_cnn_ig_365;cnn73:motif_cnn73_hek293t_all_cnn_ig_367;cnn73:motif_cnn73_hela_all_cnn_ig_060;cnn73:motif_cnn73_hela_all_cnn_ig_062;cnn73:motif_cnn73_hl60_all_cnn_ig_305;cnn73:motif_cnn73_hl60_all_cnn_ig_307,1.0,ok,
motif_cnn73_hct116_all_cnn_ig_168,cnn_kernel_variant,all|cnn_ig,24,3,cnn33;cnn53;cnn73,cnn33:motif_cnn33_hct116_all_cnn_ig_164;cnn33:motif_cnn33_hct116_all_cnn_ig_343;cnn33:motif_cnn33_hek293t_all_cnn_ig_362;cnn33:motif_cnn33_hek293t_all_cnn_ig_404;cnn33:motif_cnn33_hela_all_cnn_ig_134;cnn33:motif_cnn33_hela_all_cnn_ig_150;cnn33:motif_cnn33_hl60_all_cnn_ig_300;cnn33:motif_cnn33_hl60_all_cnn_ig_392;cnn53:motif_cnn53_hct116_all_cnn_ig_165;cnn53:motif_cnn53_hct116_all_cnn_ig_185;cnn53:motif_cnn53_hek293t_all_cnn_ig_375;cnn53:motif_cnn53_hek293t_all_cnn_ig_378;cnn53:motif_cnn53_hela_all_cnn_ig_058;cnn53:motif_cnn53_hela_all_cnn_ig_083;cnn53:motif_cnn53_hl60_all_cnn_ig_302;cnn53:motif_cnn53_hl60_all_cnn_ig_304;cnn73:motif_cnn73_hct116_all_cnn_ig_170;cnn73:motif_cnn73_hek293t_all_cnn_ig_365;cnn73:motif_cnn73_hek293t_all_cnn_ig_367;cnn73:motif_cnn73_hela_all_cnn_ig_060;cnn73:motif_cnn73_hela_all_cnn_ig_062;cnn73:motif_cnn73_hl60_all_cnn_ig_305;cnn73:motif_cnn73_hl60_all_cnn_ig_307,1.0,ok,
motif_cnn73_hct116_all_cnn_ig_170,cnn_kernel_variant,all|cnn_ig,24,3,cnn33;cnn53;cnn73,cnn33:motif_cnn33_hct116_all_cnn_ig_164;cnn33:motif_cnn33_hct116_all_cnn_ig_343;cnn33:motif_cnn33_hek293t_all_cnn_ig_362;cnn33:motif_cnn33_hek293t_all_cnn_ig_404;cnn33:motif_cnn33_hela_all_cnn_ig_134;cnn33:motif_cnn33_hela_all_cnn_ig_150;cnn33:motif_cnn33_hl60_all_cnn_ig_300;cnn33:motif_cnn33_hl60_all_cnn_ig_392;cnn53:motif_cnn53_hct116_all_cnn_ig_165;cnn53:motif_cnn53_hct116_all_cnn_ig_185;cnn53:motif_cnn53_hek293t_all_cnn_ig_375;cnn53:motif_cnn53_hek293t_all_cnn_ig_378;cnn53:motif_cnn53_hela_all_cnn_ig_058;cnn53:motif_cnn53_hela_all_cnn_ig_083;cnn53:motif_cnn53_hl60_all_cnn_ig_302;cnn53:motif_cnn53_hl60_all_cnn_ig_304;cnn73:motif_cnn73_hct116_all_cnn_ig_168;cnn73:motif_cnn73_hek293t_all_cnn_ig_365;cnn73:motif_cnn73_hek293t_all_cnn_ig_367;cnn73:motif_cnn73_hela_all_cnn_ig_060;cnn73:motif_cnn73_hela_all_cnn_ig_062;cnn73:motif_cnn73_hl60_all_cnn_ig_305;cnn73:motif_cnn73_hl60_all_cnn_ig_307,1.0,ok,
motif_cnn33_hela_all_cnn_ig_175,cnn_kernel_variant,all|cnn_ig,6,3,cnn33;cnn53,cnn33:motif_cnn33_hct116_all_cnn_ig_412;cnn33:motif_cnn33_hela_all_cnn_ig_181;cnn33:motif_cnn33_hl60_all_cnn_ig_460;cnn33:motif_cnn33_hl60_all_cnn_ig_461;cnn53:motif_cnn53_hela_all_cnn_ig_163,1.0,ok,
motif_cnn33_hct116_all_cnn_ig_179,cnn_kernel_variant,all|cnn_ig,24,3,cnn33;cnn53;cnn73,cnn33:motif_cnn33_hct116_all_cnn_ig_127;cnn33:motif_cnn33_hek293t_all_cnn_ig_260;cnn33:motif_cnn33_hek293t_all_cnn_ig_262;cnn33:motif_cnn33_hela_all_cnn_ig_032;cnn33:motif_cnn33_hela_all_cnn_ig_034;cnn33:motif_cnn33_hl60_all_cnn_ig_334;cnn33:motif_cnn33_hl60_all_cnn_ig_336;cnn53:motif_cnn53_hct116_all_cnn_ig_148;cnn53:motif_cnn53_hct116_all_cnn_ig_149;cnn53:motif_cnn53_hek293t_all_cnn_ig_272;cnn53:motif_cnn53_hek293t_all_cnn_ig_299;cnn53:motif_cnn53_hela_all_cnn_ig_035;cnn53:motif_cnn53_hela_all_cnn_ig_043;cnn53:motif_cnn53_hl60_all_cnn_ig_337;cnn53:motif_cnn53_hl60_all_cnn_ig_415;cnn73:motif_cnn73_hct116_all_cnn_ig_130;cnn73:motif_cnn73_hct116_all_cnn_ig_132;cnn73:motif_cnn73_hek293t_all_cnn_ig_265;cnn73:motif_cnn73_hek293t_all_cnn_ig_267;cnn73:motif_cnn73_hela_all_cnn_ig_037;cnn73:motif_cnn73_hela_all_cnn_ig_039;cnn73:motif_cnn73_hl60_all_cnn_ig_339;cnn73:motif_cnn73_hl60_all_cnn_ig_341,1.0,ok,
motif_cnn33_hela_all_cnn_ig_181,cnn_kernel_variant,all|cnn_ig,6,3,cnn33;cnn53,cnn33:motif_cnn33_hct116_all_cnn_ig_412;cnn33:motif_cnn33_hela_all_cnn_ig_175;cnn33:motif_cnn33_hl60_all_cnn_ig_460;cnn33:motif_cnn33_hl60_all_cnn_ig_461;cnn53:motif_cnn53_hela_all_cnn_ig_163,1.0,ok,
motif_cnn53_hct116_all_cnn_ig_185,cnn_kernel_variant,all|cnn_ig,24,3,cnn33;cnn53;cnn73,cnn33:motif_cnn33_hct116_all_cnn_ig_164;cnn33:motif_cnn33_hct116_all_cnn_ig_343;cnn33:motif_cnn33_hek293t_all_cnn_ig_362;cnn33:motif_cnn33_hek293t_all_cnn_ig_404;cnn33:motif_cnn33_hela_all_cnn_ig_134;cnn33:motif_cnn33_hela_all_cnn_ig_150;cnn33:motif_cnn33_hl60_all_cnn_ig_300;cnn33:motif_cnn33_hl60_all_cnn_ig_392;cnn53:motif_cnn53_hct116_all_cnn_ig_165;cnn53:motif_cnn53_hek293t_all_cnn_ig_375;cnn53:motif_cnn53_hek293t_all_cnn_ig_378;cnn53:motif_cnn53_hela_all_cnn_ig_058;cnn53:motif_cnn53_hela_all_cnn_ig_083;cnn53:motif_cnn53_hl60_all_cnn_ig_302;cnn53:motif_cnn53_hl60_all_cnn_ig_304;cnn73:motif_cnn73_hct116_all_cnn_ig_168;cnn73:motif_cnn73_hct116_all_cnn_ig_170;cnn73:motif_cnn73_hek293t_all_cnn_ig_365;cnn73:motif_cnn73_hek293t_all_cnn_ig_367;cnn73:motif_cnn73_hela_all_cnn_ig_060;cnn73:motif_cnn73_hela_all_cnn_ig_062;cnn73:motif_cnn73_hl60_all_cnn_ig_305;cnn73:motif_cnn73_hl60_all_cnn_ig_307,1.0,ok,
motif_cnn33_hct116_all_cnn_ig_191,cnn_kernel_variant,all|cnn_ig,11,3,cnn33;cnn53;cnn73,cnn33:motif_cnn33_hela_all_cnn_ig_105;cnn33:motif_cnn33_hela_all_cnn_ig_217;cnn53:motif_cnn53_hct116_all_cnn_ig_201;cnn53:motif_cnn53_hct116_all_cnn_ig_202;cnn53:motif_cnn53_hela_all_cnn_ig_118;cnn53:motif_cnn53_hela_all_cnn_ig_135;cnn73:motif_cnn73_hct116_all_cnn_ig_193;cnn73:motif_cnn73_hct116_all_cnn_ig_195;cnn73:motif_cnn73_hela_all_cnn_ig_087;cnn73:motif_cnn73_hela_all_cnn_ig_089,1.0,ok,
motif_cnn73_hct116_all_cnn_ig_193,cnn_kernel_variant,all|cnn_ig,11,3,cnn33;cnn53;cnn73,cnn33:motif_cnn33_hct116_all_cnn_ig_191;cnn33:motif_cnn33_hela_all_cnn_ig_105;cnn33:motif_cnn33_hela_all_cnn_ig_217;cnn53:motif_cnn53_hct116_all_cnn_ig_201;cnn53:motif_cnn53_hct116_all_cnn_ig_202;cnn53:motif_cnn53_hela_all_cnn_ig_118;cnn53:motif_cnn53_hela_all_cnn_ig_135;cnn73:motif_cnn73_hct116_all_cnn_ig_195;cnn73:motif_cnn73_hela_all_cnn_ig_087;cnn73:motif_cnn73_hela_all_cnn_ig_089,1.0,ok,
motif_cnn73_hct116_all_cnn_ig_195,cnn_kernel_variant,all|cnn_ig,11,3,cnn33;cnn53;cnn73,cnn33:motif_cnn33_hct116_all_cnn_ig_191;cnn33:motif_cnn33_hela_all_cnn_ig_105;cnn33:motif_cnn33_hela_all_cnn_ig_217;cnn53:motif_cnn53_hct116_all_cnn_ig_201;cnn53:motif_cnn53_hct116_all_cnn_ig_202;cnn53:motif_cnn53_hela_all_cnn_ig_118;cnn53:motif_cnn53_hela_all_cnn_ig_135;cnn73:motif_cnn73_hct116_all_cnn_ig_193;cnn73:motif_cnn73_hela_all_cnn_ig_087;cnn73:motif_cnn73_hela_all_cnn_ig_089,1.0,ok,
motif_cnn33_hela_all_cnn_ig_198,cnn_kernel_variant,all|cnn_ig,2,3,cnn33;cnn53,cnn53:motif_cnn53_hct116_all_cnn_ig_289,1.0,ok,
motif_cnn53_hct116_all_cnn_ig_201,cnn_kernel_variant,all|cnn_ig,11,3,cnn33;cnn53;cnn73,cnn33:motif_cnn33_hct116_all_cnn_ig_191;cnn33:motif_cnn33_hela_all_cnn_ig_105;cnn33:motif_cnn33_hela_all_cnn_ig_217;cnn53:motif_cnn53_hct116_all_cnn_ig_202;cnn53:motif_cnn53_hela_all_cnn_ig_118;cnn53:motif_cnn53_hela_all_cnn_ig_135;cnn73:motif_cnn73_hct116_all_cnn_ig_193;cnn73:motif_cnn73_hct116_all_cnn_ig_195;cnn73:motif_cnn73_hela_all_cnn_ig_087;cnn73:motif_cnn73_hela_all_cnn_ig_089,1.0,ok,
motif_cnn53_hct116_all_cnn_ig_202,cnn_kernel_variant,all|cnn_ig,11,3,cnn33;cnn53;cnn73,cnn33:motif_cnn33_hct116_all_cnn_ig_191;cnn33:motif_cnn33_hela_all_cnn_ig_105;cnn33:motif_cnn33_hela_all_cnn_ig_217;cnn53:motif_cnn53_hct116_all_cnn_ig_201;cnn53:motif_cnn53_hela_all_cnn_ig_118;cnn53:motif_cnn53_hela_all_cnn_ig_135;cnn73:motif_cnn73_hct116_all_cnn_ig_193;cnn73:motif_cnn73_hct116_all_cnn_ig_195;cnn73:motif_cnn73_hela_all_cnn_ig_087;cnn73:motif_cnn73_hela_all_cnn_ig_089,1.0,ok,
motif_cnn33_hek293t_all_cnn_ig_204,cnn_kernel_variant,all|cnn_ig,24,3,cnn33;cnn53;cnn73,cnn33:motif_cnn33_hct116_all_cnn_ig_073;cnn33:motif_cnn33_hct116_all_cnn_ig_091;cnn33:motif_cnn33_hek293t_all_cnn_ig_207;cnn33:motif_cnn33_hela_all_cnn_ig_002;cnn33:motif_cnn33_hela_all_cnn_ig_009;cnn33:motif_cnn33_hl60_all_cnn_ig_247;cnn33:motif_cnn33_hl60_all_cnn_ig_249;cnn53:motif_cnn53_hct116_all_cnn_ig_075;cnn53:motif_cnn53_hct116_all_cnn_ig_077;cnn53:motif_cnn53_hek293t_all_cnn_ig_210;cnn53:motif_cnn53_hek293t_all_cnn_ig_216;cnn53:motif_cnn53_hela_all_cnn_ig_011;cnn53:motif_cnn53_hela_all_cnn_ig_022;cnn53:motif_cnn53_hl60_all_cnn_ig_250;cnn53:motif_cnn53_hl60_all_cnn_ig_253;cnn73:motif_cnn73_hct116_all_cnn_ig_079;cnn73:motif_cnn73_hct116_all_cnn_ig_081;cnn73:motif_cnn73_hek293t_all_cnn_ig_211;cnn73:motif_cnn73_hek293t_all_cnn_ig_213;cnn73:motif_cnn73_hela_all_cnn_ig_004;cnn73:motif_cnn73_hela_all_cnn_ig_006;cnn73:motif_cnn73_hl60_all_cnn_ig_255;cnn73:motif_cnn73_hl60_all_cnn_ig_257,1.0,ok,
motif_cnn33_hek293t_all_cnn_ig_207,cnn_kernel_variant,all|cnn_ig,24,3,cnn33;cnn53;cnn73,cnn33:motif_cnn33_hct116_all_cnn_ig_073;cnn33:motif_cnn33_hct116_all_cnn_ig_091;cnn33:motif_cnn33_hek293t_all_cnn_ig_204;cnn33:motif_cnn33_hela_all_cnn_ig_002;cnn33:motif_cnn33_hela_all_cnn_ig_009;cnn33:motif_cnn33_hl60_all_cnn_ig_247;cnn33:motif_cnn33_hl60_all_cnn_ig_249;cnn53:motif_cnn53_hct116_all_cnn_ig_075;cnn53:motif_cnn53_hct116_all_cnn_ig_077;cnn53:motif_cnn53_hek293t_all_cnn_ig_210;cnn53:motif_cnn53_hek293t_all_cnn_ig_216;cnn53:motif_cnn53_hela_all_cnn_ig_011;cnn53:motif_cnn53_hela_all_cnn_ig_022;cnn53:motif_cnn53_hl60_all_cnn_ig_250;cnn53:motif_cnn53_hl60_all_cnn_ig_253;cnn73:motif_cnn73_hct116_all_cnn_ig_079;cnn73:motif_cnn73_hct116_all_cnn_ig_081;cnn73:motif_cnn73_hek293t_all_cnn_ig_211;cnn73:motif_cnn73_hek293t_all_cnn_ig_213;cnn73:motif_cnn73_hela_all_cnn_ig_004;cnn73:motif_cnn73_hela_all_cnn_ig_006;cnn73:motif_cnn73_hl60_all_cnn_ig_255;cnn73:motif_cnn73_hl60_all_cnn_ig_257,1.0,ok,
motif_cnn53_hek293t_all_cnn_ig_210,cnn_kernel_variant,all|cnn_ig,24,3,cnn33;cnn53;cnn73,cnn33:motif_cnn33_hct116_all_cnn_ig_073;cnn33:motif_cnn33_hct116_all_cnn_ig_091;cnn33:motif_cnn33_hek293t_all_cnn_ig_204;cnn33:motif_cnn33_hek293t_all_cnn_ig_207;cnn33:motif_cnn33_hela_all_cnn_ig_002;cnn33:motif_cnn33_hela_all_cnn_ig_009;cnn33:motif_cnn33_hl60_all_cnn_ig_247;cnn33:motif_cnn33_hl60_all_cnn_ig_249;cnn53:motif_cnn53_hct116_all_cnn_ig_075;cnn53:motif_cnn53_hct116_all_cnn_ig_077;cnn53:motif_cnn53_hek293t_all_cnn_ig_216;cnn53:motif_cnn53_hela_all_cnn_ig_011;cnn53:motif_cnn53_hela_all_cnn_ig_022;cnn53:motif_cnn53_hl60_all_cnn_ig_250;cnn53:motif_cnn53_hl60_all_cnn_ig_253;cnn73:motif_cnn73_hct116_all_cnn_ig_079;cnn73:motif_cnn73_hct116_all_cnn_ig_081;cnn73:motif_cnn73_hek293t_all_cnn_ig_211;cnn73:motif_cnn73_hek293t_all_cnn_ig_213;cnn73:motif_cnn73_hela_all_cnn_ig_004;cnn73:motif_cnn73_hela_all_cnn_ig_006;cnn73:motif_cnn73_hl60_all_cnn_ig_255;cnn73:motif_cnn73_hl60_all_cnn_ig_257,1.0,ok,
motif_cnn73_hek293t_all_cnn_ig_211,cnn_kernel_variant,all|cnn_ig,24,3,cnn33;cnn53;cnn73,cnn33:motif_cnn33_hct116_all_cnn_ig_073;cnn33:motif_cnn33_hct116_all_cnn_ig_091;cnn33:motif_cnn33_hek293t_all_cnn_ig_204;cnn33:motif_cnn33_hek293t_all_cnn_ig_207;cnn33:motif_cnn33_hela_all_cnn_ig_002;cnn33:motif_cnn33_hela_all_cnn_ig_009;cnn33:motif_cnn33_hl60_all_cnn_ig_247;cnn33:motif_cnn33_hl60_all_cnn_ig_249;cnn53:motif_cnn53_hct116_all_cnn_ig_075;cnn53:motif_cnn53_hct116_all_cnn_ig_077;cnn53:motif_cnn53_hek293t_all_cnn_ig_210;cnn53:motif_cnn53_hek293t_all_cnn_ig_216;cnn53:motif_cnn53_hela_all_cnn_ig_011;cnn53:motif_cnn53_hela_all_cnn_ig_022;cnn53:motif_cnn53_hl60_all_cnn_ig_250;cnn53:motif_cnn53_hl60_all_cnn_ig_253;cnn73:motif_cnn73_hct116_all_cnn_ig_079;cnn73:motif_cnn73_hct116_all_cnn_ig_081;cnn73:motif_cnn73_hek293t_all_cnn_ig_213;cnn73:motif_cnn73_hela_all_cnn_ig_004;cnn73:motif_cnn73_hela_all_cnn_ig_006;cnn73:motif_cnn73_hl60_all_cnn_ig_255;cnn73:motif_cnn73_hl60_all_cnn_ig_257,1.0,ok,
motif_cnn73_hek293t_all_cnn_ig_213,cnn_kernel_variant,all|cnn_ig,24,3,cnn33;cnn53;cnn73,cnn33:motif_cnn33_hct116_all_cnn_ig_073;cnn33:motif_cnn33_hct116_all_cnn_ig_091;cnn33:motif_cnn33_hek293t_all_cnn_ig_204;cnn33:motif_cnn33_hek293t_all_cnn_ig_207;cnn33:motif_cnn33_hela_all_cnn_ig_002;cnn33:motif_cnn33_hela_all_cnn_ig_009;cnn33:motif_cnn33_hl60_all_cnn_ig_247;cnn33:motif_cnn33_hl60_all_cnn_ig_249;cnn53:motif_cnn53_hct116_all_cnn_ig_075;cnn53:motif_cnn53_hct116_all_cnn_ig_077;cnn53:motif_cnn53_hek293t_all_cnn_ig_210;cnn53:motif_cnn53_hek293t_all_cnn_ig_216;cnn53:motif_cnn53_hela_all_cnn_ig_011;cnn53:motif_cnn53_hela_all_cnn_ig_022;cnn53:motif_cnn53_hl60_all_cnn_ig_250;cnn53:motif_cnn53_hl60_all_cnn_ig_253;cnn73:motif_cnn73_hct116_all_cnn_ig_079;cnn73:motif_cnn73_hct116_all_cnn_ig_081;cnn73:motif_cnn73_hek293t_all_cnn_ig_211;cnn73:motif_cnn73_hela_all_cnn_ig_004;cnn73:motif_cnn73_hela_all_cnn_ig_006;cnn73:motif_cnn73_hl60_all_cnn_ig_255;cnn73:motif_cnn73_hl60_all_cnn_ig_257,1.0,ok,
motif_cnn53_hek293t_all_cnn_ig_216,cnn_kernel_variant,all|cnn_ig,24,3,cnn33;cnn53;cnn73,cnn33:motif_cnn33_hct116_all_cnn_ig_073;cnn33:motif_cnn33_hct116_all_cnn_ig_091;cnn33:motif_cnn33_hek293t_all_cnn_ig_204;cnn33:motif_cnn33_hek293t_all_cnn_ig_207;cnn33:motif_cnn33_hela_all_cnn_ig_002;cnn33:motif_cnn33_hela_all_cnn_ig_009;cnn33:motif_cnn33_hl60_all_cnn_ig_247;cnn33:motif_cnn33_hl60_all_cnn_ig_249;cnn53:motif_cnn53_hct116_all_cnn_ig_075;cnn53:motif_cnn53_hct116_all_cnn_ig_077;cnn53:motif_cnn53_hek293t_all_cnn_ig_210;cnn53:motif_cnn53_hela_all_cnn_ig_011;cnn53:motif_cnn53_hela_all_cnn_ig_022;cnn53:motif_cnn53_hl60_all_cnn_ig_250;cnn53:motif_cnn53_hl60_all_cnn_ig_253;cnn73:motif_cnn73_hct116_all_cnn_ig_079;cnn73:motif_cnn73_hct116_all_cnn_ig_081;cnn73:motif_cnn73_hek293t_all_cnn_ig_211;cnn73:motif_cnn73_hek293t_all_cnn_ig_213;cnn73:motif_cnn73_hela_all_cnn_ig_004;cnn73:motif_cnn73_hela_all_cnn_ig_006;cnn73:motif_cnn73_hl60_all_cnn_ig_255;cnn73:motif_cnn73_hl60_all_cnn_ig_257,1.0,ok,
motif_cnn33_hela_all_cnn_ig_217,cnn_kernel_variant,all|cnn_ig,11,3,cnn33;cnn53;cnn73,cnn33:motif_cnn33_hct116_all_cnn_ig_191;cnn33:motif_cnn33_hela_all_cnn_ig_105;cnn53:motif_cnn53_hct116_all_cnn_ig_201;cnn53:motif_cnn53_hct116_all_cnn_ig_202;cnn53:motif_cnn53_hela_all_cnn_ig_118;cnn53:motif_cnn53_hela_all_cnn_ig_135;cnn73:motif_cnn73_hct116_all_cnn_ig_193;cnn73:motif_cnn73_hct116_all_cnn_ig_195;cnn73:motif_cnn73_hela_all_cnn_ig_087;cnn73:motif_cnn73_hela_all_cnn_ig_089,1.0,ok,
motif_cnn33_hct116_all_cnn_ig_219,cnn_kernel_variant,all|cnn_ig,24,3,cnn33;cnn53;cnn73,cnn33:motif_cnn33_hct116_all_cnn_ig_139;cnn33:motif_cnn33_hek293t_all_cnn_ig_369;cnn33:motif_cnn33_hek293t_all_cnn_ig_373;cnn33:motif_cnn33_hela_all_cnn_ig_050;cnn33:motif_cnn33_hela_all_cnn_ig_055;cnn33:motif_cnn33_hl60_all_cnn_ig_431;cnn33:motif_cnn33_hl60_all_cnn_ig_434;cnn53:motif_cnn53_hct116_all_cnn_ig_142;cnn53:motif_cnn53_hct116_all_cnn_ig_154;cnn53:motif_cnn53_hek293t_all_cnn_ig_377;cnn53:motif_cnn53_hek293t_all_cnn_ig_395;cnn53:motif_cnn53_hela_all_cnn_ig_052;cnn53:motif_cnn53_hela_all_cnn_ig_064;cnn53:motif_cnn53_hl60_all_cnn_ig_435;cnn53:motif_cnn53_hl60_all_cnn_ig_452;cnn73:motif_cnn73_hct116_all_cnn_ig_143;cnn73:motif_cnn73_hct116_all_cnn_ig_145;cnn73:motif_cnn73_hek293t_all_cnn_ig_379;cnn73:motif_cnn73_hek293t_all_cnn_ig_381;cnn73:motif_cnn73_hela_all_cnn_ig_046;cnn73:motif_cnn73_hela_all_cnn_ig_048;cnn73:motif_cnn73_hl60_all_cnn_ig_437;cnn73:motif_cnn73_hl60_all_cnn_ig_439,1.0,ok,
motif_cnn33_hek293t_all_cnn_ig_224,cnn_kernel_variant,all|cnn_ig,23,3,cnn33;cnn53;cnn73,cnn33:motif_cnn33_hct116_all_cnn_ig_094;cnn33:motif_cnn33_hct116_all_cnn_ig_096;cnn33:motif_cnn33_hek293t_all_cnn_ig_227;cnn33:motif_cnn33_hela_all_cnn_ig_021;cnn33:motif_cnn33_hl60_all_cnn_ig_310;cnn33:motif_cnn33_hl60_all_cnn_ig_313;cnn53:motif_cnn53_hct116_all_cnn_ig_097;cnn53:motif_cnn53_hct116_all_cnn_ig_099;cnn53:motif_cnn53_hek293t_all_cnn_ig_231;cnn53:motif_cnn53_hek293t_all_cnn_ig_238;cnn53:motif_cnn53_hela_all_cnn_ig_014;cnn53:motif_cnn53_hela_all_cnn_ig_016;cnn53:motif_cnn53_hl60_all_cnn_ig_315;cnn53:motif_cnn53_hl60_all_cnn_ig_321;cnn73:motif_cnn73_hct116_all_cnn_ig_101;cnn73:motif_cnn73_hct116_all_cnn_ig_103;cnn73:motif_cnn73_hek293t_all_cnn_ig_233;cnn73:motif_cnn73_hek293t_all_cnn_ig_235;cnn73:motif_cnn73_hela_all_cnn_ig_017;cnn73:motif_cnn73_hela_all_cnn_ig_019;cnn73:motif_cnn73_hl60_all_cnn_ig_317;cnn73:motif_cnn73_hl60_all_cnn_ig_319,1.0,ok,
motif_cnn33_hct116_all_cnn_ig_226,cnn_kernel_variant,all|cnn_ig,4,3,cnn33;cnn53;cnn73,cnn53:motif_cnn53_hela_all_cnn_ig_120;cnn73:motif_cnn73_hela_all_cnn_ig_122;cnn73:motif_cnn73_hela_all_cnn_ig_124,1.0,ok,
motif_cnn33_hek293t_all_cnn_ig_227,cnn_kernel_variant,all|cnn_ig,23,3,cnn33;cnn53;cnn73,cnn33:motif_cnn33_hct116_all_cnn_ig_094;cnn33:motif_cnn33_hct116_all_cnn_ig_096;cnn33:motif_cnn33_hek293t_all_cnn_ig_224;cnn33:motif_cnn33_hela_all_cnn_ig_021;cnn33:motif_cnn33_hl60_all_cnn_ig_310;cnn33:motif_cnn33_hl60_all_cnn_ig_313;cnn53:motif_cnn53_hct116_all_cnn_ig_097;cnn53:motif_cnn53_hct116_all_cnn_ig_099;cnn53:motif_cnn53_hek293t_all_cnn_ig_231;cnn53:motif_cnn53_hek293t_all_cnn_ig_238;cnn53:motif_cnn53_hela_all_cnn_ig_014;cnn53:motif_cnn53_hela_all_cnn_ig_016;cnn53:motif_cnn53_hl60_all_cnn_ig_315;cnn53:motif_cnn53_hl60_all_cnn_ig_321;cnn73:motif_cnn73_hct116_all_cnn_ig_101;cnn73:motif_cnn73_hct116_all_cnn_ig_103;cnn73:motif_cnn73_hek293t_all_cnn_ig_233;cnn73:motif_cnn73_hek293t_all_cnn_ig_235;cnn73:motif_cnn73_hela_all_cnn_ig_017;cnn73:motif_cnn73_hela_all_cnn_ig_019;cnn73:motif_cnn73_hl60_all_cnn_ig_317;cnn73:motif_cnn73_hl60_all_cnn_ig_319,1.0,ok,
motif_cnn53_hek293t_all_cnn_ig_231,cnn_kernel_variant,all|cnn_ig,23,3,cnn33;cnn53;cnn73,cnn33:motif_cnn33_hct116_all_cnn_ig_094;cnn33:motif_cnn33_hct116_all_cnn_ig_096;cnn33:motif_cnn33_hek293t_all_cnn_ig_224;cnn33:motif_cnn33_hek293t_all_cnn_ig_227;cnn33:motif_cnn33_hela_all_cnn_ig_021;cnn33:motif_cnn33_hl60_all_cnn_ig_310;cnn33:motif_cnn33_hl60_all_cnn_ig_313;cnn53:motif_cnn53_hct116_all_cnn_ig_097;cnn53:motif_cnn53_hct116_all_cnn_ig_099;cnn53:motif_cnn53_hek293t_all_cnn_ig_238;cnn53:motif_cnn53_hela_all_cnn_ig_014;cnn53:motif_cnn53_hela_all_cnn_ig_016;cnn53:motif_cnn53_hl60_all_cnn_ig_315;cnn53:motif_cnn53_hl60_all_cnn_ig_321;cnn73:motif_cnn73_hct116_all_cnn_ig_101;cnn73:motif_cnn73_hct116_all_cnn_ig_103;cnn73:motif_cnn73_hek293t_all_cnn_ig_233;cnn73:motif_cnn73_hek293t_all_cnn_ig_235;cnn73:motif_cnn73_hela_all_cnn_ig_017;cnn73:motif_cnn73_hela_all_cnn_ig_019;cnn73:motif_cnn73_hl60_all_cnn_ig_317;cnn73:motif_cnn73_hl60_all_cnn_ig_319,1.0,ok,
motif_cnn73_hek293t_all_cnn_ig_233,cnn_kernel_variant,all|cnn_ig,23,3,cnn33;cnn53;cnn73,cnn33:motif_cnn33_hct116_all_cnn_ig_094;cnn33:motif_cnn33_hct116_all_cnn_ig_096;cnn33:motif_cnn33_hek293t_all_cnn_ig_224;cnn33:motif_cnn33_hek293t_all_cnn_ig_227;cnn33:motif_cnn33_hela_all_cnn_ig_021;cnn33:motif_cnn33_hl60_all_cnn_ig_310;cnn33:motif_cnn33_hl60_all_cnn_ig_313;cnn53:motif_cnn53_hct116_all_cnn_ig_097;cnn53:motif_cnn53_hct116_all_cnn_ig_099;cnn53:motif_cnn53_hek293t_all_cnn_ig_231;cnn53:motif_cnn53_hek293t_all_cnn_ig_238;cnn53:motif_cnn53_hela_all_cnn_ig_014;cnn53:motif_cnn53_hela_all_cnn_ig_016;cnn53:motif_cnn53_hl60_all_cnn_ig_315;cnn53:motif_cnn53_hl60_all_cnn_ig_321;cnn73:motif_cnn73_hct116_all_cnn_ig_101;cnn73:motif_cnn73_hct116_all_cnn_ig_103;cnn73:motif_cnn73_hek293t_all_cnn_ig_235;cnn73:motif_cnn73_hela_all_cnn_ig_017;cnn73:motif_cnn73_hela_all_cnn_ig_019;cnn73:motif_cnn73_hl60_all_cnn_ig_317;cnn73:motif_cnn73_hl60_all_cnn_ig_319,1.0,ok,
motif_cnn73_hek293t_all_cnn_ig_235,cnn_kernel_variant,all|cnn_ig,23,3,cnn33;cnn53;cnn73,cnn33:motif_cnn33_hct116_all_cnn_ig_094;cnn33:motif_cnn33_hct116_all_cnn_ig_096;cnn33:motif_cnn33_hek293t_all_cnn_ig_224;cnn33:motif_cnn33_hek293t_all_cnn_ig_227;cnn33:motif_cnn33_hela_all_cnn_ig_021;cnn33:motif_cnn33_hl60_all_cnn_ig_310;cnn33:motif_cnn33_hl60_all_cnn_ig_313;cnn53:motif_cnn53_hct116_all_cnn_ig_097;cnn53:motif_cnn53_hct116_all_cnn_ig_099;cnn53:motif_cnn53_hek293t_all_cnn_ig_231;cnn53:motif_cnn53_hek293t_all_cnn_ig_238;cnn53:motif_cnn53_hela_all_cnn_ig_014;cnn53:motif_cnn53_hela_all_cnn_ig_016;cnn53:motif_cnn53_hl60_all_cnn_ig_315;cnn53:motif_cnn53_hl60_all_cnn_ig_321;cnn73:motif_cnn73_hct116_all_cnn_ig_101;cnn73:motif_cnn73_hct116_all_cnn_ig_103;cnn73:motif_cnn73_hek293t_all_cnn_ig_233;cnn73:motif_cnn73_hela_all_cnn_ig_017;cnn73:motif_cnn73_hela_all_cnn_ig_019;cnn73:motif_cnn73_hl60_all_cnn_ig_317;cnn73:motif_cnn73_hl60_all_cnn_ig_319,1.0,ok,
motif_cnn53_hek293t_all_cnn_ig_238,cnn_kernel_variant,all|cnn_ig,23,3,cnn33;cnn53;cnn73,cnn33:motif_cnn33_hct116_all_cnn_ig_094;cnn33:motif_cnn33_hct116_all_cnn_ig_096;cnn33:motif_cnn33_hek293t_all_cnn_ig_224;cnn33:motif_cnn33_hek293t_all_cnn_ig_227;cnn33:motif_cnn33_hela_all_cnn_ig_021;cnn33:motif_cnn33_hl60_all_cnn_ig_310;cnn33:motif_cnn33_hl60_all_cnn_ig_313;cnn53:motif_cnn53_hct116_all_cnn_ig_097;cnn53:motif_cnn53_hct116_all_cnn_ig_099;cnn53:motif_cnn53_hek293t_all_cnn_ig_231;cnn53:motif_cnn53_hela_all_cnn_ig_014;cnn53:motif_cnn53_hela_all_cnn_ig_016;cnn53:motif_cnn53_hl60_all_cnn_ig_315;cnn53:motif_cnn53_hl60_all_cnn_ig_321;cnn73:motif_cnn73_hct116_all_cnn_ig_101;cnn73:motif_cnn73_hct116_all_cnn_ig_103;cnn73:motif_cnn73_hek293t_all_cnn_ig_233;cnn73:motif_cnn73_hek293t_all_cnn_ig_235;cnn73:motif_cnn73_hela_all_cnn_ig_017;cnn73:motif_cnn73_hela_all_cnn_ig_019;cnn73:motif_cnn73_hl60_all_cnn_ig_317;cnn73:motif_cnn73_hl60_all_cnn_ig_319,1.0,ok,
motif_cnn53_hct116_all_cnn_ig_239,cnn_kernel_variant,all|cnn_ig,6,3,cnn53;cnn73,cnn53:motif_cnn53_hl60_all_cnn_ig_397;cnn53:motif_cnn53_hl60_all_cnn_ig_399;cnn73:motif_cnn73_hct116_all_cnn_ig_241;cnn73:motif_cnn73_hl60_all_cnn_ig_400;cnn73:motif_cnn73_hl60_all_cnn_ig_402,1.0,ok,
motif_cnn73_hct116_all_cnn_ig_241,cnn_kernel_variant,all|cnn_ig,6,3,cnn53;cnn73,cnn53:motif_cnn53_hct116_all_cnn_ig_239;cnn53:motif_cnn53_hl60_all_cnn_ig_397;cnn53:motif_cnn53_hl60_all_cnn_ig_399;cnn73:motif_cnn73_hl60_all_cnn_ig_400;cnn73:motif_cnn73_hl60_all_cnn_ig_402,1.0,ok,
motif_cnn73_hct116_all_cnn_ig_245,cnn_kernel_variant,all|cnn_ig,1,3,cnn73,,1.0,ok,
motif_cnn33_hl60_all_cnn_ig_247,cnn_kernel_variant,all|cnn_ig,24,3,cnn33;cnn53;cnn73,cnn33:motif_cnn33_hct116_all_cnn_ig_073;cnn33:motif_cnn33_hct116_all_cnn_ig_091;cnn33:motif_cnn33_hek293t_all_cnn_ig_204;cnn33:motif_cnn33_hek293t_all_cnn_ig_207;cnn33:motif_cnn33_hela_all_cnn_ig_002;cnn33:motif_cnn33_hela_all_cnn_ig_009;cnn33:motif_cnn33_hl60_all_cnn_ig_249;cnn53:motif_cnn53_hct116_all_cnn_ig_075;cnn53:motif_cnn53_hct116_all_cnn_ig_077;cnn53:motif_cnn53_hek293t_all_cnn_ig_210;cnn53:motif_cnn53_hek293t_all_cnn_ig_216;cnn53:motif_cnn53_hela_all_cnn_ig_011;cnn53:motif_cnn53_hela_all_cnn_ig_022;cnn53:motif_cnn53_hl60_all_cnn_ig_250;cnn53:motif_cnn53_hl60_all_cnn_ig_253;cnn73:motif_cnn73_hct116_all_cnn_ig_079;cnn73:motif_cnn73_hct116_all_cnn_ig_081;cnn73:motif_cnn73_hek293t_all_cnn_ig_211;cnn73:motif_cnn73_hek293t_all_cnn_ig_213;cnn73:motif_cnn73_hela_all_cnn_ig_004;cnn73:motif_cnn73_hela_all_cnn_ig_006;cnn73:motif_cnn73_hl60_all_cnn_ig_255;cnn73:motif_cnn73_hl60_all_cnn_ig_257,1.0,ok,
motif_cnn33_hl60_all_cnn_ig_249,cnn_kernel_variant,all|cnn_ig,24,3,cnn33;cnn53;cnn73,cnn33:motif_cnn33_hct116_all_cnn_ig_073;cnn33:motif_cnn33_hct116_all_cnn_ig_091;cnn33:motif_cnn33_hek293t_all_cnn_ig_204;cnn33:motif_cnn33_hek293t_all_cnn_ig_207;cnn33:motif_cnn33_hela_all_cnn_ig_002;cnn33:motif_cnn33_hela_all_cnn_ig_009;cnn33:motif_cnn33_hl60_all_cnn_ig_247;cnn53:motif_cnn53_hct116_all_cnn_ig_075;cnn53:motif_cnn53_hct116_all_cnn_ig_077;cnn53:motif_cnn53_hek293t_all_cnn_ig_210;cnn53:motif_cnn53_hek293t_all_cnn_ig_216;cnn53:motif_cnn53_hela_all_cnn_ig_011;cnn53:motif_cnn53_hela_all_cnn_ig_022;cnn53:motif_cnn53_hl60_all_cnn_ig_250;cnn53:motif_cnn53_hl60_all_cnn_ig_253;cnn73:motif_cnn73_hct116_all_cnn_ig_079;cnn73:motif_cnn73_hct116_all_cnn_ig_081;cnn73:motif_cnn73_hek293t_all_cnn_ig_211;cnn73:motif_cnn73_hek293t_all_cnn_ig_213;cnn73:motif_cnn73_hela_all_cnn_ig_004;cnn73:motif_cnn73_hela_all_cnn_ig_006;cnn73:motif_cnn73_hl60_all_cnn_ig_255;cnn73:motif_cnn73_hl60_all_cnn_ig_257,1.0,ok,
motif_cnn53_hl60_all_cnn_ig_250,cnn_kernel_variant,all|cnn_ig,24,3,cnn33;cnn53;cnn73,cnn33:motif_cnn33_hct116_all_cnn_ig_073;cnn33:motif_cnn33_hct116_all_cnn_ig_091;cnn33:motif_cnn33_hek293t_all_cnn_ig_204;cnn33:motif_cnn33_hek293t_all_cnn_ig_207;cnn33:motif_cnn33_hela_all_cnn_ig_002;cnn33:motif_cnn33_hela_all_cnn_ig_009;cnn33:motif_cnn33_hl60_all_cnn_ig_247;cnn33:motif_cnn33_hl60_all_cnn_ig_249;cnn53:motif_cnn53_hct116_all_cnn_ig_075;cnn53:motif_cnn53_hct116_all_cnn_ig_077;cnn53:motif_cnn53_hek293t_all_cnn_ig_210;cnn53:motif_cnn53_hek293t_all_cnn_ig_216;cnn53:motif_cnn53_hela_all_cnn_ig_011;cnn53:motif_cnn53_hela_all_cnn_ig_022;cnn53:motif_cnn53_hl60_all_cnn_ig_253;cnn73:motif_cnn73_hct116_all_cnn_ig_079;cnn73:motif_cnn73_hct116_all_cnn_ig_081;cnn73:motif_cnn73_hek293t_all_cnn_ig_211;cnn73:motif_cnn73_hek293t_all_cnn_ig_213;cnn73:motif_cnn73_hela_all_cnn_ig_004;cnn73:motif_cnn73_hela_all_cnn_ig_006;cnn73:motif_cnn73_hl60_all_cnn_ig_255;cnn73:motif_cnn73_hl60_all_cnn_ig_257,1.0,ok,
motif_cnn53_hl60_all_cnn_ig_253,cnn_kernel_variant,all|cnn_ig,24,3,cnn33;cnn53;cnn73,cnn33:motif_cnn33_hct116_all_cnn_ig_073;cnn33:motif_cnn33_hct116_all_cnn_ig_091;cnn33:motif_cnn33_hek293t_all_cnn_ig_204;cnn33:motif_cnn33_hek293t_all_cnn_ig_207;cnn33:motif_cnn33_hela_all_cnn_ig_002;cnn33:motif_cnn33_hela_all_cnn_ig_009;cnn33:motif_cnn33_hl60_all_cnn_ig_247;cnn33:motif_cnn33_hl60_all_cnn_ig_249;cnn53:motif_cnn53_hct116_all_cnn_ig_075;cnn53:motif_cnn53_hct116_all_cnn_ig_077;cnn53:motif_cnn53_hek293t_all_cnn_ig_210;cnn53:motif_cnn53_hek293t_all_cnn_ig_216;cnn53:motif_cnn53_hela_all_cnn_ig_011;cnn53:motif_cnn53_hela_all_cnn_ig_022;cnn53:motif_cnn53_hl60_all_cnn_ig_250;cnn73:motif_cnn73_hct116_all_cnn_ig_079;cnn73:motif_cnn73_hct116_all_cnn_ig_081;cnn73:motif_cnn73_hek293t_all_cnn_ig_211;cnn73:motif_cnn73_hek293t_all_cnn_ig_213;cnn73:motif_cnn73_hela_all_cnn_ig_004;cnn73:motif_cnn73_hela_all_cnn_ig_006;cnn73:motif_cnn73_hl60_all_cnn_ig_255;cnn73:motif_cnn73_hl60_all_cnn_ig_257,1.0,ok,
motif_cnn73_hl60_all_cnn_ig_255,cnn_kernel_variant,all|cnn_ig,24,3,cnn33;cnn53;cnn73,cnn33:motif_cnn33_hct116_all_cnn_ig_073;cnn33:motif_cnn33_hct116_all_cnn_ig_091;cnn33:motif_cnn33_hek293t_all_cnn_ig_204;cnn33:motif_cnn33_hek293t_all_cnn_ig_207;cnn33:motif_cnn33_hela_all_cnn_ig_002;cnn33:motif_cnn33_hela_all_cnn_ig_009;cnn33:motif_cnn33_hl60_all_cnn_ig_247;cnn33:motif_cnn33_hl60_all_cnn_ig_249;cnn53:motif_cnn53_hct116_all_cnn_ig_075;cnn53:motif_cnn53_hct116_all_cnn_ig_077;cnn53:motif_cnn53_hek293t_all_cnn_ig_210;cnn53:motif_cnn53_hek293t_all_cnn_ig_216;cnn53:motif_cnn53_hela_all_cnn_ig_011;cnn53:motif_cnn53_hela_all_cnn_ig_022;cnn53:motif_cnn53_hl60_all_cnn_ig_250;cnn53:motif_cnn53_hl60_all_cnn_ig_253;cnn73:motif_cnn73_hct116_all_cnn_ig_079;cnn73:motif_cnn73_hct116_all_cnn_ig_081;cnn73:motif_cnn73_hek293t_all_cnn_ig_211;cnn73:motif_cnn73_hek293t_all_cnn_ig_213;cnn73:motif_cnn73_hela_all_cnn_ig_004;cnn73:motif_cnn73_hela_all_cnn_ig_006;cnn73:motif_cnn73_hl60_all_cnn_ig_257,1.0,ok,
motif_cnn73_hl60_all_cnn_ig_257,cnn_kernel_variant,all|cnn_ig,24,3,cnn33;cnn53;cnn73,cnn33:motif_cnn33_hct116_all_cnn_ig_073;cnn33:motif_cnn33_hct116_all_cnn_ig_091;cnn33:motif_cnn33_hek293t_all_cnn_ig_204;cnn33:motif_cnn33_hek293t_all_cnn_ig_207;cnn33:motif_cnn33_hela_all_cnn_ig_002;cnn33:motif_cnn33_hela_all_cnn_ig_009;cnn33:motif_cnn33_hl60_all_cnn_ig_247;cnn33:motif_cnn33_hl60_all_cnn_ig_249;cnn53:motif_cnn53_hct116_all_cnn_ig_075;cnn53:motif_cnn53_hct116_all_cnn_ig_077;cnn53:motif_cnn53_hek293t_all_cnn_ig_210;cnn53:motif_cnn53_hek293t_all_cnn_ig_216;cnn53:motif_cnn53_hela_all_cnn_ig_011;cnn53:motif_cnn53_hela_all_cnn_ig_022;cnn53:motif_cnn53_hl60_all_cnn_ig_250;cnn53:motif_cnn53_hl60_all_cnn_ig_253;cnn73:motif_cnn73_hct116_all_cnn_ig_079;cnn73:motif_cnn73_hct116_all_cnn_ig_081;cnn73:motif_cnn73_hek293t_all_cnn_ig_211;cnn73:motif_cnn73_hek293t_all_cnn_ig_213;cnn73:motif_cnn73_hela_all_cnn_ig_004;cnn73:motif_cnn73_hela_all_cnn_ig_006;cnn73:motif_cnn73_hl60_all_cnn_ig_255,1.0,ok,
motif_cnn33_hct116_all_cnn_ig_259,cnn_kernel_variant,all|cnn_ig,24,3,cnn33;cnn53;cnn73,cnn33:motif_cnn33_hct116_all_cnn_ig_110;cnn33:motif_cnn33_hek293t_all_cnn_ig_291;cnn33:motif_cnn33_hek293t_all_cnn_ig_347;cnn33:motif_cnn33_hela_all_cnn_ig_070;cnn33:motif_cnn33_hela_all_cnn_ig_109;cnn33:motif_cnn33_hl60_all_cnn_ig_274;cnn33:motif_cnn33_hl60_all_cnn_ig_418;cnn53:motif_cnn53_hct116_all_cnn_ig_111;cnn53:motif_cnn53_hct116_all_cnn_ig_155;cnn53:motif_cnn53_hek293t_all_cnn_ig_298;cnn53:motif_cnn53_hek293t_all_cnn_ig_355;cnn53:motif_cnn53_hela_all_cnn_ig_026;cnn53:motif_cnn53_hela_all_cnn_ig_069;cnn53:motif_cnn53_hl60_all_cnn_ig_277;cnn53:motif_cnn53_hl60_all_cnn_ig_279;cnn73:motif_cnn73_hct116_all_cnn_ig_114;cnn73:motif_cnn73_hct116_all_cnn_ig_116;cnn73:motif_cnn73_hek293t_all_cnn_ig_294;cnn73:motif_cnn73_hek293t_all_cnn_ig_296;cnn73:motif_cnn73_hela_all_cnn_ig_028;cnn73:motif_cnn73_hela_all_cnn_ig_030;cnn73:motif_cnn73_hl60_all_cnn_ig_280;cnn73:motif_cnn73_hl60_all_cnn_ig_283,1.0,ok,
motif_cnn33_hek293t_all_cnn_ig_260,cnn_kernel_variant,all|cnn_ig,24,3,cnn33;cnn53;cnn73,cnn33:motif_cnn33_hct116_all_cnn_ig_127;cnn33:motif_cnn33_hct116_all_cnn_ig_179;cnn33:motif_cnn33_hek293t_all_cnn_ig_262;cnn33:motif_cnn33_hela_all_cnn_ig_032;cnn33:motif_cnn33_hela_all_cnn_ig_034;cnn33:motif_cnn33_hl60_all_cnn_ig_334;cnn33:motif_cnn33_hl60_all_cnn_ig_336;cnn53:motif_cnn53_hct116_all_cnn_ig_148;cnn53:motif_cnn53_hct116_all_cnn_ig_149;cnn53:motif_cnn53_hek293t_all_cnn_ig_272;cnn53:motif_cnn53_hek293t_all_cnn_ig_299;cnn53:motif_cnn53_hela_all_cnn_ig_035;cnn53:motif_cnn53_hela_all_cnn_ig_043;cnn53:motif_cnn53_hl60_all_cnn_ig_337;cnn53:motif_cnn53_hl60_all_cnn_ig_415;cnn73:motif_cnn73_hct116_all_cnn_ig_130;cnn73:motif_cnn73_hct116_all_cnn_ig_132;cnn73:motif_cnn73_hek293t_all_cnn_ig_265;cnn73:motif_cnn73_hek293t_all_cnn_ig_267;cnn73:motif_cnn73_hela_all_cnn_ig_037;cnn73:motif_cnn73_hela_all_cnn_ig_039;cnn73:motif_cnn73_hl60_all_cnn_ig_339;cnn73:motif_cnn73_hl60_all_cnn_ig_341,1.0,ok,
motif_cnn33_hek293t_all_cnn_ig_262,cnn_kernel_variant,all|cnn_ig,24,3,cnn33;cnn53;cnn73,cnn33:motif_cnn33_hct116_all_cnn_ig_127;cnn33:motif_cnn33_hct116_all_cnn_ig_179;cnn33:motif_cnn33_hek293t_all_cnn_ig_260;cnn33:motif_cnn33_hela_all_cnn_ig_032;cnn33:motif_cnn33_hela_all_cnn_ig_034;cnn33:motif_cnn33_hl60_all_cnn_ig_334;cnn33:motif_cnn33_hl60_all_cnn_ig_336;cnn53:motif_cnn53_hct116_all_cnn_ig_148;cnn53:motif_cnn53_hct116_all_cnn_ig_149;cnn53:motif_cnn53_hek293t_all_cnn_ig_272;cnn53:motif_cnn53_hek293t_all_cnn_ig_299;cnn53:motif_cnn53_hela_all_cnn_ig_035;cnn53:motif_cnn53_hela_all_cnn_ig_043;cnn53:motif_cnn53_hl60_all_cnn_ig_337;cnn53:motif_cnn53_hl60_all_cnn_ig_415;cnn73:motif_cnn73_hct116_all_cnn_ig_130;cnn73:motif_cnn73_hct116_all_cnn_ig_132;cnn73:motif_cnn73_hek293t_all_cnn_ig_265;cnn73:motif_cnn73_hek293t_all_cnn_ig_267;cnn73:motif_cnn73_hela_all_cnn_ig_037;cnn73:motif_cnn73_hela_all_cnn_ig_039;cnn73:motif_cnn73_hl60_all_cnn_ig_339;cnn73:motif_cnn73_hl60_all_cnn_ig_341,1.0,ok,
motif_cnn73_hek293t_all_cnn_ig_265,cnn_kernel_variant,all|cnn_ig,24,3,cnn33;cnn53;cnn73,cnn33:motif_cnn33_hct116_all_cnn_ig_127;cnn33:motif_cnn33_hct116_all_cnn_ig_179;cnn33:motif_cnn33_hek293t_all_cnn_ig_260;cnn33:motif_cnn33_hek293t_all_cnn_ig_262;cnn33:motif_cnn33_hela_all_cnn_ig_032;cnn33:motif_cnn33_hela_all_cnn_ig_034;cnn33:motif_cnn33_hl60_all_cnn_ig_334;cnn33:motif_cnn33_hl60_all_cnn_ig_336;cnn53:motif_cnn53_hct116_all_cnn_ig_148;cnn53:motif_cnn53_hct116_all_cnn_ig_149;cnn53:motif_cnn53_hek293t_all_cnn_ig_272;cnn53:motif_cnn53_hek293t_all_cnn_ig_299;cnn53:motif_cnn53_hela_all_cnn_ig_035;cnn53:motif_cnn53_hela_all_cnn_ig_043;cnn53:motif_cnn53_hl60_all_cnn_ig_337;cnn53:motif_cnn53_hl60_all_cnn_ig_415;cnn73:motif_cnn73_hct116_all_cnn_ig_130;cnn73:motif_cnn73_hct116_all_cnn_ig_132;cnn73:motif_cnn73_hek293t_all_cnn_ig_267;cnn73:motif_cnn73_hela_all_cnn_ig_037;cnn73:motif_cnn73_hela_all_cnn_ig_039;cnn73:motif_cnn73_hl60_all_cnn_ig_339;cnn73:motif_cnn73_hl60_all_cnn_ig_341,1.0,ok,
motif_cnn73_hek293t_all_cnn_ig_267,cnn_kernel_variant,all|cnn_ig,24,3,cnn33;cnn53;cnn73,cnn33:motif_cnn33_hct116_all_cnn_ig_127;cnn33:motif_cnn33_hct116_all_cnn_ig_179;cnn33:motif_cnn33_hek293t_all_cnn_ig_260;cnn33:motif_cnn33_hek293t_all_cnn_ig_262;cnn33:motif_cnn33_hela_all_cnn_ig_032;cnn33:motif_cnn33_hela_all_cnn_ig_034;cnn33:motif_cnn33_hl60_all_cnn_ig_334;cnn33:motif_cnn33_hl60_all_cnn_ig_336;cnn53:motif_cnn53_hct116_all_cnn_ig_148;cnn53:motif_cnn53_hct116_all_cnn_ig_149;cnn53:motif_cnn53_hek293t_all_cnn_ig_272;cnn53:motif_cnn53_hek293t_all_cnn_ig_299;cnn53:motif_cnn53_hela_all_cnn_ig_035;cnn53:motif_cnn53_hela_all_cnn_ig_043;cnn53:motif_cnn53_hl60_all_cnn_ig_337;cnn53:motif_cnn53_hl60_all_cnn_ig_415;cnn73:motif_cnn73_hct116_all_cnn_ig_130;cnn73:motif_cnn73_hct116_all_cnn_ig_132;cnn73:motif_cnn73_hek293t_all_cnn_ig_265;cnn73:motif_cnn73_hela_all_cnn_ig_037;cnn73:motif_cnn73_hela_all_cnn_ig_039;cnn73:motif_cnn73_hl60_all_cnn_ig_339;cnn73:motif_cnn73_hl60_all_cnn_ig_341,1.0,ok,
motif_cnn53_hek293t_all_cnn_ig_272,cnn_kernel_variant,all|cnn_ig,24,3,cnn33;cnn53;cnn73,cnn33:motif_cnn33_hct116_all_cnn_ig_127;cnn33:motif_cnn33_hct116_all_cnn_ig_179;cnn33:motif_cnn33_hek293t_all_cnn_ig_260;cnn33:motif_cnn33_hek293t_all_cnn_ig_262;cnn33:motif_cnn33_hela_all_cnn_ig_032;cnn33:motif_cnn33_hela_all_cnn_ig_034;cnn33:motif_cnn33_hl60_all_cnn_ig_334;cnn33:motif_cnn33_hl60_all_cnn_ig_336;cnn53:motif_cnn53_hct116_all_cnn_ig_148;cnn53:motif_cnn53_hct116_all_cnn_ig_149;cnn53:motif_cnn53_hek293t_all_cnn_ig_299;cnn53:motif_cnn53_hela_all_cnn_ig_035;cnn53:motif_cnn53_hela_all_cnn_ig_043;cnn53:motif_cnn53_hl60_all_cnn_ig_337;cnn53:motif_cnn53_hl60_all_cnn_ig_415;cnn73:motif_cnn73_hct116_all_cnn_ig_130;cnn73:motif_cnn73_hct116_all_cnn_ig_132;cnn73:motif_cnn73_hek293t_all_cnn_ig_265;cnn73:motif_cnn73_hek293t_all_cnn_ig_267;cnn73:motif_cnn73_hela_all_cnn_ig_037;cnn73:motif_cnn73_hela_all_cnn_ig_039;cnn73:motif_cnn73_hl60_all_cnn_ig_339;cnn73:motif_cnn73_hl60_all_cnn_ig_341,1.0,ok,
motif_cnn33_hl60_all_cnn_ig_274,cnn_kernel_variant,all|cnn_ig,24,3,cnn33;cnn53;cnn73,cnn33:motif_cnn33_hct116_all_cnn_ig_110;cnn33:motif_cnn33_hct116_all_cnn_ig_259;cnn33:motif_cnn33_hek293t_all_cnn_ig_291;cnn33:motif_cnn33_hek293t_all_cnn_ig_347;cnn33:motif_cnn33_hela_all_cnn_ig_070;cnn33:motif_cnn33_hela_all_cnn_ig_109;cnn33:motif_cnn33_hl60_all_cnn_ig_418;cnn53:motif_cnn53_hct116_all_cnn_ig_111;cnn53:motif_cnn53_hct116_all_cnn_ig_155;cnn53:motif_cnn53_hek293t_all_cnn_ig_298;cnn53:motif_cnn53_hek293t_all_cnn_ig_355;cnn53:motif_cnn53_hela_all_cnn_ig_026;cnn53:motif_cnn53_hela_all_cnn_ig_069;cnn53:motif_cnn53_hl60_all_cnn_ig_277;cnn53:motif_cnn53_hl60_all_cnn_ig_279;cnn73:motif_cnn73_hct116_all_cnn_ig_114;cnn73:motif_cnn73_hct116_all_cnn_ig_116;cnn73:motif_cnn73_hek293t_all_cnn_ig_294;cnn73:motif_cnn73_hek293t_all_cnn_ig_296;cnn73:motif_cnn73_hela_all_cnn_ig_028;cnn73:motif_cnn73_hela_all_cnn_ig_030;cnn73:motif_cnn73_hl60_all_cnn_ig_280;cnn73:motif_cnn73_hl60_all_cnn_ig_283,1.0,ok,
motif_cnn53_hl60_all_cnn_ig_277,cnn_kernel_variant,all|cnn_ig,24,3,cnn33;cnn53;cnn73,cnn33:motif_cnn33_hct116_all_cnn_ig_110;cnn33:motif_cnn33_hct116_all_cnn_ig_259;cnn33:motif_cnn33_hek293t_all_cnn_ig_291;cnn33:motif_cnn33_hek293t_all_cnn_ig_347;cnn33:motif_cnn33_hela_all_cnn_ig_070;cnn33:motif_cnn33_hela_all_cnn_ig_109;cnn33:motif_cnn33_hl60_all_cnn_ig_274;cnn33:motif_cnn33_hl60_all_cnn_ig_418;cnn53:motif_cnn53_hct116_all_cnn_ig_111;cnn53:motif_cnn53_hct116_all_cnn_ig_155;cnn53:motif_cnn53_hek293t_all_cnn_ig_298;cnn53:motif_cnn53_hek293t_all_cnn_ig_355;cnn53:motif_cnn53_hela_all_cnn_ig_026;cnn53:motif_cnn53_hela_all_cnn_ig_069;cnn53:motif_cnn53_hl60_all_cnn_ig_279;cnn73:motif_cnn73_hct116_all_cnn_ig_114;cnn73:motif_cnn73_hct116_all_cnn_ig_116;cnn73:motif_cnn73_hek293t_all_cnn_ig_294;cnn73:motif_cnn73_hek293t_all_cnn_ig_296;cnn73:motif_cnn73_hela_all_cnn_ig_028;cnn73:motif_cnn73_hela_all_cnn_ig_030;cnn73:motif_cnn73_hl60_all_cnn_ig_280;cnn73:motif_cnn73_hl60_all_cnn_ig_283,1.0,ok,
motif_cnn53_hl60_all_cnn_ig_279,cnn_kernel_variant,all|cnn_ig,24,3,cnn33;cnn53;cnn73,cnn33:motif_cnn33_hct116_all_cnn_ig_110;cnn33:motif_cnn33_hct116_all_cnn_ig_259;cnn33:motif_cnn33_hek293t_all_cnn_ig_291;cnn33:motif_cnn33_hek293t_all_cnn_ig_347;cnn33:motif_cnn33_hela_all_cnn_ig_070;cnn33:motif_cnn33_hela_all_cnn_ig_109;cnn33:motif_cnn33_hl60_all_cnn_ig_274;cnn33:motif_cnn33_hl60_all_cnn_ig_418;cnn53:motif_cnn53_hct116_all_cnn_ig_111;cnn53:motif_cnn53_hct116_all_cnn_ig_155;cnn53:motif_cnn53_hek293t_all_cnn_ig_298;cnn53:motif_cnn53_hek293t_all_cnn_ig_355;cnn53:motif_cnn53_hela_all_cnn_ig_026;cnn53:motif_cnn53_hela_all_cnn_ig_069;cnn53:motif_cnn53_hl60_all_cnn_ig_277;cnn73:motif_cnn73_hct116_all_cnn_ig_114;cnn73:motif_cnn73_hct116_all_cnn_ig_116;cnn73:motif_cnn73_hek293t_all_cnn_ig_294;cnn73:motif_cnn73_hek293t_all_cnn_ig_296;cnn73:motif_cnn73_hela_all_cnn_ig_028;cnn73:motif_cnn73_hela_all_cnn_ig_030;cnn73:motif_cnn73_hl60_all_cnn_ig_280;cnn73:motif_cnn73_hl60_all_cnn_ig_283,1.0,ok,
motif_cnn73_hl60_all_cnn_ig_280,cnn_kernel_variant,all|cnn_ig,24,3,cnn33;cnn53;cnn73,cnn33:motif_cnn33_hct116_all_cnn_ig_110;cnn33:motif_cnn33_hct116_all_cnn_ig_259;cnn33:motif_cnn33_hek293t_all_cnn_ig_291;cnn33:motif_cnn33_hek293t_all_cnn_ig_347;cnn33:motif_cnn33_hela_all_cnn_ig_070;cnn33:motif_cnn33_hela_all_cnn_ig_109;cnn33:motif_cnn33_hl60_all_cnn_ig_274;cnn33:motif_cnn33_hl60_all_cnn_ig_418;cnn53:motif_cnn53_hct116_all_cnn_ig_111;cnn53:motif_cnn53_hct116_all_cnn_ig_155;cnn53:motif_cnn53_hek293t_all_cnn_ig_298;cnn53:motif_cnn53_hek293t_all_cnn_ig_355;cnn53:motif_cnn53_hela_all_cnn_ig_026;cnn53:motif_cnn53_hela_all_cnn_ig_069;cnn53:motif_cnn53_hl60_all_cnn_ig_277;cnn53:motif_cnn53_hl60_all_cnn_ig_279;cnn73:motif_cnn73_hct116_all_cnn_ig_114;cnn73:motif_cnn73_hct116_all_cnn_ig_116;cnn73:motif_cnn73_hek293t_all_cnn_ig_294;cnn73:motif_cnn73_hek293t_all_cnn_ig_296;cnn73:motif_cnn73_hela_all_cnn_ig_028;cnn73:motif_cnn73_hela_all_cnn_ig_030;cnn73:motif_cnn73_hl60_all_cnn_ig_283,1.0,ok,
motif_cnn73_hl60_all_cnn_ig_283,cnn_kernel_variant,all|cnn_ig,24,3,cnn33;cnn53;cnn73,cnn33:motif_cnn33_hct116_all_cnn_ig_110;cnn33:motif_cnn33_hct116_all_cnn_ig_259;cnn33:motif_cnn33_hek293t_all_cnn_ig_291;cnn33:motif_cnn33_hek293t_all_cnn_ig_347;cnn33:motif_cnn33_hela_all_cnn_ig_070;cnn33:motif_cnn33_hela_all_cnn_ig_109;cnn33:motif_cnn33_hl60_all_cnn_ig_274;cnn33:motif_cnn33_hl60_all_cnn_ig_418;cnn53:motif_cnn53_hct116_all_cnn_ig_111;cnn53:motif_cnn53_hct116_all_cnn_ig_155;cnn53:motif_cnn53_hek293t_all_cnn_ig_298;cnn53:motif_cnn53_hek293t_all_cnn_ig_355;cnn53:motif_cnn53_hela_all_cnn_ig_026;cnn53:motif_cnn53_hela_all_cnn_ig_069;cnn53:motif_cnn53_hl60_all_cnn_ig_277;cnn53:motif_cnn53_hl60_all_cnn_ig_279;cnn73:motif_cnn73_hct116_all_cnn_ig_114;cnn73:motif_cnn73_hct116_all_cnn_ig_116;cnn73:motif_cnn73_hek293t_all_cnn_ig_294;cnn73:motif_cnn73_hek293t_all_cnn_ig_296;cnn73:motif_cnn73_hela_all_cnn_ig_028;cnn73:motif_cnn73_hela_all_cnn_ig_030;cnn73:motif_cnn73_hl60_all_cnn_ig_280,1.0,ok,
motif_cnn53_hct116_all_cnn_ig_289,cnn_kernel_variant,all|cnn_ig,2,3,cnn33;cnn53,cnn33:motif_cnn33_hela_all_cnn_ig_198,1.0,ok,
motif_cnn33_hek293t_all_cnn_ig_291,cnn_kernel_variant,all|cnn_ig,24,3,cnn33;cnn53;cnn73,cnn33:motif_cnn33_hct116_all_cnn_ig_110;cnn33:motif_cnn33_hct116_all_cnn_ig_259;cnn33:motif_cnn33_hek293t_all_cnn_ig_347;cnn33:motif_cnn33_hela_all_cnn_ig_070;cnn33:motif_cnn33_hela_all_cnn_ig_109;cnn33:motif_cnn33_hl60_all_cnn_ig_274;cnn33:motif_cnn33_hl60_all_cnn_ig_418;cnn53:motif_cnn53_hct116_all_cnn_ig_111;cnn53:motif_cnn53_hct116_all_cnn_ig_155;cnn53:motif_cnn53_hek293t_all_cnn_ig_298;cnn53:motif_cnn53_hek293t_all_cnn_ig_355;cnn53:motif_cnn53_hela_all_cnn_ig_026;cnn53:motif_cnn53_hela_all_cnn_ig_069;cnn53:motif_cnn53_hl60_all_cnn_ig_277;cnn53:motif_cnn53_hl60_all_cnn_ig_279;cnn73:motif_cnn73_hct116_all_cnn_ig_114;cnn73:motif_cnn73_hct116_all_cnn_ig_116;cnn73:motif_cnn73_hek293t_all_cnn_ig_294;cnn73:motif_cnn73_hek293t_all_cnn_ig_296;cnn73:motif_cnn73_hela_all_cnn_ig_028;cnn73:motif_cnn73_hela_all_cnn_ig_030;cnn73:motif_cnn73_hl60_all_cnn_ig_280;cnn73:motif_cnn73_hl60_all_cnn_ig_283,1.0,ok,
motif_cnn73_hek293t_all_cnn_ig_294,cnn_kernel_variant,all|cnn_ig,24,3,cnn33;cnn53;cnn73,cnn33:motif_cnn33_hct116_all_cnn_ig_110;cnn33:motif_cnn33_hct116_all_cnn_ig_259;cnn33:motif_cnn33_hek293t_all_cnn_ig_291;cnn33:motif_cnn33_hek293t_all_cnn_ig_347;cnn33:motif_cnn33_hela_all_cnn_ig_070;cnn33:motif_cnn33_hela_all_cnn_ig_109;cnn33:motif_cnn33_hl60_all_cnn_ig_274;cnn33:motif_cnn33_hl60_all_cnn_ig_418;cnn53:motif_cnn53_hct116_all_cnn_ig_111;cnn53:motif_cnn53_hct116_all_cnn_ig_155;cnn53:motif_cnn53_hek293t_all_cnn_ig_298;cnn53:motif_cnn53_hek293t_all_cnn_ig_355;cnn53:motif_cnn53_hela_all_cnn_ig_026;cnn53:motif_cnn53_hela_all_cnn_ig_069;cnn53:motif_cnn53_hl60_all_cnn_ig_277;cnn53:motif_cnn53_hl60_all_cnn_ig_279;cnn73:motif_cnn73_hct116_all_cnn_ig_114;cnn73:motif_cnn73_hct116_all_cnn_ig_116;cnn73:motif_cnn73_hek293t_all_cnn_ig_296;cnn73:motif_cnn73_hela_all_cnn_ig_028;cnn73:motif_cnn73_hela_all_cnn_ig_030;cnn73:motif_cnn73_hl60_all_cnn_ig_280;cnn73:motif_cnn73_hl60_all_cnn_ig_283,1.0,ok,
motif_cnn73_hek293t_all_cnn_ig_296,cnn_kernel_variant,all|cnn_ig,24,3,cnn33;cnn53;cnn73,cnn33:motif_cnn33_hct116_all_cnn_ig_110;cnn33:motif_cnn33_hct116_all_cnn_ig_259;cnn33:motif_cnn33_hek293t_all_cnn_ig_291;cnn33:motif_cnn33_hek293t_all_cnn_ig_347;cnn33:motif_cnn33_hela_all_cnn_ig_070;cnn33:motif_cnn33_hela_all_cnn_ig_109;cnn33:motif_cnn33_hl60_all_cnn_ig_274;cnn33:motif_cnn33_hl60_all_cnn_ig_418;cnn53:motif_cnn53_hct116_all_cnn_ig_111;cnn53:motif_cnn53_hct116_all_cnn_ig_155;cnn53:motif_cnn53_hek293t_all_cnn_ig_298;cnn53:motif_cnn53_hek293t_all_cnn_ig_355;cnn53:motif_cnn53_hela_all_cnn_ig_026;cnn53:motif_cnn53_hela_all_cnn_ig_069;cnn53:motif_cnn53_hl60_all_cnn_ig_277;cnn53:motif_cnn53_hl60_all_cnn_ig_279;cnn73:motif_cnn73_hct116_all_cnn_ig_114;cnn73:motif_cnn73_hct116_all_cnn_ig_116;cnn73:motif_cnn73_hek293t_all_cnn_ig_294;cnn73:motif_cnn73_hela_all_cnn_ig_028;cnn73:motif_cnn73_hela_all_cnn_ig_030;cnn73:motif_cnn73_hl60_all_cnn_ig_280;cnn73:motif_cnn73_hl60_all_cnn_ig_283,1.0,ok,
motif_cnn53_hek293t_all_cnn_ig_298,cnn_kernel_variant,all|cnn_ig,24,3,cnn33;cnn53;cnn73,cnn33:motif_cnn33_hct116_all_cnn_ig_110;cnn33:motif_cnn33_hct116_all_cnn_ig_259;cnn33:motif_cnn33_hek293t_all_cnn_ig_291;cnn33:motif_cnn33_hek293t_all_cnn_ig_347;cnn33:motif_cnn33_hela_all_cnn_ig_070;cnn33:motif_cnn33_hela_all_cnn_ig_109;cnn33:motif_cnn33_hl60_all_cnn_ig_274;cnn33:motif_cnn33_hl60_all_cnn_ig_418;cnn53:motif_cnn53_hct116_all_cnn_ig_111;cnn53:motif_cnn53_hct116_all_cnn_ig_155;cnn53:motif_cnn53_hek293t_all_cnn_ig_355;cnn53:motif_cnn53_hela_all_cnn_ig_026;cnn53:motif_cnn53_hela_all_cnn_ig_069;cnn53:motif_cnn53_hl60_all_cnn_ig_277;cnn53:motif_cnn53_hl60_all_cnn_ig_279;cnn73:motif_cnn73_hct116_all_cnn_ig_114;cnn73:motif_cnn73_hct116_all_cnn_ig_116;cnn73:motif_cnn73_hek293t_all_cnn_ig_294;cnn73:motif_cnn73_hek293t_all_cnn_ig_296;cnn73:motif_cnn73_hela_all_cnn_ig_028;cnn73:motif_cnn73_hela_all_cnn_ig_030;cnn73:motif_cnn73_hl60_all_cnn_ig_280;cnn73:motif_cnn73_hl60_all_cnn_ig_283,1.0,ok,
motif_cnn53_hek293t_all_cnn_ig_299,cnn_kernel_variant,all|cnn_ig,24,3,cnn33;cnn53;cnn73,cnn33:motif_cnn33_hct116_all_cnn_ig_127;cnn33:motif_cnn33_hct116_all_cnn_ig_179;cnn33:motif_cnn33_hek293t_all_cnn_ig_260;cnn33:motif_cnn33_hek293t_all_cnn_ig_262;cnn33:motif_cnn33_hela_all_cnn_ig_032;cnn33:motif_cnn33_hela_all_cnn_ig_034;cnn33:motif_cnn33_hl60_all_cnn_ig_334;cnn33:motif_cnn33_hl60_all_cnn_ig_336;cnn53:motif_cnn53_hct116_all_cnn_ig_148;cnn53:motif_cnn53_hct116_all_cnn_ig_149;cnn53:motif_cnn53_hek293t_all_cnn_ig_272;cnn53:motif_cnn53_hela_all_cnn_ig_035;cnn53:motif_cnn53_hela_all_cnn_ig_043;cnn53:motif_cnn53_hl60_all_cnn_ig_337;cnn53:motif_cnn53_hl60_all_cnn_ig_415;cnn73:motif_cnn73_hct116_all_cnn_ig_130;cnn73:motif_cnn73_hct116_all_cnn_ig_132;cnn73:motif_cnn73_hek293t_all_cnn_ig_265;cnn73:motif_cnn73_hek293t_all_cnn_ig_267;cnn73:motif_cnn73_hela_all_cnn_ig_037;cnn73:motif_cnn73_hela_all_cnn_ig_039;cnn73:motif_cnn73_hl60_all_cnn_ig_339;cnn73:motif_cnn73_hl60_all_cnn_ig_341,1.0,ok,
motif_cnn33_hl60_all_cnn_ig_300,cnn_kernel_variant,all|cnn_ig,24,3,cnn33;cnn53;cnn73,cnn33:motif_cnn33_hct116_all_cnn_ig_164;cnn33:motif_cnn33_hct116_all_cnn_ig_343;cnn33:motif_cnn33_hek293t_all_cnn_ig_362;cnn33:motif_cnn33_hek293t_all_cnn_ig_404;cnn33:motif_cnn33_hela_all_cnn_ig_134;cnn33:motif_cnn33_hela_all_cnn_ig_150;cnn33:motif_cnn33_hl60_all_cnn_ig_392;cnn53:motif_cnn53_hct116_all_cnn_ig_165;cnn53:motif_cnn53_hct116_all_cnn_ig_185;cnn53:motif_cnn53_hek293t_all_cnn_ig_375;cnn53:motif_cnn53_hek293t_all_cnn_ig_378;cnn53:motif_cnn53_hela_all_cnn_ig_058;cnn53:motif_cnn53_hela_all_cnn_ig_083;cnn53:motif_cnn53_hl60_all_cnn_ig_302;cnn53:motif_cnn53_hl60_all_cnn_ig_304;cnn73:motif_cnn73_hct116_all_cnn_ig_168;cnn73:motif_cnn73_hct116_all_cnn_ig_170;cnn73:motif_cnn73_hek293t_all_cnn_ig_365;cnn73:motif_cnn73_hek293t_all_cnn_ig_367;cnn73:motif_cnn73_hela_all_cnn_ig_060;cnn73:motif_cnn73_hela_all_cnn_ig_062;cnn73:motif_cnn73_hl60_all_cnn_ig_305;cnn73:motif_cnn73_hl60_all_cnn_ig_307,1.0,ok,
motif_cnn53_hl60_all_cnn_ig_302,cnn_kernel_variant,all|cnn_ig,24,3,cnn33;cnn53;cnn73,cnn33:motif_cnn33_hct116_all_cnn_ig_164;cnn33:motif_cnn33_hct116_all_cnn_ig_343;cnn33:motif_cnn33_hek293t_all_cnn_ig_362;cnn33:motif_cnn33_hek293t_all_cnn_ig_404;cnn33:motif_cnn33_hela_all_cnn_ig_134;cnn33:motif_cnn33_hela_all_cnn_ig_150;cnn33:motif_cnn33_hl60_all_cnn_ig_300;cnn33:motif_cnn33_hl60_all_cnn_ig_392;cnn53:motif_cnn53_hct116_all_cnn_ig_165;cnn53:motif_cnn53_hct116_all_cnn_ig_185;cnn53:motif_cnn53_hek293t_all_cnn_ig_375;cnn53:motif_cnn53_hek293t_all_cnn_ig_378;cnn53:motif_cnn53_hela_all_cnn_ig_058;cnn53:motif_cnn53_hela_all_cnn_ig_083;cnn53:motif_cnn53_hl60_all_cnn_ig_304;cnn73:motif_cnn73_hct116_all_cnn_ig_168;cnn73:motif_cnn73_hct116_all_cnn_ig_170;cnn73:motif_cnn73_hek293t_all_cnn_ig_365;cnn73:motif_cnn73_hek293t_all_cnn_ig_367;cnn73:motif_cnn73_hela_all_cnn_ig_060;cnn73:motif_cnn73_hela_all_cnn_ig_062;cnn73:motif_cnn73_hl60_all_cnn_ig_305;cnn73:motif_cnn73_hl60_all_cnn_ig_307,1.0,ok,
motif_cnn53_hl60_all_cnn_ig_304,cnn_kernel_variant,all|cnn_ig,24,3,cnn33;cnn53;cnn73,cnn33:motif_cnn33_hct116_all_cnn_ig_164;cnn33:motif_cnn33_hct116_all_cnn_ig_343;cnn33:motif_cnn33_hek293t_all_cnn_ig_362;cnn33:motif_cnn33_hek293t_all_cnn_ig_404;cnn33:motif_cnn33_hela_all_cnn_ig_134;cnn33:motif_cnn33_hela_all_cnn_ig_150;cnn33:motif_cnn33_hl60_all_cnn_ig_300;cnn33:motif_cnn33_hl60_all_cnn_ig_392;cnn53:motif_cnn53_hct116_all_cnn_ig_165;cnn53:motif_cnn53_hct116_all_cnn_ig_185;cnn53:motif_cnn53_hek293t_all_cnn_ig_375;cnn53:motif_cnn53_hek293t_all_cnn_ig_378;cnn53:motif_cnn53_hela_all_cnn_ig_058;cnn53:motif_cnn53_hela_all_cnn_ig_083;cnn53:motif_cnn53_hl60_all_cnn_ig_302;cnn73:motif_cnn73_hct116_all_cnn_ig_168;cnn73:motif_cnn73_hct116_all_cnn_ig_170;cnn73:motif_cnn73_hek293t_all_cnn_ig_365;cnn73:motif_cnn73_hek293t_all_cnn_ig_367;cnn73:motif_cnn73_hela_all_cnn_ig_060;cnn73:motif_cnn73_hela_all_cnn_ig_062;cnn73:motif_cnn73_hl60_all_cnn_ig_305;cnn73:motif_cnn73_hl60_all_cnn_ig_307,1.0,ok,
motif_cnn73_hl60_all_cnn_ig_305,cnn_kernel_variant,all|cnn_ig,24,3,cnn33;cnn53;cnn73,cnn33:motif_cnn33_hct116_all_cnn_ig_164;cnn33:motif_cnn33_hct116_all_cnn_ig_343;cnn33:motif_cnn33_hek293t_all_cnn_ig_362;cnn33:motif_cnn33_hek293t_all_cnn_ig_404;cnn33:motif_cnn33_hela_all_cnn_ig_134;cnn33:motif_cnn33_hela_all_cnn_ig_150;cnn33:motif_cnn33_hl60_all_cnn_ig_300;cnn33:motif_cnn33_hl60_all_cnn_ig_392;cnn53:motif_cnn53_hct116_all_cnn_ig_165;cnn53:motif_cnn53_hct116_all_cnn_ig_185;cnn53:motif_cnn53_hek293t_all_cnn_ig_375;cnn53:motif_cnn53_hek293t_all_cnn_ig_378;cnn53:motif_cnn53_hela_all_cnn_ig_058;cnn53:motif_cnn53_hela_all_cnn_ig_083;cnn53:motif_cnn53_hl60_all_cnn_ig_302;cnn53:motif_cnn53_hl60_all_cnn_ig_304;cnn73:motif_cnn73_hct116_all_cnn_ig_168;cnn73:motif_cnn73_hct116_all_cnn_ig_170;cnn73:motif_cnn73_hek293t_all_cnn_ig_365;cnn73:motif_cnn73_hek293t_all_cnn_ig_367;cnn73:motif_cnn73_hela_all_cnn_ig_060;cnn73:motif_cnn73_hela_all_cnn_ig_062;cnn73:motif_cnn73_hl60_all_cnn_ig_307,1.0,ok,
motif_cnn73_hl60_all_cnn_ig_307,cnn_kernel_variant,all|cnn_ig,24,3,cnn33;cnn53;cnn73,cnn33:motif_cnn33_hct116_all_cnn_ig_164;cnn33:motif_cnn33_hct116_all_cnn_ig_343;cnn33:motif_cnn33_hek293t_all_cnn_ig_362;cnn33:motif_cnn33_hek293t_all_cnn_ig_404;cnn33:motif_cnn33_hela_all_cnn_ig_134;cnn33:motif_cnn33_hela_all_cnn_ig_150;cnn33:motif_cnn33_hl60_all_cnn_ig_300;cnn33:motif_cnn33_hl60_all_cnn_ig_392;cnn53:motif_cnn53_hct116_all_cnn_ig_165;cnn53:motif_cnn53_hct116_all_cnn_ig_185;cnn53:motif_cnn53_hek293t_all_cnn_ig_375;cnn53:motif_cnn53_hek293t_all_cnn_ig_378;cnn53:motif_cnn53_hela_all_cnn_ig_058;cnn53:motif_cnn53_hela_all_cnn_ig_083;cnn53:motif_cnn53_hl60_all_cnn_ig_302;cnn53:motif_cnn53_hl60_all_cnn_ig_304;cnn73:motif_cnn73_hct116_all_cnn_ig_168;cnn73:motif_cnn73_hct116_all_cnn_ig_170;cnn73:motif_cnn73_hek293t_all_cnn_ig_365;cnn73:motif_cnn73_hek293t_all_cnn_ig_367;cnn73:motif_cnn73_hela_all_cnn_ig_060;cnn73:motif_cnn73_hela_all_cnn_ig_062;cnn73:motif_cnn73_hl60_all_cnn_ig_305,1.0,ok,
motif_cnn33_hl60_all_cnn_ig_310,cnn_kernel_variant,all|cnn_ig,23,3,cnn33;cnn53;cnn73,cnn33:motif_cnn33_hct116_all_cnn_ig_094;cnn33:motif_cnn33_hct116_all_cnn_ig_096;cnn33:motif_cnn33_hek293t_all_cnn_ig_224;cnn33:motif_cnn33_hek293t_all_cnn_ig_227;cnn33:motif_cnn33_hela_all_cnn_ig_021;cnn33:motif_cnn33_hl60_all_cnn_ig_313;cnn53:motif_cnn53_hct116_all_cnn_ig_097;cnn53:motif_cnn53_hct116_all_cnn_ig_099;cnn53:motif_cnn53_hek293t_all_cnn_ig_231;cnn53:motif_cnn53_hek293t_all_cnn_ig_238;cnn53:motif_cnn53_hela_all_cnn_ig_014;cnn53:motif_cnn53_hela_all_cnn_ig_016;cnn53:motif_cnn53_hl60_all_cnn_ig_315;cnn53:motif_cnn53_hl60_all_cnn_ig_321;cnn73:motif_cnn73_hct116_all_cnn_ig_101;cnn73:motif_cnn73_hct116_all_cnn_ig_103;cnn73:motif_cnn73_hek293t_all_cnn_ig_233;cnn73:motif_cnn73_hek293t_all_cnn_ig_235;cnn73:motif_cnn73_hela_all_cnn_ig_017;cnn73:motif_cnn73_hela_all_cnn_ig_019;cnn73:motif_cnn73_hl60_all_cnn_ig_317;cnn73:motif_cnn73_hl60_all_cnn_ig_319,1.0,ok,
motif_cnn33_hl60_all_cnn_ig_313,cnn_kernel_variant,all|cnn_ig,23,3,cnn33;cnn53;cnn73,cnn33:motif_cnn33_hct116_all_cnn_ig_094;cnn33:motif_cnn33_hct116_all_cnn_ig_096;cnn33:motif_cnn33_hek293t_all_cnn_ig_224;cnn33:motif_cnn33_hek293t_all_cnn_ig_227;cnn33:motif_cnn33_hela_all_cnn_ig_021;cnn33:motif_cnn33_hl60_all_cnn_ig_310;cnn53:motif_cnn53_hct116_all_cnn_ig_097;cnn53:motif_cnn53_hct116_all_cnn_ig_099;cnn53:motif_cnn53_hek293t_all_cnn_ig_231;cnn53:motif_cnn53_hek293t_all_cnn_ig_238;cnn53:motif_cnn53_hela_all_cnn_ig_014;cnn53:motif_cnn53_hela_all_cnn_ig_016;cnn53:motif_cnn53_hl60_all_cnn_ig_315;cnn53:motif_cnn53_hl60_all_cnn_ig_321;cnn73:motif_cnn73_hct116_all_cnn_ig_101;cnn73:motif_cnn73_hct116_all_cnn_ig_103;cnn73:motif_cnn73_hek293t_all_cnn_ig_233;cnn73:motif_cnn73_hek293t_all_cnn_ig_235;cnn73:motif_cnn73_hela_all_cnn_ig_017;cnn73:motif_cnn73_hela_all_cnn_ig_019;cnn73:motif_cnn73_hl60_all_cnn_ig_317;cnn73:motif_cnn73_hl60_all_cnn_ig_319,1.0,ok,
motif_cnn53_hl60_all_cnn_ig_315,cnn_kernel_variant,all|cnn_ig,23,3,cnn33;cnn53;cnn73,cnn33:motif_cnn33_hct116_all_cnn_ig_094;cnn33:motif_cnn33_hct116_all_cnn_ig_096;cnn33:motif_cnn33_hek293t_all_cnn_ig_224;cnn33:motif_cnn33_hek293t_all_cnn_ig_227;cnn33:motif_cnn33_hela_all_cnn_ig_021;cnn33:motif_cnn33_hl60_all_cnn_ig_310;cnn33:motif_cnn33_hl60_all_cnn_ig_313;cnn53:motif_cnn53_hct116_all_cnn_ig_097;cnn53:motif_cnn53_hct116_all_cnn_ig_099;cnn53:motif_cnn53_hek293t_all_cnn_ig_231;cnn53:motif_cnn53_hek293t_all_cnn_ig_238;cnn53:motif_cnn53_hela_all_cnn_ig_014;cnn53:motif_cnn53_hela_all_cnn_ig_016;cnn53:motif_cnn53_hl60_all_cnn_ig_321;cnn73:motif_cnn73_hct116_all_cnn_ig_101;cnn73:motif_cnn73_hct116_all_cnn_ig_103;cnn73:motif_cnn73_hek293t_all_cnn_ig_233;cnn73:motif_cnn73_hek293t_all_cnn_ig_235;cnn73:motif_cnn73_hela_all_cnn_ig_017;cnn73:motif_cnn73_hela_all_cnn_ig_019;cnn73:motif_cnn73_hl60_all_cnn_ig_317;cnn73:motif_cnn73_hl60_all_cnn_ig_319,1.0,ok,
motif_cnn73_hl60_all_cnn_ig_317,cnn_kernel_variant,all|cnn_ig,23,3,cnn33;cnn53;cnn73,cnn33:motif_cnn33_hct116_all_cnn_ig_094;cnn33:motif_cnn33_hct116_all_cnn_ig_096;cnn33:motif_cnn33_hek293t_all_cnn_ig_224;cnn33:motif_cnn33_hek293t_all_cnn_ig_227;cnn33:motif_cnn33_hela_all_cnn_ig_021;cnn33:motif_cnn33_hl60_all_cnn_ig_310;cnn33:motif_cnn33_hl60_all_cnn_ig_313;cnn53:motif_cnn53_hct116_all_cnn_ig_097;cnn53:motif_cnn53_hct116_all_cnn_ig_099;cnn53:motif_cnn53_hek293t_all_cnn_ig_231;cnn53:motif_cnn53_hek293t_all_cnn_ig_238;cnn53:motif_cnn53_hela_all_cnn_ig_014;cnn53:motif_cnn53_hela_all_cnn_ig_016;cnn53:motif_cnn53_hl60_all_cnn_ig_315;cnn53:motif_cnn53_hl60_all_cnn_ig_321;cnn73:motif_cnn73_hct116_all_cnn_ig_101;cnn73:motif_cnn73_hct116_all_cnn_ig_103;cnn73:motif_cnn73_hek293t_all_cnn_ig_233;cnn73:motif_cnn73_hek293t_all_cnn_ig_235;cnn73:motif_cnn73_hela_all_cnn_ig_017;cnn73:motif_cnn73_hela_all_cnn_ig_019;cnn73:motif_cnn73_hl60_all_cnn_ig_319,1.0,ok,
motif_cnn73_hl60_all_cnn_ig_319,cnn_kernel_variant,all|cnn_ig,23,3,cnn33;cnn53;cnn73,cnn33:motif_cnn33_hct116_all_cnn_ig_094;cnn33:motif_cnn33_hct116_all_cnn_ig_096;cnn33:motif_cnn33_hek293t_all_cnn_ig_224;cnn33:motif_cnn33_hek293t_all_cnn_ig_227;cnn33:motif_cnn33_hela_all_cnn_ig_021;cnn33:motif_cnn33_hl60_all_cnn_ig_310;cnn33:motif_cnn33_hl60_all_cnn_ig_313;cnn53:motif_cnn53_hct116_all_cnn_ig_097;cnn53:motif_cnn53_hct116_all_cnn_ig_099;cnn53:motif_cnn53_hek293t_all_cnn_ig_231;cnn53:motif_cnn53_hek293t_all_cnn_ig_238;cnn53:motif_cnn53_hela_all_cnn_ig_014;cnn53:motif_cnn53_hela_all_cnn_ig_016;cnn53:motif_cnn53_hl60_all_cnn_ig_315;cnn53:motif_cnn53_hl60_all_cnn_ig_321;cnn73:motif_cnn73_hct116_all_cnn_ig_101;cnn73:motif_cnn73_hct116_all_cnn_ig_103;cnn73:motif_cnn73_hek293t_all_cnn_ig_233;cnn73:motif_cnn73_hek293t_all_cnn_ig_235;cnn73:motif_cnn73_hela_all_cnn_ig_017;cnn73:motif_cnn73_hela_all_cnn_ig_019;cnn73:motif_cnn73_hl60_all_cnn_ig_317,1.0,ok,
motif_cnn53_hl60_all_cnn_ig_321,cnn_kernel_variant,all|cnn_ig,23,3,cnn33;cnn53;cnn73,cnn33:motif_cnn33_hct116_all_cnn_ig_094;cnn33:motif_cnn33_hct116_all_cnn_ig_096;cnn33:motif_cnn33_hek293t_all_cnn_ig_224;cnn33:motif_cnn33_hek293t_all_cnn_ig_227;cnn33:motif_cnn33_hela_all_cnn_ig_021;cnn33:motif_cnn33_hl60_all_cnn_ig_310;cnn33:motif_cnn33_hl60_all_cnn_ig_313;cnn53:motif_cnn53_hct116_all_cnn_ig_097;cnn53:motif_cnn53_hct116_all_cnn_ig_099;cnn53:motif_cnn53_hek293t_all_cnn_ig_231;cnn53:motif_cnn53_hek293t_all_cnn_ig_238;cnn53:motif_cnn53_hela_all_cnn_ig_014;cnn53:motif_cnn53_hela_all_cnn_ig_016;cnn53:motif_cnn53_hl60_all_cnn_ig_315;cnn73:motif_cnn73_hct116_all_cnn_ig_101;cnn73:motif_cnn73_hct116_all_cnn_ig_103;cnn73:motif_cnn73_hek293t_all_cnn_ig_233;cnn73:motif_cnn73_hek293t_all_cnn_ig_235;cnn73:motif_cnn73_hela_all_cnn_ig_017;cnn73:motif_cnn73_hela_all_cnn_ig_019;cnn73:motif_cnn73_hl60_all_cnn_ig_317;cnn73:motif_cnn73_hl60_all_cnn_ig_319,1.0,ok,
motif_cnn33_hek293t_all_cnn_ig_322,cnn_kernel_variant,all|cnn_ig,12,3,cnn33;cnn53;cnn73,cnn33:motif_cnn33_hek293t_all_cnn_ig_324;cnn33:motif_cnn33_hl60_all_cnn_ig_421;cnn33:motif_cnn33_hl60_all_cnn_ig_423;cnn53:motif_cnn53_hek293t_all_cnn_ig_326;cnn53:motif_cnn53_hek293t_all_cnn_ig_328;cnn53:motif_cnn53_hl60_all_cnn_ig_424;cnn53:motif_cnn53_hl60_all_cnn_ig_441;cnn73:motif_cnn73_hek293t_all_cnn_ig_329;cnn73:motif_cnn73_hek293t_all_cnn_ig_331;cnn73:motif_cnn73_hl60_all_cnn_ig_426;cnn73:motif_cnn73_hl60_all_cnn_ig_428,1.0,ok,
motif_cnn33_hek293t_all_cnn_ig_324,cnn_kernel_variant,all|cnn_ig,12,3,cnn33;cnn53;cnn73,cnn33:motif_cnn33_hek293t_all_cnn_ig_322;cnn33:motif_cnn33_hl60_all_cnn_ig_421;cnn33:motif_cnn33_hl60_all_cnn_ig_423;cnn53:motif_cnn53_hek293t_all_cnn_ig_326;cnn53:motif_cnn53_hek293t_all_cnn_ig_328;cnn53:motif_cnn53_hl60_all_cnn_ig_424;cnn53:motif_cnn53_hl60_all_cnn_ig_441;cnn73:motif_cnn73_hek293t_all_cnn_ig_329;cnn73:motif_cnn73_hek293t_all_cnn_ig_331;cnn73:motif_cnn73_hl60_all_cnn_ig_426;cnn73:motif_cnn73_hl60_all_cnn_ig_428,1.0,ok,
motif_cnn53_hek293t_all_cnn_ig_326,cnn_kernel_variant,all|cnn_ig,12,3,cnn33;cnn53;cnn73,cnn33:motif_cnn33_hek293t_all_cnn_ig_322;cnn33:motif_cnn33_hek293t_all_cnn_ig_324;cnn33:motif_cnn33_hl60_all_cnn_ig_421;cnn33:motif_cnn33_hl60_all_cnn_ig_423;cnn53:motif_cnn53_hek293t_all_cnn_ig_328;cnn53:motif_cnn53_hl60_all_cnn_ig_424;cnn53:motif_cnn53_hl60_all_cnn_ig_441;cnn73:motif_cnn73_hek293t_all_cnn_ig_329;cnn73:motif_cnn73_hek293t_all_cnn_ig_331;cnn73:motif_cnn73_hl60_all_cnn_ig_426;cnn73:motif_cnn73_hl60_all_cnn_ig_428,1.0,ok,
motif_cnn53_hek293t_all_cnn_ig_328,cnn_kernel_variant,all|cnn_ig,12,3,cnn33;cnn53;cnn73,cnn33:motif_cnn33_hek293t_all_cnn_ig_322;cnn33:motif_cnn33_hek293t_all_cnn_ig_324;cnn33:motif_cnn33_hl60_all_cnn_ig_421;cnn33:motif_cnn33_hl60_all_cnn_ig_423;cnn53:motif_cnn53_hek293t_all_cnn_ig_326;cnn53:motif_cnn53_hl60_all_cnn_ig_424;cnn53:motif_cnn53_hl60_all_cnn_ig_441;cnn73:motif_cnn73_hek293t_all_cnn_ig_329;cnn73:motif_cnn73_hek293t_all_cnn_ig_331;cnn73:motif_cnn73_hl60_all_cnn_ig_426;cnn73:motif_cnn73_hl60_all_cnn_ig_428,1.0,ok,
motif_cnn73_hek293t_all_cnn_ig_329,cnn_kernel_variant,all|cnn_ig,12,3,cnn33;cnn53;cnn73,cnn33:motif_cnn33_hek293t_all_cnn_ig_322;cnn33:motif_cnn33_hek293t_all_cnn_ig_324;cnn33:motif_cnn33_hl60_all_cnn_ig_421;cnn33:motif_cnn33_hl60_all_cnn_ig_423;cnn53:motif_cnn53_hek293t_all_cnn_ig_326;cnn53:motif_cnn53_hek293t_all_cnn_ig_328;cnn53:motif_cnn53_hl60_all_cnn_ig_424;cnn53:motif_cnn53_hl60_all_cnn_ig_441;cnn73:motif_cnn73_hek293t_all_cnn_ig_331;cnn73:motif_cnn73_hl60_all_cnn_ig_426;cnn73:motif_cnn73_hl60_all_cnn_ig_428,1.0,ok,
motif_cnn73_hek293t_all_cnn_ig_331,cnn_kernel_variant,all|cnn_ig,12,3,cnn33;cnn53;cnn73,cnn33:motif_cnn33_hek293t_all_cnn_ig_322;cnn33:motif_cnn33_hek293t_all_cnn_ig_324;cnn33:motif_cnn33_hl60_all_cnn_ig_421;cnn33:motif_cnn33_hl60_all_cnn_ig_423;cnn53:motif_cnn53_hek293t_all_cnn_ig_326;cnn53:motif_cnn53_hek293t_all_cnn_ig_328;cnn53:motif_cnn53_hl60_all_cnn_ig_424;cnn53:motif_cnn53_hl60_all_cnn_ig_441;cnn73:motif_cnn73_hek293t_all_cnn_ig_329;cnn73:motif_cnn73_hl60_all_cnn_ig_426;cnn73:motif_cnn73_hl60_all_cnn_ig_428,1.0,ok,
motif_cnn33_hl60_all_cnn_ig_334,cnn_kernel_variant,all|cnn_ig,24,3,cnn33;cnn53;cnn73,cnn33:motif_cnn33_hct116_all_cnn_ig_127;cnn33:motif_cnn33_hct116_all_cnn_ig_179;cnn33:motif_cnn33_hek293t_all_cnn_ig_260;cnn33:motif_cnn33_hek293t_all_cnn_ig_262;cnn33:motif_cnn33_hela_all_cnn_ig_032;cnn33:motif_cnn33_hela_all_cnn_ig_034;cnn33:motif_cnn33_hl60_all_cnn_ig_336;cnn53:motif_cnn53_hct116_all_cnn_ig_148;cnn53:motif_cnn53_hct116_all_cnn_ig_149;cnn53:motif_cnn53_hek293t_all_cnn_ig_272;cnn53:motif_cnn53_hek293t_all_cnn_ig_299;cnn53:motif_cnn53_hela_all_cnn_ig_035;cnn53:motif_cnn53_hela_all_cnn_ig_043;cnn53:motif_cnn53_hl60_all_cnn_ig_337;cnn53:motif_cnn53_hl60_all_cnn_ig_415;cnn73:motif_cnn73_hct116_all_cnn_ig_130;cnn73:motif_cnn73_hct116_all_cnn_ig_132;cnn73:motif_cnn73_hek293t_all_cnn_ig_265;cnn73:motif_cnn73_hek293t_all_cnn_ig_267;cnn73:motif_cnn73_hela_all_cnn_ig_037;cnn73:motif_cnn73_hela_all_cnn_ig_039;cnn73:motif_cnn73_hl60_all_cnn_ig_339;cnn73:motif_cnn73_hl60_all_cnn_ig_341,1.0,ok,
motif_cnn33_hl60_all_cnn_ig_336,cnn_kernel_variant,all|cnn_ig,24,3,cnn33;cnn53;cnn73,cnn33:motif_cnn33_hct116_all_cnn_ig_127;cnn33:motif_cnn33_hct116_all_cnn_ig_179;cnn33:motif_cnn33_hek293t_all_cnn_ig_260;cnn33:motif_cnn33_hek293t_all_cnn_ig_262;cnn33:motif_cnn33_hela_all_cnn_ig_032;cnn33:motif_cnn33_hela_all_cnn_ig_034;cnn33:motif_cnn33_hl60_all_cnn_ig_334;cnn53:motif_cnn53_hct116_all_cnn_ig_148;cnn53:motif_cnn53_hct116_all_cnn_ig_149;cnn53:motif_cnn53_hek293t_all_cnn_ig_272;cnn53:motif_cnn53_hek293t_all_cnn_ig_299;cnn53:motif_cnn53_hela_all_cnn_ig_035;cnn53:motif_cnn53_hela_all_cnn_ig_043;cnn53:motif_cnn53_hl60_all_cnn_ig_337;cnn53:motif_cnn53_hl60_all_cnn_ig_415;cnn73:motif_cnn73_hct116_all_cnn_ig_130;cnn73:motif_cnn73_hct116_all_cnn_ig_132;cnn73:motif_cnn73_hek293t_all_cnn_ig_265;cnn73:motif_cnn73_hek293t_all_cnn_ig_267;cnn73:motif_cnn73_hela_all_cnn_ig_037;cnn73:motif_cnn73_hela_all_cnn_ig_039;cnn73:motif_cnn73_hl60_all_cnn_ig_339;cnn73:motif_cnn73_hl60_all_cnn_ig_341,1.0,ok,
motif_cnn53_hl60_all_cnn_ig_337,cnn_kernel_variant,all|cnn_ig,24,3,cnn33;cnn53;cnn73,cnn33:motif_cnn33_hct116_all_cnn_ig_127;cnn33:motif_cnn33_hct116_all_cnn_ig_179;cnn33:motif_cnn33_hek293t_all_cnn_ig_260;cnn33:motif_cnn33_hek293t_all_cnn_ig_262;cnn33:motif_cnn33_hela_all_cnn_ig_032;cnn33:motif_cnn33_hela_all_cnn_ig_034;cnn33:motif_cnn33_hl60_all_cnn_ig_334;cnn33:motif_cnn33_hl60_all_cnn_ig_336;cnn53:motif_cnn53_hct116_all_cnn_ig_148;cnn53:motif_cnn53_hct116_all_cnn_ig_149;cnn53:motif_cnn53_hek293t_all_cnn_ig_272;cnn53:motif_cnn53_hek293t_all_cnn_ig_299;cnn53:motif_cnn53_hela_all_cnn_ig_035;cnn53:motif_cnn53_hela_all_cnn_ig_043;cnn53:motif_cnn53_hl60_all_cnn_ig_415;cnn73:motif_cnn73_hct116_all_cnn_ig_130;cnn73:motif_cnn73_hct116_all_cnn_ig_132;cnn73:motif_cnn73_hek293t_all_cnn_ig_265;cnn73:motif_cnn73_hek293t_all_cnn_ig_267;cnn73:motif_cnn73_hela_all_cnn_ig_037;cnn73:motif_cnn73_hela_all_cnn_ig_039;cnn73:motif_cnn73_hl60_all_cnn_ig_339;cnn73:motif_cnn73_hl60_all_cnn_ig_341,1.0,ok,
motif_cnn73_hl60_all_cnn_ig_339,cnn_kernel_variant,all|cnn_ig,24,3,cnn33;cnn53;cnn73,cnn33:motif_cnn33_hct116_all_cnn_ig_127;cnn33:motif_cnn33_hct116_all_cnn_ig_179;cnn33:motif_cnn33_hek293t_all_cnn_ig_260;cnn33:motif_cnn33_hek293t_all_cnn_ig_262;cnn33:motif_cnn33_hela_all_cnn_ig_032;cnn33:motif_cnn33_hela_all_cnn_ig_034;cnn33:motif_cnn33_hl60_all_cnn_ig_334;cnn33:motif_cnn33_hl60_all_cnn_ig_336;cnn53:motif_cnn53_hct116_all_cnn_ig_148;cnn53:motif_cnn53_hct116_all_cnn_ig_149;cnn53:motif_cnn53_hek293t_all_cnn_ig_272;cnn53:motif_cnn53_hek293t_all_cnn_ig_299;cnn53:motif_cnn53_hela_all_cnn_ig_035;cnn53:motif_cnn53_hela_all_cnn_ig_043;cnn53:motif_cnn53_hl60_all_cnn_ig_337;cnn53:motif_cnn53_hl60_all_cnn_ig_415;cnn73:motif_cnn73_hct116_all_cnn_ig_130;cnn73:motif_cnn73_hct116_all_cnn_ig_132;cnn73:motif_cnn73_hek293t_all_cnn_ig_265;cnn73:motif_cnn73_hek293t_all_cnn_ig_267;cnn73:motif_cnn73_hela_all_cnn_ig_037;cnn73:motif_cnn73_hela_all_cnn_ig_039;cnn73:motif_cnn73_hl60_all_cnn_ig_341,1.0,ok,
motif_cnn73_hl60_all_cnn_ig_341,cnn_kernel_variant,all|cnn_ig,24,3,cnn33;cnn53;cnn73,cnn33:motif_cnn33_hct116_all_cnn_ig_127;cnn33:motif_cnn33_hct116_all_cnn_ig_179;cnn33:motif_cnn33_hek293t_all_cnn_ig_260;cnn33:motif_cnn33_hek293t_all_cnn_ig_262;cnn33:motif_cnn33_hela_all_cnn_ig_032;cnn33:motif_cnn33_hela_all_cnn_ig_034;cnn33:motif_cnn33_hl60_all_cnn_ig_334;cnn33:motif_cnn33_hl60_all_cnn_ig_336;cnn53:motif_cnn53_hct116_all_cnn_ig_148;cnn53:motif_cnn53_hct116_all_cnn_ig_149;cnn53:motif_cnn53_hek293t_all_cnn_ig_272;cnn53:motif_cnn53_hek293t_all_cnn_ig_299;cnn53:motif_cnn53_hela_all_cnn_ig_035;cnn53:motif_cnn53_hela_all_cnn_ig_043;cnn53:motif_cnn53_hl60_all_cnn_ig_337;cnn53:motif_cnn53_hl60_all_cnn_ig_415;cnn73:motif_cnn73_hct116_all_cnn_ig_130;cnn73:motif_cnn73_hct116_all_cnn_ig_132;cnn73:motif_cnn73_hek293t_all_cnn_ig_265;cnn73:motif_cnn73_hek293t_all_cnn_ig_267;cnn73:motif_cnn73_hela_all_cnn_ig_037;cnn73:motif_cnn73_hela_all_cnn_ig_039;cnn73:motif_cnn73_hl60_all_cnn_ig_339,1.0,ok,
motif_cnn33_hct116_all_cnn_ig_343,cnn_kernel_variant,all|cnn_ig,24,3,cnn33;cnn53;cnn73,cnn33:motif_cnn33_hct116_all_cnn_ig_164;cnn33:motif_cnn33_hek293t_all_cnn_ig_362;cnn33:motif_cnn33_hek293t_all_cnn_ig_404;cnn33:motif_cnn33_hela_all_cnn_ig_134;cnn33:motif_cnn33_hela_all_cnn_ig_150;cnn33:motif_cnn33_hl60_all_cnn_ig_300;cnn33:motif_cnn33_hl60_all_cnn_ig_392;cnn53:motif_cnn53_hct116_all_cnn_ig_165;cnn53:motif_cnn53_hct116_all_cnn_ig_185;cnn53:motif_cnn53_hek293t_all_cnn_ig_375;cnn53:motif_cnn53_hek293t_all_cnn_ig_378;cnn53:motif_cnn53_hela_all_cnn_ig_058;cnn53:motif_cnn53_hela_all_cnn_ig_083;cnn53:motif_cnn53_hl60_all_cnn_ig_302;cnn53:motif_cnn53_hl60_all_cnn_ig_304;cnn73:motif_cnn73_hct116_all_cnn_ig_168;cnn73:motif_cnn73_hct116_all_cnn_ig_170;cnn73:motif_cnn73_hek293t_all_cnn_ig_365;cnn73:motif_cnn73_hek293t_all_cnn_ig_367;cnn73:motif_cnn73_hela_all_cnn_ig_060;cnn73:motif_cnn73_hela_all_cnn_ig_062;cnn73:motif_cnn73_hl60_all_cnn_ig_305;cnn73:motif_cnn73_hl60_all_cnn_ig_307,1.0,ok,
motif_cnn33_hek293t_all_cnn_ig_347,cnn_kernel_variant,all|cnn_ig,24,3,cnn33;cnn53;cnn73,cnn33:motif_cnn33_hct116_all_cnn_ig_110;cnn33:motif_cnn33_hct116_all_cnn_ig_259;cnn33:motif_cnn33_hek293t_all_cnn_ig_291;cnn33:motif_cnn33_hela_all_cnn_ig_070;cnn33:motif_cnn33_hela_all_cnn_ig_109;cnn33:motif_cnn33_hl60_all_cnn_ig_274;cnn33:motif_cnn33_hl60_all_cnn_ig_418;cnn53:motif_cnn53_hct116_all_cnn_ig_111;cnn53:motif_cnn53_hct116_all_cnn_ig_155;cnn53:motif_cnn53_hek293t_all_cnn_ig_298;cnn53:motif_cnn53_hek293t_all_cnn_ig_355;cnn53:motif_cnn53_hela_all_cnn_ig_026;cnn53:motif_cnn53_hela_all_cnn_ig_069;cnn53:motif_cnn53_hl60_all_cnn_ig_277;cnn53:motif_cnn53_hl60_all_cnn_ig_279;cnn73:motif_cnn73_hct116_all_cnn_ig_114;cnn73:motif_cnn73_hct116_all_cnn_ig_116;cnn73:motif_cnn73_hek293t_all_cnn_ig_294;cnn73:motif_cnn73_hek293t_all_cnn_ig_296;cnn73:motif_cnn73_hela_all_cnn_ig_028;cnn73:motif_cnn73_hela_all_cnn_ig_030;cnn73:motif_cnn73_hl60_all_cnn_ig_280;cnn73:motif_cnn73_hl60_all_cnn_ig_283,1.0,ok,
motif_cnn53_hek293t_all_cnn_ig_355,cnn_kernel_variant,all|cnn_ig,24,3,cnn33;cnn53;cnn73,cnn33:motif_cnn33_hct116_all_cnn_ig_110;cnn33:motif_cnn33_hct116_all_cnn_ig_259;cnn33:motif_cnn33_hek293t_all_cnn_ig_291;cnn33:motif_cnn33_hek293t_all_cnn_ig_347;cnn33:motif_cnn33_hela_all_cnn_ig_070;cnn33:motif_cnn33_hela_all_cnn_ig_109;cnn33:motif_cnn33_hl60_all_cnn_ig_274;cnn33:motif_cnn33_hl60_all_cnn_ig_418;cnn53:motif_cnn53_hct116_all_cnn_ig_111;cnn53:motif_cnn53_hct116_all_cnn_ig_155;cnn53:motif_cnn53_hek293t_all_cnn_ig_298;cnn53:motif_cnn53_hela_all_cnn_ig_026;cnn53:motif_cnn53_hela_all_cnn_ig_069;cnn53:motif_cnn53_hl60_all_cnn_ig_277;cnn53:motif_cnn53_hl60_all_cnn_ig_279;cnn73:motif_cnn73_hct116_all_cnn_ig_114;cnn73:motif_cnn73_hct116_all_cnn_ig_116;cnn73:motif_cnn73_hek293t_all_cnn_ig_294;cnn73:motif_cnn73_hek293t_all_cnn_ig_296;cnn73:motif_cnn73_hela_all_cnn_ig_028;cnn73:motif_cnn73_hela_all_cnn_ig_030;cnn73:motif_cnn73_hl60_all_cnn_ig_280;cnn73:motif_cnn73_hl60_all_cnn_ig_283,1.0,ok,
motif_cnn33_hek293t_all_cnn_ig_362,cnn_kernel_variant,all|cnn_ig,24,3,cnn33;cnn53;cnn73,cnn33:motif_cnn33_hct116_all_cnn_ig_164;cnn33:motif_cnn33_hct116_all_cnn_ig_343;cnn33:motif_cnn33_hek293t_all_cnn_ig_404;cnn33:motif_cnn33_hela_all_cnn_ig_134;cnn33:motif_cnn33_hela_all_cnn_ig_150;cnn33:motif_cnn33_hl60_all_cnn_ig_300;cnn33:motif_cnn33_hl60_all_cnn_ig_392;cnn53:motif_cnn53_hct116_all_cnn_ig_165;cnn53:motif_cnn53_hct116_all_cnn_ig_185;cnn53:motif_cnn53_hek293t_all_cnn_ig_375;cnn53:motif_cnn53_hek293t_all_cnn_ig_378;cnn53:motif_cnn53_hela_all_cnn_ig_058;cnn53:motif_cnn53_hela_all_cnn_ig_083;cnn53:motif_cnn53_hl60_all_cnn_ig_302;cnn53:motif_cnn53_hl60_all_cnn_ig_304;cnn73:motif_cnn73_hct116_all_cnn_ig_168;cnn73:motif_cnn73_hct116_all_cnn_ig_170;cnn73:motif_cnn73_hek293t_all_cnn_ig_365;cnn73:motif_cnn73_hek293t_all_cnn_ig_367;cnn73:motif_cnn73_hela_all_cnn_ig_060;cnn73:motif_cnn73_hela_all_cnn_ig_062;cnn73:motif_cnn73_hl60_all_cnn_ig_305;cnn73:motif_cnn73_hl60_all_cnn_ig_307,1.0,ok,
motif_cnn73_hek293t_all_cnn_ig_365,cnn_kernel_variant,all|cnn_ig,24,3,cnn33;cnn53;cnn73,cnn33:motif_cnn33_hct116_all_cnn_ig_164;cnn33:motif_cnn33_hct116_all_cnn_ig_343;cnn33:motif_cnn33_hek293t_all_cnn_ig_362;cnn33:motif_cnn33_hek293t_all_cnn_ig_404;cnn33:motif_cnn33_hela_all_cnn_ig_134;cnn33:motif_cnn33_hela_all_cnn_ig_150;cnn33:motif_cnn33_hl60_all_cnn_ig_300;cnn33:motif_cnn33_hl60_all_cnn_ig_392;cnn53:motif_cnn53_hct116_all_cnn_ig_165;cnn53:motif_cnn53_hct116_all_cnn_ig_185;cnn53:motif_cnn53_hek293t_all_cnn_ig_375;cnn53:motif_cnn53_hek293t_all_cnn_ig_378;cnn53:motif_cnn53_hela_all_cnn_ig_058;cnn53:motif_cnn53_hela_all_cnn_ig_083;cnn53:motif_cnn53_hl60_all_cnn_ig_302;cnn53:motif_cnn53_hl60_all_cnn_ig_304;cnn73:motif_cnn73_hct116_all_cnn_ig_168;cnn73:motif_cnn73_hct116_all_cnn_ig_170;cnn73:motif_cnn73_hek293t_all_cnn_ig_367;cnn73:motif_cnn73_hela_all_cnn_ig_060;cnn73:motif_cnn73_hela_all_cnn_ig_062;cnn73:motif_cnn73_hl60_all_cnn_ig_305;cnn73:motif_cnn73_hl60_all_cnn_ig_307,1.0,ok,
motif_cnn73_hek293t_all_cnn_ig_367,cnn_kernel_variant,all|cnn_ig,24,3,cnn33;cnn53;cnn73,cnn33:motif_cnn33_hct116_all_cnn_ig_164;cnn33:motif_cnn33_hct116_all_cnn_ig_343;cnn33:motif_cnn33_hek293t_all_cnn_ig_362;cnn33:motif_cnn33_hek293t_all_cnn_ig_404;cnn33:motif_cnn33_hela_all_cnn_ig_134;cnn33:motif_cnn33_hela_all_cnn_ig_150;cnn33:motif_cnn33_hl60_all_cnn_ig_300;cnn33:motif_cnn33_hl60_all_cnn_ig_392;cnn53:motif_cnn53_hct116_all_cnn_ig_165;cnn53:motif_cnn53_hct116_all_cnn_ig_185;cnn53:motif_cnn53_hek293t_all_cnn_ig_375;cnn53:motif_cnn53_hek293t_all_cnn_ig_378;cnn53:motif_cnn53_hela_all_cnn_ig_058;cnn53:motif_cnn53_hela_all_cnn_ig_083;cnn53:motif_cnn53_hl60_all_cnn_ig_302;cnn53:motif_cnn53_hl60_all_cnn_ig_304;cnn73:motif_cnn73_hct116_all_cnn_ig_168;cnn73:motif_cnn73_hct116_all_cnn_ig_170;cnn73:motif_cnn73_hek293t_all_cnn_ig_365;cnn73:motif_cnn73_hela_all_cnn_ig_060;cnn73:motif_cnn73_hela_all_cnn_ig_062;cnn73:motif_cnn73_hl60_all_cnn_ig_305;cnn73:motif_cnn73_hl60_all_cnn_ig_307,1.0,ok,
motif_cnn33_hek293t_all_cnn_ig_369,cnn_kernel_variant,all|cnn_ig,24,3,cnn33;cnn53;cnn73,cnn33:motif_cnn33_hct116_all_cnn_ig_139;cnn33:motif_cnn33_hct116_all_cnn_ig_219;cnn33:motif_cnn33_hek293t_all_cnn_ig_373;cnn33:motif_cnn33_hela_all_cnn_ig_050;cnn33:motif_cnn33_hela_all_cnn_ig_055;cnn33:motif_cnn33_hl60_all_cnn_ig_431;cnn33:motif_cnn33_hl60_all_cnn_ig_434;cnn53:motif_cnn53_hct116_all_cnn_ig_142;cnn53:motif_cnn53_hct116_all_cnn_ig_154;cnn53:motif_cnn53_hek293t_all_cnn_ig_377;cnn53:motif_cnn53_hek293t_all_cnn_ig_395;cnn53:motif_cnn53_hela_all_cnn_ig_052;cnn53:motif_cnn53_hela_all_cnn_ig_064;cnn53:motif_cnn53_hl60_all_cnn_ig_435;cnn53:motif_cnn53_hl60_all_cnn_ig_452;cnn73:motif_cnn73_hct116_all_cnn_ig_143;cnn73:motif_cnn73_hct116_all_cnn_ig_145;cnn73:motif_cnn73_hek293t_all_cnn_ig_379;cnn73:motif_cnn73_hek293t_all_cnn_ig_381;cnn73:motif_cnn73_hela_all_cnn_ig_046;cnn73:motif_cnn73_hela_all_cnn_ig_048;cnn73:motif_cnn73_hl60_all_cnn_ig_437;cnn73:motif_cnn73_hl60_all_cnn_ig_439,1.0,ok,
motif_cnn33_hek293t_all_cnn_ig_373,cnn_kernel_variant,all|cnn_ig,24,3,cnn33;cnn53;cnn73,cnn33:motif_cnn33_hct116_all_cnn_ig_139;cnn33:motif_cnn33_hct116_all_cnn_ig_219;cnn33:motif_cnn33_hek293t_all_cnn_ig_369;cnn33:motif_cnn33_hela_all_cnn_ig_050;cnn33:motif_cnn33_hela_all_cnn_ig_055;cnn33:motif_cnn33_hl60_all_cnn_ig_431;cnn33:motif_cnn33_hl60_all_cnn_ig_434;cnn53:motif_cnn53_hct116_all_cnn_ig_142;cnn53:motif_cnn53_hct116_all_cnn_ig_154;cnn53:motif_cnn53_hek293t_all_cnn_ig_377;cnn53:motif_cnn53_hek293t_all_cnn_ig_395;cnn53:motif_cnn53_hela_all_cnn_ig_052;cnn53:motif_cnn53_hela_all_cnn_ig_064;cnn53:motif_cnn53_hl60_all_cnn_ig_435;cnn53:motif_cnn53_hl60_all_cnn_ig_452;cnn73:motif_cnn73_hct116_all_cnn_ig_143;cnn73:motif_cnn73_hct116_all_cnn_ig_145;cnn73:motif_cnn73_hek293t_all_cnn_ig_379;cnn73:motif_cnn73_hek293t_all_cnn_ig_381;cnn73:motif_cnn73_hela_all_cnn_ig_046;cnn73:motif_cnn73_hela_all_cnn_ig_048;cnn73:motif_cnn73_hl60_all_cnn_ig_437;cnn73:motif_cnn73_hl60_all_cnn_ig_439,1.0,ok,
motif_cnn53_hek293t_all_cnn_ig_375,cnn_kernel_variant,all|cnn_ig,24,3,cnn33;cnn53;cnn73,cnn33:motif_cnn33_hct116_all_cnn_ig_164;cnn33:motif_cnn33_hct116_all_cnn_ig_343;cnn33:motif_cnn33_hek293t_all_cnn_ig_362;cnn33:motif_cnn33_hek293t_all_cnn_ig_404;cnn33:motif_cnn33_hela_all_cnn_ig_134;cnn33:motif_cnn33_hela_all_cnn_ig_150;cnn33:motif_cnn33_hl60_all_cnn_ig_300;cnn33:motif_cnn33_hl60_all_cnn_ig_392;cnn53:motif_cnn53_hct116_all_cnn_ig_165;cnn53:motif_cnn53_hct116_all_cnn_ig_185;cnn53:motif_cnn53_hek293t_all_cnn_ig_378;cnn53:motif_cnn53_hela_all_cnn_ig_058;cnn53:motif_cnn53_hela_all_cnn_ig_083;cnn53:motif_cnn53_hl60_all_cnn_ig_302;cnn53:motif_cnn53_hl60_all_cnn_ig_304;cnn73:motif_cnn73_hct116_all_cnn_ig_168;cnn73:motif_cnn73_hct116_all_cnn_ig_170;cnn73:motif_cnn73_hek293t_all_cnn_ig_365;cnn73:motif_cnn73_hek293t_all_cnn_ig_367;cnn73:motif_cnn73_hela_all_cnn_ig_060;cnn73:motif_cnn73_hela_all_cnn_ig_062;cnn73:motif_cnn73_hl60_all_cnn_ig_305;cnn73:motif_cnn73_hl60_all_cnn_ig_307,1.0,ok,
motif_cnn53_hek293t_all_cnn_ig_377,cnn_kernel_variant,all|cnn_ig,24,3,cnn33;cnn53;cnn73,cnn33:motif_cnn33_hct116_all_cnn_ig_139;cnn33:motif_cnn33_hct116_all_cnn_ig_219;cnn33:motif_cnn33_hek293t_all_cnn_ig_369;cnn33:motif_cnn33_hek293t_all_cnn_ig_373;cnn33:motif_cnn33_hela_all_cnn_ig_050;cnn33:motif_cnn33_hela_all_cnn_ig_055;cnn33:motif_cnn33_hl60_all_cnn_ig_431;cnn33:motif_cnn33_hl60_all_cnn_ig_434;cnn53:motif_cnn53_hct116_all_cnn_ig_142;cnn53:motif_cnn53_hct116_all_cnn_ig_154;cnn53:motif_cnn53_hek293t_all_cnn_ig_395;cnn53:motif_cnn53_hela_all_cnn_ig_052;cnn53:motif_cnn53_hela_all_cnn_ig_064;cnn53:motif_cnn53_hl60_all_cnn_ig_435;cnn53:motif_cnn53_hl60_all_cnn_ig_452;cnn73:motif_cnn73_hct116_all_cnn_ig_143;cnn73:motif_cnn73_hct116_all_cnn_ig_145;cnn73:motif_cnn73_hek293t_all_cnn_ig_379;cnn73:motif_cnn73_hek293t_all_cnn_ig_381;cnn73:motif_cnn73_hela_all_cnn_ig_046;cnn73:motif_cnn73_hela_all_cnn_ig_048;cnn73:motif_cnn73_hl60_all_cnn_ig_437;cnn73:motif_cnn73_hl60_all_cnn_ig_439,1.0,ok,
motif_cnn53_hek293t_all_cnn_ig_378,cnn_kernel_variant,all|cnn_ig,24,3,cnn33;cnn53;cnn73,cnn33:motif_cnn33_hct116_all_cnn_ig_164;cnn33:motif_cnn33_hct116_all_cnn_ig_343;cnn33:motif_cnn33_hek293t_all_cnn_ig_362;cnn33:motif_cnn33_hek293t_all_cnn_ig_404;cnn33:motif_cnn33_hela_all_cnn_ig_134;cnn33:motif_cnn33_hela_all_cnn_ig_150;cnn33:motif_cnn33_hl60_all_cnn_ig_300;cnn33:motif_cnn33_hl60_all_cnn_ig_392;cnn53:motif_cnn53_hct116_all_cnn_ig_165;cnn53:motif_cnn53_hct116_all_cnn_ig_185;cnn53:motif_cnn53_hek293t_all_cnn_ig_375;cnn53:motif_cnn53_hela_all_cnn_ig_058;cnn53:motif_cnn53_hela_all_cnn_ig_083;cnn53:motif_cnn53_hl60_all_cnn_ig_302;cnn53:motif_cnn53_hl60_all_cnn_ig_304;cnn73:motif_cnn73_hct116_all_cnn_ig_168;cnn73:motif_cnn73_hct116_all_cnn_ig_170;cnn73:motif_cnn73_hek293t_all_cnn_ig_365;cnn73:motif_cnn73_hek293t_all_cnn_ig_367;cnn73:motif_cnn73_hela_all_cnn_ig_060;cnn73:motif_cnn73_hela_all_cnn_ig_062;cnn73:motif_cnn73_hl60_all_cnn_ig_305;cnn73:motif_cnn73_hl60_all_cnn_ig_307,1.0,ok,
motif_cnn73_hek293t_all_cnn_ig_379,cnn_kernel_variant,all|cnn_ig,24,3,cnn33;cnn53;cnn73,cnn33:motif_cnn33_hct116_all_cnn_ig_139;cnn33:motif_cnn33_hct116_all_cnn_ig_219;cnn33:motif_cnn33_hek293t_all_cnn_ig_369;cnn33:motif_cnn33_hek293t_all_cnn_ig_373;cnn33:motif_cnn33_hela_all_cnn_ig_050;cnn33:motif_cnn33_hela_all_cnn_ig_055;cnn33:motif_cnn33_hl60_all_cnn_ig_431;cnn33:motif_cnn33_hl60_all_cnn_ig_434;cnn53:motif_cnn53_hct116_all_cnn_ig_142;cnn53:motif_cnn53_hct116_all_cnn_ig_154;cnn53:motif_cnn53_hek293t_all_cnn_ig_377;cnn53:motif_cnn53_hek293t_all_cnn_ig_395;cnn53:motif_cnn53_hela_all_cnn_ig_052;cnn53:motif_cnn53_hela_all_cnn_ig_064;cnn53:motif_cnn53_hl60_all_cnn_ig_435;cnn53:motif_cnn53_hl60_all_cnn_ig_452;cnn73:motif_cnn73_hct116_all_cnn_ig_143;cnn73:motif_cnn73_hct116_all_cnn_ig_145;cnn73:motif_cnn73_hek293t_all_cnn_ig_381;cnn73:motif_cnn73_hela_all_cnn_ig_046;cnn73:motif_cnn73_hela_all_cnn_ig_048;cnn73:motif_cnn73_hl60_all_cnn_ig_437;cnn73:motif_cnn73_hl60_all_cnn_ig_439,1.0,ok,
motif_cnn73_hek293t_all_cnn_ig_381,cnn_kernel_variant,all|cnn_ig,24,3,cnn33;cnn53;cnn73,cnn33:motif_cnn33_hct116_all_cnn_ig_139;cnn33:motif_cnn33_hct116_all_cnn_ig_219;cnn33:motif_cnn33_hek293t_all_cnn_ig_369;cnn33:motif_cnn33_hek293t_all_cnn_ig_373;cnn33:motif_cnn33_hela_all_cnn_ig_050;cnn33:motif_cnn33_hela_all_cnn_ig_055;cnn33:motif_cnn33_hl60_all_cnn_ig_431;cnn33:motif_cnn33_hl60_all_cnn_ig_434;cnn53:motif_cnn53_hct116_all_cnn_ig_142;cnn53:motif_cnn53_hct116_all_cnn_ig_154;cnn53:motif_cnn53_hek293t_all_cnn_ig_377;cnn53:motif_cnn53_hek293t_all_cnn_ig_395;cnn53:motif_cnn53_hela_all_cnn_ig_052;cnn53:motif_cnn53_hela_all_cnn_ig_064;cnn53:motif_cnn53_hl60_all_cnn_ig_435;cnn53:motif_cnn53_hl60_all_cnn_ig_452;cnn73:motif_cnn73_hct116_all_cnn_ig_143;cnn73:motif_cnn73_hct116_all_cnn_ig_145;cnn73:motif_cnn73_hek293t_all_cnn_ig_379;cnn73:motif_cnn73_hela_all_cnn_ig_046;cnn73:motif_cnn73_hela_all_cnn_ig_048;cnn73:motif_cnn73_hl60_all_cnn_ig_437;cnn73:motif_cnn73_hl60_all_cnn_ig_439,1.0,ok,
motif_cnn33_hek293t_all_cnn_ig_384,cnn_kernel_variant,all|cnn_ig,6,3,cnn33;cnn53;cnn73,cnn33:motif_cnn33_hek293t_all_cnn_ig_486;cnn53:motif_cnn53_hek293t_all_cnn_ig_386;cnn53:motif_cnn53_hek293t_all_cnn_ig_409;cnn73:motif_cnn73_hek293t_all_cnn_ig_387;cnn73:motif_cnn73_hek293t_all_cnn_ig_389,1.0,ok,
motif_cnn53_hek293t_all_cnn_ig_386,cnn_kernel_variant,all|cnn_ig,6,3,cnn33;cnn53;cnn73,cnn33:motif_cnn33_hek293t_all_cnn_ig_384;cnn33:motif_cnn33_hek293t_all_cnn_ig_486;cnn53:motif_cnn53_hek293t_all_cnn_ig_409;cnn73:motif_cnn73_hek293t_all_cnn_ig_387;cnn73:motif_cnn73_hek293t_all_cnn_ig_389,1.0,ok,
motif_cnn73_hek293t_all_cnn_ig_387,cnn_kernel_variant,all|cnn_ig,6,3,cnn33;cnn53;cnn73,cnn33:motif_cnn33_hek293t_all_cnn_ig_384;cnn33:motif_cnn33_hek293t_all_cnn_ig_486;cnn53:motif_cnn53_hek293t_all_cnn_ig_386;cnn53:motif_cnn53_hek293t_all_cnn_ig_409;cnn73:motif_cnn73_hek293t_all_cnn_ig_389,1.0,ok,
motif_cnn73_hek293t_all_cnn_ig_389,cnn_kernel_variant,all|cnn_ig,6,3,cnn33;cnn53;cnn73,cnn33:motif_cnn33_hek293t_all_cnn_ig_384;cnn33:motif_cnn33_hek293t_all_cnn_ig_486;cnn53:motif_cnn53_hek293t_all_cnn_ig_386;cnn53:motif_cnn53_hek293t_all_cnn_ig_409;cnn73:motif_cnn73_hek293t_all_cnn_ig_387,1.0,ok,
motif_cnn33_hl60_all_cnn_ig_392,cnn_kernel_variant,all|cnn_ig,24,3,cnn33;cnn53;cnn73,cnn33:motif_cnn33_hct116_all_cnn_ig_164;cnn33:motif_cnn33_hct116_all_cnn_ig_343;cnn33:motif_cnn33_hek293t_all_cnn_ig_362;cnn33:motif_cnn33_hek293t_all_cnn_ig_404;cnn33:motif_cnn33_hela_all_cnn_ig_134;cnn33:motif_cnn33_hela_all_cnn_ig_150;cnn33:motif_cnn33_hl60_all_cnn_ig_300;cnn53:motif_cnn53_hct116_all_cnn_ig_165;cnn53:motif_cnn53_hct116_all_cnn_ig_185;cnn53:motif_cnn53_hek293t_all_cnn_ig_375;cnn53:motif_cnn53_hek293t_all_cnn_ig_378;cnn53:motif_cnn53_hela_all_cnn_ig_058;cnn53:motif_cnn53_hela_all_cnn_ig_083;cnn53:motif_cnn53_hl60_all_cnn_ig_302;cnn53:motif_cnn53_hl60_all_cnn_ig_304;cnn73:motif_cnn73_hct116_all_cnn_ig_168;cnn73:motif_cnn73_hct116_all_cnn_ig_170;cnn73:motif_cnn73_hek293t_all_cnn_ig_365;cnn73:motif_cnn73_hek293t_all_cnn_ig_367;cnn73:motif_cnn73_hela_all_cnn_ig_060;cnn73:motif_cnn73_hela_all_cnn_ig_062;cnn73:motif_cnn73_hl60_all_cnn_ig_305;cnn73:motif_cnn73_hl60_all_cnn_ig_307,1.0,ok,
motif_cnn53_hek293t_all_cnn_ig_395,cnn_kernel_variant,all|cnn_ig,24,3,cnn33;cnn53;cnn73,cnn33:motif_cnn33_hct116_all_cnn_ig_139;cnn33:motif_cnn33_hct116_all_cnn_ig_219;cnn33:motif_cnn33_hek293t_all_cnn_ig_369;cnn33:motif_cnn33_hek293t_all_cnn_ig_373;cnn33:motif_cnn33_hela_all_cnn_ig_050;cnn33:motif_cnn33_hela_all_cnn_ig_055;cnn33:motif_cnn33_hl60_all_cnn_ig_431;cnn33:motif_cnn33_hl60_all_cnn_ig_434;cnn53:motif_cnn53_hct116_all_cnn_ig_142;cnn53:motif_cnn53_hct116_all_cnn_ig_154;cnn53:motif_cnn53_hek293t_all_cnn_ig_377;cnn53:motif_cnn53_hela_all_cnn_ig_052;cnn53:motif_cnn53_hela_all_cnn_ig_064;cnn53:motif_cnn53_hl60_all_cnn_ig_435;cnn53:motif_cnn53_hl60_all_cnn_ig_452;cnn73:motif_cnn73_hct116_all_cnn_ig_143;cnn73:motif_cnn73_hct116_all_cnn_ig_145;cnn73:motif_cnn73_hek293t_all_cnn_ig_379;cnn73:motif_cnn73_hek293t_all_cnn_ig_381;cnn73:motif_cnn73_hela_all_cnn_ig_046;cnn73:motif_cnn73_hela_all_cnn_ig_048;cnn73:motif_cnn73_hl60_all_cnn_ig_437;cnn73:motif_cnn73_hl60_all_cnn_ig_439,1.0,ok,
motif_cnn53_hl60_all_cnn_ig_397,cnn_kernel_variant,all|cnn_ig,6,3,cnn53;cnn73,cnn53:motif_cnn53_hct116_all_cnn_ig_239;cnn53:motif_cnn53_hl60_all_cnn_ig_399;cnn73:motif_cnn73_hct116_all_cnn_ig_241;cnn73:motif_cnn73_hl60_all_cnn_ig_400;cnn73:motif_cnn73_hl60_all_cnn_ig_402,1.0,ok,
motif_cnn53_hl60_all_cnn_ig_399,cnn_kernel_variant,all|cnn_ig,6,3,cnn53;cnn73,cnn53:motif_cnn53_hct116_all_cnn_ig_239;cnn53:motif_cnn53_hl60_all_cnn_ig_397;cnn73:motif_cnn73_hct116_all_cnn_ig_241;cnn73:motif_cnn73_hl60_all_cnn_ig_400;cnn73:motif_cnn73_hl60_all_cnn_ig_402,1.0,ok,
motif_cnn73_hl60_all_cnn_ig_400,cnn_kernel_variant,all|cnn_ig,6,3,cnn53;cnn73,cnn53:motif_cnn53_hct116_all_cnn_ig_239;cnn53:motif_cnn53_hl60_all_cnn_ig_397;cnn53:motif_cnn53_hl60_all_cnn_ig_399;cnn73:motif_cnn73_hct116_all_cnn_ig_241;cnn73:motif_cnn73_hl60_all_cnn_ig_402,1.0,ok,
motif_cnn73_hl60_all_cnn_ig_402,cnn_kernel_variant,all|cnn_ig,6,3,cnn53;cnn73,cnn53:motif_cnn53_hct116_all_cnn_ig_239;cnn53:motif_cnn53_hl60_all_cnn_ig_397;cnn53:motif_cnn53_hl60_all_cnn_ig_399;cnn73:motif_cnn73_hct116_all_cnn_ig_241;cnn73:motif_cnn73_hl60_all_cnn_ig_400,1.0,ok,
motif_cnn33_hek293t_all_cnn_ig_404,cnn_kernel_variant,all|cnn_ig,24,3,cnn33;cnn53;cnn73,cnn33:motif_cnn33_hct116_all_cnn_ig_164;cnn33:motif_cnn33_hct116_all_cnn_ig_343;cnn33:motif_cnn33_hek293t_all_cnn_ig_362;cnn33:motif_cnn33_hela_all_cnn_ig_134;cnn33:motif_cnn33_hela_all_cnn_ig_150;cnn33:motif_cnn33_hl60_all_cnn_ig_300;cnn33:motif_cnn33_hl60_all_cnn_ig_392;cnn53:motif_cnn53_hct116_all_cnn_ig_165;cnn53:motif_cnn53_hct116_all_cnn_ig_185;cnn53:motif_cnn53_hek293t_all_cnn_ig_375;cnn53:motif_cnn53_hek293t_all_cnn_ig_378;cnn53:motif_cnn53_hela_all_cnn_ig_058;cnn53:motif_cnn53_hela_all_cnn_ig_083;cnn53:motif_cnn53_hl60_all_cnn_ig_302;cnn53:motif_cnn53_hl60_all_cnn_ig_304;cnn73:motif_cnn73_hct116_all_cnn_ig_168;cnn73:motif_cnn73_hct116_all_cnn_ig_170;cnn73:motif_cnn73_hek293t_all_cnn_ig_365;cnn73:motif_cnn73_hek293t_all_cnn_ig_367;cnn73:motif_cnn73_hela_all_cnn_ig_060;cnn73:motif_cnn73_hela_all_cnn_ig_062;cnn73:motif_cnn73_hl60_all_cnn_ig_305;cnn73:motif_cnn73_hl60_all_cnn_ig_307,1.0,ok,
motif_cnn53_hek293t_all_cnn_ig_409,cnn_kernel_variant,all|cnn_ig,6,3,cnn33;cnn53;cnn73,cnn33:motif_cnn33_hek293t_all_cnn_ig_384;cnn33:motif_cnn33_hek293t_all_cnn_ig_486;cnn53:motif_cnn53_hek293t_all_cnn_ig_386;cnn73:motif_cnn73_hek293t_all_cnn_ig_387;cnn73:motif_cnn73_hek293t_all_cnn_ig_389,1.0,ok,
motif_cnn33_hct116_all_cnn_ig_411,cnn_kernel_variant,all|cnn_ig,1,3,cnn33,,1.0,ok,
motif_cnn33_hct116_all_cnn_ig_412,cnn_kernel_variant,all|cnn_ig,6,3,cnn33;cnn53,cnn33:motif_cnn33_hela_all_cnn_ig_175;cnn33:motif_cnn33_hela_all_cnn_ig_181;cnn33:motif_cnn33_hl60_all_cnn_ig_460;cnn33:motif_cnn33_hl60_all_cnn_ig_461;cnn53:motif_cnn53_hela_all_cnn_ig_163,1.0,ok,
motif_cnn53_hl60_all_cnn_ig_415,cnn_kernel_variant,all|cnn_ig,24,3,cnn33;cnn53;cnn73,cnn33:motif_cnn33_hct116_all_cnn_ig_127;cnn33:motif_cnn33_hct116_all_cnn_ig_179;cnn33:motif_cnn33_hek293t_all_cnn_ig_260;cnn33:motif_cnn33_hek293t_all_cnn_ig_262;cnn33:motif_cnn33_hela_all_cnn_ig_032;cnn33:motif_cnn33_hela_all_cnn_ig_034;cnn33:motif_cnn33_hl60_all_cnn_ig_334;cnn33:motif_cnn33_hl60_all_cnn_ig_336;cnn53:motif_cnn53_hct116_all_cnn_ig_148;cnn53:motif_cnn53_hct116_all_cnn_ig_149;cnn53:motif_cnn53_hek293t_all_cnn_ig_272;cnn53:motif_cnn53_hek293t_all_cnn_ig_299;cnn53:motif_cnn53_hela_all_cnn_ig_035;cnn53:motif_cnn53_hela_all_cnn_ig_043;cnn53:motif_cnn53_hl60_all_cnn_ig_337;cnn73:motif_cnn73_hct116_all_cnn_ig_130;cnn73:motif_cnn73_hct116_all_cnn_ig_132;cnn73:motif_cnn73_hek293t_all_cnn_ig_265;cnn73:motif_cnn73_hek293t_all_cnn_ig_267;cnn73:motif_cnn73_hela_all_cnn_ig_037;cnn73:motif_cnn73_hela_all_cnn_ig_039;cnn73:motif_cnn73_hl60_all_cnn_ig_339;cnn73:motif_cnn73_hl60_all_cnn_ig_341,1.0,ok,
motif_cnn33_hl60_all_cnn_ig_418,cnn_kernel_variant,all|cnn_ig,24,3,cnn33;cnn53;cnn73,cnn33:motif_cnn33_hct116_all_cnn_ig_110;cnn33:motif_cnn33_hct116_all_cnn_ig_259;cnn33:motif_cnn33_hek293t_all_cnn_ig_291;cnn33:motif_cnn33_hek293t_all_cnn_ig_347;cnn33:motif_cnn33_hela_all_cnn_ig_070;cnn33:motif_cnn33_hela_all_cnn_ig_109;cnn33:motif_cnn33_hl60_all_cnn_ig_274;cnn53:motif_cnn53_hct116_all_cnn_ig_111;cnn53:motif_cnn53_hct116_all_cnn_ig_155;cnn53:motif_cnn53_hek293t_all_cnn_ig_298;cnn53:motif_cnn53_hek293t_all_cnn_ig_355;cnn53:motif_cnn53_hela_all_cnn_ig_026;cnn53:motif_cnn53_hela_all_cnn_ig_069;cnn53:motif_cnn53_hl60_all_cnn_ig_277;cnn53:motif_cnn53_hl60_all_cnn_ig_279;cnn73:motif_cnn73_hct116_all_cnn_ig_114;cnn73:motif_cnn73_hct116_all_cnn_ig_116;cnn73:motif_cnn73_hek293t_all_cnn_ig_294;cnn73:motif_cnn73_hek293t_all_cnn_ig_296;cnn73:motif_cnn73_hela_all_cnn_ig_028;cnn73:motif_cnn73_hela_all_cnn_ig_030;cnn73:motif_cnn73_hl60_all_cnn_ig_280;cnn73:motif_cnn73_hl60_all_cnn_ig_283,1.0,ok,
motif_cnn33_hl60_all_cnn_ig_421,cnn_kernel_variant,all|cnn_ig,12,3,cnn33;cnn53;cnn73,cnn33:motif_cnn33_hek293t_all_cnn_ig_322;cnn33:motif_cnn33_hek293t_all_cnn_ig_324;cnn33:motif_cnn33_hl60_all_cnn_ig_423;cnn53:motif_cnn53_hek293t_all_cnn_ig_326;cnn53:motif_cnn53_hek293t_all_cnn_ig_328;cnn53:motif_cnn53_hl60_all_cnn_ig_424;cnn53:motif_cnn53_hl60_all_cnn_ig_441;cnn73:motif_cnn73_hek293t_all_cnn_ig_329;cnn73:motif_cnn73_hek293t_all_cnn_ig_331;cnn73:motif_cnn73_hl60_all_cnn_ig_426;cnn73:motif_cnn73_hl60_all_cnn_ig_428,1.0,ok,
motif_cnn33_hl60_all_cnn_ig_423,cnn_kernel_variant,all|cnn_ig,12,3,cnn33;cnn53;cnn73,cnn33:motif_cnn33_hek293t_all_cnn_ig_322;cnn33:motif_cnn33_hek293t_all_cnn_ig_324;cnn33:motif_cnn33_hl60_all_cnn_ig_421;cnn53:motif_cnn53_hek293t_all_cnn_ig_326;cnn53:motif_cnn53_hek293t_all_cnn_ig_328;cnn53:motif_cnn53_hl60_all_cnn_ig_424;cnn53:motif_cnn53_hl60_all_cnn_ig_441;cnn73:motif_cnn73_hek293t_all_cnn_ig_329;cnn73:motif_cnn73_hek293t_all_cnn_ig_331;cnn73:motif_cnn73_hl60_all_cnn_ig_426;cnn73:motif_cnn73_hl60_all_cnn_ig_428,1.0,ok,
motif_cnn53_hl60_all_cnn_ig_424,cnn_kernel_variant,all|cnn_ig,12,3,cnn33;cnn53;cnn73,cnn33:motif_cnn33_hek293t_all_cnn_ig_322;cnn33:motif_cnn33_hek293t_all_cnn_ig_324;cnn33:motif_cnn33_hl60_all_cnn_ig_421;cnn33:motif_cnn33_hl60_all_cnn_ig_423;cnn53:motif_cnn53_hek293t_all_cnn_ig_326;cnn53:motif_cnn53_hek293t_all_cnn_ig_328;cnn53:motif_cnn53_hl60_all_cnn_ig_441;cnn73:motif_cnn73_hek293t_all_cnn_ig_329;cnn73:motif_cnn73_hek293t_all_cnn_ig_331;cnn73:motif_cnn73_hl60_all_cnn_ig_426;cnn73:motif_cnn73_hl60_all_cnn_ig_428,1.0,ok,
motif_cnn73_hl60_all_cnn_ig_426,cnn_kernel_variant,all|cnn_ig,12,3,cnn33;cnn53;cnn73,cnn33:motif_cnn33_hek293t_all_cnn_ig_322;cnn33:motif_cnn33_hek293t_all_cnn_ig_324;cnn33:motif_cnn33_hl60_all_cnn_ig_421;cnn33:motif_cnn33_hl60_all_cnn_ig_423;cnn53:motif_cnn53_hek293t_all_cnn_ig_326;cnn53:motif_cnn53_hek293t_all_cnn_ig_328;cnn53:motif_cnn53_hl60_all_cnn_ig_424;cnn53:motif_cnn53_hl60_all_cnn_ig_441;cnn73:motif_cnn73_hek293t_all_cnn_ig_329;cnn73:motif_cnn73_hek293t_all_cnn_ig_331;cnn73:motif_cnn73_hl60_all_cnn_ig_428,1.0,ok,
motif_cnn73_hl60_all_cnn_ig_428,cnn_kernel_variant,all|cnn_ig,12,3,cnn33;cnn53;cnn73,cnn33:motif_cnn33_hek293t_all_cnn_ig_322;cnn33:motif_cnn33_hek293t_all_cnn_ig_324;cnn33:motif_cnn33_hl60_all_cnn_ig_421;cnn33:motif_cnn33_hl60_all_cnn_ig_423;cnn53:motif_cnn53_hek293t_all_cnn_ig_326;cnn53:motif_cnn53_hek293t_all_cnn_ig_328;cnn53:motif_cnn53_hl60_all_cnn_ig_424;cnn53:motif_cnn53_hl60_all_cnn_ig_441;cnn73:motif_cnn73_hek293t_all_cnn_ig_329;cnn73:motif_cnn73_hek293t_all_cnn_ig_331;cnn73:motif_cnn73_hl60_all_cnn_ig_426,1.0,ok,
motif_cnn33_hl60_all_cnn_ig_431,cnn_kernel_variant,all|cnn_ig,24,3,cnn33;cnn53;cnn73,cnn33:motif_cnn33_hct116_all_cnn_ig_139;cnn33:motif_cnn33_hct116_all_cnn_ig_219;cnn33:motif_cnn33_hek293t_all_cnn_ig_369;cnn33:motif_cnn33_hek293t_all_cnn_ig_373;cnn33:motif_cnn33_hela_all_cnn_ig_050;cnn33:motif_cnn33_hela_all_cnn_ig_055;cnn33:motif_cnn33_hl60_all_cnn_ig_434;cnn53:motif_cnn53_hct116_all_cnn_ig_142;cnn53:motif_cnn53_hct116_all_cnn_ig_154;cnn53:motif_cnn53_hek293t_all_cnn_ig_377;cnn53:motif_cnn53_hek293t_all_cnn_ig_395;cnn53:motif_cnn53_hela_all_cnn_ig_052;cnn53:motif_cnn53_hela_all_cnn_ig_064;cnn53:motif_cnn53_hl60_all_cnn_ig_435;cnn53:motif_cnn53_hl60_all_cnn_ig_452;cnn73:motif_cnn73_hct116_all_cnn_ig_143;cnn73:motif_cnn73_hct116_all_cnn_ig_145;cnn73:motif_cnn73_hek293t_all_cnn_ig_379;cnn73:motif_cnn73_hek293t_all_cnn_ig_381;cnn73:motif_cnn73_hela_all_cnn_ig_046;cnn73:motif_cnn73_hela_all_cnn_ig_048;cnn73:motif_cnn73_hl60_all_cnn_ig_437;cnn73:motif_cnn73_hl60_all_cnn_ig_439,1.0,ok,
motif_cnn33_hl60_all_cnn_ig_434,cnn_kernel_variant,all|cnn_ig,24,3,cnn33;cnn53;cnn73,cnn33:motif_cnn33_hct116_all_cnn_ig_139;cnn33:motif_cnn33_hct116_all_cnn_ig_219;cnn33:motif_cnn33_hek293t_all_cnn_ig_369;cnn33:motif_cnn33_hek293t_all_cnn_ig_373;cnn33:motif_cnn33_hela_all_cnn_ig_050;cnn33:motif_cnn33_hela_all_cnn_ig_055;cnn33:motif_cnn33_hl60_all_cnn_ig_431;cnn53:motif_cnn53_hct116_all_cnn_ig_142;cnn53:motif_cnn53_hct116_all_cnn_ig_154;cnn53:motif_cnn53_hek293t_all_cnn_ig_377;cnn53:motif_cnn53_hek293t_all_cnn_ig_395;cnn53:motif_cnn53_hela_all_cnn_ig_052;cnn53:motif_cnn53_hela_all_cnn_ig_064;cnn53:motif_cnn53_hl60_all_cnn_ig_435;cnn53:motif_cnn53_hl60_all_cnn_ig_452;cnn73:motif_cnn73_hct116_all_cnn_ig_143;cnn73:motif_cnn73_hct116_all_cnn_ig_145;cnn73:motif_cnn73_hek293t_all_cnn_ig_379;cnn73:motif_cnn73_hek293t_all_cnn_ig_381;cnn73:motif_cnn73_hela_all_cnn_ig_046;cnn73:motif_cnn73_hela_all_cnn_ig_048;cnn73:motif_cnn73_hl60_all_cnn_ig_437;cnn73:motif_cnn73_hl60_all_cnn_ig_439,1.0,ok,
motif_cnn53_hl60_all_cnn_ig_435,cnn_kernel_variant,all|cnn_ig,24,3,cnn33;cnn53;cnn73,cnn33:motif_cnn33_hct116_all_cnn_ig_139;cnn33:motif_cnn33_hct116_all_cnn_ig_219;cnn33:motif_cnn33_hek293t_all_cnn_ig_369;cnn33:motif_cnn33_hek293t_all_cnn_ig_373;cnn33:motif_cnn33_hela_all_cnn_ig_050;cnn33:motif_cnn33_hela_all_cnn_ig_055;cnn33:motif_cnn33_hl60_all_cnn_ig_431;cnn33:motif_cnn33_hl60_all_cnn_ig_434;cnn53:motif_cnn53_hct116_all_cnn_ig_142;cnn53:motif_cnn53_hct116_all_cnn_ig_154;cnn53:motif_cnn53_hek293t_all_cnn_ig_377;cnn53:motif_cnn53_hek293t_all_cnn_ig_395;cnn53:motif_cnn53_hela_all_cnn_ig_052;cnn53:motif_cnn53_hela_all_cnn_ig_064;cnn53:motif_cnn53_hl60_all_cnn_ig_452;cnn73:motif_cnn73_hct116_all_cnn_ig_143;cnn73:motif_cnn73_hct116_all_cnn_ig_145;cnn73:motif_cnn73_hek293t_all_cnn_ig_379;cnn73:motif_cnn73_hek293t_all_cnn_ig_381;cnn73:motif_cnn73_hela_all_cnn_ig_046;cnn73:motif_cnn73_hela_all_cnn_ig_048;cnn73:motif_cnn73_hl60_all_cnn_ig_437;cnn73:motif_cnn73_hl60_all_cnn_ig_439,1.0,ok,
motif_cnn73_hl60_all_cnn_ig_437,cnn_kernel_variant,all|cnn_ig,24,3,cnn33;cnn53;cnn73,cnn33:motif_cnn33_hct116_all_cnn_ig_139;cnn33:motif_cnn33_hct116_all_cnn_ig_219;cnn33:motif_cnn33_hek293t_all_cnn_ig_369;cnn33:motif_cnn33_hek293t_all_cnn_ig_373;cnn33:motif_cnn33_hela_all_cnn_ig_050;cnn33:motif_cnn33_hela_all_cnn_ig_055;cnn33:motif_cnn33_hl60_all_cnn_ig_431;cnn33:motif_cnn33_hl60_all_cnn_ig_434;cnn53:motif_cnn53_hct116_all_cnn_ig_142;cnn53:motif_cnn53_hct116_all_cnn_ig_154;cnn53:motif_cnn53_hek293t_all_cnn_ig_377;cnn53:motif_cnn53_hek293t_all_cnn_ig_395;cnn53:motif_cnn53_hela_all_cnn_ig_052;cnn53:motif_cnn53_hela_all_cnn_ig_064;cnn53:motif_cnn53_hl60_all_cnn_ig_435;cnn53:motif_cnn53_hl60_all_cnn_ig_452;cnn73:motif_cnn73_hct116_all_cnn_ig_143;cnn73:motif_cnn73_hct116_all_cnn_ig_145;cnn73:motif_cnn73_hek293t_all_cnn_ig_379;cnn73:motif_cnn73_hek293t_all_cnn_ig_381;cnn73:motif_cnn73_hela_all_cnn_ig_046;cnn73:motif_cnn73_hela_all_cnn_ig_048;cnn73:motif_cnn73_hl60_all_cnn_ig_439,1.0,ok,
motif_cnn73_hl60_all_cnn_ig_439,cnn_kernel_variant,all|cnn_ig,24,3,cnn33;cnn53;cnn73,cnn33:motif_cnn33_hct116_all_cnn_ig_139;cnn33:motif_cnn33_hct116_all_cnn_ig_219;cnn33:motif_cnn33_hek293t_all_cnn_ig_369;cnn33:motif_cnn33_hek293t_all_cnn_ig_373;cnn33:motif_cnn33_hela_all_cnn_ig_050;cnn33:motif_cnn33_hela_all_cnn_ig_055;cnn33:motif_cnn33_hl60_all_cnn_ig_431;cnn33:motif_cnn33_hl60_all_cnn_ig_434;cnn53:motif_cnn53_hct116_all_cnn_ig_142;cnn53:motif_cnn53_hct116_all_cnn_ig_154;cnn53:motif_cnn53_hek293t_all_cnn_ig_377;cnn53:motif_cnn53_hek293t_all_cnn_ig_395;cnn53:motif_cnn53_hela_all_cnn_ig_052;cnn53:motif_cnn53_hela_all_cnn_ig_064;cnn53:motif_cnn53_hl60_all_cnn_ig_435;cnn53:motif_cnn53_hl60_all_cnn_ig_452;cnn73:motif_cnn73_hct116_all_cnn_ig_143;cnn73:motif_cnn73_hct116_all_cnn_ig_145;cnn73:motif_cnn73_hek293t_all_cnn_ig_379;cnn73:motif_cnn73_hek293t_all_cnn_ig_381;cnn73:motif_cnn73_hela_all_cnn_ig_046;cnn73:motif_cnn73_hela_all_cnn_ig_048;cnn73:motif_cnn73_hl60_all_cnn_ig_437,1.0,ok,
motif_cnn53_hl60_all_cnn_ig_441,cnn_kernel_variant,all|cnn_ig,12,3,cnn33;cnn53;cnn73,cnn33:motif_cnn33_hek293t_all_cnn_ig_322;cnn33:motif_cnn33_hek293t_all_cnn_ig_324;cnn33:motif_cnn33_hl60_all_cnn_ig_421;cnn33:motif_cnn33_hl60_all_cnn_ig_423;cnn53:motif_cnn53_hek293t_all_cnn_ig_326;cnn53:motif_cnn53_hek293t_all_cnn_ig_328;cnn53:motif_cnn53_hl60_all_cnn_ig_424;cnn73:motif_cnn73_hek293t_all_cnn_ig_329;cnn73:motif_cnn73_hek293t_all_cnn_ig_331;cnn73:motif_cnn73_hl60_all_cnn_ig_426;cnn73:motif_cnn73_hl60_all_cnn_ig_428,1.0,ok,
motif_cnn53_hl60_all_cnn_ig_452,cnn_kernel_variant,all|cnn_ig,24,3,cnn33;cnn53;cnn73,cnn33:motif_cnn33_hct116_all_cnn_ig_139;cnn33:motif_cnn33_hct116_all_cnn_ig_219;cnn33:motif_cnn33_hek293t_all_cnn_ig_369;cnn33:motif_cnn33_hek293t_all_cnn_ig_373;cnn33:motif_cnn33_hela_all_cnn_ig_050;cnn33:motif_cnn33_hela_all_cnn_ig_055;cnn33:motif_cnn33_hl60_all_cnn_ig_431;cnn33:motif_cnn33_hl60_all_cnn_ig_434;cnn53:motif_cnn53_hct116_all_cnn_ig_142;cnn53:motif_cnn53_hct116_all_cnn_ig_154;cnn53:motif_cnn53_hek293t_all_cnn_ig_377;cnn53:motif_cnn53_hek293t_all_cnn_ig_395;cnn53:motif_cnn53_hela_all_cnn_ig_052;cnn53:motif_cnn53_hela_all_cnn_ig_064;cnn53:motif_cnn53_hl60_all_cnn_ig_435;cnn73:motif_cnn73_hct116_all_cnn_ig_143;cnn73:motif_cnn73_hct116_all_cnn_ig_145;cnn73:motif_cnn73_hek293t_all_cnn_ig_379;cnn73:motif_cnn73_hek293t_all_cnn_ig_381;cnn73:motif_cnn73_hela_all_cnn_ig_046;cnn73:motif_cnn73_hela_all_cnn_ig_048;cnn73:motif_cnn73_hl60_all_cnn_ig_437;cnn73:motif_cnn73_hl60_all_cnn_ig_439,1.0,ok,
motif_cnn33_hl60_all_cnn_ig_460,cnn_kernel_variant,all|cnn_ig,6,3,cnn33;cnn53,cnn33:motif_cnn33_hct116_all_cnn_ig_412;cnn33:motif_cnn33_hela_all_cnn_ig_175;cnn33:motif_cnn33_hela_all_cnn_ig_181;cnn33:motif_cnn33_hl60_all_cnn_ig_461;cnn53:motif_cnn53_hela_all_cnn_ig_163,1.0,ok,
motif_cnn33_hl60_all_cnn_ig_461,cnn_kernel_variant,all|cnn_ig,6,3,cnn33;cnn53,cnn33:motif_cnn33_hct116_all_cnn_ig_412;cnn33:motif_cnn33_hela_all_cnn_ig_175;cnn33:motif_cnn33_hela_all_cnn_ig_181;cnn33:motif_cnn33_hl60_all_cnn_ig_460;cnn53:motif_cnn53_hela_all_cnn_ig_163,1.0,ok,
motif_cnn33_hek293t_all_cnn_ig_486,cnn_kernel_variant,all|cnn_ig,6,3,cnn33;cnn53;cnn73,cnn33:motif_cnn33_hek293t_all_cnn_ig_384;cnn53:motif_cnn53_hek293t_all_cnn_ig_386;cnn53:motif_cnn53_hek293t_all_cnn_ig_409;cnn73:motif_cnn73_hek293t_all_cnn_ig_387;cnn73:motif_cnn73_hek293t_all_cnn_ig_389,1.0,ok,
motif_cnn33_hela_all_cnn_ism_008,cnn_kernel_variant,all|cnn_ism,4,3,cnn33;cnn53;cnn73,cnn53:motif_cnn53_hek293t_all_cnn_ism_573;cnn53:motif_cnn53_hl60_all_cnn_ism_407;cnn73:motif_cnn73_hl60_all_cnn_ism_358,1.0,ok,
motif_cnn33_hela_all_cnn_ism_023,cnn_kernel_variant,all|cnn_ism,2,3,cnn33;cnn73,cnn73:motif_cnn73_hl60_all_cnn_ism_478,1.0,ok,
motif_cnn33_hela_all_cnn_ism_041,cnn_kernel_variant,all|cnn_ism,3,3,cnn33;cnn53;cnn73,cnn53:motif_cnn53_hl60_all_cnn_ism_506;cnn73:motif_cnn73_hl60_all_cnn_ism_514,1.0,ok,
motif_cnn33_hela_all_cnn_ism_053,cnn_kernel_variant,all|cnn_ism,5,3,cnn33;cnn53;cnn73,cnn33:motif_cnn33_hct116_all_cnn_ism_153;cnn53:motif_cnn53_hek293t_all_cnn_ism_634;cnn53:motif_cnn53_hl60_all_cnn_ism_476;cnn73:motif_cnn73_hl60_all_cnn_ism_477,1.0,ok,
motif_cnn33_hela_all_cnn_ism_056,cnn_kernel_variant,all|cnn_ism,3,3,cnn33;cnn53;cnn73,cnn53:motif_cnn53_hl60_all_cnn_ism_501;cnn73:motif_cnn73_hl60_all_cnn_ism_360,1.0,ok,
motif_cnn33_hela_all_cnn_ism_071,cnn_kernel_variant,all|cnn_ism,5,3,cnn33;cnn53;cnn73,cnn33:motif_cnn33_hct116_all_cnn_ism_184;cnn53:motif_cnn53_hek293t_all_cnn_ism_618;cnn53:motif_cnn53_hl60_all_cnn_ism_417;cnn73:motif_cnn73_hl60_all_cnn_ism_459,1.0,ok,
motif_cnn33_hct116_all_cnn_ism_153,cnn_kernel_variant,all|cnn_ism,5,3,cnn33;cnn53;cnn73,cnn33:motif_cnn33_hela_all_cnn_ism_053;cnn53:motif_cnn53_hek293t_all_cnn_ism_634;cnn53:motif_cnn53_hl60_all_cnn_ism_476;cnn73:motif_cnn73_hl60_all_cnn_ism_477,1.0,ok,
motif_cnn33_hela_all_cnn_ism_159,cnn_kernel_variant,all|cnn_ism,4,3,cnn33,cnn33:motif_cnn33_hct116_all_cnn_ism_285;cnn33:motif_cnn33_hct116_all_cnn_ism_288;cnn33:motif_cnn33_hela_all_cnn_ism_160,1.0,ok,
motif_cnn33_hela_all_cnn_ism_160,cnn_kernel_variant,all|cnn_ism,6,3,cnn33,cnn33:motif_cnn33_hct116_all_cnn_ism_285;cnn33:motif_cnn33_hct116_all_cnn_ism_288;cnn33:motif_cnn33_hct116_all_cnn_ism_309;cnn33:motif_cnn33_hct116_all_cnn_ism_354;cnn33:motif_cnn33_hela_all_cnn_ism_159,1.0,ok,
motif_cnn33_hct116_all_cnn_ism_184,cnn_kernel_variant,all|cnn_ism,5,3,cnn33;cnn53;cnn73,cnn33:motif_cnn33_hela_all_cnn_ism_071;cnn53:motif_cnn53_hek293t_all_cnn_ism_618;cnn53:motif_cnn53_hl60_all_cnn_ism_417;cnn73:motif_cnn73_hl60_all_cnn_ism_459,1.0,ok,
motif_cnn53_hela_all_cnn_ism_220,cnn_kernel_variant,all|cnn_ism,2,3,cnn33;cnn53,cnn33:motif_cnn33_hct116_all_cnn_ism_447,1.0,ok,
motif_cnn33_hela_all_cnn_ism_246,cnn_kernel_variant,all|cnn_ism,2,3,cnn33;cnn73,cnn73:motif_cnn73_hct116_all_cnn_ism_535,1.0,ok,
motif_cnn33_hct116_all_cnn_ism_285,cnn_kernel_variant,all|cnn_ism,6,3,cnn33,cnn33:motif_cnn33_hct116_all_cnn_ism_288;cnn33:motif_cnn33_hct116_all_cnn_ism_309;cnn33:motif_cnn33_hct116_all_cnn_ism_354;cnn33:motif_cnn33_hela_all_cnn_ism_159;cnn33:motif_cnn33_hela_all_cnn_ism_160,1.0,ok,
motif_cnn33_hct116_all_cnn_ism_288,cnn_kernel_variant,all|cnn_ism,4,3,cnn33,cnn33:motif_cnn33_hct116_all_cnn_ism_285;cnn33:motif_cnn33_hela_all_cnn_ism_159;cnn33:motif_cnn33_hela_all_cnn_ism_160,1.0,ok,
motif_cnn33_hct116_all_cnn_ism_309,cnn_kernel_variant,all|cnn_ism,6,3,cnn33,cnn33:motif_cnn33_hct116_all_cnn_ism_285;cnn33:motif_cnn33_hct116_all_cnn_ism_353;cnn33:motif_cnn33_hct116_all_cnn_ism_354;cnn33:motif_cnn33_hela_all_cnn_ism_160;cnn33:motif_cnn33_hl60_all_cnn_ism_628,1.0,ok,
motif_cnn33_hct116_all_cnn_ism_352,cnn_kernel_variant,all|cnn_ism,2,3,cnn33;cnn53,cnn53:motif_cnn53_hl60_all_cnn_ism_526,1.0,ok,
motif_cnn33_hct116_all_cnn_ism_353,cnn_kernel_variant,all|cnn_ism,5,3,cnn33;cnn73,cnn33:motif_cnn33_hct116_all_cnn_ism_309;cnn33:motif_cnn33_hela_all_cnn_ism_483;cnn33:motif_cnn33_hl60_all_cnn_ism_628;cnn73:motif_cnn73_hela_all_cnn_ism_485,1.0,ok,
motif_cnn33_hct116_all_cnn_ism_354,cnn_kernel_variant,all|cnn_ism,4,3,cnn33,cnn33:motif_cnn33_hct116_all_cnn_ism_285;cnn33:motif_cnn33_hct116_all_cnn_ism_309;cnn33:motif_cnn33_hela_all_cnn_ism_160,1.0,ok,
motif_cnn73_hl60_all_cnn_ism_358,cnn_kernel_variant,all|cnn_ism,4,3,cnn33;cnn53;cnn73,cnn33:motif_cnn33_hela_all_cnn_ism_008;cnn53:motif_cnn53_hek293t_all_cnn_ism_573;cnn53:motif_cnn53_hl60_all_cnn_ism_407,1.0,ok,
motif_cnn73_hl60_all_cnn_ism_360,cnn_kernel_variant,all|cnn_ism,3,3,cnn33;cnn53;cnn73,cnn33:motif_cnn33_hela_all_cnn_ism_056;cnn53:motif_cnn53_hl60_all_cnn_ism_501,1.0,ok,
motif_cnn33_hct116_all_cnn_ism_371,cnn_kernel_variant,all|cnn_ism,1,3,cnn33,,1.0,ok,
motif_cnn53_hl60_all_cnn_ism_407,cnn_kernel_variant,all|cnn_ism,4,3,cnn33;cnn53;cnn73,cnn33:motif_cnn33_hela_all_cnn_ism_008;cnn53:motif_cnn53_hek293t_all_cnn_ism_573;cnn73:motif_cnn73_hl60_all_cnn_ism_358,1.0,ok,
motif_cnn33_hct116_all_cnn_ism_413,cnn_kernel_variant,all|cnn_ism,1,3,cnn33,,1.0,ok,
motif_cnn53_hela_all_cnn_ism_414,cnn_kernel_variant,all|cnn_ism,1,3,cnn53,,1.0,ok,
motif_cnn53_hl60_all_cnn_ism_417,cnn_kernel_variant,all|cnn_ism,5,3,cnn33;cnn53;cnn73,cnn33:motif_cnn33_hct116_all_cnn_ism_184;cnn33:motif_cnn33_hela_all_cnn_ism_071;cnn53:motif_cnn53_hek293t_all_cnn_ism_618;cnn73:motif_cnn73_hl60_all_cnn_ism_459,1.0,ok,
motif_cnn33_hela_all_cnn_ism_420,cnn_kernel_variant,all|cnn_ism,2,3,cnn33;cnn73,cnn73:motif_cnn73_hct116_all_cnn_ism_586,1.0,ok,
motif_cnn33_hct116_all_cnn_ism_433,cnn_kernel_variant,all|cnn_ism,4,3,cnn33,cnn33:motif_cnn33_hek293t_all_cnn_ism_548;cnn33:motif_cnn33_hl60_all_cnn_ism_556;cnn33:motif_cnn33_hl60_all_cnn_ism_575,1.0,ok,
motif_cnn53_hela_all_cnn_ism_444,cnn_kernel_variant,all|cnn_ism,1,3,cnn53,,1.0,ok,
motif_cnn33_hct116_all_cnn_ism_447,cnn_kernel_variant,all|cnn_ism,2,3,cnn33;cnn53,cnn53:motif_cnn53_hela_all_cnn_ism_220,1.0,ok,
motif_cnn73_hl60_all_cnn_ism_450,cnn_kernel_variant,all|cnn_ism,2,3,cnn53;cnn73,cnn53:motif_cnn53_hl60_all_cnn_ism_505,1.0,ok,
motif_cnn73_hela_all_cnn_ism_453,cnn_kernel_variant,all|cnn_ism,1,3,cnn73,,1.0,ok,
motif_cnn53_hela_all_cnn_ism_454,cnn_kernel_variant,all|cnn_ism,6,3,cnn53;cnn73,cnn53:motif_cnn53_hct116_all_cnn_ism_484;cnn53:motif_cnn53_hela_all_cnn_ism_492;cnn73:motif_cnn73_hct116_all_cnn_ism_542;cnn73:motif_cnn73_hct116_all_cnn_ism_543;cnn73:motif_cnn73_hela_all_cnn_ism_455,1.0,ok,
motif_cnn73_hela_all_cnn_ism_455,cnn_kernel_variant,all|cnn_ism,6,3,cnn53;cnn73,cnn53:motif_cnn53_hct116_all_cnn_ism_484;cnn53:motif_cnn53_hela_all_cnn_ism_454;cnn53:motif_cnn53_hela_all_cnn_ism_492;cnn73:motif_cnn73_hct116_all_cnn_ism_542;cnn73:motif_cnn73_hct116_all_cnn_ism_543,1.0,ok,
motif_cnn73_hl60_all_cnn_ism_459,cnn_kernel_variant,all|cnn_ism,5,3,cnn33;cnn53;cnn73,cnn33:motif_cnn33_hct116_all_cnn_ism_184;cnn33:motif_cnn33_hela_all_cnn_ism_071;cnn53:motif_cnn53_hek293t_all_cnn_ism_618;cnn53:motif_cnn53_hl60_all_cnn_ism_417,1.0,ok,
motif_cnn53_hela_all_cnn_ism_464,cnn_kernel_variant,all|cnn_ism,1,3,cnn53,,1.0,ok,
motif_cnn53_hela_all_cnn_ism_465,cnn_kernel_variant,all|cnn_ism,1,3,cnn53,,1.0,ok,
motif_cnn33_hct116_all_cnn_ism_467,cnn_kernel_variant,all|cnn_ism,3,3,cnn33,cnn33:motif_cnn33_hct116_all_cnn_ism_550;cnn33:motif_cnn33_hct116_all_cnn_ism_579,1.0,ok,
motif_cnn53_hela_all_cnn_ism_470,cnn_kernel_variant,all|cnn_ism,6,3,cnn53;cnn73,cnn53:motif_cnn53_hct116_all_cnn_ism_497;cnn53:motif_cnn53_hela_all_cnn_ism_489;cnn73:motif_cnn73_hct116_all_cnn_ism_561;cnn73:motif_cnn73_hct116_all_cnn_ism_563;cnn73:motif_cnn73_hela_all_cnn_ism_474,1.0,ok,
motif_cnn73_hela_all_cnn_ism_471,cnn_kernel_variant,all|cnn_ism,1,3,cnn73,,1.0,ok,
motif_cnn53_hela_all_cnn_ism_472,cnn_kernel_variant,all|cnn_ism,2,3,cnn53;cnn73,cnn73:motif_cnn73_hela_all_cnn_ism_490,1.0,ok,
motif_cnn73_hela_all_cnn_ism_474,cnn_kernel_variant,all|cnn_ism,6,3,cnn53;cnn73,cnn53:motif_cnn53_hct116_all_cnn_ism_497;cnn53:motif_cnn53_hela_all_cnn_ism_470;cnn53:motif_cnn53_hela_all_cnn_ism_489;cnn73:motif_cnn73_hct116_all_cnn_ism_561;cnn73:motif_cnn73_hct116_all_cnn_ism_563,1.0,ok,
motif_cnn53_hl60_all_cnn_ism_476,cnn_kernel_variant,all|cnn_ism,5,3,cnn33;cnn53;cnn73,cnn33:motif_cnn33_hct116_all_cnn_ism_153;cnn33:motif_cnn33_hela_all_cnn_ism_053;cnn53:motif_cnn53_hek293t_all_cnn_ism_634;cnn73:motif_cnn73_hl60_all_cnn_ism_477,1.0,ok,
motif_cnn73_hl60_all_cnn_ism_477,cnn_kernel_variant,all|cnn_ism,5,3,cnn33;cnn53;cnn73,cnn33:motif_cnn33_hct116_all_cnn_ism_153;cnn33:motif_cnn33_hela_all_cnn_ism_053;cnn53:motif_cnn53_hek293t_all_cnn_ism_634;cnn53:motif_cnn53_hl60_all_cnn_ism_476,1.0,ok,
motif_cnn73_hl60_all_cnn_ism_478,cnn_kernel_variant,all|cnn_ism,2,3,cnn33;cnn73,cnn33:motif_cnn33_hela_all_cnn_ism_023,1.0,ok,
motif_cnn73_hela_all_cnn_ism_479,cnn_kernel_variant,all|cnn_ism,5,3,cnn53;cnn73,cnn53:motif_cnn53_hct116_all_cnn_ism_487;cnn53:motif_cnn53_hela_all_cnn_ism_527;cnn73:motif_cnn73_hct116_all_cnn_ism_597;cnn73:motif_cnn73_hct116_all_cnn_ism_600,1.0,ok,
motif_cnn53_hl60_all_cnn_ism_480,cnn_kernel_variant,all|cnn_ism,1,3,cnn53,,1.0,ok,
motif_cnn73_hela_all_cnn_ism_481,cnn_kernel_variant,all|cnn_ism,3,3,cnn53;cnn73,cnn53:motif_cnn53_hct116_all_cnn_ism_498;cnn73:motif_cnn73_hela_all_cnn_ism_485,1.0,ok,
motif_cnn33_hela_all_cnn_ism_482,cnn_kernel_variant,all|cnn_ism,2,3,cnn33;cnn73,cnn73:motif_cnn73_hct116_all_cnn_ism_603,1.0,ok,
motif_cnn33_hela_all_cnn_ism_483,cnn_kernel_variant,all|cnn_ism,3,3,cnn33,cnn33:motif_cnn33_hct116_all_cnn_ism_353;cnn33:motif_cnn33_hela_all_cnn_ism_551,1.0,ok,
motif_cnn53_hct116_all_cnn_ism_484,cnn_kernel_variant,all|cnn_ism,6,3,cnn53;cnn73,cnn53:motif_cnn53_hela_all_cnn_ism_454;cnn53:motif_cnn53_hela_all_cnn_ism_492;cnn73:motif_cnn73_hct116_all_cnn_ism_542;cnn73:motif_cnn73_hct116_all_cnn_ism_543;cnn73:motif_cnn73_hela_all_cnn_ism_455,1.0,ok,
motif_cnn73_hela_all_cnn_ism_485,cnn_kernel_variant,all|cnn_ism,4,3,cnn33;cnn53;cnn73,cnn33:motif_cnn33_hct116_all_cnn_ism_353;cnn53:motif_cnn53_hct116_all_cnn_ism_574;cnn73:motif_cnn73_hela_all_cnn_ism_481,1.0,ok,
motif_cnn53_hct116_all_cnn_ism_487,cnn_kernel_variant,all|cnn_ism,5,3,cnn53;cnn73,cnn53:motif_cnn53_hela_all_cnn_ism_527;cnn73:motif_cnn73_hct116_all_cnn_ism_597;cnn73:motif_cnn73_hct116_all_cnn_ism_600;cnn73:motif_cnn73_hela_all_cnn_ism_479,1.0,ok,
motif_cnn53_hela_all_cnn_ism_489,cnn_kernel_variant,all|cnn_ism,6,3,cnn53;cnn73,cnn53:motif_cnn53_hct116_all_cnn_ism_497;cnn53:motif_cnn53_hela_all_cnn_ism_470;cnn73:motif_cnn73_hct116_all_cnn_ism_561;cnn73:motif_cnn73_hct116_all_cnn_ism_563;cnn73:motif_cnn73_hela_all_cnn_ism_474,1.0,ok,
motif_cnn73_hela_all_cnn_ism_490,cnn_kernel_variant,all|cnn_ism,2,3,cnn53;cnn73,cnn53:motif_cnn53_hela_all_cnn_ism_472,1.0,ok,
motif_cnn53_hela_all_cnn_ism_492,cnn_kernel_variant,all|cnn_ism,6,3,cnn53;cnn73,cnn53:motif_cnn53_hct116_all_cnn_ism_484;cnn53:motif_cnn53_hela_all_cnn_ism_454;cnn73:motif_cnn73_hct116_all_cnn_ism_542;cnn73:motif_cnn73_hct116_all_cnn_ism_543;cnn73:motif_cnn73_hela_all_cnn_ism_455,1.0,ok,
motif_cnn33_hela_all_cnn_ism_495,cnn_kernel_variant,all|cnn_ism,1,3,cnn33,,1.0,ok,
motif_cnn53_hct116_all_cnn_ism_497,cnn_kernel_variant,all|cnn_ism,6,3,cnn53;cnn73,cnn53:motif_cnn53_hela_all_cnn_ism_470;cnn53:motif_cnn53_hela_all_cnn_ism_489;cnn73:motif_cnn73_hct116_all_cnn_ism_561;cnn73:motif_cnn73_hct116_all_cnn_ism_563;cnn73:motif_cnn73_hela_all_cnn_ism_474,1.0,ok,
motif_cnn53_hct116_all_cnn_ism_498,cnn_kernel_variant,all|cnn_ism,5,3,cnn53;cnn73,cnn53:motif_cnn53_hct116_all_cnn_ism_510;cnn53:motif_cnn53_hct116_all_cnn_ism_574;cnn53:motif_cnn53_hct116_all_cnn_ism_583;cnn73:motif_cnn73_hela_all_cnn_ism_481,1.0,ok,
motif_cnn53_hela_all_cnn_ism_499,cnn_kernel_variant,all|cnn_ism,1,3,cnn53,,1.0,ok,
motif_cnn53_hl60_all_cnn_ism_501,cnn_kernel_variant,all|cnn_ism,3,3,cnn33;cnn53;cnn73,cnn33:motif_cnn33_hela_all_cnn_ism_056;cnn73:motif_cnn73_hl60_all_cnn_ism_360,1.0,ok,
motif_cnn53_hela_all_cnn_ism_504,cnn_kernel_variant,all|cnn_ism,1,3,cnn53,,1.0,ok,
motif_cnn53_hl60_all_cnn_ism_505,cnn_kernel_variant,all|cnn_ism,2,3,cnn53;cnn73,cnn73:motif_cnn73_hl60_all_cnn_ism_450,1.0,ok,
motif_cnn53_hl60_all_cnn_ism_506,cnn_kernel_variant,all|cnn_ism,3,3,cnn33;cnn53;cnn73,cnn33:motif_cnn33_hela_all_cnn_ism_041;cnn73:motif_cnn73_hl60_all_cnn_ism_514,1.0,ok,
motif_cnn73_hela_all_cnn_ism_508,cnn_kernel_variant,all|cnn_ism,3,3,cnn73,cnn73:motif_cnn73_hct116_all_cnn_ism_604;cnn73:motif_cnn73_hct116_all_cnn_ism_606,1.0,ok,
motif_cnn53_hct116_all_cnn_ism_509,cnn_kernel_variant,all|cnn_ism,1,3,cnn53,,1.0,ok,
motif_cnn53_hct116_all_cnn_ism_510,cnn_kernel_variant,all|cnn_ism,3,3,cnn53,cnn53:motif_cnn53_hct116_all_cnn_ism_498;cnn53:motif_cnn53_hct116_all_cnn_ism_595,1.0,ok,
motif_cnn73_hl60_all_cnn_ism_513,cnn_kernel_variant,all|cnn_ism,1,3,cnn73,,1.0,ok,
motif_cnn73_hl60_all_cnn_ism_514,cnn_kernel_variant,all|cnn_ism,3,3,cnn33;cnn53;cnn73,cnn33:motif_cnn33_hela_all_cnn_ism_041;cnn53:motif_cnn53_hl60_all_cnn_ism_506,1.0,ok,
motif_cnn53_hct116_all_cnn_ism_515,cnn_kernel_variant,all|cnn_ism,2,3,cnn53;cnn73,cnn73:motif_cnn73_hela_all_cnn_ism_530,1.0,ok,
motif_cnn53_hela_all_cnn_ism_517,cnn_kernel_variant,all|cnn_ism,2,3,cnn53,cnn53:motif_cnn53_hct116_all_cnn_ism_544,1.0,ok,
motif_cnn73_hela_all_cnn_ism_520,cnn_kernel_variant,all|cnn_ism,3,3,cnn53;cnn73,cnn53:motif_cnn53_hct116_all_cnn_ism_582;cnn73:motif_cnn73_hct116_all_cnn_ism_609,1.0,ok,
motif_cnn33_hela_all_cnn_ism_523,cnn_kernel_variant,all|cnn_ism,2,3,cnn33;cnn73,cnn73:motif_cnn73_hct116_all_cnn_ism_570,1.0,ok,
motif_cnn53_hela_all_cnn_ism_524,cnn_kernel_variant,all|cnn_ism,2,3,cnn53;cnn73,cnn73:motif_cnn73_hct116_all_cnn_ism_593,1.0,ok,
motif_cnn53_hl60_all_cnn_ism_526,cnn_kernel_variant,all|cnn_ism,2,3,cnn33;cnn53,cnn33:motif_cnn33_hct116_all_cnn_ism_352,1.0,ok,
motif_cnn53_hela_all_cnn_ism_527,cnn_kernel_variant,all|cnn_ism,5,3,cnn53;cnn73,cnn53:motif_cnn53_hct116_all_cnn_ism_487;cnn73:motif_cnn73_hct116_all_cnn_ism_597;cnn73:motif_cnn73_hct116_all_cnn_ism_600;cnn73:motif_cnn73_hela_all_cnn_ism_479,1.0,ok,
motif_cnn73_hela_all_cnn_ism_529,cnn_kernel_variant,all|cnn_ism,1,3,cnn73,,1.0,ok,
motif_cnn73_hela_all_cnn_ism_530,cnn_kernel_variant,all|cnn_ism,2,3,cnn53;cnn73,cnn53:motif_cnn53_hct116_all_cnn_ism_515,1.0,ok,
motif_cnn33_hek293t_all_cnn_ism_531,cnn_kernel_variant,all|cnn_ism,2,3,cnn33,cnn33:motif_cnn33_hl60_all_cnn_ism_555,1.0,ok,
motif_cnn73_hela_all_cnn_ism_533,cnn_kernel_variant,all|cnn_ism,1,3,cnn73,,1.0,ok,
motif_cnn73_hct116_all_cnn_ism_535,cnn_kernel_variant,all|cnn_ism,2,3,cnn33;cnn73,cnn33:motif_cnn33_hela_all_cnn_ism_246,1.0,ok,
motif_cnn73_hela_all_cnn_ism_538,cnn_kernel_variant,all|cnn_ism,1,3,cnn73,,1.0,ok,
motif_cnn53_hct116_all_cnn_ism_539,cnn_kernel_variant,all|cnn_ism,1,3,cnn53,,1.0,ok,
motif_cnn33_hela_all_cnn_ism_540,cnn_kernel_variant,all|cnn_ism,2,3,cnn33,cnn33:motif_cnn33_hela_all_cnn_ism_551,1.0,ok,
motif_cnn73_hct116_all_cnn_ism_542,cnn_kernel_variant,all|cnn_ism,6,3,cnn53;cnn73,cnn53:motif_cnn53_hct116_all_cnn_ism_484;cnn53:motif_cnn53_hela_all_cnn_ism_454;cnn53:motif_cnn53_hela_all_cnn_ism_492;cnn73:motif_cnn73_hct116_all_cnn_ism_543;cnn73:motif_cnn73_hela_all_cnn_ism_455,1.0,ok,
motif_cnn73_hct116_all_cnn_ism_543,cnn_kernel_variant,all|cnn_ism,6,3,cnn53;cnn73,cnn53:motif_cnn53_hct116_all_cnn_ism_484;cnn53:motif_cnn53_hela_all_cnn_ism_454;cnn53:motif_cnn53_hela_all_cnn_ism_492;cnn73:motif_cnn73_hct116_all_cnn_ism_542;cnn73:motif_cnn73_hela_all_cnn_ism_455,1.0,ok,
motif_cnn53_hct116_all_cnn_ism_544,cnn_kernel_variant,all|cnn_ism,2,3,cnn53,cnn53:motif_cnn53_hela_all_cnn_ism_517,1.0,ok,
motif_cnn53_hct116_all_cnn_ism_545,cnn_kernel_variant,all|cnn_ism,1,3,cnn53,,1.0,ok,
motif_cnn53_hela_all_cnn_ism_546,cnn_kernel_variant,all|cnn_ism,3,3,cnn53;cnn73,cnn53:motif_cnn53_hct116_all_cnn_ism_589;cnn73:motif_cnn73_hct116_all_cnn_ism_598,1.0,ok,
motif_cnn33_hek293t_all_cnn_ism_548,cnn_kernel_variant,all|cnn_ism,10,3,cnn33;cnn53,cnn33:motif_cnn33_hct116_all_cnn_ism_433;cnn33:motif_cnn33_hek293t_all_cnn_ism_576;cnn33:motif_cnn33_hek293t_all_cnn_ism_610;cnn33:motif_cnn33_hek293t_all_cnn_ism_649;cnn33:motif_cnn33_hl60_all_cnn_ism_556;cnn33:motif_cnn33_hl60_all_cnn_ism_575;cnn33:motif_cnn33_hl60_all_cnn_ism_638;cnn33:motif_cnn33_hl60_all_cnn_ism_643;cnn53:motif_cnn53_hek293t_all_cnn_ism_592,1.0,ok,
motif_cnn33_hct116_all_cnn_ism_550,cnn_kernel_variant,all|cnn_ism,4,3,cnn33,cnn33:motif_cnn33_hct116_all_cnn_ism_467;cnn33:motif_cnn33_hct116_all_cnn_ism_579;cnn33:motif_cnn33_hct116_all_cnn_ism_588,1.0,ok,
motif_cnn33_hela_all_cnn_ism_551,cnn_kernel_variant,all|cnn_ism,3,3,cnn33,cnn33:motif_cnn33_hela_all_cnn_ism_483;cnn33:motif_cnn33_hela_all_cnn_ism_540,1.0,ok,
motif_cnn73_hela_all_cnn_ism_552,cnn_kernel_variant,all|cnn_ism,2,3,cnn53;cnn73,cnn53:motif_cnn53_hl60_all_cnn_ism_631,1.0,ok,
motif_cnn33_hl60_all_cnn_ism_555,cnn_kernel_variant,all|cnn_ism,2,3,cnn33,cnn33:motif_cnn33_hek293t_all_cnn_ism_531,1.0,ok,
motif_cnn33_hl60_all_cnn_ism_556,cnn_kernel_variant,all|cnn_ism,10,3,cnn33;cnn53,cnn33:motif_cnn33_hct116_all_cnn_ism_433;cnn33:motif_cnn33_hek293t_all_cnn_ism_548;cnn33:motif_cnn33_hek293t_all_cnn_ism_576;cnn33:motif_cnn33_hek293t_all_cnn_ism_610;cnn33:motif_cnn33_hek293t_all_cnn_ism_649;cnn33:motif_cnn33_hl60_all_cnn_ism_575;cnn33:motif_cnn33_hl60_all_cnn_ism_638;cnn33:motif_cnn33_hl60_all_cnn_ism_643;cnn53:motif_cnn53_hek293t_all_cnn_ism_592,1.0,ok,
motif_cnn73_hela_all_cnn_ism_559,cnn_kernel_variant,all|cnn_ism,1,3,cnn73,,1.0,ok,
motif_cnn73_hct116_all_cnn_ism_561,cnn_kernel_variant,all|cnn_ism,6,3,cnn53;cnn73,cnn53:motif_cnn53_hct116_all_cnn_ism_497;cnn53:motif_cnn53_hela_all_cnn_ism_470;cnn53:motif_cnn53_hela_all_cnn_ism_489;cnn73:motif_cnn73_hct116_all_cnn_ism_563;cnn73:motif_cnn73_hela_all_cnn_ism_474,1.0,ok,
motif_cnn73_hct116_all_cnn_ism_563,cnn_kernel_variant,all|cnn_ism,6,3,cnn53;cnn73,cnn53:motif_cnn53_hct116_all_cnn_ism_497;cnn53:motif_cnn53_hela_all_cnn_ism_470;cnn53:motif_cnn53_hela_all_cnn_ism_489;cnn73:motif_cnn73_hct116_all_cnn_ism_561;cnn73:motif_cnn73_hela_all_cnn_ism_474,1.0,ok,
motif_cnn73_hct116_all_cnn_ism_570,cnn_kernel_variant,all|cnn_ism,2,3,cnn33;cnn73,cnn33:motif_cnn33_hela_all_cnn_ism_523,1.0,ok,
motif_cnn53_hek293t_all_cnn_ism_573,cnn_kernel_variant,all|cnn_ism,4,3,cnn33;cnn53;cnn73,cnn33:motif_cnn33_hela_all_cnn_ism_008;cnn53:motif_cnn53_hl60_all_cnn_ism_407;cnn73:motif_cnn73_hl60_all_cnn_ism_358,1.0,ok,
motif_cnn53_hct116_all_cnn_ism_574,cnn_kernel_variant,all|cnn_ism,5,3,cnn53;cnn73,cnn53:motif_cnn53_hct116_all_cnn_ism_498;cnn53:motif_cnn53_hct116_all_cnn_ism_583;cnn53:motif_cnn53_hct116_all_cnn_ism_595;cnn73:motif_cnn73_hela_all_cnn_ism_485,1.0,ok,
motif_cnn33_hl60_all_cnn_ism_575,cnn_kernel_variant,all|cnn_ism,10,3,cnn33;cnn53,cnn33:motif_cnn33_hct116_all_cnn_ism_433;cnn33:motif_cnn33_hek293t_all_cnn_ism_548;cnn33:motif_cnn33_hek293t_all_cnn_ism_576;cnn33:motif_cnn33_hek293t_all_cnn_ism_610;cnn33:motif_cnn33_hek293t_all_cnn_ism_649;cnn33:motif_cnn33_hl60_all_cnn_ism_556;cnn33:motif_cnn33_hl60_all_cnn_ism_638;cnn33:motif_cnn33_hl60_all_cnn_ism_643;cnn53:motif_cnn53_hek293t_all_cnn_ism_592,1.0,ok,
motif_cnn33_hek293t_all_cnn_ism_576,cnn_kernel_variant,all|cnn_ism,8,3,cnn33,cnn33:motif_cnn33_hek293t_all_cnn_ism_548;cnn33:motif_cnn33_hek293t_all_cnn_ism_610;cnn33:motif_cnn33_hek293t_all_cnn_ism_649;cnn33:motif_cnn33_hl60_all_cnn_ism_556;cnn33:motif_cnn33_hl60_all_cnn_ism_575;cnn33:motif_cnn33_hl60_all_cnn_ism_638;cnn33:motif_cnn33_hl60_all_cnn_ism_643,1.0,ok,
motif_cnn33_hct116_all_cnn_ism_579,cnn_kernel_variant,all|cnn_ism,3,3,cnn33,cnn33:motif_cnn33_hct116_all_cnn_ism_467;cnn33:motif_cnn33_hct116_all_cnn_ism_550,1.0,ok,
motif_cnn33_hek293t_all_cnn_ism_580,cnn_kernel_variant,all|cnn_ism,2,3,cnn33,cnn33:motif_cnn33_hl60_all_cnn_ism_625,1.0,ok,
motif_cnn53_hct116_all_cnn_ism_582,cnn_kernel_variant,all|cnn_ism,3,3,cnn53;cnn73,cnn73:motif_cnn73_hct116_all_cnn_ism_609;cnn73:motif_cnn73_hela_all_cnn_ism_520,1.0,ok,
motif_cnn53_hct116_all_cnn_ism_583,cnn_kernel_variant,all|cnn_ism,3,3,cnn53,cnn53:motif_cnn53_hct116_all_cnn_ism_498;cnn53:motif_cnn53_hct116_all_cnn_ism_574,1.0,ok,
motif_cnn73_hct116_all_cnn_ism_586,cnn_kernel_variant,all|cnn_ism,2,3,cnn33;cnn73,cnn33:motif_cnn33_hela_all_cnn_ism_420,1.0,ok,
motif_cnn33_hct116_all_cnn_ism_588,cnn_kernel_variant,all|cnn_ism,2,3,cnn33,cnn33:motif_cnn33_hct116_all_cnn_ism_550,1.0,ok,
motif_cnn53_hct116_all_cnn_ism_589,cnn_kernel_variant,all|cnn_ism,3,3,cnn53;cnn73,cnn53:motif_cnn53_hela_all_cnn_ism_546;cnn73:motif_cnn73_hct116_all_cnn_ism_598,1.0,ok,
motif_cnn53_hek293t_all_cnn_ism_592,cnn_kernel_variant,all|cnn_ism,4,3,cnn33;cnn53,cnn33:motif_cnn33_hek293t_all_cnn_ism_548;cnn33:motif_cnn33_hl60_all_cnn_ism_556;cnn33:motif_cnn33_hl60_all_cnn_ism_575,1.0,ok,
motif_cnn73_hct116_all_cnn_ism_593,cnn_kernel_variant,all|cnn_ism,2,3,cnn53;cnn73,cnn53:motif_cnn53_hela_all_cnn_ism_524,1.0,ok,
motif_cnn73_hct116_all_cnn_ism_594,cnn_kernel_variant,all|cnn_ism,1,3,cnn73,,1.0,ok,
motif_cnn53_hct116_all_cnn_ism_595,cnn_kernel_variant,all|cnn_ism,3,3,cnn53,cnn53:motif_cnn53_hct116_all_cnn_ism_510;cnn53:motif_cnn53_hct116_all_cnn_ism_574,1.0,ok,
motif_cnn73_hct116_all_cnn_ism_597,cnn_kernel_variant,all|cnn_ism,5,3,cnn53;cnn73,cnn53:motif_cnn53_hct116_all_cnn_ism_487;cnn53:motif_cnn53_hela_all_cnn_ism_527;cnn73:motif_cnn73_hct116_all_cnn_ism_600;cnn73:motif_cnn73_hela_all_cnn_ism_479,1.0,ok,
motif_cnn73_hct116_all_cnn_ism_598,cnn_kernel_variant,all|cnn_ism,3,3,cnn53;cnn73,cnn53:motif_cnn53_hct116_all_cnn_ism_589;cnn53:motif_cnn53_hela_all_cnn_ism_546,1.0,ok,
motif_cnn53_hct116_all_cnn_ism_599,cnn_kernel_variant,all|cnn_ism,1,3,cnn53,,1.0,ok,
motif_cnn73_hct116_all_cnn_ism_600,cnn_kernel_variant,all|cnn_ism,5,3,cnn53;cnn73,cnn53:motif_cnn53_hct116_all_cnn_ism_487;cnn53:motif_cnn53_hela_all_cnn_ism_527;cnn73:motif_cnn73_hct116_all_cnn_ism_597;cnn73:motif_cnn73_hela_all_cnn_ism_479,1.0,ok,
motif_cnn73_hct116_all_cnn_ism_603,cnn_kernel_variant,all|cnn_ism,2,3,cnn33;cnn73,cnn33:motif_cnn33_hela_all_cnn_ism_482,1.0,ok,
motif_cnn73_hct116_all_cnn_ism_604,cnn_kernel_variant,all|cnn_ism,3,3,cnn73,cnn73:motif_cnn73_hct116_all_cnn_ism_606;cnn73:motif_cnn73_hela_all_cnn_ism_508,1.0,ok,
motif_cnn73_hct116_all_cnn_ism_606,cnn_kernel_variant,all|cnn_ism,3,3,cnn73,cnn73:motif_cnn73_hct116_all_cnn_ism_604;cnn73:motif_cnn73_hela_all_cnn_ism_508,1.0,ok,
motif_cnn73_hct116_all_cnn_ism_609,cnn_kernel_variant,all|cnn_ism,3,3,cnn53;cnn73,cnn53:motif_cnn53_hct116_all_cnn_ism_582;cnn73:motif_cnn73_hela_all_cnn_ism_520,1.0,ok,
motif_cnn33_hek293t_all_cnn_ism_610,cnn_kernel_variant,all|cnn_ism,9,3,cnn33,cnn33:motif_cnn33_hek293t_all_cnn_ism_548;cnn33:motif_cnn33_hek293t_all_cnn_ism_576;cnn33:motif_cnn33_hek293t_all_cnn_ism_649;cnn33:motif_cnn33_hl60_all_cnn_ism_556;cnn33:motif_cnn33_hl60_all_cnn_ism_575;cnn33:motif_cnn33_hl60_all_cnn_ism_628;cnn33:motif_cnn33_hl60_all_cnn_ism_638;cnn33:motif_cnn33_hl60_all_cnn_ism_643,1.0,ok,
motif_cnn53_hek293t_all_cnn_ism_618,cnn_kernel_variant,all|cnn_ism,5,3,cnn33;cnn53;cnn73,cnn33:motif_cnn33_hct116_all_cnn_ism_184;cnn33:motif_cnn33_hela_all_cnn_ism_071;cnn53:motif_cnn53_hl60_all_cnn_ism_417;cnn73:motif_cnn73_hl60_all_cnn_ism_459,1.0,ok,
motif_cnn53_hek293t_all_cnn_ism_621,cnn_kernel_variant,all|cnn_ism,1,3,cnn53,,1.0,ok,
motif_cnn33_hct116_all_cnn_ism_622,cnn_kernel_variant,all|cnn_ism,1,3,cnn33,,1.0,ok,
motif_cnn33_hl60_all_cnn_ism_625,cnn_kernel_variant,all|cnn_ism,2,3,cnn33,cnn33:motif_cnn33_hek293t_all_cnn_ism_580,1.0,ok,
motif_cnn33_hl60_all_cnn_ism_628,cnn_kernel_variant,all|cnn_ism,5,3,cnn33,cnn33:motif_cnn33_hct116_all_cnn_ism_309;cnn33:motif_cnn33_hct116_all_cnn_ism_353;cnn33:motif_cnn33_hek293t_all_cnn_ism_610;cnn33:motif_cnn33_hl60_all_cnn_ism_638,1.0,ok,
motif_cnn53_hl60_all_cnn_ism_631,cnn_kernel_variant,all|cnn_ism,2,3,cnn53;cnn73,cnn73:motif_cnn73_hela_all_cnn_ism_552,1.0,ok,
motif_cnn33_hl60_all_cnn_ism_633,cnn_kernel_variant,all|cnn_ism,2,3,cnn33,cnn33:motif_cnn33_hek293t_all_cnn_ism_650,1.0,ok,
motif_cnn53_hek293t_all_cnn_ism_634,cnn_kernel_variant,all|cnn_ism,5,3,cnn33;cnn53;cnn73,cnn33:motif_cnn33_hct116_all_cnn_ism_153;cnn33:motif_cnn33_hela_all_cnn_ism_053;cnn53:motif_cnn53_hl60_all_cnn_ism_476;cnn73:motif_cnn73_hl60_all_cnn_ism_477,1.0,ok,
motif_cnn73_hek293t_all_cnn_ism_637,cnn_kernel_variant,all|cnn_ism,1,3,cnn73,,1.0,ok,
motif_cnn33_hl60_all_cnn_ism_638,cnn_kernel_variant,all|cnn_ism,9,3,cnn33,cnn33:motif_cnn33_hek293t_all_cnn_ism_548;cnn33:motif_cnn33_hek293t_all_cnn_ism_576;cnn33:motif_cnn33_hek293t_all_cnn_ism_610;cnn33:motif_cnn33_hek293t_all_cnn_ism_649;cnn33:motif_cnn33_hl60_all_cnn_ism_556;cnn33:motif_cnn33_hl60_all_cnn_ism_575;cnn33:motif_cnn33_hl60_all_cnn_ism_628;cnn33:motif_cnn33_hl60_all_cnn_ism_643,1.0,ok,
motif_cnn53_hek293t_all_cnn_ism_639,cnn_kernel_variant,all|cnn_ism,1,3,cnn53,,1.0,ok,
motif_cnn33_hl60_all_cnn_ism_643,cnn_kernel_variant,all|cnn_ism,8,3,cnn33,cnn33:motif_cnn33_hek293t_all_cnn_ism_548;cnn33:motif_cnn33_hek293t_all_cnn_ism_576;cnn33:motif_cnn33_hek293t_all_cnn_ism_610;cnn33:motif_cnn33_hek293t_all_cnn_ism_649;cnn33:motif_cnn33_hl60_all_cnn_ism_556;cnn33:motif_cnn33_hl60_all_cnn_ism_575;cnn33:motif_cnn33_hl60_all_cnn_ism_638,1.0,ok,
motif_cnn53_hek293t_all_cnn_ism_647,cnn_kernel_variant,all|cnn_ism,1,3,cnn53,,1.0,ok,
motif_cnn33_hek293t_all_cnn_ism_649,cnn_kernel_variant,all|cnn_ism,8,3,cnn33,cnn33:motif_cnn33_hek293t_all_cnn_ism_548;cnn33:motif_cnn33_hek293t_all_cnn_ism_576;cnn33:motif_cnn33_hek293t_all_cnn_ism_610;cnn33:motif_cnn33_hl60_all_cnn_ism_556;cnn33:motif_cnn33_hl60_all_cnn_ism_575;cnn33:motif_cnn33_hl60_all_cnn_ism_638;cnn33:motif_cnn33_hl60_all_cnn_ism_643,1.0,ok,
motif_cnn33_hek293t_all_cnn_ism_650,cnn_kernel_variant,all|cnn_ism,2,3,cnn33,cnn33:motif_cnn33_hl60_all_cnn_ism_633,1.0,ok,
motif_cnn33_hek293t_all_cnn_ism_651,cnn_kernel_variant,all|cnn_ism,2,3,cnn33,cnn33:motif_cnn33_hl60_all_cnn_ism_652,1.0,ok,
motif_cnn33_hl60_all_cnn_ism_652,cnn_kernel_variant,all|cnn_ism,2,3,cnn33,cnn33:motif_cnn33_hek293t_all_cnn_ism_651,1.0,ok,
motif_cnn73_hela_sequence_cnn_ism_051,cnn_kernel_variant,sequence|cnn_ism,5,3,cnn33;cnn53;cnn73,cnn33:motif_cnn33_hek293t_sequence_cnn_ism_237;cnn53:motif_cnn53_hct116_sequence_cnn_ism_177;cnn73:motif_cnn73_hct116_sequence_cnn_ism_186;cnn73:motif_cnn73_hl60_sequence_cnn_ism_463,1.0,ok,
motif_cnn73_hela_sequence_cnn_ism_068,cnn_kernel_variant,sequence|cnn_ism,7,3,cnn33;cnn53;cnn73,cnn33:motif_cnn33_hek293t_sequence_cnn_ism_419;cnn53:motif_cnn53_hct116_sequence_cnn_ism_172;cnn53:motif_cnn53_hct116_sequence_cnn_ism_636;cnn73:motif_cnn73_hct116_sequence_cnn_ism_188;cnn73:motif_cnn73_hela_sequence_cnn_ism_488;cnn73:motif_cnn73_hl60_sequence_cnn_ism_356,1.0,ok,
motif_cnn73_hela_sequence_cnn_ism_092,cnn_kernel_variant,sequence|cnn_ism,6,3,cnn33;cnn53;cnn73,cnn33:motif_cnn33_hek293t_sequence_cnn_ism_345;cnn53:motif_cnn53_hct116_sequence_cnn_ism_197;cnn53:motif_cnn53_hct116_sequence_cnn_ism_619;cnn73:motif_cnn73_hct116_sequence_cnn_ism_221;cnn73:motif_cnn73_hl60_sequence_cnn_ism_491,1.0,ok,
motif_cnn33_hct116_sequence_cnn_ism_093,cnn_kernel_variant,sequence|cnn_ism,6,3,cnn33;cnn53;cnn73,cnn33:motif_cnn33_hela_sequence_cnn_ism_601;cnn53:motif_cnn53_hct116_sequence_cnn_ism_156;cnn53:motif_cnn53_hek293t_sequence_cnn_ism_585;cnn73:motif_cnn73_hct116_sequence_cnn_ism_137;cnn73:motif_cnn73_hl60_sequence_cnn_ism_351,1.0,ok,
motif_cnn33_hela_sequence_cnn_ism_119,cnn_kernel_variant,sequence|cnn_ism,3,3,cnn33;cnn53;cnn73,cnn53:motif_cnn53_hl60_sequence_cnn_ism_635;cnn73:motif_cnn73_hela_sequence_cnn_ism_178,1.0,ok,
motif_cnn73_hct116_sequence_cnn_ism_137,cnn_kernel_variant,sequence|cnn_ism,6,3,cnn33;cnn53;cnn73,cnn33:motif_cnn33_hct116_sequence_cnn_ism_093;cnn33:motif_cnn33_hela_sequence_cnn_ism_601;cnn53:motif_cnn53_hct116_sequence_cnn_ism_156;cnn53:motif_cnn53_hek293t_sequence_cnn_ism_585;cnn73:motif_cnn73_hl60_sequence_cnn_ism_351,1.0,ok,
motif_cnn33_hela_sequence_cnn_ism_151,cnn_kernel_variant,sequence|cnn_ism,2,3,cnn33;cnn73,cnn73:motif_cnn73_hela_sequence_cnn_ism_183,1.0,ok,
motif_cnn53_hct116_sequence_cnn_ism_156,cnn_kernel_variant,sequence|cnn_ism,6,3,cnn33;cnn53;cnn73,cnn33:motif_cnn33_hct116_sequence_cnn_ism_093;cnn33:motif_cnn33_hela_sequence_cnn_ism_601;cnn53:motif_cnn53_hek293t_sequence_cnn_ism_585;cnn73:motif_cnn73_hct116_sequence_cnn_ism_137;cnn73:motif_cnn73_hl60_sequence_cnn_ism_351,1.0,ok,
motif_cnn73_hela_sequence_cnn_ism_157,cnn_kernel_variant,sequence|cnn_ism,12,3,cnn33;cnn53;cnn73,cnn33:motif_cnn33_hct116_sequence_cnn_ism_372;cnn33:motif_cnn33_hct116_sequence_cnn_ism_448;cnn33:motif_cnn33_hek293t_sequence_cnn_ism_503;cnn33:motif_cnn33_hek293t_sequence_cnn_ism_521;cnn33:motif_cnn33_hela_sequence_cnn_ism_158;cnn33:motif_cnn33_hela_sequence_cnn_ism_190;cnn33:motif_cnn33_hela_sequence_cnn_ism_200;cnn53:motif_cnn53_hct116_sequence_cnn_ism_630;cnn73:motif_cnn73_hct116_sequence_cnn_ism_349;cnn73:motif_cnn73_hct116_sequence_cnn_ism_406;cnn73:motif_cnn73_hela_sequence_cnn_ism_182,1.0,ok,
motif_cnn33_hela_sequence_cnn_ism_158,cnn_kernel_variant,sequence|cnn_ism,12,3,cnn33;cnn53;cnn73,cnn33:motif_cnn33_hct116_sequence_cnn_ism_372;cnn33:motif_cnn33_hct116_sequence_cnn_ism_448;cnn33:motif_cnn33_hek293t_sequence_cnn_ism_503;cnn33:motif_cnn33_hek293t_sequence_cnn_ism_521;cnn33:motif_cnn33_hela_sequence_cnn_ism_190;cnn33:motif_cnn33_hela_sequence_cnn_ism_200;cnn53:motif_cnn53_hct116_sequence_cnn_ism_630;cnn73:motif_cnn73_hct116_sequence_cnn_ism_349;cnn73:motif_cnn73_hct116_sequence_cnn_ism_406;cnn73:motif_cnn73_hela_sequence_cnn_ism_157;cnn73:motif_cnn73_hela_sequence_cnn_ism_182,1.0,ok,
motif_cnn53_hct116_sequence_cnn_ism_172,cnn_kernel_variant,sequence|cnn_ism,7,3,cnn33;cnn53;cnn73,cnn33:motif_cnn33_hek293t_sequence_cnn_ism_419;cnn53:motif_cnn53_hct116_sequence_cnn_ism_636;cnn73:motif_cnn73_hct116_sequence_cnn_ism_188;cnn73:motif_cnn73_hela_sequence_cnn_ism_068;cnn73:motif_cnn73_hela_sequence_cnn_ism_488;cnn73:motif_cnn73_hl60_sequence_cnn_ism_356,1.0,ok,
motif_cnn33_hela_sequence_cnn_ism_173,cnn_kernel_variant,sequence|cnn_ism,1,3,cnn33,,1.0,ok,
motif_cnn53_hct116_sequence_cnn_ism_177,cnn_kernel_variant,sequence|cnn_ism,5,3,cnn33;cnn53;cnn73,cnn33:motif_cnn33_hek293t_sequence_cnn_ism_237;cnn73:motif_cnn73_hct116_sequence_cnn_ism_186;cnn73:motif_cnn73_hela_sequence_cnn_ism_051;cnn73:motif_cnn73_hl60_sequence_cnn_ism_463,1.0,ok,
motif_cnn73_hela_sequence_cnn_ism_178,cnn_kernel_variant,sequence|cnn_ism,3,3,cnn33;cnn53;cnn73,cnn33:motif_cnn33_hela_sequence_cnn_ism_119;cnn53:motif_cnn53_hl60_sequence_cnn_ism_635,1.0,ok,
motif_cnn73_hela_sequence_cnn_ism_182,cnn_kernel_variant,sequence|cnn_ism,13,3,cnn33;cnn73,cnn33:motif_cnn33_hct116_sequence_cnn_ism_383;cnn33:motif_cnn33_hct116_sequence_cnn_ism_448;cnn33:motif_cnn33_hek293t_sequence_cnn_ism_503;cnn33:motif_cnn33_hek293t_sequence_cnn_ism_521;cnn33:motif_cnn33_hek293t_sequence_cnn_ism_549;cnn33:motif_cnn33_hela_sequence_cnn_ism_158;cnn33:motif_cnn33_hela_sequence_cnn_ism_190;cnn33:motif_cnn33_hl60_sequence_cnn_ism_605;cnn33:motif_cnn33_hl60_sequence_cnn_ism_611;cnn73:motif_cnn73_hct116_sequence_cnn_ism_349;cnn73:motif_cnn73_hct116_sequence_cnn_ism_406;cnn73:motif_cnn73_hela_sequence_cnn_ism_157,1.0,ok,
motif_cnn73_hela_sequence_cnn_ism_183,cnn_kernel_variant,sequence|cnn_ism,2,3,cnn33;cnn73,cnn33:motif_cnn33_hela_sequence_cnn_ism_151,1.0,ok,
motif_cnn73_hct116_sequence_cnn_ism_186,cnn_kernel_variant,sequence|cnn_ism,5,3,cnn33;cnn53;cnn73,cnn33:motif_cnn33_hek293t_sequence_cnn_ism_237;cnn53:motif_cnn53_hct116_sequence_cnn_ism_177;cnn73:motif_cnn73_hela_sequence_cnn_ism_051;cnn73:motif_cnn73_hl60_sequence_cnn_ism_463,1.0,ok,
motif_cnn73_hct116_sequence_cnn_ism_188,cnn_kernel_variant,sequence|cnn_ism,7,3,cnn33;cnn53;cnn73,cnn33:motif_cnn33_hek293t_sequence_cnn_ism_419;cnn53:motif_cnn53_hct116_sequence_cnn_ism_172;cnn53:motif_cnn53_hct116_sequence_cnn_ism_636;cnn73:motif_cnn73_hela_sequence_cnn_ism_068;cnn73:motif_cnn73_hela_sequence_cnn_ism_488;cnn73:motif_cnn73_hl60_sequence_cnn_ism_356,1.0,ok,
motif_cnn33_hela_sequence_cnn_ism_190,cnn_kernel_variant,sequence|cnn_ism,11,3,cnn33;cnn53;cnn73,cnn33:motif_cnn33_hct116_sequence_cnn_ism_408;cnn33:motif_cnn33_hct116_sequence_cnn_ism_448;cnn33:motif_cnn33_hek293t_sequence_cnn_ism_503;cnn33:motif_cnn33_hek293t_sequence_cnn_ism_521;cnn33:motif_cnn33_hela_sequence_cnn_ism_158;cnn53:motif_cnn53_hct116_sequence_cnn_ism_626;cnn73:motif_cnn73_hct116_sequence_cnn_ism_349;cnn73:motif_cnn73_hct116_sequence_cnn_ism_406;cnn73:motif_cnn73_hela_sequence_cnn_ism_157;cnn73:motif_cnn73_hela_sequence_cnn_ism_182,1.0,ok,
motif_cnn53_hct116_sequence_cnn_ism_197,cnn_kernel_variant,sequence|cnn_ism,6,3,cnn33;cnn53;cnn73,cnn33:motif_cnn33_hek293t_sequence_cnn_ism_345;cnn53:motif_cnn53_hct116_sequence_cnn_ism_619;cnn73:motif_cnn73_hct116_sequence_cnn_ism_221;cnn73:motif_cnn73_hela_sequence_cnn_ism_092;cnn73:motif_cnn73_hl60_sequence_cnn_ism_491,1.0,ok,
motif_cnn33_hela_sequence_cnn_ism_199,cnn_kernel_variant,sequence|cnn_ism,2,3,cnn33;cnn73,cnn73:motif_cnn73_hela_sequence_cnn_ism_560,1.0,ok,
motif_cnn33_hela_sequence_cnn_ism_200,cnn_kernel_variant,sequence|cnn_ism,5,3,cnn33;cnn73,cnn33:motif_cnn33_hek293t_sequence_cnn_ism_503;cnn33:motif_cnn33_hela_sequence_cnn_ism_158;cnn73:motif_cnn73_hct116_sequence_cnn_ism_349;cnn73:motif_cnn73_hela_sequence_cnn_ism_157,1.0,ok,
motif_cnn73_hela_sequence_cnn_ism_203,cnn_kernel_variant,sequence|cnn_ism,2,3,cnn53;cnn73,cnn53:motif_cnn53_hct116_sequence_cnn_ism_350,1.0,ok,
motif_cnn33_hela_sequence_cnn_ism_206,cnn_kernel_variant,sequence|cnn_ism,1,3,cnn33,,1.0,ok,
motif_cnn53_hct116_sequence_cnn_ism_215,cnn_kernel_variant,sequence|cnn_ism,3,3,cnn53;cnn73,cnn53:motif_cnn53_hek293t_sequence_cnn_ism_646;cnn73:motif_cnn73_hct116_sequence_cnn_ism_244,1.0,ok,
motif_cnn73_hct116_sequence_cnn_ism_221,cnn_kernel_variant,sequence|cnn_ism,6,3,cnn33;cnn53;cnn73,cnn33:motif_cnn33_hek293t_sequence_cnn_ism_345;cnn53:motif_cnn53_hct116_sequence_cnn_ism_197;cnn53:motif_cnn53_hct116_sequence_cnn_ism_619;cnn73:motif_cnn73_hela_sequence_cnn_ism_092;cnn73:motif_cnn73_hl60_sequence_cnn_ism_491,1.0,ok,
motif_cnn33_hek293t_sequence_cnn_ism_237,cnn_kernel_variant,sequence|cnn_ism,5,3,cnn33;cnn53;cnn73,cnn53:motif_cnn53_hct116_sequence_cnn_ism_177;cnn73:motif_cnn73_hct116_sequence_cnn_ism_186;cnn73:motif_cnn73_hela_sequence_cnn_ism_051;cnn73:motif_cnn73_hl60_sequence_cnn_ism_463,1.0,ok,
motif_cnn53_hct116_sequence_cnn_ism_243,cnn_kernel_variant,sequence|cnn_ism,3,3,cnn53;cnn73,cnn73:motif_cnn73_hct116_sequence_cnn_ism_282;cnn73:motif_cnn73_hl60_sequence_cnn_ism_469,1.0,ok,
motif_cnn73_hct116_sequence_cnn_ism_244,cnn_kernel_variant,sequence|cnn_ism,3,3,cnn53;cnn73,cnn53:motif_cnn53_hct116_sequence_cnn_ism_215;cnn53:motif_cnn53_hek293t_sequence_cnn_ism_646,1.0,ok,
motif_cnn33_hct116_sequence_cnn_ism_276,cnn_kernel_variant,sequence|cnn_ism,1,3,cnn33,,1.0,ok,
motif_cnn73_hct116_sequence_cnn_ism_282,cnn_kernel_variant,sequence|cnn_ism,3,3,cnn53;cnn73,cnn53:motif_cnn53_hct116_sequence_cnn_ism_243;cnn73:motif_cnn73_hl60_sequence_cnn_ism_469,1.0,ok,
motif_cnn33_hek293t_sequence_cnn_ism_345,cnn_kernel_variant,sequence|cnn_ism,6,3,cnn33;cnn53;cnn73,cnn53:motif_cnn53_hct116_sequence_cnn_ism_197;cnn53:motif_cnn53_hct116_sequence_cnn_ism_619;cnn73:motif_cnn73_hct116_sequence_cnn_ism_221;cnn73:motif_cnn73_hela_sequence_cnn_ism_092;cnn73:motif_cnn73_hl60_sequence_cnn_ism_491,1.0,ok,
motif_cnn33_hct116_sequence_cnn_ism_346,cnn_kernel_variant,sequence|cnn_ism,2,3,cnn33;cnn53,cnn53:motif_cnn53_hct116_sequence_cnn_ism_567,1.0,ok,
motif_cnn53_hela_sequence_cnn_ism_348,cnn_kernel_variant,sequence|cnn_ism,1,3,cnn53,,1.0,ok,
motif_cnn73_hct116_sequence_cnn_ism_349,cnn_kernel_variant,sequence|cnn_ism,12,3,cnn33;cnn53;cnn73,cnn33:motif_cnn33_hct116_sequence_cnn_ism_372;cnn33:motif_cnn33_hct116_sequence_cnn_ism_448;cnn33:motif_cnn33_hek293t_sequence_cnn_ism_503;cnn33:motif_cnn33_hek293t_sequence_cnn_ism_521;cnn33:motif_cnn33_hela_sequence_cnn_ism_158;cnn33:motif_cnn33_hela_sequence_cnn_ism_190;cnn33:motif_cnn33_hela_sequence_cnn_ism_200;cnn53:motif_cnn53_hct116_sequence_cnn_ism_630;cnn73:motif_cnn73_hct116_sequence_cnn_ism_406;cnn73:motif_cnn73_hela_sequence_cnn_ism_157;cnn73:motif_cnn73_hela_sequence_cnn_ism_182,1.0,ok,
motif_cnn53_hct116_sequence_cnn_ism_350,cnn_kernel_variant,sequence|cnn_ism,2,3,cnn53;cnn73,cnn73:motif_cnn73_hela_sequence_cnn_ism_203,1.0,ok,
motif_cnn73_hl60_sequence_cnn_ism_351,cnn_kernel_variant,sequence|cnn_ism,6,3,cnn33;cnn53;cnn73,cnn33:motif_cnn33_hct116_sequence_cnn_ism_093;cnn33:motif_cnn33_hela_sequence_cnn_ism_601;cnn53:motif_cnn53_hct116_sequence_cnn_ism_156;cnn53:motif_cnn53_hek293t_sequence_cnn_ism_585;cnn73:motif_cnn73_hct116_sequence_cnn_ism_137,1.0,ok,
motif_cnn73_hl60_sequence_cnn_ism_356,cnn_kernel_variant,sequence|cnn_ism,7,3,cnn33;cnn53;cnn73,cnn33:motif_cnn33_hek293t_sequence_cnn_ism_419;cnn53:motif_cnn53_hct116_sequence_cnn_ism_172;cnn53:motif_cnn53_hct116_sequence_cnn_ism_636;cnn73:motif_cnn73_hct116_sequence_cnn_ism_188;cnn73:motif_cnn73_hela_sequence_cnn_ism_068;cnn73:motif_cnn73_hela_sequence_cnn_ism_488,1.0,ok,
motif_cnn53_hct116_sequence_cnn_ism_357,cnn_kernel_variant,sequence|cnn_ism,3,3,cnn53;cnn73,cnn53:motif_cnn53_hct116_sequence_cnn_ism_528;cnn73:motif_cnn73_hl60_sequence_cnn_ism_451,1.0,ok,
motif_cnn53_hela_sequence_cnn_ism_359,cnn_kernel_variant,sequence|cnn_ism,1,3,cnn53,,1.0,ok,
motif_cnn33_hct116_sequence_cnn_ism_372,cnn_kernel_variant,sequence|cnn_ism,8,3,cnn33;cnn53;cnn73,cnn33:motif_cnn33_hct116_sequence_cnn_ism_383;cnn33:motif_cnn33_hct116_sequence_cnn_ism_408;cnn33:motif_cnn33_hek293t_sequence_cnn_ism_503;cnn33:motif_cnn33_hela_sequence_cnn_ism_158;cnn53:motif_cnn53_hct116_sequence_cnn_ism_630;cnn73:motif_cnn73_hct116_sequence_cnn_ism_349;cnn73:motif_cnn73_hela_sequence_cnn_ism_157,1.0,ok,
motif_cnn33_hct116_sequence_cnn_ism_383,cnn_kernel_variant,sequence|cnn_ism,6,3,cnn33;cnn73,cnn33:motif_cnn33_hct116_sequence_cnn_ism_372;cnn33:motif_cnn33_hct116_sequence_cnn_ism_408;cnn33:motif_cnn33_hek293t_sequence_cnn_ism_521;cnn73:motif_cnn73_hct116_sequence_cnn_ism_406;cnn73:motif_cnn73_hela_sequence_cnn_ism_182,1.0,ok,
motif_cnn73_hct116_sequence_cnn_ism_406,cnn_kernel_variant,sequence|cnn_ism,13,3,cnn33;cnn73,cnn33:motif_cnn33_hct116_sequence_cnn_ism_383;cnn33:motif_cnn33_hct116_sequence_cnn_ism_448;cnn33:motif_cnn33_hek293t_sequence_cnn_ism_503;cnn33:motif_cnn33_hek293t_sequence_cnn_ism_521;cnn33:motif_cnn33_hek293t_sequence_cnn_ism_549;cnn33:motif_cnn33_hela_sequence_cnn_ism_158;cnn33:motif_cnn33_hela_sequence_cnn_ism_190;cnn33:motif_cnn33_hl60_sequence_cnn_ism_605;cnn33:motif_cnn33_hl60_sequence_cnn_ism_611;cnn73:motif_cnn73_hct116_sequence_cnn_ism_349;cnn73:motif_cnn73_hela_sequence_cnn_ism_157;cnn73:motif_cnn73_hela_sequence_cnn_ism_182,1.0,ok,
motif_cnn33_hct116_sequence_cnn_ism_408,cnn_kernel_variant,sequence|cnn_ism,6,3,cnn33;cnn53,cnn33:motif_cnn33_hct116_sequence_cnn_ism_372;cnn33:motif_cnn33_hct116_sequence_cnn_ism_383;cnn33:motif_cnn33_hct116_sequence_cnn_ism_448;cnn33:motif_cnn33_hela_sequence_cnn_ism_190;cnn53:motif_cnn53_hct116_sequence_cnn_ism_626,1.0,ok,
motif_cnn33_hek293t_sequence_cnn_ism_419,cnn_kernel_variant,sequence|cnn_ism,7,3,cnn33;cnn53;cnn73,cnn53:motif_cnn53_hct116_sequence_cnn_ism_172;cnn53:motif_cnn53_hct116_sequence_cnn_ism_636;cnn73:motif_cnn73_hct116_sequence_cnn_ism_188;cnn73:motif_cnn73_hela_sequence_cnn_ism_068;cnn73:motif_cnn73_hela_sequence_cnn_ism_488;cnn73:motif_cnn73_hl60_sequence_cnn_ism_356,1.0,ok,
motif_cnn53_hela_sequence_cnn_ism_443,cnn_kernel_variant,sequence|cnn_ism,1,3,cnn53,,1.0,ok,
motif_cnn53_hela_sequence_cnn_ism_446,cnn_kernel_variant,sequence|cnn_ism,1,3,cnn53,,1.0,ok,
motif_cnn33_hct116_sequence_cnn_ism_448,cnn_kernel_variant,sequence|cnn_ism,11,3,cnn33;cnn53;cnn73,cnn33:motif_cnn33_hct116_sequence_cnn_ism_408;cnn33:motif_cnn33_hek293t_sequence_cnn_ism_503;cnn33:motif_cnn33_hek293t_sequence_cnn_ism_521;cnn33:motif_cnn33_hela_sequence_cnn_ism_158;cnn33:motif_cnn33_hela_sequence_cnn_ism_190;cnn53:motif_cnn53_hct116_sequence_cnn_ism_626;cnn73:motif_cnn73_hct116_sequence_cnn_ism_349;cnn73:motif_cnn73_hct116_sequence_cnn_ism_406;cnn73:motif_cnn73_hela_sequence_cnn_ism_157;cnn73:motif_cnn73_hela_sequence_cnn_ism_182,1.0,ok,
motif_cnn33_hct116_sequence_cnn_ism_449,cnn_kernel_variant,sequence|cnn_ism,1,3,cnn33,,1.0,ok,
motif_cnn73_hl60_sequence_cnn_ism_451,cnn_kernel_variant,sequence|cnn_ism,3,3,cnn53;cnn73,cnn53:motif_cnn53_hct116_sequence_cnn_ism_357;cnn53:motif_cnn53_hct116_sequence_cnn_ism_528,1.0,ok,
motif_cnn33_hek293t_sequence_cnn_ism_457,cnn_kernel_variant,sequence|cnn_ism,2,3,cnn33;cnn73,cnn73:motif_cnn73_hl60_sequence_cnn_ism_516,1.0,ok,
motif_cnn73_hl60_sequence_cnn_ism_463,cnn_kernel_variant,sequence|cnn_ism,5,3,cnn33;cnn53;cnn73,cnn33:motif_cnn33_hek293t_sequence_cnn_ism_237;cnn53:motif_cnn53_hct116_sequence_cnn_ism_177;cnn73:motif_cnn73_hct116_sequence_cnn_ism_186;cnn73:motif_cnn73_hela_sequence_cnn_ism_051,1.0,ok,
motif_cnn53_hela_sequence_cnn_ism_466,cnn_kernel_variant,sequence|cnn_ism,1,3,cnn53,,1.0,ok,
motif_cnn73_hl60_sequence_cnn_ism_468,cnn_kernel_variant,sequence|cnn_ism,2,3,cnn53;cnn73,cnn53:motif_cnn53_hek293t_sequence_cnn_ism_654,1.0,ok,
motif_cnn73_hl60_sequence_cnn_ism_469,cnn_kernel_variant,sequence|cnn_ism,3,3,cnn53;cnn73,cnn53:motif_cnn53_hct116_sequence_cnn_ism_243;cnn73:motif_cnn73_hct116_sequence_cnn_ism_282,1.0,ok,
motif_cnn53_hela_sequence_cnn_ism_473,cnn_kernel_variant,sequence|cnn_ism,1,3,cnn53,,1.0,ok,
motif_cnn33_hela_sequence_cnn_ism_475,cnn_kernel_variant,sequence|cnn_ism,1,3,cnn33,,1.0,ok,
motif_cnn73_hela_sequence_cnn_ism_488,cnn_kernel_variant,sequence|cnn_ism,7,3,cnn33;cnn53;cnn73,cnn33:motif_cnn33_hek293t_sequence_cnn_ism_419;cnn53:motif_cnn53_hct116_sequence_cnn_ism_172;cnn53:motif_cnn53_hct116_sequence_cnn_ism_636;cnn73:motif_cnn73_hct116_sequence_cnn_ism_188;cnn73:motif_cnn73_hela_sequence_cnn_ism_068;cnn73:motif_cnn73_hl60_sequence_cnn_ism_356,1.0,ok,
motif_cnn73_hl60_sequence_cnn_ism_491,cnn_kernel_variant,sequence|cnn_ism,6,3,cnn33;cnn53;cnn73,cnn33:motif_cnn33_hek293t_sequence_cnn_ism_345;cnn53:motif_cnn53_hct116_sequence_cnn_ism_197;cnn53:motif_cnn53_hct116_sequence_cnn_ism_619;cnn73:motif_cnn73_hct116_sequence_cnn_ism_221;cnn73:motif_cnn73_hela_sequence_cnn_ism_092,1.0,ok,
motif_cnn53_hela_sequence_cnn_ism_493,cnn_kernel_variant,sequence|cnn_ism,1,3,cnn53,,1.0,ok,
motif_cnn53_hela_sequence_cnn_ism_494,cnn_kernel_variant,sequence|cnn_ism,1,3,cnn53,,1.0,ok,
motif_cnn53_hela_sequence_cnn_ism_496,cnn_kernel_variant,sequence|cnn_ism,1,3,cnn53,,1.0,ok,
motif_cnn53_hela_sequence_cnn_ism_500,cnn_kernel_variant,sequence|cnn_ism,1,3,cnn53,,1.0,ok,
motif_cnn73_hct116_sequence_cnn_ism_502,cnn_kernel_variant,sequence|cnn_ism,4,3,cnn73,cnn73:motif_cnn73_hct116_sequence_cnn_ism_518;cnn73:motif_cnn73_hct116_sequence_cnn_ism_564;cnn73:motif_cnn73_hct116_sequence_cnn_ism_591,1.0,ok,
motif_cnn33_hek293t_sequence_cnn_ism_503,cnn_kernel_variant,sequence|cnn_ism,12,3,cnn33;cnn53;cnn73,cnn33:motif_cnn33_hct116_sequence_cnn_ism_372;cnn33:motif_cnn33_hct116_sequence_cnn_ism_448;cnn33:motif_cnn33_hek293t_sequence_cnn_ism_521;cnn33:motif_cnn33_hela_sequence_cnn_ism_158;cnn33:motif_cnn33_hela_sequence_cnn_ism_190;cnn33:motif_cnn33_hela_sequence_cnn_ism_200;cnn53:motif_cnn53_hct116_sequence_cnn_ism_630;cnn73:motif_cnn73_hct116_sequence_cnn_ism_349;cnn73:motif_cnn73_hct116_sequence_cnn_ism_406;cnn73:motif_cnn73_hela_sequence_cnn_ism_157;cnn73:motif_cnn73_hela_sequence_cnn_ism_182,1.0,ok,
motif_cnn73_hela_sequence_cnn_ism_512,cnn_kernel_variant,sequence|cnn_ism,1,3,cnn73,,1.0,ok,
motif_cnn73_hl60_sequence_cnn_ism_516,cnn_kernel_variant,sequence|cnn_ism,2,3,cnn33;cnn73,cnn33:motif_cnn33_hek293t_sequence_cnn_ism_457,1.0,ok,
motif_cnn73_hct116_sequence_cnn_ism_518,cnn_kernel_variant,sequence|cnn_ism,4,3,cnn73,cnn73:motif_cnn73_hct116_sequence_cnn_ism_502;cnn73:motif_cnn73_hct116_sequence_cnn_ism_590;cnn73:motif_cnn73_hct116_sequence_cnn_ism_596,1.0,ok,
motif_cnn73_hct116_sequence_cnn_ism_519,cnn_kernel_variant,sequence|cnn_ism,4,3,cnn73,cnn73:motif_cnn73_hct116_sequence_cnn_ism_584;cnn73:motif_cnn73_hct116_sequence_cnn_ism_590;cnn73:motif_cnn73_hct116_sequence_cnn_ism_596,1.0,ok,
motif_cnn33_hek293t_sequence_cnn_ism_521,cnn_kernel_variant,sequence|cnn_ism,13,3,cnn33;cnn73,cnn33:motif_cnn33_hct116_sequence_cnn_ism_383;cnn33:motif_cnn33_hct116_sequence_cnn_ism_448;cnn33:motif_cnn33_hek293t_sequence_cnn_ism_503;cnn33:motif_cnn33_hek293t_sequence_cnn_ism_549;cnn33:motif_cnn33_hela_sequence_cnn_ism_158;cnn33:motif_cnn33_hela_sequence_cnn_ism_190;cnn33:motif_cnn33_hl60_sequence_cnn_ism_605;cnn33:motif_cnn33_hl60_sequence_cnn_ism_611;cnn73:motif_cnn73_hct116_sequence_cnn_ism_349;cnn73:motif_cnn73_hct116_sequence_cnn_ism_406;cnn73:motif_cnn73_hela_sequence_cnn_ism_157;cnn73:motif_cnn73_hela_sequence_cnn_ism_182,1.0,ok,
motif_cnn53_hela_sequence_cnn_ism_525,cnn_kernel_variant,sequence|cnn_ism,1,3,cnn53,,1.0,ok,
motif_cnn53_hct116_sequence_cnn_ism_528,cnn_kernel_variant,sequence|cnn_ism,3,3,cnn53;cnn73,cnn53:motif_cnn53_hct116_sequence_cnn_ism_357;cnn73:motif_cnn73_hl60_sequence_cnn_ism_451,1.0,ok,
motif_cnn33_hek293t_sequence_cnn_ism_534,cnn_kernel_variant,sequence|cnn_ism,1,3,cnn33,,1.0,ok,
motif_cnn53_hela_sequence_cnn_ism_536,cnn_kernel_variant,sequence|cnn_ism,1,3,cnn53,,1.0,ok,
motif_cnn53_hela_sequence_cnn_ism_537,cnn_kernel_variant,sequence|cnn_ism,1,3,cnn53,,1.0,ok,
motif_cnn33_hek293t_sequence_cnn_ism_549,cnn_kernel_variant,sequence|cnn_ism,8,3,cnn33;cnn53;cnn73,cnn33:motif_cnn33_hek293t_sequence_cnn_ism_521;cnn33:motif_cnn33_hl60_sequence_cnn_ism_605;cnn33:motif_cnn33_hl60_sequence_cnn_ism_611;cnn33:motif_cnn33_hl60_sequence_cnn_ism_645;cnn53:motif_cnn53_hek293t_sequence_cnn_ism_581;cnn73:motif_cnn73_hct116_sequence_cnn_ism_406;cnn73:motif_cnn73_hela_sequence_cnn_ism_182,1.0,ok,
motif_cnn73_hela_sequence_cnn_ism_553,cnn_kernel_variant,sequence|cnn_ism,1,3,cnn73,,1.0,ok,
motif_cnn73_hela_sequence_cnn_ism_554,cnn_kernel_variant,sequence|cnn_ism,2,3,cnn53;cnn73,cnn53:motif_cnn53_hl60_sequence_cnn_ism_632,1.0,ok,
motif_cnn53_hct116_sequence_cnn_ism_557,cnn_kernel_variant,sequence|cnn_ism,1,3,cnn53,,1.0,ok,
motif_cnn53_hela_sequence_cnn_ism_558,cnn_kernel_variant,sequence|cnn_ism,1,3,cnn53,,1.0,ok,
motif_cnn73_hela_sequence_cnn_ism_560,cnn_kernel_variant,sequence|cnn_ism,2,3,cnn33;cnn73,cnn33:motif_cnn33_hela_sequence_cnn_ism_199,1.0,ok,
motif_cnn53_hela_sequence_cnn_ism_562,cnn_kernel_variant,sequence|cnn_ism,1,3,cnn53,,1.0,ok,
motif_cnn73_hct116_sequence_cnn_ism_564,cnn_kernel_variant,sequence|cnn_ism,3,3,cnn73,cnn73:motif_cnn73_hct116_sequence_cnn_ism_502;cnn73:motif_cnn73_hct116_sequence_cnn_ism_591,1.0,ok,
motif_cnn33_hela_sequence_cnn_ism_565,cnn_kernel_variant,sequence|cnn_ism,2,3,cnn33;cnn53,cnn53:motif_cnn53_hela_sequence_cnn_ism_569,1.0,ok,
motif_cnn33_hela_sequence_cnn_ism_566,cnn_kernel_variant,sequence|cnn_ism,2,3,cnn33,cnn33:motif_cnn33_hct116_sequence_cnn_ism_623,1.0,ok,
motif_cnn53_hct116_sequence_cnn_ism_567,cnn_kernel_variant,sequence|cnn_ism,2,3,cnn33;cnn53,cnn33:motif_cnn33_hct116_sequence_cnn_ism_346,1.0,ok,
motif_cnn73_hela_sequence_cnn_ism_568,cnn_kernel_variant,sequence|cnn_ism,1,3,cnn73,,1.0,ok,
motif_cnn53_hela_sequence_cnn_ism_569,cnn_kernel_variant,sequence|cnn_ism,2,3,cnn33;cnn53,cnn33:motif_cnn33_hela_sequence_cnn_ism_565,1.0,ok,
motif_cnn73_hela_sequence_cnn_ism_571,cnn_kernel_variant,sequence|cnn_ism,1,3,cnn73,,1.0,ok,
motif_cnn33_hela_sequence_cnn_ism_572,cnn_kernel_variant,sequence|cnn_ism,2,3,cnn33,cnn33:motif_cnn33_hct116_sequence_cnn_ism_627,1.0,ok,
motif_cnn33_hela_sequence_cnn_ism_577,cnn_kernel_variant,sequence|cnn_ism,1,3,cnn33,,1.0,ok,
motif_cnn33_hela_sequence_cnn_ism_578,cnn_kernel_variant,sequence|cnn_ism,1,3,cnn33,,1.0,ok,
motif_cnn53_hek293t_sequence_cnn_ism_581,cnn_kernel_variant,sequence|cnn_ism,6,3,cnn33;cnn53,cnn33:motif_cnn33_hek293t_sequence_cnn_ism_549;cnn33:motif_cnn33_hl60_sequence_cnn_ism_605;cnn33:motif_cnn33_hl60_sequence_cnn_ism_611;cnn53:motif_cnn53_hek293t_sequence_cnn_ism_655;cnn53:motif_cnn53_hek293t_sequence_cnn_ism_656,1.0,ok,
motif_cnn73_hct116_sequence_cnn_ism_584,cnn_kernel_variant,sequence|cnn_ism,3,3,cnn73,cnn73:motif_cnn73_hct116_sequence_cnn_ism_519;cnn73:motif_cnn73_hct116_sequence_cnn_ism_591,1.0,ok,
motif_cnn53_hek293t_sequence_cnn_ism_585,cnn_kernel_variant,sequence|cnn_ism,6,3,cnn33;cnn53;cnn73,cnn33:motif_cnn33_hct116_sequence_cnn_ism_093;cnn33:motif_cnn33_hela_sequence_cnn_ism_601;cnn53:motif_cnn53_hct116_sequence_cnn_ism_156;cnn73:motif_cnn73_hct116_sequence_cnn_ism_137;cnn73:motif_cnn73_hl60_sequence_cnn_ism_351,1.0,ok,
motif_cnn73_hela_sequence_cnn_ism_587,cnn_kernel_variant,sequence|cnn_ism,1,3,cnn73,,1.0,ok,
motif_cnn73_hct116_sequence_cnn_ism_590,cnn_kernel_variant,sequence|cnn_ism,3,3,cnn73,cnn73:motif_cnn73_hct116_sequence_cnn_ism_518;cnn73:motif_cnn73_hct116_sequence_cnn_ism_519,1.0,ok,
motif_cnn73_hct116_sequence_cnn_ism_591,cnn_kernel_variant,sequence|cnn_ism,5,3,cnn73,cnn73:motif_cnn73_hct116_sequence_cnn_ism_502;cnn73:motif_cnn73_hct116_sequence_cnn_ism_564;cnn73:motif_cnn73_hct116_sequence_cnn_ism_584;cnn73:motif_cnn73_hct116_sequence_cnn_ism_596,1.0,ok,
motif_cnn73_hct116_sequence_cnn_ism_596,cnn_kernel_variant,sequence|cnn_ism,4,3,cnn73,cnn73:motif_cnn73_hct116_sequence_cnn_ism_518;cnn73:motif_cnn73_hct116_sequence_cnn_ism_519;cnn73:motif_cnn73_hct116_sequence_cnn_ism_591,1.0,ok,
motif_cnn33_hela_sequence_cnn_ism_601,cnn_kernel_variant,sequence|cnn_ism,6,3,cnn33;cnn53;cnn73,cnn33:motif_cnn33_hct116_sequence_cnn_ism_093;cnn53:motif_cnn53_hct116_sequence_cnn_ism_156;cnn53:motif_cnn53_hek293t_sequence_cnn_ism_585;cnn73:motif_cnn73_hct116_sequence_cnn_ism_137;cnn73:motif_cnn73_hl60_sequence_cnn_ism_351,1.0,ok,
motif_cnn33_hela_sequence_cnn_ism_602,cnn_kernel_variant,sequence|cnn_ism,3,3,cnn33,cnn33:motif_cnn33_hl60_sequence_cnn_ism_615;cnn33:motif_cnn33_hl60_sequence_cnn_ism_629,1.0,ok,
motif_cnn33_hl60_sequence_cnn_ism_605,cnn_kernel_variant,sequence|cnn_ism,8,3,cnn33;cnn53;cnn73,cnn33:motif_cnn33_hek293t_sequence_cnn_ism_521;cnn33:motif_cnn33_hek293t_sequence_cnn_ism_549;cnn33:motif_cnn33_hl60_sequence_cnn_ism_611;cnn33:motif_cnn33_hl60_sequence_cnn_ism_645;cnn53:motif_cnn53_hek293t_sequence_cnn_ism_581;cnn73:motif_cnn73_hct116_sequence_cnn_ism_406;cnn73:motif_cnn73_hela_sequence_cnn_ism_182,1.0,ok,
motif_cnn33_hela_sequence_cnn_ism_607,cnn_kernel_variant,sequence|cnn_ism,1,3,cnn33,,1.0,ok,
motif_cnn53_hl60_sequence_cnn_ism_608,cnn_kernel_variant,sequence|cnn_ism,1,3,cnn53,,1.0,ok,
motif_cnn33_hl60_sequence_cnn_ism_611,cnn_kernel_variant,sequence|cnn_ism,8,3,cnn33;cnn53;cnn73,cnn33:motif_cnn33_hek293t_sequence_cnn_ism_521;cnn33:motif_cnn33_hek293t_sequence_cnn_ism_549;cnn33:motif_cnn33_hl60_sequence_cnn_ism_605;cnn33:motif_cnn33_hl60_sequence_cnn_ism_645;cnn53:motif_cnn53_hek293t_sequence_cnn_ism_581;cnn73:motif_cnn73_hct116_sequence_cnn_ism_406;cnn73:motif_cnn73_hela_sequence_cnn_ism_182,1.0,ok,
motif_cnn53_hl60_sequence_cnn_ism_612,cnn_kernel_variant,sequence|cnn_ism,1,3,cnn53,,1.0,ok,
motif_cnn53_hl60_sequence_cnn_ism_613,cnn_kernel_variant,sequence|cnn_ism,1,3,cnn53,,1.0,ok,
motif_cnn53_hek293t_sequence_cnn_ism_614,cnn_kernel_variant,sequence|cnn_ism,1,3,cnn53,,1.0,ok,
motif_cnn33_hl60_sequence_cnn_ism_615,cnn_kernel_variant,sequence|cnn_ism,3,3,cnn33,cnn33:motif_cnn33_hela_sequence_cnn_ism_602;cnn33:motif_cnn33_hl60_sequence_cnn_ism_629,1.0,ok,
motif_cnn53_hek293t_sequence_cnn_ism_616,cnn_kernel_variant,sequence|cnn_ism,1,3,cnn53,,1.0,ok,
motif_cnn53_hl60_sequence_cnn_ism_617,cnn_kernel_variant,sequence|cnn_ism,1,3,cnn53,,1.0,ok,
motif_cnn53_hct116_sequence_cnn_ism_619,cnn_kernel_variant,sequence|cnn_ism,6,3,cnn33;cnn53;cnn73,cnn33:motif_cnn33_hek293t_sequence_cnn_ism_345;cnn53:motif_cnn53_hct116_sequence_cnn_ism_197;cnn73:motif_cnn73_hct116_sequence_cnn_ism_221;cnn73:motif_cnn73_hela_sequence_cnn_ism_092;cnn73:motif_cnn73_hl60_sequence_cnn_ism_491,1.0,ok,
motif_cnn53_hct116_sequence_cnn_ism_620,cnn_kernel_variant,sequence|cnn_ism,2,3,cnn53,cnn53:motif_cnn53_hct116_sequence_cnn_ism_626,1.0,ok,
motif_cnn33_hct116_sequence_cnn_ism_623,cnn_kernel_variant,sequence|cnn_ism,2,3,cnn33,cnn33:motif_cnn33_hela_sequence_cnn_ism_566,1.0,ok,
motif_cnn53_hct116_sequence_cnn_ism_626,cnn_kernel_variant,sequence|cnn_ism,6,3,cnn33;cnn53,cnn33:motif_cnn33_hct116_sequence_cnn_ism_408;cnn33:motif_cnn33_hct116_sequence_cnn_ism_448;cnn33:motif_cnn33_hela_sequence_cnn_ism_190;cnn53:motif_cnn53_hct116_sequence_cnn_ism_620;cnn53:motif_cnn53_hct116_sequence_cnn_ism_630,1.0,ok,
motif_cnn33_hct116_sequence_cnn_ism_627,cnn_kernel_variant,sequence|cnn_ism,2,3,cnn33,cnn33:motif_cnn33_hela_sequence_cnn_ism_572,1.0,ok,
motif_cnn33_hl60_sequence_cnn_ism_629,cnn_kernel_variant,sequence|cnn_ism,3,3,cnn33,cnn33:motif_cnn33_hela_sequence_cnn_ism_602;cnn33:motif_cnn33_hl60_sequence_cnn_ism_615,1.0,ok,
motif_cnn53_hct116_sequence_cnn_ism_630,cnn_kernel_variant,sequence|cnn_ism,8,3,cnn33;cnn53;cnn73,cnn33:motif_cnn33_hct116_sequence_cnn_ism_372;cnn33:motif_cnn33_hek293t_sequence_cnn_ism_503;cnn33:motif_cnn33_hela_sequence_cnn_ism_158;cnn53:motif_cnn53_hct116_sequence_cnn_ism_626;cnn53:motif_cnn53_hek293t_sequence_cnn_ism_656;cnn73:motif_cnn73_hct116_sequence_cnn_ism_349;cnn73:motif_cnn73_hela_sequence_cnn_ism_157,1.0,ok,
motif_cnn53_hl60_sequence_cnn_ism_632,cnn_kernel_variant,sequence|cnn_ism,2,3,cnn53;cnn73,cnn73:motif_cnn73_hela_sequence_cnn_ism_554,1.0,ok,
motif_cnn53_hl60_sequence_cnn_ism_635,cnn_kernel_variant,sequence|cnn_ism,3,3,cnn33;cnn53;cnn73,cnn33:motif_cnn33_hela_sequence_cnn_ism_119;cnn73:motif_cnn73_hela_sequence_cnn_ism_178,1.0,ok,
motif_cnn53_hct116_sequence_cnn_ism_636,cnn_kernel_variant,sequence|cnn_ism,7,3,cnn33;cnn53;cnn73,cnn33:motif_cnn33_hek293t_sequence_cnn_ism_419;cnn53:motif_cnn53_hct116_sequence_cnn_ism_172;cnn73:motif_cnn73_hct116_sequence_cnn_ism_188;cnn73:motif_cnn73_hela_sequence_cnn_ism_068;cnn73:motif_cnn73_hela_sequence_cnn_ism_488;cnn73:motif_cnn73_hl60_sequence_cnn_ism_356,1.0,ok,
motif_cnn53_hek293t_sequence_cnn_ism_640,cnn_kernel_variant,sequence|cnn_ism,1,3,cnn53,,1.0,ok,
motif_cnn53_hl60_sequence_cnn_ism_641,cnn_kernel_variant,sequence|cnn_ism,1,3,cnn53,,1.0,ok,
motif_cnn33_hela_sequence_cnn_ism_642,cnn_kernel_variant,sequence|cnn_ism,1,3,cnn33,,1.0,ok,
motif_cnn33_hl60_sequence_cnn_ism_644,cnn_kernel_variant,sequence|cnn_ism,1,3,cnn33,,1.0,ok,
motif_cnn33_hl60_sequence_cnn_ism_645,cnn_kernel_variant,sequence|cnn_ism,5,3,cnn33;cnn53,cnn33:motif_cnn33_hek293t_sequence_cnn_ism_549;cnn33:motif_cnn33_hl60_sequence_cnn_ism_605;cnn33:motif_cnn33_hl60_sequence_cnn_ism_611;cnn53:motif_cnn53_hek293t_sequence_cnn_ism_655,1.0,ok,
motif_cnn53_hek293t_sequence_cnn_ism_646,cnn_kernel_variant,sequence|cnn_ism,3,3,cnn53;cnn73,cnn53:motif_cnn53_hct116_sequence_cnn_ism_215;cnn73:motif_cnn73_hct116_sequence_cnn_ism_244,1.0,ok,
motif_cnn53_hl60_sequence_cnn_ism_648,cnn_kernel_variant,sequence|cnn_ism,1,3,cnn53,,1.0,ok,
motif_cnn33_hl60_sequence_cnn_ism_653,cnn_kernel_variant,sequence|cnn_ism,1,3,cnn33,,1.0,ok,
motif_cnn53_hek293t_sequence_cnn_ism_654,cnn_kernel_variant,sequence|cnn_ism,2,3,cnn53;cnn73,cnn73:motif_cnn73_hl60_sequence_cnn_ism_468,1.0,ok,
motif_cnn53_hek293t_sequence_cnn_ism_655,cnn_kernel_variant,sequence|cnn_ism,4,3,cnn33;cnn53,cnn33:motif_cnn33_hl60_sequence_cnn_ism_645;cnn53:motif_cnn53_hek293t_sequence_cnn_ism_581;cnn53:motif_cnn53_hek293t_sequence_cnn_ism_656,1.0,ok,
motif_cnn53_hek293t_sequence_cnn_ism_656,cnn_kernel_variant,sequence|cnn_ism,4,3,cnn53,cnn53:motif_cnn53_hct116_sequence_cnn_ism_630;cnn53:motif_cnn53_hek293t_sequence_cnn_ism_581;cnn53:motif_cnn53_hek293t_sequence_cnn_ism_655,1.0,ok,
motif_cnn33_hela_sequence_cnn_ig_001,cell_line,sequence|cnn_ig,4,4,hct116;hek293t;hela;hl60,motif_cnn33_hct116_sequence_cnn_ig_072;motif_cnn33_hct116_sequence_cnn_ig_074;motif_cnn33_hek293t_sequence_cnn_ig_205;motif_cnn33_hek293t_sequence_cnn_ig_208;motif_cnn33_hl60_sequence_cnn_ig_248,1.0,ok,
motif_cnn33_hela_all_cnn_ig_002,cell_line,all|cnn_ig,4,4,hct116;hek293t;hela;hl60,motif_cnn33_hct116_all_cnn_ig_073;motif_cnn33_hct116_all_cnn_ig_091;motif_cnn33_hek293t_all_cnn_ig_204;motif_cnn33_hek293t_all_cnn_ig_207;motif_cnn33_hl60_all_cnn_ig_247;motif_cnn33_hl60_all_cnn_ig_249,1.0,ok,
motif_cnn53_hela_sequence_cnn_ig_003,cell_line,sequence|cnn_ig,4,4,hct116;hek293t;hela;hl60,motif_cnn53_hct116_sequence_cnn_ig_076;motif_cnn53_hct116_sequence_cnn_ig_078;motif_cnn53_hek293t_sequence_cnn_ig_209;motif_cnn53_hl60_sequence_cnn_ig_251;motif_cnn53_hl60_sequence_cnn_ig_254,1.0,ok,
motif_cnn73_hela_all_cnn_ig_004,cell_line,all|cnn_ig,4,4,hct116;hek293t;hela;hl60,motif_cnn73_hct116_all_cnn_ig_079;motif_cnn73_hct116_all_cnn_ig_081;motif_cnn73_hek293t_all_cnn_ig_211;motif_cnn73_hek293t_all_cnn_ig_213;motif_cnn73_hl60_all_cnn_ig_255;motif_cnn73_hl60_all_cnn_ig_257,1.0,ok,
motif_cnn73_hela_sequence_cnn_ig_005,cell_line,sequence|cnn_ig,4,4,hct116;hek293t;hela;hl60,motif_cnn73_hct116_sequence_cnn_ig_080;motif_cnn73_hct116_sequence_cnn_ig_082;motif_cnn73_hek293t_sequence_cnn_ig_212;motif_cnn73_hek293t_sequence_cnn_ig_214;motif_cnn73_hl60_sequence_cnn_ig_256;motif_cnn73_hl60_sequence_cnn_ig_258,1.0,ok,
motif_cnn73_hela_all_cnn_ig_006,cell_line,all|cnn_ig,4,4,hct116;hek293t;hela;hl60,motif_cnn73_hct116_all_cnn_ig_079;motif_cnn73_hct116_all_cnn_ig_081;motif_cnn73_hek293t_all_cnn_ig_211;motif_cnn73_hek293t_all_cnn_ig_213;motif_cnn73_hl60_all_cnn_ig_255;motif_cnn73_hl60_all_cnn_ig_257,1.0,ok,
motif_cnn73_hela_sequence_cnn_ig_007,cell_line,sequence|cnn_ig,4,4,hct116;hek293t;hela;hl60,motif_cnn73_hct116_sequence_cnn_ig_080;motif_cnn73_hct116_sequence_cnn_ig_082;motif_cnn73_hek293t_sequence_cnn_ig_212;motif_cnn73_hek293t_sequence_cnn_ig_214;motif_cnn73_hl60_sequence_cnn_ig_256;motif_cnn73_hl60_sequence_cnn_ig_258,1.0,ok,
motif_cnn33_hela_all_cnn_ism_008,cell_line,all|cnn_ism,1,1,hela,,1.0,ok,
motif_cnn33_hela_all_cnn_ig_009,cell_line,all|cnn_ig,4,4,hct116;hek293t;hela;hl60,motif_cnn33_hct116_all_cnn_ig_073;motif_cnn33_hct116_all_cnn_ig_091;motif_cnn33_hek293t_all_cnn_ig_204;motif_cnn33_hek293t_all_cnn_ig_207;motif_cnn33_hl60_all_cnn_ig_247;motif_cnn33_hl60_all_cnn_ig_249,1.0,ok,
motif_cnn53_hela_sequence_cnn_ig_010,cell_line,sequence|cnn_ig,4,4,hct116;hek293t;hela;hl60,motif_cnn53_hct116_sequence_cnn_ig_076;motif_cnn53_hct116_sequence_cnn_ig_078;motif_cnn53_hek293t_sequence_cnn_ig_209;motif_cnn53_hl60_sequence_cnn_ig_251;motif_cnn53_hl60_sequence_cnn_ig_254,1.0,ok,
motif_cnn53_hela_all_cnn_ig_011,cell_line,all|cnn_ig,4,4,hct116;hek293t;hela;hl60,motif_cnn53_hct116_all_cnn_ig_075;motif_cnn53_hct116_all_cnn_ig_077;motif_cnn53_hek293t_all_cnn_ig_210;motif_cnn53_hek293t_all_cnn_ig_216;motif_cnn53_hl60_all_cnn_ig_250;motif_cnn53_hl60_all_cnn_ig_253,1.0,ok,
motif_cnn33_hela_sequence_cnn_ig_012,cell_line,sequence|cnn_ig,4,4,hct116;hek293t;hela;hl60,motif_cnn33_hct116_sequence_cnn_ig_095;motif_cnn33_hek293t_sequence_cnn_ig_225;motif_cnn33_hek293t_sequence_cnn_ig_228;motif_cnn33_hl60_sequence_cnn_ig_311;motif_cnn33_hl60_sequence_cnn_ig_314,1.0,ok,
motif_cnn33_hela_sequence_cnn_ig_013,cell_line,sequence|cnn_ig,4,4,hct116;hek293t;hela;hl60,motif_cnn33_hct116_sequence_cnn_ig_095;motif_cnn33_hek293t_sequence_cnn_ig_225;motif_cnn33_hek293t_sequence_cnn_ig_228;motif_cnn33_hl60_sequence_cnn_ig_311;motif_cnn33_hl60_sequence_cnn_ig_314,1.0,ok,
motif_cnn53_hela_all_cnn_ig_014,cell_line,all|cnn_ig,4,4,hct116;hek293t;hela;hl60,motif_cnn53_hct116_all_cnn_ig_097;motif_cnn53_hct116_all_cnn_ig_099;motif_cnn53_hek293t_all_cnn_ig_231;motif_cnn53_hek293t_all_cnn_ig_238;motif_cnn53_hl60_all_cnn_ig_315;motif_cnn53_hl60_all_cnn_ig_321,1.0,ok,
motif_cnn53_hela_sequence_cnn_ig_015,cell_line,sequence|cnn_ig,4,4,hct116;hek293t;hela;hl60,motif_cnn53_hct116_sequence_cnn_ig_098;motif_cnn53_hct116_sequence_cnn_ig_100;motif_cnn53_hek293t_sequence_cnn_ig_230;motif_cnn53_hek293t_sequence_cnn_ig_252;motif_cnn53_hl60_sequence_cnn_ig_316;motif_cnn53_hl60_sequence_cnn_ig_344,1.0,ok,
motif_cnn53_hela_all_cnn_ig_016,cell_line,all|cnn_ig,4,4,hct116;hek293t;hela;hl60,motif_cnn53_hct116_all_cnn_ig_097;motif_cnn53_hct116_all_cnn_ig_099;motif_cnn53_hek293t_all_cnn_ig_231;motif_cnn53_hek293t_all_cnn_ig_238;motif_cnn53_hl60_all_cnn_ig_315;motif_cnn53_hl60_all_cnn_ig_321,1.0,ok,
motif_cnn73_hela_all_cnn_ig_017,cell_line,all|cnn_ig,4,4,hct116;hek293t;hela;hl60,motif_cnn73_hct116_all_cnn_ig_101;motif_cnn73_hct116_all_cnn_ig_103;motif_cnn73_hek293t_all_cnn_ig_233;motif_cnn73_hek293t_all_cnn_ig_235;motif_cnn73_hl60_all_cnn_ig_317;motif_cnn73_hl60_all_cnn_ig_319,1.0,ok,
motif_cnn73_hela_sequence_cnn_ig_018,cell_line,sequence|cnn_ig,4,4,hct116;hek293t;hela;hl60,motif_cnn73_hct116_sequence_cnn_ig_102;motif_cnn73_hct116_sequence_cnn_ig_104;motif_cnn73_hek293t_sequence_cnn_ig_234;motif_cnn73_hek293t_sequence_cnn_ig_236;motif_cnn73_hl60_sequence_cnn_ig_318;motif_cnn73_hl60_sequence_cnn_ig_320,1.0,ok,
motif_cnn73_hela_all_cnn_ig_019,cell_line,all|cnn_ig,4,4,hct116;hek293t;hela;hl60,motif_cnn73_hct116_all_cnn_ig_101;motif_cnn73_hct116_all_cnn_ig_103;motif_cnn73_hek293t_all_cnn_ig_233;motif_cnn73_hek293t_all_cnn_ig_235;motif_cnn73_hl60_all_cnn_ig_317;motif_cnn73_hl60_all_cnn_ig_319,1.0,ok,
motif_cnn73_hela_sequence_cnn_ig_020,cell_line,sequence|cnn_ig,4,4,hct116;hek293t;hela;hl60,motif_cnn73_hct116_sequence_cnn_ig_102;motif_cnn73_hct116_sequence_cnn_ig_104;motif_cnn73_hek293t_sequence_cnn_ig_234;motif_cnn73_hek293t_sequence_cnn_ig_236;motif_cnn73_hl60_sequence_cnn_ig_318;motif_cnn73_hl60_sequence_cnn_ig_320,1.0,ok,
motif_cnn33_hela_all_cnn_ig_021,cell_line,all|cnn_ig,4,4,hct116;hek293t;hela;hl60,motif_cnn33_hct116_all_cnn_ig_094;motif_cnn33_hct116_all_cnn_ig_096;motif_cnn33_hek293t_all_cnn_ig_224;motif_cnn33_hek293t_all_cnn_ig_227;motif_cnn33_hl60_all_cnn_ig_310;motif_cnn33_hl60_all_cnn_ig_313,1.0,ok,
motif_cnn53_hela_all_cnn_ig_022,cell_line,all|cnn_ig,4,4,hct116;hek293t;hela;hl60,motif_cnn53_hct116_all_cnn_ig_075;motif_cnn53_hct116_all_cnn_ig_077;motif_cnn53_hek293t_all_cnn_ig_210;motif_cnn53_hek293t_all_cnn_ig_216;motif_cnn53_hl60_all_cnn_ig_250;motif_cnn53_hl60_all_cnn_ig_253,1.0,ok,
motif_cnn33_hela_all_cnn_ism_023,cell_line,all|cnn_ism,1,1,hela,,1.0,ok,
motif_cnn53_hela_sequence_cnn_ig_024,cell_line,sequence|cnn_ig,4,4,hct116;hek293t;hela;hl60,motif_cnn53_hct116_sequence_cnn_ig_098;motif_cnn53_hct116_sequence_cnn_ig_100;motif_cnn53_hek293t_sequence_cnn_ig_230;motif_cnn53_hek293t_sequence_cnn_ig_252;motif_cnn53_hl60_sequence_cnn_ig_316;motif_cnn53_hl60_sequence_cnn_ig_344,1.0,ok,
motif_cnn33_hela_sequence_cnn_ig_025,cell_line,sequence|cnn_ig,4,4,hct116;hek293t;hela;hl60,motif_cnn33_hct116_sequence_cnn_ig_136;motif_cnn33_hct116_sequence_cnn_ig_176;motif_cnn33_hek293t_sequence_cnn_ig_290;motif_cnn33_hek293t_sequence_cnn_ig_292;motif_cnn33_hl60_sequence_cnn_ig_275;motif_cnn33_hl60_sequence_cnn_ig_405,1.0,ok,
motif_cnn53_hela_all_cnn_ig_026,cell_line,all|cnn_ig,4,4,hct116;hek293t;hela;hl60,motif_cnn53_hct116_all_cnn_ig_111;motif_cnn53_hct116_all_cnn_ig_155;motif_cnn53_hek293t_all_cnn_ig_298;motif_cnn53_hek293t_all_cnn_ig_355;motif_cnn53_hl60_all_cnn_ig_277;motif_cnn53_hl60_all_cnn_ig_279,1.0,ok,
motif_cnn53_hela_sequence_cnn_ig_027,cell_line,sequence|cnn_ig,4,4,hct116;hek293t;hela;hl60,motif_cnn53_hct116_sequence_cnn_ig_112;motif_cnn53_hct116_sequence_cnn_ig_113;motif_cnn53_hek293t_sequence_cnn_ig_293;motif_cnn53_hek293t_sequence_cnn_ig_333;motif_cnn53_hl60_sequence_cnn_ig_269;motif_cnn53_hl60_sequence_cnn_ig_278,1.0,ok,
motif_cnn73_hela_all_cnn_ig_028,cell_line,all|cnn_ig,4,4,hct116;hek293t;hela;hl60,motif_cnn73_hct116_all_cnn_ig_114;motif_cnn73_hct116_all_cnn_ig_116;motif_cnn73_hek293t_all_cnn_ig_294;motif_cnn73_hek293t_all_cnn_ig_296;motif_cnn73_hl60_all_cnn_ig_280;motif_cnn73_hl60_all_cnn_ig_283,1.0,ok,
motif_cnn73_hela_sequence_cnn_ig_029,cell_line,sequence|cnn_ig,4,4,hct116;hek293t;hela;hl60,motif_cnn73_hct116_sequence_cnn_ig_115;motif_cnn73_hct116_sequence_cnn_ig_117;motif_cnn73_hek293t_sequence_cnn_ig_295;motif_cnn73_hek293t_sequence_cnn_ig_297;motif_cnn73_hl60_sequence_cnn_ig_281;motif_cnn73_hl60_sequence_cnn_ig_284,1.0,ok,
motif_cnn73_hela_all_cnn_ig_030,cell_line,all|cnn_ig,4,4,hct116;hek293t;hela;hl60,motif_cnn73_hct116_all_cnn_ig_114;motif_cnn73_hct116_all_cnn_ig_116;motif_cnn73_hek293t_all_cnn_ig_294;motif_cnn73_hek293t_all_cnn_ig_296;motif_cnn73_hl60_all_cnn_ig_280;motif_cnn73_hl60_all_cnn_ig_283,1.0,ok,
motif_cnn73_hela_sequence_cnn_ig_031,cell_line,sequence|cnn_ig,4,4,hct116;hek293t;hela;hl60,motif_cnn73_hct116_sequence_cnn_ig_115;motif_cnn73_hct116_sequence_cnn_ig_117;motif_cnn73_hek293t_sequence_cnn_ig_295;motif_cnn73_hek293t_sequence_cnn_ig_297;motif_cnn73_hl60_sequence_cnn_ig_281;motif_cnn73_hl60_sequence_cnn_ig_284,1.0,ok,
motif_cnn33_hela_all_cnn_ig_032,cell_line,all|cnn_ig,4,4,hct116;hek293t;hela;hl60,motif_cnn33_hct116_all_cnn_ig_127;motif_cnn33_hct116_all_cnn_ig_179;motif_cnn33_hek293t_all_cnn_ig_260;motif_cnn33_hek293t_all_cnn_ig_262;motif_cnn33_hl60_all_cnn_ig_334;motif_cnn33_hl60_all_cnn_ig_336,1.0,ok,
motif_cnn33_hela_sequence_cnn_ig_033,cell_line,sequence|cnn_ig,4,4,hct116;hek293t;hela;hl60,motif_cnn33_hct116_sequence_cnn_ig_126;motif_cnn33_hct116_sequence_cnn_ig_128;motif_cnn33_hek293t_sequence_cnn_ig_261;motif_cnn33_hek293t_sequence_cnn_ig_263;motif_cnn33_hl60_sequence_cnn_ig_335;motif_cnn33_hl60_sequence_cnn_ig_416,1.0,ok,
motif_cnn33_hela_all_cnn_ig_034,cell_line,all|cnn_ig,4,4,hct116;hek293t;hela;hl60,motif_cnn33_hct116_all_cnn_ig_127;motif_cnn33_hct116_all_cnn_ig_179;motif_cnn33_hek293t_all_cnn_ig_260;motif_cnn33_hek293t_all_cnn_ig_262;motif_cnn33_hl60_all_cnn_ig_334;motif_cnn33_hl60_all_cnn_ig_336,1.0,ok,
motif_cnn53_hela_all_cnn_ig_035,cell_line,all|cnn_ig,4,4,hct116;hek293t;hela;hl60,motif_cnn53_hct116_all_cnn_ig_148;motif_cnn53_hct116_all_cnn_ig_149;motif_cnn53_hek293t_all_cnn_ig_272;motif_cnn53_hek293t_all_cnn_ig_299;motif_cnn53_hl60_all_cnn_ig_337;motif_cnn53_hl60_all_cnn_ig_415,1.0,ok,
motif_cnn53_hela_sequence_cnn_ig_036,cell_line,sequence|cnn_ig,4,4,hct116;hek293t;hela;hl60,motif_cnn53_hct116_sequence_cnn_ig_129;motif_cnn53_hct116_sequence_cnn_ig_152;motif_cnn53_hek293t_sequence_cnn_ig_264;motif_cnn53_hek293t_sequence_cnn_ig_273;motif_cnn53_hl60_sequence_cnn_ig_338;motif_cnn53_hl60_sequence_cnn_ig_442,1.0,ok,
motif_cnn73_hela_all_cnn_ig_037,cell_line,all|cnn_ig,4,4,hct116;hek293t;hela;hl60,motif_cnn73_hct116_all_cnn_ig_130;motif_cnn73_hct116_all_cnn_ig_132;motif_cnn73_hek293t_all_cnn_ig_265;motif_cnn73_hek293t_all_cnn_ig_267;motif_cnn73_hl60_all_cnn_ig_339;motif_cnn73_hl60_all_cnn_ig_341,1.0,ok,
motif_cnn73_hela_sequence_cnn_ig_038,cell_line,sequence|cnn_ig,4,4,hct116;hek293t;hela;hl60,motif_cnn73_hct116_sequence_cnn_ig_131;motif_cnn73_hct116_sequence_cnn_ig_133;motif_cnn73_hek293t_sequence_cnn_ig_266;motif_cnn73_hek293t_sequence_cnn_ig_268;motif_cnn73_hl60_sequence_cnn_ig_340;motif_cnn73_hl60_sequence_cnn_ig_342,1.0,ok,
motif_cnn73_hela_all_cnn_ig_039,cell_line,all|cnn_ig,4,4,hct116;hek293t;hela;hl60,motif_cnn73_hct116_all_cnn_ig_130;motif_cnn73_hct116_all_cnn_ig_132;motif_cnn73_hek293t_all_cnn_ig_265;motif_cnn73_hek293t_all_cnn_ig_267;motif_cnn73_hl60_all_cnn_ig_339;motif_cnn73_hl60_all_cnn_ig_341,1.0,ok,
motif_cnn73_hela_sequence_cnn_ig_040,cell_line,sequence|cnn_ig,4,4,hct116;hek293t;hela;hl60,motif_cnn73_hct116_sequence_cnn_ig_131;motif_cnn73_hct116_sequence_cnn_ig_133;motif_cnn73_hek293t_sequence_cnn_ig_266;motif_cnn73_hek293t_sequence_cnn_ig_268;motif_cnn73_hl60_sequence_cnn_ig_340;motif_cnn73_hl60_sequence_cnn_ig_342,1.0,ok,
motif_cnn33_hela_all_cnn_ism_041,cell_line,all|cnn_ism,1,1,hela,,1.0,ok,
motif_cnn53_hela_sequence_cnn_ig_042,cell_line,sequence|cnn_ig,4,4,hct116;hek293t;hela;hl60,motif_cnn53_hct116_sequence_cnn_ig_129;motif_cnn53_hct116_sequence_cnn_ig_152;motif_cnn53_hek293t_sequence_cnn_ig_264;motif_cnn53_hek293t_sequence_cnn_ig_273;motif_cnn53_hl60_sequence_cnn_ig_338;motif_cnn53_hl60_sequence_cnn_ig_442,1.0,ok,
motif_cnn53_hela_all_cnn_ig_043,cell_line,all|cnn_ig,4,4,hct116;hek293t;hela;hl60,motif_cnn53_hct116_all_cnn_ig_148;motif_cnn53_hct116_all_cnn_ig_149;motif_cnn53_hek293t_all_cnn_ig_272;motif_cnn53_hek293t_all_cnn_ig_299;motif_cnn53_hl60_all_cnn_ig_337;motif_cnn53_hl60_all_cnn_ig_415,1.0,ok,
motif_cnn33_hela_sequence_cnn_ig_044,cell_line,sequence|cnn_ig,4,4,hct116;hek293t;hela;hl60,motif_cnn33_hct116_sequence_cnn_ig_138;motif_cnn33_hct116_sequence_cnn_ig_140;motif_cnn33_hek293t_sequence_cnn_ig_370;motif_cnn33_hek293t_sequence_cnn_ig_374;motif_cnn33_hl60_sequence_cnn_ig_432,1.0,ok,
motif_cnn53_hela_sequence_cnn_ig_045,cell_line,sequence|cnn_ig,4,4,hct116;hek293t;hela;hl60,motif_cnn53_hct116_sequence_cnn_ig_141;motif_cnn53_hct116_sequence_cnn_ig_187;motif_cnn53_hek293t_sequence_cnn_ig_376;motif_cnn53_hl60_sequence_cnn_ig_436;motif_cnn53_hl60_sequence_cnn_ig_445,1.0,ok,
motif_cnn73_hela_all_cnn_ig_046,cell_line,all|cnn_ig,4,4,hct116;hek293t;hela;hl60,motif_cnn73_hct116_all_cnn_ig_143;motif_cnn73_hct116_all_cnn_ig_145;motif_cnn73_hek293t_all_cnn_ig_379;motif_cnn73_hek293t_all_cnn_ig_381;motif_cnn73_hl60_all_cnn_ig_437;motif_cnn73_hl60_all_cnn_ig_439,1.0,ok,
motif_cnn73_hela_sequence_cnn_ig_047,cell_line,sequence|cnn_ig,4,4,hct116;hek293t;hela;hl60,motif_cnn73_hct116_sequence_cnn_ig_144;motif_cnn73_hct116_sequence_cnn_ig_146;motif_cnn73_hek293t_sequence_cnn_ig_380;motif_cnn73_hek293t_sequence_cnn_ig_382;motif_cnn73_hl60_sequence_cnn_ig_438;motif_cnn73_hl60_sequence_cnn_ig_440,1.0,ok,
motif_cnn73_hela_all_cnn_ig_048,cell_line,all|cnn_ig,4,4,hct116;hek293t;hela;hl60,motif_cnn73_hct116_all_cnn_ig_143;motif_cnn73_hct116_all_cnn_ig_145;motif_cnn73_hek293t_all_cnn_ig_379;motif_cnn73_hek293t_all_cnn_ig_381;motif_cnn73_hl60_all_cnn_ig_437;motif_cnn73_hl60_all_cnn_ig_439,1.0,ok,
motif_cnn73_hela_sequence_cnn_ig_049,cell_line,sequence|cnn_ig,4,4,hct116;hek293t;hela;hl60,motif_cnn73_hct116_sequence_cnn_ig_144;motif_cnn73_hct116_sequence_cnn_ig_146;motif_cnn73_hek293t_sequence_cnn_ig_380;motif_cnn73_hek293t_sequence_cnn_ig_382;motif_cnn73_hl60_sequence_cnn_ig_438;motif_cnn73_hl60_sequence_cnn_ig_440,1.0,ok,
motif_cnn33_hela_all_cnn_ig_050,cell_line,all|cnn_ig,4,4,hct116;hek293t;hela;hl60,motif_cnn33_hct116_all_cnn_ig_139;motif_cnn33_hct116_all_cnn_ig_219;motif_cnn33_hek293t_all_cnn_ig_369;motif_cnn33_hek293t_all_cnn_ig_373;motif_cnn33_hl60_all_cnn_ig_431;motif_cnn33_hl60_all_cnn_ig_434,1.0,ok,
motif_cnn73_hela_sequence_cnn_ism_051,cell_line,sequence|cnn_ism,3,3,hct116;hela;hl60,motif_cnn73_hct116_sequence_cnn_ism_186;motif_cnn73_hl60_sequence_cnn_ism_463,1.0,ok,
motif_cnn53_hela_all_cnn_ig_052,cell_line,all|cnn_ig,4,4,hct116;hek293t;hela;hl60,motif_cnn53_hct116_all_cnn_ig_142;motif_cnn53_hct116_all_cnn_ig_154;motif_cnn53_hek293t_all_cnn_ig_377;motif_cnn53_hek293t_all_cnn_ig_395;motif_cnn53_hl60_all_cnn_ig_435;motif_cnn53_hl60_all_cnn_ig_452,1.0,ok,
motif_cnn33_hela_all_cnn_ism_053,cell_line,all|cnn_ism,2,2,hct116;hela,motif_cnn33_hct116_all_cnn_ism_153,1.0,ok,
motif_cnn53_hela_sequence_cnn_ig_054,cell_line,sequence|cnn_ig,4,4,hct116;hek293t;hela;hl60,motif_cnn53_hct116_sequence_cnn_ig_141;motif_cnn53_hct116_sequence_cnn_ig_187;motif_cnn53_hek293t_sequence_cnn_ig_376;motif_cnn53_hl60_sequence_cnn_ig_436;motif_cnn53_hl60_sequence_cnn_ig_445,1.0,ok,
motif_cnn33_hela_all_cnn_ig_055,cell_line,all|cnn_ig,4,4,hct116;hek293t;hela;hl60,motif_cnn33_hct116_all_cnn_ig_139;motif_cnn33_hct116_all_cnn_ig_219;motif_cnn33_hek293t_all_cnn_ig_369;motif_cnn33_hek293t_all_cnn_ig_373;motif_cnn33_hl60_all_cnn_ig_431;motif_cnn33_hl60_all_cnn_ig_434,1.0,ok,
motif_cnn33_hela_all_cnn_ism_056,cell_line,all|cnn_ism,1,1,hela,,1.0,ok,
motif_cnn33_hela_sequence_cnn_ig_057,cell_line,sequence|cnn_ig,4,4,hct116;hek293t;hela;hl60,motif_cnn33_hct116_sequence_cnn_ig_189;motif_cnn33_hct116_sequence_cnn_ig_222;motif_cnn33_hek293t_sequence_cnn_ig_361;motif_cnn33_hek293t_sequence_cnn_ig_363;motif_cnn33_hl60_sequence_cnn_ig_301,1.0,ok,
motif_cnn53_hela_all_cnn_ig_058,cell_line,all|cnn_ig,4,4,hct116;hek293t;hela;hl60,motif_cnn53_hct116_all_cnn_ig_165;motif_cnn53_hct116_all_cnn_ig_185;motif_cnn53_hek293t_all_cnn_ig_375;motif_cnn53_hek293t_all_cnn_ig_378;motif_cnn53_hl60_all_cnn_ig_302;motif_cnn53_hl60_all_cnn_ig_304,1.0,ok,
motif_cnn53_hela_sequence_cnn_ig_059,cell_line,sequence|cnn_ig,4,4,hct116;hek293t;hela;hl60,motif_cnn53_hct116_sequence_cnn_ig_166;motif_cnn53_hct116_sequence_cnn_ig_167;motif_cnn53_hek293t_sequence_cnn_ig_364;motif_cnn53_hl60_sequence_cnn_ig_287;motif_cnn53_hl60_sequence_cnn_ig_303,1.0,ok,
motif_cnn73_hela_all_cnn_ig_060,cell_line,all|cnn_ig,4,4,hct116;hek293t;hela;hl60,motif_cnn73_hct116_all_cnn_ig_168;motif_cnn73_hct116_all_cnn_ig_170;motif_cnn73_hek293t_all_cnn_ig_365;motif_cnn73_hek293t_all_cnn_ig_367;motif_cnn73_hl60_all_cnn_ig_305;motif_cnn73_hl60_all_cnn_ig_307,1.0,ok,
motif_cnn73_hela_sequence_cnn_ig_061,cell_line,sequence|cnn_ig,4,4,hct116;hek293t;hela;hl60,motif_cnn73_hct116_sequence_cnn_ig_169;motif_cnn73_hct116_sequence_cnn_ig_171;motif_cnn73_hek293t_sequence_cnn_ig_366;motif_cnn73_hek293t_sequence_cnn_ig_368;motif_cnn73_hl60_sequence_cnn_ig_306;motif_cnn73_hl60_sequence_cnn_ig_308,1.0,ok,
motif_cnn73_hela_all_cnn_ig_062,cell_line,all|cnn_ig,4,4,hct116;hek293t;hela;hl60,motif_cnn73_hct116_all_cnn_ig_168;motif_cnn73_hct116_all_cnn_ig_170;motif_cnn73_hek293t_all_cnn_ig_365;motif_cnn73_hek293t_all_cnn_ig_367;motif_cnn73_hl60_all_cnn_ig_305;motif_cnn73_hl60_all_cnn_ig_307,1.0,ok,
motif_cnn73_hela_sequence_cnn_ig_063,cell_line,sequence|cnn_ig,4,4,hct116;hek293t;hela;hl60,motif_cnn73_hct116_sequence_cnn_ig_169;motif_cnn73_hct116_sequence_cnn_ig_171;motif_cnn73_hek293t_sequence_cnn_ig_366;motif_cnn73_hek293t_sequence_cnn_ig_368;motif_cnn73_hl60_sequence_cnn_ig_306;motif_cnn73_hl60_sequence_cnn_ig_308,1.0,ok,
motif_cnn53_hela_all_cnn_ig_064,cell_line,all|cnn_ig,4,4,hct116;hek293t;hela;hl60,motif_cnn53_hct116_all_cnn_ig_142;motif_cnn53_hct116_all_cnn_ig_154;motif_cnn53_hek293t_all_cnn_ig_377;motif_cnn53_hek293t_all_cnn_ig_395;motif_cnn53_hl60_all_cnn_ig_435;motif_cnn53_hl60_all_cnn_ig_452,1.0,ok,
motif_cnn33_hela_sequence_cnn_ig_065,cell_line,sequence|cnn_ig,4,4,hct116;hek293t;hela;hl60,motif_cnn33_hct116_sequence_cnn_ig_136;motif_cnn33_hct116_sequence_cnn_ig_176;motif_cnn33_hek293t_sequence_cnn_ig_290;motif_cnn33_hek293t_sequence_cnn_ig_292;motif_cnn33_hl60_sequence_cnn_ig_275;motif_cnn33_hl60_sequence_cnn_ig_405,1.0,ok,
motif_cnn33_hela_sequence_cnn_ig_066,cell_line,sequence|cnn_ig,4,4,hct116;hek293t;hela;hl60,motif_cnn33_hct116_sequence_cnn_ig_126;motif_cnn33_hct116_sequence_cnn_ig_128;motif_cnn33_hek293t_sequence_cnn_ig_261;motif_cnn33_hek293t_sequence_cnn_ig_263;motif_cnn33_hl60_sequence_cnn_ig_335;motif_cnn33_hl60_sequence_cnn_ig_416,1.0,ok,
motif_cnn53_hela_sequence_cnn_ig_067,cell_line,sequence|cnn_ig,4,4,hct116;hek293t;hela;hl60,motif_cnn53_hct116_sequence_cnn_ig_112;motif_cnn53_hct116_sequence_cnn_ig_113;motif_cnn53_hek293t_sequence_cnn_ig_293;motif_cnn53_hek293t_sequence_cnn_ig_333;motif_cnn53_hl60_sequence_cnn_ig_269;motif_cnn53_hl60_sequence_cnn_ig_278,1.0,ok,
motif_cnn73_hela_sequence_cnn_ism_068,cell_line,sequence|cnn_ism,3,3,hct116;hela;hl60,motif_cnn73_hct116_sequence_cnn_ism_188;motif_cnn73_hl60_sequence_cnn_ism_356,1.0,ok,
motif_cnn53_hela_all_cnn_ig_069,cell_line,all|cnn_ig,4,4,hct116;hek293t;hela;hl60,motif_cnn53_hct116_all_cnn_ig_111;motif_cnn53_hct116_all_cnn_ig_155;motif_cnn53_hek293t_all_cnn_ig_298;motif_cnn53_hek293t_all_cnn_ig_355;motif_cnn53_hl60_all_cnn_ig_277;motif_cnn53_hl60_all_cnn_ig_279,1.0,ok,
motif_cnn33_hela_all_cnn_ig_070,cell_line,all|cnn_ig,4,4,hct116;hek293t;hela;hl60,motif_cnn33_hct116_all_cnn_ig_110;motif_cnn33_hct116_all_cnn_ig_259;motif_cnn33_hek293t_all_cnn_ig_291;motif_cnn33_hek293t_all_cnn_ig_347;motif_cnn33_hl60_all_cnn_ig_274;motif_cnn33_hl60_all_cnn_ig_418,1.0,ok,
motif_cnn33_hela_all_cnn_ism_071,cell_line,all|cnn_ism,2,2,hct116;hela,motif_cnn33_hct116_all_cnn_ism_184,1.0,ok,
motif_cnn33_hct116_sequence_cnn_ig_072,cell_line,sequence|cnn_ig,4,4,hct116;hek293t;hela;hl60,motif_cnn33_hek293t_sequence_cnn_ig_205;motif_cnn33_hek293t_sequence_cnn_ig_208;motif_cnn33_hela_sequence_cnn_ig_001;motif_cnn33_hl60_sequence_cnn_ig_248,1.0,ok,
motif_cnn33_hct116_all_cnn_ig_073,cell_line,all|cnn_ig,4,4,hct116;hek293t;hela;hl60,motif_cnn33_hek293t_all_cnn_ig_204;motif_cnn33_hek293t_all_cnn_ig_207;motif_cnn33_hela_all_cnn_ig_002;motif_cnn33_hela_all_cnn_ig_009;motif_cnn33_hl60_all_cnn_ig_247;motif_cnn33_hl60_all_cnn_ig_249,1.0,ok,
motif_cnn33_hct116_sequence_cnn_ig_074,cell_line,sequence|cnn_ig,4,4,hct116;hek293t;hela;hl60,motif_cnn33_hek293t_sequence_cnn_ig_205;motif_cnn33_hek293t_sequence_cnn_ig_208;motif_cnn33_hela_sequence_cnn_ig_001;motif_cnn33_hl60_sequence_cnn_ig_248,1.0,ok,
motif_cnn53_hct116_all_cnn_ig_075,cell_line,all|cnn_ig,4,4,hct116;hek293t;hela;hl60,motif_cnn53_hek293t_all_cnn_ig_210;motif_cnn53_hek293t_all_cnn_ig_216;motif_cnn53_hela_all_cnn_ig_011;motif_cnn53_hela_all_cnn_ig_022;motif_cnn53_hl60_all_cnn_ig_250;motif_cnn53_hl60_all_cnn_ig_253,1.0,ok,
motif_cnn53_hct116_sequence_cnn_ig_076,cell_line,sequence|cnn_ig,4,4,hct116;hek293t;hela;hl60,motif_cnn53_hek293t_sequence_cnn_ig_209;motif_cnn53_hela_sequence_cnn_ig_003;motif_cnn53_hela_sequence_cnn_ig_010;motif_cnn53_hl60_sequence_cnn_ig_251;motif_cnn53_hl60_sequence_cnn_ig_254,1.0,ok,
motif_cnn53_hct116_all_cnn_ig_077,cell_line,all|cnn_ig,4,4,hct116;hek293t;hela;hl60,motif_cnn53_hek293t_all_cnn_ig_210;motif_cnn53_hek293t_all_cnn_ig_216;motif_cnn53_hela_all_cnn_ig_011;motif_cnn53_hela_all_cnn_ig_022;motif_cnn53_hl60_all_cnn_ig_250;motif_cnn53_hl60_all_cnn_ig_253,1.0,ok,
motif_cnn53_hct116_sequence_cnn_ig_078,cell_line,sequence|cnn_ig,4,4,hct116;hek293t;hela;hl60,motif_cnn53_hek293t_sequence_cnn_ig_209;motif_cnn53_hela_sequence_cnn_ig_003;motif_cnn53_hela_sequence_cnn_ig_010;motif_cnn53_hl60_sequence_cnn_ig_251;motif_cnn53_hl60_sequence_cnn_ig_254,1.0,ok,
motif_cnn73_hct116_all_cnn_ig_079,cell_line,all|cnn_ig,4,4,hct116;hek293t;hela;hl60,motif_cnn73_hek293t_all_cnn_ig_211;motif_cnn73_hek293t_all_cnn_ig_213;motif_cnn73_hela_all_cnn_ig_004;motif_cnn73_hela_all_cnn_ig_006;motif_cnn73_hl60_all_cnn_ig_255;motif_cnn73_hl60_all_cnn_ig_257,1.0,ok,
motif_cnn73_hct116_sequence_cnn_ig_080,cell_line,sequence|cnn_ig,4,4,hct116;hek293t;hela;hl60,motif_cnn73_hek293t_sequence_cnn_ig_212;motif_cnn73_hek293t_sequence_cnn_ig_214;motif_cnn73_hela_sequence_cnn_ig_005;motif_cnn73_hela_sequence_cnn_ig_007;motif_cnn73_hl60_sequence_cnn_ig_256;motif_cnn73_hl60_sequence_cnn_ig_258,1.0,ok,
motif_cnn73_hct116_all_cnn_ig_081,cell_line,all|cnn_ig,4,4,hct116;hek293t;hela;hl60,motif_cnn73_hek293t_all_cnn_ig_211;motif_cnn73_hek293t_all_cnn_ig_213;motif_cnn73_hela_all_cnn_ig_004;motif_cnn73_hela_all_cnn_ig_006;motif_cnn73_hl60_all_cnn_ig_255;motif_cnn73_hl60_all_cnn_ig_257,1.0,ok,
motif_cnn73_hct116_sequence_cnn_ig_082,cell_line,sequence|cnn_ig,4,4,hct116;hek293t;hela;hl60,motif_cnn73_hek293t_sequence_cnn_ig_212;motif_cnn73_hek293t_sequence_cnn_ig_214;motif_cnn73_hela_sequence_cnn_ig_005;motif_cnn73_hela_sequence_cnn_ig_007;motif_cnn73_hl60_sequence_cnn_ig_256;motif_cnn73_hl60_sequence_cnn_ig_258,1.0,ok,
motif_cnn53_hela_all_cnn_ig_083,cell_line,all|cnn_ig,4,4,hct116;hek293t;hela;hl60,motif_cnn53_hct116_all_cnn_ig_165;motif_cnn53_hct116_all_cnn_ig_185;motif_cnn53_hek293t_all_cnn_ig_375;motif_cnn53_hek293t_all_cnn_ig_378;motif_cnn53_hl60_all_cnn_ig_302;motif_cnn53_hl60_all_cnn_ig_304,1.0,ok,
motif_cnn53_hela_sequence_cnn_ig_084,cell_line,sequence|cnn_ig,4,4,hct116;hek293t;hela;hl60,motif_cnn53_hct116_sequence_cnn_ig_166;motif_cnn53_hct116_sequence_cnn_ig_167;motif_cnn53_hek293t_sequence_cnn_ig_364;motif_cnn53_hl60_sequence_cnn_ig_287;motif_cnn53_hl60_sequence_cnn_ig_303,1.0,ok,
motif_cnn33_hela_sequence_cnn_ig_085,cell_line,sequence|cnn_ig,4,4,hct116;hek293t;hela;hl60,motif_cnn33_hct116_sequence_cnn_ig_189;motif_cnn33_hct116_sequence_cnn_ig_222;motif_cnn33_hek293t_sequence_cnn_ig_361;motif_cnn33_hek293t_sequence_cnn_ig_363;motif_cnn33_hl60_sequence_cnn_ig_301,1.0,ok,
motif_cnn33_hela_sequence_cnn_ig_086,cell_line,sequence|cnn_ig,2,2,hct116;hela,motif_cnn33_hct116_sequence_cnn_ig_286,1.0,ok,
motif_cnn73_hela_all_cnn_ig_087,cell_line,all|cnn_ig,2,2,hct116;hela,motif_cnn73_hct116_all_cnn_ig_193;motif_cnn73_hct116_all_cnn_ig_195,1.0,ok,
motif_cnn73_hela_sequence_cnn_ig_088,cell_line,sequence|cnn_ig,2,2,hct116;hela,motif_cnn73_hct116_sequence_cnn_ig_194;motif_cnn73_hct116_sequence_cnn_ig_196,1.0,ok,
motif_cnn73_hela_all_cnn_ig_089,cell_line,all|cnn_ig,2,2,hct116;hela,motif_cnn73_hct116_all_cnn_ig_193;motif_cnn73_hct116_all_cnn_ig_195,1.0,ok,
motif_cnn73_hela_sequence_cnn_ig_090,cell_line,sequence|cnn_ig,2,2,hct116;hela,motif_cnn73_hct116_sequence_cnn_ig_194;motif_cnn73_hct116_sequence_cnn_ig_196,1.0,ok,
motif_cnn33_hct116_all_cnn_ig_091,cell_line,all|cnn_ig,4,4,hct116;hek293t;hela;hl60,motif_cnn33_hek293t_all_cnn_ig_204;motif_cnn33_hek293t_all_cnn_ig_207;motif_cnn33_hela_all_cnn_ig_002;motif_cnn33_hela_all_cnn_ig_009;motif_cnn33_hl60_all_cnn_ig_247;motif_cnn33_hl60_all_cnn_ig_249,1.0,ok,
motif_cnn73_hela_sequence_cnn_ism_092,cell_line,sequence|cnn_ism,3,3,hct116;hela;hl60,motif_cnn73_hct116_sequence_cnn_ism_221;motif_cnn73_hl60_sequence_cnn_ism_491,1.0,ok,
motif_cnn33_hct116_sequence_cnn_ism_093,cell_line,sequence|cnn_ism,2,2,hct116;hela,motif_cnn33_hela_sequence_cnn_ism_601,1.0,ok,
motif_cnn33_hct116_all_cnn_ig_094,cell_line,all|cnn_ig,4,4,hct116;hek293t;hela;hl60,motif_cnn33_hek293t_all_cnn_ig_224;motif_cnn33_hek293t_all_cnn_ig_227;motif_cnn33_hela_all_cnn_ig_021;motif_cnn33_hl60_all_cnn_ig_310;motif_cnn33_hl60_all_cnn_ig_313,1.0,ok,
motif_cnn33_hct116_sequence_cnn_ig_095,cell_line,sequence|cnn_ig,4,4,hct116;hek293t;hela;hl60,motif_cnn33_hek293t_sequence_cnn_ig_225;motif_cnn33_hek293t_sequence_cnn_ig_228;motif_cnn33_hela_sequence_cnn_ig_012;motif_cnn33_hela_sequence_cnn_ig_013;motif_cnn33_hl60_sequence_cnn_ig_311;motif_cnn33_hl60_sequence_cnn_ig_314,1.0,ok,
motif_cnn33_hct116_all_cnn_ig_096,cell_line,all|cnn_ig,4,4,hct116;hek293t;hela;hl60,motif_cnn33_hek293t_all_cnn_ig_224;motif_cnn33_hek293t_all_cnn_ig_227;motif_cnn33_hela_all_cnn_ig_021;motif_cnn33_hl60_all_cnn_ig_310;motif_cnn33_hl60_all_cnn_ig_313,1.0,ok,
motif_cnn53_hct116_all_cnn_ig_097,cell_line,all|cnn_ig,4,4,hct116;hek293t;hela;hl60,motif_cnn53_hek293t_all_cnn_ig_231;motif_cnn53_hek293t_all_cnn_ig_238;motif_cnn53_hela_all_cnn_ig_014;motif_cnn53_hela_all_cnn_ig_016;motif_cnn53_hl60_all_cnn_ig_315;motif_cnn53_hl60_all_cnn_ig_321,1.0,ok,
motif_cnn53_hct116_sequence_cnn_ig_098,cell_line,sequence|cnn_ig,4,4,hct116;hek293t;hela;hl60,motif_cnn53_hek293t_sequence_cnn_ig_230;motif_cnn53_hek293t_sequence_cnn_ig_252;motif_cnn53_hela_sequence_cnn_ig_015;motif_cnn53_hela_sequence_cnn_ig_024;motif_cnn53_hl60_sequence_cnn_ig_316;motif_cnn53_hl60_sequence_cnn_ig_344,1.0,ok,
motif_cnn53_hct116_all_cnn_ig_099,cell_line,all|cnn_ig,4,4,hct116;hek293t;hela;hl60,motif_cnn53_hek293t_all_cnn_ig_231;motif_cnn53_hek293t_all_cnn_ig_238;motif_cnn53_hela_all_cnn_ig_014;motif_cnn53_hela_all_cnn_ig_016;motif_cnn53_hl60_all_cnn_ig_315;motif_cnn53_hl60_all_cnn_ig_321,1.0,ok,
motif_cnn53_hct116_sequence_cnn_ig_100,cell_line,sequence|cnn_ig,4,4,hct116;hek293t;hela;hl60,motif_cnn53_hek293t_sequence_cnn_ig_230;motif_cnn53_hek293t_sequence_cnn_ig_252;motif_cnn53_hela_sequence_cnn_ig_015;motif_cnn53_hela_sequence_cnn_ig_024;motif_cnn53_hl60_sequence_cnn_ig_316;motif_cnn53_hl60_sequence_cnn_ig_344,1.0,ok,
motif_cnn73_hct116_all_cnn_ig_101,cell_line,all|cnn_ig,4,4,hct116;hek293t;hela;hl60,motif_cnn73_hek293t_all_cnn_ig_233;motif_cnn73_hek293t_all_cnn_ig_235;motif_cnn73_hela_all_cnn_ig_017;motif_cnn73_hela_all_cnn_ig_019;motif_cnn73_hl60_all_cnn_ig_317;motif_cnn73_hl60_all_cnn_ig_319,1.0,ok,
motif_cnn73_hct116_sequence_cnn_ig_102,cell_line,sequence|cnn_ig,4,4,hct116;hek293t;hela;hl60,motif_cnn73_hek293t_sequence_cnn_ig_234;motif_cnn73_hek293t_sequence_cnn_ig_236;motif_cnn73_hela_sequence_cnn_ig_018;motif_cnn73_hela_sequence_cnn_ig_020;motif_cnn73_hl60_sequence_cnn_ig_318;motif_cnn73_hl60_sequence_cnn_ig_320,1.0,ok,
motif_cnn73_hct116_all_cnn_ig_103,cell_line,all|cnn_ig,4,4,hct116;hek293t;hela;hl60,motif_cnn73_hek293t_all_cnn_ig_233;motif_cnn73_hek293t_all_cnn_ig_235;motif_cnn73_hela_all_cnn_ig_017;motif_cnn73_hela_all_cnn_ig_019;motif_cnn73_hl60_all_cnn_ig_317;motif_cnn73_hl60_all_cnn_ig_319,1.0,ok,
motif_cnn73_hct116_sequence_cnn_ig_104,cell_line,sequence|cnn_ig,4,4,hct116;hek293t;hela;hl60,motif_cnn73_hek293t_sequence_cnn_ig_234;motif_cnn73_hek293t_sequence_cnn_ig_236;motif_cnn73_hela_sequence_cnn_ig_018;motif_cnn73_hela_sequence_cnn_ig_020;motif_cnn73_hl60_sequence_cnn_ig_318;motif_cnn73_hl60_sequence_cnn_ig_320,1.0,ok,
motif_cnn33_hela_all_cnn_ig_105,cell_line,all|cnn_ig,2,2,hct116;hela,motif_cnn33_hct116_all_cnn_ig_191,1.0,ok,
motif_cnn33_hela_sequence_cnn_ig_106,cell_line,sequence|cnn_ig,4,4,hct116;hek293t;hela;hl60,motif_cnn33_hct116_sequence_cnn_ig_138;motif_cnn33_hct116_sequence_cnn_ig_140;motif_cnn33_hek293t_sequence_cnn_ig_370;motif_cnn33_hek293t_sequence_cnn_ig_374;motif_cnn33_hl60_sequence_cnn_ig_432,1.0,ok,
motif_cnn53_hela_sequence_cnn_ig_107,cell_line,sequence|cnn_ig,3,3,hct116;hek293t;hela,motif_cnn53_hct116_sequence_cnn_ig_192;motif_cnn53_hct116_sequence_cnn_ig_218;motif_cnn53_hek293t_sequence_cnn_ig_456,1.0,ok,
motif_cnn53_hela_sequence_cnn_ig_108,cell_line,sequence|cnn_ig,3,3,hct116;hek293t;hela,motif_cnn53_hct116_sequence_cnn_ig_192;motif_cnn53_hct116_sequence_cnn_ig_218;motif_cnn53_hek293t_sequence_cnn_ig_456,1.0,ok,
motif_cnn33_hela_all_cnn_ig_109,cell_line,all|cnn_ig,4,4,hct116;hek293t;hela;hl60,motif_cnn33_hct116_all_cnn_ig_110;motif_cnn33_hct116_all_cnn_ig_259;motif_cnn33_hek293t_all_cnn_ig_291;motif_cnn33_hek293t_all_cnn_ig_347;motif_cnn33_hl60_all_cnn_ig_274;motif_cnn33_hl60_all_cnn_ig_418,1.0,ok,
motif_cnn33_hct116_all_cnn_ig_110,cell_line,all|cnn_ig,4,4,hct116;hek293t;hela;hl60,motif_cnn33_hek293t_all_cnn_ig_291;motif_cnn33_hek293t_all_cnn_ig_347;motif_cnn33_hela_all_cnn_ig_070;motif_cnn33_hela_all_cnn_ig_109;motif_cnn33_hl60_all_cnn_ig_274;motif_cnn33_hl60_all_cnn_ig_418,1.0,ok,
motif_cnn53_hct116_all_cnn_ig_111,cell_line,all|cnn_ig,4,4,hct116;hek293t;hela;hl60,motif_cnn53_hek293t_all_cnn_ig_298;motif_cnn53_hek293t_all_cnn_ig_355;motif_cnn53_hela_all_cnn_ig_026;motif_cnn53_hela_all_cnn_ig_069;motif_cnn53_hl60_all_cnn_ig_277;motif_cnn53_hl60_all_cnn_ig_279,1.0,ok,
motif_cnn53_hct116_sequence_cnn_ig_112,cell_line,sequence|cnn_ig,4,4,hct116;hek293t;hela;hl60,motif_cnn53_hek293t_sequence_cnn_ig_293;motif_cnn53_hek293t_sequence_cnn_ig_333;motif_cnn53_hela_sequence_cnn_ig_027;motif_cnn53_hela_sequence_cnn_ig_067;motif_cnn53_hl60_sequence_cnn_ig_269;motif_cnn53_hl60_sequence_cnn_ig_278,1.0,ok,
motif_cnn53_hct116_sequence_cnn_ig_113,cell_line,sequence|cnn_ig,4,4,hct116;hek293t;hela;hl60,motif_cnn53_hek293t_sequence_cnn_ig_293;motif_cnn53_hek293t_sequence_cnn_ig_333;motif_cnn53_hela_sequence_cnn_ig_027;motif_cnn53_hela_sequence_cnn_ig_067;motif_cnn53_hl60_sequence_cnn_ig_269;motif_cnn53_hl60_sequence_cnn_ig_278,1.0,ok,
motif_cnn73_hct116_all_cnn_ig_114,cell_line,all|cnn_ig,4,4,hct116;hek293t;hela;hl60,motif_cnn73_hek293t_all_cnn_ig_294;motif_cnn73_hek293t_all_cnn_ig_296;motif_cnn73_hela_all_cnn_ig_028;motif_cnn73_hela_all_cnn_ig_030;motif_cnn73_hl60_all_cnn_ig_280;motif_cnn73_hl60_all_cnn_ig_283,1.0,ok,
motif_cnn73_hct116_sequence_cnn_ig_115,cell_line,sequence|cnn_ig,4,4,hct116;hek293t;hela;hl60,motif_cnn73_hek293t_sequence_cnn_ig_295;motif_cnn73_hek293t_sequence_cnn_ig_297;motif_cnn73_hela_sequence_cnn_ig_029;motif_cnn73_hela_sequence_cnn_ig_031;motif_cnn73_hl60_sequence_cnn_ig_281;motif_cnn73_hl60_sequence_cnn_ig_284,1.0,ok,
motif_cnn73_hct116_all_cnn_ig_116,cell_line,all|cnn_ig,4,4,hct116;hek293t;hela;hl60,motif_cnn73_hek293t_all_cnn_ig_294;motif_cnn73_hek293t_all_cnn_ig_296;motif_cnn73_hela_all_cnn_ig_028;motif_cnn73_hela_all_cnn_ig_030;motif_cnn73_hl60_all_cnn_ig_280;motif_cnn73_hl60_all_cnn_ig_283,1.0,ok,
motif_cnn73_hct116_sequence_cnn_ig_117,cell_line,sequence|cnn_ig,4,4,hct116;hek293t;hela;hl60,motif_cnn73_hek293t_sequence_cnn_ig_295;motif_cnn73_hek293t_sequence_cnn_ig_297;motif_cnn73_hela_sequence_cnn_ig_029;motif_cnn73_hela_sequence_cnn_ig_031;motif_cnn73_hl60_sequence_cnn_ig_281;motif_cnn73_hl60_sequence_cnn_ig_284,1.0,ok,
motif_cnn53_hela_all_cnn_ig_118,cell_line,all|cnn_ig,2,2,hct116;hela,motif_cnn53_hct116_all_cnn_ig_201;motif_cnn53_hct116_all_cnn_ig_202,1.0,ok,
motif_cnn33_hela_sequence_cnn_ism_119,cell_line,sequence|cnn_ism,1,1,hela,,1.0,ok,
motif_cnn53_hela_all_cnn_ig_120,cell_line,all|cnn_ig,1,1,hela,,1.0,ok,
motif_cnn53_hela_sequence_cnn_ig_121,cell_line,sequence|cnn_ig,3,3,hct116;hek293t;hela,motif_cnn53_hct116_sequence_cnn_ig_229;motif_cnn53_hek293t_sequence_cnn_ig_507;motif_cnn53_hek293t_sequence_cnn_ig_522,1.0,ok,
motif_cnn73_hela_all_cnn_ig_122,cell_line,all|cnn_ig,1,1,hela,,1.0,ok,
motif_cnn73_hela_sequence_cnn_ig_123,cell_line,sequence|cnn_ig,2,2,hct116;hela,motif_cnn73_hct116_sequence_cnn_ig_232,1.0,ok,
motif_cnn73_hela_all_cnn_ig_124,cell_line,all|cnn_ig,1,1,hela,,1.0,ok,
motif_cnn73_hela_sequence_cnn_ig_125,cell_line,sequence|cnn_ig,2,2,hct116;hela,motif_cnn73_hct116_sequence_cnn_ig_232,1.0,ok,
motif_cnn33_hct116_sequence_cnn_ig_126,cell_line,sequence|cnn_ig,4,4,hct116;hek293t;hela;hl60,motif_cnn33_hek293t_sequence_cnn_ig_261;motif_cnn33_hek293t_sequence_cnn_ig_263;motif_cnn33_hela_sequence_cnn_ig_033;motif_cnn33_hela_sequence_cnn_ig_066;motif_cnn33_hl60_sequence_cnn_ig_335;motif_cnn33_hl60_sequence_cnn_ig_416,1.0,ok,
motif_cnn33_hct116_all_cnn_ig_127,cell_line,all|cnn_ig,4,4,hct116;hek293t;hela;hl60,motif_cnn33_hek293t_all_cnn_ig_260;motif_cnn33_hek293t_all_cnn_ig_262;motif_cnn33_hela_all_cnn_ig_032;motif_cnn33_hela_all_cnn_ig_034;motif_cnn33_hl60_all_cnn_ig_334;motif_cnn33_hl60_all_cnn_ig_336,1.0,ok,
motif_cnn33_hct116_sequence_cnn_ig_128,cell_line,sequence|cnn_ig,4,4,hct116;hek293t;hela;hl60,motif_cnn33_hek293t_sequence_cnn_ig_261;motif_cnn33_hek293t_sequence_cnn_ig_263;motif_cnn33_hela_sequence_cnn_ig_033;motif_cnn33_hela_sequence_cnn_ig_066;motif_cnn33_hl60_sequence_cnn_ig_335;motif_cnn33_hl60_sequence_cnn_ig_416,1.0,ok,
motif_cnn53_hct116_sequence_cnn_ig_129,cell_line,sequence|cnn_ig,4,4,hct116;hek293t;hela;hl60,motif_cnn53_hek293t_sequence_cnn_ig_264;motif_cnn53_hek293t_sequence_cnn_ig_273;motif_cnn53_hela_sequence_cnn_ig_036;motif_cnn53_hela_sequence_cnn_ig_042;motif_cnn53_hl60_sequence_cnn_ig_338;motif_cnn53_hl60_sequence_cnn_ig_442,1.0,ok,
motif_cnn73_hct116_all_cnn_ig_130,cell_line,all|cnn_ig,4,4,hct116;hek293t;hela;hl60,motif_cnn73_hek293t_all_cnn_ig_265;motif_cnn73_hek293t_all_cnn_ig_267;motif_cnn73_hela_all_cnn_ig_037;motif_cnn73_hela_all_cnn_ig_039;motif_cnn73_hl60_all_cnn_ig_339;motif_cnn73_hl60_all_cnn_ig_341,1.0,ok,
motif_cnn73_hct116_sequence_cnn_ig_131,cell_line,sequence|cnn_ig,4,4,hct116;hek293t;hela;hl60,motif_cnn73_hek293t_sequence_cnn_ig_266;motif_cnn73_hek293t_sequence_cnn_ig_268;motif_cnn73_hela_sequence_cnn_ig_038;motif_cnn73_hela_sequence_cnn_ig_040;motif_cnn73_hl60_sequence_cnn_ig_340;motif_cnn73_hl60_sequence_cnn_ig_342,1.0,ok,
motif_cnn73_hct116_all_cnn_ig_132,cell_line,all|cnn_ig,4,4,hct116;hek293t;hela;hl60,motif_cnn73_hek293t_all_cnn_ig_265;motif_cnn73_hek293t_all_cnn_ig_267;motif_cnn73_hela_all_cnn_ig_037;motif_cnn73_hela_all_cnn_ig_039;motif_cnn73_hl60_all_cnn_ig_339;motif_cnn73_hl60_all_cnn_ig_341,1.0,ok,
motif_cnn73_hct116_sequence_cnn_ig_133,cell_line,sequence|cnn_ig,4,4,hct116;hek293t;hela;hl60,motif_cnn73_hek293t_sequence_cnn_ig_266;motif_cnn73_hek293t_sequence_cnn_ig_268;motif_cnn73_hela_sequence_cnn_ig_038;motif_cnn73_hela_sequence_cnn_ig_040;motif_cnn73_hl60_sequence_cnn_ig_340;motif_cnn73_hl60_sequence_cnn_ig_342,1.0,ok,
motif_cnn33_hela_all_cnn_ig_134,cell_line,all|cnn_ig,4,4,hct116;hek293t;hela;hl60,motif_cnn33_hct116_all_cnn_ig_164;motif_cnn33_hct116_all_cnn_ig_343;motif_cnn33_hek293t_all_cnn_ig_362;motif_cnn33_hek293t_all_cnn_ig_404;motif_cnn33_hl60_all_cnn_ig_300;motif_cnn33_hl60_all_cnn_ig_392,1.0,ok,
motif_cnn53_hela_all_cnn_ig_135,cell_line,all|cnn_ig,2,2,hct116;hela,motif_cnn53_hct116_all_cnn_ig_201;motif_cnn53_hct116_all_cnn_ig_202,1.0,ok,
motif_cnn33_hct116_sequence_cnn_ig_136,cell_line,sequence|cnn_ig,4,4,hct116;hek293t;hela;hl60,motif_cnn33_hek293t_sequence_cnn_ig_290;motif_cnn33_hek293t_sequence_cnn_ig_292;motif_cnn33_hela_sequence_cnn_ig_025;motif_cnn33_hela_sequence_cnn_ig_065;motif_cnn33_hl60_sequence_cnn_ig_275;motif_cnn33_hl60_sequence_cnn_ig_405,1.0,ok,
motif_cnn73_hct116_sequence_cnn_ism_137,cell_line,sequence|cnn_ism,2,2,hct116;hl60,motif_cnn73_hl60_sequence_cnn_ism_351,1.0,ok,
motif_cnn33_hct116_sequence_cnn_ig_138,cell_line,sequence|cnn_ig,4,4,hct116;hek293t;hela;hl60,motif_cnn33_hek293t_sequence_cnn_ig_370;motif_cnn33_hek293t_sequence_cnn_ig_374;motif_cnn33_hela_sequence_cnn_ig_044;motif_cnn33_hela_sequence_cnn_ig_106;motif_cnn33_hl60_sequence_cnn_ig_432,1.0,ok,
motif_cnn33_hct116_all_cnn_ig_139,cell_line,all|cnn_ig,4,4,hct116;hek293t;hela;hl60,motif_cnn33_hek293t_all_cnn_ig_369;motif_cnn33_hek293t_all_cnn_ig_373;motif_cnn33_hela_all_cnn_ig_050;motif_cnn33_hela_all_cnn_ig_055;motif_cnn33_hl60_all_cnn_ig_431;motif_cnn33_hl60_all_cnn_ig_434,1.0,ok,
motif_cnn33_hct116_sequence_cnn_ig_140,cell_line,sequence|cnn_ig,4,4,hct116;hek293t;hela;hl60,motif_cnn33_hek293t_sequence_cnn_ig_370;motif_cnn33_hek293t_sequence_cnn_ig_374;motif_cnn33_hela_sequence_cnn_ig_044;motif_cnn33_hela_sequence_cnn_ig_106;motif_cnn33_hl60_sequence_cnn_ig_432,1.0,ok,
motif_cnn53_hct116_sequence_cnn_ig_141,cell_line,sequence|cnn_ig,4,4,hct116;hek293t;hela;hl60,motif_cnn53_hek293t_sequence_cnn_ig_376;motif_cnn53_hela_sequence_cnn_ig_045;motif_cnn53_hela_sequence_cnn_ig_054;motif_cnn53_hl60_sequence_cnn_ig_436;motif_cnn53_hl60_sequence_cnn_ig_445,1.0,ok,
motif_cnn53_hct116_all_cnn_ig_142,cell_line,all|cnn_ig,4,4,hct116;hek293t;hela;hl60,motif_cnn53_hek293t_all_cnn_ig_377;motif_cnn53_hek293t_all_cnn_ig_395;motif_cnn53_hela_all_cnn_ig_052;motif_cnn53_hela_all_cnn_ig_064;motif_cnn53_hl60_all_cnn_ig_435;motif_cnn53_hl60_all_cnn_ig_452,1.0,ok,
motif_cnn73_hct116_all_cnn_ig_143,cell_line,all|cnn_ig,4,4,hct116;hek293t;hela;hl60,motif_cnn73_hek293t_all_cnn_ig_379;motif_cnn73_hek293t_all_cnn_ig_381;motif_cnn73_hela_all_cnn_ig_046;motif_cnn73_hela_all_cnn_ig_048;motif_cnn73_hl60_all_cnn_ig_437;motif_cnn73_hl60_all_cnn_ig_439,1.0,ok,
motif_cnn73_hct116_sequence_cnn_ig_144,cell_line,sequence|cnn_ig,4,4,hct116;hek293t;hela;hl60,motif_cnn73_hek293t_sequence_cnn_ig_380;motif_cnn73_hek293t_sequence_cnn_ig_382;motif_cnn73_hela_sequence_cnn_ig_047;motif_cnn73_hela_sequence_cnn_ig_049;motif_cnn73_hl60_sequence_cnn_ig_438;motif_cnn73_hl60_sequence_cnn_ig_440,1.0,ok,
motif_cnn73_hct116_all_cnn_ig_145,cell_line,all|cnn_ig,4,4,hct116;hek293t;hela;hl60,motif_cnn73_hek293t_all_cnn_ig_379;motif_cnn73_hek293t_all_cnn_ig_381;motif_cnn73_hela_all_cnn_ig_046;motif_cnn73_hela_all_cnn_ig_048;motif_cnn73_hl60_all_cnn_ig_437;motif_cnn73_hl60_all_cnn_ig_439,1.0,ok,
motif_cnn73_hct116_sequence_cnn_ig_146,cell_line,sequence|cnn_ig,4,4,hct116;hek293t;hela;hl60,motif_cnn73_hek293t_sequence_cnn_ig_380;motif_cnn73_hek293t_sequence_cnn_ig_382;motif_cnn73_hela_sequence_cnn_ig_047;motif_cnn73_hela_sequence_cnn_ig_049;motif_cnn73_hl60_sequence_cnn_ig_438;motif_cnn73_hl60_sequence_cnn_ig_440,1.0,ok,
motif_cnn33_hela_sequence_cnn_ig_147,cell_line,sequence|cnn_ig,1,1,hela,,1.0,ok,
motif_cnn53_hct116_all_cnn_ig_148,cell_line,all|cnn_ig,4,4,hct116;hek293t;hela;hl60,motif_cnn53_hek293t_all_cnn_ig_272;motif_cnn53_hek293t_all_cnn_ig_299;motif_cnn53_hela_all_cnn_ig_035;motif_cnn53_hela_all_cnn_ig_043;motif_cnn53_hl60_all_cnn_ig_337;motif_cnn53_hl60_all_cnn_ig_415,1.0,ok,
motif_cnn53_hct116_all_cnn_ig_149,cell_line,all|cnn_ig,4,4,hct116;hek293t;hela;hl60,motif_cnn53_hek293t_all_cnn_ig_272;motif_cnn53_hek293t_all_cnn_ig_299;motif_cnn53_hela_all_cnn_ig_035;motif_cnn53_hela_all_cnn_ig_043;motif_cnn53_hl60_all_cnn_ig_337;motif_cnn53_hl60_all_cnn_ig_415,1.0,ok,
motif_cnn33_hela_all_cnn_ig_150,cell_line,all|cnn_ig,4,4,hct116;hek293t;hela;hl60,motif_cnn33_hct116_all_cnn_ig_164;motif_cnn33_hct116_all_cnn_ig_343;motif_cnn33_hek293t_all_cnn_ig_362;motif_cnn33_hek293t_all_cnn_ig_404;motif_cnn33_hl60_all_cnn_ig_300;motif_cnn33_hl60_all_cnn_ig_392,1.0,ok,
motif_cnn33_hela_sequence_cnn_ism_151,cell_line,sequence|cnn_ism,1,1,hela,,1.0,ok,
motif_cnn53_hct116_sequence_cnn_ig_152,cell_line,sequence|cnn_ig,4,4,hct116;hek293t;hela;hl60,motif_cnn53_hek293t_sequence_cnn_ig_264;motif_cnn53_hek293t_sequence_cnn_ig_273;motif_cnn53_hela_sequence_cnn_ig_036;motif_cnn53_hela_sequence_cnn_ig_042;motif_cnn53_hl60_sequence_cnn_ig_338;motif_cnn53_hl60_sequence_cnn_ig_442,1.0,ok,
motif_cnn33_hct116_all_cnn_ism_153,cell_line,all|cnn_ism,2,2,hct116;hela,motif_cnn33_hela_all_cnn_ism_053,1.0,ok,
motif_cnn53_hct116_all_cnn_ig_154,cell_line,all|cnn_ig,4,4,hct116;hek293t;hela;hl60,motif_cnn53_hek293t_all_cnn_ig_377;motif_cnn53_hek293t_all_cnn_ig_395;motif_cnn53_hela_all_cnn_ig_052;motif_cnn53_hela_all_cnn_ig_064;motif_cnn53_hl60_all_cnn_ig_435;motif_cnn53_hl60_all_cnn_ig_452,1.0,ok,
motif_cnn53_hct116_all_cnn_ig_155,cell_line,all|cnn_ig,4,4,hct116;hek293t;hela;hl60,motif_cnn53_hek293t_all_cnn_ig_298;motif_cnn53_hek293t_all_cnn_ig_355;motif_cnn53_hela_all_cnn_ig_026;motif_cnn53_hela_all_cnn_ig_069;motif_cnn53_hl60_all_cnn_ig_277;motif_cnn53_hl60_all_cnn_ig_279,1.0,ok,
motif_cnn53_hct116_sequence_cnn_ism_156,cell_line,sequence|cnn_ism,2,2,hct116;hek293t,motif_cnn53_hek293t_sequence_cnn_ism_585,1.0,ok,
motif_cnn73_hela_sequence_cnn_ism_157,cell_line,sequence|cnn_ism,2,2,hct116;hela,motif_cnn73_hct116_sequence_cnn_ism_349;motif_cnn73_hct116_sequence_cnn_ism_406,1.0,ok,
motif_cnn33_hela_sequence_cnn_ism_158,cell_line,sequence|cnn_ism,3,3,hct116;hek293t;hela,motif_cnn33_hct116_sequence_cnn_ism_372;motif_cnn33_hct116_sequence_cnn_ism_448;motif_cnn33_hek293t_sequence_cnn_ism_503;motif_cnn33_hek293t_sequence_cnn_ism_521,1.0,ok,
motif_cnn33_hela_all_cnn_ism_159,cell_line,all|cnn_ism,2,2,hct116;hela,motif_cnn33_hct116_all_cnn_ism_285;motif_cnn33_hct116_all_cnn_ism_288,1.0,ok,
motif_cnn33_hela_all_cnn_ism_160,cell_line,all|cnn_ism,2,2,hct116;hela,motif_cnn33_hct116_all_cnn_ism_285;motif_cnn33_hct116_all_cnn_ism_288;motif_cnn33_hct116_all_cnn_ism_309;motif_cnn33_hct116_all_cnn_ism_354,1.0,ok,
motif_cnn33_hela_sequence_cnn_ig_161,cell_line,sequence|cnn_ig,1,1,hela,,1.0,ok,
motif_cnn33_hela_sequence_cnn_ig_162,cell_line,sequence|cnn_ig,3,3,hct116;hela;hl60,motif_cnn33_hct116_sequence_cnn_ig_312;motif_cnn33_hl60_sequence_cnn_ig_462,1.0,ok,
motif_cnn53_hela_all_cnn_ig_163,cell_line,all|cnn_ig,1,1,hela,,1.0,ok,
motif_cnn33_hct116_all_cnn_ig_164,cell_line,all|cnn_ig,4,4,hct116;hek293t;hela;hl60,motif_cnn33_hek293t_all_cnn_ig_362;motif_cnn33_hek293t_all_cnn_ig_404;motif_cnn33_hela_all_cnn_ig_134;motif_cnn33_hela_all_cnn_ig_150;motif_cnn33_hl60_all_cnn_ig_300;motif_cnn33_hl60_all_cnn_ig_392,1.0,ok,
motif_cnn53_hct116_all_cnn_ig_165,cell_line,all|cnn_ig,4,4,hct116;hek293t;hela;hl60,motif_cnn53_hek293t_all_cnn_ig_375;motif_cnn53_hek293t_all_cnn_ig_378;motif_cnn53_hela_all_cnn_ig_058;motif_cnn53_hela_all_cnn_ig_083;motif_cnn53_hl60_all_cnn_ig_302;motif_cnn53_hl60_all_cnn_ig_304,1.0,ok,
motif_cnn53_hct116_sequence_cnn_ig_166,cell_line,sequence|cnn_ig,4,4,hct116;hek293t;hela;hl60,motif_cnn53_hek293t_sequence_cnn_ig_364;motif_cnn53_hela_sequence_cnn_ig_059;motif_cnn53_hela_sequence_cnn_ig_084;motif_cnn53_hl60_sequence_cnn_ig_287;motif_cnn53_hl60_sequence_cnn_ig_303,1.0,ok,
motif_cnn53_hct116_sequence_cnn_ig_167,cell_line,sequence|cnn_ig,4,4,hct116;hek293t;hela;hl60,motif_cnn53_hek293t_sequence_cnn_ig_364;motif_cnn53_hela_sequence_cnn_ig_059;motif_cnn53_hela_sequence_cnn_ig_084;motif_cnn53_hl60_sequence_cnn_ig_287;motif_cnn53_hl60_sequence_cnn_ig_303,1.0,ok,
motif_cnn73_hct116_all_cnn_ig_168,cell_line,all|cnn_ig,4,4,hct116;hek293t;hela;hl60,motif_cnn73_hek293t_all_cnn_ig_365;motif_cnn73_hek293t_all_cnn_ig_367;motif_cnn73_hela_all_cnn_ig_060;motif_cnn73_hela_all_cnn_ig_062;motif_cnn73_hl60_all_cnn_ig_305;motif_cnn73_hl60_all_cnn_ig_307,1.0,ok,
motif_cnn73_hct116_sequence_cnn_ig_169,cell_line,sequence|cnn_ig,4,4,hct116;hek293t;hela;hl60,motif_cnn73_hek293t_sequence_cnn_ig_366;motif_cnn73_hek293t_sequence_cnn_ig_368;motif_cnn73_hela_sequence_cnn_ig_061;motif_cnn73_hela_sequence_cnn_ig_063;motif_cnn73_hl60_sequence_cnn_ig_306;motif_cnn73_hl60_sequence_cnn_ig_308,1.0,ok,
motif_cnn73_hct116_all_cnn_ig_170,cell_line,all|cnn_ig,4,4,hct116;hek293t;hela;hl60,motif_cnn73_hek293t_all_cnn_ig_365;motif_cnn73_hek293t_all_cnn_ig_367;motif_cnn73_hela_all_cnn_ig_060;motif_cnn73_hela_all_cnn_ig_062;motif_cnn73_hl60_all_cnn_ig_305;motif_cnn73_hl60_all_cnn_ig_307,1.0,ok,
motif_cnn73_hct116_sequence_cnn_ig_171,cell_line,sequence|cnn_ig,4,4,hct116;hek293t;hela;hl60,motif_cnn73_hek293t_sequence_cnn_ig_366;motif_cnn73_hek293t_sequence_cnn_ig_368;motif_cnn73_hela_sequence_cnn_ig_061;motif_cnn73_hela_sequence_cnn_ig_063;motif_cnn73_hl60_sequence_cnn_ig_306;motif_cnn73_hl60_sequence_cnn_ig_308,1.0,ok,
motif_cnn53_hct116_sequence_cnn_ism_172,cell_line,sequence|cnn_ism,1,1,hct116,,1.0,ok,
motif_cnn33_hela_sequence_cnn_ism_173,cell_line,sequence|cnn_ism,1,1,hela,,1.0,ok,
motif_cnn33_hela_sequence_cnn_ig_174,cell_line,sequence|cnn_ig,2,2,hct116;hela,motif_cnn33_hct116_sequence_cnn_ig_223,1.0,ok,
motif_cnn33_hela_all_cnn_ig_175,cell_line,all|cnn_ig,3,3,hct116;hela;hl60,motif_cnn33_hct116_all_cnn_ig_412;motif_cnn33_hl60_all_cnn_ig_460;motif_cnn33_hl60_all_cnn_ig_461,1.0,ok,
motif_cnn33_hct116_sequence_cnn_ig_176,cell_line,sequence|cnn_ig,4,4,hct116;hek293t;hela;hl60,motif_cnn33_hek293t_sequence_cnn_ig_290;motif_cnn33_hek293t_sequence_cnn_ig_292;motif_cnn33_hela_sequence_cnn_ig_025;motif_cnn33_hela_sequence_cnn_ig_065;motif_cnn33_hl60_sequence_cnn_ig_275;motif_cnn33_hl60_sequence_cnn_ig_405,1.0,ok,
motif_cnn53_hct116_sequence_cnn_ism_177,cell_line,sequence|cnn_ism,1,1,hct116,,1.0,ok,
motif_cnn73_hela_sequence_cnn_ism_178,cell_line,sequence|cnn_ism,1,1,hela,,1.0,ok,
motif_cnn33_hct116_all_cnn_ig_179,cell_line,all|cnn_ig,4,4,hct116;hek293t;hela;hl60,motif_cnn33_hek293t_all_cnn_ig_260;motif_cnn33_hek293t_all_cnn_ig_262;motif_cnn33_hela_all_cnn_ig_032;motif_cnn33_hela_all_cnn_ig_034;motif_cnn33_hl60_all_cnn_ig_334;motif_cnn33_hl60_all_cnn_ig_336,1.0,ok,
motif_cnn53_hela_sequence_cnn_ig_180,cell_line,sequence|cnn_ig,1,1,hela,,1.0,ok,
motif_cnn33_hela_all_cnn_ig_181,cell_line,all|cnn_ig,3,3,hct116;hela;hl60,motif_cnn33_hct116_all_cnn_ig_412;motif_cnn33_hl60_all_cnn_ig_460;motif_cnn33_hl60_all_cnn_ig_461,1.0,ok,
motif_cnn73_hela_sequence_cnn_ism_182,cell_line,sequence|cnn_ism,2,2,hct116;hela,motif_cnn73_hct116_sequence_cnn_ism_349;motif_cnn73_hct116_sequence_cnn_ism_406,1.0,ok,
motif_cnn73_hela_sequence_cnn_ism_183,cell_line,sequence|cnn_ism,1,1,hela,,1.0,ok,
motif_cnn33_hct116_all_cnn_ism_184,cell_line,all|cnn_ism,2,2,hct116;hela,motif_cnn33_hela_all_cnn_ism_071,1.0,ok,
motif_cnn53_hct116_all_cnn_ig_185,cell_line,all|cnn_ig,4,4,hct116;hek293t;hela;hl60,motif_cnn53_hek293t_all_cnn_ig_375;motif_cnn53_hek293t_all_cnn_ig_378;motif_cnn53_hela_all_cnn_ig_058;motif_cnn53_hela_all_cnn_ig_083;motif_cnn53_hl60_all_cnn_ig_302;motif_cnn53_hl60_all_cnn_ig_304,1.0,ok,
motif_cnn73_hct116_sequence_cnn_ism_186,cell_line,sequence|cnn_ism,3,3,hct116;hela;hl60,motif_cnn73_hela_sequence_cnn_ism_051;motif_cnn73_hl60_sequence_cnn_ism_463,1.0,ok,
motif_cnn53_hct116_sequence_cnn_ig_187,cell_line,sequence|cnn_ig,4,4,hct116;hek293t;hela;hl60,motif_cnn53_hek293t_sequence_cnn_ig_376;motif_cnn53_hela_sequence_cnn_ig_045;motif_cnn53_hela_sequence_cnn_ig_054;motif_cnn53_hl60_sequence_cnn_ig_436;motif_cnn53_hl60_sequence_cnn_ig_445,1.0,ok,
motif_cnn73_hct116_sequence_cnn_ism_188,cell_line,sequence|cnn_ism,3,3,hct116;hela;hl60,motif_cnn73_hela_sequence_cnn_ism_068;motif_cnn73_hela_sequence_cnn_ism_488;motif_cnn73_hl60_sequence_cnn_ism_356,1.0,ok,
motif_cnn33_hct116_sequence_cnn_ig_189,cell_line,sequence|cnn_ig,4,4,hct116;hek293t;hela;hl60,motif_cnn33_hek293t_sequence_cnn_ig_361;motif_cnn33_hek293t_sequence_cnn_ig_363;motif_cnn33_hela_sequence_cnn_ig_057;motif_cnn33_hela_sequence_cnn_ig_085;motif_cnn33_hl60_sequence_cnn_ig_301,1.0,ok,
motif_cnn33_hela_sequence_cnn_ism_190,cell_line,sequence|cnn_ism,3,3,hct116;hek293t;hela,motif_cnn33_hct116_sequence_cnn_ism_408;motif_cnn33_hct116_sequence_cnn_ism_448;motif_cnn33_hek293t_sequence_cnn_ism_503;motif_cnn33_hek293t_sequence_cnn_ism_521,1.0,ok,
motif_cnn33_hct116_all_cnn_ig_191,cell_line,all|cnn_ig,2,2,hct116;hela,motif_cnn33_hela_all_cnn_ig_105;motif_cnn33_hela_all_cnn_ig_217,1.0,ok,
motif_cnn53_hct116_sequence_cnn_ig_192,cell_line,sequence|cnn_ig,3,3,hct116;hek293t;hela,motif_cnn53_hek293t_sequence_cnn_ig_456;motif_cnn53_hela_sequence_cnn_ig_107;motif_cnn53_hela_sequence_cnn_ig_108,1.0,ok,
motif_cnn73_hct116_all_cnn_ig_193,cell_line,all|cnn_ig,2,2,hct116;hela,motif_cnn73_hela_all_cnn_ig_087;motif_cnn73_hela_all_cnn_ig_089,1.0,ok,
motif_cnn73_hct116_sequence_cnn_ig_194,cell_line,sequence|cnn_ig,2,2,hct116;hela,motif_cnn73_hela_sequence_cnn_ig_088;motif_cnn73_hela_sequence_cnn_ig_090,1.0,ok,
motif_cnn73_hct116_all_cnn_ig_195,cell_line,all|cnn_ig,2,2,hct116;hela,motif_cnn73_hela_all_cnn_ig_087;motif_cnn73_hela_all_cnn_ig_089,1.0,ok,
motif_cnn73_hct116_sequence_cnn_ig_196,cell_line,sequence|cnn_ig,2,2,hct116;hela,motif_cnn73_hela_sequence_cnn_ig_088;motif_cnn73_hela_sequence_cnn_ig_090,1.0,ok,
motif_cnn53_hct116_sequence_cnn_ism_197,cell_line,sequence|cnn_ism,1,1,hct116,,1.0,ok,
motif_cnn33_hela_all_cnn_ig_198,cell_line,all|cnn_ig,1,1,hela,,1.0,ok,
motif_cnn33_hela_sequence_cnn_ism_199,cell_line,sequence|cnn_ism,1,1,hela,,1.0,ok,
motif_cnn33_hela_sequence_cnn_ism_200,cell_line,sequence|cnn_ism,2,2,hek293t;hela,motif_cnn33_hek293t_sequence_cnn_ism_503,1.0,ok,
motif_cnn53_hct116_all_cnn_ig_201,cell_line,all|cnn_ig,2,2,hct116;hela,motif_cnn53_hela_all_cnn_ig_118;motif_cnn53_hela_all_cnn_ig_135,1.0,ok,
motif_cnn53_hct116_all_cnn_ig_202,cell_line,all|cnn_ig,2,2,hct116;hela,motif_cnn53_hela_all_cnn_ig_118;motif_cnn53_hela_all_cnn_ig_135,1.0,ok,
motif_cnn73_hela_sequence_cnn_ism_203,cell_line,sequence|cnn_ism,1,1,hela,,1.0,ok,
motif_cnn33_hek293t_all_cnn_ig_204,cell_line,all|cnn_ig,4,4,hct116;hek293t;hela;hl60,motif_cnn33_hct116_all_cnn_ig_073;motif_cnn33_hct116_all_cnn_ig_091;motif_cnn33_hela_all_cnn_ig_002;motif_cnn33_hela_all_cnn_ig_009;motif_cnn33_hl60_all_cnn_ig_247;motif_cnn33_hl60_all_cnn_ig_249,1.0,ok,
motif_cnn33_hek293t_sequence_cnn_ig_205,cell_line,sequence|cnn_ig,4,4,hct116;hek293t;hela;hl60,motif_cnn33_hct116_sequence_cnn_ig_072;motif_cnn33_hct116_sequence_cnn_ig_074;motif_cnn33_hela_sequence_cnn_ig_001;motif_cnn33_hl60_sequence_cnn_ig_248,1.0,ok,
motif_cnn33_hela_sequence_cnn_ism_206,cell_line,sequence|cnn_ism,1,1,hela,,1.0,ok,
motif_cnn33_hek293t_all_cnn_ig_207,cell_line,all|cnn_ig,4,4,hct116;hek293t;hela;hl60,motif_cnn33_hct116_all_cnn_ig_073;motif_cnn33_hct116_all_cnn_ig_091;motif_cnn33_hela_all_cnn_ig_002;motif_cnn33_hela_all_cnn_ig_009;motif_cnn33_hl60_all_cnn_ig_247;motif_cnn33_hl60_all_cnn_ig_249,1.0,ok,
motif_cnn33_hek293t_sequence_cnn_ig_208,cell_line,sequence|cnn_ig,4,4,hct116;hek293t;hela;hl60,motif_cnn33_hct116_sequence_cnn_ig_072;motif_cnn33_hct116_sequence_cnn_ig_074;motif_cnn33_hela_sequence_cnn_ig_001;motif_cnn33_hl60_sequence_cnn_ig_248,1.0,ok,
motif_cnn53_hek293t_sequence_cnn_ig_209,cell_line,sequence|cnn_ig,4,4,hct116;hek293t;hela;hl60,motif_cnn53_hct116_sequence_cnn_ig_076;motif_cnn53_hct116_sequence_cnn_ig_078;motif_cnn53_hela_sequence_cnn_ig_003;motif_cnn53_hela_sequence_cnn_ig_010;motif_cnn53_hl60_sequence_cnn_ig_251;motif_cnn53_hl60_sequence_cnn_ig_254,1.0,ok,
motif_cnn53_hek293t_all_cnn_ig_210,cell_line,all|cnn_ig,4,4,hct116;hek293t;hela;hl60,motif_cnn53_hct116_all_cnn_ig_075;motif_cnn53_hct116_all_cnn_ig_077;motif_cnn53_hela_all_cnn_ig_011;motif_cnn53_hela_all_cnn_ig_022;motif_cnn53_hl60_all_cnn_ig_250;motif_cnn53_hl60_all_cnn_ig_253,1.0,ok,
motif_cnn73_hek293t_all_cnn_ig_211,cell_line,all|cnn_ig,4,4,hct116;hek293t;hela;hl60,motif_cnn73_hct116_all_cnn_ig_079;motif_cnn73_hct116_all_cnn_ig_081;motif_cnn73_hela_all_cnn_ig_004;motif_cnn73_hela_all_cnn_ig_006;motif_cnn73_hl60_all_cnn_ig_255;motif_cnn73_hl60_all_cnn_ig_257,1.0,ok,
motif_cnn73_hek293t_sequence_cnn_ig_212,cell_line,sequence|cnn_ig,4,4,hct116;hek293t;hela;hl60,motif_cnn73_hct116_sequence_cnn_ig_080;motif_cnn73_hct116_sequence_cnn_ig_082;motif_cnn73_hela_sequence_cnn_ig_005;motif_cnn73_hela_sequence_cnn_ig_007;motif_cnn73_hl60_sequence_cnn_ig_256;motif_cnn73_hl60_sequence_cnn_ig_258,1.0,ok,
motif_cnn73_hek293t_all_cnn_ig_213,cell_line,all|cnn_ig,4,4,hct116;hek293t;hela;hl60,motif_cnn73_hct116_all_cnn_ig_079;motif_cnn73_hct116_all_cnn_ig_081;motif_cnn73_hela_all_cnn_ig_004;motif_cnn73_hela_all_cnn_ig_006;motif_cnn73_hl60_all_cnn_ig_255;motif_cnn73_hl60_all_cnn_ig_257,1.0,ok,
motif_cnn73_hek293t_sequence_cnn_ig_214,cell_line,sequence|cnn_ig,4,4,hct116;hek293t;hela;hl60,motif_cnn73_hct116_sequence_cnn_ig_080;motif_cnn73_hct116_sequence_cnn_ig_082;motif_cnn73_hela_sequence_cnn_ig_005;motif_cnn73_hela_sequence_cnn_ig_007;motif_cnn73_hl60_sequence_cnn_ig_256;motif_cnn73_hl60_sequence_cnn_ig_258,1.0,ok,
motif_cnn53_hct116_sequence_cnn_ism_215,cell_line,sequence|cnn_ism,2,2,hct116;hek293t,motif_cnn53_hek293t_sequence_cnn_ism_646,1.0,ok,
motif_cnn53_hek293t_all_cnn_ig_216,cell_line,all|cnn_ig,4,4,hct116;hek293t;hela;hl60,motif_cnn53_hct116_all_cnn_ig_075;motif_cnn53_hct116_all_cnn_ig_077;motif_cnn53_hela_all_cnn_ig_011;motif_cnn53_hela_all_cnn_ig_022;motif_cnn53_hl60_all_cnn_ig_250;motif_cnn53_hl60_all_cnn_ig_253,1.0,ok,
motif_cnn33_hela_all_cnn_ig_217,cell_line,all|cnn_ig,2,2,hct116;hela,motif_cnn33_hct116_all_cnn_ig_191,1.0,ok,
motif_cnn53_hct116_sequence_cnn_ig_218,cell_line,sequence|cnn_ig,3,3,hct116;hek293t;hela,motif_cnn53_hek293t_sequence_cnn_ig_456;motif_cnn53_hela_sequence_cnn_ig_107;motif_cnn53_hela_sequence_cnn_ig_108,1.0,ok,
motif_cnn33_hct116_all_cnn_ig_219,cell_line,all|cnn_ig,4,4,hct116;hek293t;hela;hl60,motif_cnn33_hek293t_all_cnn_ig_369;motif_cnn33_hek293t_all_cnn_ig_373;motif_cnn33_hela_all_cnn_ig_050;motif_cnn33_hela_all_cnn_ig_055;motif_cnn33_hl60_all_cnn_ig_431;motif_cnn33_hl60_all_cnn_ig_434,1.0,ok,
motif_cnn53_hela_all_cnn_ism_220,cell_line,all|cnn_ism,1,1,hela,,1.0,ok,
motif_cnn73_hct116_sequence_cnn_ism_221,cell_line,sequence|cnn_ism,3,3,hct116;hela;hl60,motif_cnn73_hela_sequence_cnn_ism_092;motif_cnn73_hl60_sequence_cnn_ism_491,1.0,ok,
motif_cnn33_hct116_sequence_cnn_ig_222,cell_line,sequence|cnn_ig,4,4,hct116;hek293t;hela;hl60,motif_cnn33_hek293t_sequence_cnn_ig_361;motif_cnn33_hek293t_sequence_cnn_ig_363;motif_cnn33_hela_sequence_cnn_ig_057;motif_cnn33_hela_sequence_cnn_ig_085;motif_cnn33_hl60_sequence_cnn_ig_301,1.0,ok,
motif_cnn33_hct116_sequence_cnn_ig_223,cell_line,sequence|cnn_ig,2,2,hct116;hela,motif_cnn33_hela_sequence_cnn_ig_174,1.0,ok,
motif_cnn33_hek293t_all_cnn_ig_224,cell_line,all|cnn_ig,4,4,hct116;hek293t;hela;hl60,motif_cnn33_hct116_all_cnn_ig_094;motif_cnn33_hct116_all_cnn_ig_096;motif_cnn33_hela_all_cnn_ig_021;motif_cnn33_hl60_all_cnn_ig_310;motif_cnn33_hl60_all_cnn_ig_313,1.0,ok,
motif_cnn33_hek293t_sequence_cnn_ig_225,cell_line,sequence|cnn_ig,4,4,hct116;hek293t;hela;hl60,motif_cnn33_hct116_sequence_cnn_ig_095;motif_cnn33_hela_sequence_cnn_ig_012;motif_cnn33_hela_sequence_cnn_ig_013;motif_cnn33_hl60_sequence_cnn_ig_311;motif_cnn33_hl60_sequence_cnn_ig_314,1.0,ok,
motif_cnn33_hct116_all_cnn_ig_226,cell_line,all|cnn_ig,1,1,hct116,,1.0,ok,
motif_cnn33_hek293t_all_cnn_ig_227,cell_line,all|cnn_ig,4,4,hct116;hek293t;hela;hl60,motif_cnn33_hct116_all_cnn_ig_094;motif_cnn33_hct116_all_cnn_ig_096;motif_cnn33_hela_all_cnn_ig_021;motif_cnn33_hl60_all_cnn_ig_310;motif_cnn33_hl60_all_cnn_ig_313,1.0,ok,
motif_cnn33_hek293t_sequence_cnn_ig_228,cell_line,sequence|cnn_ig,4,4,hct116;hek293t;hela;hl60,motif_cnn33_hct116_sequence_cnn_ig_095;motif_cnn33_hela_sequence_cnn_ig_012;motif_cnn33_hela_sequence_cnn_ig_013;motif_cnn33_hl60_sequence_cnn_ig_311;motif_cnn33_hl60_sequence_cnn_ig_314,1.0,ok,
motif_cnn53_hct116_sequence_cnn_ig_229,cell_line,sequence|cnn_ig,3,3,hct116;hek293t;hela,motif_cnn53_hek293t_sequence_cnn_ig_507;motif_cnn53_hek293t_sequence_cnn_ig_522;motif_cnn53_hela_sequence_cnn_ig_121,1.0,ok,
motif_cnn53_hek293t_sequence_cnn_ig_230,cell_line,sequence|cnn_ig,4,4,hct116;hek293t;hela;hl60,motif_cnn53_hct116_sequence_cnn_ig_098;motif_cnn53_hct116_sequence_cnn_ig_100;motif_cnn53_hela_sequence_cnn_ig_015;motif_cnn53_hela_sequence_cnn_ig_024;motif_cnn53_hl60_sequence_cnn_ig_316;motif_cnn53_hl60_sequence_cnn_ig_344,1.0,ok,
motif_cnn53_hek293t_all_cnn_ig_231,cell_line,all|cnn_ig,4,4,hct116;hek293t;hela;hl60,motif_cnn53_hct116_all_cnn_ig_097;motif_cnn53_hct116_all_cnn_ig_099;motif_cnn53_hela_all_cnn_ig_014;motif_cnn53_hela_all_cnn_ig_016;motif_cnn53_hl60_all_cnn_ig_315;motif_cnn53_hl60_all_cnn_ig_321,1.0,ok,
motif_cnn73_hct116_sequence_cnn_ig_232,cell_line,sequence|cnn_ig,2,2,hct116;hela,motif_cnn73_hela_sequence_cnn_ig_123;motif_cnn73_hela_sequence_cnn_ig_125,1.0,ok,
motif_cnn73_hek293t_all_cnn_ig_233,cell_line,all|cnn_ig,4,4,hct116;hek293t;hela;hl60,motif_cnn73_hct116_all_cnn_ig_101;motif_cnn73_hct116_all_cnn_ig_103;motif_cnn73_hela_all_cnn_ig_017;motif_cnn73_hela_all_cnn_ig_019;motif_cnn73_hl60_all_cnn_ig_317;motif_cnn73_hl60_all_cnn_ig_319,1.0,ok,
motif_cnn73_hek293t_sequence_cnn_ig_234,cell_line,sequence|cnn_ig,4,4,hct116;hek293t;hela;hl60,motif_cnn73_hct116_sequence_cnn_ig_102;motif_cnn73_hct116_sequence_cnn_ig_104;motif_cnn73_hela_sequence_cnn_ig_018;motif_cnn73_hela_sequence_cnn_ig_020;motif_cnn73_hl60_sequence_cnn_ig_318;motif_cnn73_hl60_sequence_cnn_ig_320,1.0,ok,
motif_cnn73_hek293t_all_cnn_ig_235,cell_line,all|cnn_ig,4,4,hct116;hek293t;hela;hl60,motif_cnn73_hct116_all_cnn_ig_101;motif_cnn73_hct116_all_cnn_ig_103;motif_cnn73_hela_all_cnn_ig_017;motif_cnn73_hela_all_cnn_ig_019;motif_cnn73_hl60_all_cnn_ig_317;motif_cnn73_hl60_all_cnn_ig_319,1.0,ok,
motif_cnn73_hek293t_sequence_cnn_ig_236,cell_line,sequence|cnn_ig,4,4,hct116;hek293t;hela;hl60,motif_cnn73_hct116_sequence_cnn_ig_102;motif_cnn73_hct116_sequence_cnn_ig_104;motif_cnn73_hela_sequence_cnn_ig_018;motif_cnn73_hela_sequence_cnn_ig_020;motif_cnn73_hl60_sequence_cnn_ig_318;motif_cnn73_hl60_sequence_cnn_ig_320,1.0,ok,
motif_cnn33_hek293t_sequence_cnn_ism_237,cell_line,sequence|cnn_ism,1,1,hek293t,,1.0,ok,
motif_cnn53_hek293t_all_cnn_ig_238,cell_line,all|cnn_ig,4,4,hct116;hek293t;hela;hl60,motif_cnn53_hct116_all_cnn_ig_097;motif_cnn53_hct116_all_cnn_ig_099;motif_cnn53_hela_all_cnn_ig_014;motif_cnn53_hela_all_cnn_ig_016;motif_cnn53_hl60_all_cnn_ig_315;motif_cnn53_hl60_all_cnn_ig_321,1.0,ok,
motif_cnn53_hct116_all_cnn_ig_239,cell_line,all|cnn_ig,2,2,hct116;hl60,motif_cnn53_hl60_all_cnn_ig_397;motif_cnn53_hl60_all_cnn_ig_399,1.0,ok,
motif_cnn53_hct116_sequence_cnn_ig_240,cell_line,sequence|cnn_ig,2,2,hct116;hl60,motif_cnn53_hl60_sequence_cnn_ig_393;motif_cnn53_hl60_sequence_cnn_ig_398,1.0,ok,
motif_cnn73_hct116_all_cnn_ig_241,cell_line,all|cnn_ig,2,2,hct116;hl60,motif_cnn73_hl60_all_cnn_ig_400;motif_cnn73_hl60_all_cnn_ig_402,1.0,ok,
motif_cnn73_hct116_sequence_cnn_ig_242,cell_line,sequence|cnn_ig,2,2,hct116;hl60,motif_cnn73_hl60_sequence_cnn_ig_401;motif_cnn73_hl60_sequence_cnn_ig_403,1.0,ok,
motif_cnn53_hct116_sequence_cnn_ism_243,cell_line,sequence|cnn_ism,1,1,hct116,,1.0,ok,
motif_cnn73_hct116_sequence_cnn_ism_244,cell_line,sequence|cnn_ism,1,1,hct116,,1.0,ok,
motif_cnn73_hct116_all_cnn_ig_245,cell_line,all|cnn_ig,1,1,hct116,,1.0,ok,
motif_cnn33_hela_all_cnn_ism_246,cell_line,all|cnn_ism,1,1,hela,,1.0,ok,
motif_cnn33_hl60_all_cnn_ig_247,cell_line,all|cnn_ig,4,4,hct116;hek293t;hela;hl60,motif_cnn33_hct116_all_cnn_ig_073;motif_cnn33_hct116_all_cnn_ig_091;motif_cnn33_hek293t_all_cnn_ig_204;motif_cnn33_hek293t_all_cnn_ig_207;motif_cnn33_hela_all_cnn_ig_002;motif_cnn33_hela_all_cnn_ig_009,1.0,ok,
motif_cnn33_hl60_sequence_cnn_ig_248,cell_line,sequence|cnn_ig,4,4,hct116;hek293t;hela;hl60,motif_cnn33_hct116_sequence_cnn_ig_072;motif_cnn33_hct116_sequence_cnn_ig_074;motif_cnn33_hek293t_sequence_cnn_ig_205;motif_cnn33_hek293t_sequence_cnn_ig_208;motif_cnn33_hela_sequence_cnn_ig_001,1.0,ok,
motif_cnn33_hl60_all_cnn_ig_249,cell_line,all|cnn_ig,4,4,hct116;hek293t;hela;hl60,motif_cnn33_hct116_all_cnn_ig_073;motif_cnn33_hct116_all_cnn_ig_091;motif_cnn33_hek293t_all_cnn_ig_204;motif_cnn33_hek293t_all_cnn_ig_207;motif_cnn33_hela_all_cnn_ig_002;motif_cnn33_hela_all_cnn_ig_009,1.0,ok,
motif_cnn53_hl60_all_cnn_ig_250,cell_line,all|cnn_ig,4,4,hct116;hek293t;hela;hl60,motif_cnn53_hct116_all_cnn_ig_075;motif_cnn53_hct116_all_cnn_ig_077;motif_cnn53_hek293t_all_cnn_ig_210;motif_cnn53_hek293t_all_cnn_ig_216;motif_cnn53_hela_all_cnn_ig_011;motif_cnn53_hela_all_cnn_ig_022,1.0,ok,
motif_cnn53_hl60_sequence_cnn_ig_251,cell_line,sequence|cnn_ig,4,4,hct116;hek293t;hela;hl60,motif_cnn53_hct116_sequence_cnn_ig_076;motif_cnn53_hct116_sequence_cnn_ig_078;motif_cnn53_hek293t_sequence_cnn_ig_209;motif_cnn53_hela_sequence_cnn_ig_003;motif_cnn53_hela_sequence_cnn_ig_010,1.0,ok,
motif_cnn53_hek293t_sequence_cnn_ig_252,cell_line,sequence|cnn_ig,4,4,hct116;hek293t;hela;hl60,motif_cnn53_hct116_sequence_cnn_ig_098;motif_cnn53_hct116_sequence_cnn_ig_100;motif_cnn53_hela_sequence_cnn_ig_015;motif_cnn53_hela_sequence_cnn_ig_024;motif_cnn53_hl60_sequence_cnn_ig_316;motif_cnn53_hl60_sequence_cnn_ig_344,1.0,ok,
motif_cnn53_hl60_all_cnn_ig_253,cell_line,all|cnn_ig,4,4,hct116;hek293t;hela;hl60,motif_cnn53_hct116_all_cnn_ig_075;motif_cnn53_hct116_all_cnn_ig_077;motif_cnn53_hek293t_all_cnn_ig_210;motif_cnn53_hek293t_all_cnn_ig_216;motif_cnn53_hela_all_cnn_ig_011;motif_cnn53_hela_all_cnn_ig_022,1.0,ok,
motif_cnn53_hl60_sequence_cnn_ig_254,cell_line,sequence|cnn_ig,4,4,hct116;hek293t;hela;hl60,motif_cnn53_hct116_sequence_cnn_ig_076;motif_cnn53_hct116_sequence_cnn_ig_078;motif_cnn53_hek293t_sequence_cnn_ig_209;motif_cnn53_hela_sequence_cnn_ig_003;motif_cnn53_hela_sequence_cnn_ig_010,1.0,ok,
motif_cnn73_hl60_all_cnn_ig_255,cell_line,all|cnn_ig,4,4,hct116;hek293t;hela;hl60,motif_cnn73_hct116_all_cnn_ig_079;motif_cnn73_hct116_all_cnn_ig_081;motif_cnn73_hek293t_all_cnn_ig_211;motif_cnn73_hek293t_all_cnn_ig_213;motif_cnn73_hela_all_cnn_ig_004;motif_cnn73_hela_all_cnn_ig_006,1.0,ok,
motif_cnn73_hl60_sequence_cnn_ig_256,cell_line,sequence|cnn_ig,4,4,hct116;hek293t;hela;hl60,motif_cnn73_hct116_sequence_cnn_ig_080;motif_cnn73_hct116_sequence_cnn_ig_082;motif_cnn73_hek293t_sequence_cnn_ig_212;motif_cnn73_hek293t_sequence_cnn_ig_214;motif_cnn73_hela_sequence_cnn_ig_005;motif_cnn73_hela_sequence_cnn_ig_007,1.0,ok,
motif_cnn73_hl60_all_cnn_ig_257,cell_line,all|cnn_ig,4,4,hct116;hek293t;hela;hl60,motif_cnn73_hct116_all_cnn_ig_079;motif_cnn73_hct116_all_cnn_ig_081;motif_cnn73_hek293t_all_cnn_ig_211;motif_cnn73_hek293t_all_cnn_ig_213;motif_cnn73_hela_all_cnn_ig_004;motif_cnn73_hela_all_cnn_ig_006,1.0,ok,
motif_cnn73_hl60_sequence_cnn_ig_258,cell_line,sequence|cnn_ig,4,4,hct116;hek293t;hela;hl60,motif_cnn73_hct116_sequence_cnn_ig_080;motif_cnn73_hct116_sequence_cnn_ig_082;motif_cnn73_hek293t_sequence_cnn_ig_212;motif_cnn73_hek293t_sequence_cnn_ig_214;motif_cnn73_hela_sequence_cnn_ig_005;motif_cnn73_hela_sequence_cnn_ig_007,1.0,ok,
motif_cnn33_hct116_all_cnn_ig_259,cell_line,all|cnn_ig,4,4,hct116;hek293t;hela;hl60,motif_cnn33_hek293t_all_cnn_ig_291;motif_cnn33_hek293t_all_cnn_ig_347;motif_cnn33_hela_all_cnn_ig_070;motif_cnn33_hela_all_cnn_ig_109;motif_cnn33_hl60_all_cnn_ig_274;motif_cnn33_hl60_all_cnn_ig_418,1.0,ok,
motif_cnn33_hek293t_all_cnn_ig_260,cell_line,all|cnn_ig,4,4,hct116;hek293t;hela;hl60,motif_cnn33_hct116_all_cnn_ig_127;motif_cnn33_hct116_all_cnn_ig_179;motif_cnn33_hela_all_cnn_ig_032;motif_cnn33_hela_all_cnn_ig_034;motif_cnn33_hl60_all_cnn_ig_334;motif_cnn33_hl60_all_cnn_ig_336,1.0,ok,
motif_cnn33_hek293t_sequence_cnn_ig_261,cell_line,sequence|cnn_ig,4,4,hct116;hek293t;hela;hl60,motif_cnn33_hct116_sequence_cnn_ig_126;motif_cnn33_hct116_sequence_cnn_ig_128;motif_cnn33_hela_sequence_cnn_ig_033;motif_cnn33_hela_sequence_cnn_ig_066;motif_cnn33_hl60_sequence_cnn_ig_335;motif_cnn33_hl60_sequence_cnn_ig_416,1.0,ok,
motif_cnn33_hek293t_all_cnn_ig_262,cell_line,all|cnn_ig,4,4,hct116;hek293t;hela;hl60,motif_cnn33_hct116_all_cnn_ig_127;motif_cnn33_hct116_all_cnn_ig_179;motif_cnn33_hela_all_cnn_ig_032;motif_cnn33_hela_all_cnn_ig_034;motif_cnn33_hl60_all_cnn_ig_334;motif_cnn33_hl60_all_cnn_ig_336,1.0,ok,
motif_cnn33_hek293t_sequence_cnn_ig_263,cell_line,sequence|cnn_ig,4,4,hct116;hek293t;hela;hl60,motif_cnn33_hct116_sequence_cnn_ig_126;motif_cnn33_hct116_sequence_cnn_ig_128;motif_cnn33_hela_sequence_cnn_ig_033;motif_cnn33_hela_sequence_cnn_ig_066;motif_cnn33_hl60_sequence_cnn_ig_335;motif_cnn33_hl60_sequence_cnn_ig_416,1.0,ok,
motif_cnn53_hek293t_sequence_cnn_ig_264,cell_line,sequence|cnn_ig,4,4,hct116;hek293t;hela;hl60,motif_cnn53_hct116_sequence_cnn_ig_129;motif_cnn53_hct116_sequence_cnn_ig_152;motif_cnn53_hela_sequence_cnn_ig_036;motif_cnn53_hela_sequence_cnn_ig_042;motif_cnn53_hl60_sequence_cnn_ig_338;motif_cnn53_hl60_sequence_cnn_ig_442,1.0,ok,
motif_cnn73_hek293t_all_cnn_ig_265,cell_line,all|cnn_ig,4,4,hct116;hek293t;hela;hl60,motif_cnn73_hct116_all_cnn_ig_130;motif_cnn73_hct116_all_cnn_ig_132;motif_cnn73_hela_all_cnn_ig_037;motif_cnn73_hela_all_cnn_ig_039;motif_cnn73_hl60_all_cnn_ig_339;motif_cnn73_hl60_all_cnn_ig_341,1.0,ok,
motif_cnn73_hek293t_sequence_cnn_ig_266,cell_line,sequence|cnn_ig,4,4,hct116;hek293t;hela;hl60,motif_cnn73_hct116_sequence_cnn_ig_131;motif_cnn73_hct116_sequence_cnn_ig_133;motif_cnn73_hela_sequence_cnn_ig_038;motif_cnn73_hela_sequence_cnn_ig_040;motif_cnn73_hl60_sequence_cnn_ig_340;motif_cnn73_hl60_sequence_cnn_ig_342,1.0,ok,
motif_cnn73_hek293t_all_cnn_ig_267,cell_line,all|cnn_ig,4,4,hct116;hek293t;hela;hl60,motif_cnn73_hct116_all_cnn_ig_130;motif_cnn73_hct116_all_cnn_ig_132;motif_cnn73_hela_all_cnn_ig_037;motif_cnn73_hela_all_cnn_ig_039;motif_cnn73_hl60_all_cnn_ig_339;motif_cnn73_hl60_all_cnn_ig_341,1.0,ok,
motif_cnn73_hek293t_sequence_cnn_ig_268,cell_line,sequence|cnn_ig,4,4,hct116;hek293t;hela;hl60,motif_cnn73_hct116_sequence_cnn_ig_131;motif_cnn73_hct116_sequence_cnn_ig_133;motif_cnn73_hela_sequence_cnn_ig_038;motif_cnn73_hela_sequence_cnn_ig_040;motif_cnn73_hl60_sequence_cnn_ig_340;motif_cnn73_hl60_sequence_cnn_ig_342,1.0,ok,
motif_cnn53_hl60_sequence_cnn_ig_269,cell_line,sequence|cnn_ig,4,4,hct116;hek293t;hela;hl60,motif_cnn53_hct116_sequence_cnn_ig_112;motif_cnn53_hct116_sequence_cnn_ig_113;motif_cnn53_hek293t_sequence_cnn_ig_293;motif_cnn53_hek293t_sequence_cnn_ig_333;motif_cnn53_hela_sequence_cnn_ig_027;motif_cnn53_hela_sequence_cnn_ig_067,1.0,ok,
motif_cnn33_hct116_sequence_cnn_ig_270,cell_line,sequence|cnn_ig,1,1,hct116,,1.0,ok,
motif_cnn33_hct116_sequence_cnn_ig_271,cell_line,sequence|cnn_ig,1,1,hct116,,1.0,ok,
motif_cnn53_hek293t_all_cnn_ig_272,cell_line,all|cnn_ig,4,4,hct116;hek293t;hela;hl60,motif_cnn53_hct116_all_cnn_ig_148;motif_cnn53_hct116_all_cnn_ig_149;motif_cnn53_hela_all_cnn_ig_035;motif_cnn53_hela_all_cnn_ig_043;motif_cnn53_hl60_all_cnn_ig_337;motif_cnn53_hl60_all_cnn_ig_415,1.0,ok,
motif_cnn53_hek293t_sequence_cnn_ig_273,cell_line,sequence|cnn_ig,4,4,hct116;hek293t;hela;hl60,motif_cnn53_hct116_sequence_cnn_ig_129;motif_cnn53_hct116_sequence_cnn_ig_152;motif_cnn53_hela_sequence_cnn_ig_036;motif_cnn53_hela_sequence_cnn_ig_042;motif_cnn53_hl60_sequence_cnn_ig_338;motif_cnn53_hl60_sequence_cnn_ig_442,1.0,ok,
motif_cnn33_hl60_all_cnn_ig_274,cell_line,all|cnn_ig,4,4,hct116;hek293t;hela;hl60,motif_cnn33_hct116_all_cnn_ig_110;motif_cnn33_hct116_all_cnn_ig_259;motif_cnn33_hek293t_all_cnn_ig_291;motif_cnn33_hek293t_all_cnn_ig_347;motif_cnn33_hela_all_cnn_ig_070;motif_cnn33_hela_all_cnn_ig_109,1.0,ok,
motif_cnn33_hl60_sequence_cnn_ig_275,cell_line,sequence|cnn_ig,4,4,hct116;hek293t;hela;hl60,motif_cnn33_hct116_sequence_cnn_ig_136;motif_cnn33_hct116_sequence_cnn_ig_176;motif_cnn33_hek293t_sequence_cnn_ig_290;motif_cnn33_hek293t_sequence_cnn_ig_292;motif_cnn33_hela_sequence_cnn_ig_025;motif_cnn33_hela_sequence_cnn_ig_065,1.0,ok,
motif_cnn33_hct116_sequence_cnn_ism_276,cell_line,sequence|cnn_ism,1,1,hct116,,1.0,ok,
motif_cnn53_hl60_all_cnn_ig_277,cell_line,all|cnn_ig,4,4,hct116;hek293t;hela;hl60,motif_cnn53_hct116_all_cnn_ig_111;motif_cnn53_hct116_all_cnn_ig_155;motif_cnn53_hek293t_all_cnn_ig_298;motif_cnn53_hek293t_all_cnn_ig_355;motif_cnn53_hela_all_cnn_ig_026;motif_cnn53_hela_all_cnn_ig_069,1.0,ok,
motif_cnn53_hl60_sequence_cnn_ig_278,cell_line,sequence|cnn_ig,4,4,hct116;hek293t;hela;hl60,motif_cnn53_hct116_sequence_cnn_ig_112;motif_cnn53_hct116_sequence_cnn_ig_113;motif_cnn53_hek293t_sequence_cnn_ig_293;motif_cnn53_hek293t_sequence_cnn_ig_333;motif_cnn53_hela_sequence_cnn_ig_027;motif_cnn53_hela_sequence_cnn_ig_067,1.0,ok,
motif_cnn53_hl60_all_cnn_ig_279,cell_line,all|cnn_ig,4,4,hct116;hek293t;hela;hl60,motif_cnn53_hct116_all_cnn_ig_111;motif_cnn53_hct116_all_cnn_ig_155;motif_cnn53_hek293t_all_cnn_ig_298;motif_cnn53_hek293t_all_cnn_ig_355;motif_cnn53_hela_all_cnn_ig_026;motif_cnn53_hela_all_cnn_ig_069,1.0,ok,
motif_cnn73_hl60_all_cnn_ig_280,cell_line,all|cnn_ig,4,4,hct116;hek293t;hela;hl60,motif_cnn73_hct116_all_cnn_ig_114;motif_cnn73_hct116_all_cnn_ig_116;motif_cnn73_hek293t_all_cnn_ig_294;motif_cnn73_hek293t_all_cnn_ig_296;motif_cnn73_hela_all_cnn_ig_028;motif_cnn73_hela_all_cnn_ig_030,1.0,ok,
motif_cnn73_hl60_sequence_cnn_ig_281,cell_line,sequence|cnn_ig,4,4,hct116;hek293t;hela;hl60,motif_cnn73_hct116_sequence_cnn_ig_115;motif_cnn73_hct116_sequence_cnn_ig_117;motif_cnn73_hek293t_sequence_cnn_ig_295;motif_cnn73_hek293t_sequence_cnn_ig_297;motif_cnn73_hela_sequence_cnn_ig_029;motif_cnn73_hela_sequence_cnn_ig_031,1.0,ok,
motif_cnn73_hct116_sequence_cnn_ism_282,cell_line,sequence|cnn_ism,2,2,hct116;hl60,motif_cnn73_hl60_sequence_cnn_ism_469,1.0,ok,
motif_cnn73_hl60_all_cnn_ig_283,cell_line,all|cnn_ig,4,4,hct116;hek293t;hela;hl60,motif_cnn73_hct116_all_cnn_ig_114;motif_cnn73_hct116_all_cnn_ig_116;motif_cnn73_hek293t_all_cnn_ig_294;motif_cnn73_hek293t_all_cnn_ig_296;motif_cnn73_hela_all_cnn_ig_028;motif_cnn73_hela_all_cnn_ig_030,1.0,ok,
motif_cnn73_hl60_sequence_cnn_ig_284,cell_line,sequence|cnn_ig,4,4,hct116;hek293t;hela;hl60,motif_cnn73_hct116_sequence_cnn_ig_115;motif_cnn73_hct116_sequence_cnn_ig_117;motif_cnn73_hek293t_sequence_cnn_ig_295;motif_cnn73_hek293t_sequence_cnn_ig_297;motif_cnn73_hela_sequence_cnn_ig_029;motif_cnn73_hela_sequence_cnn_ig_031,1.0,ok,
motif_cnn33_hct116_all_cnn_ism_285,cell_line,all|cnn_ism,2,2,hct116;hela,motif_cnn33_hela_all_cnn_ism_159;motif_cnn33_hela_all_cnn_ism_160,1.0,ok,
motif_cnn33_hct116_sequence_cnn_ig_286,cell_line,sequence|cnn_ig,2,2,hct116;hela,motif_cnn33_hela_sequence_cnn_ig_086,1.0,ok,
motif_cnn53_hl60_sequence_cnn_ig_287,cell_line,sequence|cnn_ig,4,4,hct116;hek293t;hela;hl60,motif_cnn53_hct116_sequence_cnn_ig_166;motif_cnn53_hct116_sequence_cnn_ig_167;motif_cnn53_hek293t_sequence_cnn_ig_364;motif_cnn53_hela_sequence_cnn_ig_059;motif_cnn53_hela_sequence_cnn_ig_084,1.0,ok,
motif_cnn33_hct116_all_cnn_ism_288,cell_line,all|cnn_ism,2,2,hct116;hela,motif_cnn33_hela_all_cnn_ism_159;motif_cnn33_hela_all_cnn_ism_160,1.0,ok,
motif_cnn53_hct116_all_cnn_ig_289,cell_line,all|cnn_ig,1,1,hct116,,1.0,ok,
motif_cnn33_hek293t_sequence_cnn_ig_290,cell_line,sequence|cnn_ig,4,4,hct116;hek293t;hela;hl60,motif_cnn33_hct116_sequence_cnn_ig_136;motif_cnn33_hct116_sequence_cnn_ig_176;motif_cnn33_hela_sequence_cnn_ig_025;motif_cnn33_hela_sequence_cnn_ig_065;motif_cnn33_hl60_sequence_cnn_ig_275;motif_cnn33_hl60_sequence_cnn_ig_405,1.0,ok,
motif_cnn33_hek293t_all_cnn_ig_291,cell_line,all|cnn_ig,4,4,hct116;hek293t;hela;hl60,motif_cnn33_hct116_all_cnn_ig_110;motif_cnn33_hct116_all_cnn_ig_259;motif_cnn33_hela_all_cnn_ig_070;motif_cnn33_hela_all_cnn_ig_109;motif_cnn33_hl60_all_cnn_ig_274;motif_cnn33_hl60_all_cnn_ig_418,1.0,ok,
motif_cnn33_hek293t_sequence_cnn_ig_292,cell_line,sequence|cnn_ig,4,4,hct116;hek293t;hela;hl60,motif_cnn33_hct116_sequence_cnn_ig_136;motif_cnn33_hct116_sequence_cnn_ig_176;motif_cnn33_hela_sequence_cnn_ig_025;motif_cnn33_hela_sequence_cnn_ig_065;motif_cnn33_hl60_sequence_cnn_ig_275;motif_cnn33_hl60_sequence_cnn_ig_405,1.0,ok,
motif_cnn53_hek293t_sequence_cnn_ig_293,cell_line,sequence|cnn_ig,4,4,hct116;hek293t;hela;hl60,motif_cnn53_hct116_sequence_cnn_ig_112;motif_cnn53_hct116_sequence_cnn_ig_113;motif_cnn53_hela_sequence_cnn_ig_027;motif_cnn53_hela_sequence_cnn_ig_067;motif_cnn53_hl60_sequence_cnn_ig_269;motif_cnn53_hl60_sequence_cnn_ig_278,1.0,ok,
motif_cnn73_hek293t_all_cnn_ig_294,cell_line,all|cnn_ig,4,4,hct116;hek293t;hela;hl60,motif_cnn73_hct116_all_cnn_ig_114;motif_cnn73_hct116_all_cnn_ig_116;motif_cnn73_hela_all_cnn_ig_028;motif_cnn73_hela_all_cnn_ig_030;motif_cnn73_hl60_all_cnn_ig_280;motif_cnn73_hl60_all_cnn_ig_283,1.0,ok,
motif_cnn73_hek293t_sequence_cnn_ig_295,cell_line,sequence|cnn_ig,4,4,hct116;hek293t;hela;hl60,motif_cnn73_hct116_sequence_cnn_ig_115;motif_cnn73_hct116_sequence_cnn_ig_117;motif_cnn73_hela_sequence_cnn_ig_029;motif_cnn73_hela_sequence_cnn_ig_031;motif_cnn73_hl60_sequence_cnn_ig_281;motif_cnn73_hl60_sequence_cnn_ig_284,1.0,ok,
motif_cnn73_hek293t_all_cnn_ig_296,cell_line,all|cnn_ig,4,4,hct116;hek293t;hela;hl60,motif_cnn73_hct116_all_cnn_ig_114;motif_cnn73_hct116_all_cnn_ig_116;motif_cnn73_hela_all_cnn_ig_028;motif_cnn73_hela_all_cnn_ig_030;motif_cnn73_hl60_all_cnn_ig_280;motif_cnn73_hl60_all_cnn_ig_283,1.0,ok,
motif_cnn73_hek293t_sequence_cnn_ig_297,cell_line,sequence|cnn_ig,4,4,hct116;hek293t;hela;hl60,motif_cnn73_hct116_sequence_cnn_ig_115;motif_cnn73_hct116_sequence_cnn_ig_117;motif_cnn73_hela_sequence_cnn_ig_029;motif_cnn73_hela_sequence_cnn_ig_031;motif_cnn73_hl60_sequence_cnn_ig_281;motif_cnn73_hl60_sequence_cnn_ig_284,1.0,ok,
motif_cnn53_hek293t_all_cnn_ig_298,cell_line,all|cnn_ig,4,4,hct116;hek293t;hela;hl60,motif_cnn53_hct116_all_cnn_ig_111;motif_cnn53_hct116_all_cnn_ig_155;motif_cnn53_hela_all_cnn_ig_026;motif_cnn53_hela_all_cnn_ig_069;motif_cnn53_hl60_all_cnn_ig_277;motif_cnn53_hl60_all_cnn_ig_279,1.0,ok,
motif_cnn53_hek293t_all_cnn_ig_299,cell_line,all|cnn_ig,4,4,hct116;hek293t;hela;hl60,motif_cnn53_hct116_all_cnn_ig_148;motif_cnn53_hct116_all_cnn_ig_149;motif_cnn53_hela_all_cnn_ig_035;motif_cnn53_hela_all_cnn_ig_043;motif_cnn53_hl60_all_cnn_ig_337;motif_cnn53_hl60_all_cnn_ig_415,1.0,ok,
motif_cnn33_hl60_all_cnn_ig_300,cell_line,all|cnn_ig,4,4,hct116;hek293t;hela;hl60,motif_cnn33_hct116_all_cnn_ig_164;motif_cnn33_hct116_all_cnn_ig_343;motif_cnn33_hek293t_all_cnn_ig_362;motif_cnn33_hek293t_all_cnn_ig_404;motif_cnn33_hela_all_cnn_ig_134;motif_cnn33_hela_all_cnn_ig_150,1.0,ok,
motif_cnn33_hl60_sequence_cnn_ig_301,cell_line,sequence|cnn_ig,4,4,hct116;hek293t;hela;hl60,motif_cnn33_hct116_sequence_cnn_ig_189;motif_cnn33_hct116_sequence_cnn_ig_222;motif_cnn33_hek293t_sequence_cnn_ig_361;motif_cnn33_hek293t_sequence_cnn_ig_363;motif_cnn33_hela_sequence_cnn_ig_057;motif_cnn33_hela_sequence_cnn_ig_085,1.0,ok,
motif_cnn53_hl60_all_cnn_ig_302,cell_line,all|cnn_ig,4,4,hct116;hek293t;hela;hl60,motif_cnn53_hct116_all_cnn_ig_165;motif_cnn53_hct116_all_cnn_ig_185;motif_cnn53_hek293t_all_cnn_ig_375;motif_cnn53_hek293t_all_cnn_ig_378;motif_cnn53_hela_all_cnn_ig_058;motif_cnn53_hela_all_cnn_ig_083,1.0,ok,
motif_cnn53_hl60_sequence_cnn_ig_303,cell_line,sequence|cnn_ig,4,4,hct116;hek293t;hela;hl60,motif_cnn53_hct116_sequence_cnn_ig_166;motif_cnn53_hct116_sequence_cnn_ig_167;motif_cnn53_hek293t_sequence_cnn_ig_364;motif_cnn53_hela_sequence_cnn_ig_059;motif_cnn53_hela_sequence_cnn_ig_084,1.0,ok,
motif_cnn53_hl60_all_cnn_ig_304,cell_line,all|cnn_ig,4,4,hct116;hek293t;hela;hl60,motif_cnn53_hct116_all_cnn_ig_165;motif_cnn53_hct116_all_cnn_ig_185;motif_cnn53_hek293t_all_cnn_ig_375;motif_cnn53_hek293t_all_cnn_ig_378;motif_cnn53_hela_all_cnn_ig_058;motif_cnn53_hela_all_cnn_ig_083,1.0,ok,
motif_cnn73_hl60_all_cnn_ig_305,cell_line,all|cnn_ig,4,4,hct116;hek293t;hela;hl60,motif_cnn73_hct116_all_cnn_ig_168;motif_cnn73_hct116_all_cnn_ig_170;motif_cnn73_hek293t_all_cnn_ig_365;motif_cnn73_hek293t_all_cnn_ig_367;motif_cnn73_hela_all_cnn_ig_060;motif_cnn73_hela_all_cnn_ig_062,1.0,ok,
motif_cnn73_hl60_sequence_cnn_ig_306,cell_line,sequence|cnn_ig,4,4,hct116;hek293t;hela;hl60,motif_cnn73_hct116_sequence_cnn_ig_169;motif_cnn73_hct116_sequence_cnn_ig_171;motif_cnn73_hek293t_sequence_cnn_ig_366;motif_cnn73_hek293t_sequence_cnn_ig_368;motif_cnn73_hela_sequence_cnn_ig_061;motif_cnn73_hela_sequence_cnn_ig_063,1.0,ok,
motif_cnn73_hl60_all_cnn_ig_307,cell_line,all|cnn_ig,4,4,hct116;hek293t;hela;hl60,motif_cnn73_hct116_all_cnn_ig_168;motif_cnn73_hct116_all_cnn_ig_170;motif_cnn73_hek293t_all_cnn_ig_365;motif_cnn73_hek293t_all_cnn_ig_367;motif_cnn73_hela_all_cnn_ig_060;motif_cnn73_hela_all_cnn_ig_062,1.0,ok,
motif_cnn73_hl60_sequence_cnn_ig_308,cell_line,sequence|cnn_ig,4,4,hct116;hek293t;hela;hl60,motif_cnn73_hct116_sequence_cnn_ig_169;motif_cnn73_hct116_sequence_cnn_ig_171;motif_cnn73_hek293t_sequence_cnn_ig_366;motif_cnn73_hek293t_sequence_cnn_ig_368;motif_cnn73_hela_sequence_cnn_ig_061;motif_cnn73_hela_sequence_cnn_ig_063,1.0,ok,
motif_cnn33_hct116_all_cnn_ism_309,cell_line,all|cnn_ism,3,3,hct116;hela;hl60,motif_cnn33_hela_all_cnn_ism_160;motif_cnn33_hl60_all_cnn_ism_628,1.0,ok,
motif_cnn33_hl60_all_cnn_ig_310,cell_line,all|cnn_ig,4,4,hct116;hek293t;hela;hl60,motif_cnn33_hct116_all_cnn_ig_094;motif_cnn33_hct116_all_cnn_ig_096;motif_cnn33_hek293t_all_cnn_ig_224;motif_cnn33_hek293t_all_cnn_ig_227;motif_cnn33_hela_all_cnn_ig_021,1.0,ok,
motif_cnn33_hl60_sequence_cnn_ig_311,cell_line,sequence|cnn_ig,4,4,hct116;hek293t;hela;hl60,motif_cnn33_hct116_sequence_cnn_ig_095;motif_cnn33_hek293t_sequence_cnn_ig_225;motif_cnn33_hek293t_sequence_cnn_ig_228;motif_cnn33_hela_sequence_cnn_ig_012;motif_cnn33_hela_sequence_cnn_ig_013,1.0,ok,
motif_cnn33_hct116_sequence_cnn_ig_312,cell_line,sequence|cnn_ig,3,3,hct116;hela;hl60,motif_cnn33_hela_sequence_cnn_ig_162;motif_cnn33_hl60_sequence_cnn_ig_462,1.0,ok,
motif_cnn33_hl60_all_cnn_ig_313,cell_line,all|cnn_ig,4,4,hct116;hek293t;hela;hl60,motif_cnn33_hct116_all_cnn_ig_094;motif_cnn33_hct116_all_cnn_ig_096;motif_cnn33_hek293t_all_cnn_ig_224;motif_cnn33_hek293t_all_cnn_ig_227;motif_cnn33_hela_all_cnn_ig_021,1.0,ok,
motif_cnn33_hl60_sequence_cnn_ig_314,cell_line,sequence|cnn_ig,4,4,hct116;hek293t;hela;hl60,motif_cnn33_hct116_sequence_cnn_ig_095;motif_cnn33_hek293t_sequence_cnn_ig_225;motif_cnn33_hek293t_sequence_cnn_ig_228;motif_cnn33_hela_sequence_cnn_ig_012;motif_cnn33_hela_sequence_cnn_ig_013,1.0,ok,
motif_cnn53_hl60_all_cnn_ig_315,cell_line,all|cnn_ig,4,4,hct116;hek293t;hela;hl60,motif_cnn53_hct116_all_cnn_ig_097;motif_cnn53_hct116_all_cnn_ig_099;motif_cnn53_hek293t_all_cnn_ig_231;motif_cnn53_hek293t_all_cnn_ig_238;motif_cnn53_hela_all_cnn_ig_014;motif_cnn53_hela_all_cnn_ig_016,1.0,ok,
motif_cnn53_hl60_sequence_cnn_ig_316,cell_line,sequence|cnn_ig,4,4,hct116;hek293t;hela;hl60,motif_cnn53_hct116_sequence_cnn_ig_098;motif_cnn53_hct116_sequence_cnn_ig_100;motif_cnn53_hek293t_sequence_cnn_ig_230;motif_cnn53_hek293t_sequence_cnn_ig_252;motif_cnn53_hela_sequence_cnn_ig_015;motif_cnn53_hela_sequence_cnn_ig_024,1.0,ok,
motif_cnn73_hl60_all_cnn_ig_317,cell_line,all|cnn_ig,4,4,hct116;hek293t;hela;hl60,motif_cnn73_hct116_all_cnn_ig_101;motif_cnn73_hct116_all_cnn_ig_103;motif_cnn73_hek293t_all_cnn_ig_233;motif_cnn73_hek293t_all_cnn_ig_235;motif_cnn73_hela_all_cnn_ig_017;motif_cnn73_hela_all_cnn_ig_019,1.0,ok,
motif_cnn73_hl60_sequence_cnn_ig_318,cell_line,sequence|cnn_ig,4,4,hct116;hek293t;hela;hl60,motif_cnn73_hct116_sequence_cnn_ig_102;motif_cnn73_hct116_sequence_cnn_ig_104;motif_cnn73_hek293t_sequence_cnn_ig_234;motif_cnn73_hek293t_sequence_cnn_ig_236;motif_cnn73_hela_sequence_cnn_ig_018;motif_cnn73_hela_sequence_cnn_ig_020,1.0,ok,
motif_cnn73_hl60_all_cnn_ig_319,cell_line,all|cnn_ig,4,4,hct116;hek293t;hela;hl60,motif_cnn73_hct116_all_cnn_ig_101;motif_cnn73_hct116_all_cnn_ig_103;motif_cnn73_hek293t_all_cnn_ig_233;motif_cnn73_hek293t_all_cnn_ig_235;motif_cnn73_hela_all_cnn_ig_017;motif_cnn73_hela_all_cnn_ig_019,1.0,ok,
motif_cnn73_hl60_sequence_cnn_ig_320,cell_line,sequence|cnn_ig,4,4,hct116;hek293t;hela;hl60,motif_cnn73_hct116_sequence_cnn_ig_102;motif_cnn73_hct116_sequence_cnn_ig_104;motif_cnn73_hek293t_sequence_cnn_ig_234;motif_cnn73_hek293t_sequence_cnn_ig_236;motif_cnn73_hela_sequence_cnn_ig_018;motif_cnn73_hela_sequence_cnn_ig_020,1.0,ok,
motif_cnn53_hl60_all_cnn_ig_321,cell_line,all|cnn_ig,4,4,hct116;hek293t;hela;hl60,motif_cnn53_hct116_all_cnn_ig_097;motif_cnn53_hct116_all_cnn_ig_099;motif_cnn53_hek293t_all_cnn_ig_231;motif_cnn53_hek293t_all_cnn_ig_238;motif_cnn53_hela_all_cnn_ig_014;motif_cnn53_hela_all_cnn_ig_016,1.0,ok,
motif_cnn33_hek293t_all_cnn_ig_322,cell_line,all|cnn_ig,2,2,hek293t;hl60,motif_cnn33_hl60_all_cnn_ig_421;motif_cnn33_hl60_all_cnn_ig_423,1.0,ok,
motif_cnn33_hek293t_sequence_cnn_ig_323,cell_line,sequence|cnn_ig,2,2,hek293t;hl60,motif_cnn33_hl60_sequence_cnn_ig_422,1.0,ok,
motif_cnn33_hek293t_all_cnn_ig_324,cell_line,all|cnn_ig,2,2,hek293t;hl60,motif_cnn33_hl60_all_cnn_ig_421;motif_cnn33_hl60_all_cnn_ig_423,1.0,ok,
motif_cnn33_hek293t_sequence_cnn_ig_325,cell_line,sequence|cnn_ig,2,2,hek293t;hl60,motif_cnn33_hl60_sequence_cnn_ig_422,1.0,ok,
motif_cnn53_hek293t_all_cnn_ig_326,cell_line,all|cnn_ig,2,2,hek293t;hl60,motif_cnn53_hl60_all_cnn_ig_424;motif_cnn53_hl60_all_cnn_ig_441,1.0,ok,
motif_cnn53_hek293t_sequence_cnn_ig_327,cell_line,sequence|cnn_ig,2,2,hek293t;hl60,motif_cnn53_hl60_sequence_cnn_ig_425;motif_cnn53_hl60_sequence_cnn_ig_430,1.0,ok,
motif_cnn53_hek293t_all_cnn_ig_328,cell_line,all|cnn_ig,2,2,hek293t;hl60,motif_cnn53_hl60_all_cnn_ig_424;motif_cnn53_hl60_all_cnn_ig_441,1.0,ok,
motif_cnn73_hek293t_all_cnn_ig_329,cell_line,all|cnn_ig,2,2,hek293t;hl60,motif_cnn73_hl60_all_cnn_ig_426;motif_cnn73_hl60_all_cnn_ig_428,1.0,ok,
motif_cnn73_hek293t_sequence_cnn_ig_330,cell_line,sequence|cnn_ig,2,2,hek293t;hl60,motif_cnn73_hl60_sequence_cnn_ig_427;motif_cnn73_hl60_sequence_cnn_ig_429,1.0,ok,
motif_cnn73_hek293t_all_cnn_ig_331,cell_line,all|cnn_ig,2,2,hek293t;hl60,motif_cnn73_hl60_all_cnn_ig_426;motif_cnn73_hl60_all_cnn_ig_428,1.0,ok,
motif_cnn73_hek293t_sequence_cnn_ig_332,cell_line,sequence|cnn_ig,2,2,hek293t;hl60,motif_cnn73_hl60_sequence_cnn_ig_427;motif_cnn73_hl60_sequence_cnn_ig_429,1.0,ok,
motif_cnn53_hek293t_sequence_cnn_ig_333,cell_line,sequence|cnn_ig,4,4,hct116;hek293t;hela;hl60,motif_cnn53_hct116_sequence_cnn_ig_112;motif_cnn53_hct116_sequence_cnn_ig_113;motif_cnn53_hela_sequence_cnn_ig_027;motif_cnn53_hela_sequence_cnn_ig_067;motif_cnn53_hl60_sequence_cnn_ig_269;motif_cnn53_hl60_sequence_cnn_ig_278,1.0,ok,
motif_cnn33_hl60_all_cnn_ig_334,cell_line,all|cnn_ig,4,4,hct116;hek293t;hela;hl60,motif_cnn33_hct116_all_cnn_ig_127;motif_cnn33_hct116_all_cnn_ig_179;motif_cnn33_hek293t_all_cnn_ig_260;motif_cnn33_hek293t_all_cnn_ig_262;motif_cnn33_hela_all_cnn_ig_032;motif_cnn33_hela_all_cnn_ig_034,1.0,ok,
motif_cnn33_hl60_sequence_cnn_ig_335,cell_line,sequence|cnn_ig,4,4,hct116;hek293t;hela;hl60,motif_cnn33_hct116_sequence_cnn_ig_126;motif_cnn33_hct116_sequence_cnn_ig_128;motif_cnn33_hek293t_sequence_cnn_ig_261;motif_cnn33_hek293t_sequence_cnn_ig_263;motif_cnn33_hela_sequence_cnn_ig_033;motif_cnn33_hela_sequence_cnn_ig_066,1.0,ok,
motif_cnn33_hl60_all_cnn_ig_336,cell_line,all|cnn_ig,4,4,hct116;hek293t;hela;hl60,motif_cnn33_hct116_all_cnn_ig_127;motif_cnn33_hct116_all_cnn_ig_179;motif_cnn33_hek293t_all_cnn_ig_260;motif_cnn33_hek293t_all_cnn_ig_262;motif_cnn33_hela_all_cnn_ig_032;motif_cnn33_hela_all_cnn_ig_034,1.0,ok,
motif_cnn53_hl60_all_cnn_ig_337,cell_line,all|cnn_ig,4,4,hct116;hek293t;hela;hl60,motif_cnn53_hct116_all_cnn_ig_148;motif_cnn53_hct116_all_cnn_ig_149;motif_cnn53_hek293t_all_cnn_ig_272;motif_cnn53_hek293t_all_cnn_ig_299;motif_cnn53_hela_all_cnn_ig_035;motif_cnn53_hela_all_cnn_ig_043,1.0,ok,
motif_cnn53_hl60_sequence_cnn_ig_338,cell_line,sequence|cnn_ig,4,4,hct116;hek293t;hela;hl60,motif_cnn53_hct116_sequence_cnn_ig_129;motif_cnn53_hct116_sequence_cnn_ig_152;motif_cnn53_hek293t_sequence_cnn_ig_264;motif_cnn53_hek293t_sequence_cnn_ig_273;motif_cnn53_hela_sequence_cnn_ig_036;motif_cnn53_hela_sequence_cnn_ig_042,1.0,ok,
motif_cnn73_hl60_all_cnn_ig_339,cell_line,all|cnn_ig,4,4,hct116;hek293t;hela;hl60,motif_cnn73_hct116_all_cnn_ig_130;motif_cnn73_hct116_all_cnn_ig_132;motif_cnn73_hek293t_all_cnn_ig_265;motif_cnn73_hek293t_all_cnn_ig_267;motif_cnn73_hela_all_cnn_ig_037;motif_cnn73_hela_all_cnn_ig_039,1.0,ok,
motif_cnn73_hl60_sequence_cnn_ig_340,cell_line,sequence|cnn_ig,4,4,hct116;hek293t;hela;hl60,motif_cnn73_hct116_sequence_cnn_ig_131;motif_cnn73_hct116_sequence_cnn_ig_133;motif_cnn73_hek293t_sequence_cnn_ig_266;motif_cnn73_hek293t_sequence_cnn_ig_268;motif_cnn73_hela_sequence_cnn_ig_038;motif_cnn73_hela_sequence_cnn_ig_040,1.0,ok,
motif_cnn73_hl60_all_cnn_ig_341,cell_line,all|cnn_ig,4,4,hct116;hek293t;hela;hl60,motif_cnn73_hct116_all_cnn_ig_130;motif_cnn73_hct116_all_cnn_ig_132;motif_cnn73_hek293t_all_cnn_ig_265;motif_cnn73_hek293t_all_cnn_ig_267;motif_cnn73_hela_all_cnn_ig_037;motif_cnn73_hela_all_cnn_ig_039,1.0,ok,
motif_cnn73_hl60_sequence_cnn_ig_342,cell_line,sequence|cnn_ig,4,4,hct116;hek293t;hela;hl60,motif_cnn73_hct116_sequence_cnn_ig_131;motif_cnn73_hct116_sequence_cnn_ig_133;motif_cnn73_hek293t_sequence_cnn_ig_266;motif_cnn73_hek293t_sequence_cnn_ig_268;motif_cnn73_hela_sequence_cnn_ig_038;motif_cnn73_hela_sequence_cnn_ig_040,1.0,ok,
motif_cnn33_hct116_all_cnn_ig_343,cell_line,all|cnn_ig,4,4,hct116;hek293t;hela;hl60,motif_cnn33_hek293t_all_cnn_ig_362;motif_cnn33_hek293t_all_cnn_ig_404;motif_cnn33_hela_all_cnn_ig_134;motif_cnn33_hela_all_cnn_ig_150;motif_cnn33_hl60_all_cnn_ig_300;motif_cnn33_hl60_all_cnn_ig_392,1.0,ok,
motif_cnn53_hl60_sequence_cnn_ig_344,cell_line,sequence|cnn_ig,4,4,hct116;hek293t;hela;hl60,motif_cnn53_hct116_sequence_cnn_ig_098;motif_cnn53_hct116_sequence_cnn_ig_100;motif_cnn53_hek293t_sequence_cnn_ig_230;motif_cnn53_hek293t_sequence_cnn_ig_252;motif_cnn53_hela_sequence_cnn_ig_015;motif_cnn53_hela_sequence_cnn_ig_024,1.0,ok,
motif_cnn33_hek293t_sequence_cnn_ism_345,cell_line,sequence|cnn_ism,1,1,hek293t,,1.0,ok,
motif_cnn33_hct116_sequence_cnn_ism_346,cell_line,sequence|cnn_ism,1,1,hct116,,1.0,ok,
motif_cnn33_hek293t_all_cnn_ig_347,cell_line,all|cnn_ig,4,4,hct116;hek293t;hela;hl60,motif_cnn33_hct116_all_cnn_ig_110;motif_cnn33_hct116_all_cnn_ig_259;motif_cnn33_hela_all_cnn_ig_070;motif_cnn33_hela_all_cnn_ig_109;motif_cnn33_hl60_all_cnn_ig_274;motif_cnn33_hl60_all_cnn_ig_418,1.0,ok,
motif_cnn53_hela_sequence_cnn_ism_348,cell_line,sequence|cnn_ism,1,1,hela,,1.0,ok,
motif_cnn73_hct116_sequence_cnn_ism_349,cell_line,sequence|cnn_ism,2,2,hct116;hela,motif_cnn73_hela_sequence_cnn_ism_157;motif_cnn73_hela_sequence_cnn_ism_182,1.0,ok,
motif_cnn53_hct116_sequence_cnn_ism_350,cell_line,sequence|cnn_ism,1,1,hct116,,1.0,ok,
motif_cnn73_hl60_sequence_cnn_ism_351,cell_line,sequence|cnn_ism,2,2,hct116;hl60,motif_cnn73_hct116_sequence_cnn_ism_137,1.0,ok,
motif_cnn33_hct116_all_cnn_ism_352,cell_line,all|cnn_ism,1,1,hct116,,1.0,ok,
motif_cnn33_hct116_all_cnn_ism_353,cell_line,all|cnn_ism,3,3,hct116;hela;hl60,motif_cnn33_hela_all_cnn_ism_483;motif_cnn33_hl60_all_cnn_ism_628,1.0,ok,
motif_cnn33_hct116_all_cnn_ism_354,cell_line,all|cnn_ism,2,2,hct116;hela,motif_cnn33_hela_all_cnn_ism_160,1.0,ok,
motif_cnn53_hek293t_all_cnn_ig_355,cell_line,all|cnn_ig,4,4,hct116;hek293t;hela;hl60,motif_cnn53_hct116_all_cnn_ig_111;motif_cnn53_hct116_all_cnn_ig_155;motif_cnn53_hela_all_cnn_ig_026;motif_cnn53_hela_all_cnn_ig_069;motif_cnn53_hl60_all_cnn_ig_277;motif_cnn53_hl60_all_cnn_ig_279,1.0,ok,
motif_cnn73_hl60_sequence_cnn_ism_356,cell_line,sequence|cnn_ism,3,3,hct116;hela;hl60,motif_cnn73_hct116_sequence_cnn_ism_188;motif_cnn73_hela_sequence_cnn_ism_068;motif_cnn73_hela_sequence_cnn_ism_488,1.0,ok,
motif_cnn53_hct116_sequence_cnn_ism_357,cell_line,sequence|cnn_ism,1,1,hct116,,1.0,ok,
motif_cnn73_hl60_all_cnn_ism_358,cell_line,all|cnn_ism,1,1,hl60,,1.0,ok,
motif_cnn53_hela_sequence_cnn_ism_359,cell_line,sequence|cnn_ism,1,1,hela,,1.0,ok,
motif_cnn73_hl60_all_cnn_ism_360,cell_line,all|cnn_ism,1,1,hl60,,1.0,ok,
motif_cnn33_hek293t_sequence_cnn_ig_361,cell_line,sequence|cnn_ig,4,4,hct116;hek293t;hela;hl60,motif_cnn33_hct116_sequence_cnn_ig_189;motif_cnn33_hct116_sequence_cnn_ig_222;motif_cnn33_hela_sequence_cnn_ig_057;motif_cnn33_hela_sequence_cnn_ig_085;motif_cnn33_hl60_sequence_cnn_ig_301,1.0,ok,
motif_cnn33_hek293t_all_cnn_ig_362,cell_line,all|cnn_ig,4,4,hct116;hek293t;hela;hl60,motif_cnn33_hct116_all_cnn_ig_164;motif_cnn33_hct116_all_cnn_ig_343;motif_cnn33_hela_all_cnn_ig_134;motif_cnn33_hela_all_cnn_ig_150;motif_cnn33_hl60_all_cnn_ig_300;motif_cnn33_hl60_all_cnn_ig_392,1.0,ok,
motif_cnn33_hek293t_sequence_cnn_ig_363,cell_line,sequence|cnn_ig,4,4,hct116;hek293t;hela;hl60,motif_cnn33_hct116_sequence_cnn_ig_189;motif_cnn33_hct116_sequence_cnn_ig_222;motif_cnn33_hela_sequence_cnn_ig_057;motif_cnn33_hela_sequence_cnn_ig_085;motif_cnn33_hl60_sequence_cnn_ig_301,1.0,ok,
motif_cnn53_hek293t_sequence_cnn_ig_364,cell_line,sequence|cnn_ig,4,4,hct116;hek293t;hela;hl60,motif_cnn53_hct116_sequence_cnn_ig_166;motif_cnn53_hct116_sequence_cnn_ig_167;motif_cnn53_hela_sequence_cnn_ig_059;motif_cnn53_hela_sequence_cnn_ig_084;motif_cnn53_hl60_sequence_cnn_ig_287;motif_cnn53_hl60_sequence_cnn_ig_303,1.0,ok,
motif_cnn73_hek293t_all_cnn_ig_365,cell_line,all|cnn_ig,4,4,hct116;hek293t;hela;hl60,motif_cnn73_hct116_all_cnn_ig_168;motif_cnn73_hct116_all_cnn_ig_170;motif_cnn73_hela_all_cnn_ig_060;motif_cnn73_hela_all_cnn_ig_062;motif_cnn73_hl60_all_cnn_ig_305;motif_cnn73_hl60_all_cnn_ig_307,1.0,ok,
motif_cnn73_hek293t_sequence_cnn_ig_366,cell_line,sequence|cnn_ig,4,4,hct116;hek293t;hela;hl60,motif_cnn73_hct116_sequence_cnn_ig_169;motif_cnn73_hct116_sequence_cnn_ig_171;motif_cnn73_hela_sequence_cnn_ig_061;motif_cnn73_hela_sequence_cnn_ig_063;motif_cnn73_hl60_sequence_cnn_ig_306;motif_cnn73_hl60_sequence_cnn_ig_308,1.0,ok,
motif_cnn73_hek293t_all_cnn_ig_367,cell_line,all|cnn_ig,4,4,hct116;hek293t;hela;hl60,motif_cnn73_hct116_all_cnn_ig_168;motif_cnn73_hct116_all_cnn_ig_170;motif_cnn73_hela_all_cnn_ig_060;motif_cnn73_hela_all_cnn_ig_062;motif_cnn73_hl60_all_cnn_ig_305;motif_cnn73_hl60_all_cnn_ig_307,1.0,ok,
motif_cnn73_hek293t_sequence_cnn_ig_368,cell_line,sequence|cnn_ig,4,4,hct116;hek293t;hela;hl60,motif_cnn73_hct116_sequence_cnn_ig_169;motif_cnn73_hct116_sequence_cnn_ig_171;motif_cnn73_hela_sequence_cnn_ig_061;motif_cnn73_hela_sequence_cnn_ig_063;motif_cnn73_hl60_sequence_cnn_ig_306;motif_cnn73_hl60_sequence_cnn_ig_308,1.0,ok,
motif_cnn33_hek293t_all_cnn_ig_369,cell_line,all|cnn_ig,4,4,hct116;hek293t;hela;hl60,motif_cnn33_hct116_all_cnn_ig_139;motif_cnn33_hct116_all_cnn_ig_219;motif_cnn33_hela_all_cnn_ig_050;motif_cnn33_hela_all_cnn_ig_055;motif_cnn33_hl60_all_cnn_ig_431;motif_cnn33_hl60_all_cnn_ig_434,1.0,ok,
motif_cnn33_hek293t_sequence_cnn_ig_370,cell_line,sequence|cnn_ig,4,4,hct116;hek293t;hela;hl60,motif_cnn33_hct116_sequence_cnn_ig_138;motif_cnn33_hct116_sequence_cnn_ig_140;motif_cnn33_hela_sequence_cnn_ig_044;motif_cnn33_hela_sequence_cnn_ig_106;motif_cnn33_hl60_sequence_cnn_ig_432,1.0,ok,
motif_cnn33_hct116_all_cnn_ism_371,cell_line,all|cnn_ism,1,1,hct116,,1.0,ok,
motif_cnn33_hct116_sequence_cnn_ism_372,cell_line,sequence|cnn_ism,3,3,hct116;hek293t;hela,motif_cnn33_hek293t_sequence_cnn_ism_503;motif_cnn33_hela_sequence_cnn_ism_158,1.0,ok,
motif_cnn33_hek293t_all_cnn_ig_373,cell_line,all|cnn_ig,4,4,hct116;hek293t;hela;hl60,motif_cnn33_hct116_all_cnn_ig_139;motif_cnn33_hct116_all_cnn_ig_219;motif_cnn33_hela_all_cnn_ig_050;motif_cnn33_hela_all_cnn_ig_055;motif_cnn33_hl60_all_cnn_ig_431;motif_cnn33_hl60_all_cnn_ig_434,1.0,ok,
motif_cnn33_hek293t_sequence_cnn_ig_374,cell_line,sequence|cnn_ig,4,4,hct116;hek293t;hela;hl60,motif_cnn33_hct116_sequence_cnn_ig_138;motif_cnn33_hct116_sequence_cnn_ig_140;motif_cnn33_hela_sequence_cnn_ig_044;motif_cnn33_hela_sequence_cnn_ig_106;motif_cnn33_hl60_sequence_cnn_ig_432,1.0,ok,
motif_cnn53_hek293t_all_cnn_ig_375,cell_line,all|cnn_ig,4,4,hct116;hek293t;hela;hl60,motif_cnn53_hct116_all_cnn_ig_165;motif_cnn53_hct116_all_cnn_ig_185;motif_cnn53_hela_all_cnn_ig_058;motif_cnn53_hela_all_cnn_ig_083;motif_cnn53_hl60_all_cnn_ig_302;motif_cnn53_hl60_all_cnn_ig_304,1.0,ok,
motif_cnn53_hek293t_sequence_cnn_ig_376,cell_line,sequence|cnn_ig,4,4,hct116;hek293t;hela;hl60,motif_cnn53_hct116_sequence_cnn_ig_141;motif_cnn53_hct116_sequence_cnn_ig_187;motif_cnn53_hela_sequence_cnn_ig_045;motif_cnn53_hela_sequence_cnn_ig_054;motif_cnn53_hl60_sequence_cnn_ig_436;motif_cnn53_hl60_sequence_cnn_ig_445,1.0,ok,
motif_cnn53_hek293t_all_cnn_ig_377,cell_line,all|cnn_ig,4,4,hct116;hek293t;hela;hl60,motif_cnn53_hct116_all_cnn_ig_142;motif_cnn53_hct116_all_cnn_ig_154;motif_cnn53_hela_all_cnn_ig_052;motif_cnn53_hela_all_cnn_ig_064;motif_cnn53_hl60_all_cnn_ig_435;motif_cnn53_hl60_all_cnn_ig_452,1.0,ok,
motif_cnn53_hek293t_all_cnn_ig_378,cell_line,all|cnn_ig,4,4,hct116;hek293t;hela;hl60,motif_cnn53_hct116_all_cnn_ig_165;motif_cnn53_hct116_all_cnn_ig_185;motif_cnn53_hela_all_cnn_ig_058;motif_cnn53_hela_all_cnn_ig_083;motif_cnn53_hl60_all_cnn_ig_302;motif_cnn53_hl60_all_cnn_ig_304,1.0,ok,
motif_cnn73_hek293t_all_cnn_ig_379,cell_line,all|cnn_ig,4,4,hct116;hek293t;hela;hl60,motif_cnn73_hct116_all_cnn_ig_143;motif_cnn73_hct116_all_cnn_ig_145;motif_cnn73_hela_all_cnn_ig_046;motif_cnn73_hela_all_cnn_ig_048;motif_cnn73_hl60_all_cnn_ig_437;motif_cnn73_hl60_all_cnn_ig_439,1.0,ok,
motif_cnn73_hek293t_sequence_cnn_ig_380,cell_line,sequence|cnn_ig,4,4,hct116;hek293t;hela;hl60,motif_cnn73_hct116_sequence_cnn_ig_144;motif_cnn73_hct116_sequence_cnn_ig_146;motif_cnn73_hela_sequence_cnn_ig_047;motif_cnn73_hela_sequence_cnn_ig_049;motif_cnn73_hl60_sequence_cnn_ig_438;motif_cnn73_hl60_sequence_cnn_ig_440,1.0,ok,
motif_cnn73_hek293t_all_cnn_ig_381,cell_line,all|cnn_ig,4,4,hct116;hek293t;hela;hl60,motif_cnn73_hct116_all_cnn_ig_143;motif_cnn73_hct116_all_cnn_ig_145;motif_cnn73_hela_all_cnn_ig_046;motif_cnn73_hela_all_cnn_ig_048;motif_cnn73_hl60_all_cnn_ig_437;motif_cnn73_hl60_all_cnn_ig_439,1.0,ok,
motif_cnn73_hek293t_sequence_cnn_ig_382,cell_line,sequence|cnn_ig,4,4,hct116;hek293t;hela;hl60,motif_cnn73_hct116_sequence_cnn_ig_144;motif_cnn73_hct116_sequence_cnn_ig_146;motif_cnn73_hela_sequence_cnn_ig_047;motif_cnn73_hela_sequence_cnn_ig_049;motif_cnn73_hl60_sequence_cnn_ig_438;motif_cnn73_hl60_sequence_cnn_ig_440,1.0,ok,
motif_cnn33_hct116_sequence_cnn_ism_383,cell_line,sequence|cnn_ism,2,2,hct116;hek293t,motif_cnn33_hek293t_sequence_cnn_ism_521,1.0,ok,
motif_cnn33_hek293t_all_cnn_ig_384,cell_line,all|cnn_ig,1,1,hek293t,,1.0,ok,
motif_cnn33_hek293t_sequence_cnn_ig_385,cell_line,sequence|cnn_ig,1,1,hek293t,,1.0,ok,
motif_cnn53_hek293t_all_cnn_ig_386,cell_line,all|cnn_ig,1,1,hek293t,,1.0,ok,
motif_cnn73_hek293t_all_cnn_ig_387,cell_line,all|cnn_ig,1,1,hek293t,,1.0,ok,
motif_cnn73_hek293t_sequence_cnn_ig_388,cell_line,sequence|cnn_ig,1,1,hek293t,,1.0,ok,
motif_cnn73_hek293t_all_cnn_ig_389,cell_line,all|cnn_ig,1,1,hek293t,,1.0,ok,
motif_cnn73_hek293t_sequence_cnn_ig_390,cell_line,sequence|cnn_ig,1,1,hek293t,,1.0,ok,
motif_cnn33_hek293t_sequence_cnn_ig_391,cell_line,sequence|cnn_ig,1,1,hek293t,,1.0,ok,
motif_cnn33_hl60_all_cnn_ig_392,cell_line,all|cnn_ig,4,4,hct116;hek293t;hela;hl60,motif_cnn33_hct116_all_cnn_ig_164;motif_cnn33_hct116_all_cnn_ig_343;motif_cnn33_hek293t_all_cnn_ig_362;motif_cnn33_hek293t_all_cnn_ig_404;motif_cnn33_hela_all_cnn_ig_134;motif_cnn33_hela_all_cnn_ig_150,1.0,ok,
motif_cnn53_hl60_sequence_cnn_ig_393,cell_line,sequence|cnn_ig,2,2,hct116;hl60,motif_cnn53_hct116_sequence_cnn_ig_240,1.0,ok,
motif_cnn33_hl60_sequence_cnn_ig_394,cell_line,sequence|cnn_ig,1,1,hl60,,1.0,ok,
motif_cnn53_hek293t_all_cnn_ig_395,cell_line,all|cnn_ig,4,4,hct116;hek293t;hela;hl60,motif_cnn53_hct116_all_cnn_ig_142;motif_cnn53_hct116_all_cnn_ig_154;motif_cnn53_hela_all_cnn_ig_052;motif_cnn53_hela_all_cnn_ig_064;motif_cnn53_hl60_all_cnn_ig_435;motif_cnn53_hl60_all_cnn_ig_452,1.0,ok,
motif_cnn53_hek293t_sequence_cnn_ig_396,cell_line,sequence|cnn_ig,1,1,hek293t,,1.0,ok,
motif_cnn53_hl60_all_cnn_ig_397,cell_line,all|cnn_ig,2,2,hct116;hl60,motif_cnn53_hct116_all_cnn_ig_239,1.0,ok,
motif_cnn53_hl60_sequence_cnn_ig_398,cell_line,sequence|cnn_ig,2,2,hct116;hl60,motif_cnn53_hct116_sequence_cnn_ig_240,1.0,ok,
motif_cnn53_hl60_all_cnn_ig_399,cell_line,all|cnn_ig,2,2,hct116;hl60,motif_cnn53_hct116_all_cnn_ig_239,1.0,ok,
motif_cnn73_hl60_all_cnn_ig_400,cell_line,all|cnn_ig,2,2,hct116;hl60,motif_cnn73_hct116_all_cnn_ig_241,1.0,ok,
motif_cnn73_hl60_sequence_cnn_ig_401,cell_line,sequence|cnn_ig,2,2,hct116;hl60,motif_cnn73_hct116_sequence_cnn_ig_242,1.0,ok,
motif_cnn73_hl60_all_cnn_ig_402,cell_line,all|cnn_ig,2,2,hct116;hl60,motif_cnn73_hct116_all_cnn_ig_241,1.0,ok,
motif_cnn73_hl60_sequence_cnn_ig_403,cell_line,sequence|cnn_ig,2,2,hct116;hl60,motif_cnn73_hct116_sequence_cnn_ig_242,1.0,ok,
motif_cnn33_hek293t_all_cnn_ig_404,cell_line,all|cnn_ig,4,4,hct116;hek293t;hela;hl60,motif_cnn33_hct116_all_cnn_ig_164;motif_cnn33_hct116_all_cnn_ig_343;motif_cnn33_hela_all_cnn_ig_134;motif_cnn33_hela_all_cnn_ig_150;motif_cnn33_hl60_all_cnn_ig_300;motif_cnn33_hl60_all_cnn_ig_392,1.0,ok,
motif_cnn33_hl60_sequence_cnn_ig_405,cell_line,sequence|cnn_ig,4,4,hct116;hek293t;hela;hl60,motif_cnn33_hct116_sequence_cnn_ig_136;motif_cnn33_hct116_sequence_cnn_ig_176;motif_cnn33_hek293t_sequence_cnn_ig_290;motif_cnn33_hek293t_sequence_cnn_ig_292;motif_cnn33_hela_sequence_cnn_ig_025;motif_cnn33_hela_sequence_cnn_ig_065,1.0,ok,
motif_cnn73_hct116_sequence_cnn_ism_406,cell_line,sequence|cnn_ism,2,2,hct116;hela,motif_cnn73_hela_sequence_cnn_ism_157;motif_cnn73_hela_sequence_cnn_ism_182,1.0,ok,
motif_cnn53_hl60_all_cnn_ism_407,cell_line,all|cnn_ism,2,2,hek293t;hl60,motif_cnn53_hek293t_all_cnn_ism_573,1.0,ok,
motif_cnn33_hct116_sequence_cnn_ism_408,cell_line,sequence|cnn_ism,2,2,hct116;hela,motif_cnn33_hela_sequence_cnn_ism_190,1.0,ok,
motif_cnn53_hek293t_all_cnn_ig_409,cell_line,all|cnn_ig,1,1,hek293t,,1.0,ok,
motif_cnn53_hek293t_sequence_cnn_ig_410,cell_line,sequence|cnn_ig,1,1,hek293t,,1.0,ok,
motif_cnn33_hct116_all_cnn_ig_411,cell_line,all|cnn_ig,1,1,hct116,,1.0,ok,
motif_cnn33_hct116_all_cnn_ig_412,cell_line,all|cnn_ig,3,3,hct116;hela;hl60,motif_cnn33_hela_all_cnn_ig_175;motif_cnn33_hela_all_cnn_ig_181;motif_cnn33_hl60_all_cnn_ig_460;motif_cnn33_hl60_all_cnn_ig_461,1.0,ok,
motif_cnn33_hct116_all_cnn_ism_413,cell_line,all|cnn_ism,1,1,hct116,,1.0,ok,
motif_cnn53_hela_all_cnn_ism_414,cell_line,all|cnn_ism,1,1,hela,,1.0,ok,
motif_cnn53_hl60_all_cnn_ig_415,cell_line,all|cnn_ig,4,4,hct116;hek293t;hela;hl60,motif_cnn53_hct116_all_cnn_ig_148;motif_cnn53_hct116_all_cnn_ig_149;motif_cnn53_hek293t_all_cnn_ig_272;motif_cnn53_hek293t_all_cnn_ig_299;motif_cnn53_hela_all_cnn_ig_035;motif_cnn53_hela_all_cnn_ig_043,1.0,ok,
motif_cnn33_hl60_sequence_cnn_ig_416,cell_line,sequence|cnn_ig,4,4,hct116;hek293t;hela;hl60,motif_cnn33_hct116_sequence_cnn_ig_126;motif_cnn33_hct116_sequence_cnn_ig_128;motif_cnn33_hek293t_sequence_cnn_ig_261;motif_cnn33_hek293t_sequence_cnn_ig_263;motif_cnn33_hela_sequence_cnn_ig_033;motif_cnn33_hela_sequence_cnn_ig_066,1.0,ok,
motif_cnn53_hl60_all_cnn_ism_417,cell_line,all|cnn_ism,2,2,hek293t;hl60,motif_cnn53_hek293t_all_cnn_ism_618,1.0,ok,
motif_cnn33_hl60_all_cnn_ig_418,cell_line,all|cnn_ig,4,4,hct116;hek293t;hela;hl60,motif_cnn33_hct116_all_cnn_ig_110;motif_cnn33_hct116_all_cnn_ig_259;motif_cnn33_hek293t_all_cnn_ig_291;motif_cnn33_hek293t_all_cnn_ig_347;motif_cnn33_hela_all_cnn_ig_070;motif_cnn33_hela_all_cnn_ig_109,1.0,ok,
motif_cnn33_hek293t_sequence_cnn_ism_419,cell_line,sequence|cnn_ism,1,1,hek293t,,1.0,ok,
motif_cnn33_hela_all_cnn_ism_420,cell_line,all|cnn_ism,1,1,hela,,1.0,ok,
motif_cnn33_hl60_all_cnn_ig_421,cell_line,all|cnn_ig,2,2,hek293t;hl60,motif_cnn33_hek293t_all_cnn_ig_322;motif_cnn33_hek293t_all_cnn_ig_324,1.0,ok,
motif_cnn33_hl60_sequence_cnn_ig_422,cell_line,sequence|cnn_ig,2,2,hek293t;hl60,motif_cnn33_hek293t_sequence_cnn_ig_323;motif_cnn33_hek293t_sequence_cnn_ig_325,1.0,ok,
motif_cnn33_hl60_all_cnn_ig_423,cell_line,all|cnn_ig,2,2,hek293t;hl60,motif_cnn33_hek293t_all_cnn_ig_322;motif_cnn33_hek293t_all_cnn_ig_324,1.0,ok,
motif_cnn53_hl60_all_cnn_ig_424,cell_line,all|cnn_ig,2,2,hek293t;hl60,motif_cnn53_hek293t_all_cnn_ig_326;motif_cnn53_hek293t_all_cnn_ig_328,1.0,ok,
motif_cnn53_hl60_sequence_cnn_ig_425,cell_line,sequence|cnn_ig,2,2,hek293t;hl60,motif_cnn53_hek293t_sequence_cnn_ig_327,1.0,ok,
motif_cnn73_hl60_all_cnn_ig_426,cell_line,all|cnn_ig,2,2,hek293t;hl60,motif_cnn73_hek293t_all_cnn_ig_329;motif_cnn73_hek293t_all_cnn_ig_331,1.0,ok,
motif_cnn73_hl60_sequence_cnn_ig_427,cell_line,sequence|cnn_ig,2,2,hek293t;hl60,motif_cnn73_hek293t_sequence_cnn_ig_330;motif_cnn73_hek293t_sequence_cnn_ig_332,1.0,ok,
motif_cnn73_hl60_all_cnn_ig_428,cell_line,all|cnn_ig,2,2,hek293t;hl60,motif_cnn73_hek293t_all_cnn_ig_329;motif_cnn73_hek293t_all_cnn_ig_331,1.0,ok,
motif_cnn73_hl60_sequence_cnn_ig_429,cell_line,sequence|cnn_ig,2,2,hek293t;hl60,motif_cnn73_hek293t_sequence_cnn_ig_330;motif_cnn73_hek293t_sequence_cnn_ig_332,1.0,ok,
motif_cnn53_hl60_sequence_cnn_ig_430,cell_line,sequence|cnn_ig,2,2,hek293t;hl60,motif_cnn53_hek293t_sequence_cnn_ig_327,1.0,ok,
motif_cnn33_hl60_all_cnn_ig_431,cell_line,all|cnn_ig,4,4,hct116;hek293t;hela;hl60,motif_cnn33_hct116_all_cnn_ig_139;motif_cnn33_hct116_all_cnn_ig_219;motif_cnn33_hek293t_all_cnn_ig_369;motif_cnn33_hek293t_all_cnn_ig_373;motif_cnn33_hela_all_cnn_ig_050;motif_cnn33_hela_all_cnn_ig_055,1.0,ok,
motif_cnn33_hl60_sequence_cnn_ig_432,cell_line,sequence|cnn_ig,4,4,hct116;hek293t;hela;hl60,motif_cnn33_hct116_sequence_cnn_ig_138;motif_cnn33_hct116_sequence_cnn_ig_140;motif_cnn33_hek293t_sequence_cnn_ig_370;motif_cnn33_hek293t_sequence_cnn_ig_374;motif_cnn33_hela_sequence_cnn_ig_044;motif_cnn33_hela_sequence_cnn_ig_106,1.0,ok,
motif_cnn33_hct116_all_cnn_ism_433,cell_line,all|cnn_ism,3,3,hct116;hek293t;hl60,motif_cnn33_hek293t_all_cnn_ism_548;motif_cnn33_hl60_all_cnn_ism_556;motif_cnn33_hl60_all_cnn_ism_575,1.0,ok,
motif_cnn33_hl60_all_cnn_ig_434,cell_line,all|cnn_ig,4,4,hct116;hek293t;hela;hl60,motif_cnn33_hct116_all_cnn_ig_139;motif_cnn33_hct116_all_cnn_ig_219;motif_cnn33_hek293t_all_cnn_ig_369;motif_cnn33_hek293t_all_cnn_ig_373;motif_cnn33_hela_all_cnn_ig_050;motif_cnn33_hela_all_cnn_ig_055,1.0,ok,
motif_cnn53_hl60_all_cnn_ig_435,cell_line,all|cnn_ig,4,4,hct116;hek293t;hela;hl60,motif_cnn53_hct116_all_cnn_ig_142;motif_cnn53_hct116_all_cnn_ig_154;motif_cnn53_hek293t_all_cnn_ig_377;motif_cnn53_hek293t_all_cnn_ig_395;motif_cnn53_hela_all_cnn_ig_052;motif_cnn53_hela_all_cnn_ig_064,1.0,ok,
motif_cnn53_hl60_sequence_cnn_ig_436,cell_line,sequence|cnn_ig,4,4,hct116;hek293t;hela;hl60,motif_cnn53_hct116_sequence_cnn_ig_141;motif_cnn53_hct116_sequence_cnn_ig_187;motif_cnn53_hek293t_sequence_cnn_ig_376;motif_cnn53_hela_sequence_cnn_ig_045;motif_cnn53_hela_sequence_cnn_ig_054,1.0,ok,
motif_cnn73_hl60_all_cnn_ig_437,cell_line,all|cnn_ig,4,4,hct116;hek293t;hela;hl60,motif_cnn73_hct116_all_cnn_ig_143;motif_cnn73_hct116_all_cnn_ig_145;motif_cnn73_hek293t_all_cnn_ig_379;motif_cnn73_hek293t_all_cnn_ig_381;motif_cnn73_hela_all_cnn_ig_046;motif_cnn73_hela_all_cnn_ig_048,1.0,ok,
motif_cnn73_hl60_sequence_cnn_ig_438,cell_line,sequence|cnn_ig,4,4,hct116;hek293t;hela;hl60,motif_cnn73_hct116_sequence_cnn_ig_144;motif_cnn73_hct116_sequence_cnn_ig_146;motif_cnn73_hek293t_sequence_cnn_ig_380;motif_cnn73_hek293t_sequence_cnn_ig_382;motif_cnn73_hela_sequence_cnn_ig_047;motif_cnn73_hela_sequence_cnn_ig_049,1.0,ok,
motif_cnn73_hl60_all_cnn_ig_439,cell_line,all|cnn_ig,4,4,hct116;hek293t;hela;hl60,motif_cnn73_hct116_all_cnn_ig_143;motif_cnn73_hct116_all_cnn_ig_145;motif_cnn73_hek293t_all_cnn_ig_379;motif_cnn73_hek293t_all_cnn_ig_381;motif_cnn73_hela_all_cnn_ig_046;motif_cnn73_hela_all_cnn_ig_048,1.0,ok,
motif_cnn73_hl60_sequence_cnn_ig_440,cell_line,sequence|cnn_ig,4,4,hct116;hek293t;hela;hl60,motif_cnn73_hct116_sequence_cnn_ig_144;motif_cnn73_hct116_sequence_cnn_ig_146;motif_cnn73_hek293t_sequence_cnn_ig_380;motif_cnn73_hek293t_sequence_cnn_ig_382;motif_cnn73_hela_sequence_cnn_ig_047;motif_cnn73_hela_sequence_cnn_ig_049,1.0,ok,
motif_cnn53_hl60_all_cnn_ig_441,cell_line,all|cnn_ig,2,2,hek293t;hl60,motif_cnn53_hek293t_all_cnn_ig_326;motif_cnn53_hek293t_all_cnn_ig_328,1.0,ok,
motif_cnn53_hl60_sequence_cnn_ig_442,cell_line,sequence|cnn_ig,4,4,hct116;hek293t;hela;hl60,motif_cnn53_hct116_sequence_cnn_ig_129;motif_cnn53_hct116_sequence_cnn_ig_152;motif_cnn53_hek293t_sequence_cnn_ig_264;motif_cnn53_hek293t_sequence_cnn_ig_273;motif_cnn53_hela_sequence_cnn_ig_036;motif_cnn53_hela_sequence_cnn_ig_042,1.0,ok,
motif_cnn53_hela_sequence_cnn_ism_443,cell_line,sequence|cnn_ism,1,1,hela,,1.0,ok,
motif_cnn53_hela_all_cnn_ism_444,cell_line,all|cnn_ism,1,1,hela,,1.0,ok,
motif_cnn53_hl60_sequence_cnn_ig_445,cell_line,sequence|cnn_ig,4,4,hct116;hek293t;hela;hl60,motif_cnn53_hct116_sequence_cnn_ig_141;motif_cnn53_hct116_sequence_cnn_ig_187;motif_cnn53_hek293t_sequence_cnn_ig_376;motif_cnn53_hela_sequence_cnn_ig_045;motif_cnn53_hela_sequence_cnn_ig_054,1.0,ok,
motif_cnn53_hela_sequence_cnn_ism_446,cell_line,sequence|cnn_ism,1,1,hela,,1.0,ok,
motif_cnn33_hct116_all_cnn_ism_447,cell_line,all|cnn_ism,1,1,hct116,,1.0,ok,
motif_cnn33_hct116_sequence_cnn_ism_448,cell_line,sequence|cnn_ism,3,3,hct116;hek293t;hela,motif_cnn33_hek293t_sequence_cnn_ism_503;motif_cnn33_hek293t_sequence_cnn_ism_521;motif_cnn33_hela_sequence_cnn_ism_158;motif_cnn33_hela_sequence_cnn_ism_190,1.0,ok,
motif_cnn33_hct116_sequence_cnn_ism_449,cell_line,sequence|cnn_ism,1,1,hct116,,1.0,ok,
motif_cnn73_hl60_all_cnn_ism_450,cell_line,all|cnn_ism,1,1,hl60,,1.0,ok,
motif_cnn73_hl60_sequence_cnn_ism_451,cell_line,sequence|cnn_ism,1,1,hl60,,1.0,ok,
motif_cnn53_hl60_all_cnn_ig_452,cell_line,all|cnn_ig,4,4,hct116;hek293t;hela;hl60,motif_cnn53_hct116_all_cnn_ig_142;motif_cnn53_hct116_all_cnn_ig_154;motif_cnn53_hek293t_all_cnn_ig_377;motif_cnn53_hek293t_all_cnn_ig_395;motif_cnn53_hela_all_cnn_ig_052;motif_cnn53_hela_all_cnn_ig_064,1.0,ok,
motif_cnn73_hela_all_cnn_ism_453,cell_line,all|cnn_ism,1,1,hela,,1.0,ok,
motif_cnn53_hela_all_cnn_ism_454,cell_line,all|cnn_ism,2,2,hct116;hela,motif_cnn53_hct116_all_cnn_ism_484,1.0,ok,
motif_cnn73_hela_all_cnn_ism_455,cell_line,all|cnn_ism,2,2,hct116;hela,motif_cnn73_hct116_all_cnn_ism_542;motif_cnn73_hct116_all_cnn_ism_543,1.0,ok,
motif_cnn53_hek293t_sequence_cnn_ig_456,cell_line,sequence|cnn_ig,3,3,hct116;hek293t;hela,motif_cnn53_hct116_sequence_cnn_ig_192;motif_cnn53_hct116_sequence_cnn_ig_218;motif_cnn53_hela_sequence_cnn_ig_107;motif_cnn53_hela_sequence_cnn_ig_108,1.0,ok,
motif_cnn33_hek293t_sequence_cnn_ism_457,cell_line,sequence|cnn_ism,1,1,hek293t,,1.0,ok,
motif_cnn33_hl60_sequence_cnn_ig_458,cell_line,sequence|cnn_ig,1,1,hl60,,1.0,ok,
motif_cnn73_hl60_all_cnn_ism_459,cell_line,all|cnn_ism,1,1,hl60,,1.0,ok,
motif_cnn33_hl60_all_cnn_ig_460,cell_line,all|cnn_ig,3,3,hct116;hela;hl60,motif_cnn33_hct116_all_cnn_ig_412;motif_cnn33_hela_all_cnn_ig_175;motif_cnn33_hela_all_cnn_ig_181,1.0,ok,
motif_cnn33_hl60_all_cnn_ig_461,cell_line,all|cnn_ig,3,3,hct116;hela;hl60,motif_cnn33_hct116_all_cnn_ig_412;motif_cnn33_hela_all_cnn_ig_175;motif_cnn33_hela_all_cnn_ig_181,1.0,ok,
motif_cnn33_hl60_sequence_cnn_ig_462,cell_line,sequence|cnn_ig,3,3,hct116;hela;hl60,motif_cnn33_hct116_sequence_cnn_ig_312;motif_cnn33_hela_sequence_cnn_ig_162,1.0,ok,
motif_cnn73_hl60_sequence_cnn_ism_463,cell_line,sequence|cnn_ism,3,3,hct116;hela;hl60,motif_cnn73_hct116_sequence_cnn_ism_186;motif_cnn73_hela_sequence_cnn_ism_051,1.0,ok,
motif_cnn53_hela_all_cnn_ism_464,cell_line,all|cnn_ism,1,1,hela,,1.0,ok,
motif_cnn53_hela_all_cnn_ism_465,cell_line,all|cnn_ism,1,1,hela,,1.0,ok,
motif_cnn53_hela_sequence_cnn_ism_466,cell_line,sequence|cnn_ism,1,1,hela,,1.0,ok,
motif_cnn33_hct116_all_cnn_ism_467,cell_line,all|cnn_ism,1,1,hct116,,1.0,ok,
motif_cnn73_hl60_sequence_cnn_ism_468,cell_line,sequence|cnn_ism,1,1,hl60,,1.0,ok,
motif_cnn73_hl60_sequence_cnn_ism_469,cell_line,sequence|cnn_ism,2,2,hct116;hl60,motif_cnn73_hct116_sequence_cnn_ism_282,1.0,ok,
motif_cnn53_hela_all_cnn_ism_470,cell_line,all|cnn_ism,2,2,hct116;hela,motif_cnn53_hct116_all_cnn_ism_497,1.0,ok,
motif_cnn73_hela_all_cnn_ism_471,cell_line,all|cnn_ism,1,1,hela,,1.0,ok,
motif_cnn53_hela_all_cnn_ism_472,cell_line,all|cnn_ism,1,1,hela,,1.0,ok,
motif_cnn53_hela_sequence_cnn_ism_473,cell_line,sequence|cnn_ism,1,1,hela,,1.0,ok,
motif_cnn73_hela_all_cnn_ism_474,cell_line,all|cnn_ism,2,2,hct116;hela,motif_cnn73_hct116_all_cnn_ism_561;motif_cnn73_hct116_all_cnn_ism_563,1.0,ok,
motif_cnn33_hela_sequence_cnn_ism_475,cell_line,sequence|cnn_ism,1,1,hela,,1.0,ok,
motif_cnn53_hl60_all_cnn_ism_476,cell_line,all|cnn_ism,2,2,hek293t;hl60,motif_cnn53_hek293t_all_cnn_ism_634,1.0,ok,
motif_cnn73_hl60_all_cnn_ism_477,cell_line,all|cnn_ism,1,1,hl60,,1.0,ok,
motif_cnn73_hl60_all_cnn_ism_478,cell_line,all|cnn_ism,1,1,hl60,,1.0,ok,
motif_cnn73_hela_all_cnn_ism_479,cell_line,all|cnn_ism,2,2,hct116;hela,motif_cnn73_hct116_all_cnn_ism_597;motif_cnn73_hct116_all_cnn_ism_600,1.0,ok,
motif_cnn53_hl60_all_cnn_ism_480,cell_line,all|cnn_ism,1,1,hl60,,1.0,ok,
motif_cnn73_hela_all_cnn_ism_481,cell_line,all|cnn_ism,1,1,hela,,1.0,ok,
motif_cnn33_hela_all_cnn_ism_482,cell_line,all|cnn_ism,1,1,hela,,1.0,ok,
motif_cnn33_hela_all_cnn_ism_483,cell_line,all|cnn_ism,2,2,hct116;hela,motif_cnn33_hct116_all_cnn_ism_353,1.0,ok,
motif_cnn53_hct116_all_cnn_ism_484,cell_line,all|cnn_ism,2,2,hct116;hela,motif_cnn53_hela_all_cnn_ism_454;motif_cnn53_hela_all_cnn_ism_492,1.0,ok,
motif_cnn73_hela_all_cnn_ism_485,cell_line,all|cnn_ism,1,1,hela,,1.0,ok,
motif_cnn33_hek293t_all_cnn_ig_486,cell_line,all|cnn_ig,1,1,hek293t,,1.0,ok,
motif_cnn53_hct116_all_cnn_ism_487,cell_line,all|cnn_ism,2,2,hct116;hela,motif_cnn53_hela_all_cnn_ism_527,1.0,ok,
motif_cnn73_hela_sequence_cnn_ism_488,cell_line,sequence|cnn_ism,3,3,hct116;hela;hl60,motif_cnn73_hct116_sequence_cnn_ism_188;motif_cnn73_hl60_sequence_cnn_ism_356,1.0,ok,
motif_cnn53_hela_all_cnn_ism_489,cell_line,all|cnn_ism,2,2,hct116;hela,motif_cnn53_hct116_all_cnn_ism_497,1.0,ok,
motif_cnn73_hela_all_cnn_ism_490,cell_line,all|cnn_ism,1,1,hela,,1.0,ok,
motif_cnn73_hl60_sequence_cnn_ism_491,cell_line,sequence|cnn_ism,3,3,hct116;hela;hl60,motif_cnn73_hct116_sequence_cnn_ism_221;motif_cnn73_hela_sequence_cnn_ism_092,1.0,ok,
motif_cnn53_hela_all_cnn_ism_492,cell_line,all|cnn_ism,2,2,hct116;hela,motif_cnn53_hct116_all_cnn_ism_484,1.0,ok,
motif_cnn53_hela_sequence_cnn_ism_493,cell_line,sequence|cnn_ism,1,1,hela,,1.0,ok,
motif_cnn53_hela_sequence_cnn_ism_494,cell_line,sequence|cnn_ism,1,1,hela,,1.0,ok,
motif_cnn33_hela_all_cnn_ism_495,cell_line,all|cnn_ism,1,1,hela,,1.0,ok,
motif_cnn53_hela_sequence_cnn_ism_496,cell_line,sequence|cnn_ism,1,1,hela,,1.0,ok,
motif_cnn53_hct116_all_cnn_ism_497,cell_line,all|cnn_ism,2,2,hct116;hela,motif_cnn53_hela_all_cnn_ism_470;motif_cnn53_hela_all_cnn_ism_489,1.0,ok,
motif_cnn53_hct116_all_cnn_ism_498,cell_line,all|cnn_ism,1,1,hct116,,1.0,ok,
motif_cnn53_hela_all_cnn_ism_499,cell_line,all|cnn_ism,1,1,hela,,1.0,ok,
motif_cnn53_hela_sequence_cnn_ism_500,cell_line,sequence|cnn_ism,1,1,hela,,1.0,ok,
motif_cnn53_hl60_all_cnn_ism_501,cell_line,all|cnn_ism,1,1,hl60,,1.0,ok,
motif_cnn73_hct116_sequence_cnn_ism_502,cell_line,sequence|cnn_ism,1,1,hct116,,1.0,ok,
motif_cnn33_hek293t_sequence_cnn_ism_503,cell_line,sequence|cnn_ism,3,3,hct116;hek293t;hela,motif_cnn33_hct116_sequence_cnn_ism_372;motif_cnn33_hct116_sequence_cnn_ism_448;motif_cnn33_hela_sequence_cnn_ism_158;motif_cnn33_hela_sequence_cnn_ism_190;motif_cnn33_hela_sequence_cnn_ism_200,1.0,ok,
motif_cnn53_hela_all_cnn_ism_504,cell_line,all|cnn_ism,1,1,hela,,1.0,ok,
motif_cnn53_hl60_all_cnn_ism_505,cell_line,all|cnn_ism,1,1,hl60,,1.0,ok,
motif_cnn53_hl60_all_cnn_ism_506,cell_line,all|cnn_ism,1,1,hl60,,1.0,ok,
motif_cnn53_hek293t_sequence_cnn_ig_507,cell_line,sequence|cnn_ig,3,3,hct116;hek293t;hela,motif_cnn53_hct116_sequence_cnn_ig_229;motif_cnn53_hela_sequence_cnn_ig_121,1.0,ok,
motif_cnn73_hela_all_cnn_ism_508,cell_line,all|cnn_ism,2,2,hct116;hela,motif_cnn73_hct116_all_cnn_ism_604;motif_cnn73_hct116_all_cnn_ism_606,1.0,ok,
motif_cnn53_hct116_all_cnn_ism_509,cell_line,all|cnn_ism,1,1,hct116,,1.0,ok,
motif_cnn53_hct116_all_cnn_ism_510,cell_line,all|cnn_ism,1,1,hct116,,1.0,ok,
motif_cnn33_hl60_sequence_cnn_ig_511,cell_line,sequence|cnn_ig,1,1,hl60,,1.0,ok,
motif_cnn73_hela_sequence_cnn_ism_512,cell_line,sequence|cnn_ism,1,1,hela,,1.0,ok,
motif_cnn73_hl60_all_cnn_ism_513,cell_line,all|cnn_ism,1,1,hl60,,1.0,ok,
motif_cnn73_hl60_all_cnn_ism_514,cell_line,all|cnn_ism,1,1,hl60,,1.0,ok,
motif_cnn53_hct116_all_cnn_ism_515,cell_line,all|cnn_ism,1,1,hct116,,1.0,ok,
motif_cnn73_hl60_sequence_cnn_ism_516,cell_line,sequence|cnn_ism,1,1,hl60,,1.0,ok,
motif_cnn53_hela_all_cnn_ism_517,cell_line,all|cnn_ism,2,2,hct116;hela,motif_cnn53_hct116_all_cnn_ism_544,1.0,ok,
motif_cnn73_hct116_sequence_cnn_ism_518,cell_line,sequence|cnn_ism,1,1,hct116,,1.0,ok,
motif_cnn73_hct116_sequence_cnn_ism_519,cell_line,sequence|cnn_ism,1,1,hct116,,1.0,ok,
motif_cnn73_hela_all_cnn_ism_520,cell_line,all|cnn_ism,2,2,hct116;hela,motif_cnn73_hct116_all_cnn_ism_609,1.0,ok,
motif_cnn33_hek293t_sequence_cnn_ism_521,cell_line,sequence|cnn_ism,4,4,hct116;hek293t;hela;hl60,motif_cnn33_hct116_sequence_cnn_ism_383;motif_cnn33_hct116_sequence_cnn_ism_448;motif_cnn33_hela_sequence_cnn_ism_158;motif_cnn33_hela_sequence_cnn_ism_190;motif_cnn33_hl60_sequence_cnn_ism_605;motif_cnn33_hl60_sequence_cnn_ism_611,1.0,ok,
motif_cnn53_hek293t_sequence_cnn_ig_522,cell_line,sequence|cnn_ig,3,3,hct116;hek293t;hela,motif_cnn53_hct116_sequence_cnn_ig_229;motif_cnn53_hela_sequence_cnn_ig_121,1.0,ok,
motif_cnn33_hela_all_cnn_ism_523,cell_line,all|cnn_ism,1,1,hela,,1.0,ok,
motif_cnn53_hela_all_cnn_ism_524,cell_line,all|cnn_ism,1,1,hela,,1.0,ok,
motif_cnn53_hela_sequence_cnn_ism_525,cell_line,sequence|cnn_ism,1,1,hela,,1.0,ok,
motif_cnn53_hl60_all_cnn_ism_526,cell_line,all|cnn_ism,1,1,hl60,,1.0,ok,
motif_cnn53_hela_all_cnn_ism_527,cell_line,all|cnn_ism,2,2,hct116;hela,motif_cnn53_hct116_all_cnn_ism_487,1.0,ok,
motif_cnn53_hct116_sequence_cnn_ism_528,cell_line,sequence|cnn_ism,1,1,hct116,,1.0,ok,
motif_cnn73_hela_all_cnn_ism_529,cell_line,all|cnn_ism,1,1,hela,,1.0,ok,
motif_cnn73_hela_all_cnn_ism_530,cell_line,all|cnn_ism,1,1,hela,,1.0,ok,
motif_cnn33_hek293t_all_cnn_ism_531,cell_line,all|cnn_ism,2,2,hek293t;hl60,motif_cnn33_hl60_all_cnn_ism_555,1.0,ok,
motif_cnn33_hl60_sequence_cnn_ig_532,cell_line,sequence|cnn_ig,1,1,hl60,,1.0,ok,
motif_cnn73_hela_all_cnn_ism_533,cell_line,all|cnn_ism,1,1,hela,,1.0,ok,
motif_cnn33_hek293t_sequence_cnn_ism_534,cell_line,sequence|cnn_ism,1,1,hek293t,,1.0,ok,
motif_cnn73_hct116_all_cnn_ism_535,cell_line,all|cnn_ism,1,1,hct116,,1.0,ok,
motif_cnn53_hela_sequence_cnn_ism_536,cell_line,sequence|cnn_ism,1,1,hela,,1.0,ok,
motif_cnn53_hela_sequence_cnn_ism_537,cell_line,sequence|cnn_ism,1,1,hela,,1.0,ok,
motif_cnn73_hela_all_cnn_ism_538,cell_line,all|cnn_ism,1,1,hela,,1.0,ok,
motif_cnn53_hct116_all_cnn_ism_539,cell_line,all|cnn_ism,1,1,hct116,,1.0,ok,
motif_cnn33_hela_all_cnn_ism_540,cell_line,all|cnn_ism,1,1,hela,,1.0,ok,
motif_cnn33_hl60_sequence_cnn_ig_541,cell_line,sequence|cnn_ig,1,1,hl60,,1.0,ok,
motif_cnn73_hct116_all_cnn_ism_542,cell_line,all|cnn_ism,2,2,hct116;hela,motif_cnn73_hela_all_cnn_ism_455,1.0,ok,
motif_cnn73_hct116_all_cnn_ism_543,cell_line,all|cnn_ism,2,2,hct116;hela,motif_cnn73_hela_all_cnn_ism_455,1.0,ok,
motif_cnn53_hct116_all_cnn_ism_544,cell_line,all|cnn_ism,2,2,hct116;hela,motif_cnn53_hela_all_cnn_ism_517,1.0,ok,
motif_cnn53_hct116_all_cnn_ism_545,cell_line,all|cnn_ism,1,1,hct116,,1.0,ok,
motif_cnn53_hela_all_cnn_ism_546,cell_line,all|cnn_ism,2,2,hct116;hela,motif_cnn53_hct116_all_cnn_ism_589,1.0,ok,
motif_cnn53_hek293t_sequence_cnn_ig_547,cell_line,sequence|cnn_ig,1,1,hek293t,,1.0,ok,
motif_cnn33_hek293t_all_cnn_ism_548,cell_line,all|cnn_ism,3,3,hct116;hek293t;hl60,motif_cnn33_hct116_all_cnn_ism_433;motif_cnn33_hl60_all_cnn_ism_556;motif_cnn33_hl60_all_cnn_ism_575;motif_cnn33_hl60_all_cnn_ism_638;motif_cnn33_hl60_all_cnn_ism_643,1.0,ok,
motif_cnn33_hek293t_sequence_cnn_ism_549,cell_line,sequence|cnn_ism,2,2,hek293t;hl60,motif_cnn33_hl60_sequence_cnn_ism_605;motif_cnn33_hl60_sequence_cnn_ism_611;motif_cnn33_hl60_sequence_cnn_ism_645,1.0,ok,
motif_cnn33_hct116_all_cnn_ism_550,cell_line,all|cnn_ism,1,1,hct116,,1.0,ok,
motif_cnn33_hela_all_cnn_ism_551,cell_line,all|cnn_ism,1,1,hela,,1.0,ok,
motif_cnn73_hela_all_cnn_ism_552,cell_line,all|cnn_ism,1,1,hela,,1.0,ok,
motif_cnn73_hela_sequence_cnn_ism_553,cell_line,sequence|cnn_ism,1,1,hela,,1.0,ok,
motif_cnn73_hela_sequence_cnn_ism_554,cell_line,sequence|cnn_ism,1,1,hela,,1.0,ok,
motif_cnn33_hl60_all_cnn_ism_555,cell_line,all|cnn_ism,2,2,hek293t;hl60,motif_cnn33_hek293t_all_cnn_ism_531,1.0,ok,
motif_cnn33_hl60_all_cnn_ism_556,cell_line,all|cnn_ism,3,3,hct116;hek293t;hl60,motif_cnn33_hct116_all_cnn_ism_433;motif_cnn33_hek293t_all_cnn_ism_548;motif_cnn33_hek293t_all_cnn_ism_576;motif_cnn33_hek293t_all_cnn_ism_610;motif_cnn33_hek293t_all_cnn_ism_649,1.0,ok,
motif_cnn53_hct116_sequence_cnn_ism_557,cell_line,sequence|cnn_ism,1,1,hct116,,1.0,ok,
motif_cnn53_hela_sequence_cnn_ism_558,cell_line,sequence|cnn_ism,1,1,hela,,1.0,ok,
motif_cnn73_hela_all_cnn_ism_559,cell_line,all|cnn_ism,1,1,hela,,1.0,ok,
motif_cnn73_hela_sequence_cnn_ism_560,cell_line,sequence|cnn_ism,1,1,hela,,1.0,ok,
motif_cnn73_hct116_all_cnn_ism_561,cell_line,all|cnn_ism,2,2,hct116;hela,motif_cnn73_hela_all_cnn_ism_474,1.0,ok,
motif_cnn53_hela_sequence_cnn_ism_562,cell_line,sequence|cnn_ism,1,1,hela,,1.0,ok,
motif_cnn73_hct116_all_cnn_ism_563,cell_line,all|cnn_ism,2,2,hct116;hela,motif_cnn73_hela_all_cnn_ism_474,1.0,ok,
motif_cnn73_hct116_sequence_cnn_ism_564,cell_line,sequence|cnn_ism,1,1,hct116,,1.0,ok,
motif_cnn33_hela_sequence_cnn_ism_565,cell_line,sequence|cnn_ism,1,1,hela,,1.0,ok,
motif_cnn33_hela_sequence_cnn_ism_566,cell_line,sequence|cnn_ism,2,2,hct116;hela,motif_cnn33_hct116_sequence_cnn_ism_623,1.0,ok,
motif_cnn53_hct116_sequence_cnn_ism_567,cell_line,sequence|cnn_ism,1,1,hct116,,1.0,ok,
motif_cnn73_hela_sequence_cnn_ism_568,cell_line,sequence|cnn_ism,1,1,hela,,1.0,ok,
motif_cnn53_hela_sequence_cnn_ism_569,cell_line,sequence|cnn_ism,1,1,hela,,1.0,ok,
motif_cnn73_hct116_all_cnn_ism_570,cell_line,all|cnn_ism,1,1,hct116,,1.0,ok,
motif_cnn73_hela_sequence_cnn_ism_571,cell_line,sequence|cnn_ism,1,1,hela,,1.0,ok,
motif_cnn33_hela_sequence_cnn_ism_572,cell_line,sequence|cnn_ism,2,2,hct116;hela,motif_cnn33_hct116_sequence_cnn_ism_627,1.0,ok,
motif_cnn53_hek293t_all_cnn_ism_573,cell_line,all|cnn_ism,2,2,hek293t;hl60,motif_cnn53_hl60_all_cnn_ism_407,1.0,ok,
motif_cnn53_hct116_all_cnn_ism_574,cell_line,all|cnn_ism,1,1,hct116,,1.0,ok,
motif_cnn33_hl60_all_cnn_ism_575,cell_line,all|cnn_ism,3,3,hct116;hek293t;hl60,motif_cnn33_hct116_all_cnn_ism_433;motif_cnn33_hek293t_all_cnn_ism_548;motif_cnn33_hek293t_all_cnn_ism_576;motif_cnn33_hek293t_all_cnn_ism_610;motif_cnn33_hek293t_all_cnn_ism_649,1.0,ok,
motif_cnn33_hek293t_all_cnn_ism_576,cell_line,all|cnn_ism,2,2,hek293t;hl60,motif_cnn33_hl60_all_cnn_ism_556;motif_cnn33_hl60_all_cnn_ism_575;motif_cnn33_hl60_all_cnn_ism_638;motif_cnn33_hl60_all_cnn_ism_643,1.0,ok,
motif_cnn33_hela_sequence_cnn_ism_577,cell_line,sequence|cnn_ism,1,1,hela,,1.0,ok,
motif_cnn33_hela_sequence_cnn_ism_578,cell_line,sequence|cnn_ism,1,1,hela,,1.0,ok,
motif_cnn33_hct116_all_cnn_ism_579,cell_line,all|cnn_ism,1,1,hct116,,1.0,ok,
motif_cnn33_hek293t_all_cnn_ism_580,cell_line,all|cnn_ism,2,2,hek293t;hl60,motif_cnn33_hl60_all_cnn_ism_625,1.0,ok,
motif_cnn53_hek293t_sequence_cnn_ism_581,cell_line,sequence|cnn_ism,1,1,hek293t,,1.0,ok,
motif_cnn53_hct116_all_cnn_ism_582,cell_line,all|cnn_ism,1,1,hct116,,1.0,ok,
motif_cnn53_hct116_all_cnn_ism_583,cell_line,all|cnn_ism,1,1,hct116,,1.0,ok,
motif_cnn73_hct116_sequence_cnn_ism_584,cell_line,sequence|cnn_ism,1,1,hct116,,1.0,ok,
motif_cnn53_hek293t_sequence_cnn_ism_585,cell_line,sequence|cnn_ism,2,2,hct116;hek293t,motif_cnn53_hct116_sequence_cnn_ism_156,1.0,ok,
motif_cnn73_hct116_all_cnn_ism_586,cell_line,all|cnn_ism,1,1,hct116,,1.0,ok,
motif_cnn73_hela_sequence_cnn_ism_587,cell_line,sequence|cnn_ism,1,1,hela,,1.0,ok,
motif_cnn33_hct116_all_cnn_ism_588,cell_line,all|cnn_ism,1,1,hct116,,1.0,ok,
motif_cnn53_hct116_all_cnn_ism_589,cell_line,all|cnn_ism,2,2,hct116;hela,motif_cnn53_hela_all_cnn_ism_546,1.0,ok,
motif_cnn73_hct116_sequence_cnn_ism_590,cell_line,sequence|cnn_ism,1,1,hct116,,1.0,ok,
motif_cnn73_hct116_sequence_cnn_ism_591,cell_line,sequence|cnn_ism,1,1,hct116,,1.0,ok,
motif_cnn53_hek293t_all_cnn_ism_592,cell_line,all|cnn_ism,1,1,hek293t,,1.0,ok,
motif_cnn73_hct116_all_cnn_ism_593,cell_line,all|cnn_ism,1,1,hct116,,1.0,ok,
motif_cnn73_hct116_all_cnn_ism_594,cell_line,all|cnn_ism,1,1,hct116,,1.0,ok,
motif_cnn53_hct116_all_cnn_ism_595,cell_line,all|cnn_ism,1,1,hct116,,1.0,ok,
motif_cnn73_hct116_sequence_cnn_ism_596,cell_line,sequence|cnn_ism,1,1,hct116,,1.0,ok,
motif_cnn73_hct116_all_cnn_ism_597,cell_line,all|cnn_ism,2,2,hct116;hela,motif_cnn73_hela_all_cnn_ism_479,1.0,ok,
motif_cnn73_hct116_all_cnn_ism_598,cell_line,all|cnn_ism,1,1,hct116,,1.0,ok,
motif_cnn53_hct116_all_cnn_ism_599,cell_line,all|cnn_ism,1,1,hct116,,1.0,ok,
motif_cnn73_hct116_all_cnn_ism_600,cell_line,all|cnn_ism,2,2,hct116;hela,motif_cnn73_hela_all_cnn_ism_479,1.0,ok,
motif_cnn33_hela_sequence_cnn_ism_601,cell_line,sequence|cnn_ism,2,2,hct116;hela,motif_cnn33_hct116_sequence_cnn_ism_093,1.0,ok,
motif_cnn33_hela_sequence_cnn_ism_602,cell_line,sequence|cnn_ism,2,2,hela;hl60,motif_cnn33_hl60_sequence_cnn_ism_615;motif_cnn33_hl60_sequence_cnn_ism_629,1.0,ok,
motif_cnn73_hct116_all_cnn_ism_603,cell_line,all|cnn_ism,1,1,hct116,,1.0,ok,
motif_cnn73_hct116_all_cnn_ism_604,cell_line,all|cnn_ism,2,2,hct116;hela,motif_cnn73_hela_all_cnn_ism_508,1.0,ok,
motif_cnn33_hl60_sequence_cnn_ism_605,cell_line,sequence|cnn_ism,2,2,hek293t;hl60,motif_cnn33_hek293t_sequence_cnn_ism_521;motif_cnn33_hek293t_sequence_cnn_ism_549,1.0,ok,
motif_cnn73_hct116_all_cnn_ism_606,cell_line,all|cnn_ism,2,2,hct116;hela,motif_cnn73_hela_all_cnn_ism_508,1.0,ok,
motif_cnn33_hela_sequence_cnn_ism_607,cell_line,sequence|cnn_ism,1,1,hela,,1.0,ok,
motif_cnn53_hl60_sequence_cnn_ism_608,cell_line,sequence|cnn_ism,1,1,hl60,,1.0,ok,
motif_cnn73_hct116_all_cnn_ism_609,cell_line,all|cnn_ism,2,2,hct116;hela,motif_cnn73_hela_all_cnn_ism_520,1.0,ok,
motif_cnn33_hek293t_all_cnn_ism_610,cell_line,all|cnn_ism,2,2,hek293t;hl60,motif_cnn33_hl60_all_cnn_ism_556;motif_cnn33_hl60_all_cnn_ism_575;motif_cnn33_hl60_all_cnn_ism_628;motif_cnn33_hl60_all_cnn_ism_638;motif_cnn33_hl60_all_cnn_ism_643,1.0,ok,
motif_cnn33_hl60_sequence_cnn_ism_611,cell_line,sequence|cnn_ism,2,2,hek293t;hl60,motif_cnn33_hek293t_sequence_cnn_ism_521;motif_cnn33_hek293t_sequence_cnn_ism_549,1.0,ok,
motif_cnn53_hl60_sequence_cnn_ism_612,cell_line,sequence|cnn_ism,1,1,hl60,,1.0,ok,
motif_cnn53_hl60_sequence_cnn_ism_613,cell_line,sequence|cnn_ism,1,1,hl60,,1.0,ok,
motif_cnn53_hek293t_sequence_cnn_ism_614,cell_line,sequence|cnn_ism,1,1,hek293t,,1.0,ok,
motif_cnn33_hl60_sequence_cnn_ism_615,cell_line,sequence|cnn_ism,2,2,hela;hl60,motif_cnn33_hela_sequence_cnn_ism_602,1.0,ok,
motif_cnn53_hek293t_sequence_cnn_ism_616,cell_line,sequence|cnn_ism,1,1,hek293t,,1.0,ok,
motif_cnn53_hl60_sequence_cnn_ism_617,cell_line,sequence|cnn_ism,1,1,hl60,,1.0,ok,
motif_cnn53_hek293t_all_cnn_ism_618,cell_line,all|cnn_ism,2,2,hek293t;hl60,motif_cnn53_hl60_all_cnn_ism_417,1.0,ok,
motif_cnn53_hct116_sequence_cnn_ism_619,cell_line,sequence|cnn_ism,1,1,hct116,,1.0,ok,
motif_cnn53_hct116_sequence_cnn_ism_620,cell_line,sequence|cnn_ism,1,1,hct116,,1.0,ok,
motif_cnn53_hek293t_all_cnn_ism_621,cell_line,all|cnn_ism,1,1,hek293t,,1.0,ok,
motif_cnn33_hct116_all_cnn_ism_622,cell_line,all|cnn_ism,1,1,hct116,,1.0,ok,
motif_cnn33_hct116_sequence_cnn_ism_623,cell_line,sequence|cnn_ism,2,2,hct116;hela,motif_cnn33_hela_sequence_cnn_ism_566,1.0,ok,
motif_cnn33_hela_sequence_cnn_ig_624,cell_line,sequence|cnn_ig,1,1,hela,,1.0,ok,
motif_cnn33_hl60_all_cnn_ism_625,cell_line,all|cnn_ism,2,2,hek293t;hl60,motif_cnn33_hek293t_all_cnn_ism_580,1.0,ok,
motif_cnn53_hct116_sequence_cnn_ism_626,cell_line,sequence|cnn_ism,1,1,hct116,,1.0,ok,
motif_cnn33_hct116_sequence_cnn_ism_627,cell_line,sequence|cnn_ism,2,2,hct116;hela,motif_cnn33_hela_sequence_cnn_ism_572,1.0,ok,
motif_cnn33_hl60_all_cnn_ism_628,cell_line,all|cnn_ism,3,3,hct116;hek293t;hl60,motif_cnn33_hct116_all_cnn_ism_309;motif_cnn33_hct116_all_cnn_ism_353;motif_cnn33_hek293t_all_cnn_ism_610,1.0,ok,
motif_cnn33_hl60_sequence_cnn_ism_629,cell_line,sequence|cnn_ism,2,2,hela;hl60,motif_cnn33_hela_sequence_cnn_ism_602,1.0,ok,
motif_cnn53_hct116_sequence_cnn_ism_630,cell_line,sequence|cnn_ism,2,2,hct116;hek293t,motif_cnn53_hek293t_sequence_cnn_ism_656,1.0,ok,
motif_cnn53_hl60_all_cnn_ism_631,cell_line,all|cnn_ism,1,1,hl60,,1.0,ok,
motif_cnn53_hl60_sequence_cnn_ism_632,cell_line,sequence|cnn_ism,1,1,hl60,,1.0,ok,
motif_cnn33_hl60_all_cnn_ism_633,cell_line,all|cnn_ism,2,2,hek293t;hl60,motif_cnn33_hek293t_all_cnn_ism_650,1.0,ok,
motif_cnn53_hek293t_all_cnn_ism_634,cell_line,all|cnn_ism,2,2,hek293t;hl60,motif_cnn53_hl60_all_cnn_ism_476,1.0,ok,
motif_cnn53_hl60_sequence_cnn_ism_635,cell_line,sequence|cnn_ism,1,1,hl60,,1.0,ok,
motif_cnn53_hct116_sequence_cnn_ism_636,cell_line,sequence|cnn_ism,1,1,hct116,,1.0,ok,
motif_cnn73_hek293t_all_cnn_ism_637,cell_line,all|cnn_ism,1,1,hek293t,,1.0,ok,
motif_cnn33_hl60_all_cnn_ism_638,cell_line,all|cnn_ism,2,2,hek293t;hl60,motif_cnn33_hek293t_all_cnn_ism_548;motif_cnn33_hek293t_all_cnn_ism_576;motif_cnn33_hek293t_all_cnn_ism_610;motif_cnn33_hek293t_all_cnn_ism_649,1.0,ok,
motif_cnn53_hek293t_all_cnn_ism_639,cell_line,all|cnn_ism,1,1,hek293t,,1.0,ok,
motif_cnn53_hek293t_sequence_cnn_ism_640,cell_line,sequence|cnn_ism,1,1,hek293t,,1.0,ok,
motif_cnn53_hl60_sequence_cnn_ism_641,cell_line,sequence|cnn_ism,1,1,hl60,,1.0,ok,
motif_cnn33_hela_sequence_cnn_ism_642,cell_line,sequence|cnn_ism,1,1,hela,,1.0,ok,
motif_cnn33_hl60_all_cnn_ism_643,cell_line,all|cnn_ism,2,2,hek293t;hl60,motif_cnn33_hek293t_all_cnn_ism_548;motif_cnn33_hek293t_all_cnn_ism_576;motif_cnn33_hek293t_all_cnn_ism_610;motif_cnn33_hek293t_all_cnn_ism_649,1.0,ok,
motif_cnn33_hl60_sequence_cnn_ism_644,cell_line,sequence|cnn_ism,1,1,hl60,,1.0,ok,
motif_cnn33_hl60_sequence_cnn_ism_645,cell_line,sequence|cnn_ism,2,2,hek293t;hl60,motif_cnn33_hek293t_sequence_cnn_ism_549,1.0,ok,
motif_cnn53_hek293t_sequence_cnn_ism_646,cell_line,sequence|cnn_ism,2,2,hct116;hek293t,motif_cnn53_hct116_sequence_cnn_ism_215,1.0,ok,
motif_cnn53_hek293t_all_cnn_ism_647,cell_line,all|cnn_ism,1,1,hek293t,,1.0,ok,
motif_cnn53_hl60_sequence_cnn_ism_648,cell_line,sequence|cnn_ism,1,1,hl60,,1.0,ok,
motif_cnn33_hek293t_all_cnn_ism_649,cell_line,all|cnn_ism,2,2,hek293t;hl60,motif_cnn33_hl60_all_cnn_ism_556;motif_cnn33_hl60_all_cnn_ism_575;motif_cnn33_hl60_all_cnn_ism_638;motif_cnn33_hl60_all_cnn_ism_643,1.0,ok,
motif_cnn33_hek293t_all_cnn_ism_650,cell_line,all|cnn_ism,2,2,hek293t;hl60,motif_cnn33_hl60_all_cnn_ism_633,1.0,ok,
motif_cnn33_hek293t_all_cnn_ism_651,cell_line,all|cnn_ism,2,2,hek293t;hl60,motif_cnn33_hl60_all_cnn_ism_652,1.0,ok,
motif_cnn33_hl60_all_cnn_ism_652,cell_line,all|cnn_ism,2,2,hek293t;hl60,motif_cnn33_hek293t_all_cnn_ism_651,1.0,ok,
motif_cnn33_hl60_sequence_cnn_ism_653,cell_line,sequence|cnn_ism,1,1,hl60,,1.0,ok,
motif_cnn53_hek293t_sequence_cnn_ism_654,cell_line,sequence|cnn_ism,1,1,hek293t,,1.0,ok,
motif_cnn53_hek293t_sequence_cnn_ism_655,cell_line,sequence|cnn_ism,1,1,hek293t,,1.0,ok,
motif_cnn53_hek293t_sequence_cnn_ism_656,cell_line,sequence|cnn_ism,2,2,hct116;hek293t,motif_cnn53_hct116_sequence_cnn_ism_630,1.0,ok,
(all),cross_model_transformer,cnn_vs_transformer,0,1,,,,unavailable,"no Transformer IG artifact: only Transformer_Attention exists, and attention is not a motif extractor"
(all),seed,mixed_seeds,0,0,,,,unavailable,attribution_summary 不含 random_seed -> seed-level motif support 无法计算; 用 sample/model-variant/cell-line support 代替
