run,split,model,kernel,cell_line,environment,n_test,n_clean,n_leaked,frac_leaked,aligned,old_R2,leak_controlled_R2,leak_controlled_MAE,leaked_subset_R2
mixed_cnn_all_seed_42_kernel_3,mixed,cnn,3,mixed,all_seed_42|kernel_3,2513,1638,875,0.3482,True,0.0719678240978997,0.02268685646714652,0.12576963680826617,0.11890435349805872
mixed_cnn_all_seed_42_kernel_5,mixed,cnn,5,mixed,all_seed_42|kernel_5,2513,1638,875,0.3482,True,0.18422500351022397,0.02655946356656913,0.12224823907261294,0.42609941169759646
mixed_cnn_all_seed_42_kernel_7,mixed,cnn,7,mixed,all_seed_42|kernel_7,2513,1638,875,0.3482,True,0.16451021533511367,0.023672488415780513,0.12317963736992674,0.3586283356187704
mixed_cnn_all_seed_43_kernel_3,mixed,cnn,3,mixed,all_seed_43|kernel_3,2513,1618,895,0.3561,True,0.08429819040727382,0.042965977902196695,0.12414460291749074,0.09669746087585074
mixed_cnn_all_seed_43_kernel_5,mixed,cnn,5,mixed,all_seed_43|kernel_5,2513,1618,895,0.3561,True,0.15039290549773332,-0.0474058922802878,0.12320179431674907,0.4107745443166082
mixed_cnn_all_seed_43_kernel_7,mixed,cnn,7,mixed,all_seed_43|kernel_7,2513,1618,895,0.3561,True,0.1502218760428854,-0.039646489301493615,0.123652145618356,0.4786420752204712
mixed_cnn_all_seed_44_kernel_3,mixed,cnn,3,mixed,all_seed_44|kernel_3,2513,1582,931,0.3705,True,0.09718268039814326,0.011647424457537636,0.12634659944462706,0.11386637045697301
mixed_cnn_all_seed_44_kernel_5,mixed,cnn,5,mixed,all_seed_44|kernel_5,2513,1582,931,0.3705,True,0.14946783907284011,0.03228246884138175,0.12090728144841974,0.26639887546990215
mixed_cnn_all_seed_44_kernel_7,mixed,cnn,7,mixed,all_seed_44|kernel_7,2513,1582,931,0.3705,True,0.14716328701254544,0.04778694011053497,0.11991669167597979,0.2523203951212636
mixed_cnn_all_seed_45_kernel_3,mixed,cnn,3,mixed,all_seed_45|kernel_3,2513,1587,926,0.3685,True,0.06669310836980857,0.060992397669062726,0.12429786095280404,0.1000327238787706
mixed_cnn_all_seed_45_kernel_5,mixed,cnn,5,mixed,all_seed_45|kernel_5,2513,1587,926,0.3685,True,0.13488332430528793,0.03850312042901871,0.12047887554007561,0.35409295429643106
mixed_cnn_all_seed_45_kernel_7,mixed,cnn,7,mixed,all_seed_45|kernel_7,2513,1587,926,0.3685,True,0.15965629648667756,-0.009842864460715584,0.1250323089868305,0.44930008289805046
mixed_cnn_sequence_ctcf_dnase_h3k4me3_seed_42_kernel_3,mixed,cnn,3,mixed,sequence_ctcf_dnase_h3k4me3_seed_42|kernel_3,2513,1638,875,0.3482,True,0.07291399093541218,0.010518099152314497,0.1252079455384249,0.12092055524134693
mixed_cnn_sequence_ctcf_dnase_h3k4me3_seed_42_kernel_5,mixed,cnn,5,mixed,sequence_ctcf_dnase_h3k4me3_seed_42|kernel_5,2513,1638,875,0.3482,True,0.15372342535548456,0.04918397881779146,0.12214888791327227,0.2835978900646824
mixed_cnn_sequence_ctcf_dnase_h3k4me3_seed_42_kernel_7,mixed,cnn,7,mixed,sequence_ctcf_dnase_h3k4me3_seed_42|kernel_7,2513,1638,875,0.3482,True,0.16367668439976513,-0.056143726922592396,0.1271526452490476,0.5167164108708404
mixed_cnn_sequence_ctcf_dnase_h3k4me3_seed_43_kernel_3,mixed,cnn,3,mixed,sequence_ctcf_dnase_h3k4me3_seed_43|kernel_3,2513,1618,895,0.3561,True,0.0883617783644185,0.02406466525531381,0.12231179034023486,0.10102201865385785
mixed_cnn_sequence_ctcf_dnase_h3k4me3_seed_43_kernel_5,mixed,cnn,5,mixed,sequence_ctcf_dnase_h3k4me3_seed_43|kernel_5,2513,1618,895,0.3561,True,0.1639620053777443,-0.0029529209049650174,0.12200273642181705,0.3323028787216913
mixed_cnn_sequence_ctcf_dnase_h3k4me3_seed_43_kernel_7,mixed,cnn,7,mixed,sequence_ctcf_dnase_h3k4me3_seed_43|kernel_7,2513,1618,895,0.3561,True,0.17937026515773036,-0.05218578275456087,0.12559277115605685,0.5126122535406221
mixed_cnn_sequence_ctcf_dnase_h3k4me3_seed_44_kernel_3,mixed,cnn,3,mixed,sequence_ctcf_dnase_h3k4me3_seed_44|kernel_3,2513,1582,931,0.3705,True,0.0993961387090645,0.012318690291265422,0.1240747011197219,0.11979304318940565
mixed_cnn_sequence_ctcf_dnase_h3k4me3_seed_44_kernel_5,mixed,cnn,5,mixed,sequence_ctcf_dnase_h3k4me3_seed_44|kernel_5,2513,1582,931,0.3705,True,0.1507892990856925,0.018107306684276292,0.1225706607783818,0.33637733176474904
mixed_cnn_sequence_ctcf_dnase_h3k4me3_seed_44_kernel_7,mixed,cnn,7,mixed,sequence_ctcf_dnase_h3k4me3_seed_44|kernel_7,2513,1582,931,0.3705,True,0.13535464102643935,0.010963504906596144,0.1220206837556258,0.2960278101342887
mixed_cnn_sequence_ctcf_dnase_h3k4me3_seed_45_kernel_3,mixed,cnn,3,mixed,sequence_ctcf_dnase_h3k4me3_seed_45|kernel_3,2513,1587,926,0.3685,True,0.06458528445033063,0.0466779195435959,0.12425759069445495,0.10295831635422148
mixed_cnn_sequence_ctcf_dnase_h3k4me3_seed_45_kernel_5,mixed,cnn,5,mixed,sequence_ctcf_dnase_h3k4me3_seed_45|kernel_5,2513,1587,926,0.3685,True,0.1461322650851471,0.0005106243039390002,0.12304846905299306,0.4130833134421197
mixed_cnn_sequence_ctcf_dnase_h3k4me3_seed_45_kernel_7,mixed,cnn,7,mixed,sequence_ctcf_dnase_h3k4me3_seed_45|kernel_7,2513,1587,926,0.3685,True,0.13777093817656993,-0.01069867145391279,0.12207385198620037,0.43760867802923853
mixed_cnn_sequence_ctcf_dnase_rrbs_seed_42_kernel_3,mixed,cnn,3,mixed,sequence_ctcf_dnase_rrbs_seed_42|kernel_3,2513,1638,875,0.3482,True,0.07160078148383875,0.029570925843947937,0.12578108129544566,0.12662188643471117
mixed_cnn_sequence_ctcf_dnase_rrbs_seed_42_kernel_5,mixed,cnn,5,mixed,sequence_ctcf_dnase_rrbs_seed_42|kernel_5,2513,1638,875,0.3482,True,0.15510731656328358,-0.04621736357317818,0.12580606917090353,0.4380339608144692
mixed_cnn_sequence_ctcf_dnase_rrbs_seed_42_kernel_7,mixed,cnn,7,mixed,sequence_ctcf_dnase_rrbs_seed_42|kernel_7,2513,1638,875,0.3482,True,0.16141443398193778,-0.009430222106760144,0.1242146421318315,0.4480602558232273
mixed_cnn_sequence_ctcf_dnase_rrbs_seed_43_kernel_3,mixed,cnn,3,mixed,sequence_ctcf_dnase_rrbs_seed_43|kernel_3,2513,1618,895,0.3561,True,0.09031822896474728,0.02757248293621306,0.12349901179264525,0.11351836839340235
mixed_cnn_sequence_ctcf_dnase_rrbs_seed_43_kernel_5,mixed,cnn,5,mixed,sequence_ctcf_dnase_rrbs_seed_43|kernel_5,2513,1618,895,0.3561,True,0.1471322922567606,0.03906095242545227,0.11877403313998765,0.30330226481989697
mixed_cnn_sequence_ctcf_dnase_rrbs_seed_43_kernel_7,mixed,cnn,7,mixed,sequence_ctcf_dnase_rrbs_seed_43|kernel_7,2513,1618,895,0.3561,True,0.16424135102059667,-0.10228265744692955,0.12842158883838073,0.5206589489026756
mixed_cnn_sequence_ctcf_dnase_rrbs_seed_44_kernel_3,mixed,cnn,3,mixed,sequence_ctcf_dnase_rrbs_seed_44|kernel_3,2513,1582,931,0.3705,True,0.10331624428975905,0.003051392713483869,0.12538151092376737,0.13555738776950654
mixed_cnn_sequence_ctcf_dnase_rrbs_seed_44_kernel_5,mixed,cnn,5,mixed,sequence_ctcf_dnase_rrbs_seed_44|kernel_5,2513,1582,931,0.3705,True,0.15151821819468048,0.01674652481892891,0.12186482008305942,0.3072471732835508
mixed_cnn_sequence_ctcf_dnase_rrbs_seed_44_kernel_7,mixed,cnn,7,mixed,sequence_ctcf_dnase_rrbs_seed_44|kernel_7,2513,1582,931,0.3705,True,0.13678537763887866,-0.059737302120230096,0.12381226624614412,0.41405394961815223
mixed_cnn_sequence_ctcf_dnase_rrbs_seed_45_kernel_3,mixed,cnn,3,mixed,sequence_ctcf_dnase_rrbs_seed_45|kernel_3,2513,1587,926,0.3685,True,0.0633307743875251,0.0490069912868325,0.12429585228865785,0.09998888422554175
mixed_cnn_sequence_ctcf_dnase_rrbs_seed_45_kernel_5,mixed,cnn,5,mixed,sequence_ctcf_dnase_rrbs_seed_45|kernel_5,2513,1587,926,0.3685,True,0.12129010491590153,0.04729837552301497,0.12494484017145557,0.2771763602820756
mixed_cnn_sequence_ctcf_dnase_rrbs_seed_45_kernel_7,mixed,cnn,7,mixed,sequence_ctcf_dnase_rrbs_seed_45|kernel_7,2513,1587,926,0.3685,True,0.14529545828854984,0.03658696719965404,0.12349155446257089,0.3537111293553532
mixed_cnn_sequence_ctcf_dnase_seed_42_kernel_3,mixed,cnn,3,mixed,sequence_ctcf_dnase_seed_42|kernel_3,2513,1638,875,0.3482,True,0.0820272937659976,-0.017212598302158932,0.12688583584367522,0.1558956167495853
mixed_cnn_sequence_ctcf_dnase_seed_42_kernel_5,mixed,cnn,5,mixed,sequence_ctcf_dnase_seed_42|kernel_5,2513,1638,875,0.3482,True,0.17034299430231747,0.021661333487535073,0.12334557307810745,0.37588496054594367
mixed_cnn_sequence_ctcf_dnase_seed_42_kernel_7,mixed,cnn,7,mixed,sequence_ctcf_dnase_seed_42|kernel_7,2513,1638,875,0.3482,True,0.17970290189716065,0.03358617081118731,0.12405841439678877,0.3673137687834169
mixed_cnn_sequence_ctcf_dnase_seed_43_kernel_3,mixed,cnn,3,mixed,sequence_ctcf_dnase_seed_43|kernel_3,2513,1618,895,0.3561,True,0.08783819957391903,0.045147904515025705,0.1230181113105686,0.09186895809292439
mixed_cnn_sequence_ctcf_dnase_seed_43_kernel_5,mixed,cnn,5,mixed,sequence_ctcf_dnase_seed_43|kernel_5,2513,1618,895,0.3561,True,0.1355958714298363,0.07790450121296955,0.12012078684826946,0.18619026046347753
mixed_cnn_sequence_ctcf_dnase_seed_43_kernel_7,mixed,cnn,7,mixed,sequence_ctcf_dnase_seed_43|kernel_7,2513,1618,895,0.3561,True,0.17059467382781157,-0.08160749275879753,0.12772782072960445,0.4723206724806238
mixed_cnn_sequence_ctcf_dnase_seed_44_kernel_3,mixed,cnn,3,mixed,sequence_ctcf_dnase_seed_44|kernel_3,2513,1582,931,0.3705,True,0.10309671124746589,0.012760632644777115,0.12415048470379268,0.14948202941059896
mixed_cnn_sequence_ctcf_dnase_seed_44_kernel_5,mixed,cnn,5,mixed,sequence_ctcf_dnase_seed_44|kernel_5,2513,1582,931,0.3705,True,0.13019014129164797,0.04618067232288381,0.12125484654955752,0.22402689441235957
mixed_cnn_sequence_ctcf_dnase_seed_44_kernel_7,mixed,cnn,7,mixed,sequence_ctcf_dnase_seed_44|kernel_7,2513,1582,931,0.3705,True,0.13658129155866972,-0.023349709258948304,0.12053869206788874,0.3847447313798287
mixed_cnn_sequence_ctcf_dnase_seed_45_kernel_3,mixed,cnn,3,mixed,sequence_ctcf_dnase_seed_45|kernel_3,2513,1587,926,0.3685,True,0.06539647472152454,0.056424671882032706,0.12463047365601765,0.10577249185688653
mixed_cnn_sequence_ctcf_dnase_seed_45_kernel_5,mixed,cnn,5,mixed,sequence_ctcf_dnase_seed_45|kernel_5,2513,1587,926,0.3685,True,0.1299757413965721,0.07487616815313303,0.1210753460126654,0.27403950114379816
mixed_cnn_sequence_ctcf_dnase_seed_45_kernel_7,mixed,cnn,7,mixed,sequence_ctcf_dnase_seed_45|kernel_7,2513,1587,926,0.3685,True,0.16827260309490122,-0.04725180623370706,0.12524718576943922,0.5256317619778252
mixed_cnn_sequence_ctcf_h3k4me3_rrbs_seed_42_kernel_3,mixed,cnn,3,mixed,sequence_ctcf_h3k4me3_rrbs_seed_42|kernel_3,2513,1638,875,0.3482,True,0.07686940075787352,0.018644206465777136,0.12606961487297924,0.1251638932118816
mixed_cnn_sequence_ctcf_h3k4me3_rrbs_seed_42_kernel_5,mixed,cnn,5,mixed,sequence_ctcf_h3k4me3_rrbs_seed_42|kernel_5,2513,1638,875,0.3482,True,0.15706946712029268,-0.05289524126408973,0.12753242414648353,0.4729698835066066
mixed_cnn_sequence_ctcf_h3k4me3_rrbs_seed_42_kernel_7,mixed,cnn,7,mixed,sequence_ctcf_h3k4me3_rrbs_seed_42|kernel_7,2513,1638,875,0.3482,True,0.14771728982111254,0.028772517092065297,0.12319219096577533,0.3388911371538387
mixed_cnn_sequence_ctcf_h3k4me3_rrbs_seed_43_kernel_3,mixed,cnn,3,mixed,sequence_ctcf_h3k4me3_rrbs_seed_43|kernel_3,2513,1618,895,0.3561,True,0.08734918920420243,0.050190088202413,0.12273789982107539,0.10566667503760196
mixed_cnn_sequence_ctcf_h3k4me3_rrbs_seed_43_kernel_5,mixed,cnn,5,mixed,sequence_ctcf_h3k4me3_rrbs_seed_43|kernel_5,2513,1618,895,0.3561,True,0.16464543460400893,0.03987810886823007,0.12030007737360938,0.311913541747312
mixed_cnn_sequence_ctcf_h3k4me3_rrbs_seed_43_kernel_7,mixed,cnn,7,mixed,sequence_ctcf_h3k4me3_rrbs_seed_43|kernel_7,2513,1618,895,0.3561,True,0.16733757494164536,-0.03152076952913796,0.12561819475309022,0.4942624850666385
mixed_cnn_sequence_ctcf_h3k4me3_rrbs_seed_44_kernel_3,mixed,cnn,3,mixed,sequence_ctcf_h3k4me3_rrbs_seed_44|kernel_3,2513,1582,931,0.3705,True,0.10704400355348309,0.004655994212373393,0.12423558353438684,0.13087208368529635
mixed_cnn_sequence_ctcf_h3k4me3_rrbs_seed_44_kernel_5,mixed,cnn,5,mixed,sequence_ctcf_h3k4me3_rrbs_seed_44|kernel_5,2513,1582,931,0.3705,True,0.1473190888497623,0.01425238891183811,0.12112976867977243,0.2934546264686856
mixed_cnn_sequence_ctcf_h3k4me3_rrbs_seed_44_kernel_7,mixed,cnn,7,mixed,sequence_ctcf_h3k4me3_rrbs_seed_44|kernel_7,2513,1582,931,0.3705,True,0.1632406016681558,-0.0537497731043739,0.124409235228445,0.480454763242102
mixed_cnn_sequence_ctcf_h3k4me3_rrbs_seed_45_kernel_3,mixed,cnn,3,mixed,sequence_ctcf_h3k4me3_rrbs_seed_45|kernel_3,2513,1587,926,0.3685,True,0.06919973734378071,0.031472470654795415,0.12529112686962823,0.1293268103517764
mixed_cnn_sequence_ctcf_h3k4me3_rrbs_seed_45_kernel_5,mixed,cnn,5,mixed,sequence_ctcf_h3k4me3_rrbs_seed_45|kernel_5,2513,1587,926,0.3685,True,0.12224092318491275,0.022295329629456018,0.12262418186017644,0.2690448248309386
mixed_cnn_sequence_ctcf_h3k4me3_rrbs_seed_45_kernel_7,mixed,cnn,7,mixed,sequence_ctcf_h3k4me3_rrbs_seed_45|kernel_7,2513,1587,926,0.3685,True,0.1510609633187806,0.0547939304174605,0.12111509090239446,0.3447388733546186
mixed_cnn_sequence_ctcf_h3k4me3_seed_42_kernel_3,mixed,cnn,3,mixed,sequence_ctcf_h3k4me3_seed_42|kernel_3,2513,1638,875,0.3482,True,0.07151860625655715,0.04452896268054196,0.1252135684260928,0.10644647039628474
mixed_cnn_sequence_ctcf_h3k4me3_seed_42_kernel_5,mixed,cnn,5,mixed,sequence_ctcf_h3k4me3_seed_42|kernel_5,2513,1638,875,0.3482,True,0.15185993250126573,-0.025557413857824507,0.12458205371669108,0.42834853487660385
mixed_cnn_sequence_ctcf_h3k4me3_seed_42_kernel_7,mixed,cnn,7,mixed,sequence_ctcf_h3k4me3_seed_42|kernel_7,2513,1638,875,0.3482,True,0.15431433894014535,-0.04538118437997851,0.12657533405490842,0.45480321303005344
mixed_cnn_sequence_ctcf_h3k4me3_seed_43_kernel_3,mixed,cnn,3,mixed,sequence_ctcf_h3k4me3_seed_43|kernel_3,2513,1618,895,0.3561,True,0.09355829653622982,0.03719677005631927,0.1240199936776885,0.11532759596898623
mixed_cnn_sequence_ctcf_h3k4me3_seed_43_kernel_5,mixed,cnn,5,mixed,sequence_ctcf_h3k4me3_seed_43|kernel_5,2513,1618,895,0.3561,True,0.12792766532774769,0.0796438166311193,0.12066820271971569,0.2022971506239717
mixed_cnn_sequence_ctcf_h3k4me3_seed_43_kernel_7,mixed,cnn,7,mixed,sequence_ctcf_h3k4me3_seed_43|kernel_7,2513,1618,895,0.3561,True,0.15269575509621425,0.06889588003137226,0.11798055413504326,0.2853990124876289
mixed_cnn_sequence_ctcf_h3k4me3_seed_44_kernel_3,mixed,cnn,3,mixed,sequence_ctcf_h3k4me3_seed_44|kernel_3,2513,1582,931,0.3705,True,0.1039513376756993,-0.011453756307969076,0.12502110024740834,0.1695675352812327
mixed_cnn_sequence_ctcf_h3k4me3_seed_44_kernel_5,mixed,cnn,5,mixed,sequence_ctcf_h3k4me3_seed_44|kernel_5,2513,1582,931,0.3705,True,0.13814862121502935,0.06578353023331818,0.11918147615132743,0.23108398423671606
mixed_cnn_sequence_ctcf_h3k4me3_seed_44_kernel_7,mixed,cnn,7,mixed,sequence_ctcf_h3k4me3_seed_44|kernel_7,2513,1582,931,0.3705,True,0.15415116463026457,-0.02118066657970119,0.12343835270632111,0.3506940945736543
mixed_cnn_sequence_ctcf_h3k4me3_seed_45_kernel_3,mixed,cnn,3,mixed,sequence_ctcf_h3k4me3_seed_45|kernel_3,2513,1587,926,0.3685,True,0.06942776890982283,0.057801167572635204,0.1242957018916824,0.09776843406329938
mixed_cnn_sequence_ctcf_h3k4me3_seed_45_kernel_5,mixed,cnn,5,mixed,sequence_ctcf_h3k4me3_seed_45|kernel_5,2513,1587,926,0.3685,True,0.12197492233543306,-0.007069617441367582,0.12377476630882167,0.36527632651371245
mixed_cnn_sequence_ctcf_h3k4me3_seed_45_kernel_7,mixed,cnn,7,mixed,sequence_ctcf_h3k4me3_seed_45|kernel_7,2513,1587,926,0.3685,True,0.15868717333333648,-0.011409794019541453,0.12510517208071834,0.4811781465587005
mixed_cnn_sequence_ctcf_rrbs_seed_42_kernel_3,mixed,cnn,3,mixed,sequence_ctcf_rrbs_seed_42|kernel_3,2513,1638,875,0.3482,True,0.06951897342203173,0.04701301789017076,0.1247274878278022,0.10452794659630771
mixed_cnn_sequence_ctcf_rrbs_seed_42_kernel_5,mixed,cnn,5,mixed,sequence_ctcf_rrbs_seed_42|kernel_5,2513,1638,875,0.3482,True,0.1641413566566946,0.01218873398575926,0.12252907525148962,0.35524429196904195
mixed_cnn_sequence_ctcf_rrbs_seed_42_kernel_7,mixed,cnn,7,mixed,sequence_ctcf_rrbs_seed_42|kernel_7,2513,1638,875,0.3482,True,0.16067462485663908,0.022170206840468,0.12425701806589744,0.36779226899723916
mixed_cnn_sequence_ctcf_rrbs_seed_43_kernel_3,mixed,cnn,3,mixed,sequence_ctcf_rrbs_seed_43|kernel_3,2513,1618,895,0.3561,True,0.08865964879795663,0.02232033898394792,0.12360680855407911,0.11138650248586202
mixed_cnn_sequence_ctcf_rrbs_seed_43_kernel_5,mixed,cnn,5,mixed,sequence_ctcf_rrbs_seed_43|kernel_5,2513,1618,895,0.3561,True,0.13810625833141355,0.07232003746194338,0.12044104872713227,0.23304506120457857
mixed_cnn_sequence_ctcf_rrbs_seed_43_kernel_7,mixed,cnn,7,mixed,sequence_ctcf_rrbs_seed_43|kernel_7,2513,1618,895,0.3561,True,0.17838533017615088,-0.04224749240562864,0.12615168993850434,0.4585865207888127
mixed_cnn_sequence_ctcf_rrbs_seed_44_kernel_3,mixed,cnn,3,mixed,sequence_ctcf_rrbs_seed_44|kernel_3,2513,1582,931,0.3705,True,0.1019487854066109,-0.015834346702037427,0.12424743601226296,0.166356025759417
mixed_cnn_sequence_ctcf_rrbs_seed_44_kernel_5,mixed,cnn,5,mixed,sequence_ctcf_rrbs_seed_44|kernel_5,2513,1582,931,0.3705,True,0.13020951547037052,0.06346606081527573,0.11962047753565107,0.21844498174266935
mixed_cnn_sequence_ctcf_rrbs_seed_44_kernel_7,mixed,cnn,7,mixed,sequence_ctcf_rrbs_seed_44|kernel_7,2513,1582,931,0.3705,True,0.1447037212291209,-0.0177571767549487,0.12230241716902655,0.3864240251534632
mixed_cnn_sequence_ctcf_rrbs_seed_45_kernel_3,mixed,cnn,3,mixed,sequence_ctcf_rrbs_seed_45|kernel_3,2513,1587,926,0.3685,True,0.07045418591550878,0.05432759854639302,0.12437085396477632,0.10112881703357401
mixed_cnn_sequence_ctcf_rrbs_seed_45_kernel_5,mixed,cnn,5,mixed,sequence_ctcf_rrbs_seed_45|kernel_5,2513,1587,926,0.3685,True,0.12910763202954822,0.05703640758992279,0.12107526608827976,0.26651310336939515
mixed_cnn_sequence_ctcf_rrbs_seed_45_kernel_7,mixed,cnn,7,mixed,sequence_ctcf_rrbs_seed_45|kernel_7,2513,1587,926,0.3685,True,0.1635220168403273,0.013594496440976322,0.12147896952306239,0.44598257881635295
mixed_cnn_sequence_ctcf_seed_42_kernel_3,mixed,cnn,3,mixed,sequence_ctcf_seed_42|kernel_3,2513,1638,875,0.3482,True,0.07376615521257268,0.031675480170549775,0.12418211702804641,0.10250872630156715
mixed_cnn_sequence_ctcf_seed_42_kernel_5,mixed,cnn,5,mixed,sequence_ctcf_seed_42|kernel_5,2513,1638,875,0.3482,True,0.15464494595883638,-0.0249972715145943,0.12323769359092795,0.4297113185988718
mixed_cnn_sequence_ctcf_seed_42_kernel_7,mixed,cnn,7,mixed,sequence_ctcf_seed_42|kernel_7,2513,1638,875,0.3482,True,0.1612351268313602,0.05674725054158514,0.12170894116724053,0.2975640968900445
mixed_cnn_sequence_ctcf_seed_43_kernel_3,mixed,cnn,3,mixed,sequence_ctcf_seed_43|kernel_3,2513,1618,895,0.3561,True,0.08520339061669469,0.04722026592359552,0.12191058730562422,0.09263654756902051
mixed_cnn_sequence_ctcf_seed_43_kernel_5,mixed,cnn,5,mixed,sequence_ctcf_seed_43|kernel_5,2513,1618,895,0.3561,True,0.1459113481255545,0.028558337033097736,0.12035823641563659,0.30947936030869894
mixed_cnn_sequence_ctcf_seed_43_kernel_7,mixed,cnn,7,mixed,sequence_ctcf_seed_43|kernel_7,2513,1618,895,0.3561,True,0.12287269265909173,-0.028363982056285986,0.12635230363133498,0.38667900810660516
mixed_cnn_sequence_ctcf_seed_44_kernel_3,mixed,cnn,3,mixed,sequence_ctcf_seed_44|kernel_3,2513,1582,931,0.3705,True,0.098411330528835,-0.0001268579393209901,0.12485208523476612,0.12376081796851357
mixed_cnn_sequence_ctcf_seed_44_kernel_5,mixed,cnn,5,mixed,sequence_ctcf_seed_44|kernel_5,2513,1582,931,0.3705,True,0.15476687905161934,0.03529042413349093,0.12075077123982302,0.2686625714647317
mixed_cnn_sequence_ctcf_seed_44_kernel_7,mixed,cnn,7,mixed,sequence_ctcf_seed_44|kernel_7,2513,1582,931,0.3705,True,0.14988346317007573,-0.011590617459921182,0.12408690464690264,0.3394922396892375
mixed_cnn_sequence_ctcf_seed_45_kernel_3,mixed,cnn,3,mixed,sequence_ctcf_seed_45|kernel_3,2513,1587,926,0.3685,True,0.06891576481035777,0.054308248451402585,0.12495433528802771,0.10061821718142638
mixed_cnn_sequence_ctcf_seed_45_kernel_5,mixed,cnn,5,mixed,sequence_ctcf_seed_45|kernel_5,2513,1587,926,0.3685,True,0.12129779190589185,0.06014141435108877,0.12102837160182735,0.2590895037875307
mixed_cnn_sequence_ctcf_seed_45_kernel_7,mixed,cnn,7,mixed,sequence_ctcf_seed_45|kernel_7,2513,1587,926,0.3685,True,0.16942188903155886,-0.07218210776925349,0.12574344335356016,0.4608632892622684
mixed_cnn_sequence_dnase_h3k4me3_rrbs_seed_42_kernel_3,mixed,cnn,3,mixed,sequence_dnase_h3k4me3_rrbs_seed_42|kernel_3,2513,1638,875,0.3482,True,0.06697352157945191,0.04059196074970506,0.12641005405490843,0.09732452333426489
mixed_cnn_sequence_dnase_h3k4me3_rrbs_seed_42_kernel_5,mixed,cnn,5,mixed,sequence_dnase_h3k4me3_rrbs_seed_42|kernel_5,2513,1638,875,0.3482,True,0.15892715874616892,0.04466509379511163,0.1222683084321978,0.31614281686131374
mixed_cnn_sequence_dnase_h3k4me3_rrbs_seed_42_kernel_7,mixed,cnn,7,mixed,sequence_dnase_h3k4me3_rrbs_seed_42|kernel_7,2513,1638,875,0.3482,True,0.14747198903905656,0.02156022211727493,0.12450440944562881,0.31757130091451147
mixed_cnn_sequence_dnase_h3k4me3_rrbs_seed_43_kernel_3,mixed,cnn,3,mixed,sequence_dnase_h3k4me3_rrbs_seed_43|kernel_3,2513,1618,895,0.3561,True,0.09032516808443347,0.013500636038847103,0.1250007572314586,0.13988918988459675
mixed_cnn_sequence_dnase_h3k4me3_rrbs_seed_43_kernel_5,mixed,cnn,5,mixed,sequence_dnase_h3k4me3_rrbs_seed_43|kernel_5,2513,1618,895,0.3561,True,0.1463278289796467,0.05028741083264532,0.11882327323269469,0.29798945849049796
mixed_cnn_sequence_dnase_h3k4me3_rrbs_seed_43_kernel_7,mixed,cnn,7,mixed,sequence_dnase_h3k4me3_rrbs_seed_43|kernel_7,2513,1618,895,0.3561,True,0.16032636805482414,0.00927056112905078,0.12309061924629174,0.40455747975015455
mixed_cnn_sequence_dnase_h3k4me3_rrbs_seed_44_kernel_3,mixed,cnn,3,mixed,sequence_dnase_h3k4me3_rrbs_seed_44|kernel_3,2513,1582,931,0.3705,True,0.08499113540405612,-0.004733025822364789,0.12398283318672565,0.11385422128252864
mixed_cnn_sequence_dnase_h3k4me3_rrbs_seed_44_kernel_5,mixed,cnn,5,mixed,sequence_dnase_h3k4me3_rrbs_seed_44|kernel_5,2513,1582,931,0.3705,True,0.16160339528697987,0.006027797137228119,0.12341967441934261,0.3316575602878794
mixed_cnn_sequence_dnase_h3k4me3_rrbs_seed_44_kernel_7,mixed,cnn,7,mixed,sequence_dnase_h3k4me3_rrbs_seed_44|kernel_7,2513,1582,931,0.3705,True,0.13157728612172015,0.01528199728693136,0.1214581108289507,0.2683956173983494
mixed_cnn_sequence_dnase_h3k4me3_rrbs_seed_45_kernel_3,mixed,cnn,3,mixed,sequence_dnase_h3k4me3_rrbs_seed_45|kernel_3,2513,1587,926,0.3685,True,0.05904404483908243,0.03846148388109194,0.1253233075942659,0.06896139903881038
mixed_cnn_sequence_dnase_h3k4me3_rrbs_seed_45_kernel_5,mixed,cnn,5,mixed,sequence_dnase_h3k4me3_rrbs_seed_45|kernel_5,2513,1587,926,0.3685,True,0.1428178159843303,-0.03925723605287046,0.1249227660252678,0.4137177680709492
mixed_cnn_sequence_dnase_h3k4me3_rrbs_seed_45_kernel_7,mixed,cnn,7,mixed,sequence_dnase_h3k4me3_rrbs_seed_45|kernel_7,2513,1587,926,0.3685,True,0.14202708287063104,-0.05409404244718696,0.12399138197989917,0.42753662167210393
mixed_cnn_sequence_dnase_h3k4me3_seed_42_kernel_3,mixed,cnn,3,mixed,sequence_dnase_h3k4me3_seed_42|kernel_3,2513,1638,875,0.3482,True,0.06986043008940024,0.012456214597633353,0.12562292388396826,0.1120189908972461
mixed_cnn_sequence_dnase_h3k4me3_seed_42_kernel_5,mixed,cnn,5,mixed,sequence_dnase_h3k4me3_seed_42|kernel_5,2513,1638,875,0.3482,True,0.1441291490128238,0.06282647166461519,0.12167509225393162,0.25291912313452447
mixed_cnn_sequence_dnase_h3k4me3_seed_42_kernel_7,mixed,cnn,7,mixed,sequence_dnase_h3k4me3_seed_42|kernel_7,2513,1638,875,0.3482,True,0.16179555795965883,0.05051583750956279,0.12261161418921855,0.3011319703979648
mixed_cnn_sequence_dnase_h3k4me3_seed_43_kernel_3,mixed,cnn,3,mixed,sequence_dnase_h3k4me3_seed_43|kernel_3,2513,1618,895,0.3561,True,0.08776154151402227,0.04489960001220494,0.12366090856025957,0.09582704397562858
mixed_cnn_sequence_dnase_h3k4me3_seed_43_kernel_5,mixed,cnn,5,mixed,sequence_dnase_h3k4me3_seed_43|kernel_5,2513,1618,895,0.3561,True,0.15614785026525646,-0.07000802827711472,0.12604871042676144,0.4101853380702126
mixed_cnn_sequence_dnase_h3k4me3_seed_43_kernel_7,mixed,cnn,7,mixed,sequence_dnase_h3k4me3_seed_43|kernel_7,2513,1618,895,0.3561,True,0.1455505427660294,0.06513450750232519,0.11889280613751543,0.27832475391940603
mixed_cnn_sequence_dnase_h3k4me3_seed_44_kernel_3,mixed,cnn,3,mixed,sequence_dnase_h3k4me3_seed_44|kernel_3,2513,1582,931,0.3705,True,0.09313600767504515,-0.012537127545574345,0.12555900657484195,0.12533843912337483
mixed_cnn_sequence_dnase_h3k4me3_seed_44_kernel_5,mixed,cnn,5,mixed,sequence_dnase_h3k4me3_seed_44|kernel_5,2513,1582,931,0.3705,True,0.13907671280949507,0.02929963677004621,0.12093813381251581,0.2666594163538324
mixed_cnn_sequence_dnase_h3k4me3_seed_44_kernel_7,mixed,cnn,7,mixed,sequence_dnase_h3k4me3_seed_44|kernel_7,2513,1582,931,0.3705,True,0.14944592375532706,-0.036006979861373134,0.12516878004513274,0.36562239604495506
mixed_cnn_sequence_dnase_h3k4me3_seed_45_kernel_3,mixed,cnn,3,mixed,sequence_dnase_h3k4me3_seed_45|kernel_3,2513,1587,926,0.3685,True,0.06079127037705112,0.043766743368476524,0.12557392456969124,0.10568850247762007
mixed_cnn_sequence_dnase_h3k4me3_seed_45_kernel_5,mixed,cnn,5,mixed,sequence_dnase_h3k4me3_seed_45|kernel_5,2513,1587,926,0.3685,True,0.13371148429048407,-0.003649643651580936,0.12219966477763075,0.3975628181161269
mixed_cnn_sequence_dnase_h3k4me3_seed_45_kernel_7,mixed,cnn,7,mixed,sequence_dnase_h3k4me3_seed_45|kernel_7,2513,1587,926,0.3685,True,0.16421907483800535,-0.019861983668347127,0.12278443226975425,0.44867703311961693
mixed_cnn_sequence_dnase_rrbs_seed_42_kernel_3,mixed,cnn,3,mixed,sequence_dnase_rrbs_seed_42|kernel_3,2513,1638,875,0.3482,True,0.06174948172791006,0.03952243631199881,0.12573940586809523,0.1073631381053981
mixed_cnn_sequence_dnase_rrbs_seed_42_kernel_5,mixed,cnn,5,mixed,sequence_dnase_rrbs_seed_42|kernel_5,2513,1638,875,0.3482,True,0.15953101494733812,-0.022014215802046655,0.12578737574599513,0.3854372522090057
mixed_cnn_sequence_dnase_rrbs_seed_42_kernel_7,mixed,cnn,7,mixed,sequence_dnase_rrbs_seed_42|kernel_7,2513,1638,875,0.3482,True,0.1728491853652684,0.043475184143532686,0.12261280288885226,0.34797934600914593
mixed_cnn_sequence_dnase_rrbs_seed_43_kernel_3,mixed,cnn,3,mixed,sequence_dnase_rrbs_seed_43|kernel_3,2513,1618,895,0.3561,True,0.08084005756599244,0.03450818219903351,0.1253523242710136,0.09015423173734904
mixed_cnn_sequence_dnase_rrbs_seed_43_kernel_5,mixed,cnn,5,mixed,sequence_dnase_rrbs_seed_43|kernel_5,2513,1618,895,0.3561,True,0.15298616271717513,0.005571782867645814,0.12339490890018542,0.316227911580765
mixed_cnn_sequence_dnase_rrbs_seed_43_kernel_7,mixed,cnn,7,mixed,sequence_dnase_rrbs_seed_43|kernel_7,2513,1618,895,0.3561,True,0.1425736894366384,0.069435347351259,0.12043920466038319,0.2961109092798704
mixed_cnn_sequence_dnase_rrbs_seed_44_kernel_3,mixed,cnn,3,mixed,sequence_dnase_rrbs_seed_44|kernel_3,2513,1582,931,0.3705,True,0.09746196257854767,-0.034078338114619244,0.12563343768735777,0.14303180465684284
mixed_cnn_sequence_dnase_rrbs_seed_44_kernel_5,mixed,cnn,5,mixed,sequence_dnase_rrbs_seed_44|kernel_5,2513,1582,931,0.3705,True,0.12867822259251172,0.01356255949342966,0.12173415005777499,0.24235645722648114
mixed_cnn_sequence_dnase_rrbs_seed_44_kernel_7,mixed,cnn,7,mixed,sequence_dnase_rrbs_seed_44|kernel_7,2513,1582,931,0.3705,True,0.12678347097575438,0.050088330258604374,0.1182332515369153,0.18680871260257992
mixed_cnn_sequence_dnase_rrbs_seed_45_kernel_3,mixed,cnn,3,mixed,sequence_dnase_rrbs_seed_45|kernel_3,2513,1587,926,0.3685,True,0.06530635492947912,0.04531852777350276,0.1236559239899811,0.10176709335544787
mixed_cnn_sequence_dnase_rrbs_seed_45_kernel_5,mixed,cnn,5,mixed,sequence_dnase_rrbs_seed_45|kernel_5,2513,1587,926,0.3685,True,0.1347476139647611,0.05689200902053315,0.12009006318972905,0.27494691762005075
mixed_cnn_sequence_dnase_rrbs_seed_45_kernel_7,mixed,cnn,7,mixed,sequence_dnase_rrbs_seed_45|kernel_7,2513,1587,926,0.3685,True,0.1360534023574591,0.01873311033137215,0.12254694253440454,0.36511969441150827
mixed_cnn_sequence_dnase_seed_42_kernel_3,mixed,cnn,3,mixed,sequence_dnase_seed_42|kernel_3,2513,1638,875,0.3482,True,0.06379805613767486,0.035103897781686544,0.12463093116113554,0.11243404542082924
mixed_cnn_sequence_dnase_seed_42_kernel_5,mixed,cnn,5,mixed,sequence_dnase_seed_42|kernel_5,2513,1638,875,0.3482,True,0.13896927370182777,0.05501125030705134,0.12213648274843712,0.2977448977684637
mixed_cnn_sequence_dnase_seed_42_kernel_7,mixed,cnn,7,mixed,sequence_dnase_seed_42|kernel_7,2513,1638,875,0.3482,True,0.14716602086311825,0.06688713523730283,0.1213810068326862,0.29674346987720623
mixed_cnn_sequence_dnase_seed_43_kernel_3,mixed,cnn,3,mixed,sequence_dnase_seed_43|kernel_3,2513,1618,895,0.3561,True,0.08047290962021092,0.02245240449917063,0.12463134156396785,0.13145585366686563
mixed_cnn_sequence_dnase_seed_43_kernel_5,mixed,cnn,5,mixed,sequence_dnase_seed_43|kernel_5,2513,1618,895,0.3561,True,0.13512657432569164,0.07560018107920763,0.11915874757756488,0.22484401607856952
mixed_cnn_sequence_dnase_seed_43_kernel_7,mixed,cnn,7,mixed,sequence_dnase_seed_43|kernel_7,2513,1618,895,0.3561,True,0.176828350040239,-0.032988208309777445,0.12478061119313968,0.45752401454099867
mixed_cnn_sequence_dnase_seed_44_kernel_3,mixed,cnn,3,mixed,sequence_dnase_seed_44|kernel_3,2513,1582,931,0.3705,True,0.0884321614845045,-0.028055972485928393,0.12735287044336285,0.12916231258710376
mixed_cnn_sequence_dnase_seed_44_kernel_5,mixed,cnn,5,mixed,sequence_dnase_seed_44|kernel_5,2513,1582,931,0.3705,True,0.14489218753624955,0.03704190736535473,0.12254251189089761,0.23048540090551373
mixed_cnn_sequence_dnase_seed_44_kernel_7,mixed,cnn,7,mixed,sequence_dnase_seed_44|kernel_7,2513,1582,931,0.3705,True,0.16176223055482786,-0.03456978930678245,0.12485754517155499,0.3912071268855757
mixed_cnn_sequence_dnase_seed_45_kernel_3,mixed,cnn,3,mixed,sequence_dnase_seed_45|kernel_3,2513,1587,926,0.3685,True,0.060757387999064605,0.0373282413165813,0.1261747650989918,0.12224340112275589
mixed_cnn_sequence_dnase_seed_45_kernel_5,mixed,cnn,5,mixed,sequence_dnase_seed_45|kernel_5,2513,1587,926,0.3685,True,0.13708725638733776,-0.003253281685770437,0.1207108210284184,0.3546734387232585
mixed_cnn_sequence_dnase_seed_45_kernel_7,mixed,cnn,7,mixed,sequence_dnase_seed_45|kernel_7,2513,1587,926,0.3685,True,0.16319706218833052,-0.060754817764723024,0.1244125887725898,0.48414442936264046
mixed_cnn_sequence_h3k4me3_rrbs_seed_42_kernel_3,mixed,cnn,3,mixed,sequence_h3k4me3_rrbs_seed_42|kernel_3,2513,1638,875,0.3482,True,0.07123087117519167,0.0019975105148458683,0.1270972608375702,0.11605047478931152
mixed_cnn_sequence_h3k4me3_rrbs_seed_42_kernel_5,mixed,cnn,5,mixed,sequence_h3k4me3_rrbs_seed_42|kernel_5,2513,1638,875,0.3482,True,0.14830939822362343,0.016037873821717175,0.12441440416479854,0.3638646657945439
mixed_cnn_sequence_h3k4me3_rrbs_seed_42_kernel_7,mixed,cnn,7,mixed,sequence_h3k4me3_rrbs_seed_42|kernel_7,2513,1638,875,0.3482,True,0.16380820537880836,0.04895647264177905,0.12296018521485959,0.33250645187895356
mixed_cnn_sequence_h3k4me3_rrbs_seed_43_kernel_3,mixed,cnn,3,mixed,sequence_h3k4me3_rrbs_seed_43|kernel_3,2513,1618,895,0.3561,True,0.08887799767616067,0.04071960252543516,0.1240997128989493,0.09814329641137542
mixed_cnn_sequence_h3k4me3_rrbs_seed_43_kernel_5,mixed,cnn,5,mixed,sequence_h3k4me3_rrbs_seed_43|kernel_5,2513,1618,895,0.3561,True,0.13394290919484286,0.07070809789781651,0.1215210618791718,0.2197620204528865
mixed_cnn_sequence_h3k4me3_rrbs_seed_43_kernel_7,mixed,cnn,7,mixed,sequence_h3k4me3_rrbs_seed_43|kernel_7,2513,1618,895,0.3561,True,0.18135581957710967,-0.08956092459213738,0.12777032833776267,0.4828615783288306
mixed_cnn_sequence_h3k4me3_rrbs_seed_44_kernel_3,mixed,cnn,3,mixed,sequence_h3k4me3_rrbs_seed_44|kernel_3,2513,1582,931,0.3705,True,0.08392681232421473,-0.014384863217468125,0.12453543070884955,0.15214663424976704
mixed_cnn_sequence_h3k4me3_rrbs_seed_44_kernel_5,mixed,cnn,5,mixed,sequence_h3k4me3_rrbs_seed_44|kernel_5,2513,1582,931,0.3705,True,0.1404371466456631,0.02109305423744623,0.12428332166965868,0.2624198165581113
mixed_cnn_sequence_h3k4me3_rrbs_seed_44_kernel_7,mixed,cnn,7,mixed,sequence_h3k4me3_rrbs_seed_44|kernel_7,2513,1582,931,0.3705,True,0.13709754058090573,0.04994793081731763,0.12071911134728194,0.21048552788720487
mixed_cnn_sequence_h3k4me3_rrbs_seed_45_kernel_3,mixed,cnn,3,mixed,sequence_h3k4me3_rrbs_seed_45|kernel_3,2513,1587,926,0.3685,True,0.060057403541399434,0.042550337652159875,0.12467342499187145,0.09939613226815436
mixed_cnn_sequence_h3k4me3_rrbs_seed_45_kernel_5,mixed,cnn,5,mixed,sequence_h3k4me3_rrbs_seed_45|kernel_5,2513,1587,926,0.3685,True,0.1317690507953203,0.06417718590964461,0.12106107618909892,0.265886935941668
mixed_cnn_sequence_h3k4me3_rrbs_seed_45_kernel_7,mixed,cnn,7,mixed,sequence_h3k4me3_rrbs_seed_45|kernel_7,2513,1587,926,0.3685,True,0.15290336593348308,-0.022686922064192983,0.12194988438695652,0.47318090344987285
mixed_cnn_sequence_h3k4me3_seed_42_kernel_3,mixed,cnn,3,mixed,sequence_h3k4me3_seed_42|kernel_3,2513,1638,875,0.3482,True,0.07321332816233594,0.007875883614462786,0.12732707622218561,0.1302083250574142
mixed_cnn_sequence_h3k4me3_seed_42_kernel_5,mixed,cnn,5,mixed,sequence_h3k4me3_seed_42|kernel_5,2513,1638,875,0.3482,True,0.15681137107474252,-0.005612636334372256,0.12340601381070818,0.40905423014133413
mixed_cnn_sequence_h3k4me3_seed_42_kernel_7,mixed,cnn,7,mixed,sequence_h3k4me3_seed_42|kernel_7,2513,1638,875,0.3482,True,0.15422493686565875,0.06230821279670207,0.12094225125271062,0.29874576640703654
mixed_cnn_sequence_h3k4me3_seed_43_kernel_3,mixed,cnn,3,mixed,sequence_h3k4me3_seed_43|kernel_3,2513,1618,895,0.3561,True,0.08523061257737141,0.009247129479679317,0.12499155441316441,0.15160246665832544
mixed_cnn_sequence_h3k4me3_seed_43_kernel_5,mixed,cnn,5,mixed,sequence_h3k4me3_seed_43|kernel_5,2513,1618,895,0.3561,True,0.15210947148932497,-0.00133340694016848,0.12325746740451174,0.32612641033787704
mixed_cnn_sequence_h3k4me3_seed_43_kernel_7,mixed,cnn,7,mixed,sequence_h3k4me3_seed_43|kernel_7,2513,1618,895,0.3561,True,0.1761203405870322,-0.06354861432576642,0.12769863261464773,0.5371852439113394
mixed_cnn_sequence_h3k4me3_seed_44_kernel_3,mixed,cnn,3,mixed,sequence_h3k4me3_seed_44|kernel_3,2513,1582,931,0.3705,True,0.09432872090813438,0.0013658545868976413,0.12518237807926674,0.12354689012370057
mixed_cnn_sequence_h3k4me3_seed_44_kernel_5,mixed,cnn,5,mixed,sequence_h3k4me3_seed_44|kernel_5,2513,1582,931,0.3705,True,0.1381556415233035,0.0244089773538978,0.12293539931820482,0.26336419632248786
mixed_cnn_sequence_h3k4me3_seed_44_kernel_7,mixed,cnn,7,mixed,sequence_h3k4me3_seed_44|kernel_7,2513,1582,931,0.3705,True,0.14578973330790834,-0.038906524464439984,0.12303954615764853,0.3399822589172635
mixed_cnn_sequence_h3k4me3_seed_45_kernel_3,mixed,cnn,3,mixed,sequence_h3k4me3_seed_45|kernel_3,2513,1587,926,0.3685,True,0.0581363368204284,0.04899755453601462,0.12486872706496534,0.07609590125563004
mixed_cnn_sequence_h3k4me3_seed_45_kernel_5,mixed,cnn,5,mixed,sequence_h3k4me3_seed_45|kernel_5,2513,1587,926,0.3685,True,0.12512523909027207,0.05557839258012354,0.11971468436805294,0.2825149312823655
mixed_cnn_sequence_h3k4me3_seed_45_kernel_7,mixed,cnn,7,mixed,sequence_h3k4me3_seed_45|kernel_7,2513,1587,926,0.3685,True,0.16164615509526037,-0.030656086394494908,0.1257114446900441,0.4852513123959957
mixed_cnn_sequence_rrbs_seed_42_kernel_3,mixed,cnn,3,mixed,sequence_rrbs_seed_42|kernel_3,2513,1638,875,0.3482,True,0.063383670474915,0.0022395843777561764,0.12665734199141634,0.13379809299261014
mixed_cnn_sequence_rrbs_seed_42_kernel_5,mixed,cnn,5,mixed,sequence_rrbs_seed_42|kernel_5,2513,1638,875,0.3482,True,0.16993074524081786,0.012145680921639923,0.12365944100240538,0.40021428994906194
mixed_cnn_sequence_rrbs_seed_42_kernel_7,mixed,cnn,7,mixed,sequence_rrbs_seed_42|kernel_7,2513,1638,875,0.3482,True,0.1495406147943401,0.00676995999666774,0.12585010867029303,0.4030810659179397
mixed_cnn_sequence_rrbs_seed_43_kernel_3,mixed,cnn,3,mixed,sequence_rrbs_seed_43|kernel_3,2513,1618,895,0.3561,True,0.09283502533951904,0.014710116806816553,0.12479560987669962,0.1295729297305256
mixed_cnn_sequence_rrbs_seed_43_kernel_5,mixed,cnn,5,mixed,sequence_rrbs_seed_43|kernel_5,2513,1618,895,0.3561,True,0.1636434812227321,-0.045925025828473576,0.1254426166010507,0.4009229696802775
mixed_cnn_sequence_rrbs_seed_43_kernel_7,mixed,cnn,7,mixed,sequence_rrbs_seed_43|kernel_7,2513,1618,895,0.3561,True,0.14045520588091653,-0.029548466425977082,0.12465294805964154,0.4307061588060318
mixed_cnn_sequence_rrbs_seed_44_kernel_3,mixed,cnn,3,mixed,sequence_rrbs_seed_44|kernel_3,2513,1582,931,0.3705,True,0.08484018329433629,-0.02769423880046995,0.12722468157484196,0.12986166303850089
mixed_cnn_sequence_rrbs_seed_44_kernel_5,mixed,cnn,5,mixed,sequence_rrbs_seed_44|kernel_5,2513,1582,931,0.3705,True,0.14294631195419083,0.001092099394695678,0.1235492994572693,0.2976175095314849
mixed_cnn_sequence_rrbs_seed_44_kernel_7,mixed,cnn,7,mixed,sequence_rrbs_seed_44|kernel_7,2513,1582,931,0.3705,True,0.15269426852736323,-0.048792294189613505,0.12317210228912767,0.30527638338054774
mixed_cnn_sequence_rrbs_seed_45_kernel_3,mixed,cnn,3,mixed,sequence_rrbs_seed_45|kernel_3,2513,1587,926,0.3685,True,0.06048010374975332,0.044483005046545565,0.12434358087718966,0.07640752058224043
mixed_cnn_sequence_rrbs_seed_45_kernel_5,mixed,cnn,5,mixed,sequence_rrbs_seed_45|kernel_5,2513,1587,926,0.3685,True,0.13424817270738676,-0.040424712840076094,0.12320759678141147,0.4293212678360715
mixed_cnn_sequence_rrbs_seed_45_kernel_7,mixed,cnn,7,mixed,sequence_rrbs_seed_45|kernel_7,2513,1587,926,0.3685,True,0.16871666658949447,-0.023372346390588383,0.12211937066925016,0.49644753492107907
mixed_cnn_sequence_seed_42_kernel_3,mixed,cnn,3,mixed,sequence_seed_42|kernel_3,2513,1638,875,0.3482,True,0.06590726129943858,0.01106419963846661,0.12647917828567767,0.11979688113052644
mixed_cnn_sequence_seed_42_kernel_5,mixed,cnn,5,mixed,sequence_seed_42|kernel_5,2513,1638,875,0.3482,True,0.14609090485220633,0.0029506108976127265,0.125468013627558,0.3970537413371662
mixed_cnn_sequence_seed_42_kernel_7,mixed,cnn,7,mixed,sequence_seed_42|kernel_7,2513,1638,875,0.3482,True,0.163670702833145,0.0071271482852008905,0.12435412994990233,0.39448155344783453
mixed_cnn_sequence_seed_43_kernel_3,mixed,cnn,3,mixed,sequence_seed_43|kernel_3,2513,1618,895,0.3561,True,0.08428538672277885,0.038390766328870285,0.1233914055750927,0.10675302765177375
mixed_cnn_sequence_seed_43_kernel_5,mixed,cnn,5,mixed,sequence_seed_43|kernel_5,2513,1618,895,0.3561,True,0.16389848911817728,0.020254324070205776,0.12234206951205191,0.3205918107028347
mixed_cnn_sequence_seed_43_kernel_7,mixed,cnn,7,mixed,sequence_seed_43|kernel_7,2513,1618,895,0.3561,True,0.16889948053548542,0.03048008797715962,0.12101715762700867,0.321287750101274
mixed_cnn_sequence_seed_44_kernel_3,mixed,cnn,3,mixed,sequence_seed_44|kernel_3,2513,1582,931,0.3705,True,0.10203648784598074,-0.02509704338041341,0.12431086630303413,0.1727855434880401
mixed_cnn_sequence_seed_44_kernel_5,mixed,cnn,5,mixed,sequence_seed_44|kernel_5,2513,1582,931,0.3705,True,0.13671754393964375,-0.015229828341731588,0.12118357866080912,0.3232175096127756
mixed_cnn_sequence_seed_44_kernel_7,mixed,cnn,7,mixed,sequence_seed_44|kernel_7,2513,1582,931,0.3705,True,0.14143466101780622,-0.09545866413391568,0.12426152141491782,0.48212173321491925
mixed_cnn_sequence_seed_45_kernel_3,mixed,cnn,3,mixed,sequence_seed_45|kernel_3,2513,1587,926,0.3685,True,0.06149938099490504,0.04375937294838406,0.12575403650415878,0.10104468662562605
mixed_cnn_sequence_seed_45_kernel_5,mixed,cnn,5,mixed,sequence_seed_45|kernel_5,2513,1587,926,0.3685,True,0.13334570094326326,0.008681555132050045,0.12230391375053559,0.355569020816758
mixed_cnn_sequence_seed_45_kernel_7,mixed,cnn,7,mixed,sequence_seed_45|kernel_7,2513,1587,926,0.3685,True,0.15746706066543703,-0.07692419858189048,0.1270089519288595,0.508538445697023
mixed_linear_all_seed_42,mixed,linear,-,mixed,all_seed_42,2513,1638,875,0.3482,True,-3.19991990901053e+18,-4.930669957562379e+18,9063025.519834643,0.1180261197937611
mixed_linear_all_seed_43,mixed,linear,-,mixed,all_seed_43,2513,1618,895,0.3561,True,0.08636909753176247,0.07750714251887936,0.12246562063186472,0.10840984205988757
mixed_linear_all_seed_44,mixed,linear,-,mixed,all_seed_44,2513,1582,931,0.3705,True,-1.8514965725077045e+19,0.0273844425372769,0.1254337916143551,-4.828816194670156e+19
mixed_linear_all_seed_45,mixed,linear,-,mixed,all_seed_45,2513,1587,926,0.3685,True,0.0920396725717525,0.05967808667757002,0.12413579962048421,0.1122266833024993
mixed_linear_sequence_ctcf_dnase_h3k4me3_seed_42,mixed,linear,-,mixed,sequence_ctcf_dnase_h3k4me3_seed_42,2513,1638,875,0.3482,True,-1.7404150659929517e+17,-2.6817584581268186e+17,2113635.455190756,0.11082553850898691
mixed_linear_sequence_ctcf_dnase_h3k4me3_seed_43,mixed,linear,-,mixed,sequence_ctcf_dnase_h3k4me3_seed_43,2513,1618,895,0.3561,True,0.08662025365025594,0.078793376195328,0.12221523271707081,0.10815696781118711
mixed_linear_sequence_ctcf_dnase_h3k4me3_seed_44,mixed,linear,-,mixed,sequence_ctcf_dnase_h3k4me3_seed_44,2513,1582,931,0.3705,True,0.08180638820682695,0.03262466795956276,0.12476755596871796,0.12478124670451485
mixed_linear_sequence_ctcf_dnase_h3k4me3_seed_45,mixed,linear,-,mixed,sequence_ctcf_dnase_h3k4me3_seed_45,2513,1587,926,0.3685,True,0.095046801336647,0.06311546665707113,0.1238774978083459,0.1081305313140366
mixed_linear_sequence_ctcf_dnase_rrbs_seed_42,mixed,linear,-,mixed,sequence_ctcf_dnase_rrbs_seed_42,2513,1638,875,0.3482,True,-4.4436624196168433e+18,-6.847119120714331e+18,10680071.915063223,0.11993722964084086
mixed_linear_sequence_ctcf_dnase_rrbs_seed_43,mixed,linear,-,mixed,sequence_ctcf_dnase_rrbs_seed_43,2513,1618,895,0.3561,True,0.08617928490930293,0.08165628804115899,0.1221173344486217,0.10900386218979574
mixed_linear_sequence_ctcf_dnase_rrbs_seed_44,mixed,linear,-,mixed,sequence_ctcf_dnase_rrbs_seed_44,2513,1582,931,0.3705,True,-4.450242305097734e+19,0.029549777260152066,0.1252102212888479,-1.1606503858530042e+20
mixed_linear_sequence_ctcf_dnase_rrbs_seed_45,mixed,linear,-,mixed,sequence_ctcf_dnase_rrbs_seed_45,2513,1587,926,0.3685,True,0.09085387677475998,0.061045309236264944,0.1239413070353904,0.11492684198044856
mixed_linear_sequence_ctcf_dnase_seed_42,mixed,linear,-,mixed,sequence_ctcf_dnase_seed_42,2513,1638,875,0.3482,True,-8.303472367915498e+18,-1.2794595774623607e+19,14599349.947422244,0.11251967395547247
mixed_linear_sequence_ctcf_dnase_seed_43,mixed,linear,-,mixed,sequence_ctcf_dnase_seed_43,2513,1618,895,0.3561,True,0.08643590618844399,0.08287191069304722,0.12186822077714886,0.10867863213546347
mixed_linear_sequence_ctcf_dnase_seed_44,mixed,linear,-,mixed,sequence_ctcf_dnase_seed_44,2513,1582,931,0.3705,True,0.08616298633628239,0.034757036820559306,0.12462962843883653,0.12239359447251574
mixed_linear_sequence_ctcf_dnase_seed_45,mixed,linear,-,mixed,sequence_ctcf_dnase_seed_45,2513,1587,926,0.3685,True,0.09376196449421126,0.06453624919361434,0.12368097852570499,0.11083263939080246
mixed_linear_sequence_ctcf_h3k4me3_rrbs_seed_42,mixed,linear,-,mixed,sequence_ctcf_h3k4me3_rrbs_seed_42,2513,1638,875,0.3482,True,0.0844650752825189,0.048913012831502733,0.12485867781553293,0.11648902917515591
mixed_linear_sequence_ctcf_h3k4me3_rrbs_seed_43,mixed,linear,-,mixed,sequence_ctcf_h3k4me3_rrbs_seed_43,2513,1618,895,0.3561,True,0.08745646153904452,0.07790525938970361,0.12255304212656334,0.11252488546770456
mixed_linear_sequence_ctcf_h3k4me3_rrbs_seed_44,mixed,linear,-,mixed,sequence_ctcf_h3k4me3_rrbs_seed_44,2513,1582,931,0.3705,True,0.0777760895500913,0.029739428630498832,0.12514178553965105,0.12963442956004456
mixed_linear_sequence_ctcf_h3k4me3_rrbs_seed_45,mixed,linear,-,mixed,sequence_ctcf_h3k4me3_rrbs_seed_45,2513,1587,926,0.3685,True,0.0925315838109948,0.06308385404275085,0.12400335041135925,0.11594545215871399
mixed_linear_sequence_ctcf_h3k4me3_seed_42,mixed,linear,-,mixed,sequence_ctcf_h3k4me3_seed_42,2513,1638,875,0.3482,True,0.08612684798618642,0.050062344649646984,0.12476152553772386,0.10916368341751703
mixed_linear_sequence_ctcf_h3k4me3_seed_43,mixed,linear,-,mixed,sequence_ctcf_h3k4me3_seed_43,2513,1618,895,0.3561,True,0.08775412103700275,0.07910964223095762,0.12230017315292976,0.11239826897231264
mixed_linear_sequence_ctcf_h3k4me3_seed_44,mixed,linear,-,mixed,sequence_ctcf_h3k4me3_seed_44,2513,1582,931,0.3705,True,0.08349136921821654,0.034828664726359926,0.12451820882924305,0.12129773737869576
mixed_linear_sequence_ctcf_h3k4me3_seed_45,mixed,linear,-,mixed,sequence_ctcf_h3k4me3_seed_45,2513,1587,926,0.3685,True,0.09558071246466626,0.06672484728537398,0.12371704569932349,0.1120519185915525
mixed_linear_sequence_ctcf_rrbs_seed_42,mixed,linear,-,mixed,sequence_ctcf_rrbs_seed_42,2513,1638,875,0.3482,True,0.08959847897442519,0.04733862033871172,0.12482939441380263,0.11799068491872156
mixed_linear_sequence_ctcf_rrbs_seed_43,mixed,linear,-,mixed,sequence_ctcf_rrbs_seed_43,2513,1618,895,0.3561,True,0.08686868998447317,0.08222343443157187,0.12217486014136957,0.11300471082731911
mixed_linear_sequence_ctcf_rrbs_seed_44,mixed,linear,-,mixed,sequence_ctcf_rrbs_seed_44,2513,1582,931,0.3705,True,0.08211104531110436,0.031801666797515615,0.12492095606704595,0.1269073908501036
mixed_linear_sequence_ctcf_rrbs_seed_45,mixed,linear,-,mixed,sequence_ctcf_rrbs_seed_45,2513,1587,926,0.3685,True,0.09128204654388505,0.06432676689725192,0.12385530676457987,0.11869416062529747
mixed_linear_sequence_ctcf_seed_42,mixed,linear,-,mixed,sequence_ctcf_seed_42,2513,1638,875,0.3482,True,0.0912116873079678,0.04859922980284781,0.12474058502141153,0.11045248680930886
mixed_linear_sequence_ctcf_seed_43,mixed,linear,-,mixed,sequence_ctcf_seed_43,2513,1618,895,0.3561,True,0.0872018388722049,0.08332098604687233,0.12189711504021535,0.1127428221144191
mixed_linear_sequence_ctcf_seed_44,mixed,linear,-,mixed,sequence_ctcf_seed_44,2513,1582,931,0.3705,True,0.08773828564911978,0.03691279706591677,0.12436175126153075,0.11853145821709776
mixed_linear_sequence_ctcf_seed_45,mixed,linear,-,mixed,sequence_ctcf_seed_45,2513,1587,926,0.3685,True,0.09427447522922794,0.06800030745523933,0.12355048432788182,0.11477059224181985
mixed_linear_sequence_dnase_h3k4me3_rrbs_seed_42,mixed,linear,-,mixed,sequence_dnase_h3k4me3_rrbs_seed_42,2513,1638,875,0.3482,True,-3.907833868231001e+17,-6.021475412937219e+17,3167172.414111596,0.12280666072461688
mixed_linear_sequence_dnase_h3k4me3_rrbs_seed_43,mixed,linear,-,mixed,sequence_dnase_h3k4me3_rrbs_seed_43,2513,1618,895,0.3561,True,0.08606439360958607,0.07880427281244495,0.12217512481311234,0.11663372711545039
mixed_linear_sequence_dnase_h3k4me3_rrbs_seed_44,mixed,linear,-,mixed,sequence_dnase_h3k4me3_rrbs_seed_44,2513,1582,931,0.3705,True,-2.048789166330552e+16,0.028954637023683283,0.125526422972156,-5.343367330272513e+16
mixed_linear_sequence_dnase_h3k4me3_rrbs_seed_45,mixed,linear,-,mixed,sequence_dnase_h3k4me3_rrbs_seed_45,2513,1587,926,0.3685,True,0.09016006970144352,0.05935558681815112,0.1242795884380353,0.11228365693698239
mixed_linear_sequence_dnase_h3k4me3_seed_42,mixed,linear,-,mixed,sequence_dnase_h3k4me3_seed_42,2513,1638,875,0.3482,True,-1.941470068279064e+18,-2.9915586675743954e+18,7059419.659564319,0.1155861782858092
mixed_linear_sequence_dnase_h3k4me3_seed_43,mixed,linear,-,mixed,sequence_dnase_h3k4me3_seed_43,2513,1618,895,0.3561,True,0.08641506643307695,0.07998945012915093,0.12195036864063297,0.11597444592481909
mixed_linear_sequence_dnase_h3k4me3_seed_44,mixed,linear,-,mixed,sequence_dnase_h3k4me3_seed_44,2513,1582,931,0.3705,True,-3.1667776350577316e+18,0.03409376470495917,0.12490309620588545,-8.259149574861509e+18
mixed_linear_sequence_dnase_h3k4me3_seed_45,mixed,linear,-,mixed,sequence_dnase_h3k4me3_seed_45,2513,1587,926,0.3685,True,0.0933029261301157,0.06296163156642032,0.12398678148625061,0.10826334948953364
mixed_linear_sequence_dnase_rrbs_seed_42,mixed,linear,-,mixed,sequence_dnase_rrbs_seed_42,2513,1638,875,0.3482,True,-2.0449328884921136e+17,-3.1509817267511846e+17,2291095.520829683,0.12458259061154031
mixed_linear_sequence_dnase_rrbs_seed_43,mixed,linear,-,mixed,sequence_dnase_rrbs_seed_43,2513,1618,895,0.3561,True,0.08555189103883809,0.08319129323468066,0.12178446649416752,0.11675883071924664
mixed_linear_sequence_dnase_rrbs_seed_44,mixed,linear,-,mixed,sequence_dnase_rrbs_seed_44,2513,1582,931,0.3705,True,-2.4632824166055357e+17,0.030259042757279975,0.12536361143822303,-6.424391059858445e+17
mixed_linear_sequence_dnase_rrbs_seed_45,mixed,linear,-,mixed,sequence_dnase_rrbs_seed_45,2513,1587,926,0.3685,True,0.08885003047770723,0.06018603619700047,0.12411880595718426,0.11579661810596731
mixed_linear_sequence_dnase_seed_42,mixed,linear,-,mixed,sequence_dnase_seed_42,2513,1638,875,0.3482,True,-1.7406514631786212e+18,-2.682122715666277e+18,6684355.82683963,0.11709929685608489
mixed_linear_sequence_dnase_seed_43,mixed,linear,-,mixed,sequence_dnase_seed_43,2513,1618,895,0.3561,True,0.08593323745965908,0.0843054217491589,0.12156746428190666,0.11605183488732507
mixed_linear_sequence_dnase_seed_44,mixed,linear,-,mixed,sequence_dnase_seed_44,2513,1582,931,0.3705,True,-4.631765142048265e+18,0.035351960353561696,0.12483538551780445,-1.2079926509479586e+19
mixed_linear_sequence_dnase_seed_45,mixed,linear,-,mixed,sequence_dnase_seed_45,2513,1587,926,0.3685,True,0.09191878488283811,0.06381937567212492,0.12383163031881456,0.11181489288492807
mixed_linear_sequence_h3k4me3_rrbs_seed_42,mixed,linear,-,mixed,sequence_h3k4me3_rrbs_seed_42,2513,1638,875,0.3482,True,0.08303002600141063,0.04660326855671393,0.12510608354149064,0.12155168453963883
mixed_linear_sequence_h3k4me3_rrbs_seed_43,mixed,linear,-,mixed,sequence_h3k4me3_rrbs_seed_43,2513,1618,895,0.3561,True,0.08705085164974924,0.07944503094996858,0.1221888836628495,0.1204678244839591
mixed_linear_sequence_h3k4me3_rrbs_seed_44,mixed,linear,-,mixed,sequence_h3k4me3_rrbs_seed_44,2513,1582,931,0.3705,True,0.07973758671118769,0.031012952071830968,0.12522790444597298,0.13367537955445719
mixed_linear_sequence_h3k4me3_rrbs_seed_45,mixed,linear,-,mixed,sequence_h3k4me3_rrbs_seed_45,2513,1587,926,0.3685,True,0.09065738806931234,0.06312837414633399,0.12417000935488647,0.11649484845005231
mixed_linear_sequence_h3k4me3_seed_42,mixed,linear,-,mixed,sequence_h3k4me3_seed_42,2513,1638,875,0.3482,True,0.0849197436925263,0.04761965454610384,0.12496289159202506,0.11419168241280331
mixed_linear_sequence_h3k4me3_seed_43,mixed,linear,-,mixed,sequence_h3k4me3_seed_43,2513,1618,895,0.3561,True,0.08744516922206003,0.08040356282480177,0.12196502839915509,0.1198495196188869
mixed_linear_sequence_h3k4me3_seed_44,mixed,linear,-,mixed,sequence_h3k4me3_seed_44,2513,1582,931,0.3705,True,0.08560477495690622,0.035969005737688575,0.12467457335164348,0.12578620406049923
mixed_linear_sequence_h3k4me3_seed_45,mixed,linear,-,mixed,sequence_h3k4me3_seed_45,2513,1587,926,0.3685,True,0.09388240138561121,0.06689806929412845,0.12382672354489531,0.11253720932290345
mixed_linear_sequence_rrbs_seed_42,mixed,linear,-,mixed,sequence_rrbs_seed_42,2513,1638,875,0.3482,True,0.08744523115249969,0.045139602055552785,0.12509315244480584,0.12294463439973768
mixed_linear_sequence_rrbs_seed_43,mixed,linear,-,mixed,sequence_rrbs_seed_43,2513,1618,895,0.3561,True,0.0861263318792933,0.08395206812343814,0.12172285796939458,0.12072364255478962
mixed_linear_sequence_rrbs_seed_44,mixed,linear,-,mixed,sequence_rrbs_seed_44,2513,1582,931,0.3705,True,0.08406590351057064,0.032099620510136484,0.12513927343181822,0.13019925778232733
mixed_linear_sequence_rrbs_seed_45,mixed,linear,-,mixed,sequence_rrbs_seed_45,2513,1587,926,0.3685,True,0.08931904050872619,0.06385720680141438,0.12397817135498013,0.12006851165644272
mixed_linear_sequence_seed_42,mixed,linear,-,mixed,sequence_seed_42,2513,1638,875,0.3482,True,0.08926594258077314,0.04637313335419535,0.12497919851643478,0.11538271259190003
mixed_linear_sequence_seed_43,mixed,linear,-,mixed,sequence_seed_43,2513,1618,895,0.3561,True,0.08656757253918068,0.08496705814052408,0.12154950487779394,0.12011203244761826
mixed_linear_sequence_seed_44,mixed,linear,-,mixed,sequence_seed_44,2513,1582,931,0.3705,True,0.08996866712876972,0.03720655117109817,0.12458206195331722,0.12242844017547905
mixed_linear_sequence_seed_45,mixed,linear,-,mixed,sequence_seed_45,2513,1587,926,0.3685,True,0.09235519495348843,0.06762722926163911,0.12370644392012592,0.11620001161502913
mixed_mlp_all_seed_42,mixed,mlp,-,mixed,all_seed_42,2513,1638,875,0.3482,True,0.10072913453835952,0.055771634201065234,0.12520075560863247,0.13215028706653087
mixed_mlp_all_seed_43,mixed,mlp,-,mixed,all_seed_43,2513,1618,895,0.3561,True,0.1062995630960204,0.09025326081050133,0.11847547370859085,0.18780162957584334
mixed_mlp_all_seed_44,mixed,mlp,-,mixed,all_seed_44,2513,1582,931,0.3705,True,0.11634566412999825,0.06667472444663503,0.12111697595537296,0.17650365695463932
mixed_mlp_all_seed_45,mixed,mlp,-,mixed,all_seed_45,2513,1587,926,0.3685,True,0.11436476123560113,0.04839456958205157,0.12352780960623817,0.21613719695882072
mixed_mlp_sequence_ctcf_dnase_h3k4me3_seed_42,mixed,mlp,-,mixed,sequence_ctcf_dnase_h3k4me3_seed_42,2513,1638,875,0.3482,True,0.10108656863283128,0.043892863636542434,0.12348747976614165,0.12126726896312257
mixed_mlp_sequence_ctcf_dnase_h3k4me3_seed_43,mixed,mlp,-,mixed,sequence_ctcf_dnase_h3k4me3_seed_43,2513,1618,895,0.3561,True,0.10556388792108351,0.08662606497938863,0.11854498386928305,0.14117287095426878
mixed_mlp_sequence_ctcf_dnase_h3k4me3_seed_44,mixed,mlp,-,mixed,sequence_ctcf_dnase_h3k4me3_seed_44,2513,1582,931,0.3705,True,0.13055741657499098,0.019979078277792106,0.12155365510202275,0.21043765546309579
mixed_mlp_sequence_ctcf_dnase_h3k4me3_seed_45,mixed,mlp,-,mixed,sequence_ctcf_dnase_h3k4me3_seed_45,2513,1587,926,0.3685,True,0.13980105696633127,0.07380039195645771,0.12191473698872084,0.21386055101413248
mixed_mlp_sequence_ctcf_dnase_rrbs_seed_42,mixed,mlp,-,mixed,sequence_ctcf_dnase_rrbs_seed_42,2513,1638,875,0.3482,True,0.12860733196000806,-0.0432397534476221,0.1288004633320757,0.27171629722555746
mixed_mlp_sequence_ctcf_dnase_rrbs_seed_43,mixed,mlp,-,mixed,sequence_ctcf_dnase_rrbs_seed_43,2513,1618,895,0.3561,True,0.11050424240256784,0.09345395944303392,0.12013806031551298,0.1710555032052442
mixed_mlp_sequence_ctcf_dnase_rrbs_seed_44,mixed,mlp,-,mixed,sequence_ctcf_dnase_rrbs_seed_44,2513,1582,931,0.3705,True,0.11028408659340039,0.06208621567659289,0.12178159411592922,0.1946140765811799
mixed_mlp_sequence_ctcf_dnase_rrbs_seed_45,mixed,mlp,-,mixed,sequence_ctcf_dnase_rrbs_seed_45,2513,1587,926,0.3685,True,0.12134224765718493,0.06884116042982547,0.12091594922627599,0.19393841077179985
mixed_mlp_sequence_ctcf_dnase_seed_42,mixed,mlp,-,mixed,sequence_ctcf_dnase_seed_42,2513,1638,875,0.3482,True,0.11300709263601316,0.04966690473227009,0.12467306052682539,0.1620210729166024
mixed_mlp_sequence_ctcf_dnase_seed_43,mixed,mlp,-,mixed,sequence_ctcf_dnase_seed_43,2513,1618,895,0.3561,True,0.10576912202454714,0.08712915469989724,0.1206602870985785,0.16534704148620916
mixed_mlp_sequence_ctcf_dnase_seed_44,mixed,mlp,-,mixed,sequence_ctcf_dnase_seed_44,2513,1582,931,0.3705,True,0.13821084957932273,0.027776423579756293,0.1220306786216182,0.2672711829926203
mixed_mlp_sequence_ctcf_dnase_seed_45,mixed,mlp,-,mixed,sequence_ctcf_dnase_seed_45,2513,1587,926,0.3685,True,0.1297455673927963,0.05502929381604138,0.12314903441720226,0.23146290659142932
mixed_mlp_sequence_ctcf_h3k4me3_rrbs_seed_42,mixed,mlp,-,mixed,sequence_ctcf_h3k4me3_rrbs_seed_42,2513,1638,875,0.3482,True,0.11647909722137095,0.03309502541861142,0.12582480620997558,0.1713235355970142
mixed_mlp_sequence_ctcf_h3k4me3_rrbs_seed_43,mixed,mlp,-,mixed,sequence_ctcf_h3k4me3_rrbs_seed_43,2513,1618,895,0.3561,True,0.1003164779993263,0.09019412542545291,0.11935952011773794,0.13026387487742697
mixed_mlp_sequence_ctcf_h3k4me3_rrbs_seed_44,mixed,mlp,-,mixed,sequence_ctcf_h3k4me3_rrbs_seed_44,2513,1582,931,0.3705,True,0.11198527357769816,0.04586636632539831,0.12220775786498103,0.17068980364881092
mixed_mlp_sequence_ctcf_h3k4me3_rrbs_seed_45,mixed,mlp,-,mixed,sequence_ctcf_h3k4me3_rrbs_seed_45,2513,1587,926,0.3685,True,0.11784074678247913,-0.05344398855004551,0.12698899251550094,0.392598119081064
mixed_mlp_sequence_ctcf_h3k4me3_seed_42,mixed,mlp,-,mixed,sequence_ctcf_h3k4me3_seed_42,2513,1638,875,0.3482,True,0.1053748084666909,0.027363267920746503,0.12713244400301588,0.19451713341403554
mixed_mlp_sequence_ctcf_h3k4me3_seed_43,mixed,mlp,-,mixed,sequence_ctcf_h3k4me3_seed_43,2513,1618,895,0.3561,True,0.10665991624286808,0.05215476909163419,0.12217530434826947,0.20101175966395912
mixed_mlp_sequence_ctcf_h3k4me3_seed_44,mixed,mlp,-,mixed,sequence_ctcf_h3k4me3_seed_44,2513,1582,931,0.3705,True,0.1329467299627135,-0.06209878873283681,0.1263397123965866,0.31272097486973904
mixed_mlp_sequence_ctcf_h3k4me3_seed_45,mixed,mlp,-,mixed,sequence_ctcf_h3k4me3_seed_45,2513,1587,926,0.3685,True,0.12262002069716071,0.06021449930804701,0.1220577106030876,0.18615981306874685
mixed_mlp_sequence_ctcf_rrbs_seed_42,mixed,mlp,-,mixed,sequence_ctcf_rrbs_seed_42,2513,1638,875,0.3482,True,0.13012224254713833,0.02061413168935733,0.12549355112694752,0.2237721964601992
mixed_mlp_sequence_ctcf_rrbs_seed_43,mixed,mlp,-,mixed,sequence_ctcf_rrbs_seed_43,2513,1618,895,0.3561,True,0.1137406754484771,0.0008898011353480895,0.12379358032354759,0.32734270449515346
mixed_mlp_sequence_ctcf_rrbs_seed_44,mixed,mlp,-,mixed,sequence_ctcf_rrbs_seed_44,2513,1582,931,0.3705,True,0.11311634228579148,0.04736624344608975,0.12111113779481669,0.22939361324767116
mixed_mlp_sequence_ctcf_rrbs_seed_45,mixed,mlp,-,mixed,sequence_ctcf_rrbs_seed_45,2513,1587,926,0.3685,True,0.11093167765180034,0.033973025554420944,0.12190362470957783,0.2614422204627195
mixed_mlp_sequence_ctcf_seed_42,mixed,mlp,-,mixed,sequence_ctcf_seed_42,2513,1638,875,0.3482,True,0.11303671176405283,0.047733953680535346,0.1247209130256044,0.16109407772170026
mixed_mlp_sequence_ctcf_seed_43,mixed,mlp,-,mixed,sequence_ctcf_seed_43,2513,1618,895,0.3561,True,0.11668211941377893,0.0746831774424741,0.12002250839338689,0.21636552581111368
mixed_mlp_sequence_ctcf_seed_44,mixed,mlp,-,mixed,sequence_ctcf_seed_44,2513,1582,931,0.3705,True,0.13317671860850255,-0.03744619821315798,0.12447090677522124,0.2927166686303254
mixed_mlp_sequence_ctcf_seed_45,mixed,mlp,-,mixed,sequence_ctcf_seed_45,2513,1587,926,0.3685,True,0.12135232840678589,0.04084227218788772,0.12238458746761186,0.23270380502201593
mixed_mlp_sequence_dnase_h3k4me3_rrbs_seed_42,mixed,mlp,-,mixed,sequence_dnase_h3k4me3_rrbs_seed_42,2513,1638,875,0.3482,True,0.10761660579469179,0.04722258669253454,0.12503233492792432,0.16118957357718855
mixed_mlp_sequence_dnase_h3k4me3_rrbs_seed_43,mixed,mlp,-,mixed,sequence_dnase_h3k4me3_rrbs_seed_43,2513,1618,895,0.3561,True,0.11078236500075456,0.08977634610274288,0.11983229070426453,0.165568446171814
mixed_mlp_sequence_dnase_h3k4me3_rrbs_seed_44,mixed,mlp,-,mixed,sequence_dnase_h3k4me3_rrbs_seed_44,2513,1582,931,0.3705,True,0.1322169556909618,-0.03359606985361574,0.12369030745031605,0.338933147747392
mixed_mlp_sequence_dnase_h3k4me3_rrbs_seed_45,mixed,mlp,-,mixed,sequence_dnase_h3k4me3_rrbs_seed_45,2513,1587,926,0.3685,True,0.14162151215447516,0.018907210195417856,0.12430658135923126,0.3052772789557694
mixed_mlp_sequence_dnase_h3k4me3_seed_42,mixed,mlp,-,mixed,sequence_dnase_h3k4me3_seed_42,2513,1638,875,0.3482,True,0.108157134021593,0.05497195034268221,0.12437765077896215,0.14907620029708202
mixed_mlp_sequence_dnase_h3k4me3_seed_43,mixed,mlp,-,mixed,sequence_dnase_h3k4me3_seed_43,2513,1618,895,0.3561,True,0.11171515669186294,0.09643943721677428,0.12061788581922125,0.15663653014748447
mixed_mlp_sequence_dnase_h3k4me3_seed_44,mixed,mlp,-,mixed,sequence_dnase_h3k4me3_seed_44,2513,1582,931,0.3705,True,0.14116189609520713,-0.08113059841249681,0.12524013378533502,0.35390810799774974
mixed_mlp_sequence_dnase_h3k4me3_seed_45,mixed,mlp,-,mixed,sequence_dnase_h3k4me3_seed_45,2513,1587,926,0.3685,True,0.1250275602353722,0.056309618401466865,0.12217356109773157,0.17577587341049228
mixed_mlp_sequence_dnase_rrbs_seed_42,mixed,mlp,-,mixed,sequence_dnase_rrbs_seed_42,2513,1638,875,0.3482,True,0.11649743459327866,0.060883317107136015,0.12392555955918193,0.17943845972059858
mixed_mlp_sequence_dnase_rrbs_seed_43,mixed,mlp,-,mixed,sequence_dnase_rrbs_seed_43,2513,1618,895,0.3561,True,0.10696580705625636,-0.06417091490063553,0.12716226900710756,0.358929800748123
mixed_mlp_sequence_dnase_rrbs_seed_44,mixed,mlp,-,mixed,sequence_dnase_rrbs_seed_44,2513,1582,931,0.3705,True,0.13395740998874894,-0.13695988210582133,0.13173009461592922,0.42819369281194897
mixed_mlp_sequence_dnase_rrbs_seed_45,mixed,mlp,-,mixed,sequence_dnase_rrbs_seed_45,2513,1587,926,0.3685,True,0.1278495334987605,0.04901155403814028,0.12192504131134214,0.2736367447546024
mixed_mlp_sequence_dnase_seed_42,mixed,mlp,-,mixed,sequence_dnase_seed_42,2513,1638,875,0.3482,True,0.1252588902505002,0.0025924491578087627,0.12772488545905983,0.27004038517756057
mixed_mlp_sequence_dnase_seed_43,mixed,mlp,-,mixed,sequence_dnase_seed_43,2513,1618,895,0.3561,True,0.1111448436587068,0.08615159448887111,0.12151450004357231,0.1796039113487078
mixed_mlp_sequence_dnase_seed_44,mixed,mlp,-,mixed,sequence_dnase_seed_44,2513,1582,931,0.3705,True,0.14043032645210918,-0.07211525158963572,0.12750071905651075,0.3768231220855931
mixed_mlp_sequence_dnase_seed_45,mixed,mlp,-,mixed,sequence_dnase_seed_45,2513,1587,926,0.3685,True,0.12964436562281156,0.0615548926757552,0.12030903953881537,0.20668334538298871
mixed_mlp_sequence_h3k4me3_rrbs_seed_42,mixed,mlp,-,mixed,sequence_h3k4me3_rrbs_seed_42,2513,1638,875,0.3482,True,0.1143035119780722,0.053942642536869645,0.12451528651522589,0.173951539494265
mixed_mlp_sequence_h3k4me3_rrbs_seed_43,mixed,mlp,-,mixed,sequence_h3k4me3_rrbs_seed_43,2513,1618,895,0.3561,True,0.11007497814871303,0.05108792131447226,0.12241581839709517,0.21922084942932418
mixed_mlp_sequence_h3k4me3_rrbs_seed_44,mixed,mlp,-,mixed,sequence_h3k4me3_rrbs_seed_44,2513,1582,931,0.3705,True,0.12253888205043328,0.05012714685473707,0.12168946519051835,0.18538459001002583
mixed_mlp_sequence_h3k4me3_rrbs_seed_45,mixed,mlp,-,mixed,sequence_h3k4me3_rrbs_seed_45,2513,1587,926,0.3685,True,0.11010288431692006,0.06606987142385556,0.12275925158166351,0.16896448958934807
mixed_mlp_sequence_h3k4me3_seed_42,mixed,mlp,-,mixed,sequence_h3k4me3_seed_42,2513,1638,875,0.3482,True,0.1148746622685538,-0.05365778894147888,0.12911070788030524,0.3010617170216485
mixed_mlp_sequence_h3k4me3_seed_43,mixed,mlp,-,mixed,sequence_h3k4me3_seed_43,2513,1618,895,0.3561,True,0.10221173042914278,-0.00011933007426168096,0.12333889627039556,0.24286499973747744
mixed_mlp_sequence_h3k4me3_seed_44,mixed,mlp,-,mixed,sequence_h3k4me3_seed_44,2513,1582,931,0.3705,True,0.12197097541107993,0.04400217286742103,0.12153096882010114,0.19787026047237732
mixed_mlp_sequence_h3k4me3_seed_45,mixed,mlp,-,mixed,sequence_h3k4me3_seed_45,2513,1587,926,0.3685,True,0.1263488072639123,-0.05287186550618972,0.12887425950730938,0.40016568729363045
mixed_mlp_sequence_rrbs_seed_42,mixed,mlp,-,mixed,sequence_rrbs_seed_42,2513,1638,875,0.3482,True,0.13796898307532213,-0.05477964582202177,0.1296655450567399,0.4185828219029488
mixed_mlp_sequence_rrbs_seed_43,mixed,mlp,-,mixed,sequence_rrbs_seed_43,2513,1618,895,0.3561,True,0.13871186620255638,0.044926320012203314,0.12142575635939432,0.3286184679948667
mixed_mlp_sequence_rrbs_seed_44,mixed,mlp,-,mixed,sequence_rrbs_seed_44,2513,1582,931,0.3705,True,0.12956883146537646,-0.030188968641024605,0.12258254678659924,0.3521094129557225
mixed_mlp_sequence_rrbs_seed_45,mixed,mlp,-,mixed,sequence_rrbs_seed_45,2513,1587,926,0.3685,True,0.15137952487132755,-0.036303807759021645,0.1265893853296156,0.47299420470736286
mixed_mlp_sequence_seed_42,mixed,mlp,-,mixed,sequence_seed_42,2513,1638,875,0.3482,True,0.12870662720026582,-0.07555915942184521,0.13024431160435898,0.49428530157713413
mixed_mlp_sequence_seed_43,mixed,mlp,-,mixed,sequence_seed_43,2513,1618,895,0.3561,True,0.1552142282560477,-0.06458307770819016,0.12761269071353523,0.5367470156760961
mixed_mlp_sequence_seed_44,mixed,mlp,-,mixed,sequence_seed_44,2513,1582,931,0.3705,True,0.13484519170598241,0.053451628438789256,0.12068959844209862,0.2186889530689503
mixed_mlp_sequence_seed_45,mixed,mlp,-,mixed,sequence_seed_45,2513,1587,926,0.3685,True,0.13382279778755313,0.0007519897257511898,0.12642796060623818,0.3976429255711368
mixed_transformer_all_seed_42,mixed,transformer,-,mixed,all_seed_42,2513,1638,875,0.3482,True,0.09887781727941192,0.03271537058986229,0.12492827849446887,0.15851175530156036
mixed_transformer_all_seed_43,mixed,transformer,-,mixed,all_seed_43,2513,1618,895,0.3561,True,0.11290135675787671,0.05389573689266991,0.12213085536742893,0.16981733066215277
mixed_transformer_all_seed_44,mixed,transformer,-,mixed,all_seed_44,2513,1582,931,0.3705,True,0.12151448975641288,0.07228530158824042,0.12126318657420986,0.15034612049121
mixed_transformer_all_seed_45,mixed,transformer,-,mixed,all_seed_45,2513,1587,926,0.3685,True,0.12082629832196934,0.08982864783557998,0.12097823978078134,0.1894631708096297
mixed_transformer_sequence_ctcf_dnase_h3k4me3_seed_42,mixed,transformer,-,mixed,sequence_ctcf_dnase_h3k4me3_seed_42,2513,1638,875,0.3482,True,0.12102755953196609,0.04470216879030309,0.12432776222584858,0.18425470355931806
mixed_transformer_sequence_ctcf_dnase_h3k4me3_seed_43,mixed,transformer,-,mixed,sequence_ctcf_dnase_h3k4me3_seed_43,2513,1618,895,0.3561,True,0.11436980229147331,0.06337329930135704,0.1211105515682942,0.16435598681900965
mixed_transformer_sequence_ctcf_dnase_h3k4me3_seed_44,mixed,transformer,-,mixed,sequence_ctcf_dnase_h3k4me3_seed_44,2513,1582,931,0.3705,True,0.12390205511644725,0.08094221870194385,0.11907887819557522,0.16728785438227367
mixed_transformer_sequence_ctcf_dnase_h3k4me3_seed_45,mixed,transformer,-,mixed,sequence_ctcf_dnase_h3k4me3_seed_45,2513,1587,926,0.3685,True,0.1158549772376537,0.06990724856514474,0.12127006869571519,0.15841091047953948
mixed_transformer_sequence_ctcf_dnase_rrbs_seed_42,mixed,transformer,-,mixed,sequence_ctcf_dnase_rrbs_seed_42,2513,1638,875,0.3482,True,0.11397309593222871,0.06465117972972634,0.12264006250423687,0.1716315508680203
mixed_transformer_sequence_ctcf_dnase_rrbs_seed_43,mixed,transformer,-,mixed,sequence_ctcf_dnase_rrbs_seed_43,2513,1618,895,0.3561,True,0.1133797597340942,0.09813111474951886,0.1196215131647095,0.14201909994481132
mixed_transformer_sequence_ctcf_dnase_rrbs_seed_44,mixed,transformer,-,mixed,sequence_ctcf_dnase_rrbs_seed_44,2513,1582,931,0.3705,True,0.12474983151619778,0.04663867829065582,0.12155028850530973,0.15293674324927353
mixed_transformer_sequence_ctcf_dnase_rrbs_seed_45,mixed,transformer,-,mixed,sequence_ctcf_dnase_rrbs_seed_45,2513,1587,926,0.3685,True,0.138552412599117,0.09917962573297001,0.12089445582993068,0.1700487919953989
mixed_transformer_sequence_ctcf_dnase_seed_42,mixed,transformer,-,mixed,sequence_ctcf_dnase_seed_42,2513,1638,875,0.3482,True,0.12137529677765324,0.06654257841703848,0.12343073637114774,0.18135293580517098
mixed_transformer_sequence_ctcf_dnase_seed_43,mixed,transformer,-,mixed,sequence_ctcf_dnase_seed_43,2513,1618,895,0.3561,True,0.1209728326110221,0.07393820413013308,0.11998539407200247,0.19066464592622967
mixed_transformer_sequence_ctcf_dnase_seed_44,mixed,transformer,-,mixed,sequence_ctcf_dnase_seed_44,2513,1582,931,0.3705,True,0.11853177003680604,0.07163802666243635,0.12218523211782553,0.18330938547170827
mixed_transformer_sequence_ctcf_dnase_seed_45,mixed,transformer,-,mixed,sequence_ctcf_dnase_seed_45,2513,1587,926,0.3685,True,0.1372737262893965,0.09580873367303733,0.12084663912167612,0.19425354449665155
mixed_transformer_sequence_ctcf_h3k4me3_rrbs_seed_42,mixed,transformer,-,mixed,sequence_ctcf_h3k4me3_rrbs_seed_42,2513,1638,875,0.3482,True,0.11107122389659774,0.06325712924433613,0.12154222486321123,0.15996010846947006
mixed_transformer_sequence_ctcf_h3k4me3_rrbs_seed_43,mixed,transformer,-,mixed,sequence_ctcf_h3k4me3_rrbs_seed_43,2513,1618,895,0.3561,True,0.12504240469381278,0.0836352925249122,0.11995700312824474,0.2005816151459825
mixed_transformer_sequence_ctcf_h3k4me3_rrbs_seed_44,mixed,transformer,-,mixed,sequence_ctcf_h3k4me3_rrbs_seed_44,2513,1582,931,0.3705,True,0.11731978901351436,0.06813229829575407,0.12116562231061946,0.1400622198408451
mixed_transformer_sequence_ctcf_h3k4me3_rrbs_seed_45,mixed,transformer,-,mixed,sequence_ctcf_h3k4me3_rrbs_seed_45,2513,1587,926,0.3685,True,0.1315463378577606,0.0831091592072506,0.12039837293327033,0.1623000221627161
mixed_transformer_sequence_ctcf_h3k4me3_seed_42,mixed,transformer,-,mixed,sequence_ctcf_h3k4me3_seed_42,2513,1638,875,0.3482,True,0.12137311573468745,0.08217064098405547,0.12118822078567766,0.15699129611129847
mixed_transformer_sequence_ctcf_h3k4me3_seed_43,mixed,transformer,-,mixed,sequence_ctcf_h3k4me3_seed_43,2513,1618,895,0.3561,True,0.11030631047419137,0.08236393963581656,0.12167193828708281,0.17157172963843137
mixed_transformer_sequence_ctcf_h3k4me3_seed_44,mixed,transformer,-,mixed,sequence_ctcf_h3k4me3_seed_44,2513,1582,931,0.3705,True,0.12185064794029654,0.04552053944723322,0.12223140193704173,0.13478711656789832
mixed_transformer_sequence_ctcf_h3k4me3_seed_45,mixed,transformer,-,mixed,sequence_ctcf_h3k4me3_seed_45,2513,1587,926,0.3685,True,0.12278395496116601,0.08813878168138212,0.12144993814688092,0.16029023754081007
mixed_transformer_sequence_ctcf_rrbs_seed_42,mixed,transformer,-,mixed,sequence_ctcf_rrbs_seed_42,2513,1638,875,0.3482,True,0.11047463453257877,0.06958577412627398,0.12168698669227106,0.1587822255967114
mixed_transformer_sequence_ctcf_rrbs_seed_43,mixed,transformer,-,mixed,sequence_ctcf_rrbs_seed_43,2513,1618,895,0.3561,True,0.11659328333866803,0.080819743388311,0.12048381330809642,0.17538073290244316
mixed_transformer_sequence_ctcf_rrbs_seed_44,mixed,transformer,-,mixed,sequence_ctcf_rrbs_seed_44,2513,1582,931,0.3705,True,0.12073634999779082,0.054916211173092755,0.1222830994914033,0.15888568540007242
mixed_transformer_sequence_ctcf_rrbs_seed_45,mixed,transformer,-,mixed,sequence_ctcf_rrbs_seed_45,2513,1587,926,0.3685,True,0.1320095533279394,0.11179133439843159,0.1200774728973535,0.17673027388036333
mixed_transformer_sequence_ctcf_seed_42,mixed,transformer,-,mixed,sequence_ctcf_seed_42,2513,1638,875,0.3482,True,0.1410651116701347,0.04047664191200562,0.12224498752926738,0.19768352171138892
mixed_transformer_sequence_ctcf_seed_43,mixed,transformer,-,mixed,sequence_ctcf_seed_43,2513,1618,895,0.3561,True,0.1160381031661255,0.07454543419029336,0.12033270493850431,0.17300960478850635
mixed_transformer_sequence_ctcf_seed_44,mixed,transformer,-,mixed,sequence_ctcf_seed_44,2513,1582,931,0.3705,True,0.11982402682305571,0.06167088362039752,0.12126445775689,0.16840044870730875
mixed_transformer_sequence_ctcf_seed_45,mixed,transformer,-,mixed,sequence_ctcf_seed_45,2513,1587,926,0.3685,True,0.14619084589622,0.1016282856594879,0.11969529361442975,0.2078616283830469
mixed_transformer_sequence_dnase_h3k4me3_rrbs_seed_42,mixed,transformer,-,mixed,sequence_dnase_h3k4me3_rrbs_seed_42,2513,1638,875,0.3482,True,0.11186133076600968,0.05618103702424937,0.12251017212267398,0.14462412302801064
mixed_transformer_sequence_dnase_h3k4me3_rrbs_seed_43,mixed,transformer,-,mixed,sequence_dnase_h3k4me3_rrbs_seed_43,2513,1618,895,0.3561,True,0.1159632308763544,0.0646617587022813,0.12146678439956736,0.17042649329682458
mixed_transformer_sequence_dnase_h3k4me3_rrbs_seed_44,mixed,transformer,-,mixed,sequence_dnase_h3k4me3_rrbs_seed_44,2513,1582,931,0.3705,True,0.11632107015571247,0.0609838125210056,0.12158593494399494,0.13971204140151172
mixed_transformer_sequence_dnase_h3k4me3_rrbs_seed_45,mixed,transformer,-,mixed,sequence_dnase_h3k4me3_rrbs_seed_45,2513,1587,926,0.3685,True,0.1196722071666465,0.04604412230749255,0.12225644605488341,0.21964925807945013
mixed_transformer_sequence_dnase_h3k4me3_seed_42,mixed,transformer,-,mixed,sequence_dnase_h3k4me3_seed_42,2513,1638,875,0.3482,True,0.11319975996869847,0.05316755766806813,0.12435699050789986,0.16954998829744816
mixed_transformer_sequence_dnase_h3k4me3_seed_43,mixed,transformer,-,mixed,sequence_dnase_h3k4me3_seed_43,2513,1618,895,0.3561,True,0.1232738136925603,0.09044182069651285,0.12116587455840544,0.20200169522121114
mixed_transformer_sequence_dnase_h3k4me3_seed_44,mixed,transformer,-,mixed,sequence_dnase_h3k4me3_seed_44,2513,1582,931,0.3705,True,0.11668748135978713,0.06810286682194133,0.12143214403375475,0.138710648201943
mixed_transformer_sequence_dnase_h3k4me3_seed_45,mixed,transformer,-,mixed,sequence_dnase_h3k4me3_seed_45,2513,1587,926,0.3685,True,0.11605276429095601,0.09213264618949157,0.1201431754279143,0.14999275279176028
mixed_transformer_sequence_dnase_rrbs_seed_42,mixed,transformer,-,mixed,sequence_dnase_rrbs_seed_42,2513,1638,875,0.3482,True,0.09621941301104175,0.0437767221743639,0.12302934419532355,0.1412766580842575
mixed_transformer_sequence_dnase_rrbs_seed_43,mixed,transformer,-,mixed,sequence_dnase_rrbs_seed_43,2513,1618,895,0.3561,True,0.13591896352311372,0.09088134509566548,0.12043268963257106,0.1971812039973102
mixed_transformer_sequence_dnase_rrbs_seed_44,mixed,transformer,-,mixed,sequence_dnase_rrbs_seed_44,2513,1582,931,0.3705,True,0.13269411016148402,0.06364755079171969,0.12136063494083439,0.16933351621654458
mixed_transformer_sequence_dnase_rrbs_seed_45,mixed,transformer,-,mixed,sequence_dnase_rrbs_seed_45,2513,1587,926,0.3685,True,0.12673477064529015,0.08262584203968659,0.1204088246327032,0.18940841701930822
mixed_transformer_sequence_dnase_seed_42,mixed,transformer,-,mixed,sequence_dnase_seed_42,2513,1638,875,0.3482,True,0.09659727556700026,0.07519080731486605,0.12148556940899877,0.14959077019430245
mixed_transformer_sequence_dnase_seed_43,mixed,transformer,-,mixed,sequence_dnase_seed_43,2513,1618,895,0.3561,True,0.1272899386995574,0.07178744632949452,0.12106607839709518,0.19210783741007775
mixed_transformer_sequence_dnase_seed_44,mixed,transformer,-,mixed,sequence_dnase_seed_44,2513,1582,931,0.3705,True,0.1361026816166364,0.05446869265603682,0.12088914560012641,0.17894244496384748
mixed_transformer_sequence_dnase_seed_45,mixed,transformer,-,mixed,sequence_dnase_seed_45,2513,1587,926,0.3685,True,0.12962013508363435,0.04897270684687838,0.12328199753125393,0.2260827353161341
mixed_transformer_sequence_h3k4me3_rrbs_seed_42,mixed,transformer,-,mixed,sequence_h3k4me3_rrbs_seed_42,2513,1638,875,0.3482,True,0.11298315870956199,0.06893778850997911,0.12175409707505494,0.1556563051673705
mixed_transformer_sequence_h3k4me3_rrbs_seed_43,mixed,transformer,-,mixed,sequence_h3k4me3_rrbs_seed_43,2513,1618,895,0.3561,True,0.12576717892766143,0.041769903012794485,0.12241327332540174,0.23584467760828332
mixed_transformer_sequence_h3k4me3_rrbs_seed_44,mixed,transformer,-,mixed,sequence_h3k4me3_rrbs_seed_44,2513,1582,931,0.3705,True,0.1166481743515344,0.06483292254772655,0.12162845476321112,0.15449268040804032
mixed_transformer_sequence_h3k4me3_rrbs_seed_45,mixed,transformer,-,mixed,sequence_h3k4me3_rrbs_seed_45,2513,1587,926,0.3685,True,0.14139602596499978,0.09066906809627873,0.12110008719287964,0.21811411392318003
mixed_transformer_sequence_h3k4me3_seed_42,mixed,transformer,-,mixed,sequence_h3k4me3_seed_42,2513,1638,875,0.3482,True,0.11155630039463849,0.0846970300621449,0.12097378248897436,0.1689981984186063
mixed_transformer_sequence_h3k4me3_seed_43,mixed,transformer,-,mixed,sequence_h3k4me3_seed_43,2513,1618,895,0.3561,True,0.1201329154386267,0.07470729700635392,0.12057595200030903,0.16950160107864565
mixed_transformer_sequence_h3k4me3_seed_44,mixed,transformer,-,mixed,sequence_h3k4me3_seed_44,2513,1582,931,0.3705,True,0.12291370403131385,0.04692115364741145,0.12005486161719343,0.18252605195052352
mixed_transformer_sequence_h3k4me3_seed_45,mixed,transformer,-,mixed,sequence_h3k4me3_seed_45,2513,1587,926,0.3685,True,0.14571723486322263,0.08143314835934978,0.12066012959174544,0.22423047788987016
mixed_transformer_sequence_rrbs_seed_42,mixed,transformer,-,mixed,sequence_rrbs_seed_42,2513,1638,875,0.3482,True,0.11920996973362485,0.06840924426062445,0.1217355613235287,0.18199613739120368
mixed_transformer_sequence_rrbs_seed_43,mixed,transformer,-,mixed,sequence_rrbs_seed_43,2513,1618,895,0.3561,True,0.11727817135373075,0.061704566940916195,0.12222675086248455,0.22043356385332358
mixed_transformer_sequence_rrbs_seed_44,mixed,transformer,-,mixed,sequence_rrbs_seed_44,2513,1582,931,0.3705,True,0.12182276645837076,0.05235103195410762,0.12223361372402024,0.14977937502588556
mixed_transformer_sequence_rrbs_seed_45,mixed,transformer,-,mixed,sequence_rrbs_seed_45,2513,1587,926,0.3685,True,0.13397167948929156,0.09435325270091666,0.12092200045816004,0.19413734607451572
mixed_transformer_sequence_seed_42,mixed,transformer,-,mixed,sequence_seed_42,2513,1638,875,0.3482,True,0.12303661603572658,0.06796301789913328,0.12376111487908424,0.19693509325877623
mixed_transformer_sequence_seed_43,mixed,transformer,-,mixed,sequence_seed_43,2513,1618,895,0.3561,True,0.1250450577645409,0.08074085233441242,0.12087695876730532,0.22174752740419124
mixed_transformer_sequence_seed_44,mixed,transformer,-,mixed,sequence_seed_44,2513,1582,931,0.3705,True,0.13322387894706356,0.05929537696019427,0.12278441639469027,0.1840260956574763
mixed_transformer_sequence_seed_45,mixed,transformer,-,mixed,sequence_seed_45,2513,1587,926,0.3685,True,0.13239222191025957,0.07391286796331553,0.1218412146705104,0.17605803220484306
mixed_xgboost_all_seed_42,mixed,xgboost,-,mixed,all_seed_42,2513,1638,875,0.3482,True,0.15846656655989244,0.0780292044438281,0.12284241026553112,0.28201029252943943
mixed_xgboost_all_seed_43,mixed,xgboost,-,mixed,all_seed_43,2513,1618,895,0.3561,True,0.15997391104612768,0.09166974851206766,0.12080573215914708,0.28620528938744816
mixed_xgboost_all_seed_44,mixed,xgboost,-,mixed,all_seed_44,2513,1582,931,0.3705,True,0.16403535745994202,0.06856274006650964,0.12155484595158027,0.2681423634250355
mixed_xgboost_all_seed_45,mixed,xgboost,-,mixed,all_seed_45,2513,1587,926,0.3685,True,0.16309031314691846,0.09875386824545607,0.12131707654007562,0.31161249270794744
mixed_xgboost_sequence_ctcf_dnase_h3k4me3_seed_42,mixed,xgboost,-,mixed,sequence_ctcf_dnase_h3k4me3_seed_42,2513,1638,875,0.3482,True,0.16267971410608784,0.07638802550398305,0.12325887369227105,0.28044657320904276
mixed_xgboost_sequence_ctcf_dnase_h3k4me3_seed_43,mixed,xgboost,-,mixed,sequence_ctcf_dnase_h3k4me3_seed_43,2513,1618,895,0.3561,True,0.16247380258086608,0.09119352279737436,0.12078985937546353,0.29873223263749626
mixed_xgboost_sequence_ctcf_dnase_h3k4me3_seed_44,mixed,xgboost,-,mixed,sequence_ctcf_dnase_h3k4me3_seed_44,2513,1582,931,0.3705,True,0.17005282299964863,0.07349002083674461,0.12096993127142858,0.27990608337751455
mixed_xgboost_sequence_ctcf_dnase_h3k4me3_seed_45,mixed,xgboost,-,mixed,sequence_ctcf_dnase_h3k4me3_seed_45,2513,1587,926,0.3685,True,0.17001034617518895,0.09636797394799868,0.12152342690869566,0.3104051040600371
mixed_xgboost_sequence_ctcf_dnase_rrbs_seed_42,mixed,xgboost,-,mixed,sequence_ctcf_dnase_rrbs_seed_42,2513,1638,875,0.3482,True,0.1646573025521909,0.07652627074411067,0.12281897697493285,0.28740220519481363
mixed_xgboost_sequence_ctcf_dnase_rrbs_seed_43,mixed,xgboost,-,mixed,sequence_ctcf_dnase_rrbs_seed_43,2513,1618,895,0.3561,True,0.16224539465296295,0.08746889718524664,0.12097353818819531,0.290361634552709
mixed_xgboost_sequence_ctcf_dnase_rrbs_seed_44,mixed,xgboost,-,mixed,sequence_ctcf_dnase_rrbs_seed_44,2513,1582,931,0.3705,True,0.1648548457711474,0.06509085857391828,0.12187363449519596,0.27519281871154966
mixed_xgboost_sequence_ctcf_dnase_rrbs_seed_45,mixed,xgboost,-,mixed,sequence_ctcf_dnase_rrbs_seed_45,2513,1587,926,0.3685,True,0.16716511006168033,0.09869840993579049,0.12151202766168871,0.3093465335339005
mixed_xgboost_sequence_ctcf_dnase_seed_42,mixed,xgboost,-,mixed,sequence_ctcf_dnase_seed_42,2513,1638,875,0.3482,True,0.16980625175131003,0.07793272423483277,0.12279213443769231,0.2857244128287697
mixed_xgboost_sequence_ctcf_dnase_seed_43,mixed,xgboost,-,mixed,sequence_ctcf_dnase_seed_43,2513,1618,895,0.3561,True,0.1646768153836392,0.08531620734524636,0.12130444654789867,0.304520891396722
mixed_xgboost_sequence_ctcf_dnase_seed_44,mixed,xgboost,-,mixed,sequence_ctcf_dnase_seed_44,2513,1582,931,0.3705,True,0.17557002066539484,0.07474536392445463,0.12086137931567635,0.28295687663401203
mixed_xgboost_sequence_ctcf_dnase_seed_45,mixed,xgboost,-,mixed,sequence_ctcf_dnase_seed_45,2513,1587,926,0.3685,True,0.17064115318876205,0.09363624560213135,0.12170884057095148,0.3199455287315409
mixed_xgboost_sequence_ctcf_h3k4me3_rrbs_seed_42,mixed,xgboost,-,mixed,sequence_ctcf_h3k4me3_rrbs_seed_42,2513,1638,875,0.3482,True,0.1629658369796071,0.08179873138636429,0.12285582615869352,0.2903489740157129
mixed_xgboost_sequence_ctcf_h3k4me3_rrbs_seed_43,mixed,xgboost,-,mixed,sequence_ctcf_h3k4me3_rrbs_seed_43,2513,1618,895,0.3561,True,0.1602141063160999,0.09160640508330098,0.12068637152688505,0.29074413072727934
mixed_xgboost_sequence_ctcf_h3k4me3_rrbs_seed_44,mixed,xgboost,-,mixed,sequence_ctcf_h3k4me3_rrbs_seed_44,2513,1582,931,0.3705,True,0.16212142661876994,0.07213080861262666,0.12143882884664982,0.2734747405044924
mixed_xgboost_sequence_ctcf_h3k4me3_rrbs_seed_45,mixed,xgboost,-,mixed,sequence_ctcf_h3k4me3_rrbs_seed_45,2513,1587,926,0.3685,True,0.16708410272717045,0.09923861867711559,0.12162676163144297,0.31553239378308173
mixed_xgboost_sequence_ctcf_h3k4me3_seed_42,mixed,xgboost,-,mixed,sequence_ctcf_h3k4me3_seed_42,2513,1638,875,0.3482,True,0.16715796924036785,0.07424243079749537,0.12351501400301587,0.28330436821513816
mixed_xgboost_sequence_ctcf_h3k4me3_seed_43,mixed,xgboost,-,mixed,sequence_ctcf_h3k4me3_seed_43,2513,1618,895,0.3561,True,0.16198977947811566,0.08732623528843864,0.12123796909487021,0.30365881400427874
mixed_xgboost_sequence_ctcf_h3k4me3_seed_44,mixed,xgboost,-,mixed,sequence_ctcf_h3k4me3_seed_44,2513,1582,931,0.3705,True,0.1699028696539271,0.07236606266881762,0.1210485375824273,0.27760226719998626
mixed_xgboost_sequence_ctcf_h3k4me3_seed_45,mixed,xgboost,-,mixed,sequence_ctcf_h3k4me3_seed_45,2513,1587,926,0.3685,True,0.17264749674835,0.09758488627414086,0.12125186686017643,0.31149398138927553
mixed_xgboost_sequence_ctcf_rrbs_seed_42,mixed,xgboost,-,mixed,sequence_ctcf_rrbs_seed_42,2513,1638,875,0.3482,True,0.16463850209187236,0.07409936286011742,0.12292604056650792,0.2855834243255927
mixed_xgboost_sequence_ctcf_rrbs_seed_43,mixed,xgboost,-,mixed,sequence_ctcf_rrbs_seed_43,2513,1618,895,0.3561,True,0.16206918868830722,0.08836541833229661,0.1209203051251545,0.2948854698718826
mixed_xgboost_sequence_ctcf_rrbs_seed_44,mixed,xgboost,-,mixed,sequence_ctcf_rrbs_seed_44,2513,1582,931,0.3705,True,0.16406452707379993,0.06903380057759956,0.12175317056725664,0.27895229774313357
mixed_xgboost_sequence_ctcf_rrbs_seed_45,mixed,xgboost,-,mixed,sequence_ctcf_rrbs_seed_45,2513,1587,926,0.3685,True,0.16731646465500782,0.09539485834890071,0.12186217997233774,0.31444617849287315
mixed_xgboost_sequence_ctcf_seed_42,mixed,xgboost,-,mixed,sequence_ctcf_seed_42,2513,1638,875,0.3482,True,0.1724421999696275,0.08045013251174982,0.12311242737542123,0.29458890207885835
mixed_xgboost_sequence_ctcf_seed_43,mixed,xgboost,-,mixed,sequence_ctcf_seed_43,2513,1618,895,0.3561,True,0.16734500219820658,0.08305818081517513,0.12142735387793571,0.3082540537471018
mixed_xgboost_sequence_ctcf_seed_44,mixed,xgboost,-,mixed,sequence_ctcf_seed_44,2513,1582,931,0.3705,True,0.17094584797312662,0.0759246244571623,0.1208379265596713,0.28444421343422843
mixed_xgboost_sequence_ctcf_seed_45,mixed,xgboost,-,mixed,sequence_ctcf_seed_45,2513,1587,926,0.3685,True,0.1754572945422308,0.09628955744239398,0.1216182141399496,0.3276226555557238
mixed_xgboost_sequence_dnase_h3k4me3_rrbs_seed_42,mixed,xgboost,-,mixed,sequence_dnase_h3k4me3_rrbs_seed_42,2513,1638,875,0.3482,True,0.15743750642544385,0.08031098540461867,0.12231887527468864,0.2891831978724073
mixed_xgboost_sequence_dnase_h3k4me3_rrbs_seed_43,mixed,xgboost,-,mixed,sequence_dnase_h3k4me3_rrbs_seed_43,2513,1618,895,0.3561,True,0.16349899711581983,0.0902467246391161,0.12116280495580967,0.293463423300658
mixed_xgboost_sequence_dnase_h3k4me3_rrbs_seed_44,mixed,xgboost,-,mixed,sequence_dnase_h3k4me3_rrbs_seed_44,2513,1582,931,0.3705,True,0.1655522236069391,0.05887965111872384,0.12239706917977243,0.2829591476769636
mixed_xgboost_sequence_dnase_h3k4me3_rrbs_seed_45,mixed,xgboost,-,mixed,sequence_dnase_h3k4me3_rrbs_seed_45,2513,1587,926,0.3685,True,0.16449695377152362,0.09315876460620776,0.12189267003156898,0.31006610998315687
mixed_xgboost_sequence_dnase_h3k4me3_seed_42,mixed,xgboost,-,mixed,sequence_dnase_h3k4me3_seed_42,2513,1638,875,0.3482,True,0.17064322374459484,0.07675485349850153,0.122761258122674,0.2875883289946246
mixed_xgboost_sequence_dnase_h3k4me3_seed_43,mixed,xgboost,-,mixed,sequence_dnase_h3k4me3_seed_43,2513,1618,895,0.3561,True,0.16120279318591335,0.089139630032398,0.12141542583405439,0.30052602769806225
mixed_xgboost_sequence_dnase_h3k4me3_seed_44,mixed,xgboost,-,mixed,sequence_dnase_h3k4me3_seed_44,2513,1582,931,0.3705,True,0.1774170739783243,0.06900572314148157,0.12130897843957017,0.2922919348024845
mixed_xgboost_sequence_dnase_h3k4me3_seed_45,mixed,xgboost,-,mixed,sequence_dnase_h3k4me3_seed_45,2513,1587,926,0.3685,True,0.16584782840549916,0.0999061805432635,0.121445276478954,0.3205802541820718
mixed_xgboost_sequence_dnase_rrbs_seed_42,mixed,xgboost,-,mixed,sequence_dnase_rrbs_seed_42,2513,1638,875,0.3482,True,0.15819378421798658,0.07794101791068331,0.12269337358421246,0.2923285761776033
mixed_xgboost_sequence_dnase_rrbs_seed_43,mixed,xgboost,-,mixed,sequence_dnase_rrbs_seed_43,2513,1618,895,0.3561,True,0.16022693214432848,0.08025755635086129,0.1215500228513597,0.30156617033242994
mixed_xgboost_sequence_dnase_rrbs_seed_44,mixed,xgboost,-,mixed,sequence_dnase_rrbs_seed_44,2513,1582,931,0.3705,True,0.16390430252760724,0.05369618012416322,0.12285875730556257,0.2837478783224282
mixed_xgboost_sequence_dnase_rrbs_seed_45,mixed,xgboost,-,mixed,sequence_dnase_rrbs_seed_45,2513,1587,926,0.3685,True,0.1613180554638708,0.09237685321127709,0.12181661498115944,0.3191339457140221
mixed_xgboost_sequence_dnase_seed_42,mixed,xgboost,-,mixed,sequence_dnase_seed_42,2513,1638,875,0.3482,True,0.16643289879100465,0.07442505339082917,0.12298487354697192,0.2924267568413871
mixed_xgboost_sequence_dnase_seed_43,mixed,xgboost,-,mixed,sequence_dnase_seed_43,2513,1618,895,0.3561,True,0.16881264226424064,0.08254029605091362,0.121654981526267,0.31710198169003156
mixed_xgboost_sequence_dnase_seed_44,mixed,xgboost,-,mixed,sequence_dnase_seed_44,2513,1582,931,0.3705,True,0.17609156386553826,0.06371842417617768,0.12175770034917825,0.2981447280710765
mixed_xgboost_sequence_dnase_seed_45,mixed,xgboost,-,mixed,sequence_dnase_seed_45,2513,1587,926,0.3685,True,0.16771047624686564,0.09641217242659728,0.12177148557599242,0.3215290873256762
mixed_xgboost_sequence_h3k4me3_rrbs_seed_42,mixed,xgboost,-,mixed,sequence_h3k4me3_rrbs_seed_42,2513,1638,875,0.3482,True,0.1639768361521079,0.07663092035652386,0.12291591991571427,0.28773134466788
mixed_xgboost_sequence_h3k4me3_rrbs_seed_43,mixed,xgboost,-,mixed,sequence_h3k4me3_rrbs_seed_43,2513,1618,895,0.3561,True,0.1639283295645202,0.08151280291595475,0.12166914727719408,0.30888526919698867
mixed_xgboost_sequence_h3k4me3_rrbs_seed_44,mixed,xgboost,-,mixed,sequence_h3k4me3_rrbs_seed_44,2513,1582,931,0.3705,True,0.16737658228042673,0.0642042821398533,0.12197003826257902,0.28159008210360337
mixed_xgboost_sequence_h3k4me3_rrbs_seed_45,mixed,xgboost,-,mixed,sequence_h3k4me3_rrbs_seed_45,2513,1587,926,0.3685,True,0.16727386282485435,0.09390213051801244,0.12177762982804033,0.31521948128979704
mixed_xgboost_sequence_h3k4me3_seed_42,mixed,xgboost,-,mixed,sequence_h3k4me3_seed_42,2513,1638,875,0.3482,True,0.16772190934193276,0.0743347128659837,0.12308387575087912,0.2920929834219096
mixed_xgboost_sequence_h3k4me3_seed_43,mixed,xgboost,-,mixed,sequence_h3k4me3_seed_43,2513,1618,895,0.3561,True,0.16869430890613868,0.07737434153153055,0.12183880010723114,0.32261801642874555
mixed_xgboost_sequence_h3k4me3_seed_44,mixed,xgboost,-,mixed,sequence_h3k4me3_seed_44,2513,1582,931,0.3705,True,0.1666775550792774,0.0679065755162539,0.12125089447307207,0.2963316239414888
mixed_xgboost_sequence_h3k4me3_seed_45,mixed,xgboost,-,mixed,sequence_h3k4me3_seed_45,2513,1587,926,0.3685,True,0.16981912703597035,0.09481777646598943,0.12141773713679899,0.3250731802424578
mixed_xgboost_sequence_rrbs_seed_42,mixed,xgboost,-,mixed,sequence_rrbs_seed_42,2513,1638,875,0.3482,True,0.16218973255849212,0.07679692078859979,0.12271085305612942,0.297469445770575
mixed_xgboost_sequence_rrbs_seed_43,mixed,xgboost,-,mixed,sequence_rrbs_seed_43,2513,1618,895,0.3561,True,0.16720227406890087,0.08140182697397202,0.1215726199644623,0.31378851655156237
mixed_xgboost_sequence_rrbs_seed_44,mixed,xgboost,-,mixed,sequence_rrbs_seed_44,2513,1582,931,0.3705,True,0.1682197743304754,0.05808039393208042,0.12263070807420985,0.2861458634720736
mixed_xgboost_sequence_rrbs_seed_45,mixed,xgboost,-,mixed,sequence_rrbs_seed_45,2513,1587,926,0.3685,True,0.16446220084993057,0.09226351354870987,0.12203254748462508,0.3231784036254063
mixed_xgboost_sequence_seed_42,mixed,xgboost,-,mixed,sequence_seed_42,2513,1638,875,0.3482,True,0.1708688615494628,0.07703300548025971,0.1226646336281685,0.2965147613643191
mixed_xgboost_sequence_seed_43,mixed,xgboost,-,mixed,sequence_seed_43,2513,1618,895,0.3561,True,0.172826563854791,0.0801401383969208,0.12193501022960446,0.3283392938951225
mixed_xgboost_sequence_seed_44,mixed,xgboost,-,mixed,sequence_seed_44,2513,1582,931,0.3705,True,0.1748088821868654,0.06476421008870448,0.12142508576953223,0.29913839586526136
mixed_xgboost_sequence_seed_45,mixed,xgboost,-,mixed,sequence_seed_45,2513,1587,926,0.3685,True,0.1726655256281533,0.09565877953618052,0.12161613233339635,0.327875541067589
all_cnn_all_heldout_hct116_kernel_3,all,cnn,3,hct116,all,4239,667,3572,0.8427,True,0.05295961410319394,0.09278465582579265,0.1287897957911544,0.09859027184789826
all_cnn_all_heldout_hct116_kernel_5,all,cnn,5,hct116,all,4239,667,3572,0.8427,True,0.06881875737815346,0.14482431266243456,0.12279552690059968,0.15317329652927503
all_cnn_all_heldout_hct116_kernel_7,all,cnn,7,hct116,all,4239,667,3572,0.8427,True,0.07569076938544572,0.14179148503786376,0.12339651952428786,0.15088166733812103
all_cnn_all_heldout_hek293t_kernel_3,all,cnn,3,hek293t,all,2333,2333,0,0.0,True,0.07284297060998601,-0.2570807506802808,0.10970931251478781,
all_cnn_all_heldout_hek293t_kernel_5,all,cnn,5,hek293t,all,2333,2333,0,0.0,True,0.21906836615524072,-0.7088490521994297,0.12121385543420488,
all_cnn_all_heldout_hek293t_kernel_7,all,cnn,7,hek293t,all,2333,2333,0,0.0,True,0.22608918083175522,-1.032987659297281,0.13123548225760823,
all_cnn_all_heldout_hela_kernel_3,all,cnn,3,hela,all,8101,4509,3592,0.4434,True,0.030650119864330416,0.0334397561322638,0.150737009384377,0.11426366881914352
all_cnn_all_heldout_hela_kernel_5,all,cnn,5,hela,all,8101,4509,3592,0.4434,True,0.058967741381729555,0.05699919671348641,0.14777999545445905,0.15050562900237496
all_cnn_all_heldout_hela_kernel_7,all,cnn,7,hela,all,8101,4509,3592,0.4434,True,0.06700308226287477,0.07447516306050761,0.14988814776761056,0.12634462953205283
all_cnn_all_heldout_hl60_kernel_3,all,cnn,3,hl60,all,2076,1979,97,0.0467,True,0.07313942744415824,-0.08316669829848156,0.0910013719646286,0.14937567436813282
all_cnn_all_heldout_hl60_kernel_5,all,cnn,5,hl60,all,2076,1979,97,0.0467,True,0.17705519526483882,-0.19974164714437181,0.09571079964527537,0.0078120262476018
all_cnn_all_heldout_hl60_kernel_7,all,cnn,7,hl60,all,2076,1979,97,0.0467,True,0.1957776500514259,-0.565360272497353,0.11070427072662961,-0.18124727676374608
all_cnn_sequence_ctcf_dnase_h3k4me3_heldout_hct116_kernel_3,all,cnn,3,hct116,sequence_ctcf_dnase_h3k4me3,4239,667,3572,0.8427,True,0.057084467372702896,0.08618333209461804,0.12911542952428787,0.09665996017149114
all_cnn_sequence_ctcf_dnase_h3k4me3_heldout_hct116_kernel_5,all,cnn,5,hct116,sequence_ctcf_dnase_h3k4me3,4239,667,3572,0.8427,True,0.08061283931277397,0.1599032322627556,0.12260195309250375,0.16957620406257412
all_cnn_sequence_ctcf_dnase_h3k4me3_heldout_hct116_kernel_7,all,cnn,7,hct116,sequence_ctcf_dnase_h3k4me3,4239,667,3572,0.8427,True,0.0746349375067844,0.17095007719719846,0.12059144877466269,0.20550017636448603
all_cnn_sequence_ctcf_dnase_h3k4me3_heldout_hek293t_kernel_3,all,cnn,3,hek293t,sequence_ctcf_dnase_h3k4me3,2333,2333,0,0.0,True,0.08178749714175937,-0.24818020926229134,0.10751374739691384,
all_cnn_sequence_ctcf_dnase_h3k4me3_heldout_hek293t_kernel_5,all,cnn,5,hek293t,sequence_ctcf_dnase_h3k4me3,2333,2333,0,0.0,True,0.21089772393962258,-0.6560149708221825,0.11829532690741533,
all_cnn_sequence_ctcf_dnase_h3k4me3_heldout_hek293t_kernel_7,all,cnn,7,hek293t,sequence_ctcf_dnase_h3k4me3,2333,2333,0,0.0,True,0.23856257039205153,-0.7883123888269372,0.12267851996228032,
all_cnn_sequence_ctcf_dnase_h3k4me3_heldout_hela_kernel_3,all,cnn,3,hela,sequence_ctcf_dnase_h3k4me3,8101,4509,3592,0.4434,True,0.043024449283516675,0.039485758594527076,0.15061877100557905,0.13951746887584182
all_cnn_sequence_ctcf_dnase_h3k4me3_heldout_hela_kernel_5,all,cnn,5,hela,sequence_ctcf_dnase_h3k4me3,8101,4509,3592,0.4434,True,0.05284353736567571,0.058154206464948954,0.1462282198678545,0.17457434829903817
all_cnn_sequence_ctcf_dnase_h3k4me3_heldout_hela_kernel_7,all,cnn,7,hela,sequence_ctcf_dnase_h3k4me3,8101,4509,3592,0.4434,True,0.08816039784033725,0.09284324840700608,0.1440673105354083,0.26439398225165933
all_cnn_sequence_ctcf_dnase_h3k4me3_heldout_hl60_kernel_3,all,cnn,3,hl60,sequence_ctcf_dnase_h3k4me3,2076,1979,97,0.0467,True,0.07245960640010352,-0.03891533882251319,0.08991302492066701,0.12056249987713985
all_cnn_sequence_ctcf_dnase_h3k4me3_heldout_hl60_kernel_5,all,cnn,5,hl60,sequence_ctcf_dnase_h3k4me3,2076,1979,97,0.0467,True,0.1385486585573401,-0.0015193771302921544,0.08765517737645276,0.17002819454619988
all_cnn_sequence_ctcf_dnase_h3k4me3_heldout_hl60_kernel_7,all,cnn,7,hl60,sequence_ctcf_dnase_h3k4me3,2076,1979,97,0.0467,True,0.18882908634807027,-0.6150366649427388,0.11172887283375442,-0.1253529333018153
all_cnn_sequence_ctcf_dnase_heldout_hct116_kernel_3,all,cnn,3,hct116,sequence_ctcf_dnase,4239,667,3572,0.8427,True,0.051435849171673764,0.0893204324060094,0.13005993115847075,0.08894164768254842
all_cnn_sequence_ctcf_dnase_heldout_hct116_kernel_5,all,cnn,5,hct116,sequence_ctcf_dnase,4239,667,3572,0.8427,True,0.07002993376845212,0.14707240630952645,0.12376313967421289,0.157241215353639
all_cnn_sequence_ctcf_dnase_heldout_hct116_kernel_7,all,cnn,7,hct116,sequence_ctcf_dnase,4239,667,3572,0.8427,True,0.07369744729867589,0.14630954158266984,0.1244446276652174,0.16154590176215156
all_cnn_sequence_ctcf_dnase_heldout_hek293t_kernel_3,all,cnn,3,hek293t,sequence_ctcf_dnase,2333,2333,0,0.0,True,0.08198577456264,-0.3164279462167967,0.11022024889712814,
all_cnn_sequence_ctcf_dnase_heldout_hek293t_kernel_5,all,cnn,5,hek293t,sequence_ctcf_dnase,2333,2333,0,0.0,True,0.1947908309213382,-0.7191816857390263,0.12143591724689244,
all_cnn_sequence_ctcf_dnase_heldout_hek293t_kernel_7,all,cnn,7,hek293t,sequence_ctcf_dnase,2333,2333,0,0.0,True,0.3029564997070433,-0.9541236087618408,0.13242934864209172,
all_cnn_sequence_ctcf_dnase_heldout_hela_kernel_3,all,cnn,3,hela,sequence_ctcf_dnase,8101,4509,3592,0.4434,True,0.0347565453898766,0.04348769733476254,0.15058294506412864,0.09770640164411049
all_cnn_sequence_ctcf_dnase_heldout_hela_kernel_5,all,cnn,5,hela,sequence_ctcf_dnase,8101,4509,3592,0.4434,True,0.058673476753265064,0.054680865877390517,0.14592916080597823,0.23103508319027077
all_cnn_sequence_ctcf_dnase_heldout_hela_kernel_7,all,cnn,7,hela,sequence_ctcf_dnase,8101,4509,3592,0.4434,True,0.07242364509523758,0.08189016867819043,0.14471885866803194,0.24940351083605816
all_cnn_sequence_ctcf_dnase_heldout_hl60_kernel_3,all,cnn,3,hl60,sequence_ctcf_dnase,2076,1979,97,0.0467,True,0.07354300861227026,-0.07168566026260792,0.09154286461748358,0.13674767297065415
all_cnn_sequence_ctcf_dnase_heldout_hl60_kernel_5,all,cnn,5,hl60,sequence_ctcf_dnase,2076,1979,97,0.0467,True,0.1308458701246844,-0.16618077271672216,0.09389364167660436,0.16959572702452885
all_cnn_sequence_ctcf_dnase_heldout_hl60_kernel_7,all,cnn,7,hl60,sequence_ctcf_dnase,2076,1979,97,0.0467,True,0.18444319492996097,-0.5275762987788561,0.10887353967003537,-0.2690741939777648
all_cnn_sequence_ctcf_dnase_rrbs_heldout_hct116_kernel_3,all,cnn,3,hct116,sequence_ctcf_dnase_rrbs,4239,667,3572,0.8427,True,0.053616436831893766,0.10243045610487289,0.12845549109850074,0.10237081454588581
all_cnn_sequence_ctcf_dnase_rrbs_heldout_hct116_kernel_5,all,cnn,5,hct116,sequence_ctcf_dnase_rrbs,4239,667,3572,0.8427,True,0.06896172765958264,0.1467442614592389,0.12597099025892056,0.1541799752944758
all_cnn_sequence_ctcf_dnase_rrbs_heldout_hct116_kernel_7,all,cnn,7,hct116,sequence_ctcf_dnase_rrbs,4239,667,3572,0.8427,True,0.07797105181090702,0.11415140301972149,0.12565174959925038,0.11872931011102295
all_cnn_sequence_ctcf_dnase_rrbs_heldout_hek293t_kernel_3,all,cnn,3,hek293t,sequence_ctcf_dnase_rrbs,2333,2333,0,0.0,True,0.08292980774148251,-0.30349331248423894,0.1103038858555508,
all_cnn_sequence_ctcf_dnase_rrbs_heldout_hek293t_kernel_5,all,cnn,5,hek293t,sequence_ctcf_dnase_rrbs,2333,2333,0,0.0,True,0.18663342703072006,-0.587070090839175,0.11435291861637374,
all_cnn_sequence_ctcf_dnase_rrbs_heldout_hek293t_kernel_7,all,cnn,7,hek293t,sequence_ctcf_dnase_rrbs,2333,2333,0,0.0,True,0.23035883172993898,-0.9207981103931924,0.12627082926832403,
all_cnn_sequence_ctcf_dnase_rrbs_heldout_hela_kernel_3,all,cnn,3,hela,sequence_ctcf_dnase_rrbs,8101,4509,3592,0.4434,True,0.03333245069818169,0.04437499272746226,0.15066663779644177,0.13847247931093387
all_cnn_sequence_ctcf_dnase_rrbs_heldout_hela_kernel_5,all,cnn,5,hela,sequence_ctcf_dnase_rrbs,8101,4509,3592,0.4434,True,0.06515041665133703,0.07470255268353199,0.14775280826439477,0.17921455099637318
all_cnn_sequence_ctcf_dnase_rrbs_heldout_hela_kernel_7,all,cnn,7,hela,sequence_ctcf_dnase_rrbs,8101,4509,3592,0.4434,True,0.07791276596219232,0.09684670165778697,0.14511132102332136,0.26358162271809427
all_cnn_sequence_ctcf_dnase_rrbs_heldout_hl60_kernel_3,all,cnn,3,hl60,sequence_ctcf_dnase_rrbs,2076,1979,97,0.0467,True,0.0777522268937898,-0.13891641555084044,0.09432753427892876,0.2315981815860706
all_cnn_sequence_ctcf_dnase_rrbs_heldout_hl60_kernel_5,all,cnn,5,hl60,sequence_ctcf_dnase_rrbs,2076,1979,97,0.0467,True,0.13681621866964766,0.021687564006830473,0.08723278450631632,0.15573588354449397
all_cnn_sequence_ctcf_dnase_rrbs_heldout_hl60_kernel_7,all,cnn,7,hl60,sequence_ctcf_dnase_rrbs,2076,1979,97,0.0467,True,0.1531876896648139,-0.23350397721855365,0.09726692429914098,0.06987608901414488
all_cnn_sequence_ctcf_h3k4me3_heldout_hct116_kernel_3,all,cnn,3,hct116,sequence_ctcf_h3k4me3,4239,667,3572,0.8427,True,0.04790251555808045,0.08699089465770693,0.12963215112848578,0.0862281876983293
all_cnn_sequence_ctcf_h3k4me3_heldout_hct116_kernel_5,all,cnn,5,hct116,sequence_ctcf_h3k4me3,4239,667,3572,0.8427,True,0.07073377431886718,0.14430403726693852,0.12240098300254872,0.14652680461182588
all_cnn_sequence_ctcf_h3k4me3_heldout_hct116_kernel_7,all,cnn,7,hct116,sequence_ctcf_h3k4me3,4239,667,3572,0.8427,True,0.07838335389222761,0.12307928715418881,0.12469493133838083,0.1477046000546295
all_cnn_sequence_ctcf_h3k4me3_heldout_hek293t_kernel_3,all,cnn,3,hek293t,sequence_ctcf_h3k4me3,2333,2333,0,0.0,True,0.08376593999432735,-0.27262058094246133,0.10948768992156023,
all_cnn_sequence_ctcf_h3k4me3_heldout_hek293t_kernel_5,all,cnn,5,hek293t,sequence_ctcf_h3k4me3,2333,2333,0,0.0,True,0.19633065131221517,-0.614881410109545,0.11809251074453493,
all_cnn_sequence_ctcf_h3k4me3_heldout_hek293t_kernel_7,all,cnn,7,hek293t,sequence_ctcf_h3k4me3,2333,2333,0,0.0,True,0.24292035874854478,-0.9125363718404855,0.12639464176168025,
all_cnn_sequence_ctcf_h3k4me3_heldout_hela_kernel_3,all,cnn,3,hela,sequence_ctcf_h3k4me3,8101,4509,3592,0.4434,True,0.03572956007444106,0.03907302379003896,0.1508153812184866,0.09366676189954504
all_cnn_sequence_ctcf_h3k4me3_heldout_hela_kernel_5,all,cnn,5,hela,sequence_ctcf_h3k4me3,8101,4509,3592,0.4434,True,0.0559116176585025,0.052603738773079334,0.14642449018943357,0.2628089211286764
all_cnn_sequence_ctcf_h3k4me3_heldout_hela_kernel_7,all,cnn,7,hela,sequence_ctcf_h3k4me3,8101,4509,3592,0.4434,True,0.07469327105780887,0.09055787718191666,0.14540910182616013,0.2461381506778787
all_cnn_sequence_ctcf_h3k4me3_heldout_hl60_kernel_3,all,cnn,3,hl60,sequence_ctcf_h3k4me3,2076,1979,97,0.0467,True,0.07580998503169789,-0.10718140119914121,0.09310017690651844,0.12432933605558305
all_cnn_sequence_ctcf_h3k4me3_heldout_hl60_kernel_5,all,cnn,5,hl60,sequence_ctcf_h3k4me3,2076,1979,97,0.0467,True,0.14509560767810936,-0.038909758978775466,0.08932434547145024,0.21844428680116157
all_cnn_sequence_ctcf_h3k4me3_heldout_hl60_kernel_7,all,cnn,7,hl60,sequence_ctcf_h3k4me3,2076,1979,97,0.0467,True,0.188205214408809,-0.47894755681714085,0.10568597218696311,-0.10290591788159564
all_cnn_sequence_ctcf_h3k4me3_rrbs_heldout_hct116_kernel_3,all,cnn,3,hct116,sequence_ctcf_h3k4me3_rrbs,4239,667,3572,0.8427,True,0.05157847277384198,0.09397289356802929,0.12915390415697153,0.1019579553522808
all_cnn_sequence_ctcf_h3k4me3_rrbs_heldout_hct116_kernel_5,all,cnn,5,hct116,sequence_ctcf_h3k4me3_rrbs,4239,667,3572,0.8427,True,0.07966130223373591,0.15261235677120788,0.12228311544632685,0.1706435773209125
all_cnn_sequence_ctcf_h3k4me3_rrbs_heldout_hct116_kernel_7,all,cnn,7,hct116,sequence_ctcf_h3k4me3_rrbs,4239,667,3572,0.8427,True,0.08648897972719571,0.1548148738784414,0.12351084088860569,0.1680316014665928
all_cnn_sequence_ctcf_h3k4me3_rrbs_heldout_hek293t_kernel_3,all,cnn,3,hek293t,sequence_ctcf_h3k4me3_rrbs,2333,2333,0,0.0,True,0.08386831009988804,-0.3012918693225699,0.11073982324732103,
all_cnn_sequence_ctcf_h3k4me3_rrbs_heldout_hek293t_kernel_5,all,cnn,5,hek293t,sequence_ctcf_h3k4me3_rrbs,2333,2333,0,0.0,True,0.1921858815264207,-0.6669807613193115,0.11749833192327475,
all_cnn_sequence_ctcf_h3k4me3_rrbs_heldout_hek293t_kernel_7,all,cnn,7,hek293t,sequence_ctcf_h3k4me3_rrbs,2333,2333,0,0.0,True,0.20888192195892763,-0.6729785359939773,0.1203542343793399,
all_cnn_sequence_ctcf_h3k4me3_rrbs_heldout_hela_kernel_3,all,cnn,3,hela,sequence_ctcf_h3k4me3_rrbs,8101,4509,3592,0.4434,True,0.039154506512699916,0.03697791508342474,0.14963249198140519,0.13676086723070024
all_cnn_sequence_ctcf_h3k4me3_rrbs_heldout_hela_kernel_5,all,cnn,5,hela,sequence_ctcf_h3k4me3_rrbs,8101,4509,3592,0.4434,True,0.051550303838553746,0.07573298397908812,0.14679458499981282,0.18322436827309174
all_cnn_sequence_ctcf_h3k4me3_rrbs_heldout_hela_kernel_7,all,cnn,7,hela,sequence_ctcf_h3k4me3_rrbs,8101,4509,3592,0.4434,True,0.07561048514272384,0.09069988256060746,0.14346208521937368,0.21425652905383819
all_cnn_sequence_ctcf_h3k4me3_rrbs_heldout_hl60_kernel_3,all,cnn,3,hl60,sequence_ctcf_h3k4me3_rrbs,2076,1979,97,0.0467,True,0.07590970455785018,-0.07028865265156203,0.09178315818494188,0.10579348268618805
all_cnn_sequence_ctcf_h3k4me3_rrbs_heldout_hl60_kernel_5,all,cnn,5,hl60,sequence_ctcf_h3k4me3_rrbs,2076,1979,97,0.0467,True,0.14166853732506746,-0.41069388612821034,0.1040586088064679,-0.2690611727772887
all_cnn_sequence_ctcf_h3k4me3_rrbs_heldout_hl60_kernel_7,all,cnn,7,hl60,sequence_ctcf_h3k4me3_rrbs,2076,1979,97,0.0467,True,0.16127642513722695,-0.4268170155475153,0.10488386344012128,0.003113733097588889
all_cnn_sequence_ctcf_heldout_hct116_kernel_3,all,cnn,3,hct116,sequence_ctcf,4239,667,3572,0.8427,True,0.04980497054545441,0.09213868768016631,0.13020785444182906,0.10033626590779443
all_cnn_sequence_ctcf_heldout_hct116_kernel_5,all,cnn,5,hct116,sequence_ctcf,4239,667,3572,0.8427,True,0.08422013868591649,0.17987102444878467,0.12075174025892052,0.16007368559924418
all_cnn_sequence_ctcf_heldout_hct116_kernel_7,all,cnn,7,hct116,sequence_ctcf,4239,667,3572,0.8427,True,0.08071588654604545,0.1743918517700742,0.12086141082863569,0.17510126043621732
all_cnn_sequence_ctcf_heldout_hek293t_kernel_3,all,cnn,3,hek293t,sequence_ctcf,2333,2333,0,0.0,True,0.08445225313657312,-0.28454888468913553,0.10885117515516504,
all_cnn_sequence_ctcf_heldout_hek293t_kernel_5,all,cnn,5,hek293t,sequence_ctcf,2333,2333,0,0.0,True,0.19016894128559725,-0.7047021676831755,0.11925965250235747,
all_cnn_sequence_ctcf_heldout_hek293t_kernel_7,all,cnn,7,hek293t,sequence_ctcf,2333,2333,0,0.0,True,0.2517031882147539,-0.9501097878644349,0.12939641158808404,
all_cnn_sequence_ctcf_heldout_hela_kernel_3,all,cnn,3,hela,sequence_ctcf,8101,4509,3592,0.4434,True,0.035003149327826,0.03447775867273528,0.15059167330320605,0.12452745573896162
all_cnn_sequence_ctcf_heldout_hela_kernel_5,all,cnn,5,hela,sequence_ctcf,8101,4509,3592,0.4434,True,0.055265073306916435,0.0724173557075879,0.14699569389535505,0.1922965378296836
all_cnn_sequence_ctcf_heldout_hela_kernel_7,all,cnn,7,hela,sequence_ctcf,8101,4509,3592,0.4434,True,0.08330172596229324,0.0842020877164853,0.14575219402620448,0.24131276411106073
all_cnn_sequence_ctcf_heldout_hl60_kernel_3,all,cnn,3,hl60,sequence_ctcf,2076,1979,97,0.0467,True,0.07519015504456494,-0.06355902220103604,0.091878339433047,0.10396926344769875
all_cnn_sequence_ctcf_heldout_hl60_kernel_5,all,cnn,5,hl60,sequence_ctcf,2076,1979,97,0.0467,True,0.14382621044834554,-0.1529430391630502,0.09382534373825165,0.16238884686430843
all_cnn_sequence_ctcf_heldout_hl60_kernel_7,all,cnn,7,hl60,sequence_ctcf,2076,1979,97,0.0467,True,0.15879624699500083,-0.15491584920726065,0.09417564633552299,0.24756017351531423
all_cnn_sequence_ctcf_rrbs_heldout_hct116_kernel_3,all,cnn,3,hct116,sequence_ctcf_rrbs,4239,667,3572,0.8427,True,0.050764938458060516,0.09143593291863106,0.13036052795007494,0.10135104349747914
all_cnn_sequence_ctcf_rrbs_heldout_hct116_kernel_5,all,cnn,5,hct116,sequence_ctcf_rrbs,4239,667,3572,0.8427,True,0.07089992632532516,0.14246190135487602,0.12448905615097453,0.15361978977471835
all_cnn_sequence_ctcf_rrbs_heldout_hct116_kernel_7,all,cnn,7,hct116,sequence_ctcf_rrbs,4239,667,3572,0.8427,True,0.0679287779181984,0.16922432275212362,0.12090205030389806,0.19306458572737695
all_cnn_sequence_ctcf_rrbs_heldout_hek293t_kernel_3,all,cnn,3,hek293t,sequence_ctcf_rrbs,2333,2333,0,0.0,True,0.08418681906327419,-0.26675157911134106,0.11046177147749678,
all_cnn_sequence_ctcf_rrbs_heldout_hek293t_kernel_5,all,cnn,5,hek293t,sequence_ctcf_rrbs,2333,2333,0,0.0,True,0.20716536630360605,-0.7508997330660023,0.1213095950330047,
all_cnn_sequence_ctcf_rrbs_heldout_hek293t_kernel_7,all,cnn,7,hek293t,sequence_ctcf_rrbs,2333,2333,0,0.0,True,0.275460154182836,-0.9267193676595902,0.12787727261337334,
all_cnn_sequence_ctcf_rrbs_heldout_hela_kernel_3,all,cnn,3,hela,sequence_ctcf_rrbs,8101,4509,3592,0.4434,True,0.03198172421971679,0.041647399202169866,0.15112899031362964,0.09004159441310677
all_cnn_sequence_ctcf_rrbs_heldout_hela_kernel_5,all,cnn,5,hela,sequence_ctcf_rrbs,8101,4509,3592,0.4434,True,0.06375298547520547,0.07480676032486933,0.1480449092269142,0.22377543655508714
all_cnn_sequence_ctcf_rrbs_heldout_hela_kernel_7,all,cnn,7,hela,sequence_ctcf_rrbs,8101,4509,3592,0.4434,True,0.07205395744902388,0.08811132731411386,0.14676144871460547,0.2395359035159269
all_cnn_sequence_ctcf_rrbs_heldout_hl60_kernel_3,all,cnn,3,hl60,sequence_ctcf_rrbs,2076,1979,97,0.0467,True,0.07665574730335512,-0.08481286727140791,0.09288343174229409,0.0958191948646181
all_cnn_sequence_ctcf_rrbs_heldout_hl60_kernel_5,all,cnn,5,hl60,sequence_ctcf_rrbs,2076,1979,97,0.0467,True,0.12361320179155899,0.012614451704397789,0.08591942717938351,0.11136839536371668
all_cnn_sequence_ctcf_rrbs_heldout_hl60_kernel_7,all,cnn,7,hl60,sequence_ctcf_rrbs,2076,1979,97,0.0467,True,0.17472659922732736,-0.4303360257178539,0.10554896367761496,-0.019501850463031545
all_cnn_sequence_dnase_h3k4me3_heldout_hct116_kernel_3,all,cnn,3,hct116,sequence_dnase_h3k4me3,4239,667,3572,0.8427,True,0.04220628497569501,0.1013895040515983,0.12901449952428787,0.09440012826056088
all_cnn_sequence_dnase_h3k4me3_heldout_hct116_kernel_5,all,cnn,5,hct116,sequence_dnase_h3k4me3,4239,667,3572,0.8427,True,0.07559417573708949,0.1458201708090977,0.1238875425827586,0.14909197147273956
all_cnn_sequence_dnase_h3k4me3_heldout_hct116_kernel_7,all,cnn,7,hct116,sequence_dnase_h3k4me3,4239,667,3572,0.8427,True,0.06339231111043186,0.12513907339222308,0.12379624678065967,0.11945378332482637
all_cnn_sequence_dnase_h3k4me3_heldout_hek293t_kernel_3,all,cnn,3,hek293t,sequence_dnase_h3k4me3,2333,2333,0,0.0,True,0.08053031424306545,-0.2956850388691581,0.10885031226189455,
all_cnn_sequence_dnase_h3k4me3_heldout_hek293t_kernel_5,all,cnn,5,hek293t,sequence_dnase_h3k4me3,2333,2333,0,0.0,True,0.20597255705188278,-0.7678131490448101,0.12160641552207459,
all_cnn_sequence_dnase_h3k4me3_heldout_hek293t_kernel_7,all,cnn,7,hek293t,sequence_dnase_h3k4me3,2333,2333,0,0.0,True,0.2321910380920088,-0.9880216034533367,0.12950213549507075,
all_cnn_sequence_dnase_h3k4me3_heldout_hela_kernel_3,all,cnn,3,hela,sequence_dnase_h3k4me3,8101,4509,3592,0.4434,True,0.03244251393564068,0.0320549561391843,0.15076358178845775,0.08332817307644536
all_cnn_sequence_dnase_h3k4me3_heldout_hela_kernel_5,all,cnn,5,hela,sequence_dnase_h3k4me3,8101,4509,3592,0.4434,True,0.06292135006841115,0.07930994349604326,0.14633817530143178,0.23077783610849545
all_cnn_sequence_dnase_h3k4me3_heldout_hela_kernel_7,all,cnn,7,hela,sequence_dnase_h3k4me3,8101,4509,3592,0.4434,True,0.07716265526072164,0.09536424245696329,0.14572959513288,0.19514639500947684
all_cnn_sequence_dnase_h3k4me3_heldout_hl60_kernel_3,all,cnn,3,hl60,sequence_dnase_h3k4me3,2076,1979,97,0.0467,True,0.07350750617551549,-0.09236102060071394,0.09260653732086913,0.08045142130787686
all_cnn_sequence_dnase_h3k4me3_heldout_hl60_kernel_5,all,cnn,5,hl60,sequence_dnase_h3k4me3,2076,1979,97,0.0467,True,0.15582940200723083,-0.5413020480558004,0.11001043179282466,-0.2532236664048242
all_cnn_sequence_dnase_h3k4me3_heldout_hl60_kernel_7,all,cnn,7,hl60,sequence_dnase_h3k4me3,2076,1979,97,0.0467,True,0.20273755028267415,-0.8561394545906722,0.12062871345578575,-0.8241136305116346
all_cnn_sequence_dnase_h3k4me3_rrbs_heldout_hct116_kernel_3,all,cnn,3,hct116,sequence_dnase_h3k4me3_rrbs,4239,667,3572,0.8427,True,0.04364613709970955,0.09360739289219833,0.1292835793443778,0.0947000447823213
all_cnn_sequence_dnase_h3k4me3_rrbs_heldout_hct116_kernel_5,all,cnn,5,hct116,sequence_dnase_h3k4me3_rrbs,4239,667,3572,0.8427,True,0.07837231731651884,0.17216914751716883,0.12119670646581708,0.19247741771415638
all_cnn_sequence_dnase_h3k4me3_rrbs_heldout_hct116_kernel_7,all,cnn,7,hct116,sequence_dnase_h3k4me3_rrbs,4239,667,3572,0.8427,True,0.07466304998010753,0.14884684134738668,0.12500931727541228,0.15958859342005882
all_cnn_sequence_dnase_h3k4me3_rrbs_heldout_hek293t_kernel_3,all,cnn,3,hek293t,sequence_dnase_h3k4me3_rrbs,2333,2333,0,0.0,True,0.08097018435106773,-0.28934363135399765,0.10939715521088726,
all_cnn_sequence_dnase_h3k4me3_rrbs_heldout_hek293t_kernel_5,all,cnn,5,hek293t,sequence_dnase_h3k4me3_rrbs,2333,2333,0,0.0,True,0.19566203535521087,-0.6782396175531242,0.11962000106172309,
all_cnn_sequence_dnase_h3k4me3_rrbs_heldout_hek293t_kernel_7,all,cnn,7,hek293t,sequence_dnase_h3k4me3_rrbs,2333,2333,0,0.0,True,0.23050735573337722,-0.7981693495462954,0.12158780512944706,
all_cnn_sequence_dnase_h3k4me3_rrbs_heldout_hela_kernel_3,all,cnn,3,hela,sequence_dnase_h3k4me3_rrbs,8101,4509,3592,0.4434,True,0.03299854839027805,0.0416645418570033,0.14961293243161589,0.12623075180833554
all_cnn_sequence_dnase_h3k4me3_rrbs_heldout_hela_kernel_5,all,cnn,5,hela,sequence_dnase_h3k4me3_rrbs,8101,4509,3592,0.4434,True,0.05397613761183773,0.06731533242611865,0.14760320864807183,0.18368559405395668
all_cnn_sequence_dnase_h3k4me3_rrbs_heldout_hela_kernel_7,all,cnn,7,hela,sequence_dnase_h3k4me3_rrbs,8101,4509,3592,0.4434,True,0.0700586299279935,0.09063241188826887,0.14379012951079087,0.20304568741764095
all_cnn_sequence_dnase_h3k4me3_rrbs_heldout_hl60_kernel_3,all,cnn,3,hl60,sequence_dnase_h3k4me3_rrbs,2076,1979,97,0.0467,True,0.06941588433244905,-0.10433193802029161,0.09315219921071248,0.14234351374544185
all_cnn_sequence_dnase_h3k4me3_rrbs_heldout_hl60_kernel_5,all,cnn,5,hl60,sequence_dnase_h3k4me3_rrbs,2076,1979,97,0.0467,True,0.14275584416849085,-0.20673375145561623,0.09583369718696312,-0.10721407050540277
all_cnn_sequence_dnase_h3k4me3_rrbs_heldout_hl60_kernel_7,all,cnn,7,hl60,sequence_dnase_h3k4me3_rrbs,2076,1979,97,0.0467,True,0.1688766926019134,-0.2641881762233531,0.09828663942799394,-0.2082874452561314
all_cnn_sequence_dnase_heldout_hct116_kernel_3,all,cnn,3,hct116,sequence_dnase,4239,667,3572,0.8427,True,0.04308678516218867,0.09067727204824216,0.13116039382713643,0.08258505458861443
all_cnn_sequence_dnase_heldout_hct116_kernel_5,all,cnn,5,hct116,sequence_dnase,4239,667,3572,0.8427,True,0.07608314210013545,0.20476883117262878,0.119338850094003,0.19684784561406554
all_cnn_sequence_dnase_heldout_hct116_kernel_7,all,cnn,7,hct116,sequence_dnase,4239,667,3572,0.8427,True,0.0759094722750816,0.18661963120356662,0.12132953815997002,0.17959924756615409
all_cnn_sequence_dnase_heldout_hek293t_kernel_3,all,cnn,3,hek293t,sequence_dnase,2333,2333,0,0.0,True,0.08824034358635935,-0.48604331140051626,0.11656630138619803,
all_cnn_sequence_dnase_heldout_hek293t_kernel_5,all,cnn,5,hek293t,sequence_dnase,2333,2333,0,0.0,True,0.20817449643459274,-0.8455571032018017,0.12528997122888982,
all_cnn_sequence_dnase_heldout_hek293t_kernel_7,all,cnn,7,hek293t,sequence_dnase,2333,2333,0,0.0,True,0.24310153425823644,-1.023807278472738,0.1306769731405915,
all_cnn_sequence_dnase_heldout_hela_kernel_3,all,cnn,3,hela,sequence_dnase,8101,4509,3592,0.4434,True,0.03198262210139069,0.04410336580152219,0.1502206387279122,0.10135238506017819
all_cnn_sequence_dnase_heldout_hela_kernel_5,all,cnn,5,hela,sequence_dnase,8101,4509,3592,0.4434,True,0.05312551548674205,0.06295332148322719,0.14783429397519537,0.1645859842264824
all_cnn_sequence_dnase_heldout_hela_kernel_7,all,cnn,7,hela,sequence_dnase,8101,4509,3592,0.4434,True,0.07227205549223692,0.08800731441276255,0.14791519865472522,0.21858409804588297
all_cnn_sequence_dnase_heldout_hl60_kernel_3,all,cnn,3,hl60,sequence_dnase,2076,1979,97,0.0467,True,0.06502371545438723,-0.09808238410274828,0.09245774512784234,0.04355652375908636
all_cnn_sequence_dnase_heldout_hl60_kernel_5,all,cnn,5,hl60,sequence_dnase,2076,1979,97,0.0467,True,0.1356771619442052,-0.14348414631858075,0.09411972174734715,0.05399540943181702
all_cnn_sequence_dnase_heldout_hl60_kernel_7,all,cnn,7,hl60,sequence_dnase,2076,1979,97,0.0467,True,0.19914726150942597,-0.6848815325124389,0.1145327858756948,-0.2904417556856762
all_cnn_sequence_dnase_rrbs_heldout_hct116_kernel_3,all,cnn,3,hct116,sequence_dnase_rrbs,4239,667,3572,0.8427,True,0.04307109146024035,0.09637443604213458,0.13093645399205397,0.08824226667552937
all_cnn_sequence_dnase_rrbs_heldout_hct116_kernel_5,all,cnn,5,hct116,sequence_dnase_rrbs,4239,667,3572,0.8427,True,0.07256827787803011,0.17128103442262133,0.12164636976416791,0.15220631683916752
all_cnn_sequence_dnase_rrbs_heldout_hct116_kernel_7,all,cnn,7,hct116,sequence_dnase_rrbs,4239,667,3572,0.8427,True,0.0743393479842146,0.137212978685464,0.12630326714047974,0.13198347777903885
all_cnn_sequence_dnase_rrbs_heldout_hek293t_kernel_3,all,cnn,3,hek293t,sequence_dnase_rrbs,2333,2333,0,0.0,True,0.08315924898912386,-0.333953950269412,0.11240172672396057,
all_cnn_sequence_dnase_rrbs_heldout_hek293t_kernel_5,all,cnn,5,hek293t,sequence_dnase_rrbs,2333,2333,0,0.0,True,0.20291846988564577,-0.7523003060655844,0.12019884175182169,
all_cnn_sequence_dnase_rrbs_heldout_hek293t_kernel_7,all,cnn,7,hek293t,sequence_dnase_rrbs,2333,2333,0,0.0,True,0.24799760482193645,-0.7954767415512953,0.12326463225246466,
all_cnn_sequence_dnase_rrbs_heldout_hela_kernel_3,all,cnn,3,hela,sequence_dnase_rrbs,8101,4509,3592,0.4434,True,0.028784850428377418,0.03772615316494332,0.1509551297059561,0.11938345636760872
all_cnn_sequence_dnase_rrbs_heldout_hela_kernel_5,all,cnn,5,hela,sequence_dnase_rrbs,8101,4509,3592,0.4434,True,0.05450661972858151,0.07523688296273023,0.14656926278424398,0.24041887202080947
all_cnn_sequence_dnase_rrbs_heldout_hela_kernel_7,all,cnn,7,hela,sequence_dnase_rrbs,8101,4509,3592,0.4434,True,0.07589118985076737,0.08581403107322749,0.14391084000092172,0.20976530701978935
all_cnn_sequence_dnase_rrbs_heldout_hl60_kernel_3,all,cnn,3,hl60,sequence_dnase_rrbs,2076,1979,97,0.0467,True,0.07077335559119768,-0.15211873126157793,0.09539281348559879,0.0023758159418572067
all_cnn_sequence_dnase_rrbs_heldout_hl60_kernel_5,all,cnn,5,hl60,sequence_dnase_rrbs,2076,1979,97,0.0467,True,0.16058342291897587,-0.42142884844843453,0.10459883509954523,-0.5306094853919301
all_cnn_sequence_dnase_rrbs_heldout_hl60_kernel_7,all,cnn,7,hl60,sequence_dnase_rrbs,2076,1979,97,0.0467,True,0.20946111695046266,-0.7422937687689009,0.1163153469115715,-0.47582521275611467
all_cnn_sequence_h3k4me3_heldout_hct116_kernel_3,all,cnn,3,hct116,sequence_h3k4me3,4239,667,3572,0.8427,True,0.04402021786461774,0.08828248177655251,0.1304143233023988,0.08167585736587779
all_cnn_sequence_h3k4me3_heldout_hct116_kernel_5,all,cnn,5,hct116,sequence_h3k4me3,4239,667,3572,0.8427,True,0.08362270628001689,0.17715502983733233,0.12031744078365818,0.19515313369998977
all_cnn_sequence_h3k4me3_heldout_hct116_kernel_7,all,cnn,7,hct116,sequence_h3k4me3,4239,667,3572,0.8427,True,0.07908858613523218,0.15707242678418742,0.1235456652664168,0.16353048311847163
all_cnn_sequence_h3k4me3_heldout_hek293t_kernel_3,all,cnn,3,hek293t,sequence_h3k4me3,2333,2333,0,0.0,True,0.07921234978537628,-0.37557080159700784,0.11133675560094299,
all_cnn_sequence_h3k4me3_heldout_hek293t_kernel_5,all,cnn,5,hek293t,sequence_h3k4me3,2333,2333,0,0.0,True,0.20700473163666078,-0.7265374872257206,0.11870671847921133,
all_cnn_sequence_h3k4me3_heldout_hek293t_kernel_7,all,cnn,7,hek293t,sequence_h3k4me3,2333,2333,0,0.0,True,0.247214156942406,-0.9403797880298965,0.12908838591684527,
all_cnn_sequence_h3k4me3_heldout_hela_kernel_3,all,cnn,3,hela,sequence_h3k4me3,8101,4509,3592,0.4434,True,0.030182457247705963,0.03831996959250317,0.1507718268605358,0.09198158677565804
all_cnn_sequence_h3k4me3_heldout_hela_kernel_5,all,cnn,5,hela,sequence_h3k4me3,8101,4509,3592,0.4434,True,0.06284331381544006,0.06224286301211235,0.1454117255187749,0.2984808171476635
all_cnn_sequence_h3k4me3_heldout_hela_kernel_7,all,cnn,7,hela,sequence_h3k4me3,8101,4509,3592,0.4434,True,0.07385867186786599,0.07068172125442895,0.14316611238726015,0.23611064245253888
all_cnn_sequence_h3k4me3_heldout_hl60_kernel_3,all,cnn,3,hl60,sequence_h3k4me3,2076,1979,97,0.0467,True,0.06990640485715138,-0.09803452686070124,0.09250847074178879,0.0815921618859512
all_cnn_sequence_h3k4me3_heldout_hl60_kernel_5,all,cnn,5,hl60,sequence_h3k4me3,2076,1979,97,0.0467,True,0.13954705676860013,-0.0022485723592493567,0.08710453576958059,0.019289286040054865
all_cnn_sequence_h3k4me3_heldout_hl60_kernel_7,all,cnn,7,hl60,sequence_h3k4me3,2076,1979,97,0.0467,True,0.23477267606549412,-0.8189215927049964,0.11827461016574026,-0.6553717790324607
all_cnn_sequence_h3k4me3_rrbs_heldout_hct116_kernel_3,all,cnn,3,hct116,sequence_h3k4me3_rrbs,4239,667,3572,0.8427,True,0.043089156295370024,0.09822803742144892,0.1302446245167916,0.09575305435431469
all_cnn_sequence_h3k4me3_rrbs_heldout_hct116_kernel_5,all,cnn,5,hct116,sequence_h3k4me3_rrbs,4239,667,3572,0.8427,True,0.06802348717054385,0.15121644655875688,0.12298907778515741,0.15283148315695883
all_cnn_sequence_h3k4me3_rrbs_heldout_hct116_kernel_7,all,cnn,7,hct116,sequence_h3k4me3_rrbs,4239,667,3572,0.8427,True,0.0750501109018622,0.13842057401004415,0.12488750181814094,0.14913092741234335
all_cnn_sequence_h3k4me3_rrbs_heldout_hek293t_kernel_3,all,cnn,3,hek293t,sequence_h3k4me3_rrbs,2333,2333,0,0.0,True,0.08339024761341729,-0.28763700778852797,0.10908770580668667,
all_cnn_sequence_h3k4me3_rrbs_heldout_hek293t_kernel_5,all,cnn,5,hek293t,sequence_h3k4me3_rrbs,2333,2333,0,0.0,True,0.24044623457473668,-0.7472516378763507,0.12041772400085725,
all_cnn_sequence_h3k4me3_rrbs_heldout_hek293t_kernel_7,all,cnn,7,hek293t,sequence_h3k4me3_rrbs,2333,2333,0,0.0,True,0.24479489256634068,-1.0271429890115438,0.13265122009858551,
all_cnn_sequence_h3k4me3_rrbs_heldout_hela_kernel_3,all,cnn,3,hela,sequence_h3k4me3_rrbs,8101,4509,3592,0.4434,True,0.029182397160979034,0.03739272735264931,0.1512745817618443,0.1112252767455113
all_cnn_sequence_h3k4me3_rrbs_heldout_hela_kernel_5,all,cnn,5,hela,sequence_h3k4me3_rrbs,8101,4509,3592,0.4434,True,0.05871609545142431,0.051369544745576645,0.145746859821281,0.1513744284333154
all_cnn_sequence_h3k4me3_rrbs_heldout_hela_kernel_7,all,cnn,7,hela,sequence_h3k4me3_rrbs,8101,4509,3592,0.4434,True,0.07728447230976299,0.09479398857974641,0.1456702679250734,0.23767220213173146
all_cnn_sequence_h3k4me3_rrbs_heldout_hl60_kernel_3,all,cnn,3,hl60,sequence_h3k4me3_rrbs,2076,1979,97,0.0467,True,0.06891000708493789,-0.06193158730819981,0.0916874841424962,0.026152619811886324
all_cnn_sequence_h3k4me3_rrbs_heldout_hl60_kernel_5,all,cnn,5,hl60,sequence_h3k4me3_rrbs,2076,1979,97,0.0467,True,0.1284354461084739,0.00012632985546356945,0.08929589155533096,0.04593822851700957
all_cnn_sequence_h3k4me3_rrbs_heldout_hl60_kernel_7,all,cnn,7,hl60,sequence_h3k4me3_rrbs,2076,1979,97,0.0467,True,0.1869111275905171,-0.6547877334302055,0.11188120942193026,-0.5494840932953537
all_cnn_sequence_heldout_hct116_kernel_3,all,cnn,3,hct116,sequence,4239,667,3572,0.8427,True,0.04095552486285414,0.09929138214397959,0.12928975702053974,0.08404902204776321
all_cnn_sequence_heldout_hct116_kernel_5,all,cnn,5,hct116,sequence,4239,667,3572,0.8427,True,0.08431888680950195,0.20277877879911865,0.11926745570119943,0.1985084687704356
all_cnn_sequence_heldout_hct116_kernel_7,all,cnn,7,hct116,sequence,4239,667,3572,0.8427,True,0.0753770225069238,0.16514509973340208,0.12315306384212894,0.1618996794272033
all_cnn_sequence_heldout_hek293t_kernel_3,all,cnn,3,hek293t,sequence,2333,2333,0,0.0,True,0.09760129717302057,-0.5402580965843222,0.11549804090784399,
all_cnn_sequence_heldout_hek293t_kernel_5,all,cnn,5,hek293t,sequence,2333,2333,0,0.0,True,0.20472996107903374,-0.554052454250342,0.11561469248906987,
all_cnn_sequence_heldout_hek293t_kernel_7,all,cnn,7,hek293t,sequence,2333,2333,0,0.0,True,0.2582704367037403,-1.0242479624216094,0.13085659957779683,
all_cnn_sequence_heldout_hela_kernel_3,all,cnn,3,hela,sequence,8101,4509,3592,0.4434,True,0.025843678872083164,0.03747310687008987,0.14969056369797204,0.0976822753811839
all_cnn_sequence_heldout_hela_kernel_5,all,cnn,5,hela,sequence,8101,4509,3592,0.4434,True,0.06822387413146525,0.07137747914247539,0.14430270361813172,0.19905153855234614
all_cnn_sequence_heldout_hela_kernel_7,all,cnn,7,hela,sequence,8101,4509,3592,0.4434,True,0.07371318443916242,0.07571651665080448,0.1435971729594491,0.22626005555509454
all_cnn_sequence_heldout_hl60_kernel_3,all,cnn,3,hl60,sequence,2076,1979,97,0.0467,True,0.07231886798862441,-0.14076980112384674,0.09477729716927742,0.031516785804804326
all_cnn_sequence_heldout_hl60_kernel_5,all,cnn,5,hl60,sequence,2076,1979,97,0.0467,True,0.15444784029439707,-0.2725543475861347,0.09947595403132896,-0.2768758575594539
all_cnn_sequence_heldout_hl60_kernel_7,all,cnn,7,hl60,sequence,2076,1979,97,0.0467,True,0.21582473250124556,-0.46578584303350556,0.1072012477973724,-0.2562215029542989
all_cnn_sequence_rrbs_heldout_hct116_kernel_3,all,cnn,3,hct116,sequence_rrbs,4239,667,3572,0.8427,True,0.04630650093348054,0.09270729629978669,0.13006690863973014,0.0858740887522943
all_cnn_sequence_rrbs_heldout_hct116_kernel_5,all,cnn,5,hct116,sequence_rrbs,4239,667,3572,0.8427,True,0.07133910566705559,0.16215158671209462,0.1207889373203898,0.15738265641778226
all_cnn_sequence_rrbs_heldout_hct116_kernel_7,all,cnn,7,hct116,sequence_rrbs,4239,667,3572,0.8427,True,0.07223007398003312,0.18117829691208098,0.11967686818995503,0.18260921038852984
all_cnn_sequence_rrbs_heldout_hek293t_kernel_3,all,cnn,3,hek293t,sequence_rrbs,2333,2333,0,0.0,True,0.0879151360112731,-0.4019227318380163,0.11313117452936133,
all_cnn_sequence_rrbs_heldout_hek293t_kernel_5,all,cnn,5,hek293t,sequence_rrbs,2333,2333,0,0.0,True,0.20487842497581665,-0.5870922535976191,0.11412868856879553,
all_cnn_sequence_rrbs_heldout_hek293t_kernel_7,all,cnn,7,hek293t,sequence_rrbs,2333,2333,0,0.0,True,0.2371309874538443,-1.0393833774811898,0.13097196579039863,
all_cnn_sequence_rrbs_heldout_hela_kernel_3,all,cnn,3,hela,sequence_rrbs,8101,4509,3592,0.4434,True,0.02985622297157231,0.03672799957425066,0.15067287586696743,0.08216274162036774
all_cnn_sequence_rrbs_heldout_hela_kernel_5,all,cnn,5,hela,sequence_rrbs,8101,4509,3592,0.4434,True,0.05183745357437375,0.07399491355085552,0.14819692205459215,0.17170164955362743
all_cnn_sequence_rrbs_heldout_hela_kernel_7,all,cnn,7,hela,sequence_rrbs,8101,4509,3592,0.4434,True,0.07334368486245568,0.07933123690770238,0.14338072969708496,0.24299698665392344
all_cnn_sequence_rrbs_heldout_hl60_kernel_3,all,cnn,3,hl60,sequence_rrbs,2076,1979,97,0.0467,True,0.06984006462140835,-0.11275359791610295,0.09431973197978775,0.04530310479872379
all_cnn_sequence_rrbs_heldout_hl60_kernel_5,all,cnn,5,hl60,sequence_rrbs,2076,1979,97,0.0467,True,0.1445092689805042,-0.2932257595614147,0.09910100295502779,-0.22253282510837402
all_cnn_sequence_rrbs_heldout_hl60_kernel_7,all,cnn,7,hl60,sequence_rrbs,2076,1979,97,0.0467,True,0.17976028992389592,-0.6362133099329605,0.11188459604244567,-0.8182125799896349
all_linear_all_heldout_hct116,all,linear,-,hct116,all,4239,667,3572,0.8427,True,-5.442461197485737e+18,-1.535295624605048e+19,30114068.942576136,-6.971112965293073e+19
all_linear_all_heldout_hek293t,all,linear,-,hek293t,all,2333,2333,0,0.0,True,0.1422752360975229,-0.4451489713624095,0.1136389059614887,
all_linear_all_heldout_hela,all,linear,-,hela,all,8101,4509,3592,0.4434,True,0.06440249859418323,0.0785560027649318,0.1468186322620291,0.10368163769822003
all_linear_all_heldout_hl60,all,linear,-,hl60,all,2076,1979,97,0.0467,True,0.07968550625518267,0.019255134546912855,0.08818454499696675,-0.03767455658075858
all_linear_sequence_ctcf_dnase_h3k4me3_heldout_hct116,all,linear,-,hct116,sequence_ctcf_dnase_h3k4me3,4239,667,3572,0.8427,True,-734120514489128.6,-1.968702211624402e+19,29044855.905309685,-4.921912869864972e+19
all_linear_sequence_ctcf_dnase_h3k4me3_heldout_hek293t,all,linear,-,hek293t,sequence_ctcf_dnase_h3k4me3,2333,2333,0,0.0,True,0.14388785246885438,-0.4418332676696195,0.11342763872944493,
all_linear_sequence_ctcf_dnase_h3k4me3_heldout_hela,all,linear,-,hela,sequence_ctcf_dnase_h3k4me3,8101,4509,3592,0.4434,True,0.06537506665741144,0.07979284352336169,0.14666764997643317,0.10100375352095459
all_linear_sequence_ctcf_dnase_h3k4me3_heldout_hl60,all,linear,-,hl60,sequence_ctcf_dnase_h3k4me3,2076,1979,97,0.0467,True,0.08104228502199218,0.031731370100372525,0.08753433442257165,-0.039653313126546186
all_linear_sequence_ctcf_dnase_heldout_hct116,all,linear,-,hct116,sequence_ctcf_dnase,4239,667,3572,0.8427,True,-8.518193507654769e+18,-1.1816524785291352e+20,94591405.7492369,-9.196994571119033e+19
all_linear_sequence_ctcf_dnase_heldout_hek293t,all,linear,-,hek293t,sequence_ctcf_dnase,2333,2333,0,0.0,True,0.1436842095489127,-0.4295888356189139,0.11310222998399949,
all_linear_sequence_ctcf_dnase_heldout_hela,all,linear,-,hela,sequence_ctcf_dnase,8101,4509,3592,0.4434,True,0.06927694136679674,0.07908655086682115,0.1466873878881567,0.10176146879477777
all_linear_sequence_ctcf_dnase_heldout_hl60,all,linear,-,hl60,sequence_ctcf_dnase,2076,1979,97,0.0467,True,0.0834858029494453,0.03148683826653975,0.08759384992085766,-0.05202189408985869
all_linear_sequence_ctcf_dnase_rrbs_heldout_hct116,all,linear,-,hct116,sequence_ctcf_dnase_rrbs,4239,667,3572,0.8427,True,-6.281065560900814e+18,-1.7693103880169177e+19,32384690.14151367,-7.720881143575944e+19
all_linear_sequence_ctcf_dnase_rrbs_heldout_hek293t,all,linear,-,hek293t,sequence_ctcf_dnase_rrbs,2333,2333,0,0.0,True,0.1420892339800145,-0.43276388248094877,0.11332053304248699,
all_linear_sequence_ctcf_dnase_rrbs_heldout_hela,all,linear,-,hela,sequence_ctcf_dnase_rrbs,8101,4509,3592,0.4434,True,0.06849944478292291,0.07795513967315582,0.1468348956926293,0.10456770558500372
all_linear_sequence_ctcf_dnase_rrbs_heldout_hl60,all,linear,-,hl60,sequence_ctcf_dnase_rrbs,2076,1979,97,0.0467,True,0.08213101974155534,0.019085793254160266,0.0882371249133961,-0.051270398673724404
all_linear_sequence_ctcf_h3k4me3_heldout_hct116,all,linear,-,hct116,sequence_ctcf_h3k4me3,4239,667,3572,0.8427,True,0.06455448437639377,0.11551250982334293,0.1278038396324817,0.10901642332442962
all_linear_sequence_ctcf_h3k4me3_heldout_hek293t,all,linear,-,hek293t,sequence_ctcf_h3k4me3,2333,2333,0,0.0,True,0.14379552531222461,-0.4425221937743622,0.11348825538402404,
all_linear_sequence_ctcf_h3k4me3_heldout_hela,all,linear,-,hela,sequence_ctcf_h3k4me3,8101,4509,3592,0.4434,True,0.07163666703550664,0.08011627465422866,0.14663323419224636,0.10147174306866302
all_linear_sequence_ctcf_h3k4me3_heldout_hl60,all,linear,-,hl60,sequence_ctcf_h3k4me3,2076,1979,97,0.0467,True,0.08099324940481278,0.03354654388044742,0.08743981831716943,-0.03795157438803365
all_linear_sequence_ctcf_h3k4me3_rrbs_heldout_hct116,all,linear,-,hct116,sequence_ctcf_h3k4me3_rrbs,4239,667,3572,0.8427,True,0.06344544145868869,0.11866208018649393,0.12721950960665726,0.11015330653113853
all_linear_sequence_ctcf_h3k4me3_rrbs_heldout_hek293t,all,linear,-,hek293t,sequence_ctcf_h3k4me3_rrbs,2333,2333,0,0.0,True,0.14207070840368385,-0.4460357112042721,0.11367967757445376,
all_linear_sequence_ctcf_h3k4me3_rrbs_heldout_hela,all,linear,-,hela,sequence_ctcf_h3k4me3_rrbs,8101,4509,3592,0.4434,True,0.07052248839712205,0.07899384103303442,0.14679491822226187,0.10410375092363777
all_linear_sequence_ctcf_h3k4me3_rrbs_heldout_hl60,all,linear,-,hl60,sequence_ctcf_h3k4me3_rrbs,2076,1979,97,0.0467,True,0.07949548016096175,0.02125024391946928,0.08808507687756213,-0.03592905308138894
all_linear_sequence_ctcf_heldout_hct116,all,linear,-,hct116,sequence_ctcf,4239,667,3572,0.8427,True,0.06611843045997878,0.11980202543911289,0.12788113035277957,0.1107676127414211
all_linear_sequence_ctcf_heldout_hek293t,all,linear,-,hek293t,sequence_ctcf,2333,2333,0,0.0,True,0.14360677395412236,-0.4300446678412231,0.1131237085926216,
all_linear_sequence_ctcf_heldout_hela,all,linear,-,hela,sequence_ctcf,8101,4509,3592,0.4434,True,0.07607520140029245,0.0794567630205325,0.14665667882135316,0.1021338273008211
all_linear_sequence_ctcf_heldout_hl60,all,linear,-,hl60,sequence_ctcf,2076,1979,97,0.0467,True,0.0833642714267907,0.03320313153999077,0.08750210489072904,-0.05028519141706966
all_linear_sequence_ctcf_rrbs_heldout_hct116,all,linear,-,hct116,sequence_ctcf_rrbs,4239,667,3572,0.8427,True,0.06498318146039805,0.12349806576787825,0.1273362043322758,0.11192385620620127
all_linear_sequence_ctcf_rrbs_heldout_hek293t,all,linear,-,hek293t,sequence_ctcf_rrbs,2333,2333,0,0.0,True,0.14190599916234659,-0.4333055249605646,0.11333070576044493,
all_linear_sequence_ctcf_rrbs_heldout_hela,all,linear,-,hela,sequence_ctcf_rrbs,8101,4509,3592,0.4434,True,0.07516388727844503,0.07829352001511836,0.14678172832839742,0.10488439052772991
all_linear_sequence_ctcf_rrbs_heldout_hl60,all,linear,-,hl60,sequence_ctcf_rrbs,2076,1979,97,0.0467,True,0.08186475974568508,0.02041768935017585,0.08817238432457346,-0.049078262600999345
all_linear_sequence_dnase_h3k4me3_heldout_hct116,all,linear,-,hct116,sequence_dnase_h3k4me3,4239,667,3572,0.8427,True,-1.3227528073273786e+17,-1.7873501893416138e+18,13720163.99677196,-1.3556328268141637e+18
all_linear_sequence_dnase_h3k4me3_heldout_hek293t,all,linear,-,hek293t,sequence_dnase_h3k4me3,2333,2333,0,0.0,True,0.14494204848888292,-0.4555973295280207,0.11396320479942312,
all_linear_sequence_dnase_h3k4me3_heldout_hela,all,linear,-,hela,sequence_dnase_h3k4me3,8101,4509,3592,0.4434,True,0.06410953316110679,0.07796441494427464,0.14611770820308298,0.1002104476310286
all_linear_sequence_dnase_h3k4me3_heldout_hl60,all,linear,-,hl60,sequence_dnase_h3k4me3,2076,1979,97,0.0467,True,0.08318783305628674,0.021965973713311437,0.08873972603865882,-0.03681259415623539
all_linear_sequence_dnase_h3k4me3_rrbs_heldout_hct116,all,linear,-,hct116,sequence_dnase_h3k4me3_rrbs,4239,667,3572,0.8427,True,-3.5718583486544727e+18,-4.139006807984405e+19,56433089.71147413,-3.0315762478237057e+19
all_linear_sequence_dnase_h3k4me3_rrbs_heldout_hek293t,all,linear,-,hek293t,sequence_dnase_h3k4me3_rrbs,2333,2333,0,0.0,True,0.14319748670398702,-0.45891770673079035,0.11420563613528492,
all_linear_sequence_dnase_h3k4me3_rrbs_heldout_hela,all,linear,-,hela,sequence_dnase_h3k4me3_rrbs,8101,4509,3592,0.4434,True,0.0629795509591381,0.07697225106309624,0.1462809259918736,0.10291166932981988
all_linear_sequence_dnase_h3k4me3_rrbs_heldout_hl60,all,linear,-,hl60,sequence_dnase_h3k4me3_rrbs,2076,1979,97,0.0467,True,0.08185198744706024,0.010084939531795567,0.08935011086537566,-0.03548133640715956
all_linear_sequence_dnase_heldout_hct116,all,linear,-,hct116,sequence_dnase,4239,667,3572,0.8427,True,-1.3639924286910984e+18,-2.1424353853172605e+19,39627853.18322965,-1.7449495740488157e+19
all_linear_sequence_dnase_heldout_hek293t,all,linear,-,hek293t,sequence_dnase,2333,2333,0,0.0,True,0.14488125624659376,-0.4441756916574777,0.11371589380446034,
all_linear_sequence_dnase_heldout_hela,all,linear,-,hela,sequence_dnase,8101,4509,3592,0.4434,True,0.06782341942961911,0.07702244842949224,0.14611052351910292,0.10095500651783651
all_linear_sequence_dnase_heldout_hl60,all,linear,-,hl60,sequence_dnase,2076,1979,97,0.0467,True,0.08525364677645086,0.02023759221000987,0.08882705919097397,-0.05131484622840232
all_linear_sequence_dnase_rrbs_heldout_hct116,all,linear,-,hct116,sequence_dnase_rrbs,4239,667,3572,0.8427,True,-1.3015984009504944e+19,-1.6863072092129988e+20,113009571.38784534,-1.2739522906823767e+20
all_linear_sequence_dnase_rrbs_heldout_hek293t,all,linear,-,hek293t,sequence_dnase_rrbs,2333,2333,0,0.0,True,0.14312024413358038,-0.4474964942283568,0.11395042188032482,
all_linear_sequence_dnase_rrbs_heldout_hela,all,linear,-,hela,sequence_dnase_rrbs,8101,4509,3592,0.4434,True,0.06684703318517637,0.07601374764472724,0.1462499587723119,0.10376906572062272
all_linear_sequence_dnase_rrbs_heldout_hl60,all,linear,-,hl60,sequence_dnase_rrbs,2076,1979,97,0.0467,True,0.08387983658351772,0.00833622086876551,0.08944791681257327,-0.05102515701244048
all_linear_sequence_h3k4me3_heldout_hct116,all,linear,-,hct116,sequence_h3k4me3,4239,667,3572,0.8427,True,0.06238943953811493,0.12221669322615492,0.12764628786339025,0.11058033234958398
all_linear_sequence_h3k4me3_heldout_hek293t,all,linear,-,hek293t,sequence_h3k4me3,2333,2333,0,0.0,True,0.14487099970750528,-0.456699325457824,0.11399802726848601,
all_linear_sequence_h3k4me3_heldout_hela,all,linear,-,hela,sequence_h3k4me3,8101,4509,3592,0.4434,True,0.07091787755733425,0.07834680881944012,0.14611189583810372,0.100634095189997
all_linear_sequence_h3k4me3_heldout_hl60,all,linear,-,hl60,sequence_h3k4me3,2076,1979,97,0.0467,True,0.08304436232152701,0.023723084487514146,0.08867666644748713,-0.03645584006208802
all_linear_sequence_h3k4me3_rrbs_heldout_hct116,all,linear,-,hct116,sequence_h3k4me3_rrbs,4239,667,3572,0.8427,True,0.06108401094425209,0.1260923110583183,0.12705804571667337,0.11175864447031547
all_linear_sequence_h3k4me3_rrbs_heldout_hek293t,all,linear,-,hek293t,sequence_h3k4me3_rrbs,2333,2333,0,0.0,True,0.143034587738884,-0.4602350679099467,0.11422527674226306,
all_linear_sequence_h3k4me3_rrbs_heldout_hela,all,linear,-,hela,sequence_h3k4me3_rrbs,8101,4509,3592,0.4434,True,0.06969587638709684,0.07737045709851187,0.14625715533831454,0.10332515156413968
all_linear_sequence_h3k4me3_rrbs_heldout_hl60,all,linear,-,hl60,sequence_h3k4me3_rrbs,2076,1979,97,0.0467,True,0.08156592877157232,0.01222607247197216,0.0892617833189301,-0.03563528487106016
all_linear_sequence_heldout_hct116,all,linear,-,hct116,sequence,4239,667,3572,0.8427,True,0.06417830673292102,0.12358857833534198,0.12792663534333848,0.11234898855468567
all_linear_sequence_heldout_hek293t,all,linear,-,hek293t,sequence,2333,2333,0,0.0,True,0.1448935836318015,-0.44503880871928914,0.11373532813344193,
all_linear_sequence_heldout_hela,all,linear,-,hela,sequence,8101,4509,3592,0.4434,True,0.07497244232343614,0.07729177077439431,0.14607693373501235,0.10128341889908865
all_linear_sequence_heldout_hl60,all,linear,-,hl60,sequence,2076,1979,97,0.0467,True,0.08502563244147199,0.02210994194071958,0.08875936060341968,-0.05134684880212159
all_linear_sequence_rrbs_heldout_hct116,all,linear,-,hct116,sequence_rrbs,4239,667,3572,0.8427,True,0.06281750103554162,0.1277079977232063,0.12742135182373515,0.11352331042743591
all_linear_sequence_rrbs_heldout_hek293t,all,linear,-,hek293t,sequence_rrbs,2333,2333,0,0.0,True,0.14308598674717543,-0.448174939936713,0.11400002887351954,
all_linear_sequence_rrbs_heldout_hela,all,linear,-,hela,sequence_rrbs,8101,4509,3592,0.4434,True,0.07393188480757273,0.07629066877269819,0.1462074172318862,0.10403264964522496
all_linear_sequence_rrbs_heldout_hl60,all,linear,-,hl60,sequence_rrbs,2076,1979,97,0.0467,True,0.08350108228982744,0.010195031294049195,0.08938276857992294,-0.05137072457126046
all_mlp_all_heldout_hct116,all,mlp,-,hct116,all,4239,667,3572,0.8427,True,0.07890242742748577,0.06252419027367484,0.12840994724992505,0.10283207798369154
all_mlp_all_heldout_hek293t,all,mlp,-,hek293t,all,2333,2333,0,0.0,True,0.16766288755562964,-0.48622291437267195,0.11381697739862837,
all_mlp_all_heldout_hela,all,mlp,-,hela,all,8101,4509,3592,0.4434,True,0.06888196593796547,0.06492033956484089,0.14613949391087958,0.1271039728884772
all_mlp_all_heldout_hl60,all,mlp,-,hl60,all,2076,1979,97,0.0467,True,0.10709405917990933,-0.3292227158777796,0.09987721736230419,0.013366187898479098
all_mlp_sequence_ctcf_dnase_h3k4me3_heldout_hct116,all,mlp,-,hct116,sequence_ctcf_dnase_h3k4me3,4239,667,3572,0.8427,True,0.08752141378958278,0.08435004127969736,0.1288031399065967,0.1094143459815835
all_mlp_sequence_ctcf_dnase_h3k4me3_heldout_hek293t,all,mlp,-,hek293t,sequence_ctcf_dnase_h3k4me3,2333,2333,0,0.0,True,0.1674277300154835,-0.5370276473589384,0.11438521581825975,
all_mlp_sequence_ctcf_dnase_h3k4me3_heldout_hela,all,mlp,-,hela,sequence_ctcf_dnase_h3k4me3,8101,4509,3592,0.4434,True,0.07289569504045579,0.0760282042165139,0.14588668046443912,0.12170339233412275
all_mlp_sequence_ctcf_dnase_h3k4me3_heldout_hl60,all,mlp,-,hl60,sequence_ctcf_dnase_h3k4me3,2076,1979,97,0.0467,True,0.12343689883365594,-0.3364234582433452,0.09986862741889843,-0.11931249671102284
all_mlp_sequence_ctcf_dnase_heldout_hct116,all,mlp,-,hct116,sequence_ctcf_dnase,4239,667,3572,0.8427,True,0.08201431328150621,0.1254875453455334,0.12482970636686655,0.1174189523810889
all_mlp_sequence_ctcf_dnase_heldout_hek293t,all,mlp,-,hek293t,sequence_ctcf_dnase,2333,2333,0,0.0,True,0.21868360363263106,-0.848374675308625,0.12682675672953278,
all_mlp_sequence_ctcf_dnase_heldout_hela,all,mlp,-,hela,sequence_ctcf_dnase,8101,4509,3592,0.4434,True,0.07545725508036616,0.07725394964180832,0.14945692971482724,0.11113934690458671
all_mlp_sequence_ctcf_dnase_heldout_hl60,all,mlp,-,hl60,sequence_ctcf_dnase,2076,1979,97,0.0467,True,0.12259714395301935,-0.5062525396697697,0.10555883229429004,-0.260405776788182
all_mlp_sequence_ctcf_dnase_rrbs_heldout_hct116,all,mlp,-,hct116,sequence_ctcf_dnase_rrbs,4239,667,3572,0.8427,True,0.08317680556413187,0.12478880856912344,0.12542237974917542,0.10735784437083107
all_mlp_sequence_ctcf_dnase_rrbs_heldout_hek293t,all,mlp,-,hek293t,sequence_ctcf_dnase_rrbs,2333,2333,0,0.0,True,0.18245855663038235,-0.6367554570688634,0.11733713749592797,
all_mlp_sequence_ctcf_dnase_rrbs_heldout_hela,all,mlp,-,hela,sequence_ctcf_dnase_rrbs,8101,4509,3592,0.4434,True,0.07609131585952,0.07320409486546775,0.14681237035133202,0.10775450892869376
all_mlp_sequence_ctcf_dnase_rrbs_heldout_hl60,all,mlp,-,hl60,sequence_ctcf_dnase_rrbs,2076,1979,97,0.0467,True,0.11398634115906991,-0.37763495572042416,0.10171350597827186,0.04305776177761256
all_mlp_sequence_ctcf_h3k4me3_heldout_hct116,all,mlp,-,hct116,sequence_ctcf_h3k4me3,4239,667,3572,0.8427,True,0.0774970052467151,0.09330127202720617,0.12799997148830586,0.10799776437671782
all_mlp_sequence_ctcf_h3k4me3_heldout_hek293t,all,mlp,-,hek293t,sequence_ctcf_h3k4me3,2333,2333,0,0.0,True,0.19293066490550426,-0.6586639431946557,0.11802945061551652,
all_mlp_sequence_ctcf_h3k4me3_heldout_hela,all,mlp,-,hela,sequence_ctcf_h3k4me3,8101,4509,3592,0.4434,True,0.060720474616992925,0.07600500536191146,0.1489157908348095,0.0947586545167235
all_mlp_sequence_ctcf_h3k4me3_heldout_hl60,all,mlp,-,hl60,sequence_ctcf_h3k4me3,2076,1979,97,0.0467,True,0.10530666149992796,-0.3868887000601018,0.10192249650581102,-0.3073968477721034
all_mlp_sequence_ctcf_h3k4me3_rrbs_heldout_hct116,all,mlp,-,hct116,sequence_ctcf_h3k4me3_rrbs,4239,667,3572,0.8427,True,0.0850431697121915,0.12336580541797271,0.12642697613598203,0.11829641855668149
all_mlp_sequence_ctcf_h3k4me3_rrbs_heldout_hek293t,all,mlp,-,hek293t,sequence_ctcf_h3k4me3_rrbs,2333,2333,0,0.0,True,0.2037384723119432,-0.9003146479475812,0.12725545895070722,
all_mlp_sequence_ctcf_h3k4me3_rrbs_heldout_hela,all,mlp,-,hela,sequence_ctcf_h3k4me3_rrbs,8101,4509,3592,0.4434,True,0.0634247402621857,0.08331438394067192,0.14524653571615792,0.1297283844580629
all_mlp_sequence_ctcf_h3k4me3_rrbs_heldout_hl60,all,mlp,-,hl60,sequence_ctcf_h3k4me3_rrbs,2076,1979,97,0.0467,True,0.1143913392040784,-0.4692054828337553,0.10564707836179889,-0.05874611583793454
all_mlp_sequence_ctcf_heldout_hct116,all,mlp,-,hct116,sequence_ctcf,4239,667,3572,0.8427,True,0.0714112082767796,0.1003243525313452,0.12952740073868066,0.1185716298534335
all_mlp_sequence_ctcf_heldout_hek293t,all,mlp,-,hek293t,sequence_ctcf,2333,2333,0,0.0,True,0.21467750443203604,-0.7744492679033901,0.12359011777625376,
all_mlp_sequence_ctcf_heldout_hela,all,mlp,-,hela,sequence_ctcf,8101,4509,3592,0.4434,True,0.07081315829312052,0.07361546479925385,0.14639761424132977,0.10691440074923098
all_mlp_sequence_ctcf_heldout_hl60,all,mlp,-,hl60,sequence_ctcf,2076,1979,97,0.0467,True,0.1341728814496368,-0.4670836577340436,0.10557894123446185,-0.2656809621999827
all_mlp_sequence_ctcf_rrbs_heldout_hct116,all,mlp,-,hct116,sequence_ctcf_rrbs,4239,667,3572,0.8427,True,0.07561067242634711,0.1161254496474764,0.12708315621094454,0.13153030302023339
all_mlp_sequence_ctcf_rrbs_heldout_hek293t,all,mlp,-,hek293t,sequence_ctcf_rrbs,2333,2333,0,0.0,True,0.23729284580386678,-0.8417735486700195,0.1262970284133669,
all_mlp_sequence_ctcf_rrbs_heldout_hela,all,mlp,-,hela,sequence_ctcf_rrbs,8101,4509,3592,0.4434,True,0.07473142550663758,0.07577532094987882,0.1471735660976172,0.11070879544295797
all_mlp_sequence_ctcf_rrbs_heldout_hl60,all,mlp,-,hl60,sequence_ctcf_rrbs,2076,1979,97,0.0467,True,0.1237411384053132,-0.5278933297402468,0.10658092861445174,-0.13781538803698723
all_mlp_sequence_dnase_h3k4me3_heldout_hct116,all,mlp,-,hct116,sequence_dnase_h3k4me3,4239,667,3572,0.8427,True,0.07613362396388013,0.08652371699829942,0.1286734948616192,0.12306001781637776
all_mlp_sequence_dnase_h3k4me3_heldout_hek293t,all,mlp,-,hek293t,sequence_dnase_h3k4me3,2333,2333,0,0.0,True,0.17324280700459416,-0.611599576149493,0.1165679880432919,
all_mlp_sequence_dnase_h3k4me3_heldout_hela,all,mlp,-,hela,sequence_dnase_h3k4me3,8101,4509,3592,0.4434,True,0.08494614322274341,0.07811418086405864,0.14563471861613572,0.1359945622582306
all_mlp_sequence_dnase_h3k4me3_heldout_hl60,all,mlp,-,hl60,sequence_dnase_h3k4me3,2076,1979,97,0.0467,True,0.1144214960310912,-0.19441158583175988,0.09684155653562405,-0.050148923958474034
all_mlp_sequence_dnase_h3k4me3_rrbs_heldout_hct116,all,mlp,-,hct116,sequence_dnase_h3k4me3_rrbs,4239,667,3572,0.8427,True,0.06930894357352269,0.11771044400998887,0.1272533620130435,0.11834982995739562
all_mlp_sequence_dnase_h3k4me3_rrbs_heldout_hek293t,all,mlp,-,hek293t,sequence_dnase_h3k4me3_rrbs,2333,2333,0,0.0,True,0.19761022557958663,-0.5934964694747251,0.12075814562408915,
all_mlp_sequence_dnase_h3k4me3_rrbs_heldout_hela,all,mlp,-,hela,sequence_dnase_h3k4me3_rrbs,8101,4509,3592,0.4434,True,0.0812265441439628,0.07647413490762212,0.14674738863143844,0.13856540368656634
all_mlp_sequence_dnase_h3k4me3_rrbs_heldout_hl60,all,mlp,-,hl60,sequence_dnase_h3k4me3_rrbs,2076,1979,97,0.0467,True,0.13372346134408175,-0.41404614184510913,0.10397275552501263,-0.5581962325525256
all_mlp_sequence_dnase_heldout_hct116,all,mlp,-,hct116,sequence_dnase,4239,667,3572,0.8427,True,0.07364217435292086,0.16862994088843586,0.12044712044632684,0.16611191830132066
all_mlp_sequence_dnase_heldout_hek293t,all,mlp,-,hek293t,sequence_dnase,2333,2333,0,0.0,True,0.24485708840069453,-0.911967310751608,0.12832037132061722,
all_mlp_sequence_dnase_heldout_hela,all,mlp,-,hela,sequence_dnase,8101,4509,3592,0.4434,True,0.07829599384564656,0.07253276370592732,0.1466694566498461,0.11067098611768689
all_mlp_sequence_dnase_heldout_hl60,all,mlp,-,hl60,sequence_dnase,2076,1979,97,0.0467,True,0.1631688646501318,-0.5906533443241833,0.10950053492319353,-0.5924478776225932
all_mlp_sequence_dnase_rrbs_heldout_hct116,all,mlp,-,hct116,sequence_dnase_rrbs,4239,667,3572,0.8427,True,0.06577716296073488,0.1493720006978223,0.12438067582113944,0.1358168345529639
all_mlp_sequence_dnase_rrbs_heldout_hek293t,all,mlp,-,hek293t,sequence_dnase_rrbs,2333,2333,0,0.0,True,0.2550983271949906,-0.8515407882989936,0.12665988627261038,
all_mlp_sequence_dnase_rrbs_heldout_hela,all,mlp,-,hela,sequence_dnase_rrbs,8101,4509,3592,0.4434,True,0.07699756272847069,0.07465133587434059,0.14719354942873278,0.11064267170098185
all_mlp_sequence_dnase_rrbs_heldout_hl60,all,mlp,-,hl60,sequence_dnase_rrbs,2076,1979,97,0.0467,True,0.16832538912503514,-0.5339212074368336,0.1071232481677615,-0.6659230952669064
all_mlp_sequence_h3k4me3_heldout_hct116,all,mlp,-,hct116,sequence_h3k4me3,4239,667,3572,0.8427,True,0.07402432108635537,0.15915563119621634,0.12386918802503748,0.1508725176247927
all_mlp_sequence_h3k4me3_heldout_hek293t,all,mlp,-,hek293t,sequence_h3k4me3,2333,2333,0,0.0,True,0.2093546262117787,-0.781825255450169,0.125652940558937,
all_mlp_sequence_h3k4me3_heldout_hela,all,mlp,-,hela,sequence_h3k4me3,8101,4509,3592,0.4434,True,0.07252214218498654,0.08067745101522239,0.147238701879387,0.18951663252709727
all_mlp_sequence_h3k4me3_heldout_hl60,all,mlp,-,hl60,sequence_h3k4me3,2076,1979,97,0.0467,True,0.1542680281867972,-0.5407712667207543,0.10815524243911068,-0.6244010306401835
all_mlp_sequence_h3k4me3_rrbs_heldout_hct116,all,mlp,-,hct116,sequence_h3k4me3_rrbs,4239,667,3572,0.8427,True,0.06490194235273872,0.11666776702245829,0.1286460948166417,0.11883849490486453
all_mlp_sequence_h3k4me3_rrbs_heldout_hek293t,all,mlp,-,hek293t,sequence_h3k4me3_rrbs,2333,2333,0,0.0,True,0.17806109569410167,-0.5418789524640457,0.11627824996270894,
all_mlp_sequence_h3k4me3_rrbs_heldout_hela,all,mlp,-,hela,sequence_h3k4me3_rrbs,8101,4509,3592,0.4434,True,0.06518871875697507,0.08348286022174267,0.14850597940322818,0.1529575360161194
all_mlp_sequence_h3k4me3_rrbs_heldout_hl60,all,mlp,-,hl60,sequence_h3k4me3_rrbs,2076,1979,97,0.0467,True,0.13617068838823254,-0.509431059753896,0.1068279429989894,-0.4209907603974208
all_mlp_sequence_heldout_hct116,all,mlp,-,hct116,sequence,4239,667,3572,0.8427,True,0.07040469225001744,0.25998566177334537,0.1136542421269865,0.23957225813706884
all_mlp_sequence_heldout_hek293t,all,mlp,-,hek293t,sequence,2333,2333,0,0.0,True,0.28502184806771713,-0.7800300221500647,0.12301272249335621,
all_mlp_sequence_heldout_hela,all,mlp,-,hela,sequence,8101,4509,3592,0.4434,True,0.07752374515785398,0.07268679306208192,0.14567029328546374,0.1542008104805911
all_mlp_sequence_heldout_hl60,all,mlp,-,hl60,sequence,2076,1979,97,0.0467,True,0.19772339982074727,-0.7458188775911854,0.11594255627438099,-0.6389997120543451
all_mlp_sequence_rrbs_heldout_hct116,all,mlp,-,hct116,sequence_rrbs,4239,667,3572,0.8427,True,0.06880450507975766,0.14334269160134983,0.12653996369220388,0.14589547195000885
all_mlp_sequence_rrbs_heldout_hek293t,all,mlp,-,hek293t,sequence_rrbs,2333,2333,0,0.0,True,0.25881988896391084,-0.9030048633139316,0.12988531483240462,
all_mlp_sequence_rrbs_heldout_hela,all,mlp,-,hela,sequence_rrbs,8101,4509,3592,0.4434,True,0.07432277384570707,0.06934830594016395,0.14601751977248967,0.16329348088050377
all_mlp_sequence_rrbs_heldout_hl60,all,mlp,-,hl60,sequence_rrbs,2076,1979,97,0.0467,True,0.17839001527842024,-0.4071563327150176,0.10261078293582616,-0.5396367202160408
all_transformer_all_heldout_hct116,all,transformer,-,hct116,all,4239,667,3572,0.8427,True,0.09321423993975797,0.1343014810858314,0.12586338504152922,0.10772863148782574
all_transformer_all_heldout_hek293t,all,transformer,-,hek293t,all,2333,2333,0,0.0,True,0.1582712471228349,-0.4908821185438603,0.11381697039991429,
all_transformer_all_heldout_hela,all,transformer,-,hela,all,8101,4509,3592,0.4434,True,0.0841968289645435,0.0822557763641022,0.146668072711057,0.10554470545385664
all_transformer_all_heldout_hl60,all,transformer,-,hl60,all,2076,1979,97,0.0467,True,0.12989036196168924,-0.04018974014802268,0.09044286668418393,-0.05617298686286554
all_transformer_sequence_ctcf_dnase_h3k4me3_heldout_hct116,all,transformer,-,hct116,sequence_ctcf_dnase_h3k4me3,4239,667,3572,0.8427,True,0.09231090267011954,0.14465530667106152,0.12303140036986508,0.14425313961725816
all_transformer_sequence_ctcf_dnase_h3k4me3_heldout_hek293t,all,transformer,-,hek293t,sequence_ctcf_dnase_h3k4me3,2333,2333,0,0.0,True,0.16349808440823177,-0.4166623450607798,0.11321609531890271,
all_transformer_sequence_ctcf_dnase_h3k4me3_heldout_hela,all,transformer,-,hela,sequence_ctcf_dnase_h3k4me3,8101,4509,3592,0.4434,True,0.08323846075125818,0.08346630130479882,0.14665618192152494,0.106362787774127
all_transformer_sequence_ctcf_dnase_h3k4me3_heldout_hl60,all,transformer,-,hl60,sequence_ctcf_dnase_h3k4me3,2076,1979,97,0.0467,True,0.11072437907249233,-0.03592428489779764,0.09056833432440628,-0.09003425665813158
all_transformer_sequence_ctcf_dnase_heldout_hct116,all,transformer,-,hct116,sequence_ctcf_dnase,4239,667,3572,0.8427,True,0.09315738372075844,0.1386353117938095,0.12487269987511244,0.11828240187487227
all_transformer_sequence_ctcf_dnase_heldout_hek293t,all,transformer,-,hek293t,sequence_ctcf_dnase,2333,2333,0,0.0,True,0.1652085406450987,-0.5109785822019688,0.11794099639391341,
all_transformer_sequence_ctcf_dnase_heldout_hela,all,transformer,-,hela,sequence_ctcf_dnase,8101,4509,3592,0.4434,True,0.08211847179733289,0.0797540274436731,0.1470838093710703,0.12015981976527168
all_transformer_sequence_ctcf_dnase_heldout_hl60,all,transformer,-,hl60,sequence_ctcf_dnase,2076,1979,97,0.0467,True,0.11744224737294107,-0.09204739457299294,0.09376258153006568,-0.08002503026671204
all_transformer_sequence_ctcf_dnase_rrbs_heldout_hct116,all,transformer,-,hct116,sequence_ctcf_dnase_rrbs,4239,667,3572,0.8427,True,0.09213954848625128,0.1368439493241821,0.1251482676952024,0.11839016259434143
all_transformer_sequence_ctcf_dnase_rrbs_heldout_hek293t,all,transformer,-,hek293t,sequence_ctcf_dnase_rrbs,2333,2333,0,0.0,True,0.15844688695832232,-0.38248218486892616,0.11298379861251608,
all_transformer_sequence_ctcf_dnase_rrbs_heldout_hela,all,transformer,-,hela,sequence_ctcf_dnase_rrbs,8101,4509,3592,0.4434,True,0.08312330742993346,0.0676515111817334,0.14913002800713152,0.10810979492537742
all_transformer_sequence_ctcf_dnase_rrbs_heldout_hl60,all,transformer,-,hl60,sequence_ctcf_dnase_rrbs,2076,1979,97,0.0467,True,0.12903306766864409,-0.22618350890787298,0.09689815935725113,-0.2543556721244291
all_transformer_sequence_ctcf_h3k4me3_heldout_hct116,all,transformer,-,hct116,sequence_ctcf_h3k4me3,4239,667,3572,0.8427,True,0.09609958745910996,0.17380466518605064,0.12305922329490256,0.14951553761730674
all_transformer_sequence_ctcf_h3k4me3_heldout_hek293t,all,transformer,-,hek293t,sequence_ctcf_h3k4me3,2333,2333,0,0.0,True,0.16074435549870825,-0.506494110668648,0.11630845665366482,
all_transformer_sequence_ctcf_h3k4me3_heldout_hela,all,transformer,-,hela,sequence_ctcf_h3k4me3,8101,4509,3592,0.4434,True,0.08716664818684328,0.08193961490860646,0.1465956859867279,0.11204740069347474
all_transformer_sequence_ctcf_h3k4me3_heldout_hl60,all,transformer,-,hl60,sequence_ctcf_h3k4me3,2076,1979,97,0.0467,True,0.10617354079422359,-0.006489710494943957,0.08969607022637695,-0.033933328213608505
all_transformer_sequence_ctcf_h3k4me3_rrbs_heldout_hct116,all,transformer,-,hct116,sequence_ctcf_h3k4me3_rrbs,4239,667,3572,0.8427,True,0.09719056142605076,0.12150740611206545,0.1269851988346327,0.12935088536511663
all_transformer_sequence_ctcf_h3k4me3_rrbs_heldout_hek293t,all,transformer,-,hek293t,sequence_ctcf_h3k4me3_rrbs,2333,2333,0,0.0,True,0.17893153456524935,-0.38122089548627835,0.11075751496142305,
all_transformer_sequence_ctcf_h3k4me3_rrbs_heldout_hela,all,transformer,-,hela,sequence_ctcf_h3k4me3_rrbs,8101,4509,3592,0.4434,True,0.08271699269918487,0.0864472601829851,0.14683711304816058,0.10361722816239638
all_transformer_sequence_ctcf_h3k4me3_rrbs_heldout_hl60,all,transformer,-,hl60,sequence_ctcf_h3k4me3_rrbs,2076,1979,97,0.0467,True,0.10888322238086778,-0.060057967057641104,0.09216466561293585,-0.02106130247716398
all_transformer_sequence_ctcf_heldout_hct116,all,transformer,-,hct116,sequence_ctcf,4239,667,3572,0.8427,True,0.10603078820199585,0.139797394123658,0.12508268742533735,0.14828227056331922
all_transformer_sequence_ctcf_heldout_hek293t,all,transformer,-,hek293t,sequence_ctcf,2333,2333,0,0.0,True,0.1616669922201186,-0.426266652075703,0.1134848511783112,
all_transformer_sequence_ctcf_heldout_hela,all,transformer,-,hela,sequence_ctcf,8101,4509,3592,0.4434,True,0.08296282641985908,0.08151750518254641,0.14773988913376712,0.09900187330121879
all_transformer_sequence_ctcf_heldout_hl60,all,transformer,-,hl60,sequence_ctcf,2076,1979,97,0.0467,True,0.12791493903230788,-0.14422126592876516,0.09452540223446185,0.038982163215351084
all_transformer_sequence_ctcf_rrbs_heldout_hct116,all,transformer,-,hct116,sequence_ctcf_rrbs,4239,667,3572,0.8427,True,0.09507910299408795,0.14896715822224282,0.12483923214047975,0.13791997532887323
all_transformer_sequence_ctcf_rrbs_heldout_hek293t,all,transformer,-,hek293t,sequence_ctcf_rrbs,2333,2333,0,0.0,True,0.16372008628310752,-0.5664604652674283,0.11667075348264037,
all_transformer_sequence_ctcf_rrbs_heldout_hela,all,transformer,-,hela,sequence_ctcf_rrbs,8101,4509,3592,0.4434,True,0.08416680441991997,0.08242088495969924,0.14757900899626436,0.09970080287145833
all_transformer_sequence_ctcf_rrbs_heldout_hl60,all,transformer,-,hl60,sequence_ctcf_rrbs,2076,1979,97,0.0467,True,0.12879059404245408,-0.06810927231902086,0.09113712300555836,-0.17896805260056148
all_transformer_sequence_dnase_h3k4me3_heldout_hct116,all,transformer,-,hct116,sequence_dnase_h3k4me3,4239,667,3572,0.8427,True,0.08283597135509868,0.16214791902527148,0.12299219764272863,0.14501196593623566
all_transformer_sequence_dnase_h3k4me3_heldout_hek293t,all,transformer,-,hek293t,sequence_dnase_h3k4me3,2333,2333,0,0.0,True,0.17947989463542813,-0.5233936161479988,0.11555162872687527,
all_transformer_sequence_dnase_h3k4me3_heldout_hela,all,transformer,-,hela,sequence_dnase_h3k4me3,8101,4509,3592,0.4434,True,0.07830483095236951,0.07062884619444576,0.14695749538348993,0.09546107111332003
all_transformer_sequence_dnase_h3k4me3_heldout_hl60,all,transformer,-,hl60,sequence_dnase_h3k4me3,2076,1979,97,0.0467,True,0.11556829751678732,-0.08565836837018015,0.09237685398837797,-0.0915655564827369
all_transformer_sequence_dnase_h3k4me3_rrbs_heldout_hct116,all,transformer,-,hct116,sequence_dnase_h3k4me3_rrbs,4239,667,3572,0.8427,True,0.09126579543664504,0.1781048935854168,0.12266022334437782,0.14848334970498211
all_transformer_sequence_dnase_h3k4me3_rrbs_heldout_hek293t,all,transformer,-,hek293t,sequence_dnase_h3k4me3_rrbs,2333,2333,0,0.0,True,0.1486682661985551,-0.47697293543404484,0.11289496166866696,
all_transformer_sequence_dnase_h3k4me3_rrbs_heldout_hela,all,transformer,-,hela,sequence_dnase_h3k4me3_rrbs,8101,4509,3592,0.4434,True,0.07695690855319504,0.07164323334568223,0.1473783127531949,0.09549813737001267
all_transformer_sequence_dnase_h3k4me3_rrbs_heldout_hl60,all,transformer,-,hl60,sequence_dnase_h3k4me3_rrbs,2076,1979,97,0.0467,True,0.11349916010330652,-0.11365884403743798,0.09408855106518443,-0.14115037017771348
all_transformer_sequence_dnase_heldout_hct116,all,transformer,-,hct116,sequence_dnase,4239,667,3572,0.8427,True,0.07869116034532075,0.14954701418215177,0.12565411421694153,0.12937916462685595
all_transformer_sequence_dnase_heldout_hek293t,all,transformer,-,hek293t,sequence_dnase,2333,2333,0,0.0,True,0.16198196390973307,-0.4015394882331813,0.11206353209344191,
all_transformer_sequence_dnase_heldout_hela,all,transformer,-,hela,sequence_dnase,8101,4509,3592,0.4434,True,0.08285142882748475,0.07026906959207979,0.14675044495989265,0.132696107810655
all_transformer_sequence_dnase_heldout_hl60,all,transformer,-,hl60,sequence_dnase,2076,1979,97,0.0467,True,0.1316310260429503,-0.1569701898634166,0.09600865163870641,-0.03416796868831584
all_transformer_sequence_dnase_rrbs_heldout_hct116,all,transformer,-,hct116,sequence_dnase_rrbs,4239,667,3572,0.8427,True,0.08460918397230155,0.14180479292882575,0.12356338611349325,0.14584765066829297
all_transformer_sequence_dnase_rrbs_heldout_hek293t,all,transformer,-,hek293t,sequence_dnase_rrbs,2333,2333,0,0.0,True,0.18863805579007764,-0.5829546017036504,0.11545624761123018,
all_transformer_sequence_dnase_rrbs_heldout_hela,all,transformer,-,hela,sequence_dnase_rrbs,8101,4509,3592,0.4434,True,0.0862369623576631,0.08132454445292558,0.14606473899315947,0.12194909997342462
all_transformer_sequence_dnase_rrbs_heldout_hl60,all,transformer,-,hl60,sequence_dnase_rrbs,2076,1979,97,0.0467,True,0.12162668973639523,-0.2402329920401829,0.09873055414249622,-0.12242805429642512
all_transformer_sequence_h3k4me3_heldout_hct116,all,transformer,-,hct116,sequence_h3k4me3,4239,667,3572,0.8427,True,0.08969891904064309,0.14771080782704082,0.12605915709550225,0.12778163593914027
all_transformer_sequence_h3k4me3_heldout_hek293t,all,transformer,-,hek293t,sequence_h3k4me3,2333,2333,0,0.0,True,0.16611150281241205,-0.4436616058853522,0.11264828336090872,
all_transformer_sequence_h3k4me3_heldout_hela,all,transformer,-,hela,sequence_h3k4me3,8101,4509,3592,0.4434,True,0.08643595251447811,0.08137164489502569,0.1458836764702054,0.11238220583673408
all_transformer_sequence_h3k4me3_heldout_hl60,all,transformer,-,hl60,sequence_h3k4me3,2076,1979,97,0.0467,True,0.12938803454961034,-0.19064935547247264,0.0971488963365336,-0.03788085353971704
all_transformer_sequence_h3k4me3_rrbs_heldout_hct116,all,transformer,-,hct116,sequence_h3k4me3_rrbs,4239,667,3572,0.8427,True,0.09325785685683763,0.14693684202265456,0.12537304040884556,0.13586735465460864
all_transformer_sequence_h3k4me3_rrbs_heldout_hek293t,all,transformer,-,hek293t,sequence_h3k4me3_rrbs,2333,2333,0,0.0,True,0.15975287939011518,-0.4923188560209957,0.11412222961894555,
all_transformer_sequence_h3k4me3_rrbs_heldout_hela,all,transformer,-,hela,sequence_h3k4me3_rrbs,8101,4509,3592,0.4434,True,0.08848041042030563,0.07985594757033254,0.14548777920917189,0.11084553267688302
all_transformer_sequence_h3k4me3_rrbs_heldout_hl60,all,transformer,-,hl60,sequence_h3k4me3_rrbs,2076,1979,97,0.0467,True,0.1287795754667519,-0.2015238016613612,0.09665714461748359,-0.005573533596541225
all_transformer_sequence_heldout_hct116,all,transformer,-,hct116,sequence,4239,667,3572,0.8427,True,0.0877818817786733,0.175521949920723,0.12076413726641679,0.147995116911263
all_transformer_sequence_heldout_hek293t,all,transformer,-,hek293t,sequence,2333,2333,0,0.0,True,0.19855333766198247,-0.5406944871827433,0.11656253449978568,
all_transformer_sequence_heldout_hela,all,transformer,-,hela,sequence,8101,4509,3592,0.4434,True,0.08520062991016508,0.07264967744638962,0.14772756684279353,0.09954509617560803
all_transformer_sequence_heldout_hl60,all,transformer,-,hl60,sequence,2076,1979,97,0.0467,True,0.13657992473647285,-0.15182341051247494,0.0955591736371905,-0.07001529540004459
all_transformer_sequence_rrbs_heldout_hct116,all,transformer,-,hct116,sequence_rrbs,4239,667,3572,0.8427,True,0.08269279326488499,0.1437773428031348,0.12690177076866568,0.14170529332963733
all_transformer_sequence_rrbs_heldout_hek293t,all,transformer,-,hek293t,sequence_rrbs,2333,2333,0,0.0,True,0.18848690864262263,-0.49796695731496565,0.11385770566909559,
all_transformer_sequence_rrbs_heldout_hela,all,transformer,-,hela,sequence_rrbs,8101,4509,3592,0.4434,True,0.08510618785944157,0.07310022807103111,0.14777811478690528,0.10131589880481717
all_transformer_sequence_rrbs_heldout_hl60,all,transformer,-,hl60,sequence_rrbs,2076,1979,97,0.0467,True,0.13005111542127823,-0.14699291820355076,0.09484544367559374,-0.07021779692922414
all_xgboost_all_heldout_hct116,all,xgboost,-,hct116,all,4239,667,3572,0.8427,True,0.10362256612414833,0.215093035632261,0.1189675713983508,0.2096310606266123
all_xgboost_all_heldout_hek293t,all,xgboost,-,hek293t,all,2333,2333,0,0.0,True,0.23485123733940294,-0.48501839874890496,0.1148608946643806,
all_xgboost_all_heldout_hela,all,xgboost,-,hela,all,8101,4509,3592,0.4434,True,0.11755897435537588,0.09968882188017192,0.14423987913265823,0.3008319850127761
all_xgboost_all_heldout_hl60,all,xgboost,-,hl60,all,2076,1979,97,0.0467,True,0.18235360033679937,-0.06494252912641807,0.09096752479838303,0.11623630644986294
all_xgboost_sequence_ctcf_dnase_h3k4me3_heldout_hct116,all,xgboost,-,hct116,sequence_ctcf_dnase_h3k4me3,4239,667,3572,0.8427,True,0.11100273176287312,0.24987316333129173,0.11572178423793103,0.2623757933784695
all_xgboost_sequence_ctcf_dnase_h3k4me3_heldout_hek293t,all,xgboost,-,hek293t,sequence_ctcf_dnase_h3k4me3,2333,2333,0,0.0,True,0.24679827258577747,-0.4892861148455232,0.11452813799442776,
all_xgboost_sequence_ctcf_dnase_h3k4me3_heldout_hela,all,xgboost,-,hela,sequence_ctcf_dnase_h3k4me3,8101,4509,3592,0.4434,True,0.11062351333353126,0.09962401425371348,0.14450207358264713,0.24857908459099387
all_xgboost_sequence_ctcf_dnase_h3k4me3_heldout_hl60,all,xgboost,-,hl60,sequence_ctcf_dnase_h3k4me3,2076,1979,97,0.0467,True,0.18074137147356106,-0.07411954076888372,0.0916213268671046,0.16526562112841192
all_xgboost_sequence_ctcf_dnase_heldout_hct116,all,xgboost,-,hct116,sequence_ctcf_dnase,4239,667,3572,0.8427,True,0.10893612274276121,0.22679875718455167,0.11791380902053974,0.23296255995373816
all_xgboost_sequence_ctcf_dnase_heldout_hek293t,all,xgboost,-,hek293t,sequence_ctcf_dnase,2333,2333,0,0.0,True,0.24218450266138536,-0.5010825068771718,0.11548117900042863,
all_xgboost_sequence_ctcf_dnase_heldout_hela,all,xgboost,-,hela,sequence_ctcf_dnase,8101,4509,3592,0.4434,True,0.1071304235511027,0.09714644416429907,0.14485745647331028,0.2324277520086072
all_xgboost_sequence_ctcf_dnase_heldout_hl60,all,xgboost,-,hl60,sequence_ctcf_dnase,2076,1979,97,0.0467,True,0.18722148322264054,-0.07744834976914605,0.0919031844178878,0.1432453931655342
all_xgboost_sequence_ctcf_dnase_rrbs_heldout_hct116,all,xgboost,-,hct116,sequence_ctcf_dnase_rrbs,4239,667,3572,0.8427,True,0.10216807878043155,0.21431642661421946,0.11921759201304347,0.21197578219586743
all_xgboost_sequence_ctcf_dnase_rrbs_heldout_hek293t,all,xgboost,-,hek293t,sequence_ctcf_dnase_rrbs,2333,2333,0,0.0,True,0.23808575553267364,-0.47342020441509036,0.11430175733604801,
all_xgboost_sequence_ctcf_dnase_rrbs_heldout_hela,all,xgboost,-,hela,sequence_ctcf_dnase_rrbs,8101,4509,3592,0.4434,True,0.10800789297796387,0.09444599314111402,0.14508419639258285,0.23043249980948133
all_xgboost_sequence_ctcf_dnase_rrbs_heldout_hl60,all,xgboost,-,hl60,sequence_ctcf_dnase_rrbs,2076,1979,97,0.0467,True,0.18065396387340305,-0.07075182487380527,0.09154411161899949,0.12692614005366654
all_xgboost_sequence_ctcf_h3k4me3_heldout_hct116,all,xgboost,-,hct116,sequence_ctcf_h3k4me3,4239,667,3572,0.8427,True,0.1068712038962657,0.2162311923367558,0.1188363800490255,0.2152447630359967
all_xgboost_sequence_ctcf_h3k4me3_heldout_hek293t,all,xgboost,-,hek293t,sequence_ctcf_h3k4me3,2333,2333,0,0.0,True,0.24415841042891806,-0.4958622482296833,0.11480025252807544,
all_xgboost_sequence_ctcf_h3k4me3_heldout_hela,all,xgboost,-,hela,sequence_ctcf_h3k4me3,8101,4509,3592,0.4434,True,0.1082080196423505,0.100343619957176,0.1446726844231883,0.2406224643967212
all_xgboost_sequence_ctcf_h3k4me3_heldout_hl60,all,xgboost,-,hl60,sequence_ctcf_h3k4me3,2076,1979,97,0.0467,True,0.18810885001676547,-0.07057511594343002,0.09151367164375948,0.154247115352257
all_xgboost_sequence_ctcf_h3k4me3_rrbs_heldout_hct116,all,xgboost,-,hct116,sequence_ctcf_h3k4me3_rrbs,4239,667,3572,0.8427,True,0.10596351251932823,0.24079948525309725,0.11658544148830584,0.24304457500874133
all_xgboost_sequence_ctcf_h3k4me3_rrbs_heldout_hek293t,all,xgboost,-,hek293t,sequence_ctcf_h3k4me3_rrbs,2333,2333,0,0.0,True,0.23792340897413644,-0.48468320790386077,0.11455938789155592,
all_xgboost_sequence_ctcf_h3k4me3_rrbs_heldout_hela,all,xgboost,-,hela,sequence_ctcf_h3k4me3_rrbs,8101,4509,3592,0.4434,True,0.1094678998952745,0.09732052832260807,0.14476542738393347,0.23444687622644222
all_xgboost_sequence_ctcf_h3k4me3_rrbs_heldout_hl60,all,xgboost,-,hl60,sequence_ctcf_h3k4me3_rrbs,2076,1979,97,0.0467,True,0.18177137011701583,-0.06309728185884977,0.09101836692369884,0.12607938556864273
all_xgboost_sequence_ctcf_heldout_hct116,all,xgboost,-,hct116,sequence_ctcf,4239,667,3572,0.8427,True,0.10914626487868884,0.21312771497654381,0.11891882859475263,0.22078924307108094
all_xgboost_sequence_ctcf_heldout_hek293t,all,xgboost,-,hek293t,sequence_ctcf,2333,2333,0,0.0,True,0.24843052018561707,-0.5005162184556224,0.11544141372524648,
all_xgboost_sequence_ctcf_heldout_hela,all,xgboost,-,hela,sequence_ctcf,8101,4509,3592,0.4434,True,0.10330233247237508,0.09839013653656137,0.14464203782194632,0.2573698264663189
all_xgboost_sequence_ctcf_heldout_hl60,all,xgboost,-,hl60,sequence_ctcf,2076,1979,97,0.0467,True,0.18473912042387497,-0.06926104508559638,0.0917640303628095,0.15470320230311208
all_xgboost_sequence_ctcf_rrbs_heldout_hct116,all,xgboost,-,hct116,sequence_ctcf_rrbs,4239,667,3572,0.8427,True,0.09957958886787743,0.21308708558759992,0.11910646028890554,0.20864200084157525
all_xgboost_sequence_ctcf_rrbs_heldout_hek293t,all,xgboost,-,hek293t,sequence_ctcf_rrbs,2333,2333,0,0.0,True,0.24241648643512048,-0.4809531891999088,0.11461788799871411,
all_xgboost_sequence_ctcf_rrbs_heldout_hela,all,xgboost,-,hela,sequence_ctcf_rrbs,8101,4509,3592,0.4434,True,0.10710918137724812,0.0978080613749529,0.14489672885210825,0.2402983562796771
all_xgboost_sequence_ctcf_rrbs_heldout_hl60,all,xgboost,-,hl60,sequence_ctcf_rrbs,2076,1979,97,0.0467,True,0.18316054245349533,-0.07895290699517488,0.09162898423244063,0.15510659027528784
all_xgboost_sequence_dnase_h3k4me3_heldout_hct116,all,xgboost,-,hct116,sequence_dnase_h3k4me3,4239,667,3572,0.8427,True,0.10291635327827087,0.23048084606485575,0.11808939081364318,0.23152619966192511
all_xgboost_sequence_dnase_h3k4me3_heldout_hek293t,all,xgboost,-,hek293t,sequence_dnase_h3k4me3,2333,2333,0,0.0,True,0.23923188982189492,-0.5216490328520103,0.1160307989018431,
all_xgboost_sequence_dnase_h3k4me3_heldout_hela,all,xgboost,-,hela,sequence_dnase_h3k4me3,8101,4509,3592,0.4434,True,0.10442046455669862,0.09259394970463819,0.14448129461391793,0.2412298065621038
all_xgboost_sequence_dnase_h3k4me3_heldout_hl60,all,xgboost,-,hl60,sequence_dnase_h3k4me3,2076,1979,97,0.0467,True,0.18010178627980133,-0.06295808422550131,0.09172109985497726,0.05010392854710932
all_xgboost_sequence_dnase_h3k4me3_rrbs_heldout_hct116,all,xgboost,-,hct116,sequence_dnase_h3k4me3_rrbs,4239,667,3572,0.8427,True,0.09615357514546896,0.23988731205793,0.11682614753028485,0.2417277445326771
all_xgboost_sequence_dnase_h3k4me3_rrbs_heldout_hek293t,all,xgboost,-,hek293t,sequence_dnase_h3k4me3_rrbs,2333,2333,0,0.0,True,0.23714459792732034,-0.5062085840286685,0.11581906721560223,
all_xgboost_sequence_dnase_h3k4me3_rrbs_heldout_hela,all,xgboost,-,hela,sequence_dnase_h3k4me3_rrbs,8101,4509,3592,0.4434,True,0.10766703319612225,0.092295308141362,0.14446492976361855,0.2474887544060198
all_xgboost_sequence_dnase_h3k4me3_rrbs_heldout_hl60,all,xgboost,-,hl60,sequence_dnase_h3k4me3_rrbs,2076,1979,97,0.0467,True,0.17488833821329497,-0.07410505966335168,0.09247926155330975,-0.0388109082857091
all_xgboost_sequence_dnase_heldout_hct116,all,xgboost,-,hct116,sequence_dnase,4239,667,3572,0.8427,True,0.09565443093384962,0.21319318262749054,0.11965890078365818,0.21146906816889044
all_xgboost_sequence_dnase_heldout_hek293t,all,xgboost,-,hek293t,sequence_dnase,2333,2333,0,0.0,True,0.24687315281301558,-0.513890768224367,0.1160049702464638,
all_xgboost_sequence_dnase_heldout_hela,all,xgboost,-,hela,sequence_dnase,8101,4509,3592,0.4434,True,0.10792840830556338,0.09278153758705443,0.14447430855936041,0.25903817059472267
all_xgboost_sequence_dnase_heldout_hl60,all,xgboost,-,hl60,sequence_dnase,2076,1979,97,0.0467,True,0.1769953573643157,-0.07631191681710559,0.09271819859676605,0.041978458086594395
all_xgboost_sequence_dnase_rrbs_heldout_hct116,all,xgboost,-,hct116,sequence_dnase_rrbs,4239,667,3572,0.8427,True,0.09533092221332495,0.22224883713057997,0.11872507051379311,0.2238421425870717
all_xgboost_sequence_dnase_rrbs_heldout_hek293t,all,xgboost,-,hek293t,sequence_dnase_rrbs,2333,2333,0,0.0,True,0.24115164274561118,-0.48871653765521206,0.11520113675010715,
all_xgboost_sequence_dnase_rrbs_heldout_hela,all,xgboost,-,hela,sequence_dnase_rrbs,8101,4509,3592,0.4434,True,0.10886786904321766,0.09360347981949224,0.14431767374676335,0.27683769967311356
all_xgboost_sequence_dnase_rrbs_heldout_hl60,all,xgboost,-,hl60,sequence_dnase_rrbs,2076,1979,97,0.0467,True,0.177000656105321,-0.08062227171285441,0.09262242481657403,0.04430253045352206
all_xgboost_sequence_h3k4me3_heldout_hct116,all,xgboost,-,hct116,sequence_h3k4me3,4239,667,3572,0.8427,True,0.10160959476982334,0.24558184370875447,0.11646440317646176,0.2539042590937851
all_xgboost_sequence_h3k4me3_heldout_hek293t,all,xgboost,-,hek293t,sequence_h3k4me3,2333,2333,0,0.0,True,0.24592709808418556,-0.5290724729615639,0.11671290055550795,
all_xgboost_sequence_h3k4me3_heldout_hela,all,xgboost,-,hela,sequence_h3k4me3,8101,4509,3592,0.4434,True,0.10692105273681074,0.09521037016759093,0.14440918604771702,0.26363454717955703
all_xgboost_sequence_h3k4me3_heldout_hl60,all,xgboost,-,hl60,sequence_h3k4me3,2076,1979,97,0.0467,True,0.1824336051415143,-0.06879152368607278,0.09199322139767559,0.05406235088746092
all_xgboost_sequence_h3k4me3_rrbs_heldout_hct116,all,xgboost,-,hct116,sequence_h3k4me3_rrbs,4239,667,3572,0.8427,True,0.0989465434823168,0.24039225183555524,0.11690093881964016,0.24078059289293974
all_xgboost_sequence_h3k4me3_rrbs_heldout_hek293t,all,xgboost,-,hek293t,sequence_h3k4me3_rrbs,2333,2333,0,0.0,True,0.23571506276762677,-0.5091435600937795,0.11568960996613802,
all_xgboost_sequence_h3k4me3_rrbs_heldout_hela,all,xgboost,-,hela,sequence_h3k4me3_rrbs,8101,4509,3592,0.4434,True,0.1060324475962231,0.09312909309487194,0.1444572755165571,0.25743091614428626
all_xgboost_sequence_h3k4me3_rrbs_heldout_hl60,all,xgboost,-,hl60,sequence_h3k4me3_rrbs,2076,1979,97,0.0467,True,0.18227980384207543,-0.06995759626865872,0.092053572,-0.024663688179363374
all_xgboost_sequence_heldout_hct116,all,xgboost,-,hct116,sequence,4239,667,3572,0.8427,True,0.1004324768526309,0.25829399512849216,0.11568562268170915,0.26230549993935137
all_xgboost_sequence_heldout_hek293t,all,xgboost,-,hek293t,sequence,2333,2333,0,0.0,True,0.2493628096489,-0.5207403143488423,0.11637995551864552,
all_xgboost_sequence_heldout_hela,all,xgboost,-,hela,sequence,8101,4509,3592,0.4434,True,0.10542435141787487,0.09435767939148687,0.1442714194096598,0.2646453597891144
all_xgboost_sequence_heldout_hl60,all,xgboost,-,hl60,sequence,2076,1979,97,0.0467,True,0.1830772678781507,-0.08506502777484615,0.0931790645214755,0.04444398993672949
all_xgboost_sequence_rrbs_heldout_hct116,all,xgboost,-,hct116,sequence_rrbs,4239,667,3572,0.8427,True,0.09340573247095907,0.21766666415996372,0.11919777628590704,0.21747021637413266
all_xgboost_sequence_rrbs_heldout_hek293t,all,xgboost,-,hek293t,sequence_rrbs,2333,2333,0,0.0,True,0.24207863058739654,-0.4897237114193287,0.11522497887869695,
all_xgboost_sequence_rrbs_heldout_hela,all,xgboost,-,hela,sequence_rrbs,8101,4509,3592,0.4434,True,0.10895164100163457,0.0939232873373953,0.14439030217102594,0.25408574937884854
all_xgboost_sequence_rrbs_heldout_hl60,all,xgboost,-,hl60,sequence_rrbs,2076,1979,97,0.0467,True,0.18246472176589967,-0.08544745604777138,0.09290573286205153,-0.012376949917195734
