run_name,model,split_type,cell_line,seed,kernel,environment,n_train,n_valid,n_test,excluded_heldout_seqs,audit_train_test_seq_overlap,audit_train_test_revcomp_overlap,split_digest,R2,Pearson,MAE,device_resolved,env_stack_id,env_cvd,torch_cuda_build,data_fingerprint,code_fingerprint
all_cnn_all_heldout_hct116_kernel_3,cnn,all,hct116,42,3,all,7003,1240,4239,4266,0,0,a08287ce23c0a882,0.04579192113924502,0.2184670776828303,0.1343345511708734,cuda,625cc71596d7d94d,7,12.4,ecac199fa27ea80d,2661d5bdd1cd9c2a
all_cnn_all_heldout_hct116_kernel_5,cnn,all,hct116,42,5,all,7003,1240,4239,4266,0,0,a08287ce23c0a882,0.05945573304914209,0.24483912684684217,0.13357640495623638,cuda,625cc71596d7d94d,7,12.4,ecac199fa27ea80d,2661d5bdd1cd9c2a
all_cnn_all_heldout_hct116_kernel_7,cnn,all,hct116,42,7,all,7003,1240,4239,4266,0,0,a08287ce23c0a882,0.09179555303369813,0.3056892604675615,0.13003846322074983,cuda,625cc71596d7d94d,7,12.4,ecac199fa27ea80d,2661d5bdd1cd9c2a
all_cnn_all_heldout_hek293t_kernel_3,cnn,all,hek293t,42,3,all,12270,2144,2333,0,0,0,4112243ccd34930a,-0.21797557065643547,-0.10261647979847582,0.10724766267422847,cuda,625cc71596d7d94d,7,12.4,ecac199fa27ea80d,2661d5bdd1cd9c2a
all_cnn_all_heldout_hek293t_kernel_5,cnn,all,hek293t,42,5,all,12270,2144,2333,0,0,0,4112243ccd34930a,-0.4296633974087478,-0.11945733776648891,0.11667457590038512,cuda,625cc71596d7d94d,7,12.4,ecac199fa27ea80d,2661d5bdd1cd9c2a
all_cnn_all_heldout_hek293t_kernel_7,cnn,all,hek293t,42,7,all,12270,2144,2333,0,0,0,4112243ccd34930a,-0.3783082042208923,-0.12146984537471545,0.10865365686529806,cuda,625cc71596d7d94d,7,12.4,ecac199fa27ea80d,2661d5bdd1cd9c2a
all_cnn_all_heldout_hela_kernel_3,cnn,all,hela,42,3,all,3707,655,8101,4285,0,0,63c43a369c73b943,-0.02728210151175947,-0.029107385107147582,0.14576103002588606,cuda,625cc71596d7d94d,7,12.4,ecac199fa27ea80d,2661d5bdd1cd9c2a
all_cnn_all_heldout_hela_kernel_5,cnn,all,hela,42,5,all,3707,655,8101,4285,0,0,63c43a369c73b943,-0.02989808233180047,0.023230386686376434,0.14394062305223715,cuda,625cc71596d7d94d,7,12.4,ecac199fa27ea80d,2661d5bdd1cd9c2a
all_cnn_all_heldout_hela_kernel_7,cnn,all,hela,42,7,all,3707,655,8101,4285,0,0,63c43a369c73b943,-0.013036378449264419,0.03442172328526057,0.1454863299262361,cuda,625cc71596d7d94d,7,12.4,ecac199fa27ea80d,2661d5bdd1cd9c2a
all_cnn_all_heldout_hl60_kernel_3,cnn,all,hl60,42,3,all,12313,2186,2076,173,0,0,75ea831d98c66240,-0.011879594849069752,0.13104109231951191,0.0894333673524446,cuda,625cc71596d7d94d,7,12.4,ecac199fa27ea80d,2661d5bdd1cd9c2a
all_cnn_all_heldout_hl60_kernel_5,cnn,all,hl60,42,5,all,12313,2186,2076,173,0,0,75ea831d98c66240,0.04400624318912938,0.22057774347401513,0.0867598974020337,cuda,625cc71596d7d94d,7,12.4,ecac199fa27ea80d,2661d5bdd1cd9c2a
all_cnn_all_heldout_hl60_kernel_7,cnn,all,hl60,42,7,all,12313,2186,2076,173,0,0,75ea831d98c66240,0.028899077928038586,0.1996967064198297,0.08783779453812796,cuda,625cc71596d7d94d,7,12.4,ecac199fa27ea80d,2661d5bdd1cd9c2a
all_cnn_sequence_ctcf_dnase_h3k4me3_heldout_hct116_kernel_3,cnn,all,hct116,42,3,sequence_ctcf_dnase_h3k4me3,7003,1240,4239,4266,0,0,a08287ce23c0a882,0.04128921243014261,0.2066454726015766,0.13490862976013643,cuda,625cc71596d7d94d,7,12.4,ecac199fa27ea80d,2661d5bdd1cd9c2a
all_cnn_sequence_ctcf_dnase_h3k4me3_heldout_hct116_kernel_5,cnn,all,hct116,42,5,sequence_ctcf_dnase_h3k4me3,7003,1240,4239,4266,0,0,a08287ce23c0a882,0.07517895862511359,0.2761540099452163,0.1319539784034931,cuda,625cc71596d7d94d,7,12.4,ecac199fa27ea80d,2661d5bdd1cd9c2a
all_cnn_sequence_ctcf_dnase_h3k4me3_heldout_hct116_kernel_7,cnn,all,hct116,42,7,sequence_ctcf_dnase_h3k4me3,7003,1240,4239,4266,0,0,a08287ce23c0a882,0.07089006269047937,0.27951414898829374,0.13444140622721495,cuda,625cc71596d7d94d,7,12.4,ecac199fa27ea80d,2661d5bdd1cd9c2a
all_cnn_sequence_ctcf_dnase_h3k4me3_heldout_hek293t_kernel_3,cnn,all,hek293t,42,3,sequence_ctcf_dnase_h3k4me3,12270,2144,2333,0,0,0,4112243ccd34930a,-0.23097418528954372,-0.12802738529313035,0.10653512077497863,cuda,625cc71596d7d94d,7,12.4,ecac199fa27ea80d,2661d5bdd1cd9c2a
all_cnn_sequence_ctcf_dnase_h3k4me3_heldout_hek293t_kernel_5,cnn,all,hek293t,42,5,sequence_ctcf_dnase_h3k4me3,12270,2144,2333,0,0,0,4112243ccd34930a,-0.4173102473211334,-0.12312999627370501,0.11333418679828813,cuda,625cc71596d7d94d,7,12.4,ecac199fa27ea80d,2661d5bdd1cd9c2a
all_cnn_sequence_ctcf_dnase_h3k4me3_heldout_hek293t_kernel_7,cnn,all,hek293t,42,7,sequence_ctcf_dnase_h3k4me3,12270,2144,2333,0,0,0,4112243ccd34930a,-0.3849125221166556,-0.16085629314492325,0.11260985402470998,cuda,625cc71596d7d94d,7,12.4,ecac199fa27ea80d,2661d5bdd1cd9c2a
all_cnn_sequence_ctcf_dnase_h3k4me3_heldout_hela_kernel_3,cnn,all,hela,42,3,sequence_ctcf_dnase_h3k4me3,3707,655,8101,4285,0,0,63c43a369c73b943,-0.03703091985894358,-0.05660759780020861,0.1459777411797683,cuda,625cc71596d7d94d,7,12.4,ecac199fa27ea80d,2661d5bdd1cd9c2a
all_cnn_sequence_ctcf_dnase_h3k4me3_heldout_hela_kernel_5,cnn,all,hela,42,5,sequence_ctcf_dnase_h3k4me3,3707,655,8101,4285,0,0,63c43a369c73b943,-0.02213897560252076,0.01783091489145708,0.14549183724715592,cuda,625cc71596d7d94d,7,12.4,ecac199fa27ea80d,2661d5bdd1cd9c2a
all_cnn_sequence_ctcf_dnase_h3k4me3_heldout_hela_kernel_7,cnn,all,hela,42,7,sequence_ctcf_dnase_h3k4me3,3707,655,8101,4285,0,0,63c43a369c73b943,-0.022733836142480257,0.03912818489651742,0.1448914437162599,cuda,625cc71596d7d94d,7,12.4,ecac199fa27ea80d,2661d5bdd1cd9c2a
all_cnn_sequence_ctcf_dnase_h3k4me3_heldout_hl60_kernel_3,cnn,all,hl60,42,3,sequence_ctcf_dnase_h3k4me3,12313,2186,2076,173,0,0,75ea831d98c66240,-0.0036728120274953646,0.15125996183189608,0.08903044617693577,cuda,625cc71596d7d94d,7,12.4,ecac199fa27ea80d,2661d5bdd1cd9c2a
all_cnn_sequence_ctcf_dnase_h3k4me3_heldout_hl60_kernel_5,cnn,all,hl60,42,5,sequence_ctcf_dnase_h3k4me3,12313,2186,2076,173,0,0,75ea831d98c66240,0.0031309262294436646,0.2020358046383728,0.08777138143365122,cuda,625cc71596d7d94d,7,12.4,ecac199fa27ea80d,2661d5bdd1cd9c2a
all_cnn_sequence_ctcf_dnase_h3k4me3_heldout_hl60_kernel_7,cnn,all,hl60,42,7,sequence_ctcf_dnase_h3k4me3,12313,2186,2076,173,0,0,75ea831d98c66240,0.051995188365818956,0.2580514213871214,0.08549521322701277,cuda,625cc71596d7d94d,7,12.4,ecac199fa27ea80d,2661d5bdd1cd9c2a
all_cnn_sequence_ctcf_dnase_heldout_hct116_kernel_3,cnn,all,hct116,42,3,sequence_ctcf_dnase,7003,1240,4239,4266,0,0,a08287ce23c0a882,0.03553936836412097,0.20601944999718727,0.13406220928101753,cuda,625cc71596d7d94d,7,12.4,ecac199fa27ea80d,2661d5bdd1cd9c2a
all_cnn_sequence_ctcf_dnase_heldout_hct116_kernel_5,cnn,all,hct116,42,5,sequence_ctcf_dnase,7003,1240,4239,4266,0,0,a08287ce23c0a882,0.06644581601992228,0.26325419939212324,0.13424889575295526,cuda,625cc71596d7d94d,7,12.4,ecac199fa27ea80d,2661d5bdd1cd9c2a
all_cnn_sequence_ctcf_dnase_heldout_hct116_kernel_7,cnn,all,hct116,42,7,sequence_ctcf_dnase,7003,1240,4239,4266,0,0,a08287ce23c0a882,0.07655758459081263,0.2842216217666984,0.13436033045744383,cuda,625cc71596d7d94d,7,12.4,ecac199fa27ea80d,2661d5bdd1cd9c2a
all_cnn_sequence_ctcf_dnase_heldout_hek293t_kernel_3,cnn,all,hek293t,42,3,sequence_ctcf_dnase,12270,2144,2333,0,0,0,4112243ccd34930a,-0.262964602856248,-0.10928069583193244,0.10794252607343895,cuda,625cc71596d7d94d,7,12.4,ecac199fa27ea80d,2661d5bdd1cd9c2a
all_cnn_sequence_ctcf_dnase_heldout_hek293t_kernel_5,cnn,all,hek293t,42,5,sequence_ctcf_dnase,12270,2144,2333,0,0,0,4112243ccd34930a,-0.3209298330146375,-0.1410943983297842,0.11129451997376949,cuda,625cc71596d7d94d,7,12.4,ecac199fa27ea80d,2661d5bdd1cd9c2a
all_cnn_sequence_ctcf_dnase_heldout_hek293t_kernel_7,cnn,all,hek293t,42,7,sequence_ctcf_dnase,12270,2144,2333,0,0,0,4112243ccd34930a,-0.3188588845293028,-0.11193962080729335,0.10993628928647806,cuda,625cc71596d7d94d,7,12.4,ecac199fa27ea80d,2661d5bdd1cd9c2a
all_cnn_sequence_ctcf_dnase_heldout_hela_kernel_3,cnn,all,hela,42,3,sequence_ctcf_dnase,3707,655,8101,4285,0,0,63c43a369c73b943,-0.035326498724135735,-0.03071655266929474,0.1455135783411636,cuda,625cc71596d7d94d,7,12.4,ecac199fa27ea80d,2661d5bdd1cd9c2a
all_cnn_sequence_ctcf_dnase_heldout_hela_kernel_5,cnn,all,hela,42,5,sequence_ctcf_dnase,3707,655,8101,4285,0,0,63c43a369c73b943,-0.022949375511220893,0.012031703499552444,0.1449289304539829,cuda,625cc71596d7d94d,7,12.4,ecac199fa27ea80d,2661d5bdd1cd9c2a
all_cnn_sequence_ctcf_dnase_heldout_hela_kernel_7,cnn,all,hela,42,7,sequence_ctcf_dnase,3707,655,8101,4285,0,0,63c43a369c73b943,-0.03179474349609035,0.014287576043447667,0.14345748047714785,cuda,625cc71596d7d94d,7,12.4,ecac199fa27ea80d,2661d5bdd1cd9c2a
all_cnn_sequence_ctcf_dnase_heldout_hl60_kernel_3,cnn,all,hl60,42,3,sequence_ctcf_dnase,12313,2186,2076,173,0,0,75ea831d98c66240,-0.03816350123540424,0.10272439868364364,0.09086127800019979,cuda,625cc71596d7d94d,7,12.4,ecac199fa27ea80d,2661d5bdd1cd9c2a
all_cnn_sequence_ctcf_dnase_heldout_hl60_kernel_5,cnn,all,hl60,42,5,sequence_ctcf_dnase,12313,2186,2076,173,0,0,75ea831d98c66240,0.009642954815461957,0.20776220299800763,0.08887095757004641,cuda,625cc71596d7d94d,7,12.4,ecac199fa27ea80d,2661d5bdd1cd9c2a
all_cnn_sequence_ctcf_dnase_heldout_hl60_kernel_7,cnn,all,hl60,42,7,sequence_ctcf_dnase,12313,2186,2076,173,0,0,75ea831d98c66240,0.0029957567612477476,0.18457896636068166,0.08792124003591824,cuda,625cc71596d7d94d,7,12.4,ecac199fa27ea80d,2661d5bdd1cd9c2a
all_cnn_sequence_ctcf_dnase_rrbs_heldout_hct116_kernel_3,cnn,all,hct116,42,3,sequence_ctcf_dnase_rrbs,7003,1240,4239,4266,0,0,a08287ce23c0a882,0.04683599759147805,0.2168704390975881,0.13538734243283324,cuda,625cc71596d7d94d,7,12.4,ecac199fa27ea80d,2661d5bdd1cd9c2a
all_cnn_sequence_ctcf_dnase_rrbs_heldout_hct116_kernel_5,cnn,all,hct116,42,5,sequence_ctcf_dnase_rrbs,7003,1240,4239,4266,0,0,a08287ce23c0a882,0.08535386976506432,0.29702791395812844,0.13284854868594415,cuda,625cc71596d7d94d,7,12.4,ecac199fa27ea80d,2661d5bdd1cd9c2a
all_cnn_sequence_ctcf_dnase_rrbs_heldout_hct116_kernel_7,cnn,all,hct116,42,7,sequence_ctcf_dnase_rrbs,7003,1240,4239,4266,0,0,a08287ce23c0a882,0.08064752390660812,0.31444957871375817,0.12954790287347354,cuda,625cc71596d7d94d,7,12.4,ecac199fa27ea80d,2661d5bdd1cd9c2a
all_cnn_sequence_ctcf_dnase_rrbs_heldout_hek293t_kernel_3,cnn,all,hek293t,42,3,sequence_ctcf_dnase_rrbs,12270,2144,2333,0,0,0,4112243ccd34930a,-0.28704779982098416,-0.14023946286704442,0.1109363285627454,cuda,625cc71596d7d94d,7,12.4,ecac199fa27ea80d,2661d5bdd1cd9c2a
all_cnn_sequence_ctcf_dnase_rrbs_heldout_hek293t_kernel_5,cnn,all,hek293t,42,5,sequence_ctcf_dnase_rrbs,12270,2144,2333,0,0,0,4112243ccd34930a,-0.4959393492852109,-0.12237732801992779,0.11469371658835706,cuda,625cc71596d7d94d,7,12.4,ecac199fa27ea80d,2661d5bdd1cd9c2a
all_cnn_sequence_ctcf_dnase_rrbs_heldout_hek293t_kernel_7,cnn,all,hek293t,42,7,sequence_ctcf_dnase_rrbs,12270,2144,2333,0,0,0,4112243ccd34930a,-0.5279979127271694,-0.19947352480368796,0.11899626678980782,cuda,625cc71596d7d94d,7,12.4,ecac199fa27ea80d,2661d5bdd1cd9c2a
all_cnn_sequence_ctcf_dnase_rrbs_heldout_hela_kernel_3,cnn,all,hela,42,3,sequence_ctcf_dnase_rrbs,3707,655,8101,4285,0,0,63c43a369c73b943,-0.03356827481867408,-0.04535301195178234,0.14696240860730725,cuda,625cc71596d7d94d,7,12.4,ecac199fa27ea80d,2661d5bdd1cd9c2a
all_cnn_sequence_ctcf_dnase_rrbs_heldout_hela_kernel_5,cnn,all,hela,42,5,sequence_ctcf_dnase_rrbs,3707,655,8101,4285,0,0,63c43a369c73b943,-0.02793841142704956,0.0100642634103641,0.14695378645441157,cuda,625cc71596d7d94d,7,12.4,ecac199fa27ea80d,2661d5bdd1cd9c2a
all_cnn_sequence_ctcf_dnase_rrbs_heldout_hela_kernel_7,cnn,all,hela,42,7,sequence_ctcf_dnase_rrbs,3707,655,8101,4285,0,0,63c43a369c73b943,-0.017052268196153797,0.044007717404537905,0.14492898300260318,cuda,625cc71596d7d94d,7,12.4,ecac199fa27ea80d,2661d5bdd1cd9c2a
all_cnn_sequence_ctcf_dnase_rrbs_heldout_hl60_kernel_3,cnn,all,hl60,42,3,sequence_ctcf_dnase_rrbs,12313,2186,2076,173,0,0,75ea831d98c66240,-0.02079145444302455,0.11773140282933128,0.09012780967751709,cuda,625cc71596d7d94d,7,12.4,ecac199fa27ea80d,2661d5bdd1cd9c2a
all_cnn_sequence_ctcf_dnase_rrbs_heldout_hl60_kernel_5,cnn,all,hl60,42,5,sequence_ctcf_dnase_rrbs,12313,2186,2076,173,0,0,75ea831d98c66240,0.040805475061062135,0.24169139460948197,0.08570157595585336,cuda,625cc71596d7d94d,7,12.4,ecac199fa27ea80d,2661d5bdd1cd9c2a
all_cnn_sequence_ctcf_dnase_rrbs_heldout_hl60_kernel_7,cnn,all,hl60,42,7,sequence_ctcf_dnase_rrbs,12313,2186,2076,173,0,0,75ea831d98c66240,0.06842049019377405,0.28336027563268545,0.0846348254123132,cuda,625cc71596d7d94d,7,12.4,ecac199fa27ea80d,2661d5bdd1cd9c2a
all_cnn_sequence_ctcf_h3k4me3_heldout_hct116_kernel_3,cnn,all,hct116,42,3,sequence_ctcf_h3k4me3,7003,1240,4239,4266,0,0,a08287ce23c0a882,0.036599156327575044,0.20329292818170527,0.13360885035934805,cuda,625cc71596d7d94d,7,12.4,ecac199fa27ea80d,2661d5bdd1cd9c2a
all_cnn_sequence_ctcf_h3k4me3_heldout_hct116_kernel_5,cnn,all,hct116,42,5,sequence_ctcf_h3k4me3,7003,1240,4239,4266,0,0,a08287ce23c0a882,0.06482071074755391,0.2690320957236647,0.13566344138033687,cuda,625cc71596d7d94d,7,12.4,ecac199fa27ea80d,2661d5bdd1cd9c2a
all_cnn_sequence_ctcf_h3k4me3_heldout_hct116_kernel_7,cnn,all,hct116,42,7,sequence_ctcf_h3k4me3,7003,1240,4239,4266,0,0,a08287ce23c0a882,0.08593306709906157,0.30253739194031026,0.13367609078938622,cuda,625cc71596d7d94d,7,12.4,ecac199fa27ea80d,2661d5bdd1cd9c2a
all_cnn_sequence_ctcf_h3k4me3_heldout_hek293t_kernel_3,cnn,all,hek293t,42,3,sequence_ctcf_h3k4me3,12270,2144,2333,0,0,0,4112243ccd34930a,-0.2987209112122722,-0.12921924811323046,0.11030234136980743,cuda,625cc71596d7d94d,7,12.4,ecac199fa27ea80d,2661d5bdd1cd9c2a
all_cnn_sequence_ctcf_h3k4me3_heldout_hek293t_kernel_5,cnn,all,hek293t,42,5,sequence_ctcf_h3k4me3,12270,2144,2333,0,0,0,4112243ccd34930a,-0.32046055906521986,-0.14660930022007798,0.10939431672558936,cuda,625cc71596d7d94d,7,12.4,ecac199fa27ea80d,2661d5bdd1cd9c2a
all_cnn_sequence_ctcf_h3k4me3_heldout_hek293t_kernel_7,cnn,all,hek293t,42,7,sequence_ctcf_h3k4me3,12270,2144,2333,0,0,0,4112243ccd34930a,-0.4588366955547998,-0.15613290105323774,0.1163120140164669,cuda,625cc71596d7d94d,7,12.4,ecac199fa27ea80d,2661d5bdd1cd9c2a
all_cnn_sequence_ctcf_h3k4me3_heldout_hela_kernel_3,cnn,all,hela,42,3,sequence_ctcf_h3k4me3,3707,655,8101,4285,0,0,63c43a369c73b943,-0.029646361038806024,-0.014098213732372892,0.1448597119574547,cuda,625cc71596d7d94d,7,12.4,ecac199fa27ea80d,2661d5bdd1cd9c2a
all_cnn_sequence_ctcf_h3k4me3_heldout_hela_kernel_5,cnn,all,hela,42,5,sequence_ctcf_h3k4me3,3707,655,8101,4285,0,0,63c43a369c73b943,-0.021191043096395523,0.003699488065261084,0.14551467065826765,cuda,625cc71596d7d94d,7,12.4,ecac199fa27ea80d,2661d5bdd1cd9c2a
all_cnn_sequence_ctcf_h3k4me3_heldout_hela_kernel_7,cnn,all,hela,42,7,sequence_ctcf_h3k4me3,3707,655,8101,4285,0,0,63c43a369c73b943,-0.03111355816398187,0.026320712928303923,0.14328866350028335,cuda,625cc71596d7d94d,7,12.4,ecac199fa27ea80d,2661d5bdd1cd9c2a
all_cnn_sequence_ctcf_h3k4me3_heldout_hl60_kernel_3,cnn,all,hl60,42,3,sequence_ctcf_h3k4me3,12313,2186,2076,173,0,0,75ea831d98c66240,-0.030278505279141,0.11030416036512206,0.0901571391105494,cuda,625cc71596d7d94d,7,12.4,ecac199fa27ea80d,2661d5bdd1cd9c2a
all_cnn_sequence_ctcf_h3k4me3_heldout_hl60_kernel_5,cnn,all,hl60,42,5,sequence_ctcf_h3k4me3,12313,2186,2076,173,0,0,75ea831d98c66240,0.04395827969978372,0.2310577121228089,0.08659866456254628,cuda,625cc71596d7d94d,7,12.4,ecac199fa27ea80d,2661d5bdd1cd9c2a
all_cnn_sequence_ctcf_h3k4me3_heldout_hl60_kernel_7,cnn,all,hl60,42,7,sequence_ctcf_h3k4me3,12313,2186,2076,173,0,0,75ea831d98c66240,0.03629476288017608,0.24098145297177795,0.08701743974811568,cuda,625cc71596d7d94d,7,12.4,ecac199fa27ea80d,2661d5bdd1cd9c2a
all_cnn_sequence_ctcf_h3k4me3_rrbs_heldout_hct116_kernel_3,cnn,all,hct116,42,3,sequence_ctcf_h3k4me3_rrbs,7003,1240,4239,4266,0,0,a08287ce23c0a882,0.04241324859705031,0.20765861808146743,0.13502660438355196,cuda,625cc71596d7d94d,7,12.4,ecac199fa27ea80d,2661d5bdd1cd9c2a
all_cnn_sequence_ctcf_h3k4me3_rrbs_heldout_hct116_kernel_5,cnn,all,hct116,42,5,sequence_ctcf_h3k4me3_rrbs,7003,1240,4239,4266,0,0,a08287ce23c0a882,0.06976820618608204,0.26941046935045887,0.1314422272445959,cuda,625cc71596d7d94d,7,12.4,ecac199fa27ea80d,2661d5bdd1cd9c2a
all_cnn_sequence_ctcf_h3k4me3_rrbs_heldout_hct116_kernel_7,cnn,all,hct116,42,7,sequence_ctcf_h3k4me3_rrbs,7003,1240,4239,4266,0,0,a08287ce23c0a882,0.08059107460680603,0.2873370951889756,0.13166183216735983,cuda,625cc71596d7d94d,7,12.4,ecac199fa27ea80d,2661d5bdd1cd9c2a
all_cnn_sequence_ctcf_h3k4me3_rrbs_heldout_hek293t_kernel_3,cnn,all,hek293t,42,3,sequence_ctcf_h3k4me3_rrbs,12270,2144,2333,0,0,0,4112243ccd34930a,-0.24306289543341553,-0.13090429380878368,0.10744325624857907,cuda,625cc71596d7d94d,7,12.4,ecac199fa27ea80d,2661d5bdd1cd9c2a
all_cnn_sequence_ctcf_h3k4me3_rrbs_heldout_hek293t_kernel_5,cnn,all,hek293t,42,5,sequence_ctcf_h3k4me3_rrbs,12270,2144,2333,0,0,0,4112243ccd34930a,-0.3982013275983285,-0.12977026004534045,0.11286409768809641,cuda,625cc71596d7d94d,7,12.4,ecac199fa27ea80d,2661d5bdd1cd9c2a
all_cnn_sequence_ctcf_h3k4me3_rrbs_heldout_hek293t_kernel_7,cnn,all,hek293t,42,7,sequence_ctcf_h3k4me3_rrbs,12270,2144,2333,0,0,0,4112243ccd34930a,-0.3921994416279133,-0.15433227098054617,0.11347342997412542,cuda,625cc71596d7d94d,7,12.4,ecac199fa27ea80d,2661d5bdd1cd9c2a
all_cnn_sequence_ctcf_h3k4me3_rrbs_heldout_hela_kernel_3,cnn,all,hela,42,3,sequence_ctcf_h3k4me3_rrbs,3707,655,8101,4285,0,0,63c43a369c73b943,-0.03052550043630764,-0.026098538744394467,0.1452900307953557,cuda,625cc71596d7d94d,7,12.4,ecac199fa27ea80d,2661d5bdd1cd9c2a
all_cnn_sequence_ctcf_h3k4me3_rrbs_heldout_hela_kernel_5,cnn,all,hela,42,5,sequence_ctcf_h3k4me3_rrbs,3707,655,8101,4285,0,0,63c43a369c73b943,-0.056731766563822505,-0.0013069946460205531,0.14537655133530625,cuda,625cc71596d7d94d,7,12.4,ecac199fa27ea80d,2661d5bdd1cd9c2a
all_cnn_sequence_ctcf_h3k4me3_rrbs_heldout_hela_kernel_7,cnn,all,hela,42,7,sequence_ctcf_h3k4me3_rrbs,3707,655,8101,4285,0,0,63c43a369c73b943,0.002394393954284424,0.08579843572368834,0.14508221244514768,cuda,625cc71596d7d94d,7,12.4,ecac199fa27ea80d,2661d5bdd1cd9c2a
all_cnn_sequence_ctcf_h3k4me3_rrbs_heldout_hl60_kernel_3,cnn,all,hl60,42,3,sequence_ctcf_h3k4me3_rrbs,12313,2186,2076,173,0,0,75ea831d98c66240,0.004530061042747224,0.14983106623199227,0.08839175506783847,cuda,625cc71596d7d94d,7,12.4,ecac199fa27ea80d,2661d5bdd1cd9c2a
all_cnn_sequence_ctcf_h3k4me3_rrbs_heldout_hl60_kernel_5,cnn,all,hl60,42,5,sequence_ctcf_h3k4me3_rrbs,12313,2186,2076,173,0,0,75ea831d98c66240,-0.0055625443855027434,0.19086662598668838,0.08841233360733629,cuda,625cc71596d7d94d,7,12.4,ecac199fa27ea80d,2661d5bdd1cd9c2a
all_cnn_sequence_ctcf_h3k4me3_rrbs_heldout_hl60_kernel_7,cnn,all,hl60,42,7,sequence_ctcf_h3k4me3_rrbs,12313,2186,2076,173,0,0,75ea831d98c66240,0.07818732427460273,0.2892808357023492,0.08448456350250999,cuda,625cc71596d7d94d,7,12.4,ecac199fa27ea80d,2661d5bdd1cd9c2a
all_cnn_sequence_ctcf_heldout_hct116_kernel_3,cnn,all,hct116,42,3,sequence_ctcf,7003,1240,4239,4266,0,0,a08287ce23c0a882,0.04626197342894245,0.21658682823205505,0.1344070145791863,cuda,625cc71596d7d94d,7,12.4,ecac199fa27ea80d,2661d5bdd1cd9c2a
all_cnn_sequence_ctcf_heldout_hct116_kernel_5,cnn,all,hct116,42,5,sequence_ctcf,7003,1240,4239,4266,0,0,a08287ce23c0a882,0.06258266564477155,0.27020581927502557,0.13234600730590196,cuda,625cc71596d7d94d,7,12.4,ecac199fa27ea80d,2661d5bdd1cd9c2a
all_cnn_sequence_ctcf_heldout_hct116_kernel_7,cnn,all,hct116,42,7,sequence_ctcf,7003,1240,4239,4266,0,0,a08287ce23c0a882,0.08027502385549268,0.28780481869176355,0.13061794395726253,cuda,625cc71596d7d94d,7,12.4,ecac199fa27ea80d,2661d5bdd1cd9c2a
all_cnn_sequence_ctcf_heldout_hek293t_kernel_3,cnn,all,hek293t,42,3,sequence_ctcf,12270,2144,2333,0,0,0,4112243ccd34930a,-0.23953364603004057,-0.14835436646504752,0.107602598376339,cuda,625cc71596d7d94d,7,12.4,ecac199fa27ea80d,2661d5bdd1cd9c2a
all_cnn_sequence_ctcf_heldout_hek293t_kernel_5,cnn,all,hek293t,42,5,sequence_ctcf,12270,2144,2333,0,0,0,4112243ccd34930a,-0.33564804349857913,-0.11735244008710517,0.11052756572754609,cuda,625cc71596d7d94d,7,12.4,ecac199fa27ea80d,2661d5bdd1cd9c2a
all_cnn_sequence_ctcf_heldout_hek293t_kernel_7,cnn,all,hek293t,42,7,sequence_ctcf,12270,2144,2333,0,0,0,4112243ccd34930a,-0.4041041201358444,-0.15658025112181917,0.113549591648479,cuda,625cc71596d7d94d,7,12.4,ecac199fa27ea80d,2661d5bdd1cd9c2a
all_cnn_sequence_ctcf_heldout_hela_kernel_3,cnn,all,hela,42,3,sequence_ctcf,3707,655,8101,4285,0,0,63c43a369c73b943,-0.025769420035675283,-0.04740281505877696,0.14612938931866534,cuda,625cc71596d7d94d,7,12.4,ecac199fa27ea80d,2661d5bdd1cd9c2a
all_cnn_sequence_ctcf_heldout_hela_kernel_5,cnn,all,hela,42,5,sequence_ctcf,3707,655,8101,4285,0,0,63c43a369c73b943,-0.015415988829256433,0.0186413606538387,0.14780427406290678,cuda,625cc71596d7d94d,7,12.4,ecac199fa27ea80d,2661d5bdd1cd9c2a
all_cnn_sequence_ctcf_heldout_hela_kernel_7,cnn,all,hela,42,7,sequence_ctcf,3707,655,8101,4285,0,0,63c43a369c73b943,-0.009184823163153721,0.039209656704876326,0.14533524225199912,cuda,625cc71596d7d94d,7,12.4,ecac199fa27ea80d,2661d5bdd1cd9c2a
all_cnn_sequence_ctcf_heldout_hl60_kernel_3,cnn,all,hl60,42,3,sequence_ctcf,12313,2186,2076,173,0,0,75ea831d98c66240,-0.020109600643444026,0.1027137044270423,0.09024798523128635,cuda,625cc71596d7d94d,7,12.4,ecac199fa27ea80d,2661d5bdd1cd9c2a
all_cnn_sequence_ctcf_heldout_hl60_kernel_5,cnn,all,hl60,42,5,sequence_ctcf,12313,2186,2076,173,0,0,75ea831d98c66240,0.03200089490020441,0.23671171268063676,0.08658967684390946,cuda,625cc71596d7d94d,7,12.4,ecac199fa27ea80d,2661d5bdd1cd9c2a
all_cnn_sequence_ctcf_heldout_hl60_kernel_7,cnn,all,hl60,42,7,sequence_ctcf,12313,2186,2076,173,0,0,75ea831d98c66240,-0.02473012193715829,0.19746836340932108,0.09043444878007205,cuda,625cc71596d7d94d,7,12.4,ecac199fa27ea80d,2661d5bdd1cd9c2a
all_cnn_sequence_ctcf_rrbs_heldout_hct116_kernel_3,cnn,all,hct116,42,3,sequence_ctcf_rrbs,7003,1240,4239,4266,0,0,a08287ce23c0a882,0.0425483658645327,0.2125285204731797,0.13399997968016716,cuda,625cc71596d7d94d,7,12.4,ecac199fa27ea80d,2661d5bdd1cd9c2a
all_cnn_sequence_ctcf_rrbs_heldout_hct116_kernel_5,cnn,all,hct116,42,5,sequence_ctcf_rrbs,7003,1240,4239,4266,0,0,a08287ce23c0a882,0.06425569134328168,0.2682809714531238,0.13309999027882072,cuda,625cc71596d7d94d,7,12.4,ecac199fa27ea80d,2661d5bdd1cd9c2a
all_cnn_sequence_ctcf_rrbs_heldout_hct116_kernel_7,cnn,all,hct116,42,7,sequence_ctcf_rrbs,7003,1240,4239,4266,0,0,a08287ce23c0a882,0.07139447427291279,0.2792796032608862,0.13555277011165529,cuda,625cc71596d7d94d,7,12.4,ecac199fa27ea80d,2661d5bdd1cd9c2a
all_cnn_sequence_ctcf_rrbs_heldout_hek293t_kernel_3,cnn,all,hek293t,42,3,sequence_ctcf_rrbs,12270,2144,2333,0,0,0,4112243ccd34930a,-0.2687464278963787,-0.1195376354504763,0.10834154148617631,cuda,625cc71596d7d94d,7,12.4,ecac199fa27ea80d,2661d5bdd1cd9c2a
all_cnn_sequence_ctcf_rrbs_heldout_hek293t_kernel_5,cnn,all,hek293t,42,5,sequence_ctcf_rrbs,12270,2144,2333,0,0,0,4112243ccd34930a,-0.3981426361952374,-0.14215963932944845,0.1127650236868189,cuda,625cc71596d7d94d,7,12.4,ecac199fa27ea80d,2661d5bdd1cd9c2a
all_cnn_sequence_ctcf_rrbs_heldout_hek293t_kernel_7,cnn,all,hek293t,42,7,sequence_ctcf_rrbs,12270,2144,2333,0,0,0,4112243ccd34930a,-0.45292026100131055,-0.16090080186393513,0.11512842873870636,cuda,625cc71596d7d94d,7,12.4,ecac199fa27ea80d,2661d5bdd1cd9c2a
all_cnn_sequence_ctcf_rrbs_heldout_hela_kernel_3,cnn,all,hela,42,3,sequence_ctcf_rrbs,3707,655,8101,4285,0,0,63c43a369c73b943,-0.02033949220644171,-0.018062987530188153,0.14502153571875454,cuda,625cc71596d7d94d,7,12.4,ecac199fa27ea80d,2661d5bdd1cd9c2a
all_cnn_sequence_ctcf_rrbs_heldout_hela_kernel_5,cnn,all,hela,42,5,sequence_ctcf_rrbs,3707,655,8101,4285,0,0,63c43a369c73b943,-0.022544608323102233,-0.004758029266847356,0.14529746351332132,cuda,625cc71596d7d94d,7,12.4,ecac199fa27ea80d,2661d5bdd1cd9c2a
all_cnn_sequence_ctcf_rrbs_heldout_hela_kernel_7,cnn,all,hela,42,7,sequence_ctcf_rrbs,3707,655,8101,4285,0,0,63c43a369c73b943,-0.03637721297100782,0.038712243453006764,0.14803320884294038,cuda,625cc71596d7d94d,7,12.4,ecac199fa27ea80d,2661d5bdd1cd9c2a
all_cnn_sequence_ctcf_rrbs_heldout_hl60_kernel_3,cnn,all,hl60,42,3,sequence_ctcf_rrbs,12313,2186,2076,173,0,0,75ea831d98c66240,-0.05524741085489815,0.09020147950725857,0.09162342194234503,cuda,625cc71596d7d94d,7,12.4,ecac199fa27ea80d,2661d5bdd1cd9c2a
all_cnn_sequence_ctcf_rrbs_heldout_hl60_kernel_5,cnn,all,hl60,42,5,sequence_ctcf_rrbs,12313,2186,2076,173,0,0,75ea831d98c66240,-0.04129781518122022,0.18487754207213927,0.09023349883343472,cuda,625cc71596d7d94d,7,12.4,ecac199fa27ea80d,2661d5bdd1cd9c2a
all_cnn_sequence_ctcf_rrbs_heldout_hl60_kernel_7,cnn,all,hl60,42,7,sequence_ctcf_rrbs,12313,2186,2076,173,0,0,75ea831d98c66240,0.03635082254211208,0.22101217819691188,0.08654306655720967,cuda,625cc71596d7d94d,7,12.4,ecac199fa27ea80d,2661d5bdd1cd9c2a
all_cnn_sequence_dnase_h3k4me3_heldout_hct116_kernel_3,cnn,all,hct116,42,3,sequence_dnase_h3k4me3,7003,1240,4239,4266,0,0,a08287ce23c0a882,0.03701895782469167,0.19489815959433693,0.1351609782041477,cuda,625cc71596d7d94d,7,12.4,ecac199fa27ea80d,2661d5bdd1cd9c2a
all_cnn_sequence_dnase_h3k4me3_heldout_hct116_kernel_5,cnn,all,hct116,42,5,sequence_dnase_h3k4me3,7003,1240,4239,4266,0,0,a08287ce23c0a882,0.06583743437018319,0.2627348523222912,0.13476162704196956,cuda,625cc71596d7d94d,7,12.4,ecac199fa27ea80d,2661d5bdd1cd9c2a
all_cnn_sequence_dnase_h3k4me3_heldout_hct116_kernel_7,cnn,all,hct116,42,7,sequence_dnase_h3k4me3,7003,1240,4239,4266,0,0,a08287ce23c0a882,0.07773115618907911,0.28672444221762267,0.12985979735594758,cuda,625cc71596d7d94d,7,12.4,ecac199fa27ea80d,2661d5bdd1cd9c2a
all_cnn_sequence_dnase_h3k4me3_heldout_hek293t_kernel_3,cnn,all,hek293t,42,3,sequence_dnase_h3k4me3,12270,2144,2333,0,0,0,4112243ccd34930a,-0.22320290393744946,-0.11919118784839385,0.10851377216668738,cuda,625cc71596d7d94d,7,12.4,ecac199fa27ea80d,2661d5bdd1cd9c2a
all_cnn_sequence_dnase_h3k4me3_heldout_hek293t_kernel_5,cnn,all,hek293t,42,5,sequence_dnase_h3k4me3,12270,2144,2333,0,0,0,4112243ccd34930a,-0.34403505418923785,-0.1242639771657911,0.10957709954236385,cuda,625cc71596d7d94d,7,12.4,ecac199fa27ea80d,2661d5bdd1cd9c2a
all_cnn_sequence_dnase_h3k4me3_heldout_hek293t_kernel_7,cnn,all,hek293t,42,7,sequence_dnase_h3k4me3,12270,2144,2333,0,0,0,4112243ccd34930a,-0.47558790427344166,-0.16050420482153335,0.11400818743491908,cuda,625cc71596d7d94d,7,12.4,ecac199fa27ea80d,2661d5bdd1cd9c2a
all_cnn_sequence_dnase_h3k4me3_heldout_hela_kernel_3,cnn,all,hela,42,3,sequence_dnase_h3k4me3,3707,655,8101,4285,0,0,63c43a369c73b943,-0.02209995366383577,-0.008256490788631428,0.14470868385291347,cuda,625cc71596d7d94d,7,12.4,ecac199fa27ea80d,2661d5bdd1cd9c2a
all_cnn_sequence_dnase_h3k4me3_heldout_hela_kernel_5,cnn,all,hela,42,5,sequence_dnase_h3k4me3,3707,655,8101,4285,0,0,63c43a369c73b943,-0.03400852147889544,0.033198191221920643,0.14363157820775185,cuda,625cc71596d7d94d,7,12.4,ecac199fa27ea80d,2661d5bdd1cd9c2a
all_cnn_sequence_dnase_h3k4me3_heldout_hela_kernel_7,cnn,all,hela,42,7,sequence_dnase_h3k4me3,3707,655,8101,4285,0,0,63c43a369c73b943,-0.03411988283575984,0.05109081656906217,0.1433815647483594,cuda,625cc71596d7d94d,7,12.4,ecac199fa27ea80d,2661d5bdd1cd9c2a
all_cnn_sequence_dnase_h3k4me3_heldout_hl60_kernel_3,cnn,all,hl60,42,3,sequence_dnase_h3k4me3,12313,2186,2076,173,0,0,75ea831d98c66240,-0.05172813454613423,0.13227006914962347,0.09132188764312851,cuda,625cc71596d7d94d,7,12.4,ecac199fa27ea80d,2661d5bdd1cd9c2a
all_cnn_sequence_dnase_h3k4me3_heldout_hl60_kernel_5,cnn,all,hl60,42,5,sequence_dnase_h3k4me3,12313,2186,2076,173,0,0,75ea831d98c66240,0.018007191061282013,0.2626681381011838,0.089233122325479,cuda,625cc71596d7d94d,7,12.4,ecac199fa27ea80d,2661d5bdd1cd9c2a
all_cnn_sequence_dnase_h3k4me3_heldout_hl60_kernel_7,cnn,all,hl60,42,7,sequence_dnase_h3k4me3,12313,2186,2076,173,0,0,75ea831d98c66240,0.018905065227029283,0.30824403637352854,0.08942455268394998,cuda,625cc71596d7d94d,7,12.4,ecac199fa27ea80d,2661d5bdd1cd9c2a
all_cnn_sequence_dnase_h3k4me3_rrbs_heldout_hct116_kernel_3,cnn,all,hct116,42,3,sequence_dnase_h3k4me3_rrbs,7003,1240,4239,4266,0,0,a08287ce23c0a882,0.046539709600671,0.21725807763960805,0.1343747617065296,cuda,625cc71596d7d94d,7,12.4,ecac199fa27ea80d,2661d5bdd1cd9c2a
all_cnn_sequence_dnase_h3k4me3_rrbs_heldout_hct116_kernel_5,cnn,all,hct116,42,5,sequence_dnase_h3k4me3_rrbs,7003,1240,4239,4266,0,0,a08287ce23c0a882,0.07906119881944362,0.28529104256344756,0.13220716828679496,cuda,625cc71596d7d94d,7,12.4,ecac199fa27ea80d,2661d5bdd1cd9c2a
all_cnn_sequence_dnase_h3k4me3_rrbs_heldout_hct116_kernel_7,cnn,all,hct116,42,7,sequence_dnase_h3k4me3_rrbs,7003,1240,4239,4266,0,0,a08287ce23c0a882,0.0789758756392408,0.2823807602279099,0.13123924537037923,cuda,625cc71596d7d94d,7,12.4,ecac199fa27ea80d,2661d5bdd1cd9c2a
all_cnn_sequence_dnase_h3k4me3_rrbs_heldout_hek293t_kernel_3,cnn,all,hek293t,42,3,sequence_dnase_h3k4me3_rrbs,12270,2144,2333,0,0,0,4112243ccd34930a,-0.32385331692961006,-0.14527170601375966,0.11138972737600862,cuda,625cc71596d7d94d,7,12.4,ecac199fa27ea80d,2661d5bdd1cd9c2a
all_cnn_sequence_dnase_h3k4me3_rrbs_heldout_hek293t_kernel_5,cnn,all,hek293t,42,5,sequence_dnase_h3k4me3_rrbs,12270,2144,2333,0,0,0,4112243ccd34930a,-0.4481309760622796,-0.15160827298112753,0.11459587469530934,cuda,625cc71596d7d94d,7,12.4,ecac199fa27ea80d,2661d5bdd1cd9c2a
all_cnn_sequence_dnase_h3k4me3_rrbs_heldout_hek293t_kernel_7,cnn,all,hek293t,42,7,sequence_dnase_h3k4me3_rrbs,12270,2144,2333,0,0,0,4112243ccd34930a,-0.4076863413373084,-0.17999042685283323,0.11391356983252007,cuda,625cc71596d7d94d,7,12.4,ecac199fa27ea80d,2661d5bdd1cd9c2a
all_cnn_sequence_dnase_h3k4me3_rrbs_heldout_hela_kernel_3,cnn,all,hela,42,3,sequence_dnase_h3k4me3_rrbs,3707,655,8101,4285,0,0,63c43a369c73b943,-0.019058057491505798,-0.02283893118045714,0.14576672751181605,cuda,625cc71596d7d94d,7,12.4,ecac199fa27ea80d,2661d5bdd1cd9c2a
all_cnn_sequence_dnase_h3k4me3_rrbs_heldout_hela_kernel_5,cnn,all,hela,42,5,sequence_dnase_h3k4me3_rrbs,3707,655,8101,4285,0,0,63c43a369c73b943,-0.02707669311880756,0.04103638289610296,0.1449797874954127,cuda,625cc71596d7d94d,7,12.4,ecac199fa27ea80d,2661d5bdd1cd9c2a
all_cnn_sequence_dnase_h3k4me3_rrbs_heldout_hela_kernel_7,cnn,all,hela,42,7,sequence_dnase_h3k4me3_rrbs,3707,655,8101,4285,0,0,63c43a369c73b943,-0.027311888128692896,0.01324912741365943,0.1459006667491199,cuda,625cc71596d7d94d,7,12.4,ecac199fa27ea80d,2661d5bdd1cd9c2a
all_cnn_sequence_dnase_h3k4me3_rrbs_heldout_hl60_kernel_3,cnn,all,hl60,42,3,sequence_dnase_h3k4me3_rrbs,12313,2186,2076,173,0,0,75ea831d98c66240,-0.036659565795228,0.19799811028879005,0.09196108816234622,cuda,625cc71596d7d94d,7,12.4,ecac199fa27ea80d,2661d5bdd1cd9c2a
all_cnn_sequence_dnase_h3k4me3_rrbs_heldout_hl60_kernel_5,cnn,all,hl60,42,5,sequence_dnase_h3k4me3_rrbs,12313,2186,2076,173,0,0,75ea831d98c66240,0.044578930420533514,0.2930603785952975,0.08761718162642307,cuda,625cc71596d7d94d,7,12.4,ecac199fa27ea80d,2661d5bdd1cd9c2a
all_cnn_sequence_dnase_h3k4me3_rrbs_heldout_hl60_kernel_7,cnn,all,hl60,42,7,sequence_dnase_h3k4me3_rrbs,12313,2186,2076,173,0,0,75ea831d98c66240,-0.03969692791676893,0.26089640180374896,0.09081217586753713,cuda,625cc71596d7d94d,7,12.4,ecac199fa27ea80d,2661d5bdd1cd9c2a
all_cnn_sequence_dnase_heldout_hct116_kernel_3,cnn,all,hct116,42,3,sequence_dnase,7003,1240,4239,4266,0,0,a08287ce23c0a882,0.04480200716222804,0.21185459495557243,0.1352599444191302,cuda,625cc71596d7d94d,7,12.4,ecac199fa27ea80d,2661d5bdd1cd9c2a
all_cnn_sequence_dnase_heldout_hct116_kernel_5,cnn,all,hct116,42,5,sequence_dnase,7003,1240,4239,4266,0,0,a08287ce23c0a882,0.07448641282396651,0.28508041648288984,0.13200172082053796,cuda,625cc71596d7d94d,7,12.4,ecac199fa27ea80d,2661d5bdd1cd9c2a
all_cnn_sequence_dnase_heldout_hct116_kernel_7,cnn,all,hct116,42,7,sequence_dnase,7003,1240,4239,4266,0,0,a08287ce23c0a882,0.08542454671327437,0.29608185362969736,0.13214696404165016,cuda,625cc71596d7d94d,7,12.4,ecac199fa27ea80d,2661d5bdd1cd9c2a
all_cnn_sequence_dnase_heldout_hek293t_kernel_3,cnn,all,hek293t,42,3,sequence_dnase,12270,2144,2333,0,0,0,4112243ccd34930a,-0.26945053814137543,-0.16984008260284403,0.10835983648423571,cuda,625cc71596d7d94d,7,12.4,ecac199fa27ea80d,2661d5bdd1cd9c2a
all_cnn_sequence_dnase_heldout_hek293t_kernel_5,cnn,all,hek293t,42,5,sequence_dnase,12270,2144,2333,0,0,0,4112243ccd34930a,-0.3821253034025123,-0.15344130642129708,0.1130344615462789,cuda,625cc71596d7d94d,7,12.4,ecac199fa27ea80d,2661d5bdd1cd9c2a
all_cnn_sequence_dnase_heldout_hek293t_kernel_7,cnn,all,hek293t,42,7,sequence_dnase,12270,2144,2333,0,0,0,4112243ccd34930a,-0.3552162925978217,-0.16474869044087884,0.11013041657507036,cuda,625cc71596d7d94d,7,12.4,ecac199fa27ea80d,2661d5bdd1cd9c2a
all_cnn_sequence_dnase_heldout_hela_kernel_3,cnn,all,hela,42,3,sequence_dnase,3707,655,8101,4285,0,0,63c43a369c73b943,-0.018370928993217683,0.00677847292787092,0.14460422411935894,cuda,625cc71596d7d94d,7,12.4,ecac199fa27ea80d,2661d5bdd1cd9c2a
all_cnn_sequence_dnase_heldout_hela_kernel_5,cnn,all,hela,42,5,sequence_dnase,3707,655,8101,4285,0,0,63c43a369c73b943,-0.03872342041774024,0.03239163273919061,0.14402090826281477,cuda,625cc71596d7d94d,7,12.4,ecac199fa27ea80d,2661d5bdd1cd9c2a
all_cnn_sequence_dnase_heldout_hela_kernel_7,cnn,all,hela,42,7,sequence_dnase,3707,655,8101,4285,0,0,63c43a369c73b943,-0.013412256797462385,0.05276054705402297,0.14455366355787758,cuda,625cc71596d7d94d,7,12.4,ecac199fa27ea80d,2661d5bdd1cd9c2a
all_cnn_sequence_dnase_heldout_hl60_kernel_3,cnn,all,hl60,42,3,sequence_dnase,12313,2186,2076,173,0,0,75ea831d98c66240,-0.1442477203718493,0.150837302918471,0.09726584358643274,cuda,625cc71596d7d94d,7,12.4,ecac199fa27ea80d,2661d5bdd1cd9c2a
all_cnn_sequence_dnase_heldout_hl60_kernel_5,cnn,all,hl60,42,5,sequence_dnase,12313,2186,2076,173,0,0,75ea831d98c66240,-0.05690249535846781,0.24612243546315113,0.09247674175443016,cuda,625cc71596d7d94d,7,12.4,ecac199fa27ea80d,2661d5bdd1cd9c2a
all_cnn_sequence_dnase_heldout_hl60_kernel_7,cnn,all,hl60,42,7,sequence_dnase,12313,2186,2076,173,0,0,75ea831d98c66240,-0.027985639330667444,0.28353492915062795,0.0902387818405925,cuda,625cc71596d7d94d,7,12.4,ecac199fa27ea80d,2661d5bdd1cd9c2a
all_cnn_sequence_dnase_rrbs_heldout_hct116_kernel_3,cnn,all,hct116,42,3,sequence_dnase_rrbs,7003,1240,4239,4266,0,0,a08287ce23c0a882,0.04210677147097963,0.21432256674356212,0.13366789895071907,cuda,625cc71596d7d94d,7,12.4,ecac199fa27ea80d,2661d5bdd1cd9c2a
all_cnn_sequence_dnase_rrbs_heldout_hct116_kernel_5,cnn,all,hct116,42,5,sequence_dnase_rrbs,7003,1240,4239,4266,0,0,a08287ce23c0a882,0.07846334552280798,0.2815725601223027,0.13313477758624975,cuda,625cc71596d7d94d,7,12.4,ecac199fa27ea80d,2661d5bdd1cd9c2a
all_cnn_sequence_dnase_rrbs_heldout_hct116_kernel_7,cnn,all,hct116,42,7,sequence_dnase_rrbs,7003,1240,4239,4266,0,0,a08287ce23c0a882,0.08492186154756443,0.3012149240567303,0.1335736193495439,cuda,625cc71596d7d94d,7,12.4,ecac199fa27ea80d,2661d5bdd1cd9c2a
all_cnn_sequence_dnase_rrbs_heldout_hek293t_kernel_3,cnn,all,hek293t,42,3,sequence_dnase_rrbs,12270,2144,2333,0,0,0,4112243ccd34930a,-0.3203181304580267,-0.1414600363137925,0.11290302579967801,cuda,625cc71596d7d94d,7,12.4,ecac199fa27ea80d,2661d5bdd1cd9c2a
all_cnn_sequence_dnase_rrbs_heldout_hek293t_kernel_5,cnn,all,hek293t,42,5,sequence_dnase_rrbs,12270,2144,2333,0,0,0,4112243ccd34930a,-0.32626979034361336,-0.16980583014948214,0.11350432870389819,cuda,625cc71596d7d94d,7,12.4,ecac199fa27ea80d,2661d5bdd1cd9c2a
all_cnn_sequence_dnase_rrbs_heldout_hek293t_kernel_7,cnn,all,hek293t,42,7,sequence_dnase_rrbs,12270,2144,2333,0,0,0,4112243ccd34930a,-0.3338525594738364,-0.18009605707991042,0.1121520646893692,cuda,625cc71596d7d94d,7,12.4,ecac199fa27ea80d,2661d5bdd1cd9c2a
all_cnn_sequence_dnase_rrbs_heldout_hela_kernel_3,cnn,all,hela,42,3,sequence_dnase_rrbs,3707,655,8101,4285,0,0,63c43a369c73b943,-0.01726956960132897,-0.019255848190391882,0.14524502094125127,cuda,625cc71596d7d94d,7,12.4,ecac199fa27ea80d,2661d5bdd1cd9c2a
all_cnn_sequence_dnase_rrbs_heldout_hela_kernel_5,cnn,all,hela,42,5,sequence_dnase_rrbs,3707,655,8101,4285,0,0,63c43a369c73b943,-0.020832361905153363,0.013121381290194599,0.14505146462651577,cuda,625cc71596d7d94d,7,12.4,ecac199fa27ea80d,2661d5bdd1cd9c2a
all_cnn_sequence_dnase_rrbs_heldout_hela_kernel_7,cnn,all,hela,42,7,sequence_dnase_rrbs,3707,655,8101,4285,0,0,63c43a369c73b943,-0.012736316004026804,0.047092163424275545,0.14605109761342822,cuda,625cc71596d7d94d,7,12.4,ecac199fa27ea80d,2661d5bdd1cd9c2a
all_cnn_sequence_dnase_rrbs_heldout_hl60_kernel_3,cnn,all,hl60,42,3,sequence_dnase_rrbs,12313,2186,2076,173,0,0,75ea831d98c66240,-0.051111652944577424,0.15659883975310127,0.09164421108635663,cuda,625cc71596d7d94d,7,12.4,ecac199fa27ea80d,2661d5bdd1cd9c2a
all_cnn_sequence_dnase_rrbs_heldout_hl60_kernel_5,cnn,all,hl60,42,5,sequence_dnase_rrbs,12313,2186,2076,173,0,0,75ea831d98c66240,0.03853828030662798,0.2858698917246319,0.0871964387841494,cuda,625cc71596d7d94d,7,12.4,ecac199fa27ea80d,2661d5bdd1cd9c2a
all_cnn_sequence_dnase_rrbs_heldout_hl60_kernel_7,cnn,all,hl60,42,7,sequence_dnase_rrbs,12313,2186,2076,173,0,0,75ea831d98c66240,0.05095318257847714,0.304345598048946,0.08704712427524501,cuda,625cc71596d7d94d,7,12.4,ecac199fa27ea80d,2661d5bdd1cd9c2a
all_cnn_sequence_h3k4me3_heldout_hct116_kernel_3,cnn,all,hct116,42,3,sequence_h3k4me3,7003,1240,4239,4266,0,0,a08287ce23c0a882,0.042863390856502925,0.20771602320126137,0.13529401429487978,cuda,625cc71596d7d94d,7,12.4,ecac199fa27ea80d,2661d5bdd1cd9c2a
all_cnn_sequence_h3k4me3_heldout_hct116_kernel_5,cnn,all,hct116,42,5,sequence_h3k4me3,7003,1240,4239,4266,0,0,a08287ce23c0a882,0.07768718925958651,0.28085339308655316,0.13229376282236321,cuda,625cc71596d7d94d,7,12.4,ecac199fa27ea80d,2661d5bdd1cd9c2a
all_cnn_sequence_h3k4me3_heldout_hct116_kernel_7,cnn,all,hct116,42,7,sequence_h3k4me3,7003,1240,4239,4266,0,0,a08287ce23c0a882,0.07816742864557824,0.2957343476333644,0.13121213998592018,cuda,625cc71596d7d94d,7,12.4,ecac199fa27ea80d,2661d5bdd1cd9c2a
all_cnn_sequence_h3k4me3_heldout_hek293t_kernel_3,cnn,all,hek293t,42,3,sequence_h3k4me3,12270,2144,2333,0,0,0,4112243ccd34930a,-0.27491193451208606,-0.13369350862194898,0.10979229128614956,cuda,625cc71596d7d94d,7,12.4,ecac199fa27ea80d,2661d5bdd1cd9c2a
all_cnn_sequence_h3k4me3_heldout_hek293t_kernel_5,cnn,all,hek293t,42,5,sequence_h3k4me3,12270,2144,2333,0,0,0,4112243ccd34930a,-0.3676727256837544,-0.1551558833773424,0.11247395079756979,cuda,625cc71596d7d94d,7,12.4,ecac199fa27ea80d,2661d5bdd1cd9c2a
all_cnn_sequence_h3k4me3_heldout_hek293t_kernel_7,cnn,all,hek293t,42,7,sequence_h3k4me3,12270,2144,2333,0,0,0,4112243ccd34930a,-0.4953420897761325,-0.15270420001432616,0.11652222378406972,cuda,625cc71596d7d94d,7,12.4,ecac199fa27ea80d,2661d5bdd1cd9c2a
all_cnn_sequence_h3k4me3_heldout_hela_kernel_3,cnn,all,hela,42,3,sequence_h3k4me3,3707,655,8101,4285,0,0,63c43a369c73b943,-0.014764681937801782,0.012040089279425707,0.14488782384694035,cuda,625cc71596d7d94d,7,12.4,ecac199fa27ea80d,2661d5bdd1cd9c2a
all_cnn_sequence_h3k4me3_heldout_hela_kernel_5,cnn,all,hela,42,5,sequence_h3k4me3,3707,655,8101,4285,0,0,63c43a369c73b943,-0.0356832317203446,9.198023007504655e-05,0.14390092263214685,cuda,625cc71596d7d94d,7,12.4,ecac199fa27ea80d,2661d5bdd1cd9c2a
all_cnn_sequence_h3k4me3_heldout_hela_kernel_7,cnn,all,hela,42,7,sequence_h3k4me3,3707,655,8101,4285,0,0,63c43a369c73b943,-0.02554134171247746,0.04552609406790101,0.14342466827471048,cuda,625cc71596d7d94d,7,12.4,ecac199fa27ea80d,2661d5bdd1cd9c2a
all_cnn_sequence_h3k4me3_heldout_hl60_kernel_3,cnn,all,hl60,42,3,sequence_h3k4me3,12313,2186,2076,173,0,0,75ea831d98c66240,-0.037274142197099236,0.2208352921542442,0.09193646595301914,cuda,625cc71596d7d94d,7,12.4,ecac199fa27ea80d,2661d5bdd1cd9c2a
all_cnn_sequence_h3k4me3_heldout_hl60_kernel_5,cnn,all,hl60,42,5,sequence_h3k4me3,12313,2186,2076,173,0,0,75ea831d98c66240,0.013582816932733777,0.2574940758188877,0.0874075862930761,cuda,625cc71596d7d94d,7,12.4,ecac199fa27ea80d,2661d5bdd1cd9c2a
all_cnn_sequence_h3k4me3_heldout_hl60_kernel_7,cnn,all,hl60,42,7,sequence_h3k4me3,12313,2186,2076,173,0,0,75ea831d98c66240,0.0659371960638484,0.30290852542289226,0.08621536904177943,cuda,625cc71596d7d94d,7,12.4,ecac199fa27ea80d,2661d5bdd1cd9c2a
all_cnn_sequence_h3k4me3_rrbs_heldout_hct116_kernel_3,cnn,all,hct116,42,3,sequence_h3k4me3_rrbs,7003,1240,4239,4266,0,0,a08287ce23c0a882,0.04369237161177375,0.2147917721508424,0.13403025701881155,cuda,625cc71596d7d94d,7,12.4,ecac199fa27ea80d,2661d5bdd1cd9c2a
all_cnn_sequence_h3k4me3_rrbs_heldout_hct116_kernel_5,cnn,all,hct116,42,5,sequence_h3k4me3_rrbs,7003,1240,4239,4266,0,0,a08287ce23c0a882,0.0674224261913875,0.2663102028141644,0.13208372377367225,cuda,625cc71596d7d94d,7,12.4,ecac199fa27ea80d,2661d5bdd1cd9c2a
all_cnn_sequence_h3k4me3_rrbs_heldout_hct116_kernel_7,cnn,all,hct116,42,7,sequence_h3k4me3_rrbs,7003,1240,4239,4266,0,0,a08287ce23c0a882,0.07608841951266221,0.2800564154047085,0.13153739507660603,cuda,625cc71596d7d94d,7,12.4,ecac199fa27ea80d,2661d5bdd1cd9c2a
all_cnn_sequence_h3k4me3_rrbs_heldout_hek293t_kernel_3,cnn,all,hek293t,42,3,sequence_h3k4me3_rrbs,12270,2144,2333,0,0,0,4112243ccd34930a,-0.26057061379123714,-0.11471171626393135,0.10840956033700483,cuda,625cc71596d7d94d,7,12.4,ecac199fa27ea80d,2661d5bdd1cd9c2a
all_cnn_sequence_h3k4me3_rrbs_heldout_hek293t_kernel_5,cnn,all,hek293t,42,5,sequence_h3k4me3_rrbs,12270,2144,2333,0,0,0,4112243ccd34930a,-0.3788577673690081,-0.12245511139172911,0.11034031209615337,cuda,625cc71596d7d94d,7,12.4,ecac199fa27ea80d,2661d5bdd1cd9c2a
all_cnn_sequence_h3k4me3_rrbs_heldout_hek293t_kernel_7,cnn,all,hek293t,42,7,sequence_h3k4me3_rrbs,12270,2144,2333,0,0,0,4112243ccd34930a,-0.46594235132770545,-0.16816729425468552,0.11595299387605365,cuda,625cc71596d7d94d,7,12.4,ecac199fa27ea80d,2661d5bdd1cd9c2a
all_cnn_sequence_h3k4me3_rrbs_heldout_hela_kernel_3,cnn,all,hela,42,3,sequence_h3k4me3_rrbs,3707,655,8101,4285,0,0,63c43a369c73b943,-0.023045444962513928,-0.006049443851294993,0.14452480913769866,cuda,625cc71596d7d94d,7,12.4,ecac199fa27ea80d,2661d5bdd1cd9c2a
all_cnn_sequence_h3k4me3_rrbs_heldout_hela_kernel_5,cnn,all,hela,42,5,sequence_h3k4me3_rrbs,3707,655,8101,4285,0,0,63c43a369c73b943,-0.026894777335162434,0.046360852939089675,0.14325270361746414,cuda,625cc71596d7d94d,7,12.4,ecac199fa27ea80d,2661d5bdd1cd9c2a
all_cnn_sequence_h3k4me3_rrbs_heldout_hela_kernel_7,cnn,all,hela,42,7,sequence_h3k4me3_rrbs,3707,655,8101,4285,0,0,63c43a369c73b943,-0.034683902145120404,0.050259431242903226,0.14368847109319083,cuda,625cc71596d7d94d,7,12.4,ecac199fa27ea80d,2661d5bdd1cd9c2a
all_cnn_sequence_h3k4me3_rrbs_heldout_hl60_kernel_3,cnn,all,hl60,42,3,sequence_h3k4me3_rrbs,12313,2186,2076,173,0,0,75ea831d98c66240,-0.03646894429413772,0.15896059769044887,0.09082633505713532,cuda,625cc71596d7d94d,7,12.4,ecac199fa27ea80d,2661d5bdd1cd9c2a
all_cnn_sequence_h3k4me3_rrbs_heldout_hl60_kernel_5,cnn,all,hl60,42,5,sequence_h3k4me3_rrbs,12313,2186,2076,173,0,0,75ea831d98c66240,-0.044971432646838005,0.2334240338674357,0.09030418241260167,cuda,625cc71596d7d94d,7,12.4,ecac199fa27ea80d,2661d5bdd1cd9c2a
all_cnn_sequence_h3k4me3_rrbs_heldout_hl60_kernel_7,cnn,all,hl60,42,7,sequence_h3k4me3_rrbs,12313,2186,2076,173,0,0,75ea831d98c66240,-0.001068072488025873,0.29925164137473437,0.0904648546927998,cuda,625cc71596d7d94d,7,12.4,ecac199fa27ea80d,2661d5bdd1cd9c2a
all_cnn_sequence_heldout_hct116_kernel_3,cnn,all,hct116,42,3,sequence,7003,1240,4239,4266,0,0,a08287ce23c0a882,0.046250833076030395,0.22117899727205295,0.13386937058398787,cuda,625cc71596d7d94d,7,12.4,ecac199fa27ea80d,2661d5bdd1cd9c2a
all_cnn_sequence_heldout_hct116_kernel_5,cnn,all,hct116,42,5,sequence,7003,1240,4239,4266,0,0,a08287ce23c0a882,0.0791453814297618,0.2829949249160709,0.1329611493509309,cuda,625cc71596d7d94d,7,12.4,ecac199fa27ea80d,2661d5bdd1cd9c2a
all_cnn_sequence_heldout_hct116_kernel_7,cnn,all,hct116,42,7,sequence,7003,1240,4239,4266,0,0,a08287ce23c0a882,0.11156450801955542,0.33574435950688264,0.12993289895157173,cuda,625cc71596d7d94d,7,12.4,ecac199fa27ea80d,2661d5bdd1cd9c2a
all_cnn_sequence_heldout_hek293t_kernel_3,cnn,all,hek293t,42,3,sequence,12270,2144,2333,0,0,0,4112243ccd34930a,-0.23818424058404464,-0.15482222588944267,0.10905858044473848,cuda,625cc71596d7d94d,7,12.4,ecac199fa27ea80d,2661d5bdd1cd9c2a
all_cnn_sequence_heldout_hek293t_kernel_5,cnn,all,hek293t,42,5,sequence,12270,2144,2333,0,0,0,4112243ccd34930a,-0.3673019148398373,-0.17252519373945838,0.11141564741258043,cuda,625cc71596d7d94d,7,12.4,ecac199fa27ea80d,2661d5bdd1cd9c2a
all_cnn_sequence_heldout_hek293t_kernel_7,cnn,all,hek293t,42,7,sequence,12270,2144,2333,0,0,0,4112243ccd34930a,-0.4686219139728227,-0.13762988882749289,0.11392402608527219,cuda,625cc71596d7d94d,7,12.4,ecac199fa27ea80d,2661d5bdd1cd9c2a
all_cnn_sequence_heldout_hela_kernel_3,cnn,all,hela,42,3,sequence,3707,655,8101,4285,0,0,63c43a369c73b943,-0.023653935885685762,-0.015393717218498726,0.1460820275919039,cuda,625cc71596d7d94d,7,12.4,ecac199fa27ea80d,2661d5bdd1cd9c2a
all_cnn_sequence_heldout_hela_kernel_5,cnn,all,hela,42,5,sequence,3707,655,8101,4285,0,0,63c43a369c73b943,-0.04284179334946492,0.03761543782594063,0.14591076766705907,cuda,625cc71596d7d94d,7,12.4,ecac199fa27ea80d,2661d5bdd1cd9c2a
all_cnn_sequence_heldout_hela_kernel_7,cnn,all,hela,42,7,sequence,3707,655,8101,4285,0,0,63c43a369c73b943,-0.007030169299339084,0.01326276427240614,0.1458603385635813,cuda,625cc71596d7d94d,7,12.4,ecac199fa27ea80d,2661d5bdd1cd9c2a
all_cnn_sequence_heldout_hl60_kernel_3,cnn,all,hl60,42,3,sequence,12313,2186,2076,173,0,0,75ea831d98c66240,-0.1032804417340738,0.14874586206597168,0.09400015973678014,cuda,625cc71596d7d94d,7,12.4,ecac199fa27ea80d,2661d5bdd1cd9c2a
all_cnn_sequence_heldout_hl60_kernel_5,cnn,all,hl60,42,5,sequence,12313,2186,2076,173,0,0,75ea831d98c66240,0.0178327184814403,0.23851281575815936,0.08678078885156094,cuda,625cc71596d7d94d,7,12.4,ecac199fa27ea80d,2661d5bdd1cd9c2a
all_cnn_sequence_heldout_hl60_kernel_7,cnn,all,hl60,42,7,sequence,12313,2186,2076,173,0,0,75ea831d98c66240,0.04141729579003994,0.26762083577086276,0.08719567677207105,cuda,625cc71596d7d94d,7,12.4,ecac199fa27ea80d,2661d5bdd1cd9c2a
all_cnn_sequence_rrbs_heldout_hct116_kernel_3,cnn,all,hct116,42,3,sequence_rrbs,7003,1240,4239,4266,0,0,a08287ce23c0a882,0.0493531114793655,0.2233239012774821,0.13516801464213937,cuda,625cc71596d7d94d,7,12.4,ecac199fa27ea80d,2661d5bdd1cd9c2a
all_cnn_sequence_rrbs_heldout_hct116_kernel_5,cnn,all,hct116,42,5,sequence_rrbs,7003,1240,4239,4266,0,0,a08287ce23c0a882,0.07815359270347688,0.2924419285172134,0.130831498098131,cuda,625cc71596d7d94d,7,12.4,ecac199fa27ea80d,2661d5bdd1cd9c2a
all_cnn_sequence_rrbs_heldout_hct116_kernel_7,cnn,all,hct116,42,7,sequence_rrbs,7003,1240,4239,4266,0,0,a08287ce23c0a882,0.1026771836647955,0.3239596517254232,0.130242066268449,cuda,625cc71596d7d94d,7,12.4,ecac199fa27ea80d,2661d5bdd1cd9c2a
all_cnn_sequence_rrbs_heldout_hek293t_kernel_3,cnn,all,hek293t,42,3,sequence_rrbs,12270,2144,2333,0,0,0,4112243ccd34930a,-0.30471334911889225,-0.1379187689671275,0.11122846133780234,cuda,625cc71596d7d94d,7,12.4,ecac199fa27ea80d,2661d5bdd1cd9c2a
all_cnn_sequence_rrbs_heldout_hek293t_kernel_5,cnn,all,hek293t,42,5,sequence_rrbs,12270,2144,2333,0,0,0,4112243ccd34930a,-0.4058134902024504,-0.1593734777100209,0.11736366169210212,cuda,625cc71596d7d94d,7,12.4,ecac199fa27ea80d,2661d5bdd1cd9c2a
all_cnn_sequence_rrbs_heldout_hek293t_kernel_7,cnn,all,hek293t,42,7,sequence_rrbs,12270,2144,2333,0,0,0,4112243ccd34930a,-0.5195528840787187,-0.15173476062622476,0.11845973749599946,cuda,625cc71596d7d94d,7,12.4,ecac199fa27ea80d,2661d5bdd1cd9c2a
all_cnn_sequence_rrbs_heldout_hela_kernel_3,cnn,all,hela,42,3,sequence_rrbs,3707,655,8101,4285,0,0,63c43a369c73b943,-0.018178990326533695,0.004477452987660619,0.14501914746967934,cuda,625cc71596d7d94d,7,12.4,ecac199fa27ea80d,2661d5bdd1cd9c2a
all_cnn_sequence_rrbs_heldout_hela_kernel_5,cnn,all,hela,42,5,sequence_rrbs,3707,655,8101,4285,0,0,63c43a369c73b943,-0.02981267476232774,0.052898941329264544,0.14367834879012634,cuda,625cc71596d7d94d,7,12.4,ecac199fa27ea80d,2661d5bdd1cd9c2a
all_cnn_sequence_rrbs_heldout_hela_kernel_7,cnn,all,hela,42,7,sequence_rrbs,3707,655,8101,4285,0,0,63c43a369c73b943,-0.020780259439384663,0.030679851001124133,0.14466924586506225,cuda,625cc71596d7d94d,7,12.4,ecac199fa27ea80d,2661d5bdd1cd9c2a
all_cnn_sequence_rrbs_heldout_hl60_kernel_3,cnn,all,hl60,42,3,sequence_rrbs,12313,2186,2076,173,0,0,75ea831d98c66240,-0.021034514369566493,0.14560866288024113,0.09021580770974243,cuda,625cc71596d7d94d,7,12.4,ecac199fa27ea80d,2661d5bdd1cd9c2a
all_cnn_sequence_rrbs_heldout_hl60_kernel_5,cnn,all,hl60,42,5,sequence_rrbs,12313,2186,2076,173,0,0,75ea831d98c66240,-0.04356615813644571,0.2252217210975283,0.09004072612151504,cuda,625cc71596d7d94d,7,12.4,ecac199fa27ea80d,2661d5bdd1cd9c2a
all_cnn_sequence_rrbs_heldout_hl60_kernel_7,cnn,all,hl60,42,7,sequence_rrbs,12313,2186,2076,173,0,0,75ea831d98c66240,0.05931270756743934,0.2957887668081741,0.0865920805318464,cuda,625cc71596d7d94d,7,12.4,ecac199fa27ea80d,2661d5bdd1cd9c2a
all_linear_all_heldout_hct116,linear,all,hct116,42,,all,7003,1240,4239,4266,0,0,a08287ce23c0a882,-1.1036558405629403e+18,0.02515210719635611,6311408.5406669155,,625cc71596d7d94d,7,,ecac199fa27ea80d,2661d5bdd1cd9c2a
all_linear_all_heldout_hek293t,linear,all,hek293t,42,,all,12270,2144,2333,0,0,0,4112243ccd34930a,-0.44966367143157004,-0.1690491868771738,0.11388394079116088,,625cc71596d7d94d,7,,ecac199fa27ea80d,2661d5bdd1cd9c2a
all_linear_all_heldout_hela,linear,all,hela,42,,all,3707,655,8101,4285,0,0,63c43a369c73b943,0.005222501303915106,0.10734445352211662,0.14398108340579638,,625cc71596d7d94d,7,,ecac199fa27ea80d,2661d5bdd1cd9c2a
all_linear_all_heldout_hl60,linear,all,hl60,42,,all,12313,2186,2076,173,0,0,75ea831d98c66240,0.027602324518682053,0.27081188820193824,0.08872750392736091,,625cc71596d7d94d,7,,ecac199fa27ea80d,2661d5bdd1cd9c2a
all_linear_sequence_ctcf_dnase_h3k4me3_heldout_hct116,linear,all,hct116,42,,sequence_ctcf_dnase_h3k4me3,7003,1240,4239,4266,0,0,a08287ce23c0a882,-1.2346487394492056e+19,0.024789851571185215,20704880.522892233,,625cc71596d7d94d,7,,ecac199fa27ea80d,2661d5bdd1cd9c2a
all_linear_sequence_ctcf_dnase_h3k4me3_heldout_hek293t,linear,all,hek293t,42,,sequence_ctcf_dnase_h3k4me3,12270,2144,2333,0,0,0,4112243ccd34930a,-0.4472608682889312,-0.16838157325604192,0.11363156251813906,,625cc71596d7d94d,7,,ecac199fa27ea80d,2661d5bdd1cd9c2a
all_linear_sequence_ctcf_dnase_h3k4me3_heldout_hela,linear,all,hela,42,,sequence_ctcf_dnase_h3k4me3,3707,655,8101,4285,0,0,63c43a369c73b943,0.013047355848381903,0.139355564252011,0.14340890107296417,,625cc71596d7d94d,7,,ecac199fa27ea80d,2661d5bdd1cd9c2a
all_linear_sequence_ctcf_dnase_h3k4me3_heldout_hl60,linear,all,hl60,42,,sequence_ctcf_dnase_h3k4me3,12313,2186,2076,173,0,0,75ea831d98c66240,0.03830339607271993,0.2799513830788213,0.08800720427317457,,625cc71596d7d94d,7,,ecac199fa27ea80d,2661d5bdd1cd9c2a
all_linear_sequence_ctcf_dnase_heldout_hct116,linear,all,hct116,42,,sequence_ctcf_dnase,7003,1240,4239,4266,0,0,a08287ce23c0a882,-4.1171388522977714e+19,0.026887258002380475,44003978.05365307,,625cc71596d7d94d,7,,ecac199fa27ea80d,2661d5bdd1cd9c2a
all_linear_sequence_ctcf_dnase_heldout_hek293t,linear,all,hek293t,42,,sequence_ctcf_dnase,12270,2144,2333,0,0,0,4112243ccd34930a,-0.43779800218924336,-0.16969287138601608,0.11346745158685857,,625cc71596d7d94d,7,,ecac199fa27ea80d,2661d5bdd1cd9c2a
all_linear_sequence_ctcf_dnase_heldout_hela,linear,all,hela,42,,sequence_ctcf_dnase,3707,655,8101,4285,0,0,63c43a369c73b943,0.010291402044924958,0.13694751639895603,0.14322606816983147,,625cc71596d7d94d,7,,ecac199fa27ea80d,2661d5bdd1cd9c2a
all_linear_sequence_ctcf_dnase_heldout_hl60,linear,all,hl60,42,,sequence_ctcf_dnase,12313,2186,2076,173,0,0,75ea831d98c66240,0.03634667261806468,0.2771140597104176,0.08816095240298516,,625cc71596d7d94d,7,,ecac199fa27ea80d,2661d5bdd1cd9c2a
all_linear_sequence_ctcf_dnase_rrbs_heldout_hct116,linear,all,hct116,42,,sequence_ctcf_dnase_rrbs,7003,1240,4239,4266,0,0,a08287ce23c0a882,-2.6611851382391896e+16,0.025892203137391413,1040799.891896901,,625cc71596d7d94d,7,,ecac199fa27ea80d,2661d5bdd1cd9c2a
all_linear_sequence_ctcf_dnase_rrbs_heldout_hek293t,linear,all,hek293t,42,,sequence_ctcf_dnase_rrbs,12270,2144,2333,0,0,0,4112243ccd34930a,-0.44003143085449303,-0.1703036547657299,0.11371206916889791,,625cc71596d7d94d,7,,ecac199fa27ea80d,2661d5bdd1cd9c2a
all_linear_sequence_ctcf_dnase_rrbs_heldout_hela,linear,all,hela,42,,sequence_ctcf_dnase_rrbs,3707,655,8101,4285,0,0,63c43a369c73b943,0.0026160080084578485,0.10495122478941528,0.1437414507490223,,625cc71596d7d94d,7,,ecac199fa27ea80d,2661d5bdd1cd9c2a
all_linear_sequence_ctcf_dnase_rrbs_heldout_hl60,linear,all,hl60,42,,sequence_ctcf_dnase_rrbs,12313,2186,2076,173,0,0,75ea831d98c66240,0.025498925840244824,0.2678110481752999,0.08889184531453125,,625cc71596d7d94d,7,,ecac199fa27ea80d,2661d5bdd1cd9c2a
all_linear_sequence_ctcf_h3k4me3_heldout_hct116,linear,all,hct116,42,,sequence_ctcf_h3k4me3,7003,1240,4239,4266,0,0,a08287ce23c0a882,0.09119823433132979,0.3049224418613487,0.1322684558699108,,625cc71596d7d94d,7,,ecac199fa27ea80d,2661d5bdd1cd9c2a
all_linear_sequence_ctcf_h3k4me3_heldout_hek293t,linear,all,hek293t,42,,sequence_ctcf_h3k4me3,12270,2144,2333,0,0,0,4112243ccd34930a,-0.44739684505511024,-0.16749349629117866,0.11362039847910226,,625cc71596d7d94d,7,,ecac199fa27ea80d,2661d5bdd1cd9c2a
all_linear_sequence_ctcf_h3k4me3_heldout_hela,linear,all,hela,42,,sequence_ctcf_h3k4me3,3707,655,8101,4285,0,0,63c43a369c73b943,0.013323211181806016,0.14221466636522467,0.1432834541164413,,625cc71596d7d94d,7,,ecac199fa27ea80d,2661d5bdd1cd9c2a
all_linear_sequence_ctcf_h3k4me3_heldout_hl60,linear,all,hl60,42,,sequence_ctcf_h3k4me3,12313,2186,2076,173,0,0,75ea831d98c66240,0.041228183972936705,0.28222467887793334,0.0878567178643924,,625cc71596d7d94d,7,,ecac199fa27ea80d,2661d5bdd1cd9c2a
all_linear_sequence_ctcf_h3k4me3_rrbs_heldout_hct116,linear,all,hct116,42,,sequence_ctcf_h3k4me3_rrbs,7003,1240,4239,4266,0,0,a08287ce23c0a882,0.08938335267866904,0.3011721703568974,0.1323105024050918,,625cc71596d7d94d,7,,ecac199fa27ea80d,2661d5bdd1cd9c2a
all_linear_sequence_ctcf_h3k4me3_rrbs_heldout_hek293t,linear,all,hek293t,42,,sequence_ctcf_h3k4me3_rrbs,12270,2144,2333,0,0,0,4112243ccd34930a,-0.44981689079779463,-0.16821847889410754,0.11386294033255624,,625cc71596d7d94d,7,,ecac199fa27ea80d,2661d5bdd1cd9c2a
all_linear_sequence_ctcf_h3k4me3_rrbs_heldout_hela,linear,all,hela,42,,sequence_ctcf_h3k4me3_rrbs,3707,655,8101,4285,0,0,63c43a369c73b943,0.005775238199996591,0.1093839473037247,0.1439473591257417,,625cc71596d7d94d,7,,ecac199fa27ea80d,2661d5bdd1cd9c2a
all_linear_sequence_ctcf_h3k4me3_rrbs_heldout_hl60,linear,all,hl60,42,,sequence_ctcf_h3k4me3_rrbs,12313,2186,2076,173,0,0,75ea831d98c66240,0.03032385065078369,0.27290567973953206,0.08860001982654479,,625cc71596d7d94d,7,,ecac199fa27ea80d,2661d5bdd1cd9c2a
all_linear_sequence_ctcf_heldout_hct116,linear,all,hct116,42,,sequence_ctcf,7003,1240,4239,4266,0,0,a08287ce23c0a882,0.09341622820546958,0.31158844161947585,0.13240063678725536,,625cc71596d7d94d,7,,ecac199fa27ea80d,2661d5bdd1cd9c2a
all_linear_sequence_ctcf_heldout_hek293t,linear,all,hek293t,42,,sequence_ctcf,12270,2144,2333,0,0,0,4112243ccd34930a,-0.43762244164431907,-0.16872679607364063,0.1134163684587314,,625cc71596d7d94d,7,,ecac199fa27ea80d,2661d5bdd1cd9c2a
all_linear_sequence_ctcf_heldout_hela,linear,all,hela,42,,sequence_ctcf,3707,655,8101,4285,0,0,63c43a369c73b943,0.012236106454436069,0.14157924350746018,0.14327746193817473,,625cc71596d7d94d,7,,ecac199fa27ea80d,2661d5bdd1cd9c2a
all_linear_sequence_ctcf_heldout_hl60,linear,all,hl60,42,,sequence_ctcf,12313,2186,2076,173,0,0,75ea831d98c66240,0.038766503826230925,0.27890545803694217,0.08802701173353628,,625cc71596d7d94d,7,,ecac199fa27ea80d,2661d5bdd1cd9c2a
all_linear_sequence_ctcf_rrbs_heldout_hct116,linear,all,hct116,42,,sequence_ctcf_rrbs,7003,1240,4239,4266,0,0,a08287ce23c0a882,0.09212334751417295,0.3076171363747326,0.13213706956164456,,625cc71596d7d94d,7,,ecac199fa27ea80d,2661d5bdd1cd9c2a
all_linear_sequence_ctcf_rrbs_heldout_hek293t,linear,all,hek293t,42,,sequence_ctcf_rrbs,12270,2144,2333,0,0,0,4112243ccd34930a,-0.439822695403705,-0.16942687658116762,0.11365677348461418,,625cc71596d7d94d,7,,ecac199fa27ea80d,2661d5bdd1cd9c2a
all_linear_sequence_ctcf_rrbs_heldout_hela,linear,all,hela,42,,sequence_ctcf_rrbs,3707,655,8101,4285,0,0,63c43a369c73b943,0.0037959575601040907,0.10837921003530138,0.1437225208884772,,625cc71596d7d94d,7,,ecac199fa27ea80d,2661d5bdd1cd9c2a
all_linear_sequence_ctcf_rrbs_heldout_hl60,linear,all,hl60,42,,sequence_ctcf_rrbs,12313,2186,2076,173,0,0,75ea831d98c66240,0.027770503012260028,0.26943319463961063,0.08876825742484545,,625cc71596d7d94d,7,,ecac199fa27ea80d,2661d5bdd1cd9c2a
all_linear_sequence_dnase_h3k4me3_heldout_hct116,linear,all,hct116,42,,sequence_dnase_h3k4me3,7003,1240,4239,4266,0,0,a08287ce23c0a882,-7.278874105363035e+19,0.025316872550197628,68456865.75650892,,625cc71596d7d94d,7,,ecac199fa27ea80d,2661d5bdd1cd9c2a
all_linear_sequence_dnase_h3k4me3_heldout_hek293t,linear,all,hek293t,42,,sequence_dnase_h3k4me3,12270,2144,2333,0,0,0,4112243ccd34930a,-0.45927911656010734,-0.1793193050597063,0.11419201711942396,,625cc71596d7d94d,7,,ecac199fa27ea80d,2661d5bdd1cd9c2a
all_linear_sequence_dnase_h3k4me3_heldout_hela,linear,all,hela,42,,sequence_dnase_h3k4me3,3707,655,8101,4285,0,0,63c43a369c73b943,0.008926062910018628,0.13833580506663393,0.14286065278989485,,625cc71596d7d94d,7,,ecac199fa27ea80d,2661d5bdd1cd9c2a
all_linear_sequence_dnase_h3k4me3_heldout_hl60,linear,all,hl60,42,,sequence_dnase_h3k4me3,12313,2186,2076,173,0,0,75ea831d98c66240,0.03007369419074546,0.2933870043070671,0.08911002487923848,,625cc71596d7d94d,7,,ecac199fa27ea80d,2661d5bdd1cd9c2a
all_linear_sequence_dnase_h3k4me3_rrbs_heldout_hct116,linear,all,hct116,42,,sequence_dnase_h3k4me3_rrbs,7003,1240,4239,4266,0,0,a08287ce23c0a882,-7.754732215139507e+19,0.02558164065206498,128719960.88804708,,625cc71596d7d94d,7,,ecac199fa27ea80d,2661d5bdd1cd9c2a
all_linear_sequence_dnase_h3k4me3_rrbs_heldout_hek293t,linear,all,hek293t,42,,sequence_dnase_h3k4me3_rrbs,12270,2144,2333,0,0,0,4112243ccd34930a,-0.46178188389181574,-0.1800197088961993,0.11447252343944855,,625cc71596d7d94d,7,,ecac199fa27ea80d,2661d5bdd1cd9c2a
all_linear_sequence_dnase_h3k4me3_rrbs_heldout_hela,linear,all,hela,42,,sequence_dnase_h3k4me3_rrbs,3707,655,8101,4285,0,0,63c43a369c73b943,-0.0001698569780728132,0.10686891966190012,0.1432772101469945,,625cc71596d7d94d,7,,ecac199fa27ea80d,2661d5bdd1cd9c2a
all_linear_sequence_dnase_h3k4me3_rrbs_heldout_hl60,linear,all,hl60,42,,sequence_dnase_h3k4me3_rrbs,12313,2186,2076,173,0,0,75ea831d98c66240,0.019468423332234863,0.28362061666363914,0.08978686912937554,,625cc71596d7d94d,7,,ecac199fa27ea80d,2661d5bdd1cd9c2a
all_linear_sequence_dnase_heldout_hct116,linear,all,hct116,42,,sequence_dnase,7003,1240,4239,4266,0,0,a08287ce23c0a882,-2.9403506563768638e+20,0.02541891145649196,137706602.4812742,,625cc71596d7d94d,7,,ecac199fa27ea80d,2661d5bdd1cd9c2a
all_linear_sequence_dnase_heldout_hek293t,linear,all,hek293t,42,,sequence_dnase,12270,2144,2333,0,0,0,4112243ccd34930a,-0.45147812388320463,-0.18151005784868046,0.1140953794979538,,625cc71596d7d94d,7,,ecac199fa27ea80d,2661d5bdd1cd9c2a
all_linear_sequence_dnase_heldout_hela,linear,all,hela,42,,sequence_dnase,3707,655,8101,4285,0,0,63c43a369c73b943,0.006344796267251929,0.13897507309591856,0.1426765413741215,,625cc71596d7d94d,7,,ecac199fa27ea80d,2661d5bdd1cd9c2a
all_linear_sequence_dnase_heldout_hl60,linear,all,hl60,42,,sequence_dnase,12313,2186,2076,173,0,0,75ea831d98c66240,0.027036557945548267,0.28966204164318865,0.089301866490565,,625cc71596d7d94d,7,,ecac199fa27ea80d,2661d5bdd1cd9c2a
all_linear_sequence_dnase_rrbs_heldout_hct116,linear,all,hct116,42,,sequence_dnase_rrbs,7003,1240,4239,4266,0,0,a08287ce23c0a882,-3.9673470461309564e+20,0.025031757368050744,158900131.3277611,,625cc71596d7d94d,7,,ecac199fa27ea80d,2661d5bdd1cd9c2a
all_linear_sequence_dnase_rrbs_heldout_hek293t,linear,all,hek293t,42,,sequence_dnase_rrbs,12270,2144,2333,0,0,0,4112243ccd34930a,-0.45382302124740304,-0.18214717072964842,0.11437747783489485,,625cc71596d7d94d,7,,ecac199fa27ea80d,2661d5bdd1cd9c2a
all_linear_sequence_dnase_rrbs_heldout_hela,linear,all,hela,42,,sequence_dnase_rrbs,3707,655,8101,4285,0,0,63c43a369c73b943,-0.0005628963171371293,0.10678251838788932,0.14327520009237027,,625cc71596d7d94d,7,,ecac199fa27ea80d,2661d5bdd1cd9c2a
all_linear_sequence_dnase_rrbs_heldout_hl60,linear,all,hl60,42,,sequence_dnase_rrbs,12313,2186,2076,173,0,0,75ea831d98c66240,0.016237397638616313,0.2797359390433794,0.08998816167480723,,625cc71596d7d94d,7,,ecac199fa27ea80d,2661d5bdd1cd9c2a
all_linear_sequence_h3k4me3_heldout_hct116,linear,all,hct116,42,,sequence_h3k4me3,7003,1240,4239,4266,0,0,a08287ce23c0a882,0.0950047554874418,0.3149456792642394,0.13180353213276877,,625cc71596d7d94d,7,,ecac199fa27ea80d,2661d5bdd1cd9c2a
all_linear_sequence_h3k4me3_heldout_hek293t,linear,all,hek293t,42,,sequence_h3k4me3,12270,2144,2333,0,0,0,4112243ccd34930a,-0.46075512249556727,-0.17894275423605752,0.11420061454764519,,625cc71596d7d94d,7,,ecac199fa27ea80d,2661d5bdd1cd9c2a
all_linear_sequence_h3k4me3_heldout_hela,linear,all,hela,42,,sequence_h3k4me3,3707,655,8101,4285,0,0,63c43a369c73b943,0.008899627496140594,0.14268984144518698,0.14266586354809652,,625cc71596d7d94d,7,,ecac199fa27ea80d,2661d5bdd1cd9c2a
all_linear_sequence_h3k4me3_heldout_hl60,linear,all,hl60,42,,sequence_h3k4me3,12313,2186,2076,173,0,0,75ea831d98c66240,0.032685324578969555,0.29522887765831685,0.0889899042184211,,625cc71596d7d94d,7,,ecac199fa27ea80d,2661d5bdd1cd9c2a
all_linear_sequence_h3k4me3_rrbs_heldout_hct116,linear,all,hct116,42,,sequence_h3k4me3_rrbs,7003,1240,4239,4266,0,0,a08287ce23c0a882,0.09320858323258996,0.31037552655273704,0.13182893394491899,,625cc71596d7d94d,7,,ecac199fa27ea80d,2661d5bdd1cd9c2a
all_linear_sequence_h3k4me3_rrbs_heldout_hek293t,linear,all,hek293t,42,,sequence_h3k4me3_rrbs,12270,2144,2333,0,0,0,4112243ccd34930a,-0.46326025921022507,-0.1796948363831926,0.11447110439684496,,625cc71596d7d94d,7,,ecac199fa27ea80d,2661d5bdd1cd9c2a
all_linear_sequence_h3k4me3_rrbs_heldout_hela,linear,all,hela,42,,sequence_h3k4me3_rrbs,3707,655,8101,4285,0,0,63c43a369c73b943,0.0014987674009545593,0.11080596201845364,0.14327765245451463,,625cc71596d7d94d,7,,ecac199fa27ea80d,2661d5bdd1cd9c2a
all_linear_sequence_h3k4me3_rrbs_heldout_hl60,linear,all,hl60,42,,sequence_h3k4me3_rrbs,12313,2186,2076,173,0,0,75ea831d98c66240,0.022028055775820565,0.285268635949364,0.0896674672290611,,625cc71596d7d94d,7,,ecac199fa27ea80d,2661d5bdd1cd9c2a
all_linear_sequence_heldout_hct116,linear,all,hct116,42,,sequence,7003,1240,4239,4266,0,0,a08287ce23c0a882,0.09685070336521173,0.3220260385691417,0.131835120192893,,625cc71596d7d94d,7,,ecac199fa27ea80d,2661d5bdd1cd9c2a
all_linear_sequence_heldout_hek293t,linear,all,hek293t,42,,sequence,12270,2144,2333,0,0,0,4112243ccd34930a,-0.45272644252298755,-0.1813376713648645,0.1141084817090849,,625cc71596d7d94d,7,,ecac199fa27ea80d,2661d5bdd1cd9c2a
all_linear_sequence_heldout_hela,linear,all,hela,42,,sequence,3707,655,8101,4285,0,0,63c43a369c73b943,0.007291341586057931,0.14366743669362533,0.1425859325577663,,625cc71596d7d94d,7,,ecac199fa27ea80d,2661d5bdd1cd9c2a
all_linear_sequence_heldout_hl60,linear,all,hl60,42,,sequence,12313,2186,2076,173,0,0,75ea831d98c66240,0.02861491556917395,0.29084249291140113,0.08923065513533922,,625cc71596d7d94d,7,,ecac199fa27ea80d,2661d5bdd1cd9c2a
all_linear_sequence_rrbs_heldout_hct116,linear,all,hct116,42,,sequence_rrbs,7003,1240,4239,4266,0,0,a08287ce23c0a882,0.09532482016526911,0.31714099853490224,0.13165618857489747,,625cc71596d7d94d,7,,ecac199fa27ea80d,2661d5bdd1cd9c2a
all_linear_sequence_rrbs_heldout_hek293t,linear,all,hek293t,42,,sequence_rrbs,12270,2144,2333,0,0,0,4112243ccd34930a,-0.4548185056174876,-0.18200274066608355,0.11438284390731733,,625cc71596d7d94d,7,,ecac199fa27ea80d,2661d5bdd1cd9c2a
all_linear_sequence_rrbs_heldout_hela,linear,all,hela,42,,sequence_rrbs,3707,655,8101,4285,0,0,63c43a369c73b943,-9.403728939316736e-05,0.1108010448012457,0.1431528987484117,,625cc71596d7d94d,7,,ecac199fa27ea80d,2661d5bdd1cd9c2a
all_linear_sequence_rrbs_heldout_hl60,linear,all,hl60,42,,sequence_rrbs,12313,2186,2076,173,0,0,75ea831d98c66240,0.018067335769697546,0.2808088854726365,0.08989658926367788,,625cc71596d7d94d,7,,ecac199fa27ea80d,2661d5bdd1cd9c2a
all_mlp_all_heldout_hct116,mlp,all,hct116,42,,all,7003,1240,4239,4266,0,0,a08287ce23c0a882,0.07444703294909982,0.2894772653574909,0.1351101289494804,cuda,625cc71596d7d94d,7,12.4,ecac199fa27ea80d,2661d5bdd1cd9c2a
all_mlp_all_heldout_hek293t,mlp,all,hek293t,42,,all,12270,2144,2333,0,0,0,4112243ccd34930a,-0.3394723825136705,-0.13611922255308062,0.11162231723784737,cuda,625cc71596d7d94d,7,12.4,ecac199fa27ea80d,2661d5bdd1cd9c2a
all_mlp_all_heldout_hela,mlp,all,hela,42,,all,3707,655,8101,4285,0,0,63c43a369c73b943,6.172579955410207e-05,0.07139986581775946,0.1449779319099668,cuda,625cc71596d7d94d,7,12.4,ecac199fa27ea80d,2661d5bdd1cd9c2a
all_mlp_all_heldout_hl60,mlp,all,hl60,42,,all,12313,2186,2076,173,0,0,75ea831d98c66240,-0.051733284935497004,0.12138339002231625,0.09140300925961034,cuda,625cc71596d7d94d,7,12.4,ecac199fa27ea80d,2661d5bdd1cd9c2a
all_mlp_sequence_ctcf_dnase_h3k4me3_heldout_hct116,mlp,all,hct116,42,,sequence_ctcf_dnase_h3k4me3,7003,1240,4239,4266,0,0,a08287ce23c0a882,0.07630972197964547,0.2844158944233233,0.13383432300716167,cuda,625cc71596d7d94d,7,12.4,ecac199fa27ea80d,2661d5bdd1cd9c2a
all_mlp_sequence_ctcf_dnase_h3k4me3_heldout_hek293t,mlp,all,hek293t,42,,sequence_ctcf_dnase_h3k4me3,12270,2144,2333,0,0,0,4112243ccd34930a,-0.33518739491035743,-0.15140434326650531,0.11084212691543494,cuda,625cc71596d7d94d,7,12.4,ecac199fa27ea80d,2661d5bdd1cd9c2a
all_mlp_sequence_ctcf_dnase_h3k4me3_heldout_hela,mlp,all,hela,42,,sequence_ctcf_dnase_h3k4me3,3707,655,8101,4285,0,0,63c43a369c73b943,0.0030477898305962814,0.10552966326979489,0.14381505349054416,cuda,625cc71596d7d94d,7,12.4,ecac199fa27ea80d,2661d5bdd1cd9c2a
all_mlp_sequence_ctcf_dnase_h3k4me3_heldout_hl60,mlp,all,hl60,42,,sequence_ctcf_dnase_h3k4me3,12313,2186,2076,173,0,0,75ea831d98c66240,-0.025236297510569772,0.14753228092644285,0.0900321528216849,cuda,625cc71596d7d94d,7,12.4,ecac199fa27ea80d,2661d5bdd1cd9c2a
all_mlp_sequence_ctcf_dnase_heldout_hct116,mlp,all,hct116,42,,sequence_ctcf_dnase,7003,1240,4239,4266,0,0,a08287ce23c0a882,0.07147539277637804,0.27618239783812165,0.13405894697074647,cuda,625cc71596d7d94d,7,12.4,ecac199fa27ea80d,2661d5bdd1cd9c2a
all_mlp_sequence_ctcf_dnase_heldout_hek293t,mlp,all,hek293t,42,,sequence_ctcf_dnase,12270,2144,2333,0,0,0,4112243ccd34930a,-0.30193832471011905,-0.15475339329678844,0.10916284441890453,cuda,625cc71596d7d94d,7,12.4,ecac199fa27ea80d,2661d5bdd1cd9c2a
all_mlp_sequence_ctcf_dnase_heldout_hela,mlp,all,hela,42,,sequence_ctcf_dnase,3707,655,8101,4285,0,0,63c43a369c73b943,-0.0013376460115825939,0.0629905817344771,0.14555856541586054,cuda,625cc71596d7d94d,7,12.4,ecac199fa27ea80d,2661d5bdd1cd9c2a
all_mlp_sequence_ctcf_dnase_heldout_hl60,mlp,all,hl60,42,,sequence_ctcf_dnase,12313,2186,2076,173,0,0,75ea831d98c66240,-0.1233798136876405,0.08259985226655042,0.09390251282584604,cuda,625cc71596d7d94d,7,12.4,ecac199fa27ea80d,2661d5bdd1cd9c2a
all_mlp_sequence_ctcf_dnase_rrbs_heldout_hct116,mlp,all,hct116,42,,sequence_ctcf_dnase_rrbs,7003,1240,4239,4266,0,0,a08287ce23c0a882,0.07690026956667206,0.2839057690725501,0.13045979272390595,cuda,625cc71596d7d94d,7,12.4,ecac199fa27ea80d,2661d5bdd1cd9c2a
all_mlp_sequence_ctcf_dnase_rrbs_heldout_hek293t,mlp,all,hek293t,42,,sequence_ctcf_dnase_rrbs,12270,2144,2333,0,0,0,4112243ccd34930a,-0.36155933107796345,-0.13526258892953727,0.11108896668491014,cuda,625cc71596d7d94d,7,12.4,ecac199fa27ea80d,2661d5bdd1cd9c2a
all_mlp_sequence_ctcf_dnase_rrbs_heldout_hela,mlp,all,hela,42,,sequence_ctcf_dnase_rrbs,3707,655,8101,4285,0,0,63c43a369c73b943,-0.001128358960466258,0.07614181163325144,0.14473267153103764,cuda,625cc71596d7d94d,7,12.4,ecac199fa27ea80d,2661d5bdd1cd9c2a
all_mlp_sequence_ctcf_dnase_rrbs_heldout_hl60,mlp,all,hl60,42,,sequence_ctcf_dnase_rrbs,12313,2186,2076,173,0,0,75ea831d98c66240,-0.04479836301114992,0.16857960380604578,0.0914161836123722,cuda,625cc71596d7d94d,7,12.4,ecac199fa27ea80d,2661d5bdd1cd9c2a
all_mlp_sequence_ctcf_h3k4me3_heldout_hct116,mlp,all,hct116,42,,sequence_ctcf_h3k4me3,7003,1240,4239,4266,0,0,a08287ce23c0a882,0.08348696852150017,0.2944500585486703,0.13359055194080197,cuda,625cc71596d7d94d,7,12.4,ecac199fa27ea80d,2661d5bdd1cd9c2a
all_mlp_sequence_ctcf_h3k4me3_heldout_hek293t,mlp,all,hek293t,42,,sequence_ctcf_h3k4me3,12270,2144,2333,0,0,0,4112243ccd34930a,-0.44735676781059674,-0.15070576443720005,0.11486385508324269,cuda,625cc71596d7d94d,7,12.4,ecac199fa27ea80d,2661d5bdd1cd9c2a
all_mlp_sequence_ctcf_h3k4me3_heldout_hela,mlp,all,hela,42,,sequence_ctcf_h3k4me3,3707,655,8101,4285,0,0,63c43a369c73b943,-0.006213685330547891,0.07464133236281259,0.14385371258048105,cuda,625cc71596d7d94d,7,12.4,ecac199fa27ea80d,2661d5bdd1cd9c2a
all_mlp_sequence_ctcf_h3k4me3_heldout_hl60,mlp,all,hl60,42,,sequence_ctcf_h3k4me3,12313,2186,2076,173,0,0,75ea831d98c66240,0.012548335842865743,0.19228160068060668,0.08825102418765196,cuda,625cc71596d7d94d,7,12.4,ecac199fa27ea80d,2661d5bdd1cd9c2a
all_mlp_sequence_ctcf_h3k4me3_rrbs_heldout_hct116,mlp,all,hct116,42,,sequence_ctcf_h3k4me3_rrbs,7003,1240,4239,4266,0,0,a08287ce23c0a882,0.07713214441966676,0.2933183557547803,0.13014865699492076,cuda,625cc71596d7d94d,7,12.4,ecac199fa27ea80d,2661d5bdd1cd9c2a
all_mlp_sequence_ctcf_h3k4me3_rrbs_heldout_hek293t,mlp,all,hek293t,42,,sequence_ctcf_h3k4me3_rrbs,12270,2144,2333,0,0,0,4112243ccd34930a,-0.34167107091591453,-0.15500376191860837,0.11121062406662499,cuda,625cc71596d7d94d,7,12.4,ecac199fa27ea80d,2661d5bdd1cd9c2a
all_mlp_sequence_ctcf_h3k4me3_rrbs_heldout_hela,mlp,all,hela,42,,sequence_ctcf_h3k4me3_rrbs,3707,655,8101,4285,0,0,63c43a369c73b943,-0.011167095841582597,0.06907583260515224,0.14352328737664122,cuda,625cc71596d7d94d,7,12.4,ecac199fa27ea80d,2661d5bdd1cd9c2a
all_mlp_sequence_ctcf_h3k4me3_rrbs_heldout_hl60,mlp,all,hl60,42,,sequence_ctcf_h3k4me3_rrbs,12313,2186,2076,173,0,0,75ea831d98c66240,0.007708607613216678,0.19135004252790813,0.08832633814115888,cuda,625cc71596d7d94d,7,12.4,ecac199fa27ea80d,2661d5bdd1cd9c2a
all_mlp_sequence_ctcf_heldout_hct116,mlp,all,hct116,42,,sequence_ctcf,7003,1240,4239,4266,0,0,a08287ce23c0a882,0.08287393340980653,0.2943616024174823,0.1332138167374419,cuda,625cc71596d7d94d,7,12.4,ecac199fa27ea80d,2661d5bdd1cd9c2a
all_mlp_sequence_ctcf_heldout_hek293t,mlp,all,hek293t,42,,sequence_ctcf,12270,2144,2333,0,0,0,4112243ccd34930a,-0.43303836750550206,-0.14925786417102985,0.1125771258788026,cuda,625cc71596d7d94d,7,12.4,ecac199fa27ea80d,2661d5bdd1cd9c2a
all_mlp_sequence_ctcf_heldout_hela,mlp,all,hela,42,,sequence_ctcf,3707,655,8101,4285,0,0,63c43a369c73b943,-0.0013966687993729465,0.049486444742867224,0.14579244521457088,cuda,625cc71596d7d94d,7,12.4,ecac199fa27ea80d,2661d5bdd1cd9c2a
all_mlp_sequence_ctcf_heldout_hl60,mlp,all,hl60,42,,sequence_ctcf,12313,2186,2076,173,0,0,75ea831d98c66240,-0.038418792752052955,0.1646711676687623,0.0906585328655967,cuda,625cc71596d7d94d,7,12.4,ecac199fa27ea80d,2661d5bdd1cd9c2a
all_mlp_sequence_ctcf_rrbs_heldout_hct116,mlp,all,hct116,42,,sequence_ctcf_rrbs,7003,1240,4239,4266,0,0,a08287ce23c0a882,0.08474944975049592,0.2960873669601678,0.13278722744427246,cuda,625cc71596d7d94d,7,12.4,ecac199fa27ea80d,2661d5bdd1cd9c2a
all_mlp_sequence_ctcf_rrbs_heldout_hek293t,mlp,all,hek293t,42,,sequence_ctcf_rrbs,12270,2144,2333,0,0,0,4112243ccd34930a,-0.36126205834764047,-0.15537448373442056,0.11293005371491029,cuda,625cc71596d7d94d,7,12.4,ecac199fa27ea80d,2661d5bdd1cd9c2a
all_mlp_sequence_ctcf_rrbs_heldout_hela,mlp,all,hela,42,,sequence_ctcf_rrbs,3707,655,8101,4285,0,0,63c43a369c73b943,-0.00202173532776162,0.04701410022917831,0.14585183392954593,cuda,625cc71596d7d94d,7,12.4,ecac199fa27ea80d,2661d5bdd1cd9c2a
all_mlp_sequence_ctcf_rrbs_heldout_hl60,mlp,all,hl60,42,,sequence_ctcf_rrbs,12313,2186,2076,173,0,0,75ea831d98c66240,-0.035030547676532464,0.1664758247939531,0.09045724521313932,cuda,625cc71596d7d94d,7,12.4,ecac199fa27ea80d,2661d5bdd1cd9c2a
all_mlp_sequence_dnase_h3k4me3_heldout_hct116,mlp,all,hct116,42,,sequence_dnase_h3k4me3,7003,1240,4239,4266,0,0,a08287ce23c0a882,0.08185456607044195,0.29383859735215234,0.13424699562465392,cuda,625cc71596d7d94d,7,12.4,ecac199fa27ea80d,2661d5bdd1cd9c2a
all_mlp_sequence_dnase_h3k4me3_heldout_hek293t,mlp,all,hek293t,42,,sequence_dnase_h3k4me3,12270,2144,2333,0,0,0,4112243ccd34930a,-0.3806751789541829,-0.16426865274637256,0.11224625636957206,cuda,625cc71596d7d94d,7,12.4,ecac199fa27ea80d,2661d5bdd1cd9c2a
all_mlp_sequence_dnase_h3k4me3_heldout_hela,mlp,all,hela,42,,sequence_dnase_h3k4me3,3707,655,8101,4285,0,0,63c43a369c73b943,-0.008116358717892513,0.05648804232795945,0.14416084343050023,cuda,625cc71596d7d94d,7,12.4,ecac199fa27ea80d,2661d5bdd1cd9c2a
all_mlp_sequence_dnase_h3k4me3_heldout_hl60,mlp,all,hl60,42,,sequence_dnase_h3k4me3,12313,2186,2076,173,0,0,75ea831d98c66240,-0.047870899002759204,0.21421562896146024,0.0925021396047276,cuda,625cc71596d7d94d,7,12.4,ecac199fa27ea80d,2661d5bdd1cd9c2a
all_mlp_sequence_dnase_h3k4me3_rrbs_heldout_hct116,mlp,all,hct116,42,,sequence_dnase_h3k4me3_rrbs,7003,1240,4239,4266,0,0,a08287ce23c0a882,0.07126930738609172,0.2866853753118678,0.1356457785478142,cuda,625cc71596d7d94d,7,12.4,ecac199fa27ea80d,2661d5bdd1cd9c2a
all_mlp_sequence_dnase_h3k4me3_rrbs_heldout_hek293t,mlp,all,hek293t,42,,sequence_dnase_h3k4me3_rrbs,12270,2144,2333,0,0,0,4112243ccd34930a,-0.43073084129063854,-0.18077094395425033,0.11625430284110302,cuda,625cc71596d7d94d,7,12.4,ecac199fa27ea80d,2661d5bdd1cd9c2a
all_mlp_sequence_dnase_h3k4me3_rrbs_heldout_hela,mlp,all,hela,42,,sequence_dnase_h3k4me3_rrbs,3707,655,8101,4285,0,0,63c43a369c73b943,-0.010232870435606722,0.1274671181011029,0.14199813641446452,cuda,625cc71596d7d94d,7,12.4,ecac199fa27ea80d,2661d5bdd1cd9c2a
all_mlp_sequence_dnase_h3k4me3_rrbs_heldout_hl60,mlp,all,hl60,42,,sequence_dnase_h3k4me3_rrbs,12313,2186,2076,173,0,0,75ea831d98c66240,0.03154155174345419,0.23255775791202749,0.08815545389636892,cuda,625cc71596d7d94d,7,12.4,ecac199fa27ea80d,2661d5bdd1cd9c2a
all_mlp_sequence_dnase_heldout_hct116,mlp,all,hct116,42,,sequence_dnase,7003,1240,4239,4266,0,0,a08287ce23c0a882,0.08109208171277671,0.2934462328066801,0.13371897853888157,cuda,625cc71596d7d94d,7,12.4,ecac199fa27ea80d,2661d5bdd1cd9c2a
all_mlp_sequence_dnase_heldout_hek293t,mlp,all,hek293t,42,,sequence_dnase,12270,2144,2333,0,0,0,4112243ccd34930a,-0.39503468865223845,-0.17958835807720125,0.11346279114861628,cuda,625cc71596d7d94d,7,12.4,ecac199fa27ea80d,2661d5bdd1cd9c2a
all_mlp_sequence_dnase_heldout_hela,mlp,all,hela,42,,sequence_dnase,3707,655,8101,4285,0,0,63c43a369c73b943,-0.00030092846530016537,0.09647885477719174,0.1437310913867119,cuda,625cc71596d7d94d,7,12.4,ecac199fa27ea80d,2661d5bdd1cd9c2a
all_mlp_sequence_dnase_heldout_hl60,mlp,all,hl60,42,,sequence_dnase,12313,2186,2076,173,0,0,75ea831d98c66240,0.05517359462793092,0.2748159790223819,0.08706698604448482,cuda,625cc71596d7d94d,7,12.4,ecac199fa27ea80d,2661d5bdd1cd9c2a
all_mlp_sequence_dnase_rrbs_heldout_hct116,mlp,all,hct116,42,,sequence_dnase_rrbs,7003,1240,4239,4266,0,0,a08287ce23c0a882,0.08807621850622571,0.30319405448506953,0.13324393279799593,cuda,625cc71596d7d94d,7,12.4,ecac199fa27ea80d,2661d5bdd1cd9c2a
all_mlp_sequence_dnase_rrbs_heldout_hek293t,mlp,all,hek293t,42,,sequence_dnase_rrbs,12270,2144,2333,0,0,0,4112243ccd34930a,-0.3606257068074552,-0.16985808208081477,0.11307104704905568,cuda,625cc71596d7d94d,7,12.4,ecac199fa27ea80d,2661d5bdd1cd9c2a
all_mlp_sequence_dnase_rrbs_heldout_hela,mlp,all,hela,42,,sequence_dnase_rrbs,3707,655,8101,4285,0,0,63c43a369c73b943,-0.015586780647851795,0.09888368970039914,0.1425114004443773,cuda,625cc71596d7d94d,7,12.4,ecac199fa27ea80d,2661d5bdd1cd9c2a
all_mlp_sequence_dnase_rrbs_heldout_hl60,mlp,all,hl60,42,,sequence_dnase_rrbs,12313,2186,2076,173,0,0,75ea831d98c66240,0.05736985863817767,0.2684536248618632,0.08660366525873542,cuda,625cc71596d7d94d,7,12.4,ecac199fa27ea80d,2661d5bdd1cd9c2a
all_mlp_sequence_h3k4me3_heldout_hct116,mlp,all,hct116,42,,sequence_h3k4me3,7003,1240,4239,4266,0,0,a08287ce23c0a882,0.07595119523399241,0.27958420290791147,0.1336806742568566,cuda,625cc71596d7d94d,7,12.4,ecac199fa27ea80d,2661d5bdd1cd9c2a
all_mlp_sequence_h3k4me3_heldout_hek293t,mlp,all,hek293t,42,,sequence_h3k4me3,12270,2144,2333,0,0,0,4112243ccd34930a,-0.34923820237119174,-0.1647459770371859,0.11178822942042985,cuda,625cc71596d7d94d,7,12.4,ecac199fa27ea80d,2661d5bdd1cd9c2a
all_mlp_sequence_h3k4me3_heldout_hela,mlp,all,hela,42,,sequence_h3k4me3,3707,655,8101,4285,0,0,63c43a369c73b943,0.0028485424919026947,0.1326398665089619,0.14254910489430098,cuda,625cc71596d7d94d,7,12.4,ecac199fa27ea80d,2661d5bdd1cd9c2a
all_mlp_sequence_h3k4me3_heldout_hl60,mlp,all,hl60,42,,sequence_h3k4me3,12313,2186,2076,173,0,0,75ea831d98c66240,0.06782347187138771,0.28376137848707117,0.08571252835239777,cuda,625cc71596d7d94d,7,12.4,ecac199fa27ea80d,2661d5bdd1cd9c2a
all_mlp_sequence_h3k4me3_rrbs_heldout_hct116,mlp,all,hct116,42,,sequence_h3k4me3_rrbs,7003,1240,4239,4266,0,0,a08287ce23c0a882,0.08033378923494494,0.30501824909627745,0.12938188016059685,cuda,625cc71596d7d94d,7,12.4,ecac199fa27ea80d,2661d5bdd1cd9c2a
all_mlp_sequence_h3k4me3_rrbs_heldout_hek293t,mlp,all,hek293t,42,,sequence_h3k4me3_rrbs,12270,2144,2333,0,0,0,4112243ccd34930a,-0.39461970749685515,-0.1659524550391035,0.11257111287383986,cuda,625cc71596d7d94d,7,12.4,ecac199fa27ea80d,2661d5bdd1cd9c2a
all_mlp_sequence_h3k4me3_rrbs_heldout_hela,mlp,all,hela,42,,sequence_h3k4me3_rrbs,3707,655,8101,4285,0,0,63c43a369c73b943,0.002135342208726909,0.13140194031489727,0.14241086708126424,cuda,625cc71596d7d94d,7,12.4,ecac199fa27ea80d,2661d5bdd1cd9c2a
all_mlp_sequence_h3k4me3_rrbs_heldout_hl60,mlp,all,hl60,42,,sequence_h3k4me3_rrbs,12313,2186,2076,173,0,0,75ea831d98c66240,0.04509978829059291,0.26927126069586005,0.08782260397427602,cuda,625cc71596d7d94d,7,12.4,ecac199fa27ea80d,2661d5bdd1cd9c2a
all_mlp_sequence_heldout_hct116,mlp,all,hct116,42,,sequence,7003,1240,4239,4266,0,0,a08287ce23c0a882,0.0927671929123749,0.3081272704014368,0.1299579305541878,cuda,625cc71596d7d94d,7,12.4,ecac199fa27ea80d,2661d5bdd1cd9c2a
all_mlp_sequence_heldout_hek293t,mlp,all,hek293t,42,,sequence,12270,2144,2333,0,0,0,4112243ccd34930a,-0.39660485689618574,-0.17587754789013546,0.11285232354803398,cuda,625cc71596d7d94d,7,12.4,ecac199fa27ea80d,2661d5bdd1cd9c2a
all_mlp_sequence_heldout_hela,mlp,all,hela,42,,sequence,3707,655,8101,4285,0,0,63c43a369c73b943,0.004542165643389828,0.11524859508616143,0.1434732167545241,cuda,625cc71596d7d94d,7,12.4,ecac199fa27ea80d,2661d5bdd1cd9c2a
all_mlp_sequence_heldout_hl60,mlp,all,hl60,42,,sequence,12313,2186,2076,173,0,0,75ea831d98c66240,0.0283010001726981,0.2566305122560393,0.08870617724212178,cuda,625cc71596d7d94d,7,12.4,ecac199fa27ea80d,2661d5bdd1cd9c2a
all_mlp_sequence_rrbs_heldout_hct116,mlp,all,hct116,42,,sequence_rrbs,7003,1240,4239,4266,0,0,a08287ce23c0a882,0.08938689574463443,0.30161146921705306,0.1300359947848691,cuda,625cc71596d7d94d,7,12.4,ecac199fa27ea80d,2661d5bdd1cd9c2a
all_mlp_sequence_rrbs_heldout_hek293t,mlp,all,hek293t,42,,sequence_rrbs,12270,2144,2333,0,0,0,4112243ccd34930a,-0.39658669860638507,-0.17525806121319873,0.11348619830203424,cuda,625cc71596d7d94d,7,12.4,ecac199fa27ea80d,2661d5bdd1cd9c2a
all_mlp_sequence_rrbs_heldout_hela,mlp,all,hela,42,,sequence_rrbs,3707,655,8101,4285,0,0,63c43a369c73b943,5.9293628670298304e-05,0.06122032746999383,0.145534289901234,cuda,625cc71596d7d94d,7,12.4,ecac199fa27ea80d,2661d5bdd1cd9c2a
all_mlp_sequence_rrbs_heldout_hl60,mlp,all,hl60,42,,sequence_rrbs,12313,2186,2076,173,0,0,75ea831d98c66240,0.0020286335664871924,0.24542049821792347,0.09039855417965953,cuda,625cc71596d7d94d,7,12.4,ecac199fa27ea80d,2661d5bdd1cd9c2a
all_transformer_all_heldout_hct116,transformer,all,hct116,42,,all,7003,1240,4239,4266,0,0,a08287ce23c0a882,0.07280295571827389,0.28227681031398977,0.13169685240605664,cuda,625cc71596d7d94d,7,12.4,ecac199fa27ea80d,2661d5bdd1cd9c2a
all_transformer_all_heldout_hek293t,transformer,all,hek293t,42,,all,12270,2144,2333,0,0,0,4112243ccd34930a,-0.3941039237650126,-0.15818656715655802,0.11335897358654141,cuda,625cc71596d7d94d,7,12.4,ecac199fa27ea80d,2661d5bdd1cd9c2a
all_transformer_all_heldout_hela,transformer,all,hela,42,,all,3707,655,8101,4285,0,0,63c43a369c73b943,-0.0007337336142057005,0.08668512209453878,0.14502485171548682,cuda,625cc71596d7d94d,7,12.4,ecac199fa27ea80d,2661d5bdd1cd9c2a
all_transformer_all_heldout_hl60,transformer,all,hl60,42,,all,12313,2186,2076,173,0,0,75ea831d98c66240,-0.047739830039796205,0.1363024805389179,0.09215477453939516,cuda,625cc71596d7d94d,7,12.4,ecac199fa27ea80d,2661d5bdd1cd9c2a
all_transformer_sequence_ctcf_dnase_h3k4me3_heldout_hct116,transformer,all,hct116,42,,sequence_ctcf_dnase_h3k4me3,7003,1240,4239,4266,0,0,a08287ce23c0a882,0.06751521220685686,0.27207019143849276,0.1323721456862019,cuda,625cc71596d7d94d,7,12.4,ecac199fa27ea80d,2661d5bdd1cd9c2a
all_transformer_sequence_ctcf_dnase_h3k4me3_heldout_hek293t,transformer,all,hek293t,42,,sequence_ctcf_dnase_h3k4me3,12270,2144,2333,0,0,0,4112243ccd34930a,-0.4291375527057404,-0.16377830506700544,0.11276055781583494,cuda,625cc71596d7d94d,7,12.4,ecac199fa27ea80d,2661d5bdd1cd9c2a
all_transformer_sequence_ctcf_dnase_h3k4me3_heldout_hela,transformer,all,hela,42,,sequence_ctcf_dnase_h3k4me3,3707,655,8101,4285,0,0,63c43a369c73b943,-0.0009920168636887716,0.08463901664354484,0.1449963308929618,cuda,625cc71596d7d94d,7,12.4,ecac199fa27ea80d,2661d5bdd1cd9c2a
all_transformer_sequence_ctcf_dnase_h3k4me3_heldout_hl60,transformer,all,hl60,42,,sequence_ctcf_dnase_h3k4me3,12313,2186,2076,173,0,0,75ea831d98c66240,-0.006363861122166137,0.1765498769531999,0.09062748826297291,cuda,625cc71596d7d94d,7,12.4,ecac199fa27ea80d,2661d5bdd1cd9c2a
all_transformer_sequence_ctcf_dnase_heldout_hct116,transformer,all,hct116,42,,sequence_ctcf_dnase,7003,1240,4239,4266,0,0,a08287ce23c0a882,0.08246091734236516,0.29070521802875393,0.13271641999472644,cuda,625cc71596d7d94d,7,12.4,ecac199fa27ea80d,2661d5bdd1cd9c2a
all_transformer_sequence_ctcf_dnase_heldout_hek293t,transformer,all,hek293t,42,,sequence_ctcf_dnase,12270,2144,2333,0,0,0,4112243ccd34930a,-0.48265019470804416,-0.18451102475721715,0.11756898271957028,cuda,625cc71596d7d94d,7,12.4,ecac199fa27ea80d,2661d5bdd1cd9c2a
all_transformer_sequence_ctcf_dnase_heldout_hela,transformer,all,hela,42,,sequence_ctcf_dnase,3707,655,8101,4285,0,0,63c43a369c73b943,6.591056004368046e-05,0.10182399848580817,0.14485634254941301,cuda,625cc71596d7d94d,7,12.4,ecac199fa27ea80d,2661d5bdd1cd9c2a
all_transformer_sequence_ctcf_dnase_heldout_hl60,transformer,all,hl60,42,,sequence_ctcf_dnase,12313,2186,2076,173,0,0,75ea831d98c66240,-0.06638689700472766,0.13707540336511814,0.09314814448331506,cuda,625cc71596d7d94d,7,12.4,ecac199fa27ea80d,2661d5bdd1cd9c2a
all_transformer_sequence_ctcf_dnase_rrbs_heldout_hct116,transformer,all,hct116,42,,sequence_ctcf_dnase_rrbs,7003,1240,4239,4266,0,0,a08287ce23c0a882,0.0809466103596026,0.2870785467365148,0.13223024724321675,cuda,625cc71596d7d94d,7,12.4,ecac199fa27ea80d,2661d5bdd1cd9c2a
all_transformer_sequence_ctcf_dnase_rrbs_heldout_hek293t,transformer,all,hek293t,42,,sequence_ctcf_dnase_rrbs,12270,2144,2333,0,0,0,4112243ccd34930a,-0.5506964623844011,-0.1677190622935366,0.11896530844261602,cuda,625cc71596d7d94d,7,12.4,ecac199fa27ea80d,2661d5bdd1cd9c2a
all_transformer_sequence_ctcf_dnase_rrbs_heldout_hela,transformer,all,hela,42,,sequence_ctcf_dnase_rrbs,3707,655,8101,4285,0,0,63c43a369c73b943,-0.00024302493104388923,0.10069433916062999,0.1448323968027628,cuda,625cc71596d7d94d,7,12.4,ecac199fa27ea80d,2661d5bdd1cd9c2a
all_transformer_sequence_ctcf_dnase_rrbs_heldout_hl60,transformer,all,hl60,42,,sequence_ctcf_dnase_rrbs,12313,2186,2076,173,0,0,75ea831d98c66240,-0.054372199990256664,0.14952852219446994,0.0920175641518524,cuda,625cc71596d7d94d,7,12.4,ecac199fa27ea80d,2661d5bdd1cd9c2a
all_transformer_sequence_ctcf_h3k4me3_heldout_hct116,transformer,all,hct116,42,,sequence_ctcf_h3k4me3,7003,1240,4239,4266,0,0,a08287ce23c0a882,0.07330908630958466,0.2935710545624956,0.13078045143383632,cuda,625cc71596d7d94d,7,12.4,ecac199fa27ea80d,2661d5bdd1cd9c2a
all_transformer_sequence_ctcf_h3k4me3_heldout_hek293t,transformer,all,hek293t,42,,sequence_ctcf_h3k4me3,12270,2144,2333,0,0,0,4112243ccd34930a,-0.38490483100821016,-0.16814512702032033,0.11085852242421808,cuda,625cc71596d7d94d,7,12.4,ecac199fa27ea80d,2661d5bdd1cd9c2a
all_transformer_sequence_ctcf_h3k4me3_heldout_hela,transformer,all,hela,42,,sequence_ctcf_h3k4me3,3707,655,8101,4285,0,0,63c43a369c73b943,0.0008435595251968797,0.09474876494801858,0.14519673717639997,cuda,625cc71596d7d94d,7,12.4,ecac199fa27ea80d,2661d5bdd1cd9c2a
all_transformer_sequence_ctcf_h3k4me3_heldout_hl60,transformer,all,hl60,42,,sequence_ctcf_h3k4me3,12313,2186,2076,173,0,0,75ea831d98c66240,0.014559667681009247,0.1721521614478572,0.08839034390059768,cuda,625cc71596d7d94d,7,12.4,ecac199fa27ea80d,2661d5bdd1cd9c2a
all_transformer_sequence_ctcf_h3k4me3_rrbs_heldout_hct116,transformer,all,hct116,42,,sequence_ctcf_h3k4me3_rrbs,7003,1240,4239,4266,0,0,a08287ce23c0a882,0.08122563113791981,0.29617692098954895,0.132362648517766,cuda,625cc71596d7d94d,7,12.4,ecac199fa27ea80d,2661d5bdd1cd9c2a
all_transformer_sequence_ctcf_h3k4me3_rrbs_heldout_hek293t,transformer,all,hek293t,42,,sequence_ctcf_h3k4me3_rrbs,12270,2144,2333,0,0,0,4112243ccd34930a,-0.475452922963421,-0.18757733183676104,0.11574760229321596,cuda,625cc71596d7d94d,7,12.4,ecac199fa27ea80d,2661d5bdd1cd9c2a
all_transformer_sequence_ctcf_h3k4me3_rrbs_heldout_hela,transformer,all,hela,42,,sequence_ctcf_h3k4me3_rrbs,3707,655,8101,4285,0,0,63c43a369c73b943,0.0010950211497445794,0.09441329661595715,0.1452441723604966,cuda,625cc71596d7d94d,7,12.4,ecac199fa27ea80d,2661d5bdd1cd9c2a
all_transformer_sequence_ctcf_h3k4me3_rrbs_heldout_hl60,transformer,all,hl60,42,,sequence_ctcf_h3k4me3_rrbs,12313,2186,2076,173,0,0,75ea831d98c66240,-0.0808014647467814,0.09720483314374233,0.09454833686455855,cuda,625cc71596d7d94d,7,12.4,ecac199fa27ea80d,2661d5bdd1cd9c2a
all_transformer_sequence_ctcf_heldout_hct116,transformer,all,hct116,42,,sequence_ctcf,7003,1240,4239,4266,0,0,a08287ce23c0a882,0.09194454871026359,0.3035465984429544,0.13124725102186707,cuda,625cc71596d7d94d,7,12.4,ecac199fa27ea80d,2661d5bdd1cd9c2a
all_transformer_sequence_ctcf_heldout_hek293t,transformer,all,hek293t,42,,sequence_ctcf,12270,2144,2333,0,0,0,4112243ccd34930a,-0.4245872437035445,-0.15952427201113606,0.11419868952903275,cuda,625cc71596d7d94d,7,12.4,ecac199fa27ea80d,2661d5bdd1cd9c2a
all_transformer_sequence_ctcf_heldout_hela,transformer,all,hela,42,,sequence_ctcf,3707,655,8101,4285,0,0,63c43a369c73b943,-0.004912545264844637,0.08857096314809,0.14423997509327963,cuda,625cc71596d7d94d,7,12.4,ecac199fa27ea80d,2661d5bdd1cd9c2a
all_transformer_sequence_ctcf_heldout_hl60,transformer,all,hl60,42,,sequence_ctcf,12313,2186,2076,173,0,0,75ea831d98c66240,-0.05295612298440178,0.13264410145908948,0.09302418255955985,cuda,625cc71596d7d94d,7,12.4,ecac199fa27ea80d,2661d5bdd1cd9c2a
all_transformer_sequence_ctcf_rrbs_heldout_hct116,transformer,all,hct116,42,,sequence_ctcf_rrbs,7003,1240,4239,4266,0,0,a08287ce23c0a882,0.0826742061606226,0.2881875547106235,0.13151511614451122,cuda,625cc71596d7d94d,7,12.4,ecac199fa27ea80d,2661d5bdd1cd9c2a
all_transformer_sequence_ctcf_rrbs_heldout_hek293t,transformer,all,hek293t,42,,sequence_ctcf_rrbs,12270,2144,2333,0,0,0,4112243ccd34930a,-0.5617751147120842,-0.19642059036996473,0.11994862384484195,cuda,625cc71596d7d94d,7,12.4,ecac199fa27ea80d,2661d5bdd1cd9c2a
all_transformer_sequence_ctcf_rrbs_heldout_hela,transformer,all,hela,42,,sequence_ctcf_rrbs,3707,655,8101,4285,0,0,63c43a369c73b943,-0.004989288432028838,0.0881988341884562,0.14423383652304542,cuda,625cc71596d7d94d,7,12.4,ecac199fa27ea80d,2661d5bdd1cd9c2a
all_transformer_sequence_ctcf_rrbs_heldout_hl60,transformer,all,hl60,42,,sequence_ctcf_rrbs,12313,2186,2076,173,0,0,75ea831d98c66240,-0.025503214462754054,0.153287655523466,0.09189832336242403,cuda,625cc71596d7d94d,7,12.4,ecac199fa27ea80d,2661d5bdd1cd9c2a
all_transformer_sequence_dnase_h3k4me3_heldout_hct116,transformer,all,hct116,42,,sequence_dnase_h3k4me3,7003,1240,4239,4266,0,0,a08287ce23c0a882,0.08846237506812582,0.30904357861762244,0.1329491499931465,cuda,625cc71596d7d94d,7,12.4,ecac199fa27ea80d,2661d5bdd1cd9c2a
all_transformer_sequence_dnase_h3k4me3_heldout_hek293t,transformer,all,hek293t,42,,sequence_dnase_h3k4me3,12270,2144,2333,0,0,0,4112243ccd34930a,-0.49764634726721435,-0.18236334859807532,0.11823462596361953,cuda,625cc71596d7d94d,7,12.4,ecac199fa27ea80d,2661d5bdd1cd9c2a
all_transformer_sequence_dnase_h3k4me3_heldout_hela,transformer,all,hela,42,,sequence_dnase_h3k4me3,3707,655,8101,4285,0,0,63c43a369c73b943,-0.0028485488614597987,0.09132684158978575,0.143737857816205,cuda,625cc71596d7d94d,7,12.4,ecac199fa27ea80d,2661d5bdd1cd9c2a
all_transformer_sequence_dnase_h3k4me3_heldout_hl60,transformer,all,hl60,42,,sequence_dnase_h3k4me3,12313,2186,2076,173,0,0,75ea831d98c66240,-0.03235277972743833,0.1563970291747026,0.09169043497647193,cuda,625cc71596d7d94d,7,12.4,ecac199fa27ea80d,2661d5bdd1cd9c2a
all_transformer_sequence_dnase_h3k4me3_rrbs_heldout_hct116,transformer,all,hct116,42,,sequence_dnase_h3k4me3_rrbs,7003,1240,4239,4266,0,0,a08287ce23c0a882,0.07393458512750972,0.2781279831295254,0.13211209480419897,cuda,625cc71596d7d94d,7,12.4,ecac199fa27ea80d,2661d5bdd1cd9c2a
all_transformer_sequence_dnase_h3k4me3_rrbs_heldout_hek293t,transformer,all,hek293t,42,,sequence_dnase_h3k4me3_rrbs,12270,2144,2333,0,0,0,4112243ccd34930a,-0.5292057246796218,-0.18528438383043164,0.119795996315723,cuda,625cc71596d7d94d,7,12.4,ecac199fa27ea80d,2661d5bdd1cd9c2a
all_transformer_sequence_dnase_h3k4me3_rrbs_heldout_hela,transformer,all,hela,42,,sequence_dnase_h3k4me3_rrbs,3707,655,8101,4285,0,0,63c43a369c73b943,-0.0025381144996290406,0.08589187758905825,0.14445799586995423,cuda,625cc71596d7d94d,7,12.4,ecac199fa27ea80d,2661d5bdd1cd9c2a
all_transformer_sequence_dnase_h3k4me3_rrbs_heldout_hl60,transformer,all,hl60,42,,sequence_dnase_h3k4me3_rrbs,12313,2186,2076,173,0,0,75ea831d98c66240,-0.01556593078636137,0.17550565943578006,0.09081759781582076,cuda,625cc71596d7d94d,7,12.4,ecac199fa27ea80d,2661d5bdd1cd9c2a
all_transformer_sequence_dnase_heldout_hct116,transformer,all,hct116,42,,sequence_dnase,7003,1240,4239,4266,0,0,a08287ce23c0a882,0.09694357214329996,0.3133468417629487,0.13078396699354258,cuda,625cc71596d7d94d,7,12.4,ecac199fa27ea80d,2661d5bdd1cd9c2a
all_transformer_sequence_dnase_heldout_hek293t,transformer,all,hek293t,42,,sequence_dnase,12270,2144,2333,0,0,0,4112243ccd34930a,-0.5212078916617495,-0.1894690080402925,0.1176162832334759,cuda,625cc71596d7d94d,7,12.4,ecac199fa27ea80d,2661d5bdd1cd9c2a
all_transformer_sequence_dnase_heldout_hela,transformer,all,hela,42,,sequence_dnase,3707,655,8101,4285,0,0,63c43a369c73b943,-0.009411013330692608,0.09262271383978198,0.1430275772107618,cuda,625cc71596d7d94d,7,12.4,ecac199fa27ea80d,2661d5bdd1cd9c2a
all_transformer_sequence_dnase_heldout_hl60,transformer,all,hl60,42,,sequence_dnase,12313,2186,2076,173,0,0,75ea831d98c66240,-0.060327979665335985,0.13768811186749066,0.09310694825288217,cuda,625cc71596d7d94d,7,12.4,ecac199fa27ea80d,2661d5bdd1cd9c2a
all_transformer_sequence_dnase_rrbs_heldout_hct116,transformer,all,hct116,42,,sequence_dnase_rrbs,7003,1240,4239,4266,0,0,a08287ce23c0a882,0.08890456978483907,0.2995587327285366,0.13104114833865138,cuda,625cc71596d7d94d,7,12.4,ecac199fa27ea80d,2661d5bdd1cd9c2a
all_transformer_sequence_dnase_rrbs_heldout_hek293t,transformer,all,hek293t,42,,sequence_dnase_rrbs,12270,2144,2333,0,0,0,4112243ccd34930a,-0.4679560636316231,-0.17284299096083613,0.11487919777037757,cuda,625cc71596d7d94d,7,12.4,ecac199fa27ea80d,2661d5bdd1cd9c2a
all_transformer_sequence_dnase_rrbs_heldout_hela,transformer,all,hela,42,,sequence_dnase_rrbs,3707,655,8101,4285,0,0,63c43a369c73b943,-0.01033076499121588,0.08388872367659092,0.14318131664973288,cuda,625cc71596d7d94d,7,12.4,ecac199fa27ea80d,2661d5bdd1cd9c2a
all_transformer_sequence_dnase_rrbs_heldout_hl60,transformer,all,hl60,42,,sequence_dnase_rrbs,12313,2186,2076,173,0,0,75ea831d98c66240,-0.07961155214722715,0.12554209418633192,0.09440560346497995,cuda,625cc71596d7d94d,7,12.4,ecac199fa27ea80d,2661d5bdd1cd9c2a
all_transformer_sequence_h3k4me3_heldout_hct116,transformer,all,hct116,42,,sequence_h3k4me3,7003,1240,4239,4266,0,0,a08287ce23c0a882,0.07371270560514454,0.3061963755561117,0.13397181346942297,cuda,625cc71596d7d94d,7,12.4,ecac199fa27ea80d,2661d5bdd1cd9c2a
all_transformer_sequence_h3k4me3_heldout_hek293t,transformer,all,hek293t,42,,sequence_h3k4me3,12270,2144,2333,0,0,0,4112243ccd34930a,-0.47467421178249314,-0.1695741468167974,0.11655544409942739,cuda,625cc71596d7d94d,7,12.4,ecac199fa27ea80d,2661d5bdd1cd9c2a
all_transformer_sequence_h3k4me3_heldout_hela,transformer,all,hela,42,,sequence_h3k4me3,3707,655,8101,4285,0,0,63c43a369c73b943,-0.0014977746517625956,0.09336955741292789,0.14442930806466003,cuda,625cc71596d7d94d,7,12.4,ecac199fa27ea80d,2661d5bdd1cd9c2a
all_transformer_sequence_h3k4me3_heldout_hl60,transformer,all,hl60,42,,sequence_h3k4me3,12313,2186,2076,173,0,0,75ea831d98c66240,-0.013477327511460357,0.15080443668069143,0.09106392370041654,cuda,625cc71596d7d94d,7,12.4,ecac199fa27ea80d,2661d5bdd1cd9c2a
all_transformer_sequence_h3k4me3_rrbs_heldout_hct116,transformer,all,hct116,42,,sequence_h3k4me3_rrbs,7003,1240,4239,4266,0,0,a08287ce23c0a882,0.07785762363519111,0.3108623881658033,0.13314743321732658,cuda,625cc71596d7d94d,7,12.4,ecac199fa27ea80d,2661d5bdd1cd9c2a
all_transformer_sequence_h3k4me3_rrbs_heldout_hek293t,transformer,all,hek293t,42,,sequence_h3k4me3_rrbs,12270,2144,2333,0,0,0,4112243ccd34930a,-0.5243058463006673,-0.1723932984868522,0.12035787776687398,cuda,625cc71596d7d94d,7,12.4,ecac199fa27ea80d,2661d5bdd1cd9c2a
all_transformer_sequence_h3k4me3_rrbs_heldout_hela,transformer,all,hela,42,,sequence_h3k4me3_rrbs,3707,655,8101,4285,0,0,63c43a369c73b943,-0.008355229067838366,0.0695382894863935,0.14414674507051534,cuda,625cc71596d7d94d,7,12.4,ecac199fa27ea80d,2661d5bdd1cd9c2a
all_transformer_sequence_h3k4me3_rrbs_heldout_hl60,transformer,all,hl60,42,,sequence_h3k4me3_rrbs,12313,2186,2076,173,0,0,75ea831d98c66240,-0.01825886367432905,0.16069121860435626,0.09146300296753157,cuda,625cc71596d7d94d,7,12.4,ecac199fa27ea80d,2661d5bdd1cd9c2a
all_transformer_sequence_heldout_hct116,transformer,all,hct116,42,,sequence,7003,1240,4239,4266,0,0,a08287ce23c0a882,0.09799799314352775,0.3265775653785916,0.12883234442711156,cuda,625cc71596d7d94d,7,12.4,ecac199fa27ea80d,2661d5bdd1cd9c2a
all_transformer_sequence_heldout_hek293t,transformer,all,hek293t,42,,sequence,12270,2144,2333,0,0,0,4112243ccd34930a,-0.48599074545487775,-0.15608475563260105,0.11519129322167124,cuda,625cc71596d7d94d,7,12.4,ecac199fa27ea80d,2661d5bdd1cd9c2a
all_transformer_sequence_heldout_hela,transformer,all,hela,42,,sequence,3707,655,8101,4285,0,0,63c43a369c73b943,-0.006561778466817048,0.08913474866442671,0.14347612923715553,cuda,625cc71596d7d94d,7,12.4,ecac199fa27ea80d,2661d5bdd1cd9c2a
all_transformer_sequence_heldout_hl60,transformer,all,hl60,42,,sequence,12313,2186,2076,173,0,0,75ea831d98c66240,-0.10640637881941162,0.12912097997050762,0.09544115517959573,cuda,625cc71596d7d94d,7,12.4,ecac199fa27ea80d,2661d5bdd1cd9c2a
all_transformer_sequence_rrbs_heldout_hct116,transformer,all,hct116,42,,sequence_rrbs,7003,1240,4239,4266,0,0,a08287ce23c0a882,0.09319430494991532,0.32620070264795037,0.1312981934430656,cuda,625cc71596d7d94d,7,12.4,ecac199fa27ea80d,2661d5bdd1cd9c2a
all_transformer_sequence_rrbs_heldout_hek293t,transformer,all,hek293t,42,,sequence_rrbs,12270,2144,2333,0,0,0,4112243ccd34930a,-0.42619159870859136,-0.16256004004735916,0.1147156597394137,cuda,625cc71596d7d94d,7,12.4,ecac199fa27ea80d,2661d5bdd1cd9c2a
all_transformer_sequence_rrbs_heldout_hela,transformer,all,hela,42,,sequence_rrbs,3707,655,8101,4285,0,0,63c43a369c73b943,-0.005695205707919149,0.0712272548285386,0.143936240229117,cuda,625cc71596d7d94d,7,12.4,ecac199fa27ea80d,2661d5bdd1cd9c2a
all_transformer_sequence_rrbs_heldout_hl60,transformer,all,hl60,42,,sequence_rrbs,12313,2186,2076,173,0,0,75ea831d98c66240,-0.10878479314202472,0.056841211370276416,0.09389094268070508,cuda,625cc71596d7d94d,7,12.4,ecac199fa27ea80d,2661d5bdd1cd9c2a
all_xgboost_all_heldout_hct116,xgboost,all,hct116,42,,all,7003,1240,4239,4266,0,0,a08287ce23c0a882,0.09135336556024054,0.3157547999664613,0.13214280321491131,,625cc71596d7d94d,7,,ecac199fa27ea80d,2661d5bdd1cd9c2a
all_xgboost_all_heldout_hek293t,xgboost,all,hek293t,42,,all,12270,2144,2333,0,0,0,4112243ccd34930a,-0.3576249551940054,-0.17941517916160787,0.11121036369549937,,625cc71596d7d94d,7,,ecac199fa27ea80d,2661d5bdd1cd9c2a
all_xgboost_all_heldout_hela,xgboost,all,hela,42,,all,3707,655,8101,4285,0,0,63c43a369c73b943,-0.0037570705317997444,0.07586326382428446,0.14415677962025344,,625cc71596d7d94d,7,,ecac199fa27ea80d,2661d5bdd1cd9c2a
all_xgboost_all_heldout_hl60,xgboost,all,hl60,42,,all,12313,2186,2076,173,0,0,75ea831d98c66240,-0.03122191871840818,0.17009472161977557,0.09111668587337483,,625cc71596d7d94d,7,,ecac199fa27ea80d,2661d5bdd1cd9c2a
all_xgboost_sequence_ctcf_dnase_h3k4me3_heldout_hct116,xgboost,all,hct116,42,,sequence_ctcf_dnase_h3k4me3,7003,1240,4239,4266,0,0,a08287ce23c0a882,0.09645825010938314,0.3178916083896137,0.1316983351682649,,625cc71596d7d94d,7,,ecac199fa27ea80d,2661d5bdd1cd9c2a
all_xgboost_sequence_ctcf_dnase_h3k4me3_heldout_hek293t,xgboost,all,hek293t,42,,sequence_ctcf_dnase_h3k4me3,12270,2144,2333,0,0,0,4112243ccd34930a,-0.442169842102593,-0.18544869227055608,0.11392326818589893,,625cc71596d7d94d,7,,ecac199fa27ea80d,2661d5bdd1cd9c2a
all_xgboost_sequence_ctcf_dnase_h3k4me3_heldout_hela,xgboost,all,hela,42,,sequence_ctcf_dnase_h3k4me3,3707,655,8101,4285,0,0,63c43a369c73b943,-0.0022473300292700227,0.08894099610391036,0.14400912198694008,,625cc71596d7d94d,7,,ecac199fa27ea80d,2661d5bdd1cd9c2a
all_xgboost_sequence_ctcf_dnase_h3k4me3_heldout_hl60,xgboost,all,hl60,42,,sequence_ctcf_dnase_h3k4me3,12313,2186,2076,173,0,0,75ea831d98c66240,-0.032084659643498936,0.17291197094871488,0.09126881338917939,,625cc71596d7d94d,7,,ecac199fa27ea80d,2661d5bdd1cd9c2a
all_xgboost_sequence_ctcf_dnase_heldout_hct116,xgboost,all,hct116,42,,sequence_ctcf_dnase,7003,1240,4239,4266,0,0,a08287ce23c0a882,0.09315450124724722,0.31370690466899753,0.13192365589032112,,625cc71596d7d94d,7,,ecac199fa27ea80d,2661d5bdd1cd9c2a
all_xgboost_sequence_ctcf_dnase_heldout_hek293t,xgboost,all,hek293t,42,,sequence_ctcf_dnase,12270,2144,2333,0,0,0,4112243ccd34930a,-0.43043917896277506,-0.17906015942179157,0.11371859040572774,,625cc71596d7d94d,7,,ecac199fa27ea80d,2661d5bdd1cd9c2a
all_xgboost_sequence_ctcf_dnase_heldout_hela,xgboost,all,hela,42,,sequence_ctcf_dnase,3707,655,8101,4285,0,0,63c43a369c73b943,-0.005123696814169021,0.08416647106852337,0.14400553182429296,,625cc71596d7d94d,7,,ecac199fa27ea80d,2661d5bdd1cd9c2a
all_xgboost_sequence_ctcf_dnase_heldout_hl60,xgboost,all,hl60,42,,sequence_ctcf_dnase,12313,2186,2076,173,0,0,75ea831d98c66240,0.0032282129668785853,0.1967281493331345,0.0900142841760665,,625cc71596d7d94d,7,,ecac199fa27ea80d,2661d5bdd1cd9c2a
all_xgboost_sequence_ctcf_dnase_rrbs_heldout_hct116,xgboost,all,hct116,42,,sequence_ctcf_dnase_rrbs,7003,1240,4239,4266,0,0,a08287ce23c0a882,0.08362982861098389,0.3028308900122513,0.13277500688562247,,625cc71596d7d94d,7,,ecac199fa27ea80d,2661d5bdd1cd9c2a
all_xgboost_sequence_ctcf_dnase_rrbs_heldout_hek293t,xgboost,all,hek293t,42,,sequence_ctcf_dnase_rrbs,12270,2144,2333,0,0,0,4112243ccd34930a,-0.42842319091254644,-0.1846216752606272,0.11350487930276237,,625cc71596d7d94d,7,,ecac199fa27ea80d,2661d5bdd1cd9c2a
all_xgboost_sequence_ctcf_dnase_rrbs_heldout_hela,xgboost,all,hela,42,,sequence_ctcf_dnase_rrbs,3707,655,8101,4285,0,0,63c43a369c73b943,-0.008217284791924628,0.054108101473871746,0.1442094548314373,,625cc71596d7d94d,7,,ecac199fa27ea80d,2661d5bdd1cd9c2a
all_xgboost_sequence_ctcf_dnase_rrbs_heldout_hl60,xgboost,all,hl60,42,,sequence_ctcf_dnase_rrbs,12313,2186,2076,173,0,0,75ea831d98c66240,-0.014168041087388117,0.18640121171408872,0.09032589776857769,,625cc71596d7d94d,7,,ecac199fa27ea80d,2661d5bdd1cd9c2a
all_xgboost_sequence_ctcf_h3k4me3_heldout_hct116,xgboost,all,hct116,42,,sequence_ctcf_h3k4me3,7003,1240,4239,4266,0,0,a08287ce23c0a882,0.09442572338144639,0.31481692664673316,0.13179342429374066,,625cc71596d7d94d,7,,ecac199fa27ea80d,2661d5bdd1cd9c2a
all_xgboost_sequence_ctcf_h3k4me3_heldout_hek293t,xgboost,all,hek293t,42,,sequence_ctcf_h3k4me3,12270,2144,2333,0,0,0,4112243ccd34930a,-0.4430889145785155,-0.18475753495535469,0.11381096379616666,,625cc71596d7d94d,7,,ecac199fa27ea80d,2661d5bdd1cd9c2a
all_xgboost_sequence_ctcf_h3k4me3_heldout_hela,xgboost,all,hela,42,,sequence_ctcf_h3k4me3,3707,655,8101,4285,0,0,63c43a369c73b943,-0.0022142638087052635,0.08918273673473116,0.14400598185002966,,625cc71596d7d94d,7,,ecac199fa27ea80d,2661d5bdd1cd9c2a
all_xgboost_sequence_ctcf_h3k4me3_heldout_hl60,xgboost,all,hl60,42,,sequence_ctcf_h3k4me3,12313,2186,2076,173,0,0,75ea831d98c66240,-0.013066379346807766,0.18486679203653375,0.09045052881261086,,625cc71596d7d94d,7,,ecac199fa27ea80d,2661d5bdd1cd9c2a
all_xgboost_sequence_ctcf_h3k4me3_rrbs_heldout_hct116,xgboost,all,hct116,42,,sequence_ctcf_h3k4me3_rrbs,7003,1240,4239,4266,0,0,a08287ce23c0a882,0.09565821907844041,0.3176731600618174,0.13169754292846764,,625cc71596d7d94d,7,,ecac199fa27ea80d,2661d5bdd1cd9c2a
all_xgboost_sequence_ctcf_h3k4me3_rrbs_heldout_hek293t,xgboost,all,hek293t,42,,sequence_ctcf_h3k4me3_rrbs,12270,2144,2333,0,0,0,4112243ccd34930a,-0.35095954339369806,-0.17677031103413354,0.11098107447918781,,625cc71596d7d94d,7,,ecac199fa27ea80d,2661d5bdd1cd9c2a
all_xgboost_sequence_ctcf_h3k4me3_rrbs_heldout_hela,xgboost,all,hela,42,,sequence_ctcf_h3k4me3_rrbs,3707,655,8101,4285,0,0,63c43a369c73b943,-0.003760109185713123,0.07667104398785649,0.14414667731906858,,625cc71596d7d94d,7,,ecac199fa27ea80d,2661d5bdd1cd9c2a
all_xgboost_sequence_ctcf_h3k4me3_rrbs_heldout_hl60,xgboost,all,hl60,42,,sequence_ctcf_h3k4me3_rrbs,12313,2186,2076,173,0,0,75ea831d98c66240,-0.0208806365887666,0.17569598580498705,0.09071434260595425,,625cc71596d7d94d,7,,ecac199fa27ea80d,2661d5bdd1cd9c2a
all_xgboost_sequence_ctcf_heldout_hct116,xgboost,all,hct116,42,,sequence_ctcf,7003,1240,4239,4266,0,0,a08287ce23c0a882,0.09144096864592455,0.3139050672569917,0.1320651428798702,,625cc71596d7d94d,7,,ecac199fa27ea80d,2661d5bdd1cd9c2a
all_xgboost_sequence_ctcf_heldout_hek293t,xgboost,all,hek293t,42,,sequence_ctcf,12270,2144,2333,0,0,0,4112243ccd34930a,-0.37317025349535915,-0.18328824940245833,0.11172315908018683,,625cc71596d7d94d,7,,ecac199fa27ea80d,2661d5bdd1cd9c2a
all_xgboost_sequence_ctcf_heldout_hela,xgboost,all,hela,42,,sequence_ctcf,3707,655,8101,4285,0,0,63c43a369c73b943,-0.005123696814169021,0.08416647106852337,0.14400553182429296,,625cc71596d7d94d,7,,ecac199fa27ea80d,2661d5bdd1cd9c2a
all_xgboost_sequence_ctcf_heldout_hl60,xgboost,all,hl60,42,,sequence_ctcf,12313,2186,2076,173,0,0,75ea831d98c66240,-0.012738506648250603,0.18455630260876923,0.0903102584328567,,625cc71596d7d94d,7,,ecac199fa27ea80d,2661d5bdd1cd9c2a
all_xgboost_sequence_ctcf_rrbs_heldout_hct116,xgboost,all,hct116,42,,sequence_ctcf_rrbs,7003,1240,4239,4266,0,0,a08287ce23c0a882,0.08524036969266457,0.30386337585176476,0.13265604728455474,,625cc71596d7d94d,7,,ecac199fa27ea80d,2661d5bdd1cd9c2a
all_xgboost_sequence_ctcf_rrbs_heldout_hek293t,xgboost,all,hek293t,42,,sequence_ctcf_rrbs,12270,2144,2333,0,0,0,4112243ccd34930a,-0.4269160475499556,-0.18595602501413802,0.1133512573782155,,625cc71596d7d94d,7,,ecac199fa27ea80d,2661d5bdd1cd9c2a
all_xgboost_sequence_ctcf_rrbs_heldout_hela,xgboost,all,hela,42,,sequence_ctcf_rrbs,3707,655,8101,4285,0,0,63c43a369c73b943,-0.008217284791924628,0.054108101473871746,0.1442094548314373,,625cc71596d7d94d,7,,ecac199fa27ea80d,2661d5bdd1cd9c2a
all_xgboost_sequence_ctcf_rrbs_heldout_hl60,xgboost,all,hl60,42,,sequence_ctcf_rrbs,12313,2186,2076,173,0,0,75ea831d98c66240,-0.012035871423166755,0.1840900574545297,0.09022891787123043,,625cc71596d7d94d,7,,ecac199fa27ea80d,2661d5bdd1cd9c2a
all_xgboost_sequence_dnase_h3k4me3_heldout_hct116,xgboost,all,hct116,42,,sequence_dnase_h3k4me3,7003,1240,4239,4266,0,0,a08287ce23c0a882,0.09262464792114311,0.3298216465321249,0.13198895554517737,,625cc71596d7d94d,7,,ecac199fa27ea80d,2661d5bdd1cd9c2a
all_xgboost_sequence_dnase_h3k4me3_heldout_hek293t,xgboost,all,hek293t,42,,sequence_dnase_h3k4me3,12270,2144,2333,0,0,0,4112243ccd34930a,-0.4667874103841432,-0.19739895017569842,0.11445068428751945,,625cc71596d7d94d,7,,ecac199fa27ea80d,2661d5bdd1cd9c2a
all_xgboost_sequence_dnase_h3k4me3_heldout_hela,xgboost,all,hela,42,,sequence_dnase_h3k4me3,3707,655,8101,4285,0,0,63c43a369c73b943,0.002270001993739945,0.12927833853458978,0.14294567467880587,,625cc71596d7d94d,7,,ecac199fa27ea80d,2661d5bdd1cd9c2a
all_xgboost_sequence_dnase_h3k4me3_heldout_hl60,xgboost,all,hl60,42,,sequence_dnase_h3k4me3,12313,2186,2076,173,0,0,75ea831d98c66240,-0.010200296477362869,0.2260696680748305,0.09084692107592503,,625cc71596d7d94d,7,,ecac199fa27ea80d,2661d5bdd1cd9c2a
all_xgboost_sequence_dnase_h3k4me3_rrbs_heldout_hct116,xgboost,all,hct116,42,,sequence_dnase_h3k4me3_rrbs,7003,1240,4239,4266,0,0,a08287ce23c0a882,0.09307457823371967,0.3279702566550976,0.13196510245603105,,625cc71596d7d94d,7,,ecac199fa27ea80d,2661d5bdd1cd9c2a
all_xgboost_sequence_dnase_h3k4me3_rrbs_heldout_hek293t,xgboost,all,hek293t,42,,sequence_dnase_h3k4me3_rrbs,12270,2144,2333,0,0,0,4112243ccd34930a,-0.3604500537034323,-0.1931552147986835,0.11164280551693698,,625cc71596d7d94d,7,,ecac199fa27ea80d,2661d5bdd1cd9c2a
all_xgboost_sequence_dnase_h3k4me3_rrbs_heldout_hela,xgboost,all,hela,42,,sequence_dnase_h3k4me3_rrbs,3707,655,8101,4285,0,0,63c43a369c73b943,-0.0046800350451743356,0.09946290103330599,0.1434186155503216,,625cc71596d7d94d,7,,ecac199fa27ea80d,2661d5bdd1cd9c2a
all_xgboost_sequence_dnase_h3k4me3_rrbs_heldout_hl60,xgboost,all,hl60,42,,sequence_dnase_h3k4me3_rrbs,12313,2186,2076,173,0,0,75ea831d98c66240,-0.01077904468504709,0.22619363751677335,0.09106868723055675,,625cc71596d7d94d,7,,ecac199fa27ea80d,2661d5bdd1cd9c2a
all_xgboost_sequence_dnase_heldout_hct116,xgboost,all,hct116,42,,sequence_dnase,7003,1240,4239,4266,0,0,a08287ce23c0a882,0.10258911557815398,0.3351868376226632,0.13133198005262706,,625cc71596d7d94d,7,,ecac199fa27ea80d,2661d5bdd1cd9c2a
all_xgboost_sequence_dnase_heldout_hek293t,xgboost,all,hek293t,42,,sequence_dnase,12270,2144,2333,0,0,0,4112243ccd34930a,-0.44953496723220354,-0.19272285706051182,0.11409786935501276,,625cc71596d7d94d,7,,ecac199fa27ea80d,2661d5bdd1cd9c2a
all_xgboost_sequence_dnase_heldout_hela,xgboost,all,hela,42,,sequence_dnase,3707,655,8101,4285,0,0,63c43a369c73b943,-0.0006587516239071611,0.11455421801004376,0.14300384206510514,,625cc71596d7d94d,7,,ecac199fa27ea80d,2661d5bdd1cd9c2a
all_xgboost_sequence_dnase_heldout_hl60,xgboost,all,hl60,42,,sequence_dnase,12313,2186,2076,173,0,0,75ea831d98c66240,-0.019219196732475963,0.21517547171291637,0.09143091170189037,,625cc71596d7d94d,7,,ecac199fa27ea80d,2661d5bdd1cd9c2a
all_xgboost_sequence_dnase_rrbs_heldout_hct116,xgboost,all,hct116,42,,sequence_dnase_rrbs,7003,1240,4239,4266,0,0,a08287ce23c0a882,0.10342339924996224,0.33148689196311565,0.13113671465632598,,625cc71596d7d94d,7,,ecac199fa27ea80d,2661d5bdd1cd9c2a
all_xgboost_sequence_dnase_rrbs_heldout_hek293t,xgboost,all,hek293t,42,,sequence_dnase_rrbs,12270,2144,2333,0,0,0,4112243ccd34930a,-0.43514216761592417,-0.19537572653643595,0.11369077595444999,,625cc71596d7d94d,7,,ecac199fa27ea80d,2661d5bdd1cd9c2a
all_xgboost_sequence_dnase_rrbs_heldout_hela,xgboost,all,hela,42,,sequence_dnase_rrbs,3707,655,8101,4285,0,0,63c43a369c73b943,-0.007136542240458121,0.08563909777355229,0.14349441955626982,,625cc71596d7d94d,7,,ecac199fa27ea80d,2661d5bdd1cd9c2a
all_xgboost_sequence_dnase_rrbs_heldout_hl60,xgboost,all,hl60,42,,sequence_dnase_rrbs,12313,2186,2076,173,0,0,75ea831d98c66240,-0.017765975952884316,0.21879787730111908,0.09128475411093448,,625cc71596d7d94d,7,,ecac199fa27ea80d,2661d5bdd1cd9c2a
all_xgboost_sequence_h3k4me3_heldout_hct116,xgboost,all,hct116,42,,sequence_h3k4me3,7003,1240,4239,4266,0,0,a08287ce23c0a882,0.10004620966863664,0.3316106676001871,0.1313285265336365,,625cc71596d7d94d,7,,ecac199fa27ea80d,2661d5bdd1cd9c2a
all_xgboost_sequence_h3k4me3_heldout_hek293t,xgboost,all,hek293t,42,,sequence_h3k4me3,12270,2144,2333,0,0,0,4112243ccd34930a,-0.46694808897260653,-0.19408832397767745,0.11445400683768972,,625cc71596d7d94d,7,,ecac199fa27ea80d,2661d5bdd1cd9c2a
all_xgboost_sequence_h3k4me3_heldout_hela,xgboost,all,hela,42,,sequence_h3k4me3,3707,655,8101,4285,0,0,63c43a369c73b943,-0.007043856013625005,0.0931795496515665,0.14357218550490894,,625cc71596d7d94d,7,,ecac199fa27ea80d,2661d5bdd1cd9c2a
all_xgboost_sequence_h3k4me3_heldout_hl60,xgboost,all,hl60,42,,sequence_h3k4me3,12313,2186,2076,173,0,0,75ea831d98c66240,-0.010978637995303853,0.22029840500156178,0.09091560770569078,,625cc71596d7d94d,7,,ecac199fa27ea80d,2661d5bdd1cd9c2a
all_xgboost_sequence_h3k4me3_rrbs_heldout_hct116,xgboost,all,hct116,42,,sequence_h3k4me3_rrbs,7003,1240,4239,4266,0,0,a08287ce23c0a882,0.09321958518932882,0.32842256867559183,0.13193795125375296,,625cc71596d7d94d,7,,ecac199fa27ea80d,2661d5bdd1cd9c2a
all_xgboost_sequence_h3k4me3_rrbs_heldout_hek293t,xgboost,all,hek293t,42,,sequence_h3k4me3_rrbs,12270,2144,2333,0,0,0,4112243ccd34930a,-0.4428235793720381,-0.19580592834338892,0.11387591934381663,,625cc71596d7d94d,7,,ecac199fa27ea80d,2661d5bdd1cd9c2a
all_xgboost_sequence_h3k4me3_rrbs_heldout_hela,xgboost,all,hela,42,,sequence_h3k4me3_rrbs,3707,655,8101,4285,0,0,63c43a369c73b943,-0.004665718976508693,0.09808048910626133,0.14342049712312774,,625cc71596d7d94d,7,,ecac199fa27ea80d,2661d5bdd1cd9c2a
all_xgboost_sequence_h3k4me3_rrbs_heldout_hl60,xgboost,all,hl60,42,,sequence_h3k4me3_rrbs,12313,2186,2076,173,0,0,75ea831d98c66240,-0.005804029164531599,0.22302410173110088,0.09073177691071738,,625cc71596d7d94d,7,,ecac199fa27ea80d,2661d5bdd1cd9c2a
all_xgboost_sequence_heldout_hct116,xgboost,all,hct116,42,,sequence,7003,1240,4239,4266,0,0,a08287ce23c0a882,0.10226866842819238,0.33471910047963216,0.13134511343131286,,625cc71596d7d94d,7,,ecac199fa27ea80d,2661d5bdd1cd9c2a
all_xgboost_sequence_heldout_hek293t,xgboost,all,hek293t,42,,sequence,12270,2144,2333,0,0,0,4112243ccd34930a,-0.4586661654382509,-0.19187023070001077,0.11441843708728804,,625cc71596d7d94d,7,,ecac199fa27ea80d,2661d5bdd1cd9c2a
all_xgboost_sequence_heldout_hela,xgboost,all,hela,42,,sequence,3707,655,8101,4285,0,0,63c43a369c73b943,0.0017708616812232014,0.11821408204363422,0.14308393919105936,,625cc71596d7d94d,7,,ecac199fa27ea80d,2661d5bdd1cd9c2a
all_xgboost_sequence_heldout_hl60,xgboost,all,hl60,42,,sequence,12313,2186,2076,173,0,0,75ea831d98c66240,-0.016126636666379257,0.21526419849429484,0.09115914790577082,,625cc71596d7d94d,7,,ecac199fa27ea80d,2661d5bdd1cd9c2a
all_xgboost_sequence_rrbs_heldout_hct116,xgboost,all,hct116,42,,sequence_rrbs,7003,1240,4239,4266,0,0,a08287ce23c0a882,0.09231454411628326,0.3282842340667745,0.1320871778797102,,625cc71596d7d94d,7,,ecac199fa27ea80d,2661d5bdd1cd9c2a
all_xgboost_sequence_rrbs_heldout_hek293t,xgboost,all,hek293t,42,,sequence_rrbs,12270,2144,2333,0,0,0,4112243ccd34930a,-0.43719896551574644,-0.19248617872869647,0.11353025514994933,,625cc71596d7d94d,7,,ecac199fa27ea80d,2661d5bdd1cd9c2a
all_xgboost_sequence_rrbs_heldout_hela,xgboost,all,hela,42,,sequence_rrbs,3707,655,8101,4285,0,0,63c43a369c73b943,-0.007245353365812335,0.08471181397075576,0.1434959003833059,,625cc71596d7d94d,7,,ecac199fa27ea80d,2661d5bdd1cd9c2a
all_xgboost_sequence_rrbs_heldout_hl60,xgboost,all,hl60,42,,sequence_rrbs,12313,2186,2076,173,0,0,75ea831d98c66240,-0.023770204079621715,0.21555375086516332,0.09167871034662876,,625cc71596d7d94d,7,,ecac199fa27ea80d,2661d5bdd1cd9c2a
mixed_cnn_all_seed_42_kernel_3,cnn,mixed,,42,3,all,11738,2485,2526,,0,0,a5e7933d539d4faf,0.04813474933068007,0.2214331400078242,0.12541911615512413,cuda,625cc71596d7d94d,7,12.4,ecac199fa27ea80d,2661d5bdd1cd9c2a
mixed_cnn_all_seed_42_kernel_5,cnn,mixed,,42,5,all,11738,2485,2526,,0,0,a5e7933d539d4faf,0.08534477073652369,0.30035730702990765,0.1208629569413135,cuda,625cc71596d7d94d,7,12.4,ecac199fa27ea80d,2661d5bdd1cd9c2a
mixed_cnn_all_seed_42_kernel_7,cnn,mixed,,42,7,all,11738,2485,2526,,0,0,a5e7933d539d4faf,0.0919122911911866,0.3082412851272909,0.12328788248933577,cuda,625cc71596d7d94d,7,12.4,ecac199fa27ea80d,2661d5bdd1cd9c2a
mixed_cnn_all_seed_43_kernel_3,cnn,mixed,,43,3,all,11736,2514,2499,,0,0,26ea68ffa65d09d3,0.026190353060549287,0.19835036595093156,0.1280250387862703,cuda,625cc71596d7d94d,7,12.4,ecac199fa27ea80d,2661d5bdd1cd9c2a
mixed_cnn_all_seed_43_kernel_5,cnn,mixed,,43,5,all,11736,2514,2499,,0,0,26ea68ffa65d09d3,0.062311653263249056,0.27970484582259525,0.12516843496453148,cuda,625cc71596d7d94d,7,12.4,ecac199fa27ea80d,2661d5bdd1cd9c2a
mixed_cnn_all_seed_43_kernel_7,cnn,mixed,,43,7,all,11736,2514,2499,,0,0,26ea68ffa65d09d3,0.0876765059504544,0.3001183439662228,0.12442045826883688,cuda,625cc71596d7d94d,7,12.4,ecac199fa27ea80d,2661d5bdd1cd9c2a
mixed_cnn_all_seed_44_kernel_3,cnn,mixed,,44,3,all,11709,2537,2503,,0,0,2b941cab9d9c6a8b,0.0383312323788777,0.20360677261553894,0.1316619028612269,cuda,625cc71596d7d94d,7,12.4,ecac199fa27ea80d,2661d5bdd1cd9c2a
mixed_cnn_all_seed_44_kernel_5,cnn,mixed,,44,5,all,11709,2537,2503,,0,0,2b941cab9d9c6a8b,0.07595841475963072,0.28849505022752026,0.1293424287114383,cuda,625cc71596d7d94d,7,12.4,ecac199fa27ea80d,2661d5bdd1cd9c2a
mixed_cnn_all_seed_44_kernel_7,cnn,mixed,,44,7,all,11709,2537,2503,,0,0,2b941cab9d9c6a8b,0.08191165510430243,0.28779733896379,0.12788406179907547,cuda,625cc71596d7d94d,7,12.4,ecac199fa27ea80d,2661d5bdd1cd9c2a
mixed_cnn_all_seed_45_kernel_3,cnn,mixed,,45,3,all,11694,2554,2501,,0,0,924014e29b603230,0.04978841902516562,0.22740702734038207,0.12695214698121965,cuda,625cc71596d7d94d,7,12.4,ecac199fa27ea80d,2661d5bdd1cd9c2a
mixed_cnn_all_seed_45_kernel_5,cnn,mixed,,45,5,all,11694,2554,2501,,0,0,924014e29b603230,0.0758380844043981,0.28809057117459463,0.12225475254345641,cuda,625cc71596d7d94d,7,12.4,ecac199fa27ea80d,2661d5bdd1cd9c2a
mixed_cnn_all_seed_45_kernel_7,cnn,mixed,,45,7,all,11694,2554,2501,,0,0,924014e29b603230,0.07589258869631788,0.29019014810059973,0.12129185682129408,cuda,625cc71596d7d94d,7,12.4,ecac199fa27ea80d,2661d5bdd1cd9c2a
mixed_cnn_sequence_ctcf_dnase_h3k4me3_seed_42_kernel_3,cnn,mixed,,42,3,sequence_ctcf_dnase_h3k4me3,11738,2485,2526,,0,0,a5e7933d539d4faf,0.041561288997134516,0.22152216885450068,0.12692906390313088,cuda,625cc71596d7d94d,7,12.4,ecac199fa27ea80d,2661d5bdd1cd9c2a
mixed_cnn_sequence_ctcf_dnase_h3k4me3_seed_42_kernel_5,cnn,mixed,,42,5,sequence_ctcf_dnase_h3k4me3,11738,2485,2526,,0,0,a5e7933d539d4faf,0.061092523747447225,0.2836729631493,0.1265999378323619,cuda,625cc71596d7d94d,7,12.4,ecac199fa27ea80d,2661d5bdd1cd9c2a
mixed_cnn_sequence_ctcf_dnase_h3k4me3_seed_42_kernel_7,cnn,mixed,,42,7,sequence_ctcf_dnase_h3k4me3,11738,2485,2526,,0,0,a5e7933d539d4faf,0.09014492012128184,0.30810206257503575,0.12180250567070075,cuda,625cc71596d7d94d,7,12.4,ecac199fa27ea80d,2661d5bdd1cd9c2a
mixed_cnn_sequence_ctcf_dnase_h3k4me3_seed_43_kernel_3,cnn,mixed,,43,3,sequence_ctcf_dnase_h3k4me3,11736,2514,2499,,0,0,26ea68ffa65d09d3,0.044664252598327736,0.217074329356773,0.128249958904922,cuda,625cc71596d7d94d,7,12.4,ecac199fa27ea80d,2661d5bdd1cd9c2a
mixed_cnn_sequence_ctcf_dnase_h3k4me3_seed_43_kernel_5,cnn,mixed,,43,5,sequence_ctcf_dnase_h3k4me3,11736,2514,2499,,0,0,26ea68ffa65d09d3,0.07611485177644195,0.28319029845248445,0.1276706870204919,cuda,625cc71596d7d94d,7,12.4,ecac199fa27ea80d,2661d5bdd1cd9c2a
mixed_cnn_sequence_ctcf_dnase_h3k4me3_seed_43_kernel_7,cnn,mixed,,43,7,sequence_ctcf_dnase_h3k4me3,11736,2514,2499,,0,0,26ea68ffa65d09d3,0.0911056217783619,0.3061224589174644,0.12490356091512687,cuda,625cc71596d7d94d,7,12.4,ecac199fa27ea80d,2661d5bdd1cd9c2a
mixed_cnn_sequence_ctcf_dnase_h3k4me3_seed_44_kernel_3,cnn,mixed,,44,3,sequence_ctcf_dnase_h3k4me3,11709,2537,2503,,0,0,2b941cab9d9c6a8b,0.03988830230082896,0.20545537155228236,0.13241786654083088,cuda,625cc71596d7d94d,7,12.4,ecac199fa27ea80d,2661d5bdd1cd9c2a
mixed_cnn_sequence_ctcf_dnase_h3k4me3_seed_44_kernel_5,cnn,mixed,,44,5,sequence_ctcf_dnase_h3k4me3,11709,2537,2503,,0,0,2b941cab9d9c6a8b,0.07083457706935492,0.28050405591999694,0.12926229392187658,cuda,625cc71596d7d94d,7,12.4,ecac199fa27ea80d,2661d5bdd1cd9c2a
mixed_cnn_sequence_ctcf_dnase_h3k4me3_seed_44_kernel_7,cnn,mixed,,44,7,sequence_ctcf_dnase_h3k4me3,11709,2537,2503,,0,0,2b941cab9d9c6a8b,0.07527854264045042,0.2918315339625193,0.1281950180282979,cuda,625cc71596d7d94d,7,12.4,ecac199fa27ea80d,2661d5bdd1cd9c2a
mixed_cnn_sequence_ctcf_dnase_h3k4me3_seed_45_kernel_3,cnn,mixed,,45,3,sequence_ctcf_dnase_h3k4me3,11694,2554,2501,,0,0,924014e29b603230,0.05582623486393301,0.24102452407316655,0.12359424947716965,cuda,625cc71596d7d94d,7,12.4,ecac199fa27ea80d,2661d5bdd1cd9c2a
mixed_cnn_sequence_ctcf_dnase_h3k4me3_seed_45_kernel_5,cnn,mixed,,45,5,sequence_ctcf_dnase_h3k4me3,11694,2554,2501,,0,0,924014e29b603230,0.07417915107526762,0.27489557262024145,0.12294095868448365,cuda,625cc71596d7d94d,7,12.4,ecac199fa27ea80d,2661d5bdd1cd9c2a
mixed_cnn_sequence_ctcf_dnase_h3k4me3_seed_45_kernel_7,cnn,mixed,,45,7,sequence_ctcf_dnase_h3k4me3,11694,2554,2501,,0,0,924014e29b603230,0.06806807752667143,0.27648811337032303,0.122029166741896,cuda,625cc71596d7d94d,7,12.4,ecac199fa27ea80d,2661d5bdd1cd9c2a
mixed_cnn_sequence_ctcf_dnase_rrbs_seed_42_kernel_3,cnn,mixed,,42,3,sequence_ctcf_dnase_rrbs,11738,2485,2526,,0,0,a5e7933d539d4faf,0.046798591282545265,0.2325528037824033,0.12800785370761858,cuda,625cc71596d7d94d,7,12.4,ecac199fa27ea80d,2661d5bdd1cd9c2a
mixed_cnn_sequence_ctcf_dnase_rrbs_seed_42_kernel_5,cnn,mixed,,42,5,sequence_ctcf_dnase_rrbs,11738,2485,2526,,0,0,a5e7933d539d4faf,0.08265842425176517,0.29467340495643723,0.12317804809486571,cuda,625cc71596d7d94d,7,12.4,ecac199fa27ea80d,2661d5bdd1cd9c2a
mixed_cnn_sequence_ctcf_dnase_rrbs_seed_42_kernel_7,cnn,mixed,,42,7,sequence_ctcf_dnase_rrbs,11738,2485,2526,,0,0,a5e7933d539d4faf,0.09528138489960403,0.31618319579247156,0.12044219015678788,cuda,625cc71596d7d94d,7,12.4,ecac199fa27ea80d,2661d5bdd1cd9c2a
mixed_cnn_sequence_ctcf_dnase_rrbs_seed_43_kernel_3,cnn,mixed,,43,3,sequence_ctcf_dnase_rrbs,11736,2514,2499,,0,0,26ea68ffa65d09d3,0.04116492611567246,0.21815340139956485,0.12755965899913016,cuda,625cc71596d7d94d,7,12.4,ecac199fa27ea80d,2661d5bdd1cd9c2a
mixed_cnn_sequence_ctcf_dnase_rrbs_seed_43_kernel_5,cnn,mixed,,43,5,sequence_ctcf_dnase_rrbs,11736,2514,2499,,0,0,26ea68ffa65d09d3,0.07264972296842387,0.282836619711733,0.1276837497516688,cuda,625cc71596d7d94d,7,12.4,ecac199fa27ea80d,2661d5bdd1cd9c2a
mixed_cnn_sequence_ctcf_dnase_rrbs_seed_43_kernel_7,cnn,mixed,,43,7,sequence_ctcf_dnase_rrbs,11736,2514,2499,,0,0,26ea68ffa65d09d3,0.08345911272414352,0.29091765327750735,0.12558448340509645,cuda,625cc71596d7d94d,7,12.4,ecac199fa27ea80d,2661d5bdd1cd9c2a
mixed_cnn_sequence_ctcf_dnase_rrbs_seed_44_kernel_3,cnn,mixed,,44,3,sequence_ctcf_dnase_rrbs,11709,2537,2503,,0,0,2b941cab9d9c6a8b,0.03932326050788382,0.20927893059596658,0.1319446344337122,cuda,625cc71596d7d94d,7,12.4,ecac199fa27ea80d,2661d5bdd1cd9c2a
mixed_cnn_sequence_ctcf_dnase_rrbs_seed_44_kernel_5,cnn,mixed,,44,5,sequence_ctcf_dnase_rrbs,11709,2537,2503,,0,0,2b941cab9d9c6a8b,0.06063625720903465,0.25885466685664565,0.12799332828733131,cuda,625cc71596d7d94d,7,12.4,ecac199fa27ea80d,2661d5bdd1cd9c2a
mixed_cnn_sequence_ctcf_dnase_rrbs_seed_44_kernel_7,cnn,mixed,,44,7,sequence_ctcf_dnase_rrbs,11709,2537,2503,,0,0,2b941cab9d9c6a8b,0.07903698280353266,0.28607187263114,0.12856332245690258,cuda,625cc71596d7d94d,7,12.4,ecac199fa27ea80d,2661d5bdd1cd9c2a
mixed_cnn_sequence_ctcf_dnase_rrbs_seed_45_kernel_3,cnn,mixed,,45,3,sequence_ctcf_dnase_rrbs,11694,2554,2501,,0,0,924014e29b603230,0.03676592369673426,0.20547195343310617,0.12448798644954379,cuda,625cc71596d7d94d,7,12.4,ecac199fa27ea80d,2661d5bdd1cd9c2a
mixed_cnn_sequence_ctcf_dnase_rrbs_seed_45_kernel_5,cnn,mixed,,45,5,sequence_ctcf_dnase_rrbs,11694,2554,2501,,0,0,924014e29b603230,0.06769886089594146,0.27073299915425686,0.12452393935878155,cuda,625cc71596d7d94d,7,12.4,ecac199fa27ea80d,2661d5bdd1cd9c2a
mixed_cnn_sequence_ctcf_dnase_rrbs_seed_45_kernel_7,cnn,mixed,,45,7,sequence_ctcf_dnase_rrbs,11694,2554,2501,,0,0,924014e29b603230,0.05968476093633057,0.2776615806362995,0.12087502913565462,cuda,625cc71596d7d94d,7,12.4,ecac199fa27ea80d,2661d5bdd1cd9c2a
mixed_cnn_sequence_ctcf_dnase_seed_42_kernel_3,cnn,mixed,,42,3,sequence_ctcf_dnase,11738,2485,2526,,0,0,a5e7933d539d4faf,0.05529203008298744,0.23520629244127758,0.12449314664274456,cuda,625cc71596d7d94d,7,12.4,ecac199fa27ea80d,2661d5bdd1cd9c2a
mixed_cnn_sequence_ctcf_dnase_seed_42_kernel_5,cnn,mixed,,42,5,sequence_ctcf_dnase,11738,2485,2526,,0,0,a5e7933d539d4faf,0.06293133239174753,0.2794962163667858,0.12492930843276703,cuda,625cc71596d7d94d,7,12.4,ecac199fa27ea80d,2661d5bdd1cd9c2a
mixed_cnn_sequence_ctcf_dnase_seed_42_kernel_7,cnn,mixed,,42,7,sequence_ctcf_dnase,11738,2485,2526,,0,0,a5e7933d539d4faf,0.06707784389043214,0.26233715833062826,0.12442402000258936,cuda,625cc71596d7d94d,7,12.4,ecac199fa27ea80d,2661d5bdd1cd9c2a
mixed_cnn_sequence_ctcf_dnase_seed_43_kernel_3,cnn,mixed,,43,3,sequence_ctcf_dnase,11736,2514,2499,,0,0,26ea68ffa65d09d3,0.04035345498839993,0.20666382964221447,0.1299911380287589,cuda,625cc71596d7d94d,7,12.4,ecac199fa27ea80d,2661d5bdd1cd9c2a
mixed_cnn_sequence_ctcf_dnase_seed_43_kernel_5,cnn,mixed,,43,5,sequence_ctcf_dnase,11736,2514,2499,,0,0,26ea68ffa65d09d3,0.07638474849359989,0.27998204662413967,0.1252243264057046,cuda,625cc71596d7d94d,7,12.4,ecac199fa27ea80d,2661d5bdd1cd9c2a
mixed_cnn_sequence_ctcf_dnase_seed_43_kernel_7,cnn,mixed,,43,7,sequence_ctcf_dnase,11736,2514,2499,,0,0,26ea68ffa65d09d3,0.08107393196962553,0.3000753031723113,0.12371402846128192,cuda,625cc71596d7d94d,7,12.4,ecac199fa27ea80d,2661d5bdd1cd9c2a
mixed_cnn_sequence_ctcf_dnase_seed_44_kernel_3,cnn,mixed,,44,3,sequence_ctcf_dnase,11709,2537,2503,,0,0,2b941cab9d9c6a8b,0.03962326295168894,0.21094245517283036,0.13082482435048828,cuda,625cc71596d7d94d,7,12.4,ecac199fa27ea80d,2661d5bdd1cd9c2a
mixed_cnn_sequence_ctcf_dnase_seed_44_kernel_5,cnn,mixed,,44,5,sequence_ctcf_dnase,11709,2537,2503,,0,0,2b941cab9d9c6a8b,0.06323928040739601,0.27982523768554884,0.12699331706884653,cuda,625cc71596d7d94d,7,12.4,ecac199fa27ea80d,2661d5bdd1cd9c2a
mixed_cnn_sequence_ctcf_dnase_seed_44_kernel_7,cnn,mixed,,44,7,sequence_ctcf_dnase,11709,2537,2503,,0,0,2b941cab9d9c6a8b,0.07295151849904025,0.2850607722036126,0.12691055269762308,cuda,625cc71596d7d94d,7,12.4,ecac199fa27ea80d,2661d5bdd1cd9c2a
mixed_cnn_sequence_ctcf_dnase_seed_45_kernel_3,cnn,mixed,,45,3,sequence_ctcf_dnase,11694,2554,2501,,0,0,924014e29b603230,0.046309646086675205,0.22117065472252392,0.12489057246804433,cuda,625cc71596d7d94d,7,12.4,ecac199fa27ea80d,2661d5bdd1cd9c2a
mixed_cnn_sequence_ctcf_dnase_seed_45_kernel_5,cnn,mixed,,45,5,sequence_ctcf_dnase,11694,2554,2501,,0,0,924014e29b603230,0.06946400666477093,0.2828112285755482,0.1223030176845931,cuda,625cc71596d7d94d,7,12.4,ecac199fa27ea80d,2661d5bdd1cd9c2a
mixed_cnn_sequence_ctcf_dnase_seed_45_kernel_7,cnn,mixed,,45,7,sequence_ctcf_dnase,11694,2554,2501,,0,0,924014e29b603230,0.06049486640731494,0.2912573927743527,0.12026570011693213,cuda,625cc71596d7d94d,7,12.4,ecac199fa27ea80d,2661d5bdd1cd9c2a
mixed_cnn_sequence_ctcf_h3k4me3_rrbs_seed_42_kernel_3,cnn,mixed,,42,3,sequence_ctcf_h3k4me3_rrbs,11738,2485,2526,,0,0,a5e7933d539d4faf,0.043115631033126545,0.22093519582914303,0.12823638462297968,cuda,625cc71596d7d94d,7,12.4,ecac199fa27ea80d,2661d5bdd1cd9c2a
mixed_cnn_sequence_ctcf_h3k4me3_rrbs_seed_42_kernel_5,cnn,mixed,,42,5,sequence_ctcf_h3k4me3_rrbs,11738,2485,2526,,0,0,a5e7933d539d4faf,0.0700730628606363,0.2960553874605092,0.12567551721487058,cuda,625cc71596d7d94d,7,12.4,ecac199fa27ea80d,2661d5bdd1cd9c2a
mixed_cnn_sequence_ctcf_h3k4me3_rrbs_seed_42_kernel_7,cnn,mixed,,42,7,sequence_ctcf_h3k4me3_rrbs,11738,2485,2526,,0,0,a5e7933d539d4faf,0.08296698363712396,0.30269505671850494,0.11937402643759741,cuda,625cc71596d7d94d,7,12.4,ecac199fa27ea80d,2661d5bdd1cd9c2a
mixed_cnn_sequence_ctcf_h3k4me3_rrbs_seed_43_kernel_3,cnn,mixed,,43,3,sequence_ctcf_h3k4me3_rrbs,11736,2514,2499,,0,0,26ea68ffa65d09d3,0.04081578457673296,0.21637870933201364,0.12829624269868625,cuda,625cc71596d7d94d,7,12.4,ecac199fa27ea80d,2661d5bdd1cd9c2a
mixed_cnn_sequence_ctcf_h3k4me3_rrbs_seed_43_kernel_5,cnn,mixed,,43,5,sequence_ctcf_h3k4me3_rrbs,11736,2514,2499,,0,0,26ea68ffa65d09d3,0.08592366224334425,0.2946638324834136,0.12635105230763802,cuda,625cc71596d7d94d,7,12.4,ecac199fa27ea80d,2661d5bdd1cd9c2a
mixed_cnn_sequence_ctcf_h3k4me3_rrbs_seed_43_kernel_7,cnn,mixed,,43,7,sequence_ctcf_h3k4me3_rrbs,11736,2514,2499,,0,0,26ea68ffa65d09d3,0.09697858240315538,0.3124256549091439,0.12609654080240382,cuda,625cc71596d7d94d,7,12.4,ecac199fa27ea80d,2661d5bdd1cd9c2a
mixed_cnn_sequence_ctcf_h3k4me3_rrbs_seed_44_kernel_3,cnn,mixed,,44,3,sequence_ctcf_h3k4me3_rrbs,11709,2537,2503,,0,0,2b941cab9d9c6a8b,0.040321744789353686,0.20743216489468,0.13147482497389143,cuda,625cc71596d7d94d,7,12.4,ecac199fa27ea80d,2661d5bdd1cd9c2a
mixed_cnn_sequence_ctcf_h3k4me3_rrbs_seed_44_kernel_5,cnn,mixed,,44,5,sequence_ctcf_h3k4me3_rrbs,11709,2537,2503,,0,0,2b941cab9d9c6a8b,0.06130687827215686,0.2585903515853813,0.12938326369759695,cuda,625cc71596d7d94d,7,12.4,ecac199fa27ea80d,2661d5bdd1cd9c2a
mixed_cnn_sequence_ctcf_h3k4me3_rrbs_seed_44_kernel_7,cnn,mixed,,44,7,sequence_ctcf_h3k4me3_rrbs,11709,2537,2503,,0,0,2b941cab9d9c6a8b,0.07569429997803168,0.29782598946687183,0.1261746522260192,cuda,625cc71596d7d94d,7,12.4,ecac199fa27ea80d,2661d5bdd1cd9c2a
mixed_cnn_sequence_ctcf_h3k4me3_rrbs_seed_45_kernel_3,cnn,mixed,,45,3,sequence_ctcf_h3k4me3_rrbs,11694,2554,2501,,0,0,924014e29b603230,0.039661081443856605,0.2123240034833182,0.12412033481225025,cuda,625cc71596d7d94d,7,12.4,ecac199fa27ea80d,2661d5bdd1cd9c2a
mixed_cnn_sequence_ctcf_h3k4me3_rrbs_seed_45_kernel_5,cnn,mixed,,45,5,sequence_ctcf_h3k4me3_rrbs,11694,2554,2501,,0,0,924014e29b603230,0.07314821046624687,0.27276470139089254,0.12253561557580314,cuda,625cc71596d7d94d,7,12.4,ecac199fa27ea80d,2661d5bdd1cd9c2a
mixed_cnn_sequence_ctcf_h3k4me3_rrbs_seed_45_kernel_7,cnn,mixed,,45,7,sequence_ctcf_h3k4me3_rrbs,11694,2554,2501,,0,0,924014e29b603230,0.0579743470900731,0.26649225565522067,0.12152765075240365,cuda,625cc71596d7d94d,7,12.4,ecac199fa27ea80d,2661d5bdd1cd9c2a
mixed_cnn_sequence_ctcf_h3k4me3_seed_42_kernel_3,cnn,mixed,,42,3,sequence_ctcf_h3k4me3,11738,2485,2526,,0,0,a5e7933d539d4faf,0.055946116831320225,0.23670093400879305,0.12456630706734893,cuda,625cc71596d7d94d,7,12.4,ecac199fa27ea80d,2661d5bdd1cd9c2a
mixed_cnn_sequence_ctcf_h3k4me3_seed_42_kernel_5,cnn,mixed,,42,5,sequence_ctcf_h3k4me3,11738,2485,2526,,0,0,a5e7933d539d4faf,0.05174154899428496,0.2708824617756063,0.12547347158566108,cuda,625cc71596d7d94d,7,12.4,ecac199fa27ea80d,2661d5bdd1cd9c2a
mixed_cnn_sequence_ctcf_h3k4me3_seed_42_kernel_7,cnn,mixed,,42,7,sequence_ctcf_h3k4me3,11738,2485,2526,,0,0,a5e7933d539d4faf,0.06554026397391965,0.2595928965393944,0.12491911144310087,cuda,625cc71596d7d94d,7,12.4,ecac199fa27ea80d,2661d5bdd1cd9c2a
mixed_cnn_sequence_ctcf_h3k4me3_seed_43_kernel_3,cnn,mixed,,43,3,sequence_ctcf_h3k4me3,11736,2514,2499,,0,0,26ea68ffa65d09d3,0.041808158792278616,0.21156552058567443,0.12984991128072973,cuda,625cc71596d7d94d,7,12.4,ecac199fa27ea80d,2661d5bdd1cd9c2a
mixed_cnn_sequence_ctcf_h3k4me3_seed_43_kernel_5,cnn,mixed,,43,5,sequence_ctcf_h3k4me3,11736,2514,2499,,0,0,26ea68ffa65d09d3,0.07336510533129958,0.2774131553465352,0.12507752238976572,cuda,625cc71596d7d94d,7,12.4,ecac199fa27ea80d,2661d5bdd1cd9c2a
mixed_cnn_sequence_ctcf_h3k4me3_seed_43_kernel_7,cnn,mixed,,43,7,sequence_ctcf_h3k4me3,11736,2514,2499,,0,0,26ea68ffa65d09d3,0.08870591862502364,0.30593804958676774,0.12384533455403725,cuda,625cc71596d7d94d,7,12.4,ecac199fa27ea80d,2661d5bdd1cd9c2a
mixed_cnn_sequence_ctcf_h3k4me3_seed_44_kernel_3,cnn,mixed,,44,3,sequence_ctcf_h3k4me3,11709,2537,2503,,0,0,2b941cab9d9c6a8b,0.04475563323782328,0.215693442531036,0.13098468300761804,cuda,625cc71596d7d94d,7,12.4,ecac199fa27ea80d,2661d5bdd1cd9c2a
mixed_cnn_sequence_ctcf_h3k4me3_seed_44_kernel_5,cnn,mixed,,44,5,sequence_ctcf_h3k4me3,11709,2537,2503,,0,0,2b941cab9d9c6a8b,0.06361608931088969,0.2764807510472297,0.12734426196613968,cuda,625cc71596d7d94d,7,12.4,ecac199fa27ea80d,2661d5bdd1cd9c2a
mixed_cnn_sequence_ctcf_h3k4me3_seed_44_kernel_7,cnn,mixed,,44,7,sequence_ctcf_h3k4me3,11709,2537,2503,,0,0,2b941cab9d9c6a8b,0.09346233620088085,0.3095342703765937,0.12720935639586334,cuda,625cc71596d7d94d,7,12.4,ecac199fa27ea80d,2661d5bdd1cd9c2a
mixed_cnn_sequence_ctcf_h3k4me3_seed_45_kernel_3,cnn,mixed,,45,3,sequence_ctcf_h3k4me3,11694,2554,2501,,0,0,924014e29b603230,0.04104233991981121,0.20275780499184862,0.12633140698571585,cuda,625cc71596d7d94d,7,12.4,ecac199fa27ea80d,2661d5bdd1cd9c2a
mixed_cnn_sequence_ctcf_h3k4me3_seed_45_kernel_5,cnn,mixed,,45,5,sequence_ctcf_h3k4me3,11694,2554,2501,,0,0,924014e29b603230,0.07021380269178745,0.27044312726652536,0.12401099706832293,cuda,625cc71596d7d94d,7,12.4,ecac199fa27ea80d,2661d5bdd1cd9c2a
mixed_cnn_sequence_ctcf_h3k4me3_seed_45_kernel_7,cnn,mixed,,45,7,sequence_ctcf_h3k4me3,11694,2554,2501,,0,0,924014e29b603230,0.06223650038477235,0.29433351516641515,0.12020770102610025,cuda,625cc71596d7d94d,7,12.4,ecac199fa27ea80d,2661d5bdd1cd9c2a
mixed_cnn_sequence_ctcf_rrbs_seed_42_kernel_3,cnn,mixed,,42,3,sequence_ctcf_rrbs,11738,2485,2526,,0,0,a5e7933d539d4faf,0.053356262561529255,0.2321121180863066,0.12489650736082268,cuda,625cc71596d7d94d,7,12.4,ecac199fa27ea80d,2661d5bdd1cd9c2a
mixed_cnn_sequence_ctcf_rrbs_seed_42_kernel_5,cnn,mixed,,42,5,sequence_ctcf_rrbs,11738,2485,2526,,0,0,a5e7933d539d4faf,0.07048081817660445,0.28693076149669966,0.12324091600545585,cuda,625cc71596d7d94d,7,12.4,ecac199fa27ea80d,2661d5bdd1cd9c2a
mixed_cnn_sequence_ctcf_rrbs_seed_42_kernel_7,cnn,mixed,,42,7,sequence_ctcf_rrbs,11738,2485,2526,,0,0,a5e7933d539d4faf,0.06802729663538387,0.2701076325293439,0.12509850291245603,cuda,625cc71596d7d94d,7,12.4,ecac199fa27ea80d,2661d5bdd1cd9c2a
mixed_cnn_sequence_ctcf_rrbs_seed_43_kernel_3,cnn,mixed,,43,3,sequence_ctcf_rrbs,11736,2514,2499,,0,0,26ea68ffa65d09d3,0.03959011737645157,0.207570351861431,0.1299646297931996,cuda,625cc71596d7d94d,7,12.4,ecac199fa27ea80d,2661d5bdd1cd9c2a
mixed_cnn_sequence_ctcf_rrbs_seed_43_kernel_5,cnn,mixed,,43,5,sequence_ctcf_rrbs,11736,2514,2499,,0,0,26ea68ffa65d09d3,0.0754363466526502,0.27823040747878,0.12642714533473265,cuda,625cc71596d7d94d,7,12.4,ecac199fa27ea80d,2661d5bdd1cd9c2a
mixed_cnn_sequence_ctcf_rrbs_seed_43_kernel_7,cnn,mixed,,43,7,sequence_ctcf_rrbs,11736,2514,2499,,0,0,26ea68ffa65d09d3,0.08599323543501469,0.29918354194610747,0.12402363485446022,cuda,625cc71596d7d94d,7,12.4,ecac199fa27ea80d,2661d5bdd1cd9c2a
mixed_cnn_sequence_ctcf_rrbs_seed_44_kernel_3,cnn,mixed,,44,3,sequence_ctcf_rrbs,11709,2537,2503,,0,0,2b941cab9d9c6a8b,0.04293414385130889,0.21172292159225573,0.13295689953846057,cuda,625cc71596d7d94d,7,12.4,ecac199fa27ea80d,2661d5bdd1cd9c2a
mixed_cnn_sequence_ctcf_rrbs_seed_44_kernel_5,cnn,mixed,,44,5,sequence_ctcf_rrbs,11709,2537,2503,,0,0,2b941cab9d9c6a8b,0.06134170582313281,0.27268023559414545,0.12819059934880833,cuda,625cc71596d7d94d,7,12.4,ecac199fa27ea80d,2661d5bdd1cd9c2a
mixed_cnn_sequence_ctcf_rrbs_seed_44_kernel_7,cnn,mixed,,44,7,sequence_ctcf_rrbs,11709,2537,2503,,0,0,2b941cab9d9c6a8b,0.09265628971124973,0.31103391451969703,0.12674219518136404,cuda,625cc71596d7d94d,7,12.4,ecac199fa27ea80d,2661d5bdd1cd9c2a
mixed_cnn_sequence_ctcf_rrbs_seed_45_kernel_3,cnn,mixed,,45,3,sequence_ctcf_rrbs,11694,2554,2501,,0,0,924014e29b603230,0.04998696354619436,0.2287042221290944,0.12539884107274807,cuda,625cc71596d7d94d,7,12.4,ecac199fa27ea80d,2661d5bdd1cd9c2a
mixed_cnn_sequence_ctcf_rrbs_seed_45_kernel_5,cnn,mixed,,45,5,sequence_ctcf_rrbs,11694,2554,2501,,0,0,924014e29b603230,0.06343016623674924,0.2776739460928607,0.12229645638932857,cuda,625cc71596d7d94d,7,12.4,ecac199fa27ea80d,2661d5bdd1cd9c2a
mixed_cnn_sequence_ctcf_rrbs_seed_45_kernel_7,cnn,mixed,,45,7,sequence_ctcf_rrbs,11694,2554,2501,,0,0,924014e29b603230,0.06351680897334955,0.2842426056727406,0.12058313844564156,cuda,625cc71596d7d94d,7,12.4,ecac199fa27ea80d,2661d5bdd1cd9c2a
mixed_cnn_sequence_ctcf_seed_42_kernel_3,cnn,mixed,,42,3,sequence_ctcf,11738,2485,2526,,0,0,a5e7933d539d4faf,0.030662350961218054,0.21061943714009398,0.1289911987430851,cuda,625cc71596d7d94d,7,12.4,ecac199fa27ea80d,2661d5bdd1cd9c2a
mixed_cnn_sequence_ctcf_seed_42_kernel_5,cnn,mixed,,42,5,sequence_ctcf,11738,2485,2526,,0,0,a5e7933d539d4faf,0.09015639013248966,0.30474115495962373,0.12155420261338014,cuda,625cc71596d7d94d,7,12.4,ecac199fa27ea80d,2661d5bdd1cd9c2a
mixed_cnn_sequence_ctcf_seed_42_kernel_7,cnn,mixed,,42,7,sequence_ctcf,11738,2485,2526,,0,0,a5e7933d539d4faf,0.08433526734262264,0.31804051852215476,0.12482095280452161,cuda,625cc71596d7d94d,7,12.4,ecac199fa27ea80d,2661d5bdd1cd9c2a
mixed_cnn_sequence_ctcf_seed_43_kernel_3,cnn,mixed,,43,3,sequence_ctcf,11736,2514,2499,,0,0,26ea68ffa65d09d3,0.04470419352786492,0.22143454968762905,0.1300678074785632,cuda,625cc71596d7d94d,7,12.4,ecac199fa27ea80d,2661d5bdd1cd9c2a
mixed_cnn_sequence_ctcf_seed_43_kernel_5,cnn,mixed,,43,5,sequence_ctcf,11736,2514,2499,,0,0,26ea68ffa65d09d3,0.0674191980819624,0.2733966331076596,0.12574208760259056,cuda,625cc71596d7d94d,7,12.4,ecac199fa27ea80d,2661d5bdd1cd9c2a
mixed_cnn_sequence_ctcf_seed_43_kernel_7,cnn,mixed,,43,7,sequence_ctcf,11736,2514,2499,,0,0,26ea68ffa65d09d3,0.07386359806156007,0.28117033793121776,0.125311841521681,cuda,625cc71596d7d94d,7,12.4,ecac199fa27ea80d,2661d5bdd1cd9c2a
mixed_cnn_sequence_ctcf_seed_44_kernel_3,cnn,mixed,,44,3,sequence_ctcf,11709,2537,2503,,0,0,2b941cab9d9c6a8b,0.03545533726476857,0.208792250388522,0.13208690961347347,cuda,625cc71596d7d94d,7,12.4,ecac199fa27ea80d,2661d5bdd1cd9c2a
mixed_cnn_sequence_ctcf_seed_44_kernel_5,cnn,mixed,,44,5,sequence_ctcf,11709,2537,2503,,0,0,2b941cab9d9c6a8b,0.0752358553262783,0.2768596631842603,0.1280638681519278,cuda,625cc71596d7d94d,7,12.4,ecac199fa27ea80d,2661d5bdd1cd9c2a
mixed_cnn_sequence_ctcf_seed_44_kernel_7,cnn,mixed,,44,7,sequence_ctcf,11709,2537,2503,,0,0,2b941cab9d9c6a8b,0.05663571577960391,0.26960150976783237,0.12736415907649803,cuda,625cc71596d7d94d,7,12.4,ecac199fa27ea80d,2661d5bdd1cd9c2a
mixed_cnn_sequence_ctcf_seed_45_kernel_3,cnn,mixed,,45,3,sequence_ctcf,11694,2554,2501,,0,0,924014e29b603230,0.05782714308068693,0.24053230795801567,0.12505025681474938,cuda,625cc71596d7d94d,7,12.4,ecac199fa27ea80d,2661d5bdd1cd9c2a
mixed_cnn_sequence_ctcf_seed_45_kernel_5,cnn,mixed,,45,5,sequence_ctcf,11694,2554,2501,,0,0,924014e29b603230,0.05447971142847141,0.25022271467156354,0.12277174991592657,cuda,625cc71596d7d94d,7,12.4,ecac199fa27ea80d,2661d5bdd1cd9c2a
mixed_cnn_sequence_ctcf_seed_45_kernel_7,cnn,mixed,,45,7,sequence_ctcf,11694,2554,2501,,0,0,924014e29b603230,0.07595177051153812,0.3005159588895849,0.11998126879568584,cuda,625cc71596d7d94d,7,12.4,ecac199fa27ea80d,2661d5bdd1cd9c2a
mixed_cnn_sequence_dnase_h3k4me3_rrbs_seed_42_kernel_3,cnn,mixed,,42,3,sequence_dnase_h3k4me3_rrbs,11738,2485,2526,,0,0,a5e7933d539d4faf,0.039884577076088834,0.22750247945765248,0.12815878326889718,cuda,625cc71596d7d94d,7,12.4,ecac199fa27ea80d,2661d5bdd1cd9c2a
mixed_cnn_sequence_dnase_h3k4me3_rrbs_seed_42_kernel_5,cnn,mixed,,42,5,sequence_dnase_h3k4me3_rrbs,11738,2485,2526,,0,0,a5e7933d539d4faf,0.062118433629608005,0.28709706472374596,0.12638358422143706,cuda,625cc71596d7d94d,7,12.4,ecac199fa27ea80d,2661d5bdd1cd9c2a
mixed_cnn_sequence_dnase_h3k4me3_rrbs_seed_42_kernel_7,cnn,mixed,,42,7,sequence_dnase_h3k4me3_rrbs,11738,2485,2526,,0,0,a5e7933d539d4faf,0.07630133314169008,0.30591553093117074,0.11929276392838052,cuda,625cc71596d7d94d,7,12.4,ecac199fa27ea80d,2661d5bdd1cd9c2a
mixed_cnn_sequence_dnase_h3k4me3_rrbs_seed_43_kernel_3,cnn,mixed,,43,3,sequence_dnase_h3k4me3_rrbs,11736,2514,2499,,0,0,26ea68ffa65d09d3,0.0447289810728424,0.2250730525227448,0.12790586196443568,cuda,625cc71596d7d94d,7,12.4,ecac199fa27ea80d,2661d5bdd1cd9c2a
mixed_cnn_sequence_dnase_h3k4me3_rrbs_seed_43_kernel_5,cnn,mixed,,43,5,sequence_dnase_h3k4me3_rrbs,11736,2514,2499,,0,0,26ea68ffa65d09d3,0.07627601321222088,0.28056503241948116,0.12633012441085598,cuda,625cc71596d7d94d,7,12.4,ecac199fa27ea80d,2661d5bdd1cd9c2a
mixed_cnn_sequence_dnase_h3k4me3_rrbs_seed_43_kernel_7,cnn,mixed,,43,7,sequence_dnase_h3k4me3_rrbs,11736,2514,2499,,0,0,26ea68ffa65d09d3,0.09036418350935449,0.3094221406567278,0.12417444631081576,cuda,625cc71596d7d94d,7,12.4,ecac199fa27ea80d,2661d5bdd1cd9c2a
mixed_cnn_sequence_dnase_h3k4me3_rrbs_seed_44_kernel_3,cnn,mixed,,44,3,sequence_dnase_h3k4me3_rrbs,11709,2537,2503,,0,0,2b941cab9d9c6a8b,0.037318730036883685,0.19853948084155376,0.13255146159476047,cuda,625cc71596d7d94d,7,12.4,ecac199fa27ea80d,2661d5bdd1cd9c2a
mixed_cnn_sequence_dnase_h3k4me3_rrbs_seed_44_kernel_5,cnn,mixed,,44,5,sequence_dnase_h3k4me3_rrbs,11709,2537,2503,,0,0,2b941cab9d9c6a8b,0.05624868795765103,0.2587935828864712,0.12741169741223193,cuda,625cc71596d7d94d,7,12.4,ecac199fa27ea80d,2661d5bdd1cd9c2a
mixed_cnn_sequence_dnase_h3k4me3_rrbs_seed_44_kernel_7,cnn,mixed,,44,7,sequence_dnase_h3k4me3_rrbs,11709,2537,2503,,0,0,2b941cab9d9c6a8b,0.07839275093470066,0.282922449575707,0.12836538205764922,cuda,625cc71596d7d94d,7,12.4,ecac199fa27ea80d,2661d5bdd1cd9c2a
mixed_cnn_sequence_dnase_h3k4me3_rrbs_seed_45_kernel_3,cnn,mixed,,45,3,sequence_dnase_h3k4me3_rrbs,11694,2554,2501,,0,0,924014e29b603230,0.036804608862872845,0.19328686031362521,0.12604574173988561,cuda,625cc71596d7d94d,7,12.4,ecac199fa27ea80d,2661d5bdd1cd9c2a
mixed_cnn_sequence_dnase_h3k4me3_rrbs_seed_45_kernel_5,cnn,mixed,,45,5,sequence_dnase_h3k4me3_rrbs,11694,2554,2501,,0,0,924014e29b603230,0.07041300566462283,0.29492024183237303,0.12061440724844034,cuda,625cc71596d7d94d,7,12.4,ecac199fa27ea80d,2661d5bdd1cd9c2a
mixed_cnn_sequence_dnase_h3k4me3_rrbs_seed_45_kernel_7,cnn,mixed,,45,7,sequence_dnase_h3k4me3_rrbs,11694,2554,2501,,0,0,924014e29b603230,0.05262052444426646,0.27509393863247344,0.12058905355124658,cuda,625cc71596d7d94d,7,12.4,ecac199fa27ea80d,2661d5bdd1cd9c2a
mixed_cnn_sequence_dnase_h3k4me3_seed_42_kernel_3,cnn,mixed,,42,3,sequence_dnase_h3k4me3,11738,2485,2526,,0,0,a5e7933d539d4faf,0.05324863503465893,0.23256827133933394,0.12403606947432672,cuda,625cc71596d7d94d,7,12.4,ecac199fa27ea80d,2661d5bdd1cd9c2a
mixed_cnn_sequence_dnase_h3k4me3_seed_42_kernel_5,cnn,mixed,,42,5,sequence_dnase_h3k4me3,11738,2485,2526,,0,0,a5e7933d539d4faf,0.07987013706239443,0.28891598837271176,0.12236816065158222,cuda,625cc71596d7d94d,7,12.4,ecac199fa27ea80d,2661d5bdd1cd9c2a
mixed_cnn_sequence_dnase_h3k4me3_seed_42_kernel_7,cnn,mixed,,42,7,sequence_dnase_h3k4me3,11738,2485,2526,,0,0,a5e7933d539d4faf,0.05996198295664579,0.2502125887195024,0.12529980326533863,cuda,625cc71596d7d94d,7,12.4,ecac199fa27ea80d,2661d5bdd1cd9c2a
mixed_cnn_sequence_dnase_h3k4me3_seed_43_kernel_3,cnn,mixed,,43,3,sequence_dnase_h3k4me3,11736,2514,2499,,0,0,26ea68ffa65d09d3,0.04843991123048652,0.22042203336802318,0.12893978956426322,cuda,625cc71596d7d94d,7,12.4,ecac199fa27ea80d,2661d5bdd1cd9c2a
mixed_cnn_sequence_dnase_h3k4me3_seed_43_kernel_5,cnn,mixed,,43,5,sequence_dnase_h3k4me3,11736,2514,2499,,0,0,26ea68ffa65d09d3,0.08203874419706891,0.2870459998826942,0.12595913221605592,cuda,625cc71596d7d94d,7,12.4,ecac199fa27ea80d,2661d5bdd1cd9c2a
mixed_cnn_sequence_dnase_h3k4me3_seed_43_kernel_7,cnn,mixed,,43,7,sequence_dnase_h3k4me3,11736,2514,2499,,0,0,26ea68ffa65d09d3,0.09064598152500924,0.30400790669415384,0.12442945092582476,cuda,625cc71596d7d94d,7,12.4,ecac199fa27ea80d,2661d5bdd1cd9c2a
mixed_cnn_sequence_dnase_h3k4me3_seed_44_kernel_3,cnn,mixed,,44,3,sequence_dnase_h3k4me3,11709,2537,2503,,0,0,2b941cab9d9c6a8b,0.02491168615673167,0.18489374967163189,0.13095672575022416,cuda,625cc71596d7d94d,7,12.4,ecac199fa27ea80d,2661d5bdd1cd9c2a
mixed_cnn_sequence_dnase_h3k4me3_seed_44_kernel_5,cnn,mixed,,44,5,sequence_dnase_h3k4me3,11709,2537,2503,,0,0,2b941cab9d9c6a8b,0.06521446321114022,0.27120635985895564,0.12785293287446903,cuda,625cc71596d7d94d,7,12.4,ecac199fa27ea80d,2661d5bdd1cd9c2a
mixed_cnn_sequence_dnase_h3k4me3_seed_44_kernel_7,cnn,mixed,,44,7,sequence_dnase_h3k4me3,11709,2537,2503,,0,0,2b941cab9d9c6a8b,0.08618378538796245,0.29774435817799577,0.1272760700316124,cuda,625cc71596d7d94d,7,12.4,ecac199fa27ea80d,2661d5bdd1cd9c2a
mixed_cnn_sequence_dnase_h3k4me3_seed_45_kernel_3,cnn,mixed,,45,3,sequence_dnase_h3k4me3,11694,2554,2501,,0,0,924014e29b603230,0.03797505339502827,0.1982668896402118,0.1255802520274435,cuda,625cc71596d7d94d,7,12.4,ecac199fa27ea80d,2661d5bdd1cd9c2a
mixed_cnn_sequence_dnase_h3k4me3_seed_45_kernel_5,cnn,mixed,,45,5,sequence_dnase_h3k4me3,11694,2554,2501,,0,0,924014e29b603230,0.06857298250473798,0.2794783695943788,0.12161621399568164,cuda,625cc71596d7d94d,7,12.4,ecac199fa27ea80d,2661d5bdd1cd9c2a
mixed_cnn_sequence_dnase_h3k4me3_seed_45_kernel_7,cnn,mixed,,45,7,sequence_dnase_h3k4me3,11694,2554,2501,,0,0,924014e29b603230,0.062423613353675744,0.28493816970969116,0.12083148360516305,cuda,625cc71596d7d94d,7,12.4,ecac199fa27ea80d,2661d5bdd1cd9c2a
mixed_cnn_sequence_dnase_rrbs_seed_42_kernel_3,cnn,mixed,,42,3,sequence_dnase_rrbs,11738,2485,2526,,0,0,a5e7933d539d4faf,0.051572160847937476,0.22877564318598262,0.12390895513645994,cuda,625cc71596d7d94d,7,12.4,ecac199fa27ea80d,2661d5bdd1cd9c2a
mixed_cnn_sequence_dnase_rrbs_seed_42_kernel_5,cnn,mixed,,42,5,sequence_dnase_rrbs,11738,2485,2526,,0,0,a5e7933d539d4faf,0.06948061113965087,0.2923381911597458,0.12251100587868141,cuda,625cc71596d7d94d,7,12.4,ecac199fa27ea80d,2661d5bdd1cd9c2a
mixed_cnn_sequence_dnase_rrbs_seed_42_kernel_7,cnn,mixed,,42,7,sequence_dnase_rrbs,11738,2485,2526,,0,0,a5e7933d539d4faf,0.09973684642219971,0.31991625071051294,0.11930127044442976,cuda,625cc71596d7d94d,7,12.4,ecac199fa27ea80d,2661d5bdd1cd9c2a
mixed_cnn_sequence_dnase_rrbs_seed_43_kernel_3,cnn,mixed,,43,3,sequence_dnase_rrbs,11736,2514,2499,,0,0,26ea68ffa65d09d3,0.03817828655844502,0.20622669666314525,0.1312193359309972,cuda,625cc71596d7d94d,7,12.4,ecac199fa27ea80d,2661d5bdd1cd9c2a
mixed_cnn_sequence_dnase_rrbs_seed_43_kernel_5,cnn,mixed,,43,5,sequence_dnase_rrbs,11736,2514,2499,,0,0,26ea68ffa65d09d3,0.07536189177703356,0.27815084529675993,0.12565082760239185,cuda,625cc71596d7d94d,7,12.4,ecac199fa27ea80d,2661d5bdd1cd9c2a
mixed_cnn_sequence_dnase_rrbs_seed_43_kernel_7,cnn,mixed,,43,7,sequence_dnase_rrbs,11736,2514,2499,,0,0,26ea68ffa65d09d3,0.06964568059442122,0.2828305423014264,0.12434383713600303,cuda,625cc71596d7d94d,7,12.4,ecac199fa27ea80d,2661d5bdd1cd9c2a
mixed_cnn_sequence_dnase_rrbs_seed_44_kernel_3,cnn,mixed,,44,3,sequence_dnase_rrbs,11709,2537,2503,,0,0,2b941cab9d9c6a8b,0.02645873155831413,0.18568935299286335,0.13071772416840005,cuda,625cc71596d7d94d,7,12.4,ecac199fa27ea80d,2661d5bdd1cd9c2a
mixed_cnn_sequence_dnase_rrbs_seed_44_kernel_5,cnn,mixed,,44,5,sequence_dnase_rrbs,11709,2537,2503,,0,0,2b941cab9d9c6a8b,0.060886029487171034,0.26676281228117155,0.12854733563627702,cuda,625cc71596d7d94d,7,12.4,ecac199fa27ea80d,2661d5bdd1cd9c2a
mixed_cnn_sequence_dnase_rrbs_seed_44_kernel_7,cnn,mixed,,44,7,sequence_dnase_rrbs,11709,2537,2503,,0,0,2b941cab9d9c6a8b,0.08369575020708053,0.3004042317553463,0.12897574690200725,cuda,625cc71596d7d94d,7,12.4,ecac199fa27ea80d,2661d5bdd1cd9c2a
mixed_cnn_sequence_dnase_rrbs_seed_45_kernel_3,cnn,mixed,,45,3,sequence_dnase_rrbs,11694,2554,2501,,0,0,924014e29b603230,0.04119993144670142,0.21103926674706872,0.12488894451171534,cuda,625cc71596d7d94d,7,12.4,ecac199fa27ea80d,2661d5bdd1cd9c2a
mixed_cnn_sequence_dnase_rrbs_seed_45_kernel_5,cnn,mixed,,45,5,sequence_dnase_rrbs,11694,2554,2501,,0,0,924014e29b603230,0.06690667393643968,0.2809062737441033,0.1235453925198229,cuda,625cc71596d7d94d,7,12.4,ecac199fa27ea80d,2661d5bdd1cd9c2a
mixed_cnn_sequence_dnase_rrbs_seed_45_kernel_7,cnn,mixed,,45,7,sequence_dnase_rrbs,11694,2554,2501,,0,0,924014e29b603230,0.06087284651725422,0.2743622785856539,0.12103608837514584,cuda,625cc71596d7d94d,7,12.4,ecac199fa27ea80d,2661d5bdd1cd9c2a
mixed_cnn_sequence_dnase_seed_42_kernel_3,cnn,mixed,,42,3,sequence_dnase,11738,2485,2526,,0,0,a5e7933d539d4faf,0.03933838459432304,0.215003590190169,0.12795390997622638,cuda,625cc71596d7d94d,7,12.4,ecac199fa27ea80d,2661d5bdd1cd9c2a
mixed_cnn_sequence_dnase_seed_42_kernel_5,cnn,mixed,,42,5,sequence_dnase,11738,2485,2526,,0,0,a5e7933d539d4faf,0.09438974580610848,0.3102332956012374,0.12145235478707822,cuda,625cc71596d7d94d,7,12.4,ecac199fa27ea80d,2661d5bdd1cd9c2a
mixed_cnn_sequence_dnase_seed_42_kernel_7,cnn,mixed,,42,7,sequence_dnase,11738,2485,2526,,0,0,a5e7933d539d4faf,0.08616933554309836,0.3175446386679682,0.12450027512583463,cuda,625cc71596d7d94d,7,12.4,ecac199fa27ea80d,2661d5bdd1cd9c2a
mixed_cnn_sequence_dnase_seed_43_kernel_3,cnn,mixed,,43,3,sequence_dnase,11736,2514,2499,,0,0,26ea68ffa65d09d3,0.04701441493649727,0.22233340830681106,0.12914327707265275,cuda,625cc71596d7d94d,7,12.4,ecac199fa27ea80d,2661d5bdd1cd9c2a
mixed_cnn_sequence_dnase_seed_43_kernel_5,cnn,mixed,,43,5,sequence_dnase,11736,2514,2499,,0,0,26ea68ffa65d09d3,0.07549592240527347,0.2888372144992272,0.12468220594848431,cuda,625cc71596d7d94d,7,12.4,ecac199fa27ea80d,2661d5bdd1cd9c2a
mixed_cnn_sequence_dnase_seed_43_kernel_7,cnn,mixed,,43,7,sequence_dnase,11736,2514,2499,,0,0,26ea68ffa65d09d3,0.09557688327313008,0.31271891756471043,0.12580346352973334,cuda,625cc71596d7d94d,7,12.4,ecac199fa27ea80d,2661d5bdd1cd9c2a
mixed_cnn_sequence_dnase_seed_44_kernel_3,cnn,mixed,,44,3,sequence_dnase,11709,2537,2503,,0,0,2b941cab9d9c6a8b,0.03891732997396369,0.20332727183761104,0.13147567756082587,cuda,625cc71596d7d94d,7,12.4,ecac199fa27ea80d,2661d5bdd1cd9c2a
mixed_cnn_sequence_dnase_seed_44_kernel_5,cnn,mixed,,44,5,sequence_dnase,11709,2537,2503,,0,0,2b941cab9d9c6a8b,0.07610401782559972,0.2796270164484884,0.1275084543488756,cuda,625cc71596d7d94d,7,12.4,ecac199fa27ea80d,2661d5bdd1cd9c2a
mixed_cnn_sequence_dnase_seed_44_kernel_7,cnn,mixed,,44,7,sequence_dnase,11709,2537,2503,,0,0,2b941cab9d9c6a8b,0.05519843327345764,0.2598054517070578,0.12873905532164748,cuda,625cc71596d7d94d,7,12.4,ecac199fa27ea80d,2661d5bdd1cd9c2a
mixed_cnn_sequence_dnase_seed_45_kernel_3,cnn,mixed,,45,3,sequence_dnase,11694,2554,2501,,0,0,924014e29b603230,0.0534827164719085,0.2316250362168947,0.125838939802324,cuda,625cc71596d7d94d,7,12.4,ecac199fa27ea80d,2661d5bdd1cd9c2a
mixed_cnn_sequence_dnase_seed_45_kernel_5,cnn,mixed,,45,5,sequence_dnase,11694,2554,2501,,0,0,924014e29b603230,0.047870105429831056,0.24862258416132813,0.1225272835626249,cuda,625cc71596d7d94d,7,12.4,ecac199fa27ea80d,2661d5bdd1cd9c2a
mixed_cnn_sequence_dnase_seed_45_kernel_7,cnn,mixed,,45,7,sequence_dnase,11694,2554,2501,,0,0,924014e29b603230,0.07754405670080167,0.2793942357358876,0.12336596078609434,cuda,625cc71596d7d94d,7,12.4,ecac199fa27ea80d,2661d5bdd1cd9c2a
mixed_cnn_sequence_h3k4me3_rrbs_seed_42_kernel_3,cnn,mixed,,42,3,sequence_h3k4me3_rrbs,11738,2485,2526,,0,0,a5e7933d539d4faf,0.04949908998161867,0.22644701719890575,0.12368780621270081,cuda,625cc71596d7d94d,7,12.4,ecac199fa27ea80d,2661d5bdd1cd9c2a
mixed_cnn_sequence_h3k4me3_rrbs_seed_42_kernel_5,cnn,mixed,,42,5,sequence_h3k4me3_rrbs,11738,2485,2526,,0,0,a5e7933d539d4faf,0.06599110943265007,0.2851824868308795,0.12471920583536655,cuda,625cc71596d7d94d,7,12.4,ecac199fa27ea80d,2661d5bdd1cd9c2a
mixed_cnn_sequence_h3k4me3_rrbs_seed_42_kernel_7,cnn,mixed,,42,7,sequence_h3k4me3_rrbs,11738,2485,2526,,0,0,a5e7933d539d4faf,0.09441646545483007,0.30738073366299945,0.12139922556401128,cuda,625cc71596d7d94d,7,12.4,ecac199fa27ea80d,2661d5bdd1cd9c2a
mixed_cnn_sequence_h3k4me3_rrbs_seed_43_kernel_3,cnn,mixed,,43,3,sequence_h3k4me3_rrbs,11736,2514,2499,,0,0,26ea68ffa65d09d3,0.039582654443951704,0.20194121638469326,0.129470986337387,cuda,625cc71596d7d94d,7,12.4,ecac199fa27ea80d,2661d5bdd1cd9c2a
mixed_cnn_sequence_h3k4me3_rrbs_seed_43_kernel_5,cnn,mixed,,43,5,sequence_h3k4me3_rrbs,11736,2514,2499,,0,0,26ea68ffa65d09d3,0.06954139525636394,0.2721007318170971,0.12580742695835698,cuda,625cc71596d7d94d,7,12.4,ecac199fa27ea80d,2661d5bdd1cd9c2a
mixed_cnn_sequence_h3k4me3_rrbs_seed_43_kernel_7,cnn,mixed,,43,7,sequence_h3k4me3_rrbs,11736,2514,2499,,0,0,26ea68ffa65d09d3,0.07996626931687822,0.288264619728001,0.12487368359797954,cuda,625cc71596d7d94d,7,12.4,ecac199fa27ea80d,2661d5bdd1cd9c2a
mixed_cnn_sequence_h3k4me3_rrbs_seed_44_kernel_3,cnn,mixed,,44,3,sequence_h3k4me3_rrbs,11709,2537,2503,,0,0,2b941cab9d9c6a8b,0.03062653131608095,0.19530440166760335,0.13049171332127027,cuda,625cc71596d7d94d,7,12.4,ecac199fa27ea80d,2661d5bdd1cd9c2a
mixed_cnn_sequence_h3k4me3_rrbs_seed_44_kernel_5,cnn,mixed,,44,5,sequence_h3k4me3_rrbs,11709,2537,2503,,0,0,2b941cab9d9c6a8b,0.06014831557198419,0.2677957484853006,0.12749786035552518,cuda,625cc71596d7d94d,7,12.4,ecac199fa27ea80d,2661d5bdd1cd9c2a
mixed_cnn_sequence_h3k4me3_rrbs_seed_44_kernel_7,cnn,mixed,,44,7,sequence_h3k4me3_rrbs,11709,2537,2503,,0,0,2b941cab9d9c6a8b,0.0824560899187452,0.2937347966040295,0.12818509028295053,cuda,625cc71596d7d94d,7,12.4,ecac199fa27ea80d,2661d5bdd1cd9c2a
mixed_cnn_sequence_h3k4me3_rrbs_seed_45_kernel_3,cnn,mixed,,45,3,sequence_h3k4me3_rrbs,11694,2554,2501,,0,0,924014e29b603230,0.05230483792909835,0.23909076123294326,0.12342145748280331,cuda,625cc71596d7d94d,7,12.4,ecac199fa27ea80d,2661d5bdd1cd9c2a
mixed_cnn_sequence_h3k4me3_rrbs_seed_45_kernel_5,cnn,mixed,,45,5,sequence_h3k4me3_rrbs,11694,2554,2501,,0,0,924014e29b603230,0.06295295935177991,0.2780499436088038,0.12103807428703796,cuda,625cc71596d7d94d,7,12.4,ecac199fa27ea80d,2661d5bdd1cd9c2a
mixed_cnn_sequence_h3k4me3_rrbs_seed_45_kernel_7,cnn,mixed,,45,7,sequence_h3k4me3_rrbs,11694,2554,2501,,0,0,924014e29b603230,0.08157060778304515,0.2939219625243577,0.12157488317336006,cuda,625cc71596d7d94d,7,12.4,ecac199fa27ea80d,2661d5bdd1cd9c2a
mixed_cnn_sequence_h3k4me3_seed_42_kernel_3,cnn,mixed,,42,3,sequence_h3k4me3,11738,2485,2526,,0,0,a5e7933d539d4faf,0.046751522464969164,0.219029820108524,0.12623133084595323,cuda,625cc71596d7d94d,7,12.4,ecac199fa27ea80d,2661d5bdd1cd9c2a
mixed_cnn_sequence_h3k4me3_seed_42_kernel_5,cnn,mixed,,42,5,sequence_h3k4me3,11738,2485,2526,,0,0,a5e7933d539d4faf,0.07671752028822709,0.28643446094998076,0.12306093740321374,cuda,625cc71596d7d94d,7,12.4,ecac199fa27ea80d,2661d5bdd1cd9c2a
mixed_cnn_sequence_h3k4me3_seed_42_kernel_7,cnn,mixed,,42,7,sequence_h3k4me3,11738,2485,2526,,0,0,a5e7933d539d4faf,0.08499638787219155,0.3063663915225092,0.1237939045450908,cuda,625cc71596d7d94d,7,12.4,ecac199fa27ea80d,2661d5bdd1cd9c2a
mixed_cnn_sequence_h3k4me3_seed_43_kernel_3,cnn,mixed,,43,3,sequence_h3k4me3,11736,2514,2499,,0,0,26ea68ffa65d09d3,0.04642836462848132,0.22651101257913694,0.12728005406366535,cuda,625cc71596d7d94d,7,12.4,ecac199fa27ea80d,2661d5bdd1cd9c2a
mixed_cnn_sequence_h3k4me3_seed_43_kernel_5,cnn,mixed,,43,5,sequence_h3k4me3,11736,2514,2499,,0,0,26ea68ffa65d09d3,0.08498157270900053,0.292613502436611,0.12583155539081975,cuda,625cc71596d7d94d,7,12.4,ecac199fa27ea80d,2661d5bdd1cd9c2a
mixed_cnn_sequence_h3k4me3_seed_43_kernel_7,cnn,mixed,,43,7,sequence_h3k4me3,11736,2514,2499,,0,0,26ea68ffa65d09d3,0.0819015910213684,0.29182995984748733,0.1265908639992214,cuda,625cc71596d7d94d,7,12.4,ecac199fa27ea80d,2661d5bdd1cd9c2a
mixed_cnn_sequence_h3k4me3_seed_44_kernel_3,cnn,mixed,,44,3,sequence_h3k4me3,11709,2537,2503,,0,0,2b941cab9d9c6a8b,0.03308546970377724,0.1937796743986733,0.13298805287168103,cuda,625cc71596d7d94d,7,12.4,ecac199fa27ea80d,2661d5bdd1cd9c2a
mixed_cnn_sequence_h3k4me3_seed_44_kernel_5,cnn,mixed,,44,5,sequence_h3k4me3,11709,2537,2503,,0,0,2b941cab9d9c6a8b,0.07799713838468592,0.27965299080538103,0.12843604382243612,cuda,625cc71596d7d94d,7,12.4,ecac199fa27ea80d,2661d5bdd1cd9c2a
mixed_cnn_sequence_h3k4me3_seed_44_kernel_7,cnn,mixed,,44,7,sequence_h3k4me3,11709,2537,2503,,0,0,2b941cab9d9c6a8b,0.04868804719795694,0.26937726201766493,0.1264090822292235,cuda,625cc71596d7d94d,7,12.4,ecac199fa27ea80d,2661d5bdd1cd9c2a
mixed_cnn_sequence_h3k4me3_seed_45_kernel_3,cnn,mixed,,45,3,sequence_h3k4me3,11694,2554,2501,,0,0,924014e29b603230,0.05472295061270449,0.2342332800313037,0.12514073267956208,cuda,625cc71596d7d94d,7,12.4,ecac199fa27ea80d,2661d5bdd1cd9c2a
mixed_cnn_sequence_h3k4me3_seed_45_kernel_5,cnn,mixed,,45,5,sequence_h3k4me3,11694,2554,2501,,0,0,924014e29b603230,0.0598151334051632,0.25849922936969216,0.12274165204291872,cuda,625cc71596d7d94d,7,12.4,ecac199fa27ea80d,2661d5bdd1cd9c2a
mixed_cnn_sequence_h3k4me3_seed_45_kernel_7,cnn,mixed,,45,7,sequence_h3k4me3,11694,2554,2501,,0,0,924014e29b603230,0.08011151760028123,0.29929016387359747,0.12021367865580986,cuda,625cc71596d7d94d,7,12.4,ecac199fa27ea80d,2661d5bdd1cd9c2a
mixed_cnn_sequence_rrbs_seed_42_kernel_3,cnn,mixed,,42,3,sequence_rrbs,11738,2485,2526,,0,0,a5e7933d539d4faf,0.04108098035911134,0.20899485254461087,0.12675652333407086,cuda,625cc71596d7d94d,7,12.4,ecac199fa27ea80d,2661d5bdd1cd9c2a
mixed_cnn_sequence_rrbs_seed_42_kernel_5,cnn,mixed,,42,5,sequence_rrbs,11738,2485,2526,,0,0,a5e7933d539d4faf,0.07233431222077324,0.290272263964869,0.12367288261717758,cuda,625cc71596d7d94d,7,12.4,ecac199fa27ea80d,2661d5bdd1cd9c2a
mixed_cnn_sequence_rrbs_seed_42_kernel_7,cnn,mixed,,42,7,sequence_rrbs,11738,2485,2526,,0,0,a5e7933d539d4faf,0.0817401213052743,0.3103589301742016,0.12481288271080265,cuda,625cc71596d7d94d,7,12.4,ecac199fa27ea80d,2661d5bdd1cd9c2a
mixed_cnn_sequence_rrbs_seed_43_kernel_3,cnn,mixed,,43,3,sequence_rrbs,11736,2514,2499,,0,0,26ea68ffa65d09d3,0.04121917474684911,0.2039445467640821,0.12997700146588292,cuda,625cc71596d7d94d,7,12.4,ecac199fa27ea80d,2661d5bdd1cd9c2a
mixed_cnn_sequence_rrbs_seed_43_kernel_5,cnn,mixed,,43,5,sequence_rrbs,11736,2514,2499,,0,0,26ea68ffa65d09d3,0.06670416352542785,0.2799427661373856,0.12465070511434595,cuda,625cc71596d7d94d,7,12.4,ecac199fa27ea80d,2661d5bdd1cd9c2a
mixed_cnn_sequence_rrbs_seed_43_kernel_7,cnn,mixed,,43,7,sequence_rrbs,11736,2514,2499,,0,0,26ea68ffa65d09d3,0.07312480988347247,0.2849075668104011,0.12449105432971759,cuda,625cc71596d7d94d,7,12.4,ecac199fa27ea80d,2661d5bdd1cd9c2a
mixed_cnn_sequence_rrbs_seed_44_kernel_3,cnn,mixed,,44,3,sequence_rrbs,11709,2537,2503,,0,0,2b941cab9d9c6a8b,0.037582571055096325,0.2029742811800183,0.1309541511236639,cuda,625cc71596d7d94d,7,12.4,ecac199fa27ea80d,2661d5bdd1cd9c2a
mixed_cnn_sequence_rrbs_seed_44_kernel_5,cnn,mixed,,44,5,sequence_rrbs,11709,2537,2503,,0,0,2b941cab9d9c6a8b,0.07548940053450548,0.2761091379781418,0.1280669994496741,cuda,625cc71596d7d94d,7,12.4,ecac199fa27ea80d,2661d5bdd1cd9c2a
mixed_cnn_sequence_rrbs_seed_44_kernel_7,cnn,mixed,,44,7,sequence_rrbs,11709,2537,2503,,0,0,2b941cab9d9c6a8b,0.061041186901587885,0.27352264029511636,0.12838966776536873,cuda,625cc71596d7d94d,7,12.4,ecac199fa27ea80d,2661d5bdd1cd9c2a
mixed_cnn_sequence_rrbs_seed_45_kernel_3,cnn,mixed,,45,3,sequence_rrbs,11694,2554,2501,,0,0,924014e29b603230,0.03245475972316303,0.18403328653207673,0.12649039355173586,cuda,625cc71596d7d94d,7,12.4,ecac199fa27ea80d,2661d5bdd1cd9c2a
mixed_cnn_sequence_rrbs_seed_45_kernel_5,cnn,mixed,,45,5,sequence_rrbs,11694,2554,2501,,0,0,924014e29b603230,0.05869830022275058,0.2537301728467328,0.12341036959489367,cuda,625cc71596d7d94d,7,12.4,ecac199fa27ea80d,2661d5bdd1cd9c2a
mixed_cnn_sequence_rrbs_seed_45_kernel_7,cnn,mixed,,45,7,sequence_rrbs,11694,2554,2501,,0,0,924014e29b603230,0.06233609594245293,0.2887906011041834,0.12015805508771886,cuda,625cc71596d7d94d,7,12.4,ecac199fa27ea80d,2661d5bdd1cd9c2a
mixed_cnn_sequence_seed_42_kernel_3,cnn,mixed,,42,3,sequence,11738,2485,2526,,0,0,a5e7933d539d4faf,0.04989734946795199,0.23119544996641847,0.1261514839116551,cuda,625cc71596d7d94d,7,12.4,ecac199fa27ea80d,2661d5bdd1cd9c2a
mixed_cnn_sequence_seed_42_kernel_5,cnn,mixed,,42,5,sequence,11738,2485,2526,,0,0,a5e7933d539d4faf,0.0865828200517531,0.3033064210230138,0.12195537403468638,cuda,625cc71596d7d94d,7,12.4,ecac199fa27ea80d,2661d5bdd1cd9c2a
mixed_cnn_sequence_seed_42_kernel_7,cnn,mixed,,42,7,sequence,11738,2485,2526,,0,0,a5e7933d539d4faf,0.09693895127526786,0.31710214477691884,0.121578359607843,cuda,625cc71596d7d94d,7,12.4,ecac199fa27ea80d,2661d5bdd1cd9c2a
mixed_cnn_sequence_seed_43_kernel_3,cnn,mixed,,43,3,sequence,11736,2514,2499,,0,0,26ea68ffa65d09d3,0.04600600840817648,0.21582036701371082,0.12946126585497483,cuda,625cc71596d7d94d,7,12.4,ecac199fa27ea80d,2661d5bdd1cd9c2a
mixed_cnn_sequence_seed_43_kernel_5,cnn,mixed,,43,5,sequence,11736,2514,2499,,0,0,26ea68ffa65d09d3,0.06951038924207686,0.2883984652290188,0.123693043541769,cuda,625cc71596d7d94d,7,12.4,ecac199fa27ea80d,2661d5bdd1cd9c2a
mixed_cnn_sequence_seed_43_kernel_7,cnn,mixed,,43,7,sequence,11736,2514,2499,,0,0,26ea68ffa65d09d3,0.10015166158421973,0.33047300864239715,0.12230886538835278,cuda,625cc71596d7d94d,7,12.4,ecac199fa27ea80d,2661d5bdd1cd9c2a
mixed_cnn_sequence_seed_44_kernel_3,cnn,mixed,,44,3,sequence,11709,2537,2503,,0,0,2b941cab9d9c6a8b,0.04138283895394179,0.2045443753232041,0.13265143157419412,cuda,625cc71596d7d94d,7,12.4,ecac199fa27ea80d,2661d5bdd1cd9c2a
mixed_cnn_sequence_seed_44_kernel_5,cnn,mixed,,44,5,sequence,11709,2537,2503,,0,0,2b941cab9d9c6a8b,0.07926638796426466,0.29320128035666726,0.12725454820055832,cuda,625cc71596d7d94d,7,12.4,ecac199fa27ea80d,2661d5bdd1cd9c2a
mixed_cnn_sequence_seed_44_kernel_7,cnn,mixed,,44,7,sequence,11709,2537,2503,,0,0,2b941cab9d9c6a8b,0.05907864700571397,0.2768719463340795,0.1267975156381131,cuda,625cc71596d7d94d,7,12.4,ecac199fa27ea80d,2661d5bdd1cd9c2a
mixed_cnn_sequence_seed_45_kernel_3,cnn,mixed,,45,3,sequence,11694,2554,2501,,0,0,924014e29b603230,0.047943431544279935,0.2190254605857802,0.1255451318315567,cuda,625cc71596d7d94d,7,12.4,ecac199fa27ea80d,2661d5bdd1cd9c2a
mixed_cnn_sequence_seed_45_kernel_5,cnn,mixed,,45,5,sequence,11694,2554,2501,,0,0,924014e29b603230,0.04832189076919746,0.27152639583901766,0.12193136387304948,cuda,625cc71596d7d94d,7,12.4,ecac199fa27ea80d,2661d5bdd1cd9c2a
mixed_cnn_sequence_seed_45_kernel_7,cnn,mixed,,45,7,sequence,11694,2554,2501,,0,0,924014e29b603230,0.07005852362279652,0.26887714729565604,0.12296533400515618,cuda,625cc71596d7d94d,7,12.4,ecac199fa27ea80d,2661d5bdd1cd9c2a
mixed_linear_all_seed_42,linear,mixed,,42,,all,11738,2485,2526,,0,0,a5e7933d539d4faf,-1.224028777311605e+18,-0.026339199307623715,3590361.3305618223,,625cc71596d7d94d,7,,ecac199fa27ea80d,2661d5bdd1cd9c2a
mixed_linear_all_seed_43,linear,mixed,,43,,all,11736,2514,2499,,0,0,26ea68ffa65d09d3,0.07563944969553349,0.27870738649952637,0.12786254866278846,,625cc71596d7d94d,7,,ecac199fa27ea80d,2661d5bdd1cd9c2a
mixed_linear_all_seed_44,linear,mixed,,44,,all,11709,2537,2503,,0,0,2b941cab9d9c6a8b,0.0611622971038831,0.2563294136440722,0.12994612165582756,,625cc71596d7d94d,7,,ecac199fa27ea80d,2661d5bdd1cd9c2a
mixed_linear_all_seed_45,linear,mixed,,45,,all,11694,2554,2501,,0,0,924014e29b603230,0.06803782093145128,0.2695348713556288,0.12375442120443905,,625cc71596d7d94d,7,,ecac199fa27ea80d,2661d5bdd1cd9c2a
mixed_linear_sequence_ctcf_dnase_h3k4me3_seed_42,linear,mixed,,42,,sequence_ctcf_dnase_h3k4me3,11738,2485,2526,,0,0,a5e7933d539d4faf,0.08865866323049665,0.2982175174210441,0.12189407341308636,,625cc71596d7d94d,7,,ecac199fa27ea80d,2661d5bdd1cd9c2a
mixed_linear_sequence_ctcf_dnase_h3k4me3_seed_43,linear,mixed,,43,,sequence_ctcf_dnase_h3k4me3,11736,2514,2499,,0,0,26ea68ffa65d09d3,0.07594637887895084,0.27887168210215574,0.12800180874322817,,625cc71596d7d94d,7,,ecac199fa27ea80d,2661d5bdd1cd9c2a
mixed_linear_sequence_ctcf_dnase_h3k4me3_seed_44,linear,mixed,,44,,sequence_ctcf_dnase_h3k4me3,11709,2537,2503,,0,0,2b941cab9d9c6a8b,0.06354813770688561,0.25934253356998593,0.13000497963309768,,625cc71596d7d94d,7,,ecac199fa27ea80d,2661d5bdd1cd9c2a
mixed_linear_sequence_ctcf_dnase_h3k4me3_seed_45,linear,mixed,,45,,sequence_ctcf_dnase_h3k4me3,11694,2554,2501,,0,0,924014e29b603230,0.06695596386098845,0.26700913176106017,0.12391857851202899,,625cc71596d7d94d,7,,ecac199fa27ea80d,2661d5bdd1cd9c2a
mixed_linear_sequence_ctcf_dnase_rrbs_seed_42,linear,mixed,,42,,sequence_ctcf_dnase_rrbs,11738,2485,2526,,0,0,a5e7933d539d4faf,-4.704408775889988e+16,0.02633919982646697,703874.0103902235,,625cc71596d7d94d,7,,ecac199fa27ea80d,2661d5bdd1cd9c2a
mixed_linear_sequence_ctcf_dnase_rrbs_seed_43,linear,mixed,,43,,sequence_ctcf_dnase_rrbs,11736,2514,2499,,0,0,26ea68ffa65d09d3,0.0776856632851487,0.2815684507754084,0.12776675843282181,,625cc71596d7d94d,7,,ecac199fa27ea80d,2661d5bdd1cd9c2a
mixed_linear_sequence_ctcf_dnase_rrbs_seed_44,linear,mixed,,44,,sequence_ctcf_dnase_rrbs,11709,2537,2503,,0,0,2b941cab9d9c6a8b,0.06098714411236217,0.25577278683463095,0.13001355599806808,,625cc71596d7d94d,7,,ecac199fa27ea80d,2661d5bdd1cd9c2a
mixed_linear_sequence_ctcf_dnase_rrbs_seed_45,linear,mixed,,45,,sequence_ctcf_dnase_rrbs,11694,2554,2501,,0,0,924014e29b603230,0.06955174587344226,0.2710208340823888,0.12365289935813122,,625cc71596d7d94d,7,,ecac199fa27ea80d,2661d5bdd1cd9c2a
mixed_linear_sequence_ctcf_dnase_seed_42,linear,mixed,,42,,sequence_ctcf_dnase,11738,2485,2526,,0,0,a5e7933d539d4faf,0.09284142488513314,0.3048059507701216,0.1218278320429957,,625cc71596d7d94d,7,,ecac199fa27ea80d,2661d5bdd1cd9c2a
mixed_linear_sequence_ctcf_dnase_seed_43,linear,mixed,,43,,sequence_ctcf_dnase,11736,2514,2499,,0,0,26ea68ffa65d09d3,0.0778133756111109,0.28151283248498277,0.12791436400560569,,625cc71596d7d94d,7,,ecac199fa27ea80d,2661d5bdd1cd9c2a
mixed_linear_sequence_ctcf_dnase_seed_44,linear,mixed,,44,,sequence_ctcf_dnase,11709,2537,2503,,0,0,2b941cab9d9c6a8b,0.06342603310437811,0.2588981092115698,0.13006505371840374,,625cc71596d7d94d,7,,ecac199fa27ea80d,2661d5bdd1cd9c2a
mixed_linear_sequence_ctcf_dnase_seed_45,linear,mixed,,45,,sequence_ctcf_dnase,11694,2554,2501,,0,0,924014e29b603230,0.0684089945899099,0.26844113964109717,0.1238177923566256,,625cc71596d7d94d,7,,ecac199fa27ea80d,2661d5bdd1cd9c2a
mixed_linear_sequence_ctcf_h3k4me3_rrbs_seed_42,linear,mixed,,42,,sequence_ctcf_h3k4me3_rrbs,11738,2485,2526,,0,0,a5e7933d539d4faf,0.08603286614282857,0.29423613574026086,0.12195766134687297,,625cc71596d7d94d,7,,ecac199fa27ea80d,2661d5bdd1cd9c2a
mixed_linear_sequence_ctcf_h3k4me3_rrbs_seed_43,linear,mixed,,43,,sequence_ctcf_h3k4me3_rrbs,11736,2514,2499,,0,0,26ea68ffa65d09d3,0.0774975600746407,0.28103883718698847,0.1277953821257278,,625cc71596d7d94d,7,,ecac199fa27ea80d,2661d5bdd1cd9c2a
mixed_linear_sequence_ctcf_h3k4me3_rrbs_seed_44,linear,mixed,,44,,sequence_ctcf_h3k4me3_rrbs,11709,2537,2503,,0,0,2b941cab9d9c6a8b,0.058090616166138975,0.2501787096211757,0.1300093836712536,,625cc71596d7d94d,7,,ecac199fa27ea80d,2661d5bdd1cd9c2a
mixed_linear_sequence_ctcf_h3k4me3_rrbs_seed_45,linear,mixed,,45,,sequence_ctcf_h3k4me3_rrbs,11694,2554,2501,,0,0,924014e29b603230,0.06767919538181533,0.2680811378161966,0.12384984705746394,,625cc71596d7d94d,7,,ecac199fa27ea80d,2661d5bdd1cd9c2a
mixed_linear_sequence_ctcf_h3k4me3_seed_42,linear,mixed,,42,,sequence_ctcf_h3k4me3,11738,2485,2526,,0,0,a5e7933d539d4faf,0.08900250546177935,0.2987101752670977,0.1218505291184805,,625cc71596d7d94d,7,,ecac199fa27ea80d,2661d5bdd1cd9c2a
mixed_linear_sequence_ctcf_h3k4me3_seed_43,linear,mixed,,43,,sequence_ctcf_h3k4me3,11736,2514,2499,,0,0,26ea68ffa65d09d3,0.07794109884413247,0.28148818639229034,0.1279181413141399,,625cc71596d7d94d,7,,ecac199fa27ea80d,2661d5bdd1cd9c2a
mixed_linear_sequence_ctcf_h3k4me3_seed_44,linear,mixed,,44,,sequence_ctcf_h3k4me3,11709,2537,2503,,0,0,2b941cab9d9c6a8b,0.060502261064818486,0.2532888351748754,0.13006561116274504,,625cc71596d7d94d,7,,ecac199fa27ea80d,2661d5bdd1cd9c2a
mixed_linear_sequence_ctcf_h3k4me3_seed_45,linear,mixed,,45,,sequence_ctcf_h3k4me3,11694,2554,2501,,0,0,924014e29b603230,0.06660551619003519,0.2655603492983442,0.12400898104187276,,625cc71596d7d94d,7,,ecac199fa27ea80d,2661d5bdd1cd9c2a
mixed_linear_sequence_ctcf_rrbs_seed_42,linear,mixed,,42,,sequence_ctcf_rrbs,11738,2485,2526,,0,0,a5e7933d539d4faf,0.09027475794090034,0.3007043796484932,0.12188261312134853,,625cc71596d7d94d,7,,ecac199fa27ea80d,2661d5bdd1cd9c2a
mixed_linear_sequence_ctcf_rrbs_seed_43,linear,mixed,,43,,sequence_ctcf_rrbs,11736,2514,2499,,0,0,26ea68ffa65d09d3,0.07959600495992802,0.2841027993071854,0.12773006805244377,,625cc71596d7d94d,7,,ecac199fa27ea80d,2661d5bdd1cd9c2a
mixed_linear_sequence_ctcf_rrbs_seed_44,linear,mixed,,44,,sequence_ctcf_rrbs,11709,2537,2503,,0,0,2b941cab9d9c6a8b,0.05785503236057332,0.24949972252536898,0.13008273608091053,,625cc71596d7d94d,7,,ecac199fa27ea80d,2661d5bdd1cd9c2a
mixed_linear_sequence_ctcf_rrbs_seed_45,linear,mixed,,45,,sequence_ctcf_rrbs,11694,2554,2501,,0,0,924014e29b603230,0.06906941586710014,0.2694847333834575,0.12375191637585856,,625cc71596d7d94d,7,,ecac199fa27ea80d,2661d5bdd1cd9c2a
mixed_linear_sequence_ctcf_seed_42,linear,mixed,,42,,sequence_ctcf,11738,2485,2526,,0,0,a5e7933d539d4faf,0.09324005784430534,0.3054633314560073,0.12178073477595311,,625cc71596d7d94d,7,,ecac199fa27ea80d,2661d5bdd1cd9c2a
mixed_linear_sequence_ctcf_seed_43,linear,mixed,,43,,sequence_ctcf,11736,2514,2499,,0,0,26ea68ffa65d09d3,0.07991687854493423,0.28432369798597673,0.1277916296806122,,625cc71596d7d94d,7,,ecac199fa27ea80d,2661d5bdd1cd9c2a
mixed_linear_sequence_ctcf_seed_44,linear,mixed,,44,,sequence_ctcf,11709,2537,2503,,0,0,2b941cab9d9c6a8b,0.060286631817665026,0.25269517924791957,0.13012260036030282,,625cc71596d7d94d,7,,ecac199fa27ea80d,2661d5bdd1cd9c2a
mixed_linear_sequence_ctcf_seed_45,linear,mixed,,45,,sequence_ctcf,11694,2554,2501,,0,0,924014e29b603230,0.06791621333048226,0.26688766327300734,0.12390882196880021,,625cc71596d7d94d,7,,ecac199fa27ea80d,2661d5bdd1cd9c2a
mixed_linear_sequence_dnase_h3k4me3_rrbs_seed_42,linear,mixed,,42,,sequence_dnase_h3k4me3_rrbs,11738,2485,2526,,0,0,a5e7933d539d4faf,-1.598495714259286e+19,-0.026339199369381457,12974722.290868605,,625cc71596d7d94d,7,,ecac199fa27ea80d,2661d5bdd1cd9c2a
mixed_linear_sequence_dnase_h3k4me3_rrbs_seed_43,linear,mixed,,43,,sequence_dnase_h3k4me3_rrbs,11736,2514,2499,,0,0,26ea68ffa65d09d3,0.08006769701314864,0.2848851478382267,0.12742173268240137,,625cc71596d7d94d,7,,ecac199fa27ea80d,2661d5bdd1cd9c2a
mixed_linear_sequence_dnase_h3k4me3_rrbs_seed_44,linear,mixed,,44,,sequence_dnase_h3k4me3_rrbs,11709,2537,2503,,0,0,2b941cab9d9c6a8b,0.062197940456738876,0.25688828452977225,0.12990013913175913,,625cc71596d7d94d,7,,ecac199fa27ea80d,2661d5bdd1cd9c2a
mixed_linear_sequence_dnase_h3k4me3_rrbs_seed_45,linear,mixed,,45,,sequence_dnase_h3k4me3_rrbs,11694,2554,2501,,0,0,924014e29b603230,0.0683978849687431,0.2688753823191763,0.12353737129803664,,625cc71596d7d94d,7,,ecac199fa27ea80d,2661d5bdd1cd9c2a
mixed_linear_sequence_dnase_h3k4me3_seed_42,linear,mixed,,42,,sequence_dnase_h3k4me3,11738,2485,2526,,0,0,a5e7933d539d4faf,-1.692202567621396e+19,-0.026339199370080998,13349607.829663573,,625cc71596d7d94d,7,,ecac199fa27ea80d,2661d5bdd1cd9c2a
mixed_linear_sequence_dnase_h3k4me3_seed_43,linear,mixed,,43,,sequence_dnase_h3k4me3,11736,2514,2499,,0,0,26ea68ffa65d09d3,0.08033061595114588,0.28509653904872906,0.12756931490258677,,625cc71596d7d94d,7,,ecac199fa27ea80d,2661d5bdd1cd9c2a
mixed_linear_sequence_dnase_h3k4me3_seed_44,linear,mixed,,44,,sequence_dnase_h3k4me3,11709,2537,2503,,0,0,2b941cab9d9c6a8b,0.06441631438328355,0.2597384774450792,0.12994412581482706,,625cc71596d7d94d,7,,ecac199fa27ea80d,2661d5bdd1cd9c2a
mixed_linear_sequence_dnase_h3k4me3_seed_45,linear,mixed,,45,,sequence_dnase_h3k4me3,11694,2554,2501,,0,0,924014e29b603230,0.06738225122811015,0.26643824877666866,0.12369643204932411,,625cc71596d7d94d,7,,ecac199fa27ea80d,2661d5bdd1cd9c2a
mixed_linear_sequence_dnase_rrbs_seed_42,linear,mixed,,42,,sequence_dnase_rrbs,11738,2485,2526,,0,0,a5e7933d539d4faf,-2.1003734615547953e+19,-0.02633919937217905,14872726.566506112,,625cc71596d7d94d,7,,ecac199fa27ea80d,2661d5bdd1cd9c2a
mixed_linear_sequence_dnase_rrbs_seed_43,linear,mixed,,43,,sequence_dnase_rrbs,11736,2514,2499,,0,0,26ea68ffa65d09d3,0.08232306045776938,0.2882422744584448,0.12733954599216457,,625cc71596d7d94d,7,,ecac199fa27ea80d,2661d5bdd1cd9c2a
mixed_linear_sequence_dnase_rrbs_seed_44,linear,mixed,,44,,sequence_dnase_rrbs,11709,2537,2503,,0,0,2b941cab9d9c6a8b,0.06196677546635321,0.25622985570706597,0.12998139785922094,,625cc71596d7d94d,7,,ecac199fa27ea80d,2661d5bdd1cd9c2a
mixed_linear_sequence_dnase_rrbs_seed_45,linear,mixed,,45,,sequence_dnase_rrbs,11694,2554,2501,,0,0,924014e29b603230,0.07028855549379809,0.2709636817925317,0.12340472409210756,,625cc71596d7d94d,7,,ecac199fa27ea80d,2661d5bdd1cd9c2a
mixed_linear_sequence_dnase_seed_42,linear,mixed,,42,,sequence_dnase,11738,2485,2526,,0,0,a5e7933d539d4faf,-4.532008090282079e+19,-0.02633919937863834,21846791.78153841,,625cc71596d7d94d,7,,ecac199fa27ea80d,2661d5bdd1cd9c2a
mixed_linear_sequence_dnase_seed_43,linear,mixed,,43,,sequence_dnase,11736,2514,2499,,0,0,26ea68ffa65d09d3,0.08243530767729135,0.2882731554879628,0.12749142738279606,,625cc71596d7d94d,7,,ecac199fa27ea80d,2661d5bdd1cd9c2a
mixed_linear_sequence_dnase_seed_44,linear,mixed,,44,,sequence_dnase,11709,2537,2503,,0,0,2b941cab9d9c6a8b,0.06423903764066674,0.25919717013676374,0.13001495688505316,,625cc71596d7d94d,7,,ecac199fa27ea80d,2661d5bdd1cd9c2a
mixed_linear_sequence_dnase_seed_45,linear,mixed,,45,,sequence_dnase,11694,2554,2501,,0,0,924014e29b603230,0.06917817010969551,0.26843506348029816,0.12356876531948781,,625cc71596d7d94d,7,,ecac199fa27ea80d,2661d5bdd1cd9c2a
mixed_linear_sequence_h3k4me3_rrbs_seed_42,linear,mixed,,42,,sequence_h3k4me3_rrbs,11738,2485,2526,,0,0,a5e7933d539d4faf,0.08517247528483418,0.29249003547391167,0.12204736140985932,,625cc71596d7d94d,7,,ecac199fa27ea80d,2661d5bdd1cd9c2a
mixed_linear_sequence_h3k4me3_rrbs_seed_43,linear,mixed,,43,,sequence_h3k4me3_rrbs,11736,2514,2499,,0,0,26ea68ffa65d09d3,0.08154101099366295,0.2868328275915215,0.12735525209684667,,625cc71596d7d94d,7,,ecac199fa27ea80d,2661d5bdd1cd9c2a
mixed_linear_sequence_h3k4me3_rrbs_seed_44,linear,mixed,,44,,sequence_h3k4me3_rrbs,11709,2537,2503,,0,0,2b941cab9d9c6a8b,0.0589571781682634,0.2505320012599395,0.12996173458326127,,625cc71596d7d94d,7,,ecac199fa27ea80d,2661d5bdd1cd9c2a
mixed_linear_sequence_h3k4me3_rrbs_seed_45,linear,mixed,,45,,sequence_h3k4me3_rrbs,11694,2554,2501,,0,0,924014e29b603230,0.06795474113464606,0.26749073113527494,0.12361926827061663,,625cc71596d7d94d,7,,ecac199fa27ea80d,2661d5bdd1cd9c2a
mixed_linear_sequence_h3k4me3_seed_42,linear,mixed,,42,,sequence_h3k4me3,11738,2485,2526,,0,0,a5e7933d539d4faf,0.08847453880967926,0.29760433201469744,0.12186543099020666,,625cc71596d7d94d,7,,ecac199fa27ea80d,2661d5bdd1cd9c2a
mixed_linear_sequence_h3k4me3_seed_43,linear,mixed,,43,,sequence_h3k4me3,11736,2514,2499,,0,0,26ea68ffa65d09d3,0.08192267722270596,0.28731254080775764,0.12749245775655604,,625cc71596d7d94d,7,,ecac199fa27ea80d,2661d5bdd1cd9c2a
mixed_linear_sequence_h3k4me3_seed_44,linear,mixed,,44,,sequence_h3k4me3,11709,2537,2503,,0,0,2b941cab9d9c6a8b,0.061211810584308024,0.25348267001168473,0.1300048859344349,,625cc71596d7d94d,7,,ecac199fa27ea80d,2661d5bdd1cd9c2a
mixed_linear_sequence_h3k4me3_seed_45,linear,mixed,,45,,sequence_h3k4me3,11694,2554,2501,,0,0,924014e29b603230,0.06690281821111432,0.264977467879833,0.1237887781378083,,625cc71596d7d94d,7,,ecac199fa27ea80d,2661d5bdd1cd9c2a
mixed_linear_sequence_rrbs_seed_42,linear,mixed,,42,,sequence_rrbs,11738,2485,2526,,0,0,a5e7933d539d4faf,0.08966976121946679,0.29953442716721523,0.12188768996969328,,625cc71596d7d94d,7,,ecac199fa27ea80d,2661d5bdd1cd9c2a
mixed_linear_sequence_rrbs_seed_43,linear,mixed,,43,,sequence_rrbs,11736,2514,2499,,0,0,26ea68ffa65d09d3,0.0839262550658968,0.2904739567390614,0.12725638942164583,,625cc71596d7d94d,7,,ecac199fa27ea80d,2661d5bdd1cd9c2a
mixed_linear_sequence_rrbs_seed_44,linear,mixed,,44,,sequence_rrbs,11709,2537,2503,,0,0,2b941cab9d9c6a8b,0.05876216664335754,0.24978402571033395,0.1300955780897523,,625cc71596d7d94d,7,,ecac199fa27ea80d,2661d5bdd1cd9c2a
mixed_linear_sequence_rrbs_seed_45,linear,mixed,,45,,sequence_rrbs,11694,2554,2501,,0,0,924014e29b603230,0.06966483488760056,0.2693869956299744,0.12350845335748048,,625cc71596d7d94d,7,,ecac199fa27ea80d,2661d5bdd1cd9c2a
mixed_linear_sequence_seed_42,linear,mixed,,42,,sequence,11738,2485,2526,,0,0,a5e7933d539d4faf,0.09297504274935853,0.30500627574231326,0.12174385611602905,,625cc71596d7d94d,7,,ecac199fa27ea80d,2661d5bdd1cd9c2a
mixed_linear_sequence_seed_43,linear,mixed,,43,,sequence,11736,2514,2499,,0,0,26ea68ffa65d09d3,0.08414727470167482,0.2907664059698808,0.12740501294151696,,625cc71596d7d94d,7,,ecac199fa27ea80d,2661d5bdd1cd9c2a
mixed_linear_sequence_seed_44,linear,mixed,,44,,sequence,11709,2537,2503,,0,0,2b941cab9d9c6a8b,0.06096086272087131,0.25282315749601636,0.13006274303279242,,625cc71596d7d94d,7,,ecac199fa27ea80d,2661d5bdd1cd9c2a
mixed_linear_sequence_seed_45,linear,mixed,,45,,sequence,11694,2554,2501,,0,0,924014e29b603230,0.06852815602082207,0.2668011861747135,0.12367419901514622,,625cc71596d7d94d,7,,ecac199fa27ea80d,2661d5bdd1cd9c2a
mixed_mlp_all_seed_42,mlp,mixed,,42,,all,11738,2485,2526,,0,0,a5e7933d539d4faf,0.08726601045486082,0.29932079205041145,0.12405553582982871,cuda,625cc71596d7d94d,7,12.4,ecac199fa27ea80d,2661d5bdd1cd9c2a
mixed_mlp_all_seed_43,mlp,mixed,,43,,all,11736,2514,2499,,0,0,26ea68ffa65d09d3,0.08746855107312146,0.3035825854450701,0.12459911279830424,cuda,625cc71596d7d94d,7,12.4,ecac199fa27ea80d,2661d5bdd1cd9c2a
mixed_mlp_all_seed_44,mlp,mixed,,44,,all,11709,2537,2503,,0,0,2b941cab9d9c6a8b,0.05537236962165182,0.24581149719744083,0.1302920585770578,cuda,625cc71596d7d94d,7,12.4,ecac199fa27ea80d,2661d5bdd1cd9c2a
mixed_mlp_all_seed_45,mlp,mixed,,45,,all,11694,2554,2501,,0,0,924014e29b603230,0.06979976572989399,0.27060588511286693,0.12271748178450745,cuda,625cc71596d7d94d,7,12.4,ecac199fa27ea80d,2661d5bdd1cd9c2a
mixed_mlp_sequence_ctcf_dnase_h3k4me3_seed_42,mlp,mixed,,42,,sequence_ctcf_dnase_h3k4me3,11738,2485,2526,,0,0,a5e7933d539d4faf,0.07717848406949701,0.2796480854863688,0.1229713826632526,cuda,625cc71596d7d94d,7,12.4,ecac199fa27ea80d,2661d5bdd1cd9c2a
mixed_mlp_sequence_ctcf_dnase_h3k4me3_seed_43,mlp,mixed,,43,,sequence_ctcf_dnase_h3k4me3,11736,2514,2499,,0,0,26ea68ffa65d09d3,0.08408744698293447,0.2959430681128569,0.12569335172406673,cuda,625cc71596d7d94d,7,12.4,ecac199fa27ea80d,2661d5bdd1cd9c2a
mixed_mlp_sequence_ctcf_dnase_h3k4me3_seed_44,mlp,mixed,,44,,sequence_ctcf_dnase_h3k4me3,11709,2537,2503,,0,0,2b941cab9d9c6a8b,0.06415303387890359,0.2616142069968489,0.1301039639667653,cuda,625cc71596d7d94d,7,12.4,ecac199fa27ea80d,2661d5bdd1cd9c2a
mixed_mlp_sequence_ctcf_dnase_h3k4me3_seed_45,mlp,mixed,,45,,sequence_ctcf_dnase_h3k4me3,11694,2554,2501,,0,0,924014e29b603230,0.07412540295504821,0.28179999986112014,0.1225835897600003,cuda,625cc71596d7d94d,7,12.4,ecac199fa27ea80d,2661d5bdd1cd9c2a
mixed_mlp_sequence_ctcf_dnase_rrbs_seed_42,mlp,mixed,,42,,sequence_ctcf_dnase_rrbs,11738,2485,2526,,0,0,a5e7933d539d4faf,0.07475482395438782,0.29844098803451774,0.12627669006616446,cuda,625cc71596d7d94d,7,12.4,ecac199fa27ea80d,2661d5bdd1cd9c2a
mixed_mlp_sequence_ctcf_dnase_rrbs_seed_43,mlp,mixed,,43,,sequence_ctcf_dnase_rrbs,11736,2514,2499,,0,0,26ea68ffa65d09d3,0.08696914772366948,0.2950536610128421,0.1264936773021625,cuda,625cc71596d7d94d,7,12.4,ecac199fa27ea80d,2661d5bdd1cd9c2a
mixed_mlp_sequence_ctcf_dnase_rrbs_seed_44,mlp,mixed,,44,,sequence_ctcf_dnase_rrbs,11709,2537,2503,,0,0,2b941cab9d9c6a8b,0.05402664117446099,0.25210136460728405,0.1322822121857162,cuda,625cc71596d7d94d,7,12.4,ecac199fa27ea80d,2661d5bdd1cd9c2a
mixed_mlp_sequence_ctcf_dnase_rrbs_seed_45,mlp,mixed,,45,,sequence_ctcf_dnase_rrbs,11694,2554,2501,,0,0,924014e29b603230,0.08345813746826314,0.2958742247393759,0.1217269711511782,cuda,625cc71596d7d94d,7,12.4,ecac199fa27ea80d,2661d5bdd1cd9c2a
mixed_mlp_sequence_ctcf_dnase_seed_42,mlp,mixed,,42,,sequence_ctcf_dnase,11738,2485,2526,,0,0,a5e7933d539d4faf,0.08750118685695318,0.307250062905022,0.12471184790624933,cuda,625cc71596d7d94d,7,12.4,ecac199fa27ea80d,2661d5bdd1cd9c2a
mixed_mlp_sequence_ctcf_dnase_seed_43,mlp,mixed,,43,,sequence_ctcf_dnase,11736,2514,2499,,0,0,26ea68ffa65d09d3,0.07680604080093867,0.28964363634946483,0.1241734339829291,cuda,625cc71596d7d94d,7,12.4,ecac199fa27ea80d,2661d5bdd1cd9c2a
mixed_mlp_sequence_ctcf_dnase_seed_44,mlp,mixed,,44,,sequence_ctcf_dnase,11709,2537,2503,,0,0,2b941cab9d9c6a8b,0.053309311806506,0.25547509537219987,0.12990991663428852,cuda,625cc71596d7d94d,7,12.4,ecac199fa27ea80d,2661d5bdd1cd9c2a
mixed_mlp_sequence_ctcf_dnase_seed_45,mlp,mixed,,45,,sequence_ctcf_dnase,11694,2554,2501,,0,0,924014e29b603230,0.07841456935521984,0.2881679566834396,0.12194472606483678,cuda,625cc71596d7d94d,7,12.4,ecac199fa27ea80d,2661d5bdd1cd9c2a
mixed_mlp_sequence_ctcf_h3k4me3_rrbs_seed_42,mlp,mixed,,42,,sequence_ctcf_h3k4me3_rrbs,11738,2485,2526,,0,0,a5e7933d539d4faf,0.08425186169831933,0.2987069692000691,0.12453847689830755,cuda,625cc71596d7d94d,7,12.4,ecac199fa27ea80d,2661d5bdd1cd9c2a
mixed_mlp_sequence_ctcf_h3k4me3_rrbs_seed_43,mlp,mixed,,43,,sequence_ctcf_h3k4me3_rrbs,11736,2514,2499,,0,0,26ea68ffa65d09d3,0.07297914157921215,0.2842574620353523,0.12576100564935488,cuda,625cc71596d7d94d,7,12.4,ecac199fa27ea80d,2661d5bdd1cd9c2a
mixed_mlp_sequence_ctcf_h3k4me3_rrbs_seed_44,mlp,mixed,,44,,sequence_ctcf_h3k4me3_rrbs,11709,2537,2503,,0,0,2b941cab9d9c6a8b,0.05034616178198348,0.24795074104018927,0.13122378399798776,cuda,625cc71596d7d94d,7,12.4,ecac199fa27ea80d,2661d5bdd1cd9c2a
mixed_mlp_sequence_ctcf_h3k4me3_rrbs_seed_45,mlp,mixed,,45,,sequence_ctcf_h3k4me3_rrbs,11694,2554,2501,,0,0,924014e29b603230,0.07539879310307374,0.2787778254652596,0.12331433167355917,cuda,625cc71596d7d94d,7,12.4,ecac199fa27ea80d,2661d5bdd1cd9c2a
mixed_mlp_sequence_ctcf_h3k4me3_seed_42,mlp,mixed,,42,,sequence_ctcf_h3k4me3,11738,2485,2526,,0,0,a5e7933d539d4faf,0.09080491879135544,0.306629337710906,0.12384447422531304,cuda,625cc71596d7d94d,7,12.4,ecac199fa27ea80d,2661d5bdd1cd9c2a
mixed_mlp_sequence_ctcf_h3k4me3_seed_43,mlp,mixed,,43,,sequence_ctcf_h3k4me3,11736,2514,2499,,0,0,26ea68ffa65d09d3,0.07187675621125322,0.2912667125296249,0.12558182498785153,cuda,625cc71596d7d94d,7,12.4,ecac199fa27ea80d,2661d5bdd1cd9c2a
mixed_mlp_sequence_ctcf_h3k4me3_seed_44,mlp,mixed,,44,,sequence_ctcf_h3k4me3,11709,2537,2503,,0,0,2b941cab9d9c6a8b,0.061845455385450054,0.2687911573788684,0.1277850765911278,cuda,625cc71596d7d94d,7,12.4,ecac199fa27ea80d,2661d5bdd1cd9c2a
mixed_mlp_sequence_ctcf_h3k4me3_seed_45,mlp,mixed,,45,,sequence_ctcf_h3k4me3,11694,2554,2501,,0,0,924014e29b603230,0.06922243732817523,0.26936029700971015,0.12312738238742146,cuda,625cc71596d7d94d,7,12.4,ecac199fa27ea80d,2661d5bdd1cd9c2a
mixed_mlp_sequence_ctcf_rrbs_seed_42,mlp,mixed,,42,,sequence_ctcf_rrbs,11738,2485,2526,,0,0,a5e7933d539d4faf,0.09234171071791697,0.30906116848022247,0.12370987387677249,cuda,625cc71596d7d94d,7,12.4,ecac199fa27ea80d,2661d5bdd1cd9c2a
mixed_mlp_sequence_ctcf_rrbs_seed_43,mlp,mixed,,43,,sequence_ctcf_rrbs,11736,2514,2499,,0,0,26ea68ffa65d09d3,0.0724906044040231,0.27683657149808866,0.12525959853948906,cuda,625cc71596d7d94d,7,12.4,ecac199fa27ea80d,2661d5bdd1cd9c2a
mixed_mlp_sequence_ctcf_rrbs_seed_44,mlp,mixed,,44,,sequence_ctcf_rrbs,11709,2537,2503,,0,0,2b941cab9d9c6a8b,0.04737317123657925,0.24988731569020117,0.13204450217379637,cuda,625cc71596d7d94d,7,12.4,ecac199fa27ea80d,2661d5bdd1cd9c2a
mixed_mlp_sequence_ctcf_rrbs_seed_45,mlp,mixed,,45,,sequence_ctcf_rrbs,11694,2554,2501,,0,0,924014e29b603230,0.05106138129023707,0.2574374939933937,0.12229921465920864,cuda,625cc71596d7d94d,7,12.4,ecac199fa27ea80d,2661d5bdd1cd9c2a
mixed_mlp_sequence_ctcf_seed_42,mlp,mixed,,42,,sequence_ctcf,11738,2485,2526,,0,0,a5e7933d539d4faf,0.09482068932342769,0.31185011517573913,0.12318993524549578,cuda,625cc71596d7d94d,7,12.4,ecac199fa27ea80d,2661d5bdd1cd9c2a
mixed_mlp_sequence_ctcf_seed_43,mlp,mixed,,43,,sequence_ctcf,11736,2514,2499,,0,0,26ea68ffa65d09d3,0.07922982104470755,0.2852585203598746,0.1257702345425189,cuda,625cc71596d7d94d,7,12.4,ecac199fa27ea80d,2661d5bdd1cd9c2a
mixed_mlp_sequence_ctcf_seed_44,mlp,mixed,,44,,sequence_ctcf,11709,2537,2503,,0,0,2b941cab9d9c6a8b,0.058627635361203856,0.2542382171537318,0.12852517061443017,cuda,625cc71596d7d94d,7,12.4,ecac199fa27ea80d,2661d5bdd1cd9c2a
mixed_mlp_sequence_ctcf_seed_45,mlp,mixed,,45,,sequence_ctcf,11694,2554,2501,,0,0,924014e29b603230,0.06026878054528806,0.2643033633352309,0.12410461381609804,cuda,625cc71596d7d94d,7,12.4,ecac199fa27ea80d,2661d5bdd1cd9c2a
mixed_mlp_sequence_dnase_h3k4me3_rrbs_seed_42,mlp,mixed,,42,,sequence_dnase_h3k4me3_rrbs,11738,2485,2526,,0,0,a5e7933d539d4faf,0.08930064342862809,0.29885866958756047,0.12217168357923193,cuda,625cc71596d7d94d,7,12.4,ecac199fa27ea80d,2661d5bdd1cd9c2a
mixed_mlp_sequence_dnase_h3k4me3_rrbs_seed_43,mlp,mixed,,43,,sequence_dnase_h3k4me3_rrbs,11736,2514,2499,,0,0,26ea68ffa65d09d3,0.07984759598314772,0.28722173337057477,0.1251597986891767,cuda,625cc71596d7d94d,7,12.4,ecac199fa27ea80d,2661d5bdd1cd9c2a
mixed_mlp_sequence_dnase_h3k4me3_rrbs_seed_44,mlp,mixed,,44,,sequence_dnase_h3k4me3_rrbs,11709,2537,2503,,0,0,2b941cab9d9c6a8b,0.05742034204550206,0.2604710405631433,0.129948870076482,cuda,625cc71596d7d94d,7,12.4,ecac199fa27ea80d,2661d5bdd1cd9c2a
mixed_mlp_sequence_dnase_h3k4me3_rrbs_seed_45,mlp,mixed,,45,,sequence_dnase_h3k4me3_rrbs,11694,2554,2501,,0,0,924014e29b603230,0.08125585450836981,0.2884604391676738,0.12239910501331633,cuda,625cc71596d7d94d,7,12.4,ecac199fa27ea80d,2661d5bdd1cd9c2a
mixed_mlp_sequence_dnase_h3k4me3_seed_42,mlp,mixed,,42,,sequence_dnase_h3k4me3,11738,2485,2526,,0,0,a5e7933d539d4faf,0.0834835881717455,0.29842088917205023,0.12469622204483714,cuda,625cc71596d7d94d,7,12.4,ecac199fa27ea80d,2661d5bdd1cd9c2a
mixed_mlp_sequence_dnase_h3k4me3_seed_43,mlp,mixed,,43,,sequence_dnase_h3k4me3,11736,2514,2499,,0,0,26ea68ffa65d09d3,0.0791367631304738,0.2966393565666626,0.12405496563707177,cuda,625cc71596d7d94d,7,12.4,ecac199fa27ea80d,2661d5bdd1cd9c2a
mixed_mlp_sequence_dnase_h3k4me3_seed_44,mlp,mixed,,44,,sequence_dnase_h3k4me3,11709,2537,2503,,0,0,2b941cab9d9c6a8b,0.062365403908072214,0.2685643836841494,0.12851607968567122,cuda,625cc71596d7d94d,7,12.4,ecac199fa27ea80d,2661d5bdd1cd9c2a
mixed_mlp_sequence_dnase_h3k4me3_seed_45,mlp,mixed,,45,,sequence_dnase_h3k4me3,11694,2554,2501,,0,0,924014e29b603230,0.07558854078552324,0.2763232674215861,0.12337407180212304,cuda,625cc71596d7d94d,7,12.4,ecac199fa27ea80d,2661d5bdd1cd9c2a
mixed_mlp_sequence_dnase_rrbs_seed_42,mlp,mixed,,42,,sequence_dnase_rrbs,11738,2485,2526,,0,0,a5e7933d539d4faf,0.0804530578389906,0.2975422742784553,0.1255514165867128,cuda,625cc71596d7d94d,7,12.4,ecac199fa27ea80d,2661d5bdd1cd9c2a
mixed_mlp_sequence_dnase_rrbs_seed_43,mlp,mixed,,43,,sequence_dnase_rrbs,11736,2514,2499,,0,0,26ea68ffa65d09d3,0.07737825885041882,0.2924980094290196,0.12387613814024415,cuda,625cc71596d7d94d,7,12.4,ecac199fa27ea80d,2661d5bdd1cd9c2a
mixed_mlp_sequence_dnase_rrbs_seed_44,mlp,mixed,,44,,sequence_dnase_rrbs,11709,2537,2503,,0,0,2b941cab9d9c6a8b,0.05869267601134198,0.2624326866350936,0.13179632108673436,cuda,625cc71596d7d94d,7,12.4,ecac199fa27ea80d,2661d5bdd1cd9c2a
mixed_mlp_sequence_dnase_rrbs_seed_45,mlp,mixed,,45,,sequence_dnase_rrbs,11694,2554,2501,,0,0,924014e29b603230,0.06844575102496941,0.27399859206065896,0.12222771785407346,cuda,625cc71596d7d94d,7,12.4,ecac199fa27ea80d,2661d5bdd1cd9c2a
mixed_mlp_sequence_dnase_seed_42,mlp,mixed,,42,,sequence_dnase,11738,2485,2526,,0,0,a5e7933d539d4faf,0.08381510169718809,0.2991715427949094,0.12492151322594805,cuda,625cc71596d7d94d,7,12.4,ecac199fa27ea80d,2661d5bdd1cd9c2a
mixed_mlp_sequence_dnase_seed_43,mlp,mixed,,43,,sequence_dnase,11736,2514,2499,,0,0,26ea68ffa65d09d3,0.07619764217903358,0.29234484273085276,0.12431092458231063,cuda,625cc71596d7d94d,7,12.4,ecac199fa27ea80d,2661d5bdd1cd9c2a
mixed_mlp_sequence_dnase_seed_44,mlp,mixed,,44,,sequence_dnase,11709,2537,2503,,0,0,2b941cab9d9c6a8b,0.05290494289796588,0.2505912221476999,0.12856664639219337,cuda,625cc71596d7d94d,7,12.4,ecac199fa27ea80d,2661d5bdd1cd9c2a
mixed_mlp_sequence_dnase_seed_45,mlp,mixed,,45,,sequence_dnase,11694,2554,2501,,0,0,924014e29b603230,0.06407417355356548,0.27628693175831387,0.12140296989468997,cuda,625cc71596d7d94d,7,12.4,ecac199fa27ea80d,2661d5bdd1cd9c2a
mixed_mlp_sequence_h3k4me3_rrbs_seed_42,mlp,mixed,,42,,sequence_h3k4me3_rrbs,11738,2485,2526,,0,0,a5e7933d539d4faf,0.09147625298114759,0.3025792640125889,0.12212263997612617,cuda,625cc71596d7d94d,7,12.4,ecac199fa27ea80d,2661d5bdd1cd9c2a
mixed_mlp_sequence_h3k4me3_rrbs_seed_43,mlp,mixed,,43,,sequence_h3k4me3_rrbs,11736,2514,2499,,0,0,26ea68ffa65d09d3,0.06961536137637858,0.2756570990679223,0.12478277014667487,cuda,625cc71596d7d94d,7,12.4,ecac199fa27ea80d,2661d5bdd1cd9c2a
mixed_mlp_sequence_h3k4me3_rrbs_seed_44,mlp,mixed,,44,,sequence_h3k4me3_rrbs,11709,2537,2503,,0,0,2b941cab9d9c6a8b,0.058241467680075654,0.26039078848978553,0.1321321049842074,cuda,625cc71596d7d94d,7,12.4,ecac199fa27ea80d,2661d5bdd1cd9c2a
mixed_mlp_sequence_h3k4me3_rrbs_seed_45,mlp,mixed,,45,,sequence_h3k4me3_rrbs,11694,2554,2501,,0,0,924014e29b603230,0.06114783634033405,0.26343655623341605,0.12358915199905389,cuda,625cc71596d7d94d,7,12.4,ecac199fa27ea80d,2661d5bdd1cd9c2a
mixed_mlp_sequence_h3k4me3_seed_42,mlp,mixed,,42,,sequence_h3k4me3,11738,2485,2526,,0,0,a5e7933d539d4faf,0.09112294036706003,0.3022209577391477,0.12258417555899516,cuda,625cc71596d7d94d,7,12.4,ecac199fa27ea80d,2661d5bdd1cd9c2a
mixed_mlp_sequence_h3k4me3_seed_43,mlp,mixed,,43,,sequence_h3k4me3,11736,2514,2499,,0,0,26ea68ffa65d09d3,0.07531588588454763,0.28195331468424606,0.12493796349549592,cuda,625cc71596d7d94d,7,12.4,ecac199fa27ea80d,2661d5bdd1cd9c2a
mixed_mlp_sequence_h3k4me3_seed_44,mlp,mixed,,44,,sequence_h3k4me3,11709,2537,2503,,0,0,2b941cab9d9c6a8b,0.059073975187395766,0.254415968598212,0.12875570708054557,cuda,625cc71596d7d94d,7,12.4,ecac199fa27ea80d,2661d5bdd1cd9c2a
mixed_mlp_sequence_h3k4me3_seed_45,mlp,mixed,,45,,sequence_h3k4me3,11694,2554,2501,,0,0,924014e29b603230,0.06161575863917457,0.2613256711246303,0.12302215350612604,cuda,625cc71596d7d94d,7,12.4,ecac199fa27ea80d,2661d5bdd1cd9c2a
mixed_mlp_sequence_rrbs_seed_42,mlp,mixed,,42,,sequence_rrbs,11738,2485,2526,,0,0,a5e7933d539d4faf,0.09375980948453388,0.3064114085488293,0.12138532234998212,cuda,625cc71596d7d94d,7,12.4,ecac199fa27ea80d,2661d5bdd1cd9c2a
mixed_mlp_sequence_rrbs_seed_43,mlp,mixed,,43,,sequence_rrbs,11736,2514,2499,,0,0,26ea68ffa65d09d3,0.07981944556596121,0.28452897972783553,0.12776291789782818,cuda,625cc71596d7d94d,7,12.4,ecac199fa27ea80d,2661d5bdd1cd9c2a
mixed_mlp_sequence_rrbs_seed_44,mlp,mixed,,44,,sequence_rrbs,11709,2537,2503,,0,0,2b941cab9d9c6a8b,0.057299137657795596,0.2511629866948091,0.12992273225801387,cuda,625cc71596d7d94d,7,12.4,ecac199fa27ea80d,2661d5bdd1cd9c2a
mixed_mlp_sequence_rrbs_seed_45,mlp,mixed,,45,,sequence_rrbs,11694,2554,2501,,0,0,924014e29b603230,0.056850241432582105,0.2734882303865975,0.12131602020110054,cuda,625cc71596d7d94d,7,12.4,ecac199fa27ea80d,2661d5bdd1cd9c2a
mixed_mlp_sequence_seed_42,mlp,mixed,,42,,sequence,11738,2485,2526,,0,0,a5e7933d539d4faf,0.09005881881965705,0.3006608642932286,0.12210059722991075,cuda,625cc71596d7d94d,7,12.4,ecac199fa27ea80d,2661d5bdd1cd9c2a
mixed_mlp_sequence_seed_43,mlp,mixed,,43,,sequence,11736,2514,2499,,0,0,26ea68ffa65d09d3,0.07770555131319745,0.28266708448015254,0.12823533203481055,cuda,625cc71596d7d94d,7,12.4,ecac199fa27ea80d,2661d5bdd1cd9c2a
mixed_mlp_sequence_seed_44,mlp,mixed,,44,,sequence,11709,2537,2503,,0,0,2b941cab9d9c6a8b,0.060776112819404426,0.25669563474836193,0.13003249387798183,cuda,625cc71596d7d94d,7,12.4,ecac199fa27ea80d,2661d5bdd1cd9c2a
mixed_mlp_sequence_seed_45,mlp,mixed,,45,,sequence,11694,2554,2501,,0,0,924014e29b603230,0.056140041470006063,0.2646464110960586,0.12200536466013623,cuda,625cc71596d7d94d,7,12.4,ecac199fa27ea80d,2661d5bdd1cd9c2a
mixed_transformer_all_seed_42,transformer,mixed,,42,,all,11738,2485,2526,,0,0,a5e7933d539d4faf,0.0733815978546728,0.28610404778096715,0.12259040863921389,cuda,625cc71596d7d94d,7,12.4,ecac199fa27ea80d,2661d5bdd1cd9c2a
mixed_transformer_all_seed_43,transformer,mixed,,43,,all,11736,2514,2499,,0,0,26ea68ffa65d09d3,0.07880731571608912,0.2897790359659427,0.1249040129378864,cuda,625cc71596d7d94d,7,12.4,ecac199fa27ea80d,2661d5bdd1cd9c2a
mixed_transformer_all_seed_44,transformer,mixed,,44,,all,11709,2537,2503,,0,0,2b941cab9d9c6a8b,0.05928627265723496,0.2652351002670539,0.13098720996594113,cuda,625cc71596d7d94d,7,12.4,ecac199fa27ea80d,2661d5bdd1cd9c2a
mixed_transformer_all_seed_45,transformer,mixed,,45,,all,11694,2554,2501,,0,0,924014e29b603230,0.0697691150449824,0.2642717782496722,0.12384896601811599,cuda,625cc71596d7d94d,7,12.4,ecac199fa27ea80d,2661d5bdd1cd9c2a
mixed_transformer_sequence_ctcf_dnase_h3k4me3_seed_42,transformer,mixed,,42,,sequence_ctcf_dnase_h3k4me3,11738,2485,2526,,0,0,a5e7933d539d4faf,0.09742858127006704,0.31723623660503913,0.12271791896098656,cuda,625cc71596d7d94d,7,12.4,ecac199fa27ea80d,2661d5bdd1cd9c2a
mixed_transformer_sequence_ctcf_dnase_h3k4me3_seed_43,transformer,mixed,,43,,sequence_ctcf_dnase_h3k4me3,11736,2514,2499,,0,0,26ea68ffa65d09d3,0.08062186558917261,0.28923098029811567,0.12659595857445458,cuda,625cc71596d7d94d,7,12.4,ecac199fa27ea80d,2661d5bdd1cd9c2a
mixed_transformer_sequence_ctcf_dnase_h3k4me3_seed_44,transformer,mixed,,44,,sequence_ctcf_dnase_h3k4me3,11709,2537,2503,,0,0,2b941cab9d9c6a8b,0.06721742505245765,0.2743035336684792,0.1300235025036248,cuda,625cc71596d7d94d,7,12.4,ecac199fa27ea80d,2661d5bdd1cd9c2a
mixed_transformer_sequence_ctcf_dnase_h3k4me3_seed_45,transformer,mixed,,45,,sequence_ctcf_dnase_h3k4me3,11694,2554,2501,,0,0,924014e29b603230,0.06996673390553343,0.264807184789871,0.12376050293614183,cuda,625cc71596d7d94d,7,12.4,ecac199fa27ea80d,2661d5bdd1cd9c2a
mixed_transformer_sequence_ctcf_dnase_rrbs_seed_42,transformer,mixed,,42,,sequence_ctcf_dnase_rrbs,11738,2485,2526,,0,0,a5e7933d539d4faf,0.08228329069862639,0.2876439048135224,0.12209876089480859,cuda,625cc71596d7d94d,7,12.4,ecac199fa27ea80d,2661d5bdd1cd9c2a
mixed_transformer_sequence_ctcf_dnase_rrbs_seed_43,transformer,mixed,,43,,sequence_ctcf_dnase_rrbs,11736,2514,2499,,0,0,26ea68ffa65d09d3,0.06847488348104258,0.2731697551236245,0.12495726962836472,cuda,625cc71596d7d94d,7,12.4,ecac199fa27ea80d,2661d5bdd1cd9c2a
mixed_transformer_sequence_ctcf_dnase_rrbs_seed_44,transformer,mixed,,44,,sequence_ctcf_dnase_rrbs,11709,2537,2503,,0,0,2b941cab9d9c6a8b,0.07565448055414914,0.27627912818420713,0.12882504366000402,cuda,625cc71596d7d94d,7,12.4,ecac199fa27ea80d,2661d5bdd1cd9c2a
mixed_transformer_sequence_ctcf_dnase_rrbs_seed_45,transformer,mixed,,45,,sequence_ctcf_dnase_rrbs,11694,2554,2501,,0,0,924014e29b603230,0.06930382139078961,0.2642888830300994,0.12448829090749541,cuda,625cc71596d7d94d,7,12.4,ecac199fa27ea80d,2661d5bdd1cd9c2a
mixed_transformer_sequence_ctcf_dnase_seed_42,transformer,mixed,,42,,sequence_ctcf_dnase,11738,2485,2526,,0,0,a5e7933d539d4faf,0.08916166833358397,0.299771085553652,0.12217430584735256,cuda,625cc71596d7d94d,7,12.4,ecac199fa27ea80d,2661d5bdd1cd9c2a
mixed_transformer_sequence_ctcf_dnase_seed_43,transformer,mixed,,43,,sequence_ctcf_dnase,11736,2514,2499,,0,0,26ea68ffa65d09d3,0.06528684107024463,0.27738956613865445,0.125332137836413,cuda,625cc71596d7d94d,7,12.4,ecac199fa27ea80d,2661d5bdd1cd9c2a
mixed_transformer_sequence_ctcf_dnase_seed_44,transformer,mixed,,44,,sequence_ctcf_dnase,11709,2537,2503,,0,0,2b941cab9d9c6a8b,0.06135957451540264,0.2630552899827592,0.12805624006712707,cuda,625cc71596d7d94d,7,12.4,ecac199fa27ea80d,2661d5bdd1cd9c2a
mixed_transformer_sequence_ctcf_dnase_seed_45,transformer,mixed,,45,,sequence_ctcf_dnase,11694,2554,2501,,0,0,924014e29b603230,0.07030332675923123,0.266400229772713,0.12430853522693149,cuda,625cc71596d7d94d,7,12.4,ecac199fa27ea80d,2661d5bdd1cd9c2a
mixed_transformer_sequence_ctcf_h3k4me3_rrbs_seed_42,transformer,mixed,,42,,sequence_ctcf_h3k4me3_rrbs,11738,2485,2526,,0,0,a5e7933d539d4faf,0.08597933515120793,0.2978891665173311,0.12132720588641682,cuda,625cc71596d7d94d,7,12.4,ecac199fa27ea80d,2661d5bdd1cd9c2a
mixed_transformer_sequence_ctcf_h3k4me3_rrbs_seed_43,transformer,mixed,,43,,sequence_ctcf_h3k4me3_rrbs,11736,2514,2499,,0,0,26ea68ffa65d09d3,0.0854098998342202,0.3054564226690778,0.1230753171268622,cuda,625cc71596d7d94d,7,12.4,ecac199fa27ea80d,2661d5bdd1cd9c2a
mixed_transformer_sequence_ctcf_h3k4me3_rrbs_seed_44,transformer,mixed,,44,,sequence_ctcf_h3k4me3_rrbs,11709,2537,2503,,0,0,2b941cab9d9c6a8b,0.064962490925773,0.26114151091082594,0.12932997595450363,cuda,625cc71596d7d94d,7,12.4,ecac199fa27ea80d,2661d5bdd1cd9c2a
mixed_transformer_sequence_ctcf_h3k4me3_rrbs_seed_45,transformer,mixed,,45,,sequence_ctcf_h3k4me3_rrbs,11694,2554,2501,,0,0,924014e29b603230,0.06703774629806236,0.27106191277856656,0.12431119121443082,cuda,625cc71596d7d94d,7,12.4,ecac199fa27ea80d,2661d5bdd1cd9c2a
mixed_transformer_sequence_ctcf_h3k4me3_seed_42,transformer,mixed,,42,,sequence_ctcf_h3k4me3,11738,2485,2526,,0,0,a5e7933d539d4faf,0.08617334926840747,0.2966472187824474,0.12140713475350508,cuda,625cc71596d7d94d,7,12.4,ecac199fa27ea80d,2661d5bdd1cd9c2a
mixed_transformer_sequence_ctcf_h3k4me3_seed_43,transformer,mixed,,43,,sequence_ctcf_h3k4me3,11736,2514,2499,,0,0,26ea68ffa65d09d3,0.08470782246147024,0.3014571279037056,0.12588222370368476,cuda,625cc71596d7d94d,7,12.4,ecac199fa27ea80d,2661d5bdd1cd9c2a
mixed_transformer_sequence_ctcf_h3k4me3_seed_44,transformer,mixed,,44,,sequence_ctcf_h3k4me3,11709,2537,2503,,0,0,2b941cab9d9c6a8b,0.059991468798498704,0.2543752904061149,0.12987481307646143,cuda,625cc71596d7d94d,7,12.4,ecac199fa27ea80d,2661d5bdd1cd9c2a
mixed_transformer_sequence_ctcf_h3k4me3_seed_45,transformer,mixed,,45,,sequence_ctcf_h3k4me3,11694,2554,2501,,0,0,924014e29b603230,0.068089816849769,0.2609585266144583,0.12447992050639972,cuda,625cc71596d7d94d,7,12.4,ecac199fa27ea80d,2661d5bdd1cd9c2a
mixed_transformer_sequence_ctcf_rrbs_seed_42,transformer,mixed,,42,,sequence_ctcf_rrbs,11738,2485,2526,,0,0,a5e7933d539d4faf,0.07852740238660083,0.285490716143959,0.12199138080299493,cuda,625cc71596d7d94d,7,12.4,ecac199fa27ea80d,2661d5bdd1cd9c2a
mixed_transformer_sequence_ctcf_rrbs_seed_43,transformer,mixed,,43,,sequence_ctcf_rrbs,11736,2514,2499,,0,0,26ea68ffa65d09d3,0.07338347436706893,0.2861457392093306,0.12619878637511525,cuda,625cc71596d7d94d,7,12.4,ecac199fa27ea80d,2661d5bdd1cd9c2a
mixed_transformer_sequence_ctcf_rrbs_seed_44,transformer,mixed,,44,,sequence_ctcf_rrbs,11709,2537,2503,,0,0,2b941cab9d9c6a8b,0.05089798034496951,0.2393806171503698,0.1302044614699278,cuda,625cc71596d7d94d,7,12.4,ecac199fa27ea80d,2661d5bdd1cd9c2a
mixed_transformer_sequence_ctcf_rrbs_seed_45,transformer,mixed,,45,,sequence_ctcf_rrbs,11694,2554,2501,,0,0,924014e29b603230,0.0709093526341873,0.27055595993954523,0.12355897693016638,cuda,625cc71596d7d94d,7,12.4,ecac199fa27ea80d,2661d5bdd1cd9c2a
mixed_transformer_sequence_ctcf_seed_42,transformer,mixed,,42,,sequence_ctcf,11738,2485,2526,,0,0,a5e7933d539d4faf,0.08229146664665188,0.2911840724198293,0.12222500775915783,cuda,625cc71596d7d94d,7,12.4,ecac199fa27ea80d,2661d5bdd1cd9c2a
mixed_transformer_sequence_ctcf_seed_43,transformer,mixed,,43,,sequence_ctcf,11736,2514,2499,,0,0,26ea68ffa65d09d3,0.08153420008638013,0.2924111635236433,0.12411969654366323,cuda,625cc71596d7d94d,7,12.4,ecac199fa27ea80d,2661d5bdd1cd9c2a
mixed_transformer_sequence_ctcf_seed_44,transformer,mixed,,44,,sequence_ctcf,11709,2537,2503,,0,0,2b941cab9d9c6a8b,0.06771578373249543,0.2717149922464325,0.12853909412430933,cuda,625cc71596d7d94d,7,12.4,ecac199fa27ea80d,2661d5bdd1cd9c2a
mixed_transformer_sequence_ctcf_seed_45,transformer,mixed,,45,,sequence_ctcf,11694,2554,2501,,0,0,924014e29b603230,0.06498647502813626,0.2593086126200098,0.12384257307439511,cuda,625cc71596d7d94d,7,12.4,ecac199fa27ea80d,2661d5bdd1cd9c2a
mixed_transformer_sequence_dnase_h3k4me3_rrbs_seed_42,transformer,mixed,,42,,sequence_dnase_h3k4me3_rrbs,11738,2485,2526,,0,0,a5e7933d539d4faf,0.0829553637997753,0.29534925574026394,0.1225662656521965,cuda,625cc71596d7d94d,7,12.4,ecac199fa27ea80d,2661d5bdd1cd9c2a
mixed_transformer_sequence_dnase_h3k4me3_rrbs_seed_43,transformer,mixed,,43,,sequence_dnase_h3k4me3_rrbs,11736,2514,2499,,0,0,26ea68ffa65d09d3,0.09537405807936905,0.30972138060661947,0.12609299377149466,cuda,625cc71596d7d94d,7,12.4,ecac199fa27ea80d,2661d5bdd1cd9c2a
mixed_transformer_sequence_dnase_h3k4me3_rrbs_seed_44,transformer,mixed,,44,,sequence_dnase_h3k4me3_rrbs,11709,2537,2503,,0,0,2b941cab9d9c6a8b,0.06303985699114656,0.25998870354633274,0.12861754599649086,cuda,625cc71596d7d94d,7,12.4,ecac199fa27ea80d,2661d5bdd1cd9c2a
mixed_transformer_sequence_dnase_h3k4me3_rrbs_seed_45,transformer,mixed,,45,,sequence_dnase_h3k4me3_rrbs,11694,2554,2501,,0,0,924014e29b603230,0.06384015654485975,0.25321667343582377,0.12522747926811995,cuda,625cc71596d7d94d,7,12.4,ecac199fa27ea80d,2661d5bdd1cd9c2a
mixed_transformer_sequence_dnase_h3k4me3_seed_42,transformer,mixed,,42,,sequence_dnase_h3k4me3,11738,2485,2526,,0,0,a5e7933d539d4faf,0.08474000359795553,0.29468170677578975,0.12147329897674489,cuda,625cc71596d7d94d,7,12.4,ecac199fa27ea80d,2661d5bdd1cd9c2a
mixed_transformer_sequence_dnase_h3k4me3_seed_43,transformer,mixed,,43,,sequence_dnase_h3k4me3,11736,2514,2499,,0,0,26ea68ffa65d09d3,0.09977690414075002,0.3160153932261216,0.12511349746600303,cuda,625cc71596d7d94d,7,12.4,ecac199fa27ea80d,2661d5bdd1cd9c2a
mixed_transformer_sequence_dnase_h3k4me3_seed_44,transformer,mixed,,44,,sequence_dnase_h3k4me3,11709,2537,2503,,0,0,2b941cab9d9c6a8b,0.06399783739631892,0.2620088106920662,0.12850357517056818,cuda,625cc71596d7d94d,7,12.4,ecac199fa27ea80d,2661d5bdd1cd9c2a
mixed_transformer_sequence_dnase_h3k4me3_seed_45,transformer,mixed,,45,,sequence_dnase_h3k4me3,11694,2554,2501,,0,0,924014e29b603230,0.07315092545382795,0.28547167298645887,0.12133853194120507,cuda,625cc71596d7d94d,7,12.4,ecac199fa27ea80d,2661d5bdd1cd9c2a
mixed_transformer_sequence_dnase_rrbs_seed_42,transformer,mixed,,42,,sequence_dnase_rrbs,11738,2485,2526,,0,0,a5e7933d539d4faf,0.06940323487093558,0.26392003885447246,0.12338338856784557,cuda,625cc71596d7d94d,7,12.4,ecac199fa27ea80d,2661d5bdd1cd9c2a
mixed_transformer_sequence_dnase_rrbs_seed_43,transformer,mixed,,43,,sequence_dnase_rrbs,11736,2514,2499,,0,0,26ea68ffa65d09d3,0.09411784121071898,0.31302736362849676,0.12642246905340013,cuda,625cc71596d7d94d,7,12.4,ecac199fa27ea80d,2661d5bdd1cd9c2a
mixed_transformer_sequence_dnase_rrbs_seed_44,transformer,mixed,,44,,sequence_dnase_rrbs,11709,2537,2503,,0,0,2b941cab9d9c6a8b,0.0786544273147457,0.28527064352315423,0.12823676752783075,cuda,625cc71596d7d94d,7,12.4,ecac199fa27ea80d,2661d5bdd1cd9c2a
mixed_transformer_sequence_dnase_rrbs_seed_45,transformer,mixed,,45,,sequence_dnase_rrbs,11694,2554,2501,,0,0,924014e29b603230,0.060033097441281935,0.24889547204845952,0.12490403403764776,cuda,625cc71596d7d94d,7,12.4,ecac199fa27ea80d,2661d5bdd1cd9c2a
mixed_transformer_sequence_dnase_seed_42,transformer,mixed,,42,,sequence_dnase,11738,2485,2526,,0,0,a5e7933d539d4faf,0.0882010990458012,0.29939283114739806,0.12342214612826484,cuda,625cc71596d7d94d,7,12.4,ecac199fa27ea80d,2661d5bdd1cd9c2a
mixed_transformer_sequence_dnase_seed_43,transformer,mixed,,43,,sequence_dnase,11736,2514,2499,,0,0,26ea68ffa65d09d3,0.08400813041480237,0.29641229933703195,0.12397191781945592,cuda,625cc71596d7d94d,7,12.4,ecac199fa27ea80d,2661d5bdd1cd9c2a
mixed_transformer_sequence_dnase_seed_44,transformer,mixed,,44,,sequence_dnase,11709,2537,2503,,0,0,2b941cab9d9c6a8b,0.08014584703121652,0.299307968462563,0.12925236578063337,cuda,625cc71596d7d94d,7,12.4,ecac199fa27ea80d,2661d5bdd1cd9c2a
mixed_transformer_sequence_dnase_seed_45,transformer,mixed,,45,,sequence_dnase,11694,2554,2501,,0,0,924014e29b603230,0.06450183992803693,0.25653321597372253,0.12458045420816216,cuda,625cc71596d7d94d,7,12.4,ecac199fa27ea80d,2661d5bdd1cd9c2a
mixed_transformer_sequence_h3k4me3_rrbs_seed_42,transformer,mixed,,42,,sequence_h3k4me3_rrbs,11738,2485,2526,,0,0,a5e7933d539d4faf,0.07971045958822509,0.284225999803915,0.12373567579779543,cuda,625cc71596d7d94d,7,12.4,ecac199fa27ea80d,2661d5bdd1cd9c2a
mixed_transformer_sequence_h3k4me3_rrbs_seed_43,transformer,mixed,,43,,sequence_h3k4me3_rrbs,11736,2514,2499,,0,0,26ea68ffa65d09d3,0.09802467260130276,0.31755611725251326,0.12560663095804636,cuda,625cc71596d7d94d,7,12.4,ecac199fa27ea80d,2661d5bdd1cd9c2a
mixed_transformer_sequence_h3k4me3_rrbs_seed_44,transformer,mixed,,44,,sequence_h3k4me3_rrbs,11709,2537,2503,,0,0,2b941cab9d9c6a8b,0.06281896344248161,0.2624495703517531,0.1295003840681932,cuda,625cc71596d7d94d,7,12.4,ecac199fa27ea80d,2661d5bdd1cd9c2a
mixed_transformer_sequence_h3k4me3_rrbs_seed_45,transformer,mixed,,45,,sequence_h3k4me3_rrbs,11694,2554,2501,,0,0,924014e29b603230,0.0566848542096291,0.2541090332672234,0.12449215925728264,cuda,625cc71596d7d94d,7,12.4,ecac199fa27ea80d,2661d5bdd1cd9c2a
mixed_transformer_sequence_h3k4me3_seed_42,transformer,mixed,,42,,sequence_h3k4me3,11738,2485,2526,,0,0,a5e7933d539d4faf,0.0651417848131507,0.297651868495883,0.12270330532554377,cuda,625cc71596d7d94d,7,12.4,ecac199fa27ea80d,2661d5bdd1cd9c2a
mixed_transformer_sequence_h3k4me3_seed_43,transformer,mixed,,43,,sequence_h3k4me3,11736,2514,2499,,0,0,26ea68ffa65d09d3,0.08679430609183758,0.2968212918382023,0.1260831618613117,cuda,625cc71596d7d94d,7,12.4,ecac199fa27ea80d,2661d5bdd1cd9c2a
mixed_transformer_sequence_h3k4me3_seed_44,transformer,mixed,,44,,sequence_h3k4me3,11709,2537,2503,,0,0,2b941cab9d9c6a8b,0.06483136188604954,0.2593651293770285,0.1304802750458675,cuda,625cc71596d7d94d,7,12.4,ecac199fa27ea80d,2661d5bdd1cd9c2a
mixed_transformer_sequence_h3k4me3_seed_45,transformer,mixed,,45,,sequence_h3k4me3,11694,2554,2501,,0,0,924014e29b603230,0.07369845973662603,0.27598303139889974,0.12245934381838519,cuda,625cc71596d7d94d,7,12.4,ecac199fa27ea80d,2661d5bdd1cd9c2a
mixed_transformer_sequence_rrbs_seed_42,transformer,mixed,,42,,sequence_rrbs,11738,2485,2526,,0,0,a5e7933d539d4faf,0.08487768516765049,0.29441323091700183,0.12185377854887189,cuda,625cc71596d7d94d,7,12.4,ecac199fa27ea80d,2661d5bdd1cd9c2a
mixed_transformer_sequence_rrbs_seed_43,transformer,mixed,,43,,sequence_rrbs,11736,2514,2499,,0,0,26ea68ffa65d09d3,0.07836478475799624,0.2887996625327649,0.12477541352269937,cuda,625cc71596d7d94d,7,12.4,ecac199fa27ea80d,2661d5bdd1cd9c2a
mixed_transformer_sequence_rrbs_seed_44,transformer,mixed,,44,,sequence_rrbs,11709,2537,2503,,0,0,2b941cab9d9c6a8b,0.06597124196557203,0.26508706664151693,0.13045711916824115,cuda,625cc71596d7d94d,7,12.4,ecac199fa27ea80d,2661d5bdd1cd9c2a
mixed_transformer_sequence_rrbs_seed_45,transformer,mixed,,45,,sequence_rrbs,11694,2554,2501,,0,0,924014e29b603230,0.07288709537093674,0.27411630418101557,0.12475318776268861,cuda,625cc71596d7d94d,7,12.4,ecac199fa27ea80d,2661d5bdd1cd9c2a
mixed_transformer_sequence_seed_42,transformer,mixed,,42,,sequence,11738,2485,2526,,0,0,a5e7933d539d4faf,0.0657291531295433,0.28256579162853096,0.1256547070235715,cuda,625cc71596d7d94d,7,12.4,ecac199fa27ea80d,2661d5bdd1cd9c2a
mixed_transformer_sequence_seed_43,transformer,mixed,,43,,sequence,11736,2514,2499,,0,0,26ea68ffa65d09d3,0.0965836058141214,0.32126314017701985,0.12446918064150635,cuda,625cc71596d7d94d,7,12.4,ecac199fa27ea80d,2661d5bdd1cd9c2a
mixed_transformer_sequence_seed_44,transformer,mixed,,44,,sequence,11709,2537,2503,,0,0,2b941cab9d9c6a8b,0.06897355208007117,0.2701577403117943,0.12932114780531126,cuda,625cc71596d7d94d,7,12.4,ecac199fa27ea80d,2661d5bdd1cd9c2a
mixed_transformer_sequence_seed_45,transformer,mixed,,45,,sequence,11694,2554,2501,,0,0,924014e29b603230,0.08166385699581002,0.2891870286422509,0.12337685399965738,cuda,625cc71596d7d94d,7,12.4,ecac199fa27ea80d,2661d5bdd1cd9c2a
mixed_xgboost_all_seed_42,xgboost,mixed,,42,,all,11738,2485,2526,,0,0,a5e7933d539d4faf,0.10610167489435507,0.32615573942655746,0.12059972427137369,,625cc71596d7d94d,7,,ecac199fa27ea80d,2661d5bdd1cd9c2a
mixed_xgboost_all_seed_43,xgboost,mixed,,43,,all,11736,2514,2499,,0,0,26ea68ffa65d09d3,0.09833315665870568,0.3142643668074879,0.12540017000910378,,625cc71596d7d94d,7,,ecac199fa27ea80d,2661d5bdd1cd9c2a
mixed_xgboost_all_seed_44,xgboost,mixed,,44,,all,11709,2537,2503,,0,0,2b941cab9d9c6a8b,0.08738128292683423,0.29594940956738236,0.12792433297006348,,625cc71596d7d94d,7,,ecac199fa27ea80d,2661d5bdd1cd9c2a
mixed_xgboost_all_seed_45,xgboost,mixed,,45,,all,11694,2554,2501,,0,0,924014e29b603230,0.09116578337306469,0.3038939873789243,0.12203506338340724,,625cc71596d7d94d,7,,ecac199fa27ea80d,2661d5bdd1cd9c2a
mixed_xgboost_sequence_ctcf_dnase_h3k4me3_seed_42,xgboost,mixed,,42,,sequence_ctcf_dnase_h3k4me3,11738,2485,2526,,0,0,a5e7933d539d4faf,0.10948349950970049,0.3309009797919772,0.12094862010970892,,625cc71596d7d94d,7,,ecac199fa27ea80d,2661d5bdd1cd9c2a
mixed_xgboost_sequence_ctcf_dnase_h3k4me3_seed_43,xgboost,mixed,,43,,sequence_ctcf_dnase_h3k4me3,11736,2514,2499,,0,0,26ea68ffa65d09d3,0.09909674813413227,0.3149362161956857,0.1252142184096215,,625cc71596d7d94d,7,,ecac199fa27ea80d,2661d5bdd1cd9c2a
mixed_xgboost_sequence_ctcf_dnase_h3k4me3_seed_44,xgboost,mixed,,44,,sequence_ctcf_dnase_h3k4me3,11709,2537,2503,,0,0,2b941cab9d9c6a8b,0.08964256167987439,0.2998417731700472,0.12789543814803844,,625cc71596d7d94d,7,,ecac199fa27ea80d,2661d5bdd1cd9c2a
mixed_xgboost_sequence_ctcf_dnase_h3k4me3_seed_45,xgboost,mixed,,45,,sequence_ctcf_dnase_h3k4me3,11694,2554,2501,,0,0,924014e29b603230,0.08899820960442428,0.29931637883368006,0.12217768214695414,,625cc71596d7d94d,7,,ecac199fa27ea80d,2661d5bdd1cd9c2a
mixed_xgboost_sequence_ctcf_dnase_rrbs_seed_42,xgboost,mixed,,42,,sequence_ctcf_dnase_rrbs,11738,2485,2526,,0,0,a5e7933d539d4faf,0.11022959370438912,0.3322225031443827,0.12028334379320924,,625cc71596d7d94d,7,,ecac199fa27ea80d,2661d5bdd1cd9c2a
mixed_xgboost_sequence_ctcf_dnase_rrbs_seed_43,xgboost,mixed,,43,,sequence_ctcf_dnase_rrbs,11736,2514,2499,,0,0,26ea68ffa65d09d3,0.09599595949401551,0.31012905702841237,0.12571253485527362,,625cc71596d7d94d,7,,ecac199fa27ea80d,2661d5bdd1cd9c2a
mixed_xgboost_sequence_ctcf_dnase_rrbs_seed_44,xgboost,mixed,,44,,sequence_ctcf_dnase_rrbs,11709,2537,2503,,0,0,2b941cab9d9c6a8b,0.08445467931676764,0.2929547148760808,0.12859482687529247,,625cc71596d7d94d,7,,ecac199fa27ea80d,2661d5bdd1cd9c2a
mixed_xgboost_sequence_ctcf_dnase_rrbs_seed_45,xgboost,mixed,,45,,sequence_ctcf_dnase_rrbs,11694,2554,2501,,0,0,924014e29b603230,0.09660996596016824,0.3133263669595602,0.12178738703042166,,625cc71596d7d94d,7,,ecac199fa27ea80d,2661d5bdd1cd9c2a
mixed_xgboost_sequence_ctcf_dnase_seed_42,xgboost,mixed,,42,,sequence_ctcf_dnase,11738,2485,2526,,0,0,a5e7933d539d4faf,0.10528791350602162,0.3272969236345457,0.12063743851159528,,625cc71596d7d94d,7,,ecac199fa27ea80d,2661d5bdd1cd9c2a
mixed_xgboost_sequence_ctcf_dnase_seed_43,xgboost,mixed,,43,,sequence_ctcf_dnase,11736,2514,2499,,0,0,26ea68ffa65d09d3,0.09766560313905293,0.31291677031091125,0.1256050282036977,,625cc71596d7d94d,7,,ecac199fa27ea80d,2661d5bdd1cd9c2a
mixed_xgboost_sequence_ctcf_dnase_seed_44,xgboost,mixed,,44,,sequence_ctcf_dnase,11709,2537,2503,,0,0,2b941cab9d9c6a8b,0.08712521094496972,0.29589624050551494,0.1281405263541313,,625cc71596d7d94d,7,,ecac199fa27ea80d,2661d5bdd1cd9c2a
mixed_xgboost_sequence_ctcf_dnase_seed_45,xgboost,mixed,,45,,sequence_ctcf_dnase,11694,2554,2501,,0,0,924014e29b603230,0.0918905441756781,0.3047025363454335,0.12197694744268597,,625cc71596d7d94d,7,,ecac199fa27ea80d,2661d5bdd1cd9c2a
mixed_xgboost_sequence_ctcf_h3k4me3_rrbs_seed_42,xgboost,mixed,,42,,sequence_ctcf_h3k4me3_rrbs,11738,2485,2526,,0,0,a5e7933d539d4faf,0.10496591682500456,0.3240652539902477,0.12055885321779354,,625cc71596d7d94d,7,,ecac199fa27ea80d,2661d5bdd1cd9c2a
mixed_xgboost_sequence_ctcf_h3k4me3_rrbs_seed_43,xgboost,mixed,,43,,sequence_ctcf_h3k4me3_rrbs,11736,2514,2499,,0,0,26ea68ffa65d09d3,0.09790319218265975,0.31412682989508334,0.1257512915710432,,625cc71596d7d94d,7,,ecac199fa27ea80d,2661d5bdd1cd9c2a
mixed_xgboost_sequence_ctcf_h3k4me3_rrbs_seed_44,xgboost,mixed,,44,,sequence_ctcf_h3k4me3_rrbs,11709,2537,2503,,0,0,2b941cab9d9c6a8b,0.08694900473516787,0.2952919820736657,0.12819165684308081,,625cc71596d7d94d,7,,ecac199fa27ea80d,2661d5bdd1cd9c2a
mixed_xgboost_sequence_ctcf_h3k4me3_rrbs_seed_45,xgboost,mixed,,45,,sequence_ctcf_h3k4me3_rrbs,11694,2554,2501,,0,0,924014e29b603230,0.09360363737878497,0.3082734695154192,0.12183569492079128,,625cc71596d7d94d,7,,ecac199fa27ea80d,2661d5bdd1cd9c2a
mixed_xgboost_sequence_ctcf_h3k4me3_seed_42,xgboost,mixed,,42,,sequence_ctcf_h3k4me3,11738,2485,2526,,0,0,a5e7933d539d4faf,0.10505379456122577,0.3247811485918077,0.12100190403408297,,625cc71596d7d94d,7,,ecac199fa27ea80d,2661d5bdd1cd9c2a
mixed_xgboost_sequence_ctcf_h3k4me3_seed_43,xgboost,mixed,,43,,sequence_ctcf_h3k4me3,11736,2514,2499,,0,0,26ea68ffa65d09d3,0.0967164610611464,0.3111703597728992,0.1253360034474701,,625cc71596d7d94d,7,,ecac199fa27ea80d,2661d5bdd1cd9c2a
mixed_xgboost_sequence_ctcf_h3k4me3_seed_44,xgboost,mixed,,44,,sequence_ctcf_h3k4me3,11709,2537,2503,,0,0,2b941cab9d9c6a8b,0.08593430758720044,0.2935486877091161,0.12850421073813403,,625cc71596d7d94d,7,,ecac199fa27ea80d,2661d5bdd1cd9c2a
mixed_xgboost_sequence_ctcf_h3k4me3_seed_45,xgboost,mixed,,45,,sequence_ctcf_h3k4me3,11694,2554,2501,,0,0,924014e29b603230,0.08495315685939508,0.2962241208263334,0.122519290820467,,625cc71596d7d94d,7,,ecac199fa27ea80d,2661d5bdd1cd9c2a
mixed_xgboost_sequence_ctcf_rrbs_seed_42,xgboost,mixed,,42,,sequence_ctcf_rrbs,11738,2485,2526,,0,0,a5e7933d539d4faf,0.10513530527204684,0.32427113353312786,0.12072525900356633,,625cc71596d7d94d,7,,ecac199fa27ea80d,2661d5bdd1cd9c2a
mixed_xgboost_sequence_ctcf_rrbs_seed_43,xgboost,mixed,,43,,sequence_ctcf_rrbs,11736,2514,2499,,0,0,26ea68ffa65d09d3,0.09861021653539137,0.3142238037339647,0.12556859372567447,,625cc71596d7d94d,7,,ecac199fa27ea80d,2661d5bdd1cd9c2a
mixed_xgboost_sequence_ctcf_rrbs_seed_44,xgboost,mixed,,44,,sequence_ctcf_rrbs,11709,2537,2503,,0,0,2b941cab9d9c6a8b,0.08827657216838791,0.2977625439106238,0.12820350889509444,,625cc71596d7d94d,7,,ecac199fa27ea80d,2661d5bdd1cd9c2a
mixed_xgboost_sequence_ctcf_rrbs_seed_45,xgboost,mixed,,45,,sequence_ctcf_rrbs,11694,2554,2501,,0,0,924014e29b603230,0.08938590765894505,0.3020349329653041,0.12216498912216668,,625cc71596d7d94d,7,,ecac199fa27ea80d,2661d5bdd1cd9c2a
mixed_xgboost_sequence_ctcf_seed_42,xgboost,mixed,,42,,sequence_ctcf,11738,2485,2526,,0,0,a5e7933d539d4faf,0.10780628243753188,0.3283590186867406,0.12064289284096645,,625cc71596d7d94d,7,,ecac199fa27ea80d,2661d5bdd1cd9c2a
mixed_xgboost_sequence_ctcf_seed_43,xgboost,mixed,,43,,sequence_ctcf,11736,2514,2499,,0,0,26ea68ffa65d09d3,0.09949108350230085,0.31554535497669056,0.1252586917033564,,625cc71596d7d94d,7,,ecac199fa27ea80d,2661d5bdd1cd9c2a
mixed_xgboost_sequence_ctcf_seed_44,xgboost,mixed,,44,,sequence_ctcf,11709,2537,2503,,0,0,2b941cab9d9c6a8b,0.0865952527860101,0.2981388535400645,0.12819736544042826,,625cc71596d7d94d,7,,ecac199fa27ea80d,2661d5bdd1cd9c2a
mixed_xgboost_sequence_ctcf_seed_45,xgboost,mixed,,45,,sequence_ctcf,11694,2554,2501,,0,0,924014e29b603230,0.08995991192269093,0.30177694421104423,0.12208282345799679,,625cc71596d7d94d,7,,ecac199fa27ea80d,2661d5bdd1cd9c2a
mixed_xgboost_sequence_dnase_h3k4me3_rrbs_seed_42,xgboost,mixed,,42,,sequence_dnase_h3k4me3_rrbs,11738,2485,2526,,0,0,a5e7933d539d4faf,0.10727176095767654,0.3277959031026404,0.12080597964969476,,625cc71596d7d94d,7,,ecac199fa27ea80d,2661d5bdd1cd9c2a
mixed_xgboost_sequence_dnase_h3k4me3_rrbs_seed_43,xgboost,mixed,,43,,sequence_dnase_h3k4me3_rrbs,11736,2514,2499,,0,0,26ea68ffa65d09d3,0.09384242739915627,0.3076568194066048,0.12551284792412185,,625cc71596d7d94d,7,,ecac199fa27ea80d,2661d5bdd1cd9c2a
mixed_xgboost_sequence_dnase_h3k4me3_rrbs_seed_44,xgboost,mixed,,44,,sequence_dnase_h3k4me3_rrbs,11709,2537,2503,,0,0,2b941cab9d9c6a8b,0.0854182216275794,0.2937052132928623,0.12800378541384358,,625cc71596d7d94d,7,,ecac199fa27ea80d,2661d5bdd1cd9c2a
mixed_xgboost_sequence_dnase_h3k4me3_rrbs_seed_45,xgboost,mixed,,45,,sequence_dnase_h3k4me3_rrbs,11694,2554,2501,,0,0,924014e29b603230,0.08715024669923388,0.2964332897886753,0.12242393103304462,,625cc71596d7d94d,7,,ecac199fa27ea80d,2661d5bdd1cd9c2a
mixed_xgboost_sequence_dnase_h3k4me3_seed_42,xgboost,mixed,,42,,sequence_dnase_h3k4me3,11738,2485,2526,,0,0,a5e7933d539d4faf,0.10723039000042445,0.32831336569446634,0.12101292555171896,,625cc71596d7d94d,7,,ecac199fa27ea80d,2661d5bdd1cd9c2a
mixed_xgboost_sequence_dnase_h3k4me3_seed_43,xgboost,mixed,,43,,sequence_dnase_h3k4me3,11736,2514,2499,,0,0,26ea68ffa65d09d3,0.09698383021784052,0.3127926657818649,0.1257037312086929,,625cc71596d7d94d,7,,ecac199fa27ea80d,2661d5bdd1cd9c2a
mixed_xgboost_sequence_dnase_h3k4me3_seed_44,xgboost,mixed,,44,,sequence_dnase_h3k4me3,11709,2537,2503,,0,0,2b941cab9d9c6a8b,0.08695578406157878,0.29566600516865893,0.1280281497649268,,625cc71596d7d94d,7,,ecac199fa27ea80d,2661d5bdd1cd9c2a
mixed_xgboost_sequence_dnase_h3k4me3_seed_45,xgboost,mixed,,45,,sequence_dnase_h3k4me3,11694,2554,2501,,0,0,924014e29b603230,0.08664217443113742,0.2953544967922198,0.12239997829524249,,625cc71596d7d94d,7,,ecac199fa27ea80d,2661d5bdd1cd9c2a
mixed_xgboost_sequence_dnase_rrbs_seed_42,xgboost,mixed,,42,,sequence_dnase_rrbs,11738,2485,2526,,0,0,a5e7933d539d4faf,0.1079402659588442,0.32860546598476453,0.12069258028513913,,625cc71596d7d94d,7,,ecac199fa27ea80d,2661d5bdd1cd9c2a
mixed_xgboost_sequence_dnase_rrbs_seed_43,xgboost,mixed,,43,,sequence_dnase_rrbs,11736,2514,2499,,0,0,26ea68ffa65d09d3,0.09910592584470557,0.3153297419209848,0.12548338285454566,,625cc71596d7d94d,7,,ecac199fa27ea80d,2661d5bdd1cd9c2a
mixed_xgboost_sequence_dnase_rrbs_seed_44,xgboost,mixed,,44,,sequence_dnase_rrbs,11709,2537,2503,,0,0,2b941cab9d9c6a8b,0.08898996963719219,0.300015155659575,0.12792215095010642,,625cc71596d7d94d,7,,ecac199fa27ea80d,2661d5bdd1cd9c2a
mixed_xgboost_sequence_dnase_rrbs_seed_45,xgboost,mixed,,45,,sequence_dnase_rrbs,11694,2554,2501,,0,0,924014e29b603230,0.08368123701029917,0.2908331852316602,0.12266241244607098,,625cc71596d7d94d,7,,ecac199fa27ea80d,2661d5bdd1cd9c2a
mixed_xgboost_sequence_dnase_seed_42,xgboost,mixed,,42,,sequence_dnase,11738,2485,2526,,0,0,a5e7933d539d4faf,0.10541659428287975,0.3246916189573466,0.12119834102785482,,625cc71596d7d94d,7,,ecac199fa27ea80d,2661d5bdd1cd9c2a
mixed_xgboost_sequence_dnase_seed_43,xgboost,mixed,,43,,sequence_dnase,11736,2514,2499,,0,0,26ea68ffa65d09d3,0.09730899888388811,0.3131591712772628,0.1256485384852937,,625cc71596d7d94d,7,,ecac199fa27ea80d,2661d5bdd1cd9c2a
mixed_xgboost_sequence_dnase_seed_44,xgboost,mixed,,44,,sequence_dnase,11709,2537,2503,,0,0,2b941cab9d9c6a8b,0.08651990703616397,0.29491942509758334,0.12817627596927497,,625cc71596d7d94d,7,,ecac199fa27ea80d,2661d5bdd1cd9c2a
mixed_xgboost_sequence_dnase_seed_45,xgboost,mixed,,45,,sequence_dnase,11694,2554,2501,,0,0,924014e29b603230,0.08160107965507735,0.2890295521289258,0.12283816460585847,,625cc71596d7d94d,7,,ecac199fa27ea80d,2661d5bdd1cd9c2a
mixed_xgboost_sequence_h3k4me3_rrbs_seed_42,xgboost,mixed,,42,,sequence_h3k4me3_rrbs,11738,2485,2526,,0,0,a5e7933d539d4faf,0.10176051297570177,0.3190233699001213,0.1209614642617555,,625cc71596d7d94d,7,,ecac199fa27ea80d,2661d5bdd1cd9c2a
mixed_xgboost_sequence_h3k4me3_rrbs_seed_43,xgboost,mixed,,43,,sequence_h3k4me3_rrbs,11736,2514,2499,,0,0,26ea68ffa65d09d3,0.09544878052226635,0.31024713424397377,0.12558638956115933,,625cc71596d7d94d,7,,ecac199fa27ea80d,2661d5bdd1cd9c2a
mixed_xgboost_sequence_h3k4me3_rrbs_seed_44,xgboost,mixed,,44,,sequence_h3k4me3_rrbs,11709,2537,2503,,0,0,2b941cab9d9c6a8b,0.08741328222203393,0.2982622712121821,0.1281028990170543,,625cc71596d7d94d,7,,ecac199fa27ea80d,2661d5bdd1cd9c2a
mixed_xgboost_sequence_h3k4me3_rrbs_seed_45,xgboost,mixed,,45,,sequence_h3k4me3_rrbs,11694,2554,2501,,0,0,924014e29b603230,0.08445399113997465,0.292944841086674,0.12261968047965727,,625cc71596d7d94d,7,,ecac199fa27ea80d,2661d5bdd1cd9c2a
mixed_xgboost_sequence_h3k4me3_seed_42,xgboost,mixed,,42,,sequence_h3k4me3,11738,2485,2526,,0,0,a5e7933d539d4faf,0.1053517579209804,0.325252533914946,0.1211250694875449,,625cc71596d7d94d,7,,ecac199fa27ea80d,2661d5bdd1cd9c2a
mixed_xgboost_sequence_h3k4me3_seed_43,xgboost,mixed,,43,,sequence_h3k4me3,11736,2514,2499,,0,0,26ea68ffa65d09d3,0.09632489811224909,0.31095756811249814,0.12546708492564318,,625cc71596d7d94d,7,,ecac199fa27ea80d,2661d5bdd1cd9c2a
mixed_xgboost_sequence_h3k4me3_seed_44,xgboost,mixed,,44,,sequence_h3k4me3,11709,2537,2503,,0,0,2b941cab9d9c6a8b,0.08497324123262695,0.2941561006353547,0.12835178226552518,,625cc71596d7d94d,7,,ecac199fa27ea80d,2661d5bdd1cd9c2a
mixed_xgboost_sequence_h3k4me3_seed_45,xgboost,mixed,,45,,sequence_h3k4me3,11694,2554,2501,,0,0,924014e29b603230,0.0862965342834956,0.29475124530422936,0.12239035746567782,,625cc71596d7d94d,7,,ecac199fa27ea80d,2661d5bdd1cd9c2a
mixed_xgboost_sequence_rrbs_seed_42,xgboost,mixed,,42,,sequence_rrbs,11738,2485,2526,,0,0,a5e7933d539d4faf,0.10728830465677985,0.3291927007160932,0.12053245735335688,,625cc71596d7d94d,7,,ecac199fa27ea80d,2661d5bdd1cd9c2a
mixed_xgboost_sequence_rrbs_seed_43,xgboost,mixed,,43,,sequence_rrbs,11736,2514,2499,,0,0,26ea68ffa65d09d3,0.09514984698454587,0.3095567574316769,0.1254034507868518,,625cc71596d7d94d,7,,ecac199fa27ea80d,2661d5bdd1cd9c2a
mixed_xgboost_sequence_rrbs_seed_44,xgboost,mixed,,44,,sequence_rrbs,11709,2537,2503,,0,0,2b941cab9d9c6a8b,0.09141800427024538,0.30310298724126883,0.1277891844001279,,625cc71596d7d94d,7,,ecac199fa27ea80d,2661d5bdd1cd9c2a
mixed_xgboost_sequence_rrbs_seed_45,xgboost,mixed,,45,,sequence_rrbs,11694,2554,2501,,0,0,924014e29b603230,0.08778990674937937,0.29733114606973127,0.12233970630961917,,625cc71596d7d94d,7,,ecac199fa27ea80d,2661d5bdd1cd9c2a
mixed_xgboost_sequence_seed_42,xgboost,mixed,,42,,sequence,11738,2485,2526,,0,0,a5e7933d539d4faf,0.10654342836532549,0.3271769114580728,0.1209373139067451,,625cc71596d7d94d,7,,ecac199fa27ea80d,2661d5bdd1cd9c2a
mixed_xgboost_sequence_seed_43,xgboost,mixed,,43,,sequence,11736,2514,2499,,0,0,26ea68ffa65d09d3,0.09725702303913342,0.3127469348283126,0.1256107443791707,,625cc71596d7d94d,7,,ecac199fa27ea80d,2661d5bdd1cd9c2a
mixed_xgboost_sequence_seed_44,xgboost,mixed,,44,,sequence,11709,2537,2503,,0,0,2b941cab9d9c6a8b,0.08900535989264347,0.29904075142783454,0.1280947902284137,,625cc71596d7d94d,7,,ecac199fa27ea80d,2661d5bdd1cd9c2a
mixed_xgboost_sequence_seed_45,xgboost,mixed,,45,,sequence,11694,2554,2501,,0,0,924014e29b603230,0.093558312683105,0.3083053241732459,0.12190244286408147,,625cc71596d7d94d,7,,ecac199fa27ea80d,2661d5bdd1cd9c2a
single_hct116_cnn_all_kernel_3,cnn,single,hct116,42,3,all,2968,635,636,,0,0,3ff84988cab5900c,0.07477307889875295,0.27614280759101184,0.13785026357626343,cuda,625cc71596d7d94d,7,12.4,ecac199fa27ea80d,2661d5bdd1cd9c2a
single_hct116_cnn_all_kernel_5,cnn,single,hct116,42,5,all,2968,635,636,,0,0,3ff84988cab5900c,0.08776887703672986,0.33900347954112636,0.13543393538310047,cuda,625cc71596d7d94d,7,12.4,ecac199fa27ea80d,2661d5bdd1cd9c2a
single_hct116_cnn_all_kernel_7,cnn,single,hct116,42,7,all,2968,635,636,,0,0,3ff84988cab5900c,0.143191777976027,0.3866260627534561,0.1295549437131311,cuda,625cc71596d7d94d,7,12.4,ecac199fa27ea80d,2661d5bdd1cd9c2a
single_hct116_cnn_sequence_ctcf_dnase_h3k4me3_kernel_3,cnn,single,hct116,42,3,sequence_ctcf_dnase_h3k4me3,2968,635,636,,0,0,3ff84988cab5900c,0.06561071832267695,0.2589284054927491,0.1383178773257038,cuda,625cc71596d7d94d,7,12.4,ecac199fa27ea80d,2661d5bdd1cd9c2a
single_hct116_cnn_sequence_ctcf_dnase_h3k4me3_kernel_5,cnn,single,hct116,42,5,sequence_ctcf_dnase_h3k4me3,2968,635,636,,0,0,3ff84988cab5900c,0.11336268396690596,0.3482558504757714,0.13371809988294336,cuda,625cc71596d7d94d,7,12.4,ecac199fa27ea80d,2661d5bdd1cd9c2a
single_hct116_cnn_sequence_ctcf_dnase_h3k4me3_kernel_7,cnn,single,hct116,42,7,sequence_ctcf_dnase_h3k4me3,2968,635,636,,0,0,3ff84988cab5900c,0.1527673068757217,0.3965950626502495,0.13182002027612766,cuda,625cc71596d7d94d,7,12.4,ecac199fa27ea80d,2661d5bdd1cd9c2a
single_hct116_cnn_sequence_ctcf_dnase_kernel_3,cnn,single,hct116,42,3,sequence_ctcf_dnase,2968,635,636,,0,0,3ff84988cab5900c,0.06801818540638216,0.27821928461068685,0.1367856985786871,cuda,625cc71596d7d94d,7,12.4,ecac199fa27ea80d,2661d5bdd1cd9c2a
single_hct116_cnn_sequence_ctcf_dnase_kernel_5,cnn,single,hct116,42,5,sequence_ctcf_dnase,2968,635,636,,0,0,3ff84988cab5900c,0.104595144118525,0.3281174501386984,0.13639888042472773,cuda,625cc71596d7d94d,7,12.4,ecac199fa27ea80d,2661d5bdd1cd9c2a
single_hct116_cnn_sequence_ctcf_dnase_kernel_7,cnn,single,hct116,42,7,sequence_ctcf_dnase,2968,635,636,,0,0,3ff84988cab5900c,0.14708771145284516,0.38478823516911104,0.13236836579909442,cuda,625cc71596d7d94d,7,12.4,ecac199fa27ea80d,2661d5bdd1cd9c2a
single_hct116_cnn_sequence_ctcf_dnase_rrbs_kernel_3,cnn,single,hct116,42,3,sequence_ctcf_dnase_rrbs,2968,635,636,,0,0,3ff84988cab5900c,0.08027386910872925,0.30117085062690485,0.1350321765540976,cuda,625cc71596d7d94d,7,12.4,ecac199fa27ea80d,2661d5bdd1cd9c2a
single_hct116_cnn_sequence_ctcf_dnase_rrbs_kernel_5,cnn,single,hct116,42,5,sequence_ctcf_dnase_rrbs,2968,635,636,,0,0,3ff84988cab5900c,0.09655427970176822,0.32368662487366023,0.135917835246549,cuda,625cc71596d7d94d,7,12.4,ecac199fa27ea80d,2661d5bdd1cd9c2a
single_hct116_cnn_sequence_ctcf_dnase_rrbs_kernel_7,cnn,single,hct116,42,7,sequence_ctcf_dnase_rrbs,2968,635,636,,0,0,3ff84988cab5900c,0.13933876496803022,0.3912506144544649,0.13580824726893795,cuda,625cc71596d7d94d,7,12.4,ecac199fa27ea80d,2661d5bdd1cd9c2a
single_hct116_cnn_sequence_ctcf_h3k4me3_kernel_3,cnn,single,hct116,42,3,sequence_ctcf_h3k4me3,2968,635,636,,0,0,3ff84988cab5900c,0.05813249926427844,0.2587857692127394,0.13766169105656445,cuda,625cc71596d7d94d,7,12.4,ecac199fa27ea80d,2661d5bdd1cd9c2a
single_hct116_cnn_sequence_ctcf_h3k4me3_kernel_5,cnn,single,hct116,42,5,sequence_ctcf_h3k4me3,2968,635,636,,0,0,3ff84988cab5900c,0.09391440576919918,0.3084565852012965,0.1354486072866492,cuda,625cc71596d7d94d,7,12.4,ecac199fa27ea80d,2661d5bdd1cd9c2a
single_hct116_cnn_sequence_ctcf_h3k4me3_kernel_7,cnn,single,hct116,42,7,sequence_ctcf_h3k4me3,2968,635,636,,0,0,3ff84988cab5900c,0.13649878606646626,0.37036431477756127,0.13239554344360135,cuda,625cc71596d7d94d,7,12.4,ecac199fa27ea80d,2661d5bdd1cd9c2a
single_hct116_cnn_sequence_ctcf_h3k4me3_rrbs_kernel_3,cnn,single,hct116,42,3,sequence_ctcf_h3k4me3_rrbs,2968,635,636,,0,0,3ff84988cab5900c,0.068313839900628,0.2624759272538306,0.13851711353574112,cuda,625cc71596d7d94d,7,12.4,ecac199fa27ea80d,2661d5bdd1cd9c2a
single_hct116_cnn_sequence_ctcf_h3k4me3_rrbs_kernel_5,cnn,single,hct116,42,5,sequence_ctcf_h3k4me3_rrbs,2968,635,636,,0,0,3ff84988cab5900c,0.08662628144230256,0.3509743231612596,0.13217339208261725,cuda,625cc71596d7d94d,7,12.4,ecac199fa27ea80d,2661d5bdd1cd9c2a
single_hct116_cnn_sequence_ctcf_h3k4me3_rrbs_kernel_7,cnn,single,hct116,42,7,sequence_ctcf_h3k4me3_rrbs,2968,635,636,,0,0,3ff84988cab5900c,0.15189954919428827,0.3964665511025542,0.1317575037195318,cuda,625cc71596d7d94d,7,12.4,ecac199fa27ea80d,2661d5bdd1cd9c2a
single_hct116_cnn_sequence_ctcf_kernel_3,cnn,single,hct116,42,3,sequence_ctcf,2968,635,636,,0,0,3ff84988cab5900c,0.09391066613588084,0.3069700105945674,0.13683968190097912,cuda,625cc71596d7d94d,7,12.4,ecac199fa27ea80d,2661d5bdd1cd9c2a
single_hct116_cnn_sequence_ctcf_kernel_5,cnn,single,hct116,42,5,sequence_ctcf,2968,635,636,,0,0,3ff84988cab5900c,0.09668459343231106,0.3391700078862254,0.13211458546999819,cuda,625cc71596d7d94d,7,12.4,ecac199fa27ea80d,2661d5bdd1cd9c2a
single_hct116_cnn_sequence_ctcf_kernel_7,cnn,single,hct116,42,7,sequence_ctcf,2968,635,636,,0,0,3ff84988cab5900c,0.14166922038855712,0.38184926157048865,0.13370948577000988,cuda,625cc71596d7d94d,7,12.4,ecac199fa27ea80d,2661d5bdd1cd9c2a
single_hct116_cnn_sequence_ctcf_rrbs_kernel_3,cnn,single,hct116,42,3,sequence_ctcf_rrbs,2968,635,636,,0,0,3ff84988cab5900c,0.08356226143817957,0.2934364179615176,0.13604923138986547,cuda,625cc71596d7d94d,7,12.4,ecac199fa27ea80d,2661d5bdd1cd9c2a
single_hct116_cnn_sequence_ctcf_rrbs_kernel_5,cnn,single,hct116,42,5,sequence_ctcf_rrbs,2968,635,636,,0,0,3ff84988cab5900c,0.1315347304204726,0.37144344826194803,0.1343932278591952,cuda,625cc71596d7d94d,7,12.4,ecac199fa27ea80d,2661d5bdd1cd9c2a
single_hct116_cnn_sequence_ctcf_rrbs_kernel_7,cnn,single,hct116,42,7,sequence_ctcf_rrbs,2968,635,636,,0,0,3ff84988cab5900c,0.1274267336314846,0.3815831510090094,0.13094649549848955,cuda,625cc71596d7d94d,7,12.4,ecac199fa27ea80d,2661d5bdd1cd9c2a
single_hct116_cnn_sequence_dnase_h3k4me3_kernel_3,cnn,single,hct116,42,3,sequence_dnase_h3k4me3,2968,635,636,,0,0,3ff84988cab5900c,0.050677822897436164,0.25155669508410533,0.1384720528928809,cuda,625cc71596d7d94d,7,12.4,ecac199fa27ea80d,2661d5bdd1cd9c2a
single_hct116_cnn_sequence_dnase_h3k4me3_kernel_5,cnn,single,hct116,42,5,sequence_dnase_h3k4me3,2968,635,636,,0,0,3ff84988cab5900c,0.10382319274054275,0.3268268918819988,0.1371690228672218,cuda,625cc71596d7d94d,7,12.4,ecac199fa27ea80d,2661d5bdd1cd9c2a
single_hct116_cnn_sequence_dnase_h3k4me3_kernel_7,cnn,single,hct116,42,7,sequence_dnase_h3k4me3,2968,635,636,,0,0,3ff84988cab5900c,0.13697919928366686,0.37822648461309744,0.13382547269516723,cuda,625cc71596d7d94d,7,12.4,ecac199fa27ea80d,2661d5bdd1cd9c2a
single_hct116_cnn_sequence_dnase_h3k4me3_rrbs_kernel_3,cnn,single,hct116,42,3,sequence_dnase_h3k4me3_rrbs,2968,635,636,,0,0,3ff84988cab5900c,0.06000326947759971,0.25156046292149603,0.13826720363097325,cuda,625cc71596d7d94d,7,12.4,ecac199fa27ea80d,2661d5bdd1cd9c2a
single_hct116_cnn_sequence_dnase_h3k4me3_rrbs_kernel_5,cnn,single,hct116,42,5,sequence_dnase_h3k4me3_rrbs,2968,635,636,,0,0,3ff84988cab5900c,0.09725491495006988,0.31610262121228877,0.13393572334100567,cuda,625cc71596d7d94d,7,12.4,ecac199fa27ea80d,2661d5bdd1cd9c2a
single_hct116_cnn_sequence_dnase_h3k4me3_rrbs_kernel_7,cnn,single,hct116,42,7,sequence_dnase_h3k4me3_rrbs,2968,635,636,,0,0,3ff84988cab5900c,0.15127434697456799,0.3919804303058328,0.1321005205544731,cuda,625cc71596d7d94d,7,12.4,ecac199fa27ea80d,2661d5bdd1cd9c2a
single_hct116_cnn_sequence_dnase_kernel_3,cnn,single,hct116,42,3,sequence_dnase,2968,635,636,,0,0,3ff84988cab5900c,0.06255023625493417,0.2653946606155176,0.13817629354431898,cuda,625cc71596d7d94d,7,12.4,ecac199fa27ea80d,2661d5bdd1cd9c2a
single_hct116_cnn_sequence_dnase_kernel_5,cnn,single,hct116,42,5,sequence_dnase,2968,635,636,,0,0,3ff84988cab5900c,0.09547750463492954,0.3308825351634034,0.1328400030260636,cuda,625cc71596d7d94d,7,12.4,ecac199fa27ea80d,2661d5bdd1cd9c2a
single_hct116_cnn_sequence_dnase_kernel_7,cnn,single,hct116,42,7,sequence_dnase,2968,635,636,,0,0,3ff84988cab5900c,0.15174631383464776,0.39185976665010214,0.13186859738216414,cuda,625cc71596d7d94d,7,12.4,ecac199fa27ea80d,2661d5bdd1cd9c2a
single_hct116_cnn_sequence_dnase_rrbs_kernel_3,cnn,single,hct116,42,3,sequence_dnase_rrbs,2968,635,636,,0,0,3ff84988cab5900c,0.0749711974771815,0.2881076752568958,0.13623576614062693,cuda,625cc71596d7d94d,7,12.4,ecac199fa27ea80d,2661d5bdd1cd9c2a
single_hct116_cnn_sequence_dnase_rrbs_kernel_5,cnn,single,hct116,42,5,sequence_dnase_rrbs,2968,635,636,,0,0,3ff84988cab5900c,0.11764758640756379,0.3450313665025442,0.1352416257997799,cuda,625cc71596d7d94d,7,12.4,ecac199fa27ea80d,2661d5bdd1cd9c2a
single_hct116_cnn_sequence_dnase_rrbs_kernel_7,cnn,single,hct116,42,7,sequence_dnase_rrbs,2968,635,636,,0,0,3ff84988cab5900c,0.1450582930242308,0.39301592617577075,0.13058092738443153,cuda,625cc71596d7d94d,7,12.4,ecac199fa27ea80d,2661d5bdd1cd9c2a
single_hct116_cnn_sequence_h3k4me3_kernel_3,cnn,single,hct116,42,3,sequence_h3k4me3,2968,635,636,,0,0,3ff84988cab5900c,0.07016150792213682,0.2717537864465817,0.1371800407998662,cuda,625cc71596d7d94d,7,12.4,ecac199fa27ea80d,2661d5bdd1cd9c2a
single_hct116_cnn_sequence_h3k4me3_kernel_5,cnn,single,hct116,42,5,sequence_h3k4me3,2968,635,636,,0,0,3ff84988cab5900c,0.10132001070632113,0.32173108946985157,0.1348484002519399,cuda,625cc71596d7d94d,7,12.4,ecac199fa27ea80d,2661d5bdd1cd9c2a
single_hct116_cnn_sequence_h3k4me3_kernel_7,cnn,single,hct116,42,7,sequence_h3k4me3,2968,635,636,,0,0,3ff84988cab5900c,0.1268616457105033,0.369466711890973,0.1314924376117616,cuda,625cc71596d7d94d,7,12.4,ecac199fa27ea80d,2661d5bdd1cd9c2a
single_hct116_cnn_sequence_h3k4me3_rrbs_kernel_3,cnn,single,hct116,42,3,sequence_h3k4me3_rrbs,2968,635,636,,0,0,3ff84988cab5900c,0.0789239478337822,0.28333561363636767,0.13805735629467797,cuda,625cc71596d7d94d,7,12.4,ecac199fa27ea80d,2661d5bdd1cd9c2a
single_hct116_cnn_sequence_h3k4me3_rrbs_kernel_5,cnn,single,hct116,42,5,sequence_h3k4me3_rrbs,2968,635,636,,0,0,3ff84988cab5900c,0.06709852158190288,0.3157686199961904,0.1335715535228615,cuda,625cc71596d7d94d,7,12.4,ecac199fa27ea80d,2661d5bdd1cd9c2a
single_hct116_cnn_sequence_h3k4me3_rrbs_kernel_7,cnn,single,hct116,42,7,sequence_h3k4me3_rrbs,2968,635,636,,0,0,3ff84988cab5900c,0.13140731563568187,0.3791248317212921,0.1316634953979684,cuda,625cc71596d7d94d,7,12.4,ecac199fa27ea80d,2661d5bdd1cd9c2a
single_hct116_cnn_sequence_kernel_3,cnn,single,hct116,42,3,sequence,2968,635,636,,0,0,3ff84988cab5900c,0.07952778693080576,0.2893450653082441,0.13782666394422594,cuda,625cc71596d7d94d,7,12.4,ecac199fa27ea80d,2661d5bdd1cd9c2a
single_hct116_cnn_sequence_kernel_5,cnn,single,hct116,42,5,sequence,2968,635,636,,0,0,3ff84988cab5900c,0.11359942529969813,0.3390107709534017,0.13381454356032302,cuda,625cc71596d7d94d,7,12.4,ecac199fa27ea80d,2661d5bdd1cd9c2a
single_hct116_cnn_sequence_kernel_7,cnn,single,hct116,42,7,sequence,2968,635,636,,0,0,3ff84988cab5900c,0.11305853315299808,0.3397464586435825,0.13535449202113883,cuda,625cc71596d7d94d,7,12.4,ecac199fa27ea80d,2661d5bdd1cd9c2a
single_hct116_cnn_sequence_rrbs_kernel_3,cnn,single,hct116,42,3,sequence_rrbs,2968,635,636,,0,0,3ff84988cab5900c,0.07428304216757065,0.28426503947139453,0.13628032087032102,cuda,625cc71596d7d94d,7,12.4,ecac199fa27ea80d,2661d5bdd1cd9c2a
single_hct116_cnn_sequence_rrbs_kernel_5,cnn,single,hct116,42,5,sequence_rrbs,2968,635,636,,0,0,3ff84988cab5900c,0.09678721239248744,0.3307974517400681,0.1319639082315653,cuda,625cc71596d7d94d,7,12.4,ecac199fa27ea80d,2661d5bdd1cd9c2a
single_hct116_cnn_sequence_rrbs_kernel_7,cnn,single,hct116,42,7,sequence_rrbs,2968,635,636,,0,0,3ff84988cab5900c,0.10672851394062288,0.35151934555300396,0.1334854670076883,cuda,625cc71596d7d94d,7,12.4,ecac199fa27ea80d,2661d5bdd1cd9c2a
single_hct116_linear_all,linear,single,hct116,42,,all,2968,635,636,,0,0,3ff84988cab5900c,0.11334736134150536,0.34103013493444634,0.13516443141197212,,625cc71596d7d94d,7,,ecac199fa27ea80d,2661d5bdd1cd9c2a
single_hct116_linear_sequence,linear,single,hct116,42,,sequence,2968,635,636,,0,0,3ff84988cab5900c,0.13202456760201375,0.3634216323987913,0.13408004764742773,,625cc71596d7d94d,7,,ecac199fa27ea80d,2661d5bdd1cd9c2a
single_hct116_linear_sequence_ctcf,linear,single,hct116,42,,sequence_ctcf,2968,635,636,,0,0,3ff84988cab5900c,0.11826792801828279,0.34470577416938997,0.1347499987470724,,625cc71596d7d94d,7,,ecac199fa27ea80d,2661d5bdd1cd9c2a
single_hct116_linear_sequence_ctcf_dnase,linear,single,hct116,42,,sequence_ctcf_dnase,2968,635,636,,0,0,3ff84988cab5900c,0.11866589889572599,0.34579834341925403,0.1348256497166512,,625cc71596d7d94d,7,,ecac199fa27ea80d,2661d5bdd1cd9c2a
single_hct116_linear_sequence_ctcf_dnase_h3k4me3,linear,single,hct116,42,,sequence_ctcf_dnase_h3k4me3,2968,635,636,,0,0,3ff84988cab5900c,0.11497329401438372,0.34176757470765357,0.13533869646226038,,625cc71596d7d94d,7,,ecac199fa27ea80d,2661d5bdd1cd9c2a
single_hct116_linear_sequence_ctcf_dnase_rrbs,linear,single,hct116,42,,sequence_ctcf_dnase_rrbs,2968,635,636,,0,0,3ff84988cab5900c,0.11699395820724923,0.3446016146897792,0.13473584679095954,,625cc71596d7d94d,7,,ecac199fa27ea80d,2661d5bdd1cd9c2a
single_hct116_linear_sequence_ctcf_h3k4me3,linear,single,hct116,42,,sequence_ctcf_h3k4me3,2968,635,636,,0,0,3ff84988cab5900c,0.11470303568764795,0.3404541125532729,0.13521777998228446,,625cc71596d7d94d,7,,ecac199fa27ea80d,2661d5bdd1cd9c2a
single_hct116_linear_sequence_ctcf_h3k4me3_rrbs,linear,single,hct116,42,,sequence_ctcf_h3k4me3_rrbs,2968,635,636,,0,0,3ff84988cab5900c,0.11268325446710481,0.33883702834411494,0.13509878764989194,,625cc71596d7d94d,7,,ecac199fa27ea80d,2661d5bdd1cd9c2a
single_hct116_linear_sequence_ctcf_rrbs,linear,single,hct116,42,,sequence_ctcf_rrbs,2968,635,636,,0,0,3ff84988cab5900c,0.11624826511174913,0.3427757105021183,0.13471499994930183,,625cc71596d7d94d,7,,ecac199fa27ea80d,2661d5bdd1cd9c2a
single_hct116_linear_sequence_dnase,linear,single,hct116,42,,sequence_dnase,2968,635,636,,0,0,3ff84988cab5900c,0.13246055810400192,0.364191986757967,0.13392909614328272,,625cc71596d7d94d,7,,ecac199fa27ea80d,2661d5bdd1cd9c2a
single_hct116_linear_sequence_dnase_h3k4me3,linear,single,hct116,42,,sequence_dnase_h3k4me3,2968,635,636,,0,0,3ff84988cab5900c,0.1294933488235781,0.36037899110507043,0.13431337867488605,,625cc71596d7d94d,7,,ecac199fa27ea80d,2661d5bdd1cd9c2a
single_hct116_linear_sequence_dnase_h3k4me3_rrbs,linear,single,hct116,42,,sequence_dnase_h3k4me3_rrbs,2968,635,636,,0,0,3ff84988cab5900c,0.1280521927919619,0.35913219973216176,0.13419036270095822,,625cc71596d7d94d,7,,ecac199fa27ea80d,2661d5bdd1cd9c2a
single_hct116_linear_sequence_dnase_rrbs,linear,single,hct116,42,,sequence_dnase_rrbs,2968,635,636,,0,0,3ff84988cab5900c,0.13071523105252358,0.3622697609230519,0.1338273634151505,,625cc71596d7d94d,7,,ecac199fa27ea80d,2661d5bdd1cd9c2a
single_hct116_linear_sequence_h3k4me3,linear,single,hct116,42,,sequence_h3k4me3,2968,635,636,,0,0,3ff84988cab5900c,0.12914850888794271,0.3594595338541508,0.1343229764518943,,625cc71596d7d94d,7,,ecac199fa27ea80d,2661d5bdd1cd9c2a
single_hct116_linear_sequence_h3k4me3_rrbs,linear,single,hct116,42,,sequence_h3k4me3_rrbs,2968,635,636,,0,0,3ff84988cab5900c,0.12715294533244936,0.35716222774542833,0.13421887206645836,,625cc71596d7d94d,7,,ecac199fa27ea80d,2661d5bdd1cd9c2a
single_hct116_linear_sequence_rrbs,linear,single,hct116,42,,sequence_rrbs,2968,635,636,,0,0,3ff84988cab5900c,0.1299142374265061,0.36069823945023355,0.13394976304639014,,625cc71596d7d94d,7,,ecac199fa27ea80d,2661d5bdd1cd9c2a
single_hct116_mlp_all,mlp,single,hct116,42,,all,2968,635,636,,0,0,3ff84988cab5900c,0.1271007489649405,0.357031731531571,0.13482951973096333,cuda,625cc71596d7d94d,7,12.4,ecac199fa27ea80d,2661d5bdd1cd9c2a
single_hct116_mlp_sequence,mlp,single,hct116,42,,sequence,2968,635,636,,0,0,3ff84988cab5900c,0.12151353597663439,0.35565488670985484,0.132717385224752,cuda,625cc71596d7d94d,7,12.4,ecac199fa27ea80d,2661d5bdd1cd9c2a
single_hct116_mlp_sequence_ctcf,mlp,single,hct116,42,,sequence_ctcf,2968,635,636,,0,0,3ff84988cab5900c,0.1254704148088992,0.35714591385154,0.13536863605808117,cuda,625cc71596d7d94d,7,12.4,ecac199fa27ea80d,2661d5bdd1cd9c2a
single_hct116_mlp_sequence_ctcf_dnase,mlp,single,hct116,42,,sequence_ctcf_dnase,2968,635,636,,0,0,3ff84988cab5900c,0.11111509086609161,0.33418838982695265,0.13498159774883692,cuda,625cc71596d7d94d,7,12.4,ecac199fa27ea80d,2661d5bdd1cd9c2a
single_hct116_mlp_sequence_ctcf_dnase_h3k4me3,mlp,single,hct116,42,,sequence_ctcf_dnase_h3k4me3,2968,635,636,,0,0,3ff84988cab5900c,0.11937401750001964,0.35137554684875993,0.13396298411337412,cuda,625cc71596d7d94d,7,12.4,ecac199fa27ea80d,2661d5bdd1cd9c2a
single_hct116_mlp_sequence_ctcf_dnase_rrbs,mlp,single,hct116,42,,sequence_ctcf_dnase_rrbs,2968,635,636,,0,0,3ff84988cab5900c,0.12576572560039123,0.3619734674540656,0.13608342194021825,cuda,625cc71596d7d94d,7,12.4,ecac199fa27ea80d,2661d5bdd1cd9c2a
single_hct116_mlp_sequence_ctcf_h3k4me3,mlp,single,hct116,42,,sequence_ctcf_h3k4me3,2968,635,636,,0,0,3ff84988cab5900c,0.12045132702188754,0.35701984486756905,0.13653784718967787,cuda,625cc71596d7d94d,7,12.4,ecac199fa27ea80d,2661d5bdd1cd9c2a
single_hct116_mlp_sequence_ctcf_h3k4me3_rrbs,mlp,single,hct116,42,,sequence_ctcf_h3k4me3_rrbs,2968,635,636,,0,0,3ff84988cab5900c,0.12105495288563173,0.35581978584535856,0.13615746850458285,cuda,625cc71596d7d94d,7,12.4,ecac199fa27ea80d,2661d5bdd1cd9c2a
single_hct116_mlp_sequence_ctcf_rrbs,mlp,single,hct116,42,,sequence_ctcf_rrbs,2968,635,636,,0,0,3ff84988cab5900c,0.12685720878100282,0.3577439372567561,0.13492493545080084,cuda,625cc71596d7d94d,7,12.4,ecac199fa27ea80d,2661d5bdd1cd9c2a
single_hct116_mlp_sequence_dnase,mlp,single,hct116,42,,sequence_dnase,2968,635,636,,0,0,3ff84988cab5900c,0.1264342351081037,0.3566463589150756,0.13419863777733027,cuda,625cc71596d7d94d,7,12.4,ecac199fa27ea80d,2661d5bdd1cd9c2a
single_hct116_mlp_sequence_dnase_h3k4me3,mlp,single,hct116,42,,sequence_dnase_h3k4me3,2968,635,636,,0,0,3ff84988cab5900c,0.12432801358267065,0.3561406641535312,0.13302597354763662,cuda,625cc71596d7d94d,7,12.4,ecac199fa27ea80d,2661d5bdd1cd9c2a
single_hct116_mlp_sequence_dnase_h3k4me3_rrbs,mlp,single,hct116,42,,sequence_dnase_h3k4me3_rrbs,2968,635,636,,0,0,3ff84988cab5900c,0.12248206179912258,0.35419628182457386,0.13295843857984826,cuda,625cc71596d7d94d,7,12.4,ecac199fa27ea80d,2661d5bdd1cd9c2a
single_hct116_mlp_sequence_dnase_rrbs,mlp,single,hct116,42,,sequence_dnase_rrbs,2968,635,636,,0,0,3ff84988cab5900c,0.12148847884552194,0.3499501929536589,0.1353912907315758,cuda,625cc71596d7d94d,7,12.4,ecac199fa27ea80d,2661d5bdd1cd9c2a
single_hct116_mlp_sequence_h3k4me3,mlp,single,hct116,42,,sequence_h3k4me3,2968,635,636,,0,0,3ff84988cab5900c,0.12625685039722412,0.35601871152038533,0.13518713272188398,cuda,625cc71596d7d94d,7,12.4,ecac199fa27ea80d,2661d5bdd1cd9c2a
single_hct116_mlp_sequence_h3k4me3_rrbs,mlp,single,hct116,42,,sequence_h3k4me3_rrbs,2968,635,636,,0,0,3ff84988cab5900c,0.13093741452860896,0.36284127799444904,0.13459561161152175,cuda,625cc71596d7d94d,7,12.4,ecac199fa27ea80d,2661d5bdd1cd9c2a
single_hct116_mlp_sequence_rrbs,mlp,single,hct116,42,,sequence_rrbs,2968,635,636,,0,0,3ff84988cab5900c,0.12407108212886897,0.35828214051986484,0.1328243050861916,cuda,625cc71596d7d94d,7,12.4,ecac199fa27ea80d,2661d5bdd1cd9c2a
single_hct116_transformer_all,transformer,single,hct116,42,,all,2968,635,636,,0,0,3ff84988cab5900c,0.1206748735517289,0.35009725275207826,0.13395589799034474,cuda,625cc71596d7d94d,7,12.4,ecac199fa27ea80d,2661d5bdd1cd9c2a
single_hct116_transformer_sequence,transformer,single,hct116,42,,sequence,2968,635,636,,0,0,3ff84988cab5900c,0.11173707630572272,0.33781579409799095,0.13741392985941056,cuda,625cc71596d7d94d,7,12.4,ecac199fa27ea80d,2661d5bdd1cd9c2a
single_hct116_transformer_sequence_ctcf,transformer,single,hct116,42,,sequence_ctcf,2968,635,636,,0,0,3ff84988cab5900c,0.11814952888498453,0.3454219242804247,0.1355104208177061,cuda,625cc71596d7d94d,7,12.4,ecac199fa27ea80d,2661d5bdd1cd9c2a
single_hct116_transformer_sequence_ctcf_dnase,transformer,single,hct116,42,,sequence_ctcf_dnase,2968,635,636,,0,0,3ff84988cab5900c,0.10165824237902721,0.32626943507698875,0.1346267696584241,cuda,625cc71596d7d94d,7,12.4,ecac199fa27ea80d,2661d5bdd1cd9c2a
single_hct116_transformer_sequence_ctcf_dnase_h3k4me3,transformer,single,hct116,42,,sequence_ctcf_dnase_h3k4me3,2968,635,636,,0,0,3ff84988cab5900c,0.12320830579662967,0.35373730301476863,0.13437952540973025,cuda,625cc71596d7d94d,7,12.4,ecac199fa27ea80d,2661d5bdd1cd9c2a
single_hct116_transformer_sequence_ctcf_dnase_rrbs,transformer,single,hct116,42,,sequence_ctcf_dnase_rrbs,2968,635,636,,0,0,3ff84988cab5900c,0.09455062534241332,0.3147968682802598,0.13506733503561677,cuda,625cc71596d7d94d,7,12.4,ecac199fa27ea80d,2661d5bdd1cd9c2a
single_hct116_transformer_sequence_ctcf_h3k4me3,transformer,single,hct116,42,,sequence_ctcf_h3k4me3,2968,635,636,,0,0,3ff84988cab5900c,0.13510838474299813,0.3684489171648832,0.13353657342183092,cuda,625cc71596d7d94d,7,12.4,ecac199fa27ea80d,2661d5bdd1cd9c2a
single_hct116_transformer_sequence_ctcf_h3k4me3_rrbs,transformer,single,hct116,42,,sequence_ctcf_h3k4me3_rrbs,2968,635,636,,0,0,3ff84988cab5900c,0.1342947711208362,0.3671971603397969,0.13399256548387403,cuda,625cc71596d7d94d,7,12.4,ecac199fa27ea80d,2661d5bdd1cd9c2a
single_hct116_transformer_sequence_ctcf_rrbs,transformer,single,hct116,42,,sequence_ctcf_rrbs,2968,635,636,,0,0,3ff84988cab5900c,0.11018790867806849,0.346357475307678,0.1346731520998848,cuda,625cc71596d7d94d,7,12.4,ecac199fa27ea80d,2661d5bdd1cd9c2a
single_hct116_transformer_sequence_dnase,transformer,single,hct116,42,,sequence_dnase,2968,635,636,,0,0,3ff84988cab5900c,0.1202067842338439,0.34996648939334773,0.13385641158253844,cuda,625cc71596d7d94d,7,12.4,ecac199fa27ea80d,2661d5bdd1cd9c2a
single_hct116_transformer_sequence_dnase_h3k4me3,transformer,single,hct116,42,,sequence_dnase_h3k4me3,2968,635,636,,0,0,3ff84988cab5900c,0.1149749626303872,0.3513489653572133,0.13532212078307737,cuda,625cc71596d7d94d,7,12.4,ecac199fa27ea80d,2661d5bdd1cd9c2a
single_hct116_transformer_sequence_dnase_h3k4me3_rrbs,transformer,single,hct116,42,,sequence_dnase_h3k4me3_rrbs,2968,635,636,,0,0,3ff84988cab5900c,0.11418019823718584,0.34874338976844765,0.13538945945852535,cuda,625cc71596d7d94d,7,12.4,ecac199fa27ea80d,2661d5bdd1cd9c2a
single_hct116_transformer_sequence_dnase_rrbs,transformer,single,hct116,42,,sequence_dnase_rrbs,2968,635,636,,0,0,3ff84988cab5900c,0.11804866021901472,0.34756287766383315,0.13372211179801458,cuda,625cc71596d7d94d,7,12.4,ecac199fa27ea80d,2661d5bdd1cd9c2a
single_hct116_transformer_sequence_h3k4me3,transformer,single,hct116,42,,sequence_h3k4me3,2968,635,636,,0,0,3ff84988cab5900c,0.12918353272893768,0.3679655591092108,0.13395575502354348,cuda,625cc71596d7d94d,7,12.4,ecac199fa27ea80d,2661d5bdd1cd9c2a
single_hct116_transformer_sequence_h3k4me3_rrbs,transformer,single,hct116,42,,sequence_h3k4me3_rrbs,2968,635,636,,0,0,3ff84988cab5900c,0.1321623773995696,0.3679913283046769,0.13499360673756297,cuda,625cc71596d7d94d,7,12.4,ecac199fa27ea80d,2661d5bdd1cd9c2a
single_hct116_transformer_sequence_rrbs,transformer,single,hct116,42,,sequence_rrbs,2968,635,636,,0,0,3ff84988cab5900c,0.12179027719777868,0.3548492458075533,0.13364758299599233,cuda,625cc71596d7d94d,7,12.4,ecac199fa27ea80d,2661d5bdd1cd9c2a
single_hct116_xgboost_all,xgboost,single,hct116,42,,all,2968,635,636,,0,0,3ff84988cab5900c,0.1494956040692782,0.38682188125582606,0.13279967703973675,,625cc71596d7d94d,7,,ecac199fa27ea80d,2661d5bdd1cd9c2a
single_hct116_xgboost_sequence,xgboost,single,hct116,42,,sequence,2968,635,636,,0,0,3ff84988cab5900c,0.15058273502882014,0.38968988617760975,0.13282604817060883,,625cc71596d7d94d,7,,ecac199fa27ea80d,2661d5bdd1cd9c2a
single_hct116_xgboost_sequence_ctcf,xgboost,single,hct116,42,,sequence_ctcf,2968,635,636,,0,0,3ff84988cab5900c,0.14172527114000155,0.3775457053982474,0.13356562802691083,,625cc71596d7d94d,7,,ecac199fa27ea80d,2661d5bdd1cd9c2a
single_hct116_xgboost_sequence_ctcf_dnase,xgboost,single,hct116,42,,sequence_ctcf_dnase,2968,635,636,,0,0,3ff84988cab5900c,0.1511571611658079,0.38892889379222145,0.13229857911590087,,625cc71596d7d94d,7,,ecac199fa27ea80d,2661d5bdd1cd9c2a
single_hct116_xgboost_sequence_ctcf_dnase_h3k4me3,xgboost,single,hct116,42,,sequence_ctcf_dnase_h3k4me3,2968,635,636,,0,0,3ff84988cab5900c,0.14327821546018482,0.3798795712399408,0.13352429645821312,,625cc71596d7d94d,7,,ecac199fa27ea80d,2661d5bdd1cd9c2a
single_hct116_xgboost_sequence_ctcf_dnase_rrbs,xgboost,single,hct116,42,,sequence_ctcf_dnase_rrbs,2968,635,636,,0,0,3ff84988cab5900c,0.13859390931749593,0.3760038695349489,0.13419116227946146,,625cc71596d7d94d,7,,ecac199fa27ea80d,2661d5bdd1cd9c2a
single_hct116_xgboost_sequence_ctcf_h3k4me3,xgboost,single,hct116,42,,sequence_ctcf_h3k4me3,2968,635,636,,0,0,3ff84988cab5900c,0.14550626848903447,0.38326145105433584,0.13354540804149173,,625cc71596d7d94d,7,,ecac199fa27ea80d,2661d5bdd1cd9c2a
single_hct116_xgboost_sequence_ctcf_h3k4me3_rrbs,xgboost,single,hct116,42,,sequence_ctcf_h3k4me3_rrbs,2968,635,636,,0,0,3ff84988cab5900c,0.13873380095414256,0.3761290236097337,0.13410304946409035,,625cc71596d7d94d,7,,ecac199fa27ea80d,2661d5bdd1cd9c2a
single_hct116_xgboost_sequence_ctcf_rrbs,xgboost,single,hct116,42,,sequence_ctcf_rrbs,2968,635,636,,0,0,3ff84988cab5900c,0.13683330125257398,0.3750210899523746,0.13491708053562954,,625cc71596d7d94d,7,,ecac199fa27ea80d,2661d5bdd1cd9c2a
single_hct116_xgboost_sequence_dnase,xgboost,single,hct116,42,,sequence_dnase,2968,635,636,,0,0,3ff84988cab5900c,0.14616948453576029,0.38436336569342516,0.13328400185571854,,625cc71596d7d94d,7,,ecac199fa27ea80d,2661d5bdd1cd9c2a
single_hct116_xgboost_sequence_dnase_h3k4me3,xgboost,single,hct116,42,,sequence_dnase_h3k4me3,2968,635,636,,0,0,3ff84988cab5900c,0.1602593450687273,0.40555548380048817,0.1325028162470099,,625cc71596d7d94d,7,,ecac199fa27ea80d,2661d5bdd1cd9c2a
single_hct116_xgboost_sequence_dnase_h3k4me3_rrbs,xgboost,single,hct116,42,,sequence_dnase_h3k4me3_rrbs,2968,635,636,,0,0,3ff84988cab5900c,0.15218643774212648,0.39261575208073113,0.1332808845140532,,625cc71596d7d94d,7,,ecac199fa27ea80d,2661d5bdd1cd9c2a
single_hct116_xgboost_sequence_dnase_rrbs,xgboost,single,hct116,42,,sequence_dnase_rrbs,2968,635,636,,0,0,3ff84988cab5900c,0.1406323437267738,0.37904343895966314,0.13454327833510749,,625cc71596d7d94d,7,,ecac199fa27ea80d,2661d5bdd1cd9c2a
single_hct116_xgboost_sequence_h3k4me3,xgboost,single,hct116,42,,sequence_h3k4me3,2968,635,636,,0,0,3ff84988cab5900c,0.13524068505544373,0.37119978544574395,0.1343762857075078,,625cc71596d7d94d,7,,ecac199fa27ea80d,2661d5bdd1cd9c2a
single_hct116_xgboost_sequence_h3k4me3_rrbs,xgboost,single,hct116,42,,sequence_h3k4me3_rrbs,2968,635,636,,0,0,3ff84988cab5900c,0.1480816831966264,0.38558305458110287,0.13322761199589372,,625cc71596d7d94d,7,,ecac199fa27ea80d,2661d5bdd1cd9c2a
single_hct116_xgboost_sequence_rrbs,xgboost,single,hct116,42,,sequence_rrbs,2968,635,636,,0,0,3ff84988cab5900c,0.14390911359334058,0.38080035515102284,0.13341691572681866,,625cc71596d7d94d,7,,ecac199fa27ea80d,2661d5bdd1cd9c2a
single_hek293t_cnn_all_kernel_3,cnn,single,hek293t,42,3,all,1633,345,355,,0,0,993683c8c0d7f6dd,0.06234981787821925,0.2659918243331296,0.09410143407507682,cuda,625cc71596d7d94d,7,12.4,ecac199fa27ea80d,2661d5bdd1cd9c2a
single_hek293t_cnn_all_kernel_5,cnn,single,hek293t,42,5,all,1633,345,355,,0,0,993683c8c0d7f6dd,0.048156375161999,0.24054166951758443,0.09578231393661298,cuda,625cc71596d7d94d,7,12.4,ecac199fa27ea80d,2661d5bdd1cd9c2a
single_hek293t_cnn_all_kernel_7,cnn,single,hek293t,42,7,all,1633,345,355,,0,0,993683c8c0d7f6dd,0.06309547153601358,0.27985294968887975,0.09679476330187958,cuda,625cc71596d7d94d,7,12.4,ecac199fa27ea80d,2661d5bdd1cd9c2a
single_hek293t_cnn_sequence_ctcf_dnase_h3k4me3_kernel_3,cnn,single,hek293t,42,3,sequence_ctcf_dnase_h3k4me3,1633,345,355,,0,0,993683c8c0d7f6dd,0.0629200755026138,0.26417365012429905,0.09399637816027856,cuda,625cc71596d7d94d,7,12.4,ecac199fa27ea80d,2661d5bdd1cd9c2a
single_hek293t_cnn_sequence_ctcf_dnase_h3k4me3_kernel_5,cnn,single,hek293t,42,5,sequence_ctcf_dnase_h3k4me3,1633,345,355,,0,0,993683c8c0d7f6dd,0.03773459791526723,0.23889028300683912,0.09441781972705478,cuda,625cc71596d7d94d,7,12.4,ecac199fa27ea80d,2661d5bdd1cd9c2a
single_hek293t_cnn_sequence_ctcf_dnase_h3k4me3_kernel_7,cnn,single,hek293t,42,7,sequence_ctcf_dnase_h3k4me3,1633,345,355,,0,0,993683c8c0d7f6dd,0.028732233431865706,0.23144677858790114,0.09699094728894636,cuda,625cc71596d7d94d,7,12.4,ecac199fa27ea80d,2661d5bdd1cd9c2a
single_hek293t_cnn_sequence_ctcf_dnase_kernel_3,cnn,single,hek293t,42,3,sequence_ctcf_dnase,1633,345,355,,0,0,993683c8c0d7f6dd,0.04934850658605294,0.24426081419797271,0.0962016617853037,cuda,625cc71596d7d94d,7,12.4,ecac199fa27ea80d,2661d5bdd1cd9c2a
single_hek293t_cnn_sequence_ctcf_dnase_kernel_5,cnn,single,hek293t,42,5,sequence_ctcf_dnase,1633,345,355,,0,0,993683c8c0d7f6dd,0.08852346860431926,0.30286072859090324,0.09283222183585167,cuda,625cc71596d7d94d,7,12.4,ecac199fa27ea80d,2661d5bdd1cd9c2a
single_hek293t_cnn_sequence_ctcf_dnase_kernel_7,cnn,single,hek293t,42,7,sequence_ctcf_dnase,1633,345,355,,0,0,993683c8c0d7f6dd,0.06679655362198722,0.28480670991247314,0.09394225059470661,cuda,625cc71596d7d94d,7,12.4,ecac199fa27ea80d,2661d5bdd1cd9c2a
single_hek293t_cnn_sequence_ctcf_dnase_rrbs_kernel_3,cnn,single,hek293t,42,3,sequence_ctcf_dnase_rrbs,1633,345,355,,0,0,993683c8c0d7f6dd,0.0532879357242958,0.23243275278234324,0.09586772323704101,cuda,625cc71596d7d94d,7,12.4,ecac199fa27ea80d,2661d5bdd1cd9c2a
single_hek293t_cnn_sequence_ctcf_dnase_rrbs_kernel_5,cnn,single,hek293t,42,5,sequence_ctcf_dnase_rrbs,1633,345,355,,0,0,993683c8c0d7f6dd,0.04448402556213893,0.2589375277995154,0.09583913928396265,cuda,625cc71596d7d94d,7,12.4,ecac199fa27ea80d,2661d5bdd1cd9c2a
single_hek293t_cnn_sequence_ctcf_dnase_rrbs_kernel_7,cnn,single,hek293t,42,7,sequence_ctcf_dnase_rrbs,1633,345,355,,0,0,993683c8c0d7f6dd,0.06318186072417886,0.2844836945344424,0.09570100451229324,cuda,625cc71596d7d94d,7,12.4,ecac199fa27ea80d,2661d5bdd1cd9c2a
single_hek293t_cnn_sequence_ctcf_h3k4me3_kernel_3,cnn,single,hek293t,42,3,sequence_ctcf_h3k4me3,1633,345,355,,0,0,993683c8c0d7f6dd,0.04777174697120934,0.2435679251300897,0.09820207501171341,cuda,625cc71596d7d94d,7,12.4,ecac199fa27ea80d,2661d5bdd1cd9c2a
single_hek293t_cnn_sequence_ctcf_h3k4me3_kernel_5,cnn,single,hek293t,42,5,sequence_ctcf_h3k4me3,1633,345,355,,0,0,993683c8c0d7f6dd,0.02401161724716827,0.23742387994030298,0.09641871037827411,cuda,625cc71596d7d94d,7,12.4,ecac199fa27ea80d,2661d5bdd1cd9c2a
single_hek293t_cnn_sequence_ctcf_h3k4me3_kernel_7,cnn,single,hek293t,42,7,sequence_ctcf_h3k4me3,1633,345,355,,0,0,993683c8c0d7f6dd,0.019846133005166244,0.23744889335018965,0.09467057238372278,cuda,625cc71596d7d94d,7,12.4,ecac199fa27ea80d,2661d5bdd1cd9c2a
single_hek293t_cnn_sequence_ctcf_h3k4me3_rrbs_kernel_3,cnn,single,hek293t,42,3,sequence_ctcf_h3k4me3_rrbs,1633,345,355,,0,0,993683c8c0d7f6dd,0.04812895470902112,0.24414450551758174,0.09419433878551067,cuda,625cc71596d7d94d,7,12.4,ecac199fa27ea80d,2661d5bdd1cd9c2a
single_hek293t_cnn_sequence_ctcf_h3k4me3_rrbs_kernel_5,cnn,single,hek293t,42,5,sequence_ctcf_h3k4me3_rrbs,1633,345,355,,0,0,993683c8c0d7f6dd,0.05143365069173922,0.24201819442461203,0.0947029843821492,cuda,625cc71596d7d94d,7,12.4,ecac199fa27ea80d,2661d5bdd1cd9c2a
single_hek293t_cnn_sequence_ctcf_h3k4me3_rrbs_kernel_7,cnn,single,hek293t,42,7,sequence_ctcf_h3k4me3_rrbs,1633,345,355,,0,0,993683c8c0d7f6dd,0.04143608384654318,0.25287788395251093,0.09598671499062592,cuda,625cc71596d7d94d,7,12.4,ecac199fa27ea80d,2661d5bdd1cd9c2a
single_hek293t_cnn_sequence_ctcf_kernel_3,cnn,single,hek293t,42,3,sequence_ctcf,1633,345,355,,0,0,993683c8c0d7f6dd,0.0506842982630209,0.24333010777746403,0.09488789070869835,cuda,625cc71596d7d94d,7,12.4,ecac199fa27ea80d,2661d5bdd1cd9c2a
single_hek293t_cnn_sequence_ctcf_kernel_5,cnn,single,hek293t,42,5,sequence_ctcf,1633,345,355,,0,0,993683c8c0d7f6dd,0.032203377398084876,0.2451124895100446,0.09573940786887222,cuda,625cc71596d7d94d,7,12.4,ecac199fa27ea80d,2661d5bdd1cd9c2a
single_hek293t_cnn_sequence_ctcf_kernel_7,cnn,single,hek293t,42,7,sequence_ctcf,1633,345,355,,0,0,993683c8c0d7f6dd,0.07539951600540196,0.2765435409841583,0.0963422378708779,cuda,625cc71596d7d94d,7,12.4,ecac199fa27ea80d,2661d5bdd1cd9c2a
single_hek293t_cnn_sequence_ctcf_rrbs_kernel_3,cnn,single,hek293t,42,3,sequence_ctcf_rrbs,1633,345,355,,0,0,993683c8c0d7f6dd,0.041043145623911315,0.23548377251108374,0.09529536191216657,cuda,625cc71596d7d94d,7,12.4,ecac199fa27ea80d,2661d5bdd1cd9c2a
single_hek293t_cnn_sequence_ctcf_rrbs_kernel_5,cnn,single,hek293t,42,5,sequence_ctcf_rrbs,1633,345,355,,0,0,993683c8c0d7f6dd,0.02514855923065218,0.25140433876466417,0.09570173773337418,cuda,625cc71596d7d94d,7,12.4,ecac199fa27ea80d,2661d5bdd1cd9c2a
single_hek293t_cnn_sequence_ctcf_rrbs_kernel_7,cnn,single,hek293t,42,7,sequence_ctcf_rrbs,1633,345,355,,0,0,993683c8c0d7f6dd,0.09043894148661658,0.3042717287972367,0.09384917764806412,cuda,625cc71596d7d94d,7,12.4,ecac199fa27ea80d,2661d5bdd1cd9c2a
single_hek293t_cnn_sequence_dnase_h3k4me3_kernel_3,cnn,single,hek293t,42,3,sequence_dnase_h3k4me3,1633,345,355,,0,0,993683c8c0d7f6dd,0.03629436330357372,0.1946688836490579,0.09810161532860406,cuda,625cc71596d7d94d,7,12.4,ecac199fa27ea80d,2661d5bdd1cd9c2a
single_hek293t_cnn_sequence_dnase_h3k4me3_kernel_5,cnn,single,hek293t,42,5,sequence_dnase_h3k4me3,1633,345,355,,0,0,993683c8c0d7f6dd,0.00951307115213007,0.23983523990322178,0.0970805250108242,cuda,625cc71596d7d94d,7,12.4,ecac199fa27ea80d,2661d5bdd1cd9c2a
single_hek293t_cnn_sequence_dnase_h3k4me3_kernel_7,cnn,single,hek293t,42,7,sequence_dnase_h3k4me3,1633,345,355,,0,0,993683c8c0d7f6dd,0.05201936716745559,0.23294708576901757,0.09620842514953143,cuda,625cc71596d7d94d,7,12.4,ecac199fa27ea80d,2661d5bdd1cd9c2a
single_hek293t_cnn_sequence_dnase_h3k4me3_rrbs_kernel_3,cnn,single,hek293t,42,3,sequence_dnase_h3k4me3_rrbs,1633,345,355,,0,0,993683c8c0d7f6dd,0.013954054342662059,0.19901162918807527,0.09896133454962515,cuda,625cc71596d7d94d,7,12.4,ecac199fa27ea80d,2661d5bdd1cd9c2a
single_hek293t_cnn_sequence_dnase_h3k4me3_rrbs_kernel_5,cnn,single,hek293t,42,5,sequence_dnase_h3k4me3_rrbs,1633,345,355,,0,0,993683c8c0d7f6dd,0.05277420661384857,0.23625844127393614,0.09642005903829991,cuda,625cc71596d7d94d,7,12.4,ecac199fa27ea80d,2661d5bdd1cd9c2a
single_hek293t_cnn_sequence_dnase_h3k4me3_rrbs_kernel_7,cnn,single,hek293t,42,7,sequence_dnase_h3k4me3_rrbs,1633,345,355,,0,0,993683c8c0d7f6dd,0.03149025928037841,0.2530808098126334,0.09543214273494734,cuda,625cc71596d7d94d,7,12.4,ecac199fa27ea80d,2661d5bdd1cd9c2a
single_hek293t_cnn_sequence_dnase_kernel_3,cnn,single,hek293t,42,3,sequence_dnase,1633,345,355,,0,0,993683c8c0d7f6dd,0.05463975556681733,0.2405734185776545,0.09586824536533423,cuda,625cc71596d7d94d,7,12.4,ecac199fa27ea80d,2661d5bdd1cd9c2a
single_hek293t_cnn_sequence_dnase_kernel_5,cnn,single,hek293t,42,5,sequence_dnase,1633,345,355,,0,0,993683c8c0d7f6dd,0.05429351052240927,0.2582469576405113,0.09757510601005084,cuda,625cc71596d7d94d,7,12.4,ecac199fa27ea80d,2661d5bdd1cd9c2a
single_hek293t_cnn_sequence_dnase_kernel_7,cnn,single,hek293t,42,7,sequence_dnase,1633,345,355,,0,0,993683c8c0d7f6dd,0.08241944455434147,0.2877016405228077,0.09529325526574968,cuda,625cc71596d7d94d,7,12.4,ecac199fa27ea80d,2661d5bdd1cd9c2a
single_hek293t_cnn_sequence_dnase_rrbs_kernel_3,cnn,single,hek293t,42,3,sequence_dnase_rrbs,1633,345,355,,0,0,993683c8c0d7f6dd,0.014014613509611307,0.20854666371237568,0.09829389915709764,cuda,625cc71596d7d94d,7,12.4,ecac199fa27ea80d,2661d5bdd1cd9c2a
single_hek293t_cnn_sequence_dnase_rrbs_kernel_5,cnn,single,hek293t,42,5,sequence_dnase_rrbs,1633,345,355,,0,0,993683c8c0d7f6dd,-0.008938203881940776,0.24732794248949289,0.09614039412896398,cuda,625cc71596d7d94d,7,12.4,ecac199fa27ea80d,2661d5bdd1cd9c2a
single_hek293t_cnn_sequence_dnase_rrbs_kernel_7,cnn,single,hek293t,42,7,sequence_dnase_rrbs,1633,345,355,,0,0,993683c8c0d7f6dd,0.0546886577439708,0.25065154752630564,0.0961686225529288,cuda,625cc71596d7d94d,7,12.4,ecac199fa27ea80d,2661d5bdd1cd9c2a
single_hek293t_cnn_sequence_h3k4me3_kernel_3,cnn,single,hek293t,42,3,sequence_h3k4me3,1633,345,355,,0,0,993683c8c0d7f6dd,0.04755010612512156,0.2249880129326125,0.09676984024929329,cuda,625cc71596d7d94d,7,12.4,ecac199fa27ea80d,2661d5bdd1cd9c2a
single_hek293t_cnn_sequence_h3k4me3_kernel_5,cnn,single,hek293t,42,5,sequence_h3k4me3,1633,345,355,,0,0,993683c8c0d7f6dd,0.029418324408747032,0.1717398441419871,0.09767337077310388,cuda,625cc71596d7d94d,7,12.4,ecac199fa27ea80d,2661d5bdd1cd9c2a
single_hek293t_cnn_sequence_h3k4me3_kernel_7,cnn,single,hek293t,42,7,sequence_h3k4me3,1633,345,355,,0,0,993683c8c0d7f6dd,-0.04578308101683093,0.21853358782698434,0.09773157193837032,cuda,625cc71596d7d94d,7,12.4,ecac199fa27ea80d,2661d5bdd1cd9c2a
single_hek293t_cnn_sequence_h3k4me3_rrbs_kernel_3,cnn,single,hek293t,42,3,sequence_h3k4me3_rrbs,1633,345,355,,0,0,993683c8c0d7f6dd,0.03763394698444966,0.20087019582247378,0.09763941606375533,cuda,625cc71596d7d94d,7,12.4,ecac199fa27ea80d,2661d5bdd1cd9c2a
single_hek293t_cnn_sequence_h3k4me3_rrbs_kernel_5,cnn,single,hek293t,42,5,sequence_h3k4me3_rrbs,1633,345,355,,0,0,993683c8c0d7f6dd,0.004486456248356752,0.24132579413030758,0.09534009246968887,cuda,625cc71596d7d94d,7,12.4,ecac199fa27ea80d,2661d5bdd1cd9c2a
single_hek293t_cnn_sequence_h3k4me3_rrbs_kernel_7,cnn,single,hek293t,42,7,sequence_h3k4me3_rrbs,1633,345,355,,0,0,993683c8c0d7f6dd,0.04439656324697938,0.27033659595381854,0.09629226286016719,cuda,625cc71596d7d94d,7,12.4,ecac199fa27ea80d,2661d5bdd1cd9c2a
single_hek293t_cnn_sequence_kernel_3,cnn,single,hek293t,42,3,sequence,1633,345,355,,0,0,993683c8c0d7f6dd,0.07196803770013727,0.2689219921518645,0.09554255433695417,cuda,625cc71596d7d94d,7,12.4,ecac199fa27ea80d,2661d5bdd1cd9c2a
single_hek293t_cnn_sequence_kernel_5,cnn,single,hek293t,42,5,sequence,1633,345,355,,0,0,993683c8c0d7f6dd,0.035220988850447,0.21815948356472897,0.097885688352333,cuda,625cc71596d7d94d,7,12.4,ecac199fa27ea80d,2661d5bdd1cd9c2a
single_hek293t_cnn_sequence_kernel_7,cnn,single,hek293t,42,7,sequence,1633,345,355,,0,0,993683c8c0d7f6dd,0.07162632192981644,0.28762235841544653,0.09465613487950512,cuda,625cc71596d7d94d,7,12.4,ecac199fa27ea80d,2661d5bdd1cd9c2a
single_hek293t_cnn_sequence_rrbs_kernel_3,cnn,single,hek293t,42,3,sequence_rrbs,1633,345,355,,0,0,993683c8c0d7f6dd,0.04797154487189814,0.23891431781961553,0.09593497263923498,cuda,625cc71596d7d94d,7,12.4,ecac199fa27ea80d,2661d5bdd1cd9c2a
single_hek293t_cnn_sequence_rrbs_kernel_5,cnn,single,hek293t,42,5,sequence_rrbs,1633,345,355,,0,0,993683c8c0d7f6dd,0.06108102202842103,0.25865084661791304,0.09674663641293284,cuda,625cc71596d7d94d,7,12.4,ecac199fa27ea80d,2661d5bdd1cd9c2a
single_hek293t_cnn_sequence_rrbs_kernel_7,cnn,single,hek293t,42,7,sequence_rrbs,1633,345,355,,0,0,993683c8c0d7f6dd,0.02866249211515759,0.19889735950317916,0.09726815845974734,cuda,625cc71596d7d94d,7,12.4,ecac199fa27ea80d,2661d5bdd1cd9c2a
single_hek293t_linear_all,linear,single,hek293t,42,,all,1633,345,355,,0,0,993683c8c0d7f6dd,-0.051011898586734716,0.08199491322479432,0.10262190087790221,,625cc71596d7d94d,7,,ecac199fa27ea80d,2661d5bdd1cd9c2a
single_hek293t_linear_sequence,linear,single,hek293t,42,,sequence,1633,345,355,,0,0,993683c8c0d7f6dd,-0.0033419667602085923,0.12988315995073285,0.10004505600098153,,625cc71596d7d94d,7,,ecac199fa27ea80d,2661d5bdd1cd9c2a
single_hek293t_linear_sequence_ctcf,linear,single,hek293t,42,,sequence_ctcf,1633,345,355,,0,0,993683c8c0d7f6dd,-0.006175306505342704,0.13179397836969345,0.10025910618649402,,625cc71596d7d94d,7,,ecac199fa27ea80d,2661d5bdd1cd9c2a
single_hek293t_linear_sequence_ctcf_dnase,linear,single,hek293t,42,,sequence_ctcf_dnase,1633,345,355,,0,0,993683c8c0d7f6dd,-0.005777700214267822,0.13225826795211457,0.10025356681623929,,625cc71596d7d94d,7,,ecac199fa27ea80d,2661d5bdd1cd9c2a
single_hek293t_linear_sequence_ctcf_dnase_h3k4me3,linear,single,hek293t,42,,sequence_ctcf_dnase_h3k4me3,1633,345,355,,0,0,993683c8c0d7f6dd,-0.03675552763935941,0.09904253283518613,0.10177512312649002,,625cc71596d7d94d,7,,ecac199fa27ea80d,2661d5bdd1cd9c2a
single_hek293t_linear_sequence_ctcf_dnase_rrbs,linear,single,hek293t,42,,sequence_ctcf_dnase_rrbs,1633,345,355,,0,0,993683c8c0d7f6dd,-0.021170308862294096,0.11032294396655988,0.10099809607359725,,625cc71596d7d94d,7,,ecac199fa27ea80d,2661d5bdd1cd9c2a
single_hek293t_linear_sequence_ctcf_h3k4me3,linear,single,hek293t,42,,sequence_ctcf_h3k4me3,1633,345,355,,0,0,993683c8c0d7f6dd,-0.03736897830011676,0.09889251639042361,0.10192079033020517,,625cc71596d7d94d,7,,ecac199fa27ea80d,2661d5bdd1cd9c2a
single_hek293t_linear_sequence_ctcf_h3k4me3_rrbs,linear,single,hek293t,42,,sequence_ctcf_h3k4me3_rrbs,1633,345,355,,0,0,993683c8c0d7f6dd,-0.05135764509224727,0.08172239276470572,0.10268053188997427,,625cc71596d7d94d,7,,ecac199fa27ea80d,2661d5bdd1cd9c2a
single_hek293t_linear_sequence_ctcf_rrbs,linear,single,hek293t,42,,sequence_ctcf_rrbs,1633,345,355,,0,0,993683c8c0d7f6dd,-0.02114134443779525,0.11056628734267523,0.10102820783643655,,625cc71596d7d94d,7,,ecac199fa27ea80d,2661d5bdd1cd9c2a
single_hek293t_linear_sequence_dnase,linear,single,hek293t,42,,sequence_dnase,1633,345,355,,0,0,993683c8c0d7f6dd,-0.003267400839572776,0.12997204735125892,0.09996612400446139,,625cc71596d7d94d,7,,ecac199fa27ea80d,2661d5bdd1cd9c2a
single_hek293t_linear_sequence_dnase_h3k4me3,linear,single,hek293t,42,,sequence_dnase_h3k4me3,1633,345,355,,0,0,993683c8c0d7f6dd,-0.03188652917161239,0.09333652728468105,0.10163666036137393,,625cc71596d7d94d,7,,ecac199fa27ea80d,2661d5bdd1cd9c2a
single_hek293t_linear_sequence_dnase_h3k4me3_rrbs,linear,single,hek293t,42,,sequence_dnase_h3k4me3_rrbs,1633,345,355,,0,0,993683c8c0d7f6dd,-0.04709624355561548,0.07255942564819286,0.10263900531219765,,625cc71596d7d94d,7,,ecac199fa27ea80d,2661d5bdd1cd9c2a
single_hek293t_linear_sequence_dnase_rrbs,linear,single,hek293t,42,,sequence_dnase_rrbs,1633,345,355,,0,0,993683c8c0d7f6dd,-0.019640565193677073,0.10495583147028117,0.10089316847668567,,625cc71596d7d94d,7,,ecac199fa27ea80d,2661d5bdd1cd9c2a
single_hek293t_linear_sequence_h3k4me3,linear,single,hek293t,42,,sequence_h3k4me3,1633,345,355,,0,0,993683c8c0d7f6dd,-0.032691447847901456,0.09261737289168794,0.10177122422228026,,625cc71596d7d94d,7,,ecac199fa27ea80d,2661d5bdd1cd9c2a
single_hek293t_linear_sequence_h3k4me3_rrbs,linear,single,hek293t,42,,sequence_h3k4me3_rrbs,1633,345,355,,0,0,993683c8c0d7f6dd,-0.04790415323754882,0.07198828795259102,0.1025867176014442,,625cc71596d7d94d,7,,ecac199fa27ea80d,2661d5bdd1cd9c2a
single_hek293t_linear_sequence_rrbs,linear,single,hek293t,42,,sequence_rrbs,1633,345,355,,0,0,993683c8c0d7f6dd,-0.01971526659007239,0.10523335985674888,0.10082506538486817,,625cc71596d7d94d,7,,ecac199fa27ea80d,2661d5bdd1cd9c2a
single_hek293t_mlp_all,mlp,single,hek293t,42,,all,1633,345,355,,0,0,993683c8c0d7f6dd,-0.021875477957647327,0.07964743850241422,0.10191129304363694,cuda,625cc71596d7d94d,7,12.4,ecac199fa27ea80d,2661d5bdd1cd9c2a
single_hek293t_mlp_sequence,mlp,single,hek293t,42,,sequence,1633,345,355,,0,0,993683c8c0d7f6dd,-0.0036809091350349377,0.09304628380010865,0.1005012834261001,cuda,625cc71596d7d94d,7,12.4,ecac199fa27ea80d,2661d5bdd1cd9c2a
single_hek293t_mlp_sequence_ctcf,mlp,single,hek293t,42,,sequence_ctcf,1633,345,355,,0,0,993683c8c0d7f6dd,-0.0015757067286830129,0.131535611608435,0.09902739005399422,cuda,625cc71596d7d94d,7,12.4,ecac199fa27ea80d,2661d5bdd1cd9c2a
single_hek293t_mlp_sequence_ctcf_dnase,mlp,single,hek293t,42,,sequence_ctcf_dnase,1633,345,355,,0,0,993683c8c0d7f6dd,0.01260233691149526,0.15153089632656325,0.0975230147406249,cuda,625cc71596d7d94d,7,12.4,ecac199fa27ea80d,2661d5bdd1cd9c2a
single_hek293t_mlp_sequence_ctcf_dnase_h3k4me3,mlp,single,hek293t,42,,sequence_ctcf_dnase_h3k4me3,1633,345,355,,0,0,993683c8c0d7f6dd,-0.007774784872305762,0.10386547034135662,0.10170846313867771,cuda,625cc71596d7d94d,7,12.4,ecac199fa27ea80d,2661d5bdd1cd9c2a
single_hek293t_mlp_sequence_ctcf_dnase_rrbs,mlp,single,hek293t,42,,sequence_ctcf_dnase_rrbs,1633,345,355,,0,0,993683c8c0d7f6dd,0.012330419497902922,0.15005351714061235,0.09999737555921917,cuda,625cc71596d7d94d,7,12.4,ecac199fa27ea80d,2661d5bdd1cd9c2a
single_hek293t_mlp_sequence_ctcf_h3k4me3,mlp,single,hek293t,42,,sequence_ctcf_h3k4me3,1633,345,355,,0,0,993683c8c0d7f6dd,-0.03741220736297102,0.0769269192613506,0.10115256407101389,cuda,625cc71596d7d94d,7,12.4,ecac199fa27ea80d,2661d5bdd1cd9c2a
single_hek293t_mlp_sequence_ctcf_h3k4me3_rrbs,mlp,single,hek293t,42,,sequence_ctcf_h3k4me3_rrbs,1633,345,355,,0,0,993683c8c0d7f6dd,-0.036735500603081395,0.08004207729786698,0.10205863429836824,cuda,625cc71596d7d94d,7,12.4,ecac199fa27ea80d,2661d5bdd1cd9c2a
single_hek293t_mlp_sequence_ctcf_rrbs,mlp,single,hek293t,42,,sequence_ctcf_rrbs,1633,345,355,,0,0,993683c8c0d7f6dd,0.002605546129405889,0.1421292855844736,0.09834156604090206,cuda,625cc71596d7d94d,7,12.4,ecac199fa27ea80d,2661d5bdd1cd9c2a
single_hek293t_mlp_sequence_dnase,mlp,single,hek293t,42,,sequence_dnase,1633,345,355,,0,0,993683c8c0d7f6dd,-0.006342989994741366,0.10933868322301311,0.099317639405039,cuda,625cc71596d7d94d,7,12.4,ecac199fa27ea80d,2661d5bdd1cd9c2a
single_hek293t_mlp_sequence_dnase_h3k4me3,mlp,single,hek293t,42,,sequence_dnase_h3k4me3,1633,345,355,,0,0,993683c8c0d7f6dd,-0.02925826331548209,0.06959457897647245,0.10219524650716445,cuda,625cc71596d7d94d,7,12.4,ecac199fa27ea80d,2661d5bdd1cd9c2a
single_hek293t_mlp_sequence_dnase_h3k4me3_rrbs,mlp,single,hek293t,42,,sequence_dnase_h3k4me3_rrbs,1633,345,355,,0,0,993683c8c0d7f6dd,-0.020203368187442283,0.06022572490708663,0.09871182904486925,cuda,625cc71596d7d94d,7,12.4,ecac199fa27ea80d,2661d5bdd1cd9c2a
single_hek293t_mlp_sequence_dnase_rrbs,mlp,single,hek293t,42,,sequence_dnase_rrbs,1633,345,355,,0,0,993683c8c0d7f6dd,-0.0020466934069569565,0.11945793791300709,0.09897112352117686,cuda,625cc71596d7d94d,7,12.4,ecac199fa27ea80d,2661d5bdd1cd9c2a
single_hek293t_mlp_sequence_h3k4me3,mlp,single,hek293t,42,,sequence_h3k4me3,1633,345,355,,0,0,993683c8c0d7f6dd,-0.02059784358497896,0.0593996129337957,0.0991379425244432,cuda,625cc71596d7d94d,7,12.4,ecac199fa27ea80d,2661d5bdd1cd9c2a
single_hek293t_mlp_sequence_h3k4me3_rrbs,mlp,single,hek293t,42,,sequence_h3k4me3_rrbs,1633,345,355,,0,0,993683c8c0d7f6dd,-0.01954415201783588,0.06271142081741693,0.09913971500707344,cuda,625cc71596d7d94d,7,12.4,ecac199fa27ea80d,2661d5bdd1cd9c2a
single_hek293t_mlp_sequence_rrbs,mlp,single,hek293t,42,,sequence_rrbs,1633,345,355,,0,0,993683c8c0d7f6dd,-0.0029248721884707063,0.09638614875135548,0.10037924631590575,cuda,625cc71596d7d94d,7,12.4,ecac199fa27ea80d,2661d5bdd1cd9c2a
single_hek293t_transformer_all,transformer,single,hek293t,42,,all,1633,345,355,,0,0,993683c8c0d7f6dd,-0.0224039528041291,-0.05272223567008073,0.10034658956065984,cuda,625cc71596d7d94d,7,12.4,ecac199fa27ea80d,2661d5bdd1cd9c2a
single_hek293t_transformer_sequence,transformer,single,hek293t,42,,sequence,1633,345,355,,0,0,993683c8c0d7f6dd,0.03653171191187399,0.21035823047149999,0.09544860360697961,cuda,625cc71596d7d94d,7,12.4,ecac199fa27ea80d,2661d5bdd1cd9c2a
single_hek293t_transformer_sequence_ctcf,transformer,single,hek293t,42,,sequence_ctcf,1633,345,355,,0,0,993683c8c0d7f6dd,0.02235848588199474,0.15703979280011995,0.09881348673936347,cuda,625cc71596d7d94d,7,12.4,ecac199fa27ea80d,2661d5bdd1cd9c2a
single_hek293t_transformer_sequence_ctcf_dnase,transformer,single,hek293t,42,,sequence_ctcf_dnase,1633,345,355,,0,0,993683c8c0d7f6dd,0.04041056760692452,0.21007572752126535,0.09601883796948782,cuda,625cc71596d7d94d,7,12.4,ecac199fa27ea80d,2661d5bdd1cd9c2a
single_hek293t_transformer_sequence_ctcf_dnase_h3k4me3,transformer,single,hek293t,42,,sequence_ctcf_dnase_h3k4me3,1633,345,355,,0,0,993683c8c0d7f6dd,-0.10319666151090345,0.0656586881682257,0.10167738473121549,cuda,625cc71596d7d94d,7,12.4,ecac199fa27ea80d,2661d5bdd1cd9c2a
single_hek293t_transformer_sequence_ctcf_dnase_rrbs,transformer,single,hek293t,42,,sequence_ctcf_dnase_rrbs,1633,345,355,,0,0,993683c8c0d7f6dd,0.014330233671324355,0.16700030735651056,0.09898761998809559,cuda,625cc71596d7d94d,7,12.4,ecac199fa27ea80d,2661d5bdd1cd9c2a
single_hek293t_transformer_sequence_ctcf_h3k4me3,transformer,single,hek293t,42,,sequence_ctcf_h3k4me3,1633,345,355,,0,0,993683c8c0d7f6dd,-0.07074906368586453,0.019891189124672203,0.10275021536459386,cuda,625cc71596d7d94d,7,12.4,ecac199fa27ea80d,2661d5bdd1cd9c2a
single_hek293t_transformer_sequence_ctcf_h3k4me3_rrbs,transformer,single,hek293t,42,,sequence_ctcf_h3k4me3_rrbs,1633,345,355,,0,0,993683c8c0d7f6dd,-0.020163524439984926,-0.03991999157239996,0.10039074858519392,cuda,625cc71596d7d94d,7,12.4,ecac199fa27ea80d,2661d5bdd1cd9c2a
single_hek293t_transformer_sequence_ctcf_rrbs,transformer,single,hek293t,42,,sequence_ctcf_rrbs,1633,345,355,,0,0,993683c8c0d7f6dd,0.008562260196742666,0.09820046535559458,0.09904971782800177,cuda,625cc71596d7d94d,7,12.4,ecac199fa27ea80d,2661d5bdd1cd9c2a
single_hek293t_transformer_sequence_dnase,transformer,single,hek293t,42,,sequence_dnase,1633,345,355,,0,0,993683c8c0d7f6dd,0.04314149790322519,0.2270411995927604,0.09571560269720118,cuda,625cc71596d7d94d,7,12.4,ecac199fa27ea80d,2661d5bdd1cd9c2a
single_hek293t_transformer_sequence_dnase_h3k4me3,transformer,single,hek293t,42,,sequence_dnase_h3k4me3,1633,345,355,,0,0,993683c8c0d7f6dd,0.02022002539580714,0.15331434648356937,0.09900763510188586,cuda,625cc71596d7d94d,7,12.4,ecac199fa27ea80d,2661d5bdd1cd9c2a
single_hek293t_transformer_sequence_dnase_h3k4me3_rrbs,transformer,single,hek293t,42,,sequence_dnase_h3k4me3_rrbs,1633,345,355,,0,0,993683c8c0d7f6dd,0.004958030354028753,0.14115086530372664,0.09954835920476578,cuda,625cc71596d7d94d,7,12.4,ecac199fa27ea80d,2661d5bdd1cd9c2a
single_hek293t_transformer_sequence_dnase_rrbs,transformer,single,hek293t,42,,sequence_dnase_rrbs,1633,345,355,,0,0,993683c8c0d7f6dd,0.005941408614487775,0.07777471915323467,0.09929815065902724,cuda,625cc71596d7d94d,7,12.4,ecac199fa27ea80d,2661d5bdd1cd9c2a
single_hek293t_transformer_sequence_h3k4me3,transformer,single,hek293t,42,,sequence_h3k4me3,1633,345,355,,0,0,993683c8c0d7f6dd,-0.02044909288533292,0.08955708639724694,0.10197489283664125,cuda,625cc71596d7d94d,7,12.4,ecac199fa27ea80d,2661d5bdd1cd9c2a
single_hek293t_transformer_sequence_h3k4me3_rrbs,transformer,single,hek293t,42,,sequence_h3k4me3_rrbs,1633,345,355,,0,0,993683c8c0d7f6dd,-0.00044241799017630257,0.0997127653263217,0.09884938225150108,cuda,625cc71596d7d94d,7,12.4,ecac199fa27ea80d,2661d5bdd1cd9c2a
single_hek293t_transformer_sequence_rrbs,transformer,single,hek293t,42,,sequence_rrbs,1633,345,355,,0,0,993683c8c0d7f6dd,0.00601447607323824,0.07783661201722675,0.09955612061099267,cuda,625cc71596d7d94d,7,12.4,ecac199fa27ea80d,2661d5bdd1cd9c2a
single_hek293t_xgboost_all,xgboost,single,hek293t,42,,all,1633,345,355,,0,0,993683c8c0d7f6dd,0.009635938469414906,0.10839455988869016,0.09828450747988593,,625cc71596d7d94d,7,,ecac199fa27ea80d,2661d5bdd1cd9c2a
single_hek293t_xgboost_sequence,xgboost,single,hek293t,42,,sequence,1633,345,355,,0,0,993683c8c0d7f6dd,0.037249722625136705,0.19905219576734098,0.09709565019313718,,625cc71596d7d94d,7,,ecac199fa27ea80d,2661d5bdd1cd9c2a
single_hek293t_xgboost_sequence_ctcf,xgboost,single,hek293t,42,,sequence_ctcf,1633,345,355,,0,0,993683c8c0d7f6dd,0.04586325060127949,0.23121373347974705,0.09666090058818669,,625cc71596d7d94d,7,,ecac199fa27ea80d,2661d5bdd1cd9c2a
single_hek293t_xgboost_sequence_ctcf_dnase,xgboost,single,hek293t,42,,sequence_ctcf_dnase,1633,345,355,,0,0,993683c8c0d7f6dd,0.04586325060127949,0.23121373347974705,0.09666090058818669,,625cc71596d7d94d,7,,ecac199fa27ea80d,2661d5bdd1cd9c2a
single_hek293t_xgboost_sequence_ctcf_dnase_h3k4me3,xgboost,single,hek293t,42,,sequence_ctcf_dnase_h3k4me3,1633,345,355,,0,0,993683c8c0d7f6dd,0.01679684003072246,0.13559818837309548,0.09813538920921339,,625cc71596d7d94d,7,,ecac199fa27ea80d,2661d5bdd1cd9c2a
single_hek293t_xgboost_sequence_ctcf_dnase_rrbs,xgboost,single,hek293t,42,,sequence_ctcf_dnase_rrbs,1633,345,355,,0,0,993683c8c0d7f6dd,0.03160667361297986,0.18428498852162212,0.09739375803881968,,625cc71596d7d94d,7,,ecac199fa27ea80d,2661d5bdd1cd9c2a
single_hek293t_xgboost_sequence_ctcf_h3k4me3,xgboost,single,hek293t,42,,sequence_ctcf_h3k4me3,1633,345,355,,0,0,993683c8c0d7f6dd,0.01679684003072246,0.13559818837309548,0.09813538920921339,,625cc71596d7d94d,7,,ecac199fa27ea80d,2661d5bdd1cd9c2a
single_hek293t_xgboost_sequence_ctcf_h3k4me3_rrbs,xgboost,single,hek293t,42,,sequence_ctcf_h3k4me3_rrbs,1633,345,355,,0,0,993683c8c0d7f6dd,0.009635938469414906,0.10839455988869016,0.09828450747988593,,625cc71596d7d94d,7,,ecac199fa27ea80d,2661d5bdd1cd9c2a
single_hek293t_xgboost_sequence_ctcf_rrbs,xgboost,single,hek293t,42,,sequence_ctcf_rrbs,1633,345,355,,0,0,993683c8c0d7f6dd,0.03160667361297986,0.18428498852162212,0.09739375803881968,,625cc71596d7d94d,7,,ecac199fa27ea80d,2661d5bdd1cd9c2a
single_hek293t_xgboost_sequence_dnase,xgboost,single,hek293t,42,,sequence_dnase,1633,345,355,,0,0,993683c8c0d7f6dd,0.037249722625136705,0.19905219576734098,0.09709565019313718,,625cc71596d7d94d,7,,ecac199fa27ea80d,2661d5bdd1cd9c2a
single_hek293t_xgboost_sequence_dnase_h3k4me3,xgboost,single,hek293t,42,,sequence_dnase_h3k4me3,1633,345,355,,0,0,993683c8c0d7f6dd,0.01906665661132745,0.143270864057394,0.09803668051748209,,625cc71596d7d94d,7,,ecac199fa27ea80d,2661d5bdd1cd9c2a
single_hek293t_xgboost_sequence_dnase_h3k4me3_rrbs,xgboost,single,hek293t,42,,sequence_dnase_h3k4me3_rrbs,1633,345,355,,0,0,993683c8c0d7f6dd,0.018895481401320913,0.14235896914144572,0.09815829468654914,,625cc71596d7d94d,7,,ecac199fa27ea80d,2661d5bdd1cd9c2a
single_hek293t_xgboost_sequence_dnase_rrbs,xgboost,single,hek293t,42,,sequence_dnase_rrbs,1633,345,355,,0,0,993683c8c0d7f6dd,0.04480669599869702,0.2154626278849814,0.09710799679160118,,625cc71596d7d94d,7,,ecac199fa27ea80d,2661d5bdd1cd9c2a
single_hek293t_xgboost_sequence_h3k4me3,xgboost,single,hek293t,42,,sequence_h3k4me3,1633,345,355,,0,0,993683c8c0d7f6dd,0.01906665661132745,0.143270864057394,0.09803668051748209,,625cc71596d7d94d,7,,ecac199fa27ea80d,2661d5bdd1cd9c2a
single_hek293t_xgboost_sequence_h3k4me3_rrbs,xgboost,single,hek293t,42,,sequence_h3k4me3_rrbs,1633,345,355,,0,0,993683c8c0d7f6dd,0.018895481401320913,0.14235896914144572,0.09815829468654914,,625cc71596d7d94d,7,,ecac199fa27ea80d,2661d5bdd1cd9c2a
single_hek293t_xgboost_sequence_rrbs,xgboost,single,hek293t,42,,sequence_rrbs,1633,345,355,,0,0,993683c8c0d7f6dd,0.04480669599869702,0.2154626278849814,0.09710799679160118,,625cc71596d7d94d,7,,ecac199fa27ea80d,2661d5bdd1cd9c2a
single_hela_cnn_all_kernel_3,cnn,single,hela,42,3,all,5669,1215,1217,,0,0,23eec220304fd49f,0.08399529259130922,0.29032251654563773,0.14183730977345294,cuda,625cc71596d7d94d,7,12.4,ecac199fa27ea80d,2661d5bdd1cd9c2a
single_hela_cnn_all_kernel_5,cnn,single,hela,42,5,all,5669,1215,1217,,0,0,23eec220304fd49f,0.10931502675165827,0.33157873625158657,0.13863254154833082,cuda,625cc71596d7d94d,7,12.4,ecac199fa27ea80d,2661d5bdd1cd9c2a
single_hela_cnn_all_kernel_7,cnn,single,hela,42,7,all,5669,1215,1217,,0,0,23eec220304fd49f,0.11412538357509805,0.3430973909217987,0.13615825870843898,cuda,625cc71596d7d94d,7,12.4,ecac199fa27ea80d,2661d5bdd1cd9c2a
single_hela_cnn_sequence_ctcf_dnase_h3k4me3_kernel_3,cnn,single,hela,42,3,sequence_ctcf_dnase_h3k4me3,5669,1215,1217,,0,0,23eec220304fd49f,0.07123875013604652,0.27699165462379804,0.14019418108647122,cuda,625cc71596d7d94d,7,12.4,ecac199fa27ea80d,2661d5bdd1cd9c2a
single_hela_cnn_sequence_ctcf_dnase_h3k4me3_kernel_5,cnn,single,hela,42,5,sequence_ctcf_dnase_h3k4me3,5669,1215,1217,,0,0,23eec220304fd49f,0.07383507981657478,0.31273269050525504,0.13967241264180733,cuda,625cc71596d7d94d,7,12.4,ecac199fa27ea80d,2661d5bdd1cd9c2a
single_hela_cnn_sequence_ctcf_dnase_h3k4me3_kernel_7,cnn,single,hela,42,7,sequence_ctcf_dnase_h3k4me3,5669,1215,1217,,0,0,23eec220304fd49f,0.11920328737728769,0.3467857543753273,0.13748351446573007,cuda,625cc71596d7d94d,7,12.4,ecac199fa27ea80d,2661d5bdd1cd9c2a
single_hela_cnn_sequence_ctcf_dnase_kernel_3,cnn,single,hela,42,3,sequence_ctcf_dnase,5669,1215,1217,,0,0,23eec220304fd49f,0.06998386513343835,0.2727045384854827,0.14151088835246536,cuda,625cc71596d7d94d,7,12.4,ecac199fa27ea80d,2661d5bdd1cd9c2a
single_hela_cnn_sequence_ctcf_dnase_kernel_5,cnn,single,hela,42,5,sequence_ctcf_dnase,5669,1215,1217,,0,0,23eec220304fd49f,0.07759396083725822,0.3223770025590465,0.13514741917876677,cuda,625cc71596d7d94d,7,12.4,ecac199fa27ea80d,2661d5bdd1cd9c2a
single_hela_cnn_sequence_ctcf_dnase_kernel_7,cnn,single,hela,42,7,sequence_ctcf_dnase,5669,1215,1217,,0,0,23eec220304fd49f,0.10515750005491997,0.3404978027238567,0.13595878909546794,cuda,625cc71596d7d94d,7,12.4,ecac199fa27ea80d,2661d5bdd1cd9c2a
single_hela_cnn_sequence_ctcf_dnase_rrbs_kernel_3,cnn,single,hela,42,3,sequence_ctcf_dnase_rrbs,5669,1215,1217,,0,0,23eec220304fd49f,0.06102571550614466,0.26301825014583463,0.1401101952768457,cuda,625cc71596d7d94d,7,12.4,ecac199fa27ea80d,2661d5bdd1cd9c2a
single_hela_cnn_sequence_ctcf_dnase_rrbs_kernel_5,cnn,single,hela,42,5,sequence_ctcf_dnase_rrbs,5669,1215,1217,,0,0,23eec220304fd49f,0.10894183773009536,0.33936862293804604,0.1365751445770232,cuda,625cc71596d7d94d,7,12.4,ecac199fa27ea80d,2661d5bdd1cd9c2a
single_hela_cnn_sequence_ctcf_dnase_rrbs_kernel_7,cnn,single,hela,42,7,sequence_ctcf_dnase_rrbs,5669,1215,1217,,0,0,23eec220304fd49f,0.1097546587291357,0.3502814414720327,0.13454072984294096,cuda,625cc71596d7d94d,7,12.4,ecac199fa27ea80d,2661d5bdd1cd9c2a
single_hela_cnn_sequence_ctcf_h3k4me3_kernel_3,cnn,single,hela,42,3,sequence_ctcf_h3k4me3,5669,1215,1217,,0,0,23eec220304fd49f,0.08314025933480906,0.28979530007466664,0.14093788841773447,cuda,625cc71596d7d94d,7,12.4,ecac199fa27ea80d,2661d5bdd1cd9c2a
single_hela_cnn_sequence_ctcf_h3k4me3_kernel_5,cnn,single,hela,42,5,sequence_ctcf_h3k4me3,5669,1215,1217,,0,0,23eec220304fd49f,0.07699698882922335,0.3191416145408011,0.13639478164433919,cuda,625cc71596d7d94d,7,12.4,ecac199fa27ea80d,2661d5bdd1cd9c2a
single_hela_cnn_sequence_ctcf_h3k4me3_kernel_7,cnn,single,hela,42,7,sequence_ctcf_h3k4me3,5669,1215,1217,,0,0,23eec220304fd49f,0.12599072100635955,0.35901152662280883,0.13728641158447832,cuda,625cc71596d7d94d,7,12.4,ecac199fa27ea80d,2661d5bdd1cd9c2a
single_hela_cnn_sequence_ctcf_h3k4me3_rrbs_kernel_3,cnn,single,hela,42,3,sequence_ctcf_h3k4me3_rrbs,5669,1215,1217,,0,0,23eec220304fd49f,0.07904732246173829,0.28408066031374574,0.14341543038768734,cuda,625cc71596d7d94d,7,12.4,ecac199fa27ea80d,2661d5bdd1cd9c2a
single_hela_cnn_sequence_ctcf_h3k4me3_rrbs_kernel_5,cnn,single,hela,42,5,sequence_ctcf_h3k4me3_rrbs,5669,1215,1217,,0,0,23eec220304fd49f,0.10534897248053854,0.3336421656773192,0.13577738638742767,cuda,625cc71596d7d94d,7,12.4,ecac199fa27ea80d,2661d5bdd1cd9c2a
single_hela_cnn_sequence_ctcf_h3k4me3_rrbs_kernel_7,cnn,single,hela,42,7,sequence_ctcf_h3k4me3_rrbs,5669,1215,1217,,0,0,23eec220304fd49f,0.10659309003534634,0.3360651414251452,0.13582464807101788,cuda,625cc71596d7d94d,7,12.4,ecac199fa27ea80d,2661d5bdd1cd9c2a
single_hela_cnn_sequence_ctcf_kernel_3,cnn,single,hela,42,3,sequence_ctcf,5669,1215,1217,,0,0,23eec220304fd49f,0.08031809183035887,0.28576713583205776,0.14160147503366285,cuda,625cc71596d7d94d,7,12.4,ecac199fa27ea80d,2661d5bdd1cd9c2a
single_hela_cnn_sequence_ctcf_kernel_5,cnn,single,hela,42,5,sequence_ctcf,5669,1215,1217,,0,0,23eec220304fd49f,0.08000250151182142,0.30458649779163566,0.13839897116058927,cuda,625cc71596d7d94d,7,12.4,ecac199fa27ea80d,2661d5bdd1cd9c2a
single_hela_cnn_sequence_ctcf_kernel_7,cnn,single,hela,42,7,sequence_ctcf,5669,1215,1217,,0,0,23eec220304fd49f,0.10543431701950023,0.3354082785639536,0.1368062211201408,cuda,625cc71596d7d94d,7,12.4,ecac199fa27ea80d,2661d5bdd1cd9c2a
single_hela_cnn_sequence_ctcf_rrbs_kernel_3,cnn,single,hela,42,3,sequence_ctcf_rrbs,5669,1215,1217,,0,0,23eec220304fd49f,0.0870765976080532,0.2961741042710096,0.1408231232127861,cuda,625cc71596d7d94d,7,12.4,ecac199fa27ea80d,2661d5bdd1cd9c2a
single_hela_cnn_sequence_ctcf_rrbs_kernel_5,cnn,single,hela,42,5,sequence_ctcf_rrbs,5669,1215,1217,,0,0,23eec220304fd49f,0.07445138682235986,0.3167681041954455,0.1382385912482983,cuda,625cc71596d7d94d,7,12.4,ecac199fa27ea80d,2661d5bdd1cd9c2a
single_hela_cnn_sequence_ctcf_rrbs_kernel_7,cnn,single,hela,42,7,sequence_ctcf_rrbs,5669,1215,1217,,0,0,23eec220304fd49f,0.12321739403067766,0.3518794739695477,0.13578682340178488,cuda,625cc71596d7d94d,7,12.4,ecac199fa27ea80d,2661d5bdd1cd9c2a
single_hela_cnn_sequence_dnase_h3k4me3_kernel_3,cnn,single,hela,42,3,sequence_dnase_h3k4me3,5669,1215,1217,,0,0,23eec220304fd49f,0.07274666107508299,0.2750511102318308,0.14117168905719027,cuda,625cc71596d7d94d,7,12.4,ecac199fa27ea80d,2661d5bdd1cd9c2a
single_hela_cnn_sequence_dnase_h3k4me3_kernel_5,cnn,single,hela,42,5,sequence_dnase_h3k4me3,5669,1215,1217,,0,0,23eec220304fd49f,0.07162924908505852,0.31362180556891894,0.13570864664516663,cuda,625cc71596d7d94d,7,12.4,ecac199fa27ea80d,2661d5bdd1cd9c2a
single_hela_cnn_sequence_dnase_h3k4me3_kernel_7,cnn,single,hela,42,7,sequence_dnase_h3k4me3,5669,1215,1217,,0,0,23eec220304fd49f,0.1302863933120697,0.363136425277113,0.13662967824767117,cuda,625cc71596d7d94d,7,12.4,ecac199fa27ea80d,2661d5bdd1cd9c2a
single_hela_cnn_sequence_dnase_h3k4me3_rrbs_kernel_3,cnn,single,hela,42,3,sequence_dnase_h3k4me3_rrbs,5669,1215,1217,,0,0,23eec220304fd49f,0.07410352746069859,0.272600156294196,0.14284184680985812,cuda,625cc71596d7d94d,7,12.4,ecac199fa27ea80d,2661d5bdd1cd9c2a
single_hela_cnn_sequence_dnase_h3k4me3_rrbs_kernel_5,cnn,single,hela,42,5,sequence_dnase_h3k4me3_rrbs,5669,1215,1217,,0,0,23eec220304fd49f,0.09668331068470404,0.3256338956857681,0.137502009978013,cuda,625cc71596d7d94d,7,12.4,ecac199fa27ea80d,2661d5bdd1cd9c2a
single_hela_cnn_sequence_dnase_h3k4me3_rrbs_kernel_7,cnn,single,hela,42,7,sequence_dnase_h3k4me3_rrbs,5669,1215,1217,,0,0,23eec220304fd49f,0.11823868847704022,0.34399097270930623,0.13786534512608853,cuda,625cc71596d7d94d,7,12.4,ecac199fa27ea80d,2661d5bdd1cd9c2a
single_hela_cnn_sequence_dnase_kernel_3,cnn,single,hela,42,3,sequence_dnase,5669,1215,1217,,0,0,23eec220304fd49f,0.07805556404966507,0.2855976569126067,0.14401092106008564,cuda,625cc71596d7d94d,7,12.4,ecac199fa27ea80d,2661d5bdd1cd9c2a
single_hela_cnn_sequence_dnase_kernel_5,cnn,single,hela,42,5,sequence_dnase,5669,1215,1217,,0,0,23eec220304fd49f,0.08129679405104984,0.3231033523053626,0.1373830297035148,cuda,625cc71596d7d94d,7,12.4,ecac199fa27ea80d,2661d5bdd1cd9c2a
single_hela_cnn_sequence_dnase_kernel_7,cnn,single,hela,42,7,sequence_dnase,5669,1215,1217,,0,0,23eec220304fd49f,0.10849014394172063,0.33312421054454094,0.13678272880894368,cuda,625cc71596d7d94d,7,12.4,ecac199fa27ea80d,2661d5bdd1cd9c2a
single_hela_cnn_sequence_dnase_rrbs_kernel_3,cnn,single,hela,42,3,sequence_dnase_rrbs,5669,1215,1217,,0,0,23eec220304fd49f,0.06688592053374331,0.26524659147006335,0.14424352751289196,cuda,625cc71596d7d94d,7,12.4,ecac199fa27ea80d,2661d5bdd1cd9c2a
single_hela_cnn_sequence_dnase_rrbs_kernel_5,cnn,single,hela,42,5,sequence_dnase_rrbs,5669,1215,1217,,0,0,23eec220304fd49f,0.11754206979630455,0.34377732542933337,0.1360369551506771,cuda,625cc71596d7d94d,7,12.4,ecac199fa27ea80d,2661d5bdd1cd9c2a
single_hela_cnn_sequence_dnase_rrbs_kernel_7,cnn,single,hela,42,7,sequence_dnase_rrbs,5669,1215,1217,,0,0,23eec220304fd49f,0.12342053439006251,0.3527951570524545,0.13686370234332398,cuda,625cc71596d7d94d,7,12.4,ecac199fa27ea80d,2661d5bdd1cd9c2a
single_hela_cnn_sequence_h3k4me3_kernel_3,cnn,single,hela,42,3,sequence_h3k4me3,5669,1215,1217,,0,0,23eec220304fd49f,0.06375292703269242,0.2636007852115644,0.1433898047371161,cuda,625cc71596d7d94d,7,12.4,ecac199fa27ea80d,2661d5bdd1cd9c2a
single_hela_cnn_sequence_h3k4me3_kernel_5,cnn,single,hela,42,5,sequence_h3k4me3,5669,1215,1217,,0,0,23eec220304fd49f,0.076765109984681,0.29959820568733647,0.1367544634611338,cuda,625cc71596d7d94d,7,12.4,ecac199fa27ea80d,2661d5bdd1cd9c2a
single_hela_cnn_sequence_h3k4me3_kernel_7,cnn,single,hela,42,7,sequence_h3k4me3,5669,1215,1217,,0,0,23eec220304fd49f,0.0918933139341439,0.31794092968545795,0.1373328602609587,cuda,625cc71596d7d94d,7,12.4,ecac199fa27ea80d,2661d5bdd1cd9c2a
single_hela_cnn_sequence_h3k4me3_rrbs_kernel_3,cnn,single,hela,42,3,sequence_h3k4me3_rrbs,5669,1215,1217,,0,0,23eec220304fd49f,0.07349820094656756,0.2727919040409137,0.14294146915359462,cuda,625cc71596d7d94d,7,12.4,ecac199fa27ea80d,2661d5bdd1cd9c2a
single_hela_cnn_sequence_h3k4me3_rrbs_kernel_5,cnn,single,hela,42,5,sequence_h3k4me3_rrbs,5669,1215,1217,,0,0,23eec220304fd49f,0.0607733904200245,0.304906238840059,0.1355201089501447,cuda,625cc71596d7d94d,7,12.4,ecac199fa27ea80d,2661d5bdd1cd9c2a
single_hela_cnn_sequence_h3k4me3_rrbs_kernel_7,cnn,single,hela,42,7,sequence_h3k4me3_rrbs,5669,1215,1217,,0,0,23eec220304fd49f,0.12090944689061034,0.34940413051693037,0.137334379518215,cuda,625cc71596d7d94d,7,12.4,ecac199fa27ea80d,2661d5bdd1cd9c2a
single_hela_cnn_sequence_kernel_3,cnn,single,hela,42,3,sequence,5669,1215,1217,,0,0,23eec220304fd49f,0.06851701698184764,0.2742200810839765,0.14044584696929258,cuda,625cc71596d7d94d,7,12.4,ecac199fa27ea80d,2661d5bdd1cd9c2a
single_hela_cnn_sequence_kernel_5,cnn,single,hela,42,5,sequence,5669,1215,1217,,0,0,23eec220304fd49f,0.10048975762595791,0.334683745711875,0.13489904699131297,cuda,625cc71596d7d94d,7,12.4,ecac199fa27ea80d,2661d5bdd1cd9c2a
single_hela_cnn_sequence_kernel_7,cnn,single,hela,42,7,sequence,5669,1215,1217,,0,0,23eec220304fd49f,0.11875344235728902,0.3476920889537434,0.13550742525193055,cuda,625cc71596d7d94d,7,12.4,ecac199fa27ea80d,2661d5bdd1cd9c2a
single_hela_cnn_sequence_rrbs_kernel_3,cnn,single,hela,42,3,sequence_rrbs,5669,1215,1217,,0,0,23eec220304fd49f,0.06359939212288235,0.25729218769023743,0.14435553956607447,cuda,625cc71596d7d94d,7,12.4,ecac199fa27ea80d,2661d5bdd1cd9c2a
single_hela_cnn_sequence_rrbs_kernel_5,cnn,single,hela,42,5,sequence_rrbs,5669,1215,1217,,0,0,23eec220304fd49f,0.10720088400631045,0.3306463880318171,0.13592347837579452,cuda,625cc71596d7d94d,7,12.4,ecac199fa27ea80d,2661d5bdd1cd9c2a
single_hela_cnn_sequence_rrbs_kernel_7,cnn,single,hela,42,7,sequence_rrbs,5669,1215,1217,,0,0,23eec220304fd49f,0.08976387462840829,0.3236818818762859,0.13610751478142763,cuda,625cc71596d7d94d,7,12.4,ecac199fa27ea80d,2661d5bdd1cd9c2a
single_hela_linear_all,linear,single,hela,42,,all,5669,1215,1217,,0,0,23eec220304fd49f,0.07150237618263289,0.2813321329676411,0.1414839190873308,,625cc71596d7d94d,7,,ecac199fa27ea80d,2661d5bdd1cd9c2a
single_hela_linear_sequence,linear,single,hela,42,,sequence,5669,1215,1217,,0,0,23eec220304fd49f,0.08060709048119474,0.2891781692431445,0.14089991133300883,,625cc71596d7d94d,7,,ecac199fa27ea80d,2661d5bdd1cd9c2a
single_hela_linear_sequence_ctcf,linear,single,hela,42,,sequence_ctcf,5669,1215,1217,,0,0,23eec220304fd49f,0.07349347267012285,0.28033570303930505,0.1415237038898358,,625cc71596d7d94d,7,,ecac199fa27ea80d,2661d5bdd1cd9c2a
single_hela_linear_sequence_ctcf_dnase,linear,single,hela,42,,sequence_ctcf_dnase,5669,1215,1217,,0,0,23eec220304fd49f,0.07354865293734947,0.2804635831918386,0.14150905983183237,,625cc71596d7d94d,7,,ecac199fa27ea80d,2661d5bdd1cd9c2a
single_hela_linear_sequence_ctcf_dnase_h3k4me3,linear,single,hela,42,,sequence_ctcf_dnase_h3k4me3,5669,1215,1217,,0,0,23eec220304fd49f,0.06622330715812486,0.2726636664511294,0.1419695241524501,,625cc71596d7d94d,7,,ecac199fa27ea80d,2661d5bdd1cd9c2a
single_hela_linear_sequence_ctcf_dnase_rrbs,linear,single,hela,42,,sequence_ctcf_dnase_rrbs,5669,1215,1217,,0,0,23eec220304fd49f,0.07878620900965783,0.2890534122463987,0.14101954343841694,,625cc71596d7d94d,7,,ecac199fa27ea80d,2661d5bdd1cd9c2a
single_hela_linear_sequence_ctcf_h3k4me3,linear,single,hela,42,,sequence_ctcf_h3k4me3,5669,1215,1217,,0,0,23eec220304fd49f,0.0662529285717316,0.27269210688007883,0.14196367613800084,,625cc71596d7d94d,7,,ecac199fa27ea80d,2661d5bdd1cd9c2a
single_hela_linear_sequence_ctcf_h3k4me3_rrbs,linear,single,hela,42,,sequence_ctcf_h3k4me3_rrbs,5669,1215,1217,,0,0,23eec220304fd49f,0.07152838428704378,0.2813406535538768,0.14146101920942558,,625cc71596d7d94d,7,,ecac199fa27ea80d,2661d5bdd1cd9c2a
single_hela_linear_sequence_ctcf_rrbs,linear,single,hela,42,,sequence_ctcf_rrbs,5669,1215,1217,,0,0,23eec220304fd49f,0.07881613522362296,0.2890828944568241,0.1410088499609435,,625cc71596d7d94d,7,,ecac199fa27ea80d,2661d5bdd1cd9c2a
single_hela_linear_sequence_dnase,linear,single,hela,42,,sequence_dnase,5669,1215,1217,,0,0,23eec220304fd49f,0.08072255034491316,0.2892852399281765,0.14082434537737584,,625cc71596d7d94d,7,,ecac199fa27ea80d,2661d5bdd1cd9c2a
single_hela_linear_sequence_dnase_h3k4me3,linear,single,hela,42,,sequence_dnase_h3k4me3,5669,1215,1217,,0,0,23eec220304fd49f,0.07696206606604594,0.2850699895598637,0.1411468132643954,,625cc71596d7d94d,7,,ecac199fa27ea80d,2661d5bdd1cd9c2a
single_hela_linear_sequence_dnase_h3k4me3_rrbs,linear,single,hela,42,,sequence_dnase_h3k4me3_rrbs,5669,1215,1217,,0,0,23eec220304fd49f,0.08239832647599432,0.2938400962500194,0.14063216457495925,,625cc71596d7d94d,7,,ecac199fa27ea80d,2661d5bdd1cd9c2a
single_hela_linear_sequence_dnase_rrbs,linear,single,hela,42,,sequence_dnase_rrbs,5669,1215,1217,,0,0,23eec220304fd49f,0.08595965300882225,0.2977814533415567,0.14035357535490442,,625cc71596d7d94d,7,,ecac199fa27ea80d,2661d5bdd1cd9c2a
single_hela_linear_sequence_h3k4me3,linear,single,hela,42,,sequence_h3k4me3,5669,1215,1217,,0,0,23eec220304fd49f,0.07694837230045848,0.2850714786498061,0.14116200074338164,,625cc71596d7d94d,7,,ecac199fa27ea80d,2661d5bdd1cd9c2a
single_hela_linear_sequence_h3k4me3_rrbs,linear,single,hela,42,,sequence_h3k4me3_rrbs,5669,1215,1217,,0,0,23eec220304fd49f,0.08240486249165413,0.293851936435296,0.1406443225511458,,625cc71596d7d94d,7,,ecac199fa27ea80d,2661d5bdd1cd9c2a
single_hela_linear_sequence_rrbs,linear,single,hela,42,,sequence_rrbs,5669,1215,1217,,0,0,23eec220304fd49f,0.0859122023507527,0.29767210472104066,0.14034815069553275,,625cc71596d7d94d,7,,ecac199fa27ea80d,2661d5bdd1cd9c2a
single_hela_mlp_all,mlp,single,hela,42,,all,5669,1215,1217,,0,0,23eec220304fd49f,0.10223353111351352,0.3231176203454339,0.13833640047457416,cuda,625cc71596d7d94d,7,12.4,ecac199fa27ea80d,2661d5bdd1cd9c2a
single_hela_mlp_sequence,mlp,single,hela,42,,sequence,5669,1215,1217,,0,0,23eec220304fd49f,0.07309181166192813,0.28454208135773384,0.1393779189299898,cuda,625cc71596d7d94d,7,12.4,ecac199fa27ea80d,2661d5bdd1cd9c2a
single_hela_mlp_sequence_ctcf,mlp,single,hela,42,,sequence_ctcf,5669,1215,1217,,0,0,23eec220304fd49f,0.0796082455552054,0.2887812013096092,0.1395571221250112,cuda,625cc71596d7d94d,7,12.4,ecac199fa27ea80d,2661d5bdd1cd9c2a
single_hela_mlp_sequence_ctcf_dnase,mlp,single,hela,42,,sequence_ctcf_dnase,5669,1215,1217,,0,0,23eec220304fd49f,0.07955390884014224,0.29092201800579415,0.13893458445533216,cuda,625cc71596d7d94d,7,12.4,ecac199fa27ea80d,2661d5bdd1cd9c2a
single_hela_mlp_sequence_ctcf_dnase_h3k4me3,mlp,single,hela,42,,sequence_ctcf_dnase_h3k4me3,5669,1215,1217,,0,0,23eec220304fd49f,0.0790115605897237,0.3005794461757019,0.13873586191458764,cuda,625cc71596d7d94d,7,12.4,ecac199fa27ea80d,2661d5bdd1cd9c2a
single_hela_mlp_sequence_ctcf_dnase_rrbs,mlp,single,hela,42,,sequence_ctcf_dnase_rrbs,5669,1215,1217,,0,0,23eec220304fd49f,0.08952936273410306,0.30432098864712426,0.14020945362574244,cuda,625cc71596d7d94d,7,12.4,ecac199fa27ea80d,2661d5bdd1cd9c2a
single_hela_mlp_sequence_ctcf_h3k4me3,mlp,single,hela,42,,sequence_ctcf_h3k4me3,5669,1215,1217,,0,0,23eec220304fd49f,0.054416294689566214,0.28070022561304453,0.14270932955282165,cuda,625cc71596d7d94d,7,12.4,ecac199fa27ea80d,2661d5bdd1cd9c2a
single_hela_mlp_sequence_ctcf_h3k4me3_rrbs,mlp,single,hela,42,,sequence_ctcf_h3k4me3_rrbs,5669,1215,1217,,0,0,23eec220304fd49f,0.07499172856123348,0.2923692496844103,0.14003445193372477,cuda,625cc71596d7d94d,7,12.4,ecac199fa27ea80d,2661d5bdd1cd9c2a
single_hela_mlp_sequence_ctcf_rrbs,mlp,single,hela,42,,sequence_ctcf_rrbs,5669,1215,1217,,0,0,23eec220304fd49f,0.06479834904412118,0.2825388478262485,0.1391823486705116,cuda,625cc71596d7d94d,7,12.4,ecac199fa27ea80d,2661d5bdd1cd9c2a
single_hela_mlp_sequence_dnase,mlp,single,hela,42,,sequence_dnase,5669,1215,1217,,0,0,23eec220304fd49f,0.06143819092489211,0.2761503698110706,0.14046248857876736,cuda,625cc71596d7d94d,7,12.4,ecac199fa27ea80d,2661d5bdd1cd9c2a
single_hela_mlp_sequence_dnase_h3k4me3,mlp,single,hela,42,,sequence_dnase_h3k4me3,5669,1215,1217,,0,0,23eec220304fd49f,0.08210308893757101,0.29829961685782996,0.13864851356671964,cuda,625cc71596d7d94d,7,12.4,ecac199fa27ea80d,2661d5bdd1cd9c2a
single_hela_mlp_sequence_dnase_h3k4me3_rrbs,mlp,single,hela,42,,sequence_dnase_h3k4me3_rrbs,5669,1215,1217,,0,0,23eec220304fd49f,0.08084593051272038,0.2925301466228981,0.14027461724236914,cuda,625cc71596d7d94d,7,12.4,ecac199fa27ea80d,2661d5bdd1cd9c2a
single_hela_mlp_sequence_dnase_rrbs,mlp,single,hela,42,,sequence_dnase_rrbs,5669,1215,1217,,0,0,23eec220304fd49f,0.07177779694750908,0.3037658826025892,0.14272533459375092,cuda,625cc71596d7d94d,7,12.4,ecac199fa27ea80d,2661d5bdd1cd9c2a
single_hela_mlp_sequence_h3k4me3,mlp,single,hela,42,,sequence_h3k4me3,5669,1215,1217,,0,0,23eec220304fd49f,0.06045359449240062,0.27447955579784855,0.14021536467885104,cuda,625cc71596d7d94d,7,12.4,ecac199fa27ea80d,2661d5bdd1cd9c2a
single_hela_mlp_sequence_h3k4me3_rrbs,mlp,single,hela,42,,sequence_h3k4me3_rrbs,5669,1215,1217,,0,0,23eec220304fd49f,0.077988679676534,0.2931159881391828,0.13821239321926992,cuda,625cc71596d7d94d,7,12.4,ecac199fa27ea80d,2661d5bdd1cd9c2a
single_hela_mlp_sequence_rrbs,mlp,single,hela,42,,sequence_rrbs,5669,1215,1217,,0,0,23eec220304fd49f,0.0776507317552505,0.29123211866734244,0.1381412177799729,cuda,625cc71596d7d94d,7,12.4,ecac199fa27ea80d,2661d5bdd1cd9c2a
single_hela_transformer_all,transformer,single,hela,42,,all,5669,1215,1217,,0,0,23eec220304fd49f,0.07126083461554011,0.2780426732183967,0.14044003062487898,cuda,625cc71596d7d94d,7,12.4,ecac199fa27ea80d,2661d5bdd1cd9c2a
single_hela_transformer_sequence,transformer,single,hela,42,,sequence,5669,1215,1217,,0,0,23eec220304fd49f,0.0865409599937047,0.2999970130990734,0.1400797075010431,cuda,625cc71596d7d94d,7,12.4,ecac199fa27ea80d,2661d5bdd1cd9c2a
single_hela_transformer_sequence_ctcf,transformer,single,hela,42,,sequence_ctcf,5669,1215,1217,,0,0,23eec220304fd49f,0.07415129790959185,0.29865977975247354,0.13822301833492157,cuda,625cc71596d7d94d,7,12.4,ecac199fa27ea80d,2661d5bdd1cd9c2a
single_hela_transformer_sequence_ctcf_dnase,transformer,single,hela,42,,sequence_ctcf_dnase,5669,1215,1217,,0,0,23eec220304fd49f,0.08629844982277624,0.30601551563633633,0.13780631093743476,cuda,625cc71596d7d94d,7,12.4,ecac199fa27ea80d,2661d5bdd1cd9c2a
single_hela_transformer_sequence_ctcf_dnase_h3k4me3,transformer,single,hela,42,,sequence_ctcf_dnase_h3k4me3,5669,1215,1217,,0,0,23eec220304fd49f,0.06859993350415516,0.28209200146084334,0.14031575939127996,cuda,625cc71596d7d94d,7,12.4,ecac199fa27ea80d,2661d5bdd1cd9c2a
single_hela_transformer_sequence_ctcf_dnase_rrbs,transformer,single,hela,42,,sequence_ctcf_dnase_rrbs,5669,1215,1217,,0,0,23eec220304fd49f,0.059535064628737144,0.2812487536064967,0.13921772714332836,cuda,625cc71596d7d94d,7,12.4,ecac199fa27ea80d,2661d5bdd1cd9c2a
single_hela_transformer_sequence_ctcf_h3k4me3,transformer,single,hela,42,,sequence_ctcf_h3k4me3,5669,1215,1217,,0,0,23eec220304fd49f,0.09877420225180134,0.3164897967521617,0.1389781074963509,cuda,625cc71596d7d94d,7,12.4,ecac199fa27ea80d,2661d5bdd1cd9c2a
single_hela_transformer_sequence_ctcf_h3k4me3_rrbs,transformer,single,hela,42,,sequence_ctcf_h3k4me3_rrbs,5669,1215,1217,,0,0,23eec220304fd49f,0.10120275594883343,0.323164762662229,0.13695011497295848,cuda,625cc71596d7d94d,7,12.4,ecac199fa27ea80d,2661d5bdd1cd9c2a
single_hela_transformer_sequence_ctcf_rrbs,transformer,single,hela,42,,sequence_ctcf_rrbs,5669,1215,1217,,0,0,23eec220304fd49f,0.072543524486673,0.3010768698109507,0.13893354769816507,cuda,625cc71596d7d94d,7,12.4,ecac199fa27ea80d,2661d5bdd1cd9c2a
single_hela_transformer_sequence_dnase,transformer,single,hela,42,,sequence_dnase,5669,1215,1217,,0,0,23eec220304fd49f,0.07705034146638234,0.29917148027637486,0.13973860294476703,cuda,625cc71596d7d94d,7,12.4,ecac199fa27ea80d,2661d5bdd1cd9c2a
single_hela_transformer_sequence_dnase_h3k4me3,transformer,single,hela,42,,sequence_dnase_h3k4me3,5669,1215,1217,,0,0,23eec220304fd49f,0.07648865012758632,0.29709372983357435,0.13836151930812426,cuda,625cc71596d7d94d,7,12.4,ecac199fa27ea80d,2661d5bdd1cd9c2a
single_hela_transformer_sequence_dnase_h3k4me3_rrbs,transformer,single,hela,42,,sequence_dnase_h3k4me3_rrbs,5669,1215,1217,,0,0,23eec220304fd49f,0.082066230599382,0.28831119097384944,0.1406576042793641,cuda,625cc71596d7d94d,7,12.4,ecac199fa27ea80d,2661d5bdd1cd9c2a
single_hela_transformer_sequence_dnase_rrbs,transformer,single,hela,42,,sequence_dnase_rrbs,5669,1215,1217,,0,0,23eec220304fd49f,0.0768950593768426,0.2970750276220373,0.13783353317335065,cuda,625cc71596d7d94d,7,12.4,ecac199fa27ea80d,2661d5bdd1cd9c2a
single_hela_transformer_sequence_h3k4me3,transformer,single,hela,42,,sequence_h3k4me3,5669,1215,1217,,0,0,23eec220304fd49f,0.08713901006504055,0.3071761848180669,0.13892376239824486,cuda,625cc71596d7d94d,7,12.4,ecac199fa27ea80d,2661d5bdd1cd9c2a
single_hela_transformer_sequence_h3k4me3_rrbs,transformer,single,hela,42,,sequence_h3k4me3_rrbs,5669,1215,1217,,0,0,23eec220304fd49f,0.09165908907723941,0.30705881675335367,0.14019844197372458,cuda,625cc71596d7d94d,7,12.4,ecac199fa27ea80d,2661d5bdd1cd9c2a
single_hela_transformer_sequence_rrbs,transformer,single,hela,42,,sequence_rrbs,5669,1215,1217,,0,0,23eec220304fd49f,0.0821103851911833,0.29744864163296625,0.13965103920961344,cuda,625cc71596d7d94d,7,12.4,ecac199fa27ea80d,2661d5bdd1cd9c2a
single_hela_xgboost_all,xgboost,single,hela,42,,all,5669,1215,1217,,0,0,23eec220304fd49f,0.10615628934791488,0.32633773777455655,0.13875909161271552,,625cc71596d7d94d,7,,ecac199fa27ea80d,2661d5bdd1cd9c2a
single_hela_xgboost_sequence,xgboost,single,hela,42,,sequence,5669,1215,1217,,0,0,23eec220304fd49f,0.09926083772044414,0.31756137473285895,0.13890345005851623,,625cc71596d7d94d,7,,ecac199fa27ea80d,2661d5bdd1cd9c2a
single_hela_xgboost_sequence_ctcf,xgboost,single,hela,42,,sequence_ctcf,5669,1215,1217,,0,0,23eec220304fd49f,0.09877728139872899,0.3146698683196481,0.13945481247256086,,625cc71596d7d94d,7,,ecac199fa27ea80d,2661d5bdd1cd9c2a
single_hela_xgboost_sequence_ctcf_dnase,xgboost,single,hela,42,,sequence_ctcf_dnase,5669,1215,1217,,0,0,23eec220304fd49f,0.09877728139872899,0.3146698683196481,0.13945481247256086,,625cc71596d7d94d,7,,ecac199fa27ea80d,2661d5bdd1cd9c2a
single_hela_xgboost_sequence_ctcf_dnase_h3k4me3,xgboost,single,hela,42,,sequence_ctcf_dnase_h3k4me3,5669,1215,1217,,0,0,23eec220304fd49f,0.09997289196224546,0.31667589198455626,0.13943972137359953,,625cc71596d7d94d,7,,ecac199fa27ea80d,2661d5bdd1cd9c2a
single_hela_xgboost_sequence_ctcf_dnase_rrbs,xgboost,single,hela,42,,sequence_ctcf_dnase_rrbs,5669,1215,1217,,0,0,23eec220304fd49f,0.10275486820551916,0.32199870941475284,0.1389219237884115,,625cc71596d7d94d,7,,ecac199fa27ea80d,2661d5bdd1cd9c2a
single_hela_xgboost_sequence_ctcf_h3k4me3,xgboost,single,hela,42,,sequence_ctcf_h3k4me3,5669,1215,1217,,0,0,23eec220304fd49f,0.09997289196224546,0.31667589198455626,0.13943972137359953,,625cc71596d7d94d,7,,ecac199fa27ea80d,2661d5bdd1cd9c2a
single_hela_xgboost_sequence_ctcf_h3k4me3_rrbs,xgboost,single,hela,42,,sequence_ctcf_h3k4me3_rrbs,5669,1215,1217,,0,0,23eec220304fd49f,0.10615628934791488,0.32633773777455655,0.13875909161271552,,625cc71596d7d94d,7,,ecac199fa27ea80d,2661d5bdd1cd9c2a
single_hela_xgboost_sequence_ctcf_rrbs,xgboost,single,hela,42,,sequence_ctcf_rrbs,5669,1215,1217,,0,0,23eec220304fd49f,0.10275486820551916,0.32199870941475284,0.1389219237884115,,625cc71596d7d94d,7,,ecac199fa27ea80d,2661d5bdd1cd9c2a
single_hela_xgboost_sequence_dnase,xgboost,single,hela,42,,sequence_dnase,5669,1215,1217,,0,0,23eec220304fd49f,0.09926083772044414,0.31756137473285895,0.13890345005851623,,625cc71596d7d94d,7,,ecac199fa27ea80d,2661d5bdd1cd9c2a
single_hela_xgboost_sequence_dnase_h3k4me3,xgboost,single,hela,42,,sequence_dnase_h3k4me3,5669,1215,1217,,0,0,23eec220304fd49f,0.09565349966919201,0.31176405646379773,0.13959619384512,,625cc71596d7d94d,7,,ecac199fa27ea80d,2661d5bdd1cd9c2a
single_hela_xgboost_sequence_dnase_h3k4me3_rrbs,xgboost,single,hela,42,,sequence_dnase_h3k4me3_rrbs,5669,1215,1217,,0,0,23eec220304fd49f,0.0986253750439331,0.3153786206054002,0.1394512780995639,,625cc71596d7d94d,7,,ecac199fa27ea80d,2661d5bdd1cd9c2a
single_hela_xgboost_sequence_dnase_rrbs,xgboost,single,hela,42,,sequence_dnase_rrbs,5669,1215,1217,,0,0,23eec220304fd49f,0.09602217945715785,0.3112772394211526,0.13932731656707084,,625cc71596d7d94d,7,,ecac199fa27ea80d,2661d5bdd1cd9c2a
single_hela_xgboost_sequence_h3k4me3,xgboost,single,hela,42,,sequence_h3k4me3,5669,1215,1217,,0,0,23eec220304fd49f,0.09565349966919201,0.31176405646379773,0.13959619384512,,625cc71596d7d94d,7,,ecac199fa27ea80d,2661d5bdd1cd9c2a
single_hela_xgboost_sequence_h3k4me3_rrbs,xgboost,single,hela,42,,sequence_h3k4me3_rrbs,5669,1215,1217,,0,0,23eec220304fd49f,0.0986253750439331,0.3153786206054002,0.1394512780995639,,625cc71596d7d94d,7,,ecac199fa27ea80d,2661d5bdd1cd9c2a
single_hela_xgboost_sequence_rrbs,xgboost,single,hela,42,,sequence_rrbs,5669,1215,1217,,0,0,23eec220304fd49f,0.09602217945715785,0.3112772394211526,0.13932731656707084,,625cc71596d7d94d,7,,ecac199fa27ea80d,2661d5bdd1cd9c2a
single_hl60_cnn_all_kernel_3,cnn,single,hl60,42,3,all,1453,311,312,,0,0,1d2400890d904ce0,0.03809988980181045,0.2661758359689426,0.08625802701601806,cuda,625cc71596d7d94d,7,12.4,ecac199fa27ea80d,2661d5bdd1cd9c2a
single_hl60_cnn_all_kernel_5,cnn,single,hl60,42,5,all,1453,311,312,,0,0,1d2400890d904ce0,0.07974981001315162,0.31116019884154117,0.08157375851908746,cuda,625cc71596d7d94d,7,12.4,ecac199fa27ea80d,2661d5bdd1cd9c2a
single_hl60_cnn_all_kernel_7,cnn,single,hl60,42,7,all,1453,311,312,,0,0,1d2400890d904ce0,0.065937559122481,0.29944154409894674,0.08259262570227759,cuda,625cc71596d7d94d,7,12.4,ecac199fa27ea80d,2661d5bdd1cd9c2a
single_hl60_cnn_sequence_ctcf_dnase_h3k4me3_kernel_3,cnn,single,hl60,42,3,sequence_ctcf_dnase_h3k4me3,1453,311,312,,0,0,1d2400890d904ce0,0.069999968467087,0.30783678353968696,0.08424672437234758,cuda,625cc71596d7d94d,7,12.4,ecac199fa27ea80d,2661d5bdd1cd9c2a
single_hl60_cnn_sequence_ctcf_dnase_h3k4me3_kernel_5,cnn,single,hl60,42,5,sequence_ctcf_dnase_h3k4me3,1453,311,312,,0,0,1d2400890d904ce0,0.03489936422527984,0.28615336746726383,0.08589232618060823,cuda,625cc71596d7d94d,7,12.4,ecac199fa27ea80d,2661d5bdd1cd9c2a
single_hl60_cnn_sequence_ctcf_dnase_h3k4me3_kernel_7,cnn,single,hl60,42,7,sequence_ctcf_dnase_h3k4me3,1453,311,312,,0,0,1d2400890d904ce0,0.07552471282600304,0.33446788004287975,0.08380794298882858,cuda,625cc71596d7d94d,7,12.4,ecac199fa27ea80d,2661d5bdd1cd9c2a
single_hl60_cnn_sequence_ctcf_dnase_kernel_3,cnn,single,hl60,42,3,sequence_ctcf_dnase,1453,311,312,,0,0,1d2400890d904ce0,0.07848770928733606,0.28533969197440034,0.08429906747112863,cuda,625cc71596d7d94d,7,12.4,ecac199fa27ea80d,2661d5bdd1cd9c2a
single_hl60_cnn_sequence_ctcf_dnase_kernel_5,cnn,single,hl60,42,5,sequence_ctcf_dnase,1453,311,312,,0,0,1d2400890d904ce0,0.0032642664144363343,0.2555645052839512,0.08619290225518246,cuda,625cc71596d7d94d,7,12.4,ecac199fa27ea80d,2661d5bdd1cd9c2a
single_hl60_cnn_sequence_ctcf_dnase_kernel_7,cnn,single,hl60,42,7,sequence_ctcf_dnase,1453,311,312,,0,0,1d2400890d904ce0,0.058654876698754466,0.313048382532847,0.0836423471247634,cuda,625cc71596d7d94d,7,12.4,ecac199fa27ea80d,2661d5bdd1cd9c2a
single_hl60_cnn_sequence_ctcf_dnase_rrbs_kernel_3,cnn,single,hl60,42,3,sequence_ctcf_dnase_rrbs,1453,311,312,,0,0,1d2400890d904ce0,0.06103519896749676,0.27446513108747606,0.08531541129550299,cuda,625cc71596d7d94d,7,12.4,ecac199fa27ea80d,2661d5bdd1cd9c2a
single_hl60_cnn_sequence_ctcf_dnase_rrbs_kernel_5,cnn,single,hl60,42,5,sequence_ctcf_dnase_rrbs,1453,311,312,,0,0,1d2400890d904ce0,-0.002526070209410536,0.26584030822164906,0.08876873610708384,cuda,625cc71596d7d94d,7,12.4,ecac199fa27ea80d,2661d5bdd1cd9c2a
single_hl60_cnn_sequence_ctcf_dnase_rrbs_kernel_7,cnn,single,hl60,42,7,sequence_ctcf_dnase_rrbs,1453,311,312,,0,0,1d2400890d904ce0,0.057501739275275576,0.29891073117695216,0.0843076313404032,cuda,625cc71596d7d94d,7,12.4,ecac199fa27ea80d,2661d5bdd1cd9c2a
single_hl60_cnn_sequence_ctcf_h3k4me3_kernel_3,cnn,single,hl60,42,3,sequence_ctcf_h3k4me3,1453,311,312,,0,0,1d2400890d904ce0,0.04848056464920292,0.27446665375734547,0.087484695453149,cuda,625cc71596d7d94d,7,12.4,ecac199fa27ea80d,2661d5bdd1cd9c2a
single_hl60_cnn_sequence_ctcf_h3k4me3_kernel_5,cnn,single,hl60,42,5,sequence_ctcf_h3k4me3,1453,311,312,,0,0,1d2400890d904ce0,0.0026449835874291505,0.2636413689105991,0.08593709753133738,cuda,625cc71596d7d94d,7,12.4,ecac199fa27ea80d,2661d5bdd1cd9c2a
single_hl60_cnn_sequence_ctcf_h3k4me3_kernel_7,cnn,single,hl60,42,7,sequence_ctcf_h3k4me3,1453,311,312,,0,0,1d2400890d904ce0,0.05472623072020533,0.32437326579608294,0.08454381644081038,cuda,625cc71596d7d94d,7,12.4,ecac199fa27ea80d,2661d5bdd1cd9c2a
single_hl60_cnn_sequence_ctcf_h3k4me3_rrbs_kernel_3,cnn,single,hl60,42,3,sequence_ctcf_h3k4me3_rrbs,1453,311,312,,0,0,1d2400890d904ce0,0.047743130778446496,0.28784183358678184,0.08623815471760164,cuda,625cc71596d7d94d,7,12.4,ecac199fa27ea80d,2661d5bdd1cd9c2a
single_hl60_cnn_sequence_ctcf_h3k4me3_rrbs_kernel_5,cnn,single,hl60,42,5,sequence_ctcf_h3k4me3_rrbs,1453,311,312,,0,0,1d2400890d904ce0,-0.0040019233239663166,0.2961301493079321,0.08877822017082228,cuda,625cc71596d7d94d,7,12.4,ecac199fa27ea80d,2661d5bdd1cd9c2a
single_hl60_cnn_sequence_ctcf_h3k4me3_rrbs_kernel_7,cnn,single,hl60,42,7,sequence_ctcf_h3k4me3_rrbs,1453,311,312,,0,0,1d2400890d904ce0,0.08540419060027404,0.3286292489570787,0.08298676306357941,cuda,625cc71596d7d94d,7,12.4,ecac199fa27ea80d,2661d5bdd1cd9c2a
single_hl60_cnn_sequence_ctcf_kernel_3,cnn,single,hl60,42,3,sequence_ctcf,1453,311,312,,0,0,1d2400890d904ce0,0.013111278392547221,0.21417175568291952,0.08587579682875329,cuda,625cc71596d7d94d,7,12.4,ecac199fa27ea80d,2661d5bdd1cd9c2a
single_hl60_cnn_sequence_ctcf_kernel_5,cnn,single,hl60,42,5,sequence_ctcf,1453,311,312,,0,0,1d2400890d904ce0,-0.07438100672085013,0.23732076226215112,0.09016328580223788,cuda,625cc71596d7d94d,7,12.4,ecac199fa27ea80d,2661d5bdd1cd9c2a
single_hl60_cnn_sequence_ctcf_kernel_7,cnn,single,hl60,42,7,sequence_ctcf,1453,311,312,,0,0,1d2400890d904ce0,0.07899413249097698,0.2999842681384147,0.08415283115270238,cuda,625cc71596d7d94d,7,12.4,ecac199fa27ea80d,2661d5bdd1cd9c2a
single_hl60_cnn_sequence_ctcf_rrbs_kernel_3,cnn,single,hl60,42,3,sequence_ctcf_rrbs,1453,311,312,,0,0,1d2400890d904ce0,0.06507924200440063,0.2753155868740487,0.08628280332479148,cuda,625cc71596d7d94d,7,12.4,ecac199fa27ea80d,2661d5bdd1cd9c2a
single_hl60_cnn_sequence_ctcf_rrbs_kernel_5,cnn,single,hl60,42,5,sequence_ctcf_rrbs,1453,311,312,,0,0,1d2400890d904ce0,-0.003714686464048267,0.24331543422138321,0.087778412265321,cuda,625cc71596d7d94d,7,12.4,ecac199fa27ea80d,2661d5bdd1cd9c2a
single_hl60_cnn_sequence_ctcf_rrbs_kernel_7,cnn,single,hl60,42,7,sequence_ctcf_rrbs,1453,311,312,,0,0,1d2400890d904ce0,0.04715059500471375,0.3105971848684985,0.08502962075484295,cuda,625cc71596d7d94d,7,12.4,ecac199fa27ea80d,2661d5bdd1cd9c2a
single_hl60_cnn_sequence_dnase_h3k4me3_kernel_3,cnn,single,hl60,42,3,sequence_dnase_h3k4me3,1453,311,312,,0,0,1d2400890d904ce0,0.08718274511341384,0.2977381577424575,0.08249223347490606,cuda,625cc71596d7d94d,7,12.4,ecac199fa27ea80d,2661d5bdd1cd9c2a
single_hl60_cnn_sequence_dnase_h3k4me3_kernel_5,cnn,single,hl60,42,5,sequence_dnase_h3k4me3,1453,311,312,,0,0,1d2400890d904ce0,0.01595263879354991,0.27818119929878143,0.08731305449365233,cuda,625cc71596d7d94d,7,12.4,ecac199fa27ea80d,2661d5bdd1cd9c2a
single_hl60_cnn_sequence_dnase_h3k4me3_kernel_7,cnn,single,hl60,42,7,sequence_dnase_h3k4me3,1453,311,312,,0,0,1d2400890d904ce0,0.07842820285143626,0.34457153590715056,0.08375346212265775,cuda,625cc71596d7d94d,7,12.4,ecac199fa27ea80d,2661d5bdd1cd9c2a
single_hl60_cnn_sequence_dnase_h3k4me3_rrbs_kernel_3,cnn,single,hl60,42,3,sequence_dnase_h3k4me3_rrbs,1453,311,312,,0,0,1d2400890d904ce0,0.03011477988962019,0.2788068863067731,0.08619001809244928,cuda,625cc71596d7d94d,7,12.4,ecac199fa27ea80d,2661d5bdd1cd9c2a
single_hl60_cnn_sequence_dnase_h3k4me3_rrbs_kernel_5,cnn,single,hl60,42,5,sequence_dnase_h3k4me3_rrbs,1453,311,312,,0,0,1d2400890d904ce0,0.07438818886834964,0.2876361994695455,0.08341332733368453,cuda,625cc71596d7d94d,7,12.4,ecac199fa27ea80d,2661d5bdd1cd9c2a
single_hl60_cnn_sequence_dnase_h3k4me3_rrbs_kernel_7,cnn,single,hl60,42,7,sequence_dnase_h3k4me3_rrbs,1453,311,312,,0,0,1d2400890d904ce0,0.09285173443285655,0.33502798355945684,0.08242107369602682,cuda,625cc71596d7d94d,7,12.4,ecac199fa27ea80d,2661d5bdd1cd9c2a
single_hl60_cnn_sequence_dnase_kernel_3,cnn,single,hl60,42,3,sequence_dnase,1453,311,312,,0,0,1d2400890d904ce0,0.07819125209510158,0.281592192879506,0.08466349695570385,cuda,625cc71596d7d94d,7,12.4,ecac199fa27ea80d,2661d5bdd1cd9c2a
single_hl60_cnn_sequence_dnase_kernel_5,cnn,single,hl60,42,5,sequence_dnase,1453,311,312,,0,0,1d2400890d904ce0,0.05298722644159781,0.2622000115794501,0.08440243587112771,cuda,625cc71596d7d94d,7,12.4,ecac199fa27ea80d,2661d5bdd1cd9c2a
single_hl60_cnn_sequence_dnase_kernel_7,cnn,single,hl60,42,7,sequence_dnase,1453,311,312,,0,0,1d2400890d904ce0,0.05888179144956851,0.27790541671169033,0.08407977598910339,cuda,625cc71596d7d94d,7,12.4,ecac199fa27ea80d,2661d5bdd1cd9c2a
single_hl60_cnn_sequence_dnase_rrbs_kernel_3,cnn,single,hl60,42,3,sequence_dnase_rrbs,1453,311,312,,0,0,1d2400890d904ce0,0.07221707747144723,0.27205845668410855,0.08360730284132445,cuda,625cc71596d7d94d,7,12.4,ecac199fa27ea80d,2661d5bdd1cd9c2a
single_hl60_cnn_sequence_dnase_rrbs_kernel_5,cnn,single,hl60,42,5,sequence_dnase_rrbs,1453,311,312,,0,0,1d2400890d904ce0,0.054189928525125386,0.24684977147335274,0.08453806428214869,cuda,625cc71596d7d94d,7,12.4,ecac199fa27ea80d,2661d5bdd1cd9c2a
single_hl60_cnn_sequence_dnase_rrbs_kernel_7,cnn,single,hl60,42,7,sequence_dnase_rrbs,1453,311,312,,0,0,1d2400890d904ce0,0.03069838613048337,0.3022897920434213,0.08520179213836598,cuda,625cc71596d7d94d,7,12.4,ecac199fa27ea80d,2661d5bdd1cd9c2a
single_hl60_cnn_sequence_h3k4me3_kernel_3,cnn,single,hl60,42,3,sequence_h3k4me3,1453,311,312,,0,0,1d2400890d904ce0,0.10293927459993857,0.3341932818506774,0.08465061437649031,cuda,625cc71596d7d94d,7,12.4,ecac199fa27ea80d,2661d5bdd1cd9c2a
single_hl60_cnn_sequence_h3k4me3_kernel_5,cnn,single,hl60,42,5,sequence_h3k4me3,1453,311,312,,0,0,1d2400890d904ce0,0.027759278988891523,0.2753822848371889,0.08753435168630229,cuda,625cc71596d7d94d,7,12.4,ecac199fa27ea80d,2661d5bdd1cd9c2a
single_hl60_cnn_sequence_h3k4me3_kernel_7,cnn,single,hl60,42,7,sequence_h3k4me3,1453,311,312,,0,0,1d2400890d904ce0,0.06497569040275997,0.33917919632630894,0.08131583157377556,cuda,625cc71596d7d94d,7,12.4,ecac199fa27ea80d,2661d5bdd1cd9c2a
single_hl60_cnn_sequence_h3k4me3_rrbs_kernel_3,cnn,single,hl60,42,3,sequence_h3k4me3_rrbs,1453,311,312,,0,0,1d2400890d904ce0,0.06863829799794052,0.29229817106762734,0.08402724087071152,cuda,625cc71596d7d94d,7,12.4,ecac199fa27ea80d,2661d5bdd1cd9c2a
single_hl60_cnn_sequence_h3k4me3_rrbs_kernel_5,cnn,single,hl60,42,5,sequence_h3k4me3_rrbs,1453,311,312,,0,0,1d2400890d904ce0,0.03529357286386914,0.3103389055029289,0.08655491641436058,cuda,625cc71596d7d94d,7,12.4,ecac199fa27ea80d,2661d5bdd1cd9c2a
single_hl60_cnn_sequence_h3k4me3_rrbs_kernel_7,cnn,single,hl60,42,7,sequence_h3k4me3_rrbs,1453,311,312,,0,0,1d2400890d904ce0,0.0728613054571543,0.33482880665793885,0.08357104478189005,cuda,625cc71596d7d94d,7,12.4,ecac199fa27ea80d,2661d5bdd1cd9c2a
single_hl60_cnn_sequence_kernel_3,cnn,single,hl60,42,3,sequence,1453,311,312,,0,0,1d2400890d904ce0,0.07379116633200988,0.29347321011459493,0.08607989096512589,cuda,625cc71596d7d94d,7,12.4,ecac199fa27ea80d,2661d5bdd1cd9c2a
single_hl60_cnn_sequence_kernel_5,cnn,single,hl60,42,5,sequence,1453,311,312,,0,0,1d2400890d904ce0,0.026499744558865168,0.29072525365759355,0.08494148917424564,cuda,625cc71596d7d94d,7,12.4,ecac199fa27ea80d,2661d5bdd1cd9c2a
single_hl60_cnn_sequence_kernel_7,cnn,single,hl60,42,7,sequence,1453,311,312,,0,0,1d2400890d904ce0,0.09861340495133897,0.32444569564918674,0.08189726986874564,cuda,625cc71596d7d94d,7,12.4,ecac199fa27ea80d,2661d5bdd1cd9c2a
single_hl60_cnn_sequence_rrbs_kernel_3,cnn,single,hl60,42,3,sequence_rrbs,1453,311,312,,0,0,1d2400890d904ce0,0.06281165856954085,0.2751244839294944,0.0863239256103929,cuda,625cc71596d7d94d,7,12.4,ecac199fa27ea80d,2661d5bdd1cd9c2a
single_hl60_cnn_sequence_rrbs_kernel_5,cnn,single,hl60,42,5,sequence_rrbs,1453,311,312,,0,0,1d2400890d904ce0,-0.023769936538630576,0.21588578541541031,0.08990760525473608,cuda,625cc71596d7d94d,7,12.4,ecac199fa27ea80d,2661d5bdd1cd9c2a
single_hl60_cnn_sequence_rrbs_kernel_7,cnn,single,hl60,42,7,sequence_rrbs,1453,311,312,,0,0,1d2400890d904ce0,0.05888790497897167,0.26849931254221093,0.08325201037148826,cuda,625cc71596d7d94d,7,12.4,ecac199fa27ea80d,2661d5bdd1cd9c2a
single_hl60_linear_all,linear,single,hl60,42,,all,1453,311,312,,0,0,1d2400890d904ce0,-4692.814674922972,-0.02640158873626469,0.5140511199700623,,625cc71596d7d94d,7,,ecac199fa27ea80d,2661d5bdd1cd9c2a
single_hl60_linear_sequence,linear,single,hl60,42,,sequence,1453,311,312,,0,0,1d2400890d904ce0,0.14948393332256238,0.39463472291282553,0.07892819656990469,,625cc71596d7d94d,7,,ecac199fa27ea80d,2661d5bdd1cd9c2a
single_hl60_linear_sequence_ctcf,linear,single,hl60,42,,sequence_ctcf,1453,311,312,,0,0,1d2400890d904ce0,0.13131816633824211,0.3768620240248581,0.07994609107024586,,625cc71596d7d94d,7,,ecac199fa27ea80d,2661d5bdd1cd9c2a
single_hl60_linear_sequence_ctcf_dnase,linear,single,hl60,42,,sequence_ctcf_dnase,1453,311,312,,0,0,1d2400890d904ce0,0.13289153295207246,0.3782587839103217,0.07994902707660237,,625cc71596d7d94d,7,,ecac199fa27ea80d,2661d5bdd1cd9c2a
single_hl60_linear_sequence_ctcf_dnase_h3k4me3,linear,single,hl60,42,,sequence_ctcf_dnase_h3k4me3,1453,311,312,,0,0,1d2400890d904ce0,-2883628375711838.5,-0.02903639296082128,339491.3654421364,,625cc71596d7d94d,7,,ecac199fa27ea80d,2661d5bdd1cd9c2a
single_hl60_linear_sequence_ctcf_dnase_rrbs,linear,single,hl60,42,,sequence_ctcf_dnase_rrbs,1453,311,312,,0,0,1d2400890d904ce0,0.12192564591579758,0.36887451480636335,0.08086721609251048,,625cc71596d7d94d,7,,ecac199fa27ea80d,2661d5bdd1cd9c2a
single_hl60_linear_sequence_ctcf_h3k4me3,linear,single,hl60,42,,sequence_ctcf_h3k4me3,1453,311,312,,0,0,1d2400890d904ce0,0.12309284716069357,0.3721372254810773,0.08020437480464825,,625cc71596d7d94d,7,,ecac199fa27ea80d,2661d5bdd1cd9c2a
single_hl60_linear_sequence_ctcf_h3k4me3_rrbs,linear,single,hl60,42,,sequence_ctcf_h3k4me3_rrbs,1453,311,312,,0,0,1d2400890d904ce0,-1938093581107672.8,-0.029036392205383902,278321.32481190556,,625cc71596d7d94d,7,,ecac199fa27ea80d,2661d5bdd1cd9c2a
single_hl60_linear_sequence_ctcf_rrbs,linear,single,hl60,42,,sequence_ctcf_rrbs,1453,311,312,,0,0,1d2400890d904ce0,0.11939390666073402,0.3676168416154014,0.0808355443430348,,625cc71596d7d94d,7,,ecac199fa27ea80d,2661d5bdd1cd9c2a
single_hl60_linear_sequence_dnase,linear,single,hl60,42,,sequence_dnase,1453,311,312,,0,0,1d2400890d904ce0,0.15178077063262074,0.39612192011798975,0.07893493418725064,,625cc71596d7d94d,7,,ecac199fa27ea80d,2661d5bdd1cd9c2a
single_hl60_linear_sequence_dnase_h3k4me3,linear,single,hl60,42,,sequence_dnase_h3k4me3,1453,311,312,,0,0,1d2400890d904ce0,-10673899261186.285,0.029036452433407862,20654.85737410322,,625cc71596d7d94d,7,,ecac199fa27ea80d,2661d5bdd1cd9c2a
single_hl60_linear_sequence_dnase_h3k4me3_rrbs,linear,single,hl60,42,,sequence_dnase_h3k4me3_rrbs,1453,311,312,,0,0,1d2400890d904ce0,-1127111165178793.2,-0.029036390858563892,212247.47108133615,,625cc71596d7d94d,7,,ecac199fa27ea80d,2661d5bdd1cd9c2a
single_hl60_linear_sequence_dnase_rrbs,linear,single,hl60,42,,sequence_dnase_rrbs,1453,311,312,,0,0,1d2400890d904ce0,0.14409740931732895,0.3889727477266776,0.07958520968587926,,625cc71596d7d94d,7,,ecac199fa27ea80d,2661d5bdd1cd9c2a
single_hl60_linear_sequence_h3k4me3,linear,single,hl60,42,,sequence_h3k4me3,1453,311,312,,0,0,1d2400890d904ce0,-9.367863594823454e+16,-0.029036395710779546,1934992.482401274,,625cc71596d7d94d,7,,ecac199fa27ea80d,2661d5bdd1cd9c2a
single_hl60_linear_sequence_h3k4me3_rrbs,linear,single,hl60,42,,sequence_h3k4me3_rrbs,1453,311,312,,0,0,1d2400890d904ce0,0.14008625079749848,0.38736805847382355,0.0797836758300074,,625cc71596d7d94d,7,,ecac199fa27ea80d,2661d5bdd1cd9c2a
single_hl60_linear_sequence_rrbs,linear,single,hl60,42,,sequence_rrbs,1453,311,312,,0,0,1d2400890d904ce0,0.1436138495658894,0.38763466887548903,0.07961740593712491,,625cc71596d7d94d,7,,ecac199fa27ea80d,2661d5bdd1cd9c2a
single_hl60_mlp_all,mlp,single,hl60,42,,all,1453,311,312,,0,0,1d2400890d904ce0,0.10292486360750941,0.35876950378361555,0.08198241837537633,cuda,625cc71596d7d94d,7,12.4,ecac199fa27ea80d,2661d5bdd1cd9c2a
single_hl60_mlp_sequence,mlp,single,hl60,42,,sequence,1453,311,312,,0,0,1d2400890d904ce0,0.1560170469981641,0.39640781192305347,0.07889560070963433,cuda,625cc71596d7d94d,7,12.4,ecac199fa27ea80d,2661d5bdd1cd9c2a
single_hl60_mlp_sequence_ctcf,mlp,single,hl60,42,,sequence_ctcf,1453,311,312,,0,0,1d2400890d904ce0,0.15403116295308616,0.39438371427572233,0.07884549875504887,cuda,625cc71596d7d94d,7,12.4,ecac199fa27ea80d,2661d5bdd1cd9c2a
single_hl60_mlp_sequence_ctcf_dnase,mlp,single,hl60,42,,sequence_ctcf_dnase,1453,311,312,,0,0,1d2400890d904ce0,0.045394827686852324,0.3178469260463448,0.08426385559738638,cuda,625cc71596d7d94d,7,12.4,ecac199fa27ea80d,2661d5bdd1cd9c2a
single_hl60_mlp_sequence_ctcf_dnase_h3k4me3,mlp,single,hl60,42,,sequence_ctcf_dnase_h3k4me3,1453,311,312,,0,0,1d2400890d904ce0,0.1325829061908832,0.36923140190642506,0.07910718774208082,cuda,625cc71596d7d94d,7,12.4,ecac199fa27ea80d,2661d5bdd1cd9c2a
single_hl60_mlp_sequence_ctcf_dnase_rrbs,mlp,single,hl60,42,,sequence_ctcf_dnase_rrbs,1453,311,312,,0,0,1d2400890d904ce0,0.1323066711343588,0.3649680555475823,0.0804855695579392,cuda,625cc71596d7d94d,7,12.4,ecac199fa27ea80d,2661d5bdd1cd9c2a
single_hl60_mlp_sequence_ctcf_h3k4me3,mlp,single,hl60,42,,sequence_ctcf_h3k4me3,1453,311,312,,0,0,1d2400890d904ce0,0.1255734833203921,0.363818620947924,0.07992002538118798,cuda,625cc71596d7d94d,7,12.4,ecac199fa27ea80d,2661d5bdd1cd9c2a
single_hl60_mlp_sequence_ctcf_h3k4me3_rrbs,mlp,single,hl60,42,,sequence_ctcf_h3k4me3_rrbs,1453,311,312,,0,0,1d2400890d904ce0,0.1189348891884835,0.36172693770174225,0.08024397036896493,cuda,625cc71596d7d94d,7,12.4,ecac199fa27ea80d,2661d5bdd1cd9c2a
single_hl60_mlp_sequence_ctcf_rrbs,mlp,single,hl60,42,,sequence_ctcf_rrbs,1453,311,312,,0,0,1d2400890d904ce0,0.1630338295065843,0.4047894700134197,0.07868333875488204,cuda,625cc71596d7d94d,7,12.4,ecac199fa27ea80d,2661d5bdd1cd9c2a
single_hl60_mlp_sequence_dnase,mlp,single,hl60,42,,sequence_dnase,1453,311,312,,0,0,1d2400890d904ce0,0.15442555185903128,0.39331294508253706,0.0783720273966304,cuda,625cc71596d7d94d,7,12.4,ecac199fa27ea80d,2661d5bdd1cd9c2a
single_hl60_mlp_sequence_dnase_h3k4me3,mlp,single,hl60,42,,sequence_dnase_h3k4me3,1453,311,312,,0,0,1d2400890d904ce0,0.1496763188440542,0.3874673731168135,0.07909214139008561,cuda,625cc71596d7d94d,7,12.4,ecac199fa27ea80d,2661d5bdd1cd9c2a
single_hl60_mlp_sequence_dnase_h3k4me3_rrbs,mlp,single,hl60,42,,sequence_dnase_h3k4me3_rrbs,1453,311,312,,0,0,1d2400890d904ce0,0.14723805381966848,0.38638552230197304,0.07837808409777398,cuda,625cc71596d7d94d,7,12.4,ecac199fa27ea80d,2661d5bdd1cd9c2a
single_hl60_mlp_sequence_dnase_rrbs,mlp,single,hl60,42,,sequence_dnase_rrbs,1453,311,312,,0,0,1d2400890d904ce0,0.1560645111705412,0.39506651210551785,0.07874624512922497,cuda,625cc71596d7d94d,7,12.4,ecac199fa27ea80d,2661d5bdd1cd9c2a
single_hl60_mlp_sequence_h3k4me3,mlp,single,hl60,42,,sequence_h3k4me3,1453,311,312,,0,0,1d2400890d904ce0,0.16235092377195515,0.40296019673908096,0.07855971664405213,cuda,625cc71596d7d94d,7,12.4,ecac199fa27ea80d,2661d5bdd1cd9c2a
single_hl60_mlp_sequence_h3k4me3_rrbs,mlp,single,hl60,42,,sequence_h3k4me3_rrbs,1453,311,312,,0,0,1d2400890d904ce0,0.16432943562170998,0.40543070240337886,0.07799454564109254,cuda,625cc71596d7d94d,7,12.4,ecac199fa27ea80d,2661d5bdd1cd9c2a
single_hl60_mlp_sequence_rrbs,mlp,single,hl60,42,,sequence_rrbs,1453,311,312,,0,0,1d2400890d904ce0,0.1641901575134629,0.40649237341320144,0.07832743583891827,cuda,625cc71596d7d94d,7,12.4,ecac199fa27ea80d,2661d5bdd1cd9c2a
single_hl60_transformer_all,transformer,single,hl60,42,,all,1453,311,312,,0,0,1d2400890d904ce0,0.12417317564002184,0.38187834723386277,0.0812653061778595,cuda,625cc71596d7d94d,7,12.4,ecac199fa27ea80d,2661d5bdd1cd9c2a
single_hl60_transformer_sequence,transformer,single,hl60,42,,sequence,1453,311,312,,0,0,1d2400890d904ce0,0.14280127313209923,0.3823771648893028,0.07902164738744688,cuda,625cc71596d7d94d,7,12.4,ecac199fa27ea80d,2661d5bdd1cd9c2a
single_hl60_transformer_sequence_ctcf,transformer,single,hl60,42,,sequence_ctcf,1453,311,312,,0,0,1d2400890d904ce0,0.08851922265236278,0.3591207883221317,0.08209355668021509,cuda,625cc71596d7d94d,7,12.4,ecac199fa27ea80d,2661d5bdd1cd9c2a
single_hl60_transformer_sequence_ctcf_dnase,transformer,single,hl60,42,,sequence_ctcf_dnase,1453,311,312,,0,0,1d2400890d904ce0,0.13917018229103706,0.3926869488214576,0.07801126173506372,cuda,625cc71596d7d94d,7,12.4,ecac199fa27ea80d,2661d5bdd1cd9c2a
single_hl60_transformer_sequence_ctcf_dnase_h3k4me3,transformer,single,hl60,42,,sequence_ctcf_dnase_h3k4me3,1453,311,312,,0,0,1d2400890d904ce0,0.14000722434205626,0.39735601987735286,0.08004171681256057,cuda,625cc71596d7d94d,7,12.4,ecac199fa27ea80d,2661d5bdd1cd9c2a
single_hl60_transformer_sequence_ctcf_dnase_rrbs,transformer,single,hl60,42,,sequence_ctcf_dnase_rrbs,1453,311,312,,0,0,1d2400890d904ce0,0.1385500439508247,0.38432136632639474,0.07956544597012301,cuda,625cc71596d7d94d,7,12.4,ecac199fa27ea80d,2661d5bdd1cd9c2a
single_hl60_transformer_sequence_ctcf_h3k4me3,transformer,single,hl60,42,,sequence_ctcf_h3k4me3,1453,311,312,,0,0,1d2400890d904ce0,0.10868486796986476,0.3718020485085959,0.08078818768859865,cuda,625cc71596d7d94d,7,12.4,ecac199fa27ea80d,2661d5bdd1cd9c2a
single_hl60_transformer_sequence_ctcf_h3k4me3_rrbs,transformer,single,hl60,42,,sequence_ctcf_h3k4me3_rrbs,1453,311,312,,0,0,1d2400890d904ce0,0.12309068066201356,0.3764860186814737,0.080640938735973,cuda,625cc71596d7d94d,7,12.4,ecac199fa27ea80d,2661d5bdd1cd9c2a
single_hl60_transformer_sequence_ctcf_rrbs,transformer,single,hl60,42,,sequence_ctcf_rrbs,1453,311,312,,0,0,1d2400890d904ce0,0.10902960942280093,0.3610321728035548,0.08179243776398018,cuda,625cc71596d7d94d,7,12.4,ecac199fa27ea80d,2661d5bdd1cd9c2a
single_hl60_transformer_sequence_dnase,transformer,single,hl60,42,,sequence_dnase,1453,311,312,,0,0,1d2400890d904ce0,0.15080907827051826,0.39773496295443295,0.0784178828784766,cuda,625cc71596d7d94d,7,12.4,ecac199fa27ea80d,2661d5bdd1cd9c2a
single_hl60_transformer_sequence_dnase_h3k4me3,transformer,single,hl60,42,,sequence_dnase_h3k4me3,1453,311,312,,0,0,1d2400890d904ce0,0.15853957075403158,0.41302153924796664,0.07875997869847104,cuda,625cc71596d7d94d,7,12.4,ecac199fa27ea80d,2661d5bdd1cd9c2a
single_hl60_transformer_sequence_dnase_h3k4me3_rrbs,transformer,single,hl60,42,,sequence_dnase_h3k4me3_rrbs,1453,311,312,,0,0,1d2400890d904ce0,0.15712752463172308,0.4043975770204562,0.07925086330550794,cuda,625cc71596d7d94d,7,12.4,ecac199fa27ea80d,2661d5bdd1cd9c2a
single_hl60_transformer_sequence_dnase_rrbs,transformer,single,hl60,42,,sequence_dnase_rrbs,1453,311,312,,0,0,1d2400890d904ce0,0.15277386926659597,0.4005947797201165,0.0783345597402121,cuda,625cc71596d7d94d,7,12.4,ecac199fa27ea80d,2661d5bdd1cd9c2a
single_hl60_transformer_sequence_h3k4me3,transformer,single,hl60,42,,sequence_h3k4me3,1453,311,312,,0,0,1d2400890d904ce0,0.1438999019487821,0.4010307425974111,0.07806810357560141,cuda,625cc71596d7d94d,7,12.4,ecac199fa27ea80d,2661d5bdd1cd9c2a
single_hl60_transformer_sequence_h3k4me3_rrbs,transformer,single,hl60,42,,sequence_h3k4me3_rrbs,1453,311,312,,0,0,1d2400890d904ce0,0.13180886975853268,0.3850880060538197,0.08004569463455716,cuda,625cc71596d7d94d,7,12.4,ecac199fa27ea80d,2661d5bdd1cd9c2a
single_hl60_transformer_sequence_rrbs,transformer,single,hl60,42,,sequence_rrbs,1453,311,312,,0,0,1d2400890d904ce0,0.13760689352868172,0.39874067045039946,0.07959379003239939,cuda,625cc71596d7d94d,7,12.4,ecac199fa27ea80d,2661d5bdd1cd9c2a
single_hl60_xgboost_all,xgboost,single,hl60,42,,all,1453,311,312,,0,0,1d2400890d904ce0,0.13337811788164877,0.3722781826104112,0.07995142040845866,,625cc71596d7d94d,7,,ecac199fa27ea80d,2661d5bdd1cd9c2a
single_hl60_xgboost_sequence,xgboost,single,hl60,42,,sequence,1453,311,312,,0,0,1d2400890d904ce0,0.15466375242564723,0.39529414555631853,0.077680611033709,,625cc71596d7d94d,7,,ecac199fa27ea80d,2661d5bdd1cd9c2a
single_hl60_xgboost_sequence_ctcf,xgboost,single,hl60,42,,sequence_ctcf,1453,311,312,,0,0,1d2400890d904ce0,0.13946241641557489,0.37552052089735877,0.07859235787644792,,625cc71596d7d94d,7,,ecac199fa27ea80d,2661d5bdd1cd9c2a
single_hl60_xgboost_sequence_ctcf_dnase,xgboost,single,hl60,42,,sequence_ctcf_dnase,1453,311,312,,0,0,1d2400890d904ce0,0.14603748530372196,0.3837237900684763,0.07878414663868263,,625cc71596d7d94d,7,,ecac199fa27ea80d,2661d5bdd1cd9c2a
single_hl60_xgboost_sequence_ctcf_dnase_h3k4me3,xgboost,single,hl60,42,,sequence_ctcf_dnase_h3k4me3,1453,311,312,,0,0,1d2400890d904ce0,0.15178797652505294,0.39026712690263604,0.07871201300683121,,625cc71596d7d94d,7,,ecac199fa27ea80d,2661d5bdd1cd9c2a
single_hl60_xgboost_sequence_ctcf_dnase_rrbs,xgboost,single,hl60,42,,sequence_ctcf_dnase_rrbs,1453,311,312,,0,0,1d2400890d904ce0,0.14193136115173477,0.377639018098302,0.07932938932059094,,625cc71596d7d94d,7,,ecac199fa27ea80d,2661d5bdd1cd9c2a
single_hl60_xgboost_sequence_ctcf_h3k4me3,xgboost,single,hl60,42,,sequence_ctcf_h3k4me3,1453,311,312,,0,0,1d2400890d904ce0,0.15602050682045987,0.39562583347065333,0.07823022813775027,,625cc71596d7d94d,7,,ecac199fa27ea80d,2661d5bdd1cd9c2a
single_hl60_xgboost_sequence_ctcf_h3k4me3_rrbs,xgboost,single,hl60,42,,sequence_ctcf_h3k4me3_rrbs,1453,311,312,,0,0,1d2400890d904ce0,0.1587241215290388,0.39939024010015345,0.07767940263072841,,625cc71596d7d94d,7,,ecac199fa27ea80d,2661d5bdd1cd9c2a
single_hl60_xgboost_sequence_ctcf_rrbs,xgboost,single,hl60,42,,sequence_ctcf_rrbs,1453,311,312,,0,0,1d2400890d904ce0,0.1525049186092674,0.39231776900629634,0.07866349212753658,,625cc71596d7d94d,7,,ecac199fa27ea80d,2661d5bdd1cd9c2a
single_hl60_xgboost_sequence_dnase,xgboost,single,hl60,42,,sequence_dnase,1453,311,312,,0,0,1d2400890d904ce0,0.139404239350024,0.375171960806254,0.07821433970298713,,625cc71596d7d94d,7,,ecac199fa27ea80d,2661d5bdd1cd9c2a
single_hl60_xgboost_sequence_dnase_h3k4me3,xgboost,single,hl60,42,,sequence_dnase_h3k4me3,1453,311,312,,0,0,1d2400890d904ce0,0.15417161824042358,0.3943579476812419,0.0780048303795644,,625cc71596d7d94d,7,,ecac199fa27ea80d,2661d5bdd1cd9c2a
single_hl60_xgboost_sequence_dnase_h3k4me3_rrbs,xgboost,single,hl60,42,,sequence_dnase_h3k4me3_rrbs,1453,311,312,,0,0,1d2400890d904ce0,0.16061843076571192,0.40265070449839874,0.07759311432854678,,625cc71596d7d94d,7,,ecac199fa27ea80d,2661d5bdd1cd9c2a
single_hl60_xgboost_sequence_dnase_rrbs,xgboost,single,hl60,42,,sequence_dnase_rrbs,1453,311,312,,0,0,1d2400890d904ce0,0.1468759458822836,0.3841084371508792,0.07827990645996462,,625cc71596d7d94d,7,,ecac199fa27ea80d,2661d5bdd1cd9c2a
single_hl60_xgboost_sequence_h3k4me3,xgboost,single,hl60,42,,sequence_h3k4me3,1453,311,312,,0,0,1d2400890d904ce0,0.15830493330006656,0.39968484500009643,0.07760409311725734,,625cc71596d7d94d,7,,ecac199fa27ea80d,2661d5bdd1cd9c2a
single_hl60_xgboost_sequence_h3k4me3_rrbs,xgboost,single,hl60,42,,sequence_h3k4me3_rrbs,1453,311,312,,0,0,1d2400890d904ce0,0.14643714340311798,0.38373084516240175,0.0782773716864773,,625cc71596d7d94d,7,,ecac199fa27ea80d,2661d5bdd1cd9c2a
single_hl60_xgboost_sequence_rrbs,xgboost,single,hl60,42,,sequence_rrbs,1453,311,312,,0,0,1d2400890d904ce0,0.13949282180811495,0.3749609452316956,0.07830914595307639,,625cc71596d7d94d,7,,ecac199fa27ea80d,2661d5bdd1cd9c2a
