experiment,split_type,cell_line,environment,random_seed,kernel,position,channel,cnn_ism,ism_snr,cnn_ig,n_channels_in_file,is_position18,position_raw
all_cnn_all_heldout_hct116_kernel_3,all,hct116,all,42,3,17,A,0.0155680971220135,1.0349791049957275,0.0058298003859817,8,True,17
all_cnn_all_heldout_hct116_kernel_3,all,hct116,all,42,3,17,G,0.0113043142482638,0.8306464552879333,0.0009763707057572,8,True,17
all_cnn_all_heldout_hct116_kernel_3,all,hct116,all,42,3,17,C,0.0108667751774191,0.8328731656074524,0.0057942443527281,8,True,17
all_cnn_all_heldout_hct116_kernel_3,all,hct116,all,42,3,17,T,0.0099938670173287,0.8797532320022583,0.0,8,True,17
all_cnn_all_heldout_hct116_kernel_5,all,hct116,all,42,5,17,C,0.0198466312140226,1.2480121850967407,0.0013685731682926,8,True,17
all_cnn_all_heldout_hct116_kernel_5,all,hct116,all,42,5,17,A,0.0154829751700162,1.1540244817733765,0.0037845482584089,8,True,17
all_cnn_all_heldout_hct116_kernel_5,all,hct116,all,42,5,17,T,0.0110253412276506,0.965764582157135,0.0,8,True,17
all_cnn_all_heldout_hct116_kernel_5,all,hct116,all,42,5,17,G,0.0073252520523965,0.8950174450874329,0.0007881679339334,8,True,17
all_cnn_all_heldout_hct116_kernel_7,all,hct116,all,42,7,17,C,0.0294142160564661,1.7918634414672852,0.0028049333486706,8,True,17
all_cnn_all_heldout_hct116_kernel_7,all,hct116,all,42,7,17,A,0.0266247875988483,1.8451954126358032,0.0086326701566576,8,True,17
all_cnn_all_heldout_hct116_kernel_7,all,hct116,all,42,7,17,T,0.0160689353942871,1.256830096244812,0.0,8,True,17
all_cnn_all_heldout_hct116_kernel_7,all,hct116,all,42,7,17,G,0.0103757483884692,1.0945814847946167,0.0016300517600029,8,True,17
all_cnn_all_heldout_hek293t_kernel_3,all,hek293t,all,42,3,17,A,0.0140080293640494,1.1965394020080566,0.0064622014760971,8,True,17
all_cnn_all_heldout_hek293t_kernel_3,all,hek293t,all,42,3,17,T,0.0138749219477176,1.2494070529937744,0.0055295987986028,8,True,17
all_cnn_all_heldout_hek293t_kernel_3,all,hek293t,all,42,3,17,C,0.010125970467925,1.0766535997390747,0.0076152253895998,8,True,17
all_cnn_all_heldout_hek293t_kernel_3,all,hek293t,all,42,3,17,G,0.0094172991812229,1.132401943206787,0.0013959727948531,8,True,17
all_cnn_all_heldout_hek293t_kernel_5,all,hek293t,all,42,5,17,A,0.0322319902479648,1.3386249542236328,0.0168259069323539,8,True,17
all_cnn_all_heldout_hek293t_kernel_5,all,hek293t,all,42,5,17,C,0.0266063790768384,1.2041704654693604,0.0041866693645715,8,True,17
all_cnn_all_heldout_hek293t_kernel_5,all,hek293t,all,42,5,17,T,0.0234816633164882,1.1520711183547974,0.0118457991629838,8,True,17
all_cnn_all_heldout_hek293t_kernel_5,all,hek293t,all,42,5,17,G,0.0162381045520305,1.0141531229019165,0.0032502168323844,8,True,17
all_cnn_all_heldout_hek293t_kernel_7,all,hek293t,all,42,7,17,C,0.0438891351222991,1.7443513870239258,0.0080068400129675,8,True,17
all_cnn_all_heldout_hek293t_kernel_7,all,hek293t,all,42,7,17,A,0.0222179107367992,1.3012698888778689,0.0046576047316193,8,True,17
all_cnn_all_heldout_hek293t_kernel_7,all,hek293t,all,42,7,17,T,0.0166423097252845,1.1771423816680908,0.0030958962161093,8,True,17
all_cnn_all_heldout_hek293t_kernel_7,all,hek293t,all,42,7,17,G,0.0128805311396718,1.0170177221298218,0.003193293698132,8,True,17
all_cnn_all_heldout_hela_kernel_3,all,hela,all,42,3,17,A,0.0063756564632058,1.4248822927474976,0.0043221884407103,8,True,17
all_cnn_all_heldout_hela_kernel_3,all,hela,all,42,3,17,T,0.0056396457366645,1.3973169326782229,0.0,8,True,17
all_cnn_all_heldout_hela_kernel_3,all,hela,all,42,3,17,C,0.0050340248271822,1.3205183744430542,0.0024914871901273,8,True,17
all_cnn_all_heldout_hela_kernel_3,all,hela,all,42,3,17,G,0.0049493163824081,1.2886581420898438,0.0009599529439583,8,True,17
all_cnn_all_heldout_hela_kernel_5,all,hela,all,42,5,17,C,0.0084674013778567,1.1166235208511353,0.0008734459988772,8,True,17
all_cnn_all_heldout_hela_kernel_5,all,hela,all,42,5,17,A,0.007267277687788,1.0405611991882324,0.0012457072734832,8,True,17
all_cnn_all_heldout_hela_kernel_5,all,hela,all,42,5,17,T,0.005860355682671,1.0175926685333252,0.0,8,True,17
all_cnn_all_heldout_hela_kernel_5,all,hela,all,42,5,17,G,0.0048631522804498,1.0685194730758667,0.001208490692079,8,True,17
all_cnn_all_heldout_hela_kernel_7,all,hela,all,42,7,17,A,0.0076127769425511,1.3451197147369385,0.0020607733167707,8,True,17
all_cnn_all_heldout_hela_kernel_7,all,hela,all,42,7,17,T,0.0052945339120924,1.410502791404724,0.0,8,True,17
all_cnn_all_heldout_hela_kernel_7,all,hela,all,42,7,17,C,0.0050861528143286,1.3281852006912231,0.0011812882730737,8,True,17
all_cnn_all_heldout_hela_kernel_7,all,hela,all,42,7,17,G,0.0047201341949403,1.337321639060974,0.0014139837585389,8,True,17
all_cnn_all_heldout_hl60_kernel_3,all,hl60,all,42,3,17,A,0.0083219483494758,0.9013860821723938,0.0032664793543517,8,True,17
all_cnn_all_heldout_hl60_kernel_3,all,hl60,all,42,3,17,T,0.0082760816439986,0.8869373202323914,0.0029142501298338,8,True,17
all_cnn_all_heldout_hl60_kernel_3,all,hl60,all,42,3,17,G,0.0069115762598812,0.8485634922981262,0.0009780053514987,8,True,17
all_cnn_all_heldout_hl60_kernel_3,all,hl60,all,42,3,17,C,0.0058072162792086,0.8293930888175964,0.0033909818157553,8,True,17
all_cnn_all_heldout_hl60_kernel_5,all,hl60,all,42,5,17,C,0.0143584562465548,1.076208233833313,0.0029835770837962,8,True,17
all_cnn_all_heldout_hl60_kernel_5,all,hl60,all,42,5,17,A,0.009334685280919,0.8500500917434692,0.0052585811354219,8,True,17
all_cnn_all_heldout_hl60_kernel_5,all,hl60,all,42,5,17,T,0.0067789708264172,0.8485172390937805,0.0051834690384566,8,True,17
all_cnn_all_heldout_hl60_kernel_5,all,hl60,all,42,5,17,G,0.0067767691798508,0.9264888763427734,0.0021099287550896,8,True,17
all_cnn_all_heldout_hl60_kernel_7,all,hl60,all,42,7,17,C,0.0212520789355039,1.5262259244918823,0.0025400621816515,8,True,17
all_cnn_all_heldout_hl60_kernel_7,all,hl60,all,42,7,17,A,0.0150327160954475,1.3120005130767822,0.003957771230489,8,True,17
all_cnn_all_heldout_hl60_kernel_7,all,hl60,all,42,7,17,G,0.0084499977529048,1.1325427293777466,0.0021397511009126,8,True,17
all_cnn_all_heldout_hl60_kernel_7,all,hl60,all,42,7,17,T,0.0080284010618925,1.1545354127883911,0.0017100375844165,8,True,17
all_cnn_sequence_ctcf_dnase_h3k4me3_heldout_hct116_kernel_3,all,hct116,sequence_ctcf_dnase_h3k4me3,42,3,17,A,0.0175293534994125,1.0873557329177856,0.0107968095690011,7,True,17
all_cnn_sequence_ctcf_dnase_h3k4me3_heldout_hct116_kernel_3,all,hct116,sequence_ctcf_dnase_h3k4me3,42,3,17,G,0.0103665506467223,0.8211896419525146,0.0033030929043889,7,True,17
all_cnn_sequence_ctcf_dnase_h3k4me3_heldout_hct116_kernel_3,all,hct116,sequence_ctcf_dnase_h3k4me3,42,3,17,C,0.0101836007088422,0.804165244102478,0.0082255443558096,7,True,17
all_cnn_sequence_ctcf_dnase_h3k4me3_heldout_hct116_kernel_3,all,hct116,sequence_ctcf_dnase_h3k4me3,42,3,17,T,0.0097388653084635,0.8559533357620239,0.0,7,True,17
all_cnn_sequence_ctcf_dnase_h3k4me3_heldout_hct116_kernel_5,all,hct116,sequence_ctcf_dnase_h3k4me3,42,5,17,C,0.0236267149448394,1.3904855251312256,0.0045762755908071,7,True,17
all_cnn_sequence_ctcf_dnase_h3k4me3_heldout_hct116_kernel_5,all,hct116,sequence_ctcf_dnase_h3k4me3,42,5,17,A,0.018416404724121,1.2812974452972412,0.0119403824210166,7,True,17
all_cnn_sequence_ctcf_dnase_h3k4me3_heldout_hct116_kernel_5,all,hct116,sequence_ctcf_dnase_h3k4me3,42,5,17,T,0.0105032585561275,1.027320146560669,0.0,7,True,17
all_cnn_sequence_ctcf_dnase_h3k4me3_heldout_hct116_kernel_5,all,hct116,sequence_ctcf_dnase_h3k4me3,42,5,17,G,0.009988710284233,0.9484722018241882,0.0018383283168077,7,True,17
all_cnn_sequence_ctcf_dnase_h3k4me3_heldout_hct116_kernel_7,all,hct116,sequence_ctcf_dnase_h3k4me3,42,7,17,C,0.0378064699470996,2.084620475769043,0.0041583003476262,7,True,17
all_cnn_sequence_ctcf_dnase_h3k4me3_heldout_hct116_kernel_7,all,hct116,sequence_ctcf_dnase_h3k4me3,42,7,17,A,0.0254610124975442,1.5561131238937378,0.0058452365919947,7,True,17
all_cnn_sequence_ctcf_dnase_h3k4me3_heldout_hct116_kernel_7,all,hct116,sequence_ctcf_dnase_h3k4me3,42,7,17,T,0.0184731911867856,1.4153960943222046,0.0,7,True,17
all_cnn_sequence_ctcf_dnase_h3k4me3_heldout_hct116_kernel_7,all,hct116,sequence_ctcf_dnase_h3k4me3,42,7,17,G,0.0182439871132373,1.4703088998794556,0.003390982048586,7,True,17
all_cnn_sequence_ctcf_dnase_h3k4me3_heldout_hek293t_kernel_3,all,hek293t,sequence_ctcf_dnase_h3k4me3,42,3,17,A,0.0157183557748794,1.1367862224578855,0.0062934490852057,7,True,17
all_cnn_sequence_ctcf_dnase_h3k4me3_heldout_hek293t_kernel_3,all,hek293t,sequence_ctcf_dnase_h3k4me3,42,3,17,T,0.0124714337289333,1.1448402404785156,0.0055064703337848,7,True,17
all_cnn_sequence_ctcf_dnase_h3k4me3_heldout_hek293t_kernel_3,all,hek293t,sequence_ctcf_dnase_h3k4me3,42,3,17,C,0.011012814939022,1.0613833665847778,0.0094754165038466,7,True,17
all_cnn_sequence_ctcf_dnase_h3k4me3_heldout_hek293t_kernel_3,all,hek293t,sequence_ctcf_dnase_h3k4me3,42,3,17,G,0.0107937203720211,1.0350327491760254,0.0024725599214434,7,True,17
all_cnn_sequence_ctcf_dnase_h3k4me3_heldout_hek293t_kernel_5,all,hek293t,sequence_ctcf_dnase_h3k4me3,42,5,17,A,0.0311756804585456,1.2210966348648071,0.0272204019129276,7,True,17
all_cnn_sequence_ctcf_dnase_h3k4me3_heldout_hek293t_kernel_5,all,hek293t,sequence_ctcf_dnase_h3k4me3,42,5,17,T,0.0270004738122224,1.1198480129241943,0.021875636652112,7,True,17
all_cnn_sequence_ctcf_dnase_h3k4me3_heldout_hek293t_kernel_5,all,hek293t,sequence_ctcf_dnase_h3k4me3,42,5,17,C,0.0257514808326959,1.063440442085266,0.0108571406453847,7,True,17
all_cnn_sequence_ctcf_dnase_h3k4me3_heldout_hek293t_kernel_5,all,hek293t,sequence_ctcf_dnase_h3k4me3,42,5,17,G,0.017935823649168,0.9980325102806092,0.0063501708209514,7,True,17
all_cnn_sequence_ctcf_dnase_h3k4me3_heldout_hek293t_kernel_7,all,hek293t,sequence_ctcf_dnase_h3k4me3,42,7,17,C,0.0330681726336479,1.5185840129852295,0.0052081048488616,7,True,17
all_cnn_sequence_ctcf_dnase_h3k4me3_heldout_hek293t_kernel_7,all,hek293t,sequence_ctcf_dnase_h3k4me3,42,7,17,A,0.0232856273651123,1.2762049436569214,0.0052949809469282,7,True,17
all_cnn_sequence_ctcf_dnase_h3k4me3_heldout_hek293t_kernel_7,all,hek293t,sequence_ctcf_dnase_h3k4me3,42,7,17,T,0.0171233508735895,1.191718339920044,0.0035030550789088,7,True,17
all_cnn_sequence_ctcf_dnase_h3k4me3_heldout_hek293t_kernel_7,all,hek293t,sequence_ctcf_dnase_h3k4me3,42,7,17,G,0.0151624605059623,1.1487319469451904,0.002122982405126,7,True,17
all_cnn_sequence_ctcf_dnase_h3k4me3_heldout_hela_kernel_3,all,hela,sequence_ctcf_dnase_h3k4me3,42,3,17,T,0.0070099984295666,0.9111127853393556,0.0,7,True,17
all_cnn_sequence_ctcf_dnase_h3k4me3_heldout_hela_kernel_3,all,hela,sequence_ctcf_dnase_h3k4me3,42,3,17,A,0.0061099785380065,0.8858107924461365,0.0019035749137401,7,True,17
all_cnn_sequence_ctcf_dnase_h3k4me3_heldout_hela_kernel_3,all,hela,sequence_ctcf_dnase_h3k4me3,42,3,17,C,0.0051646376959979,0.867682933807373,0.001424535177648,7,True,17
all_cnn_sequence_ctcf_dnase_h3k4me3_heldout_hela_kernel_3,all,hela,sequence_ctcf_dnase_h3k4me3,42,3,17,G,0.0039706854149699,0.8678939938545227,0.0007239605183713,7,True,17
all_cnn_sequence_ctcf_dnase_h3k4me3_heldout_hela_kernel_5,all,hela,sequence_ctcf_dnase_h3k4me3,42,5,17,A,0.0089043537154793,1.2888352870941162,0.0015904532046988,7,True,17
all_cnn_sequence_ctcf_dnase_h3k4me3_heldout_hela_kernel_5,all,hela,sequence_ctcf_dnase_h3k4me3,42,5,17,C,0.0075737382285296,1.2924253940582275,0.0015914101386442,7,True,17
all_cnn_sequence_ctcf_dnase_h3k4me3_heldout_hela_kernel_5,all,hela,sequence_ctcf_dnase_h3k4me3,42,5,17,T,0.0061377794481813,1.312398076057434,0.0,7,True,17
all_cnn_sequence_ctcf_dnase_h3k4me3_heldout_hela_kernel_5,all,hela,sequence_ctcf_dnase_h3k4me3,42,5,17,G,0.0058416393585503,1.309083342552185,0.0023434800095856,7,True,17
all_cnn_sequence_ctcf_dnase_h3k4me3_heldout_hela_kernel_7,all,hela,sequence_ctcf_dnase_h3k4me3,42,7,17,T,0.0092757772654294,1.3697097301483154,0.0,7,True,17
all_cnn_sequence_ctcf_dnase_h3k4me3_heldout_hela_kernel_7,all,hela,sequence_ctcf_dnase_h3k4me3,42,7,17,A,0.0092492029070854,1.3007363080978394,0.0023632030934095,7,True,17
all_cnn_sequence_ctcf_dnase_h3k4me3_heldout_hela_kernel_7,all,hela,sequence_ctcf_dnase_h3k4me3,42,7,17,C,0.0089345853775739,1.37730610370636,0.0033239177428185,7,True,17
all_cnn_sequence_ctcf_dnase_h3k4me3_heldout_hela_kernel_7,all,hela,sequence_ctcf_dnase_h3k4me3,42,7,17,G,0.0068344888277351,1.2424131631851196,0.0015402717981487,7,True,17
all_cnn_sequence_ctcf_dnase_h3k4me3_heldout_hl60_kernel_3,all,hl60,sequence_ctcf_dnase_h3k4me3,42,3,17,A,0.0088109960779547,0.7430741786956787,0.0078262789174914,7,True,17
all_cnn_sequence_ctcf_dnase_h3k4me3_heldout_hl60_kernel_3,all,hl60,sequence_ctcf_dnase_h3k4me3,42,3,17,T,0.0088038221001625,0.7226117253303528,0.0083178365603089,7,True,17
all_cnn_sequence_ctcf_dnase_h3k4me3_heldout_hl60_kernel_3,all,hl60,sequence_ctcf_dnase_h3k4me3,42,3,17,G,0.0076960073783993,0.7566843628883362,0.0026639003772288,7,True,17
all_cnn_sequence_ctcf_dnase_h3k4me3_heldout_hl60_kernel_3,all,hl60,sequence_ctcf_dnase_h3k4me3,42,3,17,C,0.0063833435997366,0.7571702003479004,0.0096672903746366,7,True,17
all_cnn_sequence_ctcf_dnase_h3k4me3_heldout_hl60_kernel_5,all,hl60,sequence_ctcf_dnase_h3k4me3,42,5,17,C,0.0208087358623743,0.9884114265441896,0.0062003219500184,7,True,17
all_cnn_sequence_ctcf_dnase_h3k4me3_heldout_hl60_kernel_5,all,hl60,sequence_ctcf_dnase_h3k4me3,42,5,17,A,0.0170233286917209,0.9388816356658936,0.0180755015462636,7,True,17
all_cnn_sequence_ctcf_dnase_h3k4me3_heldout_hl60_kernel_5,all,hl60,sequence_ctcf_dnase_h3k4me3,42,5,17,T,0.0133407199755311,0.8192600011825562,0.0129769351333379,7,True,17
all_cnn_sequence_ctcf_dnase_h3k4me3_heldout_hl60_kernel_5,all,hl60,sequence_ctcf_dnase_h3k4me3,42,5,17,G,0.0110458303242921,0.8612164258956909,0.0058641992509365,7,True,17
all_cnn_sequence_ctcf_dnase_h3k4me3_heldout_hl60_kernel_7,all,hl60,sequence_ctcf_dnase_h3k4me3,42,7,17,C,0.0202746521681547,1.0972933769226074,0.003842526813969,7,True,17
all_cnn_sequence_ctcf_dnase_h3k4me3_heldout_hl60_kernel_7,all,hl60,sequence_ctcf_dnase_h3k4me3,42,7,17,A,0.0173589773476123,1.1500319242477417,0.0052836299873888,7,True,17
all_cnn_sequence_ctcf_dnase_h3k4me3_heldout_hl60_kernel_7,all,hl60,sequence_ctcf_dnase_h3k4me3,42,7,17,G,0.010592526756227,1.0158997774124146,0.0021125900093466,7,True,17
all_cnn_sequence_ctcf_dnase_h3k4me3_heldout_hl60_kernel_7,all,hl60,sequence_ctcf_dnase_h3k4me3,42,7,17,T,0.0098257604986429,0.9720829129219056,0.0022880248725414,7,True,17
all_cnn_sequence_ctcf_dnase_heldout_hct116_kernel_3,all,hct116,sequence_ctcf_dnase,42,3,17,A,0.0114552602171897,0.9950857162475586,0.0125239258632063,6,True,17
all_cnn_sequence_ctcf_dnase_heldout_hct116_kernel_3,all,hct116,sequence_ctcf_dnase,42,3,17,T,0.0074608097784221,0.8188647627830505,0.0,6,True,17
all_cnn_sequence_ctcf_dnase_heldout_hct116_kernel_3,all,hct116,sequence_ctcf_dnase,42,3,17,G,0.007302978541702,0.8028002977371216,0.0020079328678548,6,True,17
all_cnn_sequence_ctcf_dnase_heldout_hct116_kernel_3,all,hct116,sequence_ctcf_dnase,42,3,17,C,0.00674081267789,0.8093400597572327,0.0113868759945034,6,True,17
all_cnn_sequence_ctcf_dnase_heldout_hct116_kernel_5,all,hct116,sequence_ctcf_dnase,42,5,17,C,0.0290937926620244,1.176784634590149,0.0033361408859491,6,True,17
all_cnn_sequence_ctcf_dnase_heldout_hct116_kernel_5,all,hct116,sequence_ctcf_dnase,42,5,17,T,0.0216386616230011,1.0064682960510254,0.0,6,True,17
all_cnn_sequence_ctcf_dnase_heldout_hct116_kernel_5,all,hct116,sequence_ctcf_dnase,42,5,17,A,0.0216380283236503,1.0642132759094238,0.0145595530048012,6,True,17
all_cnn_sequence_ctcf_dnase_heldout_hct116_kernel_5,all,hct116,sequence_ctcf_dnase,42,5,17,G,0.010287350974977,0.9298941493034364,0.0020852168090641,6,True,17
all_cnn_sequence_ctcf_dnase_heldout_hct116_kernel_7,all,hct116,sequence_ctcf_dnase,42,7,17,C,0.0320513173937797,1.7565994262695312,0.0047344788908958,6,True,17
all_cnn_sequence_ctcf_dnase_heldout_hct116_kernel_7,all,hct116,sequence_ctcf_dnase,42,7,17,A,0.0288112927228212,1.7583084106445312,0.0102178798988461,6,True,17
all_cnn_sequence_ctcf_dnase_heldout_hct116_kernel_7,all,hct116,sequence_ctcf_dnase,42,7,17,T,0.0250998046249151,1.4719182252883911,0.0,6,True,17
all_cnn_sequence_ctcf_dnase_heldout_hct116_kernel_7,all,hct116,sequence_ctcf_dnase,42,7,17,G,0.010838015936315,1.1461280584335327,0.0020379174966365,6,True,17
all_cnn_sequence_ctcf_dnase_heldout_hek293t_kernel_3,all,hek293t,sequence_ctcf_dnase,42,3,17,A,0.0186237040907144,1.194019079208374,0.0131482491269707,6,True,17
all_cnn_sequence_ctcf_dnase_heldout_hek293t_kernel_3,all,hek293t,sequence_ctcf_dnase,42,3,17,T,0.0161116439849138,1.1269762516021729,0.0086363889276981,6,True,17
all_cnn_sequence_ctcf_dnase_heldout_hek293t_kernel_3,all,hek293t,sequence_ctcf_dnase,42,3,17,G,0.0135017754510045,1.0360450744628906,0.0036351964809,6,True,17
all_cnn_sequence_ctcf_dnase_heldout_hek293t_kernel_3,all,hek293t,sequence_ctcf_dnase,42,3,17,C,0.0127333290874958,1.0059877634048462,0.0126163270324468,6,True,17
all_cnn_sequence_ctcf_dnase_heldout_hek293t_kernel_5,all,hek293t,sequence_ctcf_dnase,42,5,17,C,0.0233779195696115,1.2555344104766846,0.0030689481645822,6,True,17
all_cnn_sequence_ctcf_dnase_heldout_hek293t_kernel_5,all,hek293t,sequence_ctcf_dnase,42,5,17,A,0.0210697408765554,1.1616476774215698,0.0085477028042078,6,True,17
all_cnn_sequence_ctcf_dnase_heldout_hek293t_kernel_5,all,hek293t,sequence_ctcf_dnase,42,5,17,T,0.018544465303421,1.180850625038147,0.0070966817438602,6,True,17
all_cnn_sequence_ctcf_dnase_heldout_hek293t_kernel_5,all,hek293t,sequence_ctcf_dnase,42,5,17,G,0.0119389574974775,1.0712835788726809,0.0023513096384704,6,True,17
all_cnn_sequence_ctcf_dnase_heldout_hek293t_kernel_7,all,hek293t,sequence_ctcf_dnase,42,7,17,C,0.029961509630084,1.6618235111236572,0.0039062914438545,6,True,17
all_cnn_sequence_ctcf_dnase_heldout_hek293t_kernel_7,all,hek293t,sequence_ctcf_dnase,42,7,17,A,0.0229924451559782,1.5563156604766846,0.0059965583495795,6,True,17
all_cnn_sequence_ctcf_dnase_heldout_hek293t_kernel_7,all,hek293t,sequence_ctcf_dnase,42,7,17,T,0.0129259210079908,1.239682912826538,0.0019307306502014,6,True,17
all_cnn_sequence_ctcf_dnase_heldout_hek293t_kernel_7,all,hek293t,sequence_ctcf_dnase,42,7,17,G,0.0124467397108674,1.1803756952285769,0.0015423726290464,6,True,17
all_cnn_sequence_ctcf_dnase_heldout_hela_kernel_3,all,hela,sequence_ctcf_dnase,42,3,17,A,0.0061894375830888,1.130607843399048,0.0073346649296581,6,True,17
all_cnn_sequence_ctcf_dnase_heldout_hela_kernel_3,all,hela,sequence_ctcf_dnase,42,3,17,C,0.0058088605292141,1.1158900260925293,0.0050614876672625,6,True,17
all_cnn_sequence_ctcf_dnase_heldout_hela_kernel_3,all,hela,sequence_ctcf_dnase,42,3,17,T,0.0052535175345838,1.0970544815063477,0.0,6,True,17
all_cnn_sequence_ctcf_dnase_heldout_hela_kernel_3,all,hela,sequence_ctcf_dnase,42,3,17,G,0.0047331629320979,1.0871703624725342,0.0015307723078876,6,True,17
all_cnn_sequence_ctcf_dnase_heldout_hela_kernel_5,all,hela,sequence_ctcf_dnase,42,5,17,C,0.0094409687444567,1.625538349151611,0.0006199904019013,6,True,17
all_cnn_sequence_ctcf_dnase_heldout_hela_kernel_5,all,hela,sequence_ctcf_dnase,42,5,17,A,0.0070391180925071,1.3135212659835815,0.0009473140817135,6,True,17
all_cnn_sequence_ctcf_dnase_heldout_hela_kernel_5,all,hela,sequence_ctcf_dnase,42,5,17,T,0.0054488377645611,1.35138201713562,0.0,6,True,17
all_cnn_sequence_ctcf_dnase_heldout_hela_kernel_5,all,hela,sequence_ctcf_dnase,42,5,17,G,0.0041521051898598,1.265296220779419,0.0012251763837412,6,True,17
all_cnn_sequence_ctcf_dnase_heldout_hela_kernel_7,all,hela,sequence_ctcf_dnase,42,7,17,A,0.0045171803794801,1.2823985815048218,0.0013715650420635,6,True,17
all_cnn_sequence_ctcf_dnase_heldout_hela_kernel_7,all,hela,sequence_ctcf_dnase,42,7,17,C,0.0038834088481962,1.283563256263733,0.0009940633317455,6,True,17
all_cnn_sequence_ctcf_dnase_heldout_hela_kernel_7,all,hela,sequence_ctcf_dnase,42,7,17,G,0.0037064019124954,1.4114890098571775,0.0006421491270884,6,True,17
all_cnn_sequence_ctcf_dnase_heldout_hela_kernel_7,all,hela,sequence_ctcf_dnase,42,7,17,T,0.0031365014147013,1.3145387172698977,0.0,6,True,17
all_cnn_sequence_ctcf_dnase_heldout_hl60_kernel_3,all,hl60,sequence_ctcf_dnase,42,3,17,A,0.0097900526598095,0.9039860963821412,0.0074353110976517,6,True,17
all_cnn_sequence_ctcf_dnase_heldout_hl60_kernel_3,all,hl60,sequence_ctcf_dnase,42,3,17,G,0.0085575086995959,0.9072957634925842,0.001822022954002,6,True,17
all_cnn_sequence_ctcf_dnase_heldout_hl60_kernel_3,all,hl60,sequence_ctcf_dnase,42,3,17,T,0.0084405411034822,0.8230138421058655,0.0049422569572925,6,True,17
all_cnn_sequence_ctcf_dnase_heldout_hl60_kernel_3,all,hl60,sequence_ctcf_dnase,42,3,17,C,0.0068194386549293,0.8731313347816467,0.0095813097432255,6,True,17
all_cnn_sequence_ctcf_dnase_heldout_hl60_kernel_5,all,hl60,sequence_ctcf_dnase,42,5,17,C,0.0152726173400878,0.7895858883857727,0.0025899363681674,6,True,17
all_cnn_sequence_ctcf_dnase_heldout_hl60_kernel_5,all,hl60,sequence_ctcf_dnase,42,5,17,A,0.011348383501172,0.6954950094223022,0.0064658792689442,6,True,17
all_cnn_sequence_ctcf_dnase_heldout_hl60_kernel_5,all,hl60,sequence_ctcf_dnase,42,5,17,T,0.0095184259116649,0.6815866827964783,0.0058025349862873,6,True,17
all_cnn_sequence_ctcf_dnase_heldout_hl60_kernel_5,all,hl60,sequence_ctcf_dnase,42,5,17,G,0.0093321800231933,0.827453076839447,0.0022443768102675,6,True,17
all_cnn_sequence_ctcf_dnase_heldout_hl60_kernel_7,all,hl60,sequence_ctcf_dnase,42,7,17,A,0.0146490037441253,0.9233828186988832,0.0042839464731514,6,True,17
all_cnn_sequence_ctcf_dnase_heldout_hl60_kernel_7,all,hl60,sequence_ctcf_dnase,42,7,17,C,0.0143088921904563,0.8788703083992004,0.0022614821791648,6,True,17
all_cnn_sequence_ctcf_dnase_heldout_hl60_kernel_7,all,hl60,sequence_ctcf_dnase,42,7,17,G,0.0081123281270265,0.9136145114898682,0.0013286020839586,6,True,17
all_cnn_sequence_ctcf_dnase_heldout_hl60_kernel_7,all,hl60,sequence_ctcf_dnase,42,7,17,T,0.0074822902679443,0.7993178963661194,0.001445549307391,6,True,17
all_cnn_sequence_ctcf_dnase_rrbs_heldout_hct116_kernel_3,all,hct116,sequence_ctcf_dnase_rrbs,42,3,17,A,0.0146050481125712,1.1150420904159546,0.0108507303521037,7,True,17
all_cnn_sequence_ctcf_dnase_rrbs_heldout_hct116_kernel_3,all,hct116,sequence_ctcf_dnase_rrbs,42,3,17,T,0.0091552706435322,0.9547837376594543,0.0,7,True,17
all_cnn_sequence_ctcf_dnase_rrbs_heldout_hct116_kernel_3,all,hct116,sequence_ctcf_dnase_rrbs,42,3,17,G,0.0088535798713564,0.8516696095466614,0.0027249900158494,7,True,17
all_cnn_sequence_ctcf_dnase_rrbs_heldout_hct116_kernel_3,all,hct116,sequence_ctcf_dnase_rrbs,42,3,17,C,0.0077614835463464,0.8672055006027222,0.0087163550779223,7,True,17
all_cnn_sequence_ctcf_dnase_rrbs_heldout_hct116_kernel_5,all,hct116,sequence_ctcf_dnase_rrbs,42,5,17,C,0.026731451973319,1.675246238708496,0.0027996224816888,7,True,17
all_cnn_sequence_ctcf_dnase_rrbs_heldout_hct116_kernel_5,all,hct116,sequence_ctcf_dnase_rrbs,42,5,17,A,0.018880657851696,1.4688934087753296,0.0090029006823897,7,True,17
all_cnn_sequence_ctcf_dnase_rrbs_heldout_hct116_kernel_5,all,hct116,sequence_ctcf_dnase_rrbs,42,5,17,T,0.0120658045634627,1.1571447849273682,0.0,7,True,17
all_cnn_sequence_ctcf_dnase_rrbs_heldout_hct116_kernel_5,all,hct116,sequence_ctcf_dnase_rrbs,42,5,17,G,0.0104730427265167,1.0625580549240112,0.0015551694668829,7,True,17
all_cnn_sequence_ctcf_dnase_rrbs_heldout_hct116_kernel_7,all,hct116,sequence_ctcf_dnase_rrbs,42,7,17,C,0.0266510993242263,1.7976787090301514,0.00222297036089,7,True,17
all_cnn_sequence_ctcf_dnase_rrbs_heldout_hct116_kernel_7,all,hct116,sequence_ctcf_dnase_rrbs,42,7,17,A,0.0172747001051902,1.429256558418274,0.0036067613400518,7,True,17
all_cnn_sequence_ctcf_dnase_rrbs_heldout_hct116_kernel_7,all,hct116,sequence_ctcf_dnase_rrbs,42,7,17,T,0.0151842376217246,1.331165432929993,0.0,7,True,17
all_cnn_sequence_ctcf_dnase_rrbs_heldout_hct116_kernel_7,all,hct116,sequence_ctcf_dnase_rrbs,42,7,17,G,0.0085464557632803,1.0874106884002686,0.0011713898275047,7,True,17
all_cnn_sequence_ctcf_dnase_rrbs_heldout_hek293t_kernel_3,all,hek293t,sequence_ctcf_dnase_rrbs,42,3,17,A,0.0191419217735528,1.1273492574691772,0.0124318962916731,7,True,17
all_cnn_sequence_ctcf_dnase_rrbs_heldout_hek293t_kernel_3,all,hek293t,sequence_ctcf_dnase_rrbs,42,3,17,T,0.0173494238406419,1.1442131996154783,0.0091763446107506,7,True,17
all_cnn_sequence_ctcf_dnase_rrbs_heldout_hek293t_kernel_3,all,hek293t,sequence_ctcf_dnase_rrbs,42,3,17,G,0.0127670057117939,0.9231989979743958,0.0046038664877414,7,True,17
all_cnn_sequence_ctcf_dnase_rrbs_heldout_hek293t_kernel_3,all,hek293t,sequence_ctcf_dnase_rrbs,42,3,17,C,0.0126283401623368,0.967315435409546,0.0119455810636281,7,True,17
all_cnn_sequence_ctcf_dnase_rrbs_heldout_hek293t_kernel_5,all,hek293t,sequence_ctcf_dnase_rrbs,42,5,17,A,0.0308307521045207,1.1175904273986816,0.0240539629012346,7,True,17
all_cnn_sequence_ctcf_dnase_rrbs_heldout_hek293t_kernel_5,all,hek293t,sequence_ctcf_dnase_rrbs,42,5,17,T,0.0261976569890975,1.13633394241333,0.0242143459618091,7,True,17
all_cnn_sequence_ctcf_dnase_rrbs_heldout_hek293t_kernel_5,all,hek293t,sequence_ctcf_dnase_rrbs,42,5,17,C,0.0252822842448949,1.0541540384292605,0.007233528420329,7,True,17
all_cnn_sequence_ctcf_dnase_rrbs_heldout_hek293t_kernel_5,all,hek293t,sequence_ctcf_dnase_rrbs,42,5,17,G,0.0184816066175699,0.9977280497550964,0.0050932602025568,7,True,17
all_cnn_sequence_ctcf_dnase_rrbs_heldout_hek293t_kernel_7,all,hek293t,sequence_ctcf_dnase_rrbs,42,7,17,C,0.0403787642717361,1.409955620765686,0.0092370165511965,7,True,17
all_cnn_sequence_ctcf_dnase_rrbs_heldout_hek293t_kernel_7,all,hek293t,sequence_ctcf_dnase_rrbs,42,7,17,A,0.0277729965746402,1.2436275482177734,0.0068017742596566,7,True,17
all_cnn_sequence_ctcf_dnase_rrbs_heldout_hek293t_kernel_7,all,hek293t,sequence_ctcf_dnase_rrbs,42,7,17,T,0.0204020347446203,1.1804064512252808,0.0039189308881759,7,True,17
all_cnn_sequence_ctcf_dnase_rrbs_heldout_hek293t_kernel_7,all,hek293t,sequence_ctcf_dnase_rrbs,42,7,17,G,0.0188260450959205,1.127631425857544,0.0038019635248929,7,True,17
all_cnn_sequence_ctcf_dnase_rrbs_heldout_hela_kernel_3,all,hela,sequence_ctcf_dnase_rrbs,42,3,17,A,0.0075327288359403,1.0788774490356443,0.0051801167428493,7,True,17
all_cnn_sequence_ctcf_dnase_rrbs_heldout_hela_kernel_3,all,hela,sequence_ctcf_dnase_rrbs,42,3,17,C,0.0068088015541434,1.017136812210083,0.0031913388520479,7,True,17
all_cnn_sequence_ctcf_dnase_rrbs_heldout_hela_kernel_3,all,hela,sequence_ctcf_dnase_rrbs,42,3,17,G,0.0054984693415462,0.9742724299430848,0.000636538141407,7,True,17
all_cnn_sequence_ctcf_dnase_rrbs_heldout_hela_kernel_3,all,hela,sequence_ctcf_dnase_rrbs,42,3,17,T,0.0043263006955385,0.9294689893722534,0.0,7,True,17
all_cnn_sequence_ctcf_dnase_rrbs_heldout_hela_kernel_5,all,hela,sequence_ctcf_dnase_rrbs,42,5,17,C,0.01102733053267,1.291672945022583,0.0023312512785196,7,True,17
all_cnn_sequence_ctcf_dnase_rrbs_heldout_hela_kernel_5,all,hela,sequence_ctcf_dnase_rrbs,42,5,17,A,0.011011529713869,1.2742619514465332,0.002059775404632,7,True,17
all_cnn_sequence_ctcf_dnase_rrbs_heldout_hela_kernel_5,all,hela,sequence_ctcf_dnase_rrbs,42,5,17,G,0.0089726615697145,1.2912466526031494,0.0023605334572494,7,True,17
all_cnn_sequence_ctcf_dnase_rrbs_heldout_hela_kernel_5,all,hela,sequence_ctcf_dnase_rrbs,42,5,17,T,0.0079804379492998,1.2496964931488037,0.0,7,True,17
all_cnn_sequence_ctcf_dnase_rrbs_heldout_hela_kernel_7,all,hela,sequence_ctcf_dnase_rrbs,42,7,17,A,0.0096660992130637,1.35652494430542,0.0026841275393962,7,True,17
all_cnn_sequence_ctcf_dnase_rrbs_heldout_hela_kernel_7,all,hela,sequence_ctcf_dnase_rrbs,42,7,17,T,0.0088205188512802,1.4213528633117676,0.0,7,True,17
all_cnn_sequence_ctcf_dnase_rrbs_heldout_hela_kernel_7,all,hela,sequence_ctcf_dnase_rrbs,42,7,17,C,0.0074619916267693,1.377541422843933,0.0022426059003919,7,True,17
all_cnn_sequence_ctcf_dnase_rrbs_heldout_hela_kernel_7,all,hela,sequence_ctcf_dnase_rrbs,42,7,17,G,0.0073921643197536,1.2701321840286257,0.0013606797438114,7,True,17
all_cnn_sequence_ctcf_dnase_rrbs_heldout_hl60_kernel_3,all,hl60,sequence_ctcf_dnase_rrbs,42,3,17,A,0.0085937296971678,0.7978222966194153,0.0064696259796619,7,True,17
all_cnn_sequence_ctcf_dnase_rrbs_heldout_hl60_kernel_3,all,hl60,sequence_ctcf_dnase_rrbs,42,3,17,T,0.0080991070717573,0.7398708462715149,0.0066489670425653,7,True,17
all_cnn_sequence_ctcf_dnase_rrbs_heldout_hl60_kernel_3,all,hl60,sequence_ctcf_dnase_rrbs,42,3,17,G,0.0079611893743276,0.7961158156394958,0.0032267337664961,7,True,17
all_cnn_sequence_ctcf_dnase_rrbs_heldout_hl60_kernel_3,all,hl60,sequence_ctcf_dnase_rrbs,42,3,17,C,0.0060082809068262,0.7749041318893433,0.0077817188575863,7,True,17
all_cnn_sequence_ctcf_dnase_rrbs_heldout_hl60_kernel_5,all,hl60,sequence_ctcf_dnase_rrbs,42,5,17,T,0.0195714607834815,0.955357015132904,0.0182259995490312,7,True,17
all_cnn_sequence_ctcf_dnase_rrbs_heldout_hl60_kernel_5,all,hl60,sequence_ctcf_dnase_rrbs,42,5,17,A,0.0188021007925272,0.9636222124099731,0.0168649796396493,7,True,17
all_cnn_sequence_ctcf_dnase_rrbs_heldout_hl60_kernel_5,all,hl60,sequence_ctcf_dnase_rrbs,42,5,17,C,0.0187090877443552,0.9911695122718812,0.0064447834156453,7,True,17
all_cnn_sequence_ctcf_dnase_rrbs_heldout_hl60_kernel_5,all,hl60,sequence_ctcf_dnase_rrbs,42,5,17,G,0.0126918153837323,0.9190216064453124,0.0044064680114388,7,True,17
all_cnn_sequence_ctcf_dnase_rrbs_heldout_hl60_kernel_7,all,hl60,sequence_ctcf_dnase_rrbs,42,7,17,C,0.0227816775441169,1.283576726913452,0.0039326609112322,7,True,17
all_cnn_sequence_ctcf_dnase_rrbs_heldout_hl60_kernel_7,all,hl60,sequence_ctcf_dnase_rrbs,42,7,17,A,0.0171818733215332,1.1796156167984009,0.0061874575912952,7,True,17
all_cnn_sequence_ctcf_dnase_rrbs_heldout_hl60_kernel_7,all,hl60,sequence_ctcf_dnase_rrbs,42,7,17,G,0.0118653671815991,1.0638055801391602,0.0024957144632935,7,True,17
all_cnn_sequence_ctcf_dnase_rrbs_heldout_hl60_kernel_7,all,hl60,sequence_ctcf_dnase_rrbs,42,7,17,T,0.0105323800817132,1.091597318649292,0.0028474496211856,7,True,17
all_cnn_sequence_ctcf_h3k4me3_heldout_hct116_kernel_3,all,hct116,sequence_ctcf_h3k4me3,42,3,17,A,0.013605261221528,0.918125331401825,0.0143587877973914,6,True,17
all_cnn_sequence_ctcf_h3k4me3_heldout_hct116_kernel_3,all,hct116,sequence_ctcf_h3k4me3,42,3,17,T,0.0096949990838766,0.7542719841003418,0.0,6,True,17
all_cnn_sequence_ctcf_h3k4me3_heldout_hct116_kernel_3,all,hct116,sequence_ctcf_h3k4me3,42,3,17,G,0.0095305982977151,0.7552606463432312,0.0034535520244389,6,True,17
all_cnn_sequence_ctcf_h3k4me3_heldout_hct116_kernel_3,all,hct116,sequence_ctcf_h3k4me3,42,3,17,C,0.0090873390436172,0.772559404373169,0.0130949569866061,6,True,17
all_cnn_sequence_ctcf_h3k4me3_heldout_hct116_kernel_5,all,hct116,sequence_ctcf_h3k4me3,42,5,17,C,0.0249083377420902,1.2763197422027588,0.0019660841207951,6,True,17
all_cnn_sequence_ctcf_h3k4me3_heldout_hct116_kernel_5,all,hct116,sequence_ctcf_h3k4me3,42,5,17,A,0.0168095491826534,1.1917225122451782,0.0063644908368587,6,True,17
all_cnn_sequence_ctcf_h3k4me3_heldout_hct116_kernel_5,all,hct116,sequence_ctcf_h3k4me3,42,5,17,T,0.0148527147248387,1.103585124015808,0.0,6,True,17
all_cnn_sequence_ctcf_h3k4me3_heldout_hct116_kernel_5,all,hct116,sequence_ctcf_h3k4me3,42,5,17,G,0.008773217909038,0.9514737725257874,0.0011236245045438,6,True,17
all_cnn_sequence_ctcf_h3k4me3_heldout_hct116_kernel_7,all,hct116,sequence_ctcf_h3k4me3,42,7,17,C,0.0278853718191385,1.7158429622650146,0.0031630953308194,6,True,17
all_cnn_sequence_ctcf_h3k4me3_heldout_hct116_kernel_7,all,hct116,sequence_ctcf_h3k4me3,42,7,17,A,0.0272692795842885,1.77849543094635,0.0095492033287882,6,True,17
all_cnn_sequence_ctcf_h3k4me3_heldout_hct116_kernel_7,all,hct116,sequence_ctcf_h3k4me3,42,7,17,T,0.0211905557662248,1.4696327447891235,0.0,6,True,17
all_cnn_sequence_ctcf_h3k4me3_heldout_hct116_kernel_7,all,hct116,sequence_ctcf_h3k4me3,42,7,17,G,0.0098570538684725,1.06061589717865,0.0015477665001526,6,True,17
all_cnn_sequence_ctcf_h3k4me3_heldout_hek293t_kernel_3,all,hek293t,sequence_ctcf_h3k4me3,42,3,17,T,0.0185414310544729,1.107082724571228,0.0114576369524002,6,True,17
all_cnn_sequence_ctcf_h3k4me3_heldout_hek293t_kernel_3,all,hek293t,sequence_ctcf_h3k4me3,42,3,17,A,0.0169574115425348,1.1226319074630735,0.0139587968587875,6,True,17
all_cnn_sequence_ctcf_h3k4me3_heldout_hek293t_kernel_3,all,hek293t,sequence_ctcf_h3k4me3,42,3,17,G,0.0134094143286347,1.0290160179138184,0.0029945774003863,6,True,17
all_cnn_sequence_ctcf_h3k4me3_heldout_hek293t_kernel_3,all,hek293t,sequence_ctcf_h3k4me3,42,3,17,C,0.0126736909151077,1.0037846565246582,0.0159193575382232,6,True,17
all_cnn_sequence_ctcf_h3k4me3_heldout_hek293t_kernel_5,all,hek293t,sequence_ctcf_h3k4me3,42,5,17,C,0.0235597770661115,1.296026349067688,0.0037378633860498,6,True,17
all_cnn_sequence_ctcf_h3k4me3_heldout_hek293t_kernel_5,all,hek293t,sequence_ctcf_h3k4me3,42,5,17,A,0.0226277094334363,1.2942790985107422,0.0140391113236546,6,True,17
all_cnn_sequence_ctcf_h3k4me3_heldout_hek293t_kernel_5,all,hek293t,sequence_ctcf_h3k4me3,42,5,17,T,0.0180295184254646,1.256626844406128,0.0111505044624209,6,True,17
all_cnn_sequence_ctcf_h3k4me3_heldout_hek293t_kernel_5,all,hek293t,sequence_ctcf_h3k4me3,42,5,17,G,0.011701064184308,1.1205450296401978,0.0031360124703496,6,True,17
all_cnn_sequence_ctcf_h3k4me3_heldout_hek293t_kernel_7,all,hek293t,sequence_ctcf_h3k4me3,42,7,17,C,0.0410558320581913,1.450735092163086,0.00658844364807,6,True,17
all_cnn_sequence_ctcf_h3k4me3_heldout_hek293t_kernel_7,all,hek293t,sequence_ctcf_h3k4me3,42,7,17,A,0.0265310518443584,1.3459763526916504,0.0134247858077287,6,True,17
all_cnn_sequence_ctcf_h3k4me3_heldout_hek293t_kernel_7,all,hek293t,sequence_ctcf_h3k4me3,42,7,17,T,0.0195988565683364,1.141260266304016,0.0057226540520787,6,True,17
all_cnn_sequence_ctcf_h3k4me3_heldout_hek293t_kernel_7,all,hek293t,sequence_ctcf_h3k4me3,42,7,17,G,0.0193609744310379,1.0733295679092407,0.0033515857066959,6,True,17
all_cnn_sequence_ctcf_h3k4me3_heldout_hela_kernel_3,all,hela,sequence_ctcf_h3k4me3,42,3,17,A,0.006247135810554,1.2286465167999268,0.0062907733954489,6,True,17
all_cnn_sequence_ctcf_h3k4me3_heldout_hela_kernel_3,all,hela,sequence_ctcf_h3k4me3,42,3,17,C,0.0055916854180395,1.226003646850586,0.0047514294274151,6,True,17
all_cnn_sequence_ctcf_h3k4me3_heldout_hela_kernel_3,all,hela,sequence_ctcf_h3k4me3,42,3,17,G,0.0051651704125106,1.215019464492798,0.0013392360415309,6,True,17
all_cnn_sequence_ctcf_h3k4me3_heldout_hela_kernel_3,all,hela,sequence_ctcf_h3k4me3,42,3,17,T,0.0045157466083765,1.242953896522522,0.0,6,True,17
all_cnn_sequence_ctcf_h3k4me3_heldout_hela_kernel_5,all,hela,sequence_ctcf_h3k4me3,42,5,17,A,0.0090362653136253,1.2253419160842896,0.0013596205972135,6,True,17
all_cnn_sequence_ctcf_h3k4me3_heldout_hela_kernel_5,all,hela,sequence_ctcf_h3k4me3,42,5,17,C,0.0080735925585031,1.3743946552276611,0.000986223691143,6,True,17
all_cnn_sequence_ctcf_h3k4me3_heldout_hela_kernel_5,all,hela,sequence_ctcf_h3k4me3,42,5,17,T,0.0061117056757211,1.261794924736023,0.0,6,True,17
all_cnn_sequence_ctcf_h3k4me3_heldout_hela_kernel_5,all,hela,sequence_ctcf_h3k4me3,42,5,17,G,0.0055775558575987,1.2271326780319214,0.0017791745485737,6,True,17
all_cnn_sequence_ctcf_h3k4me3_heldout_hela_kernel_7,all,hela,sequence_ctcf_h3k4me3,42,7,17,A,0.0050037140026688,1.3571234941482544,0.0021127494983375,6,True,17
all_cnn_sequence_ctcf_h3k4me3_heldout_hela_kernel_7,all,hela,sequence_ctcf_h3k4me3,42,7,17,C,0.0037963713984936,1.3557641506195068,0.0012985909124836,6,True,17
all_cnn_sequence_ctcf_h3k4me3_heldout_hela_kernel_7,all,hela,sequence_ctcf_h3k4me3,42,7,17,G,0.0037801361177116,1.3531557321548462,0.0012226119870319,6,True,17
all_cnn_sequence_ctcf_h3k4me3_heldout_hela_kernel_7,all,hela,sequence_ctcf_h3k4me3,42,7,17,T,0.003267559222877,1.3688031435012815,0.0,6,True,17
all_cnn_sequence_ctcf_h3k4me3_heldout_hl60_kernel_3,all,hl60,sequence_ctcf_h3k4me3,42,3,17,A,0.0111963134258985,0.9428823590278624,0.0057719266042113,6,True,17
all_cnn_sequence_ctcf_h3k4me3_heldout_hl60_kernel_3,all,hl60,sequence_ctcf_h3k4me3,42,3,17,G,0.0088618816807866,0.9196847677230836,0.0012527218786999,6,True,17
all_cnn_sequence_ctcf_h3k4me3_heldout_hl60_kernel_3,all,hl60,sequence_ctcf_h3k4me3,42,3,17,T,0.0082378285005688,0.7996236085891724,0.0048593669198453,6,True,17
all_cnn_sequence_ctcf_h3k4me3_heldout_hl60_kernel_3,all,hl60,sequence_ctcf_h3k4me3,42,3,17,C,0.0074286726303398,0.8904354572296143,0.0073985941708087,6,True,17
all_cnn_sequence_ctcf_h3k4me3_heldout_hl60_kernel_5,all,hl60,sequence_ctcf_h3k4me3,42,5,17,C,0.0165639258921146,1.029673457145691,0.0056390855461359,6,True,17
all_cnn_sequence_ctcf_h3k4me3_heldout_hl60_kernel_5,all,hl60,sequence_ctcf_h3k4me3,42,5,17,A,0.0122963739559054,0.8420376181602478,0.0116273155435919,6,True,17
all_cnn_sequence_ctcf_h3k4me3_heldout_hl60_kernel_5,all,hl60,sequence_ctcf_h3k4me3,42,5,17,T,0.0102335242554545,0.8183693289756775,0.0086192637681961,6,True,17
all_cnn_sequence_ctcf_h3k4me3_heldout_hl60_kernel_5,all,hl60,sequence_ctcf_h3k4me3,42,5,17,G,0.0088833551853895,0.8593224883079529,0.0044092000462114,6,True,17
all_cnn_sequence_ctcf_h3k4me3_heldout_hl60_kernel_7,all,hl60,sequence_ctcf_h3k4me3,42,7,17,C,0.0194236915558576,1.1758685111999512,0.0038418821059167,6,True,17
all_cnn_sequence_ctcf_h3k4me3_heldout_hl60_kernel_7,all,hl60,sequence_ctcf_h3k4me3,42,7,17,A,0.0162446945905685,1.0992978811264038,0.0036914444062858,6,True,17
all_cnn_sequence_ctcf_h3k4me3_heldout_hl60_kernel_7,all,hl60,sequence_ctcf_h3k4me3,42,7,17,T,0.009687908925116,0.9960089325904846,0.0019132912857457,6,True,17
all_cnn_sequence_ctcf_h3k4me3_heldout_hl60_kernel_7,all,hl60,sequence_ctcf_h3k4me3,42,7,17,G,0.0093766013160347,0.9718408584594728,0.0017170592909678,6,True,17
all_cnn_sequence_ctcf_h3k4me3_rrbs_heldout_hct116_kernel_3,all,hct116,sequence_ctcf_h3k4me3_rrbs,42,3,17,A,0.0110745709389448,0.8662885427474976,0.0079495348036289,7,True,17
all_cnn_sequence_ctcf_h3k4me3_rrbs_heldout_hct116_kernel_3,all,hct116,sequence_ctcf_h3k4me3_rrbs,42,3,17,T,0.0076216203160583,0.7800843119621277,0.0,7,True,17
all_cnn_sequence_ctcf_h3k4me3_rrbs_heldout_hct116_kernel_3,all,hct116,sequence_ctcf_h3k4me3_rrbs,42,3,17,C,0.0064695193432271,0.6702812314033508,0.0056675635278224,7,True,17
all_cnn_sequence_ctcf_h3k4me3_rrbs_heldout_hct116_kernel_3,all,hct116,sequence_ctcf_h3k4me3_rrbs,42,3,17,G,0.0056169033050537,0.6544548869132996,0.0012579534668475,7,True,17
all_cnn_sequence_ctcf_h3k4me3_rrbs_heldout_hct116_kernel_5,all,hct116,sequence_ctcf_h3k4me3_rrbs,42,5,17,C,0.0293031074106693,1.1924104690551758,0.0029642868321388,7,True,17
all_cnn_sequence_ctcf_h3k4me3_rrbs_heldout_hct116_kernel_5,all,hct116,sequence_ctcf_h3k4me3_rrbs,42,5,17,A,0.0203342214226722,1.0430200099945068,0.0086500132456421,7,True,17
all_cnn_sequence_ctcf_h3k4me3_rrbs_heldout_hct116_kernel_5,all,hct116,sequence_ctcf_h3k4me3_rrbs,42,5,17,T,0.0157983228564262,0.9513890743255616,0.0,7,True,17
all_cnn_sequence_ctcf_h3k4me3_rrbs_heldout_hct116_kernel_5,all,hct116,sequence_ctcf_h3k4me3_rrbs,42,5,17,G,0.0138631155714392,0.855614423751831,0.0023092448245733,7,True,17
all_cnn_sequence_ctcf_h3k4me3_rrbs_heldout_hct116_kernel_7,all,hct116,sequence_ctcf_h3k4me3_rrbs,42,7,17,C,0.0399019084870815,2.0416741371154785,0.0059252884238958,7,True,17
all_cnn_sequence_ctcf_h3k4me3_rrbs_heldout_hct116_kernel_7,all,hct116,sequence_ctcf_h3k4me3_rrbs,42,7,17,A,0.0272050611674785,1.5871604681015017,0.0065202717669308,7,True,17
all_cnn_sequence_ctcf_h3k4me3_rrbs_heldout_hct116_kernel_7,all,hct116,sequence_ctcf_h3k4me3_rrbs,42,7,17,G,0.0187768191099166,1.4489039182662964,0.0041037332266569,7,True,17
all_cnn_sequence_ctcf_h3k4me3_rrbs_heldout_hct116_kernel_7,all,hct116,sequence_ctcf_h3k4me3_rrbs,42,7,17,T,0.0169513374567031,1.274545192718506,0.0,7,True,17
all_cnn_sequence_ctcf_h3k4me3_rrbs_heldout_hek293t_kernel_3,all,hek293t,sequence_ctcf_h3k4me3_rrbs,42,3,17,A,0.0142059503123164,1.1016323566436768,0.0036139111034572,7,True,17
all_cnn_sequence_ctcf_h3k4me3_rrbs_heldout_hek293t_kernel_3,all,hek293t,sequence_ctcf_h3k4me3_rrbs,42,3,17,T,0.0130454180762171,1.1008069515228271,0.0034032606054097,7,True,17
all_cnn_sequence_ctcf_h3k4me3_rrbs_heldout_hek293t_kernel_3,all,hek293t,sequence_ctcf_h3k4me3_rrbs,42,3,17,C,0.0109959254041314,1.0129289627075195,0.0052602188661694,7,True,17
all_cnn_sequence_ctcf_h3k4me3_rrbs_heldout_hek293t_kernel_3,all,hek293t,sequence_ctcf_h3k4me3_rrbs,42,3,17,G,0.0107758101075887,0.9636287093162536,0.0017700879834592,7,True,17
all_cnn_sequence_ctcf_h3k4me3_rrbs_heldout_hek293t_kernel_5,all,hek293t,sequence_ctcf_h3k4me3_rrbs,42,5,17,A,0.0301616881042718,1.1548562049865725,0.0290373060852289,7,True,17
all_cnn_sequence_ctcf_h3k4me3_rrbs_heldout_hek293t_kernel_5,all,hek293t,sequence_ctcf_h3k4me3_rrbs,42,5,17,C,0.0263745412230491,1.0701711177825928,0.0070004477165639,7,True,17
all_cnn_sequence_ctcf_h3k4me3_rrbs_heldout_hek293t_kernel_5,all,hek293t,sequence_ctcf_h3k4me3_rrbs,42,5,17,T,0.0250274557620286,1.0773518085479736,0.0256616417318582,7,True,17
all_cnn_sequence_ctcf_h3k4me3_rrbs_heldout_hek293t_kernel_5,all,hek293t,sequence_ctcf_h3k4me3_rrbs,42,5,17,G,0.0164459440857172,0.9335451126098632,0.0060425731353461,7,True,17
all_cnn_sequence_ctcf_h3k4me3_rrbs_heldout_hek293t_kernel_7,all,hek293t,sequence_ctcf_h3k4me3_rrbs,42,7,17,C,0.037045132368803,1.6468318700790403,0.0069885938428342,7,True,17
all_cnn_sequence_ctcf_h3k4me3_rrbs_heldout_hek293t_kernel_7,all,hek293t,sequence_ctcf_h3k4me3_rrbs,42,7,17,A,0.0238913949579,1.3202879428863523,0.0040479786694049,7,True,17
all_cnn_sequence_ctcf_h3k4me3_rrbs_heldout_hek293t_kernel_7,all,hek293t,sequence_ctcf_h3k4me3_rrbs,42,7,17,T,0.0165205057710409,1.2138103246688845,0.0026952275075018,7,True,17
all_cnn_sequence_ctcf_h3k4me3_rrbs_heldout_hek293t_kernel_7,all,hek293t,sequence_ctcf_h3k4me3_rrbs,42,7,17,G,0.0149571681395173,1.19097900390625,0.0025702565908432,7,True,17
all_cnn_sequence_ctcf_h3k4me3_rrbs_heldout_hela_kernel_3,all,hela,sequence_ctcf_h3k4me3_rrbs,42,3,17,C,0.0060733528807759,1.0959051847457886,0.0006468974170275,7,True,17
all_cnn_sequence_ctcf_h3k4me3_rrbs_heldout_hela_kernel_3,all,hela,sequence_ctcf_h3k4me3_rrbs,42,3,17,A,0.0058063683100044,1.1813743114471436,0.0009424252202734,7,True,17
all_cnn_sequence_ctcf_h3k4me3_rrbs_heldout_hela_kernel_3,all,hela,sequence_ctcf_h3k4me3_rrbs,42,3,17,T,0.0049896608106791,1.1975486278533936,0.0,7,True,17
all_cnn_sequence_ctcf_h3k4me3_rrbs_heldout_hela_kernel_3,all,hela,sequence_ctcf_h3k4me3_rrbs,42,3,17,G,0.0048363055102527,1.0518765449523926,0.0007426084484905,7,True,17
all_cnn_sequence_ctcf_h3k4me3_rrbs_heldout_hela_kernel_5,all,hela,sequence_ctcf_h3k4me3_rrbs,42,5,17,C,0.0116796577349305,1.305202603340149,0.0012969622621312,7,True,17
all_cnn_sequence_ctcf_h3k4me3_rrbs_heldout_hela_kernel_5,all,hela,sequence_ctcf_h3k4me3_rrbs,42,5,17,A,0.0107195256277918,1.1991941928863523,0.0017523227725178,7,True,17
all_cnn_sequence_ctcf_h3k4me3_rrbs_heldout_hela_kernel_5,all,hela,sequence_ctcf_h3k4me3_rrbs,42,5,17,T,0.0093993097543716,1.1809338331222534,0.0,7,True,17
all_cnn_sequence_ctcf_h3k4me3_rrbs_heldout_hela_kernel_5,all,hela,sequence_ctcf_h3k4me3_rrbs,42,5,17,G,0.0084671471267938,1.21108078956604,0.0009714164189063,7,True,17
all_cnn_sequence_ctcf_h3k4me3_rrbs_heldout_hela_kernel_7,all,hela,sequence_ctcf_h3k4me3_rrbs,42,7,17,A,0.0095888376235961,1.3424710035324097,0.0024023239966481,7,True,17
all_cnn_sequence_ctcf_h3k4me3_rrbs_heldout_hela_kernel_7,all,hela,sequence_ctcf_h3k4me3_rrbs,42,7,17,C,0.0090445131063461,1.2882381677627563,0.0024145804345607,7,True,17
all_cnn_sequence_ctcf_h3k4me3_rrbs_heldout_hela_kernel_7,all,hela,sequence_ctcf_h3k4me3_rrbs,42,7,17,T,0.0082632126286625,1.4079015254974363,0.0,7,True,17
all_cnn_sequence_ctcf_h3k4me3_rrbs_heldout_hela_kernel_7,all,hela,sequence_ctcf_h3k4me3_rrbs,42,7,17,G,0.0074488269165158,1.3150980472564695,0.0015706478152424,7,True,17
all_cnn_sequence_ctcf_h3k4me3_rrbs_heldout_hl60_kernel_3,all,hl60,sequence_ctcf_h3k4me3_rrbs,42,3,17,A,0.0075161973945796,0.6221514940261841,0.0033316824119538,7,True,17
all_cnn_sequence_ctcf_h3k4me3_rrbs_heldout_hl60_kernel_3,all,hl60,sequence_ctcf_h3k4me3_rrbs,42,3,17,T,0.0071671339683234,0.6314986348152161,0.00574646377936,7,True,17
all_cnn_sequence_ctcf_h3k4me3_rrbs_heldout_hl60_kernel_3,all,hl60,sequence_ctcf_h3k4me3_rrbs,42,3,17,G,0.0063129016198217,0.6073623299598694,0.0027842121198773,7,True,17
all_cnn_sequence_ctcf_h3k4me3_rrbs_heldout_hl60_kernel_3,all,hl60,sequence_ctcf_h3k4me3_rrbs,42,3,17,C,0.0048338863998651,0.6241893768310547,0.0051197027787566,7,True,17
all_cnn_sequence_ctcf_h3k4me3_rrbs_heldout_hl60_kernel_5,all,hl60,sequence_ctcf_h3k4me3_rrbs,42,5,17,A,0.0185938812792301,0.870709240436554,0.0194311998784542,7,True,17
all_cnn_sequence_ctcf_h3k4me3_rrbs_heldout_hl60_kernel_5,all,hl60,sequence_ctcf_h3k4me3_rrbs,42,5,17,C,0.0174345187842845,0.8554099202156067,0.0061082225292921,7,True,17
all_cnn_sequence_ctcf_h3k4me3_rrbs_heldout_hl60_kernel_5,all,hl60,sequence_ctcf_h3k4me3_rrbs,42,5,17,T,0.0157304052263498,0.7579673528671265,0.0169253926724195,7,True,17
all_cnn_sequence_ctcf_h3k4me3_rrbs_heldout_hl60_kernel_5,all,hl60,sequence_ctcf_h3k4me3_rrbs,42,5,17,G,0.0129092140123248,0.8099815845489502,0.0073929368518292,7,True,17
all_cnn_sequence_ctcf_h3k4me3_rrbs_heldout_hl60_kernel_7,all,hl60,sequence_ctcf_h3k4me3_rrbs,42,7,17,C,0.0212280303239822,1.2374041080474854,0.0035029149148613,7,True,17
all_cnn_sequence_ctcf_h3k4me3_rrbs_heldout_hl60_kernel_7,all,hl60,sequence_ctcf_h3k4me3_rrbs,42,7,17,A,0.0179645363241434,1.1682435274124146,0.0058642467483878,7,True,17
all_cnn_sequence_ctcf_h3k4me3_rrbs_heldout_hl60_kernel_7,all,hl60,sequence_ctcf_h3k4me3_rrbs,42,7,17,G,0.0114383287727832,1.0503554344177246,0.002457425231114,7,True,17
all_cnn_sequence_ctcf_h3k4me3_rrbs_heldout_hl60_kernel_7,all,hl60,sequence_ctcf_h3k4me3_rrbs,42,7,17,T,0.0111481742933392,1.0694814920425415,0.0025590523146092,7,True,17
all_cnn_sequence_ctcf_heldout_hct116_kernel_3,all,hct116,sequence_ctcf,42,3,17,A,0.0173987559974193,1.1822222471237185,0.0076588378287851,5,True,17
all_cnn_sequence_ctcf_heldout_hct116_kernel_3,all,hct116,sequence_ctcf,42,3,17,T,0.0121796559542417,0.9598437547683716,0.0,5,True,17
all_cnn_sequence_ctcf_heldout_hct116_kernel_3,all,hct116,sequence_ctcf,42,3,17,G,0.0108108120039105,0.9089066982269288,0.0016961380606517,5,True,17
all_cnn_sequence_ctcf_heldout_hct116_kernel_3,all,hct116,sequence_ctcf,42,3,17,C,0.009345774538815,0.8980991840362549,0.0071569615975022,5,True,17
all_cnn_sequence_ctcf_heldout_hct116_kernel_5,all,hct116,sequence_ctcf,42,5,17,C,0.0316395796835422,0.9220213890075684,0.0041958214715123,5,True,17
all_cnn_sequence_ctcf_heldout_hct116_kernel_5,all,hct116,sequence_ctcf,42,5,17,A,0.0255866758525371,0.8894820213317871,0.0131256328895688,5,True,17
all_cnn_sequence_ctcf_heldout_hct116_kernel_5,all,hct116,sequence_ctcf,42,5,17,T,0.0245194137096405,0.7691324949264526,0.0,5,True,17
all_cnn_sequence_ctcf_heldout_hct116_kernel_5,all,hct116,sequence_ctcf,42,5,17,G,0.0174862444400787,0.7883971929550171,0.0022059024777263,5,True,17
all_cnn_sequence_ctcf_heldout_hct116_kernel_7,all,hct116,sequence_ctcf,42,7,17,C,0.031617172062397,1.3544034957885742,0.0050752675160765,5,True,17
all_cnn_sequence_ctcf_heldout_hct116_kernel_7,all,hct116,sequence_ctcf,42,7,17,T,0.0258817728608846,1.161476969718933,0.0,5,True,17
all_cnn_sequence_ctcf_heldout_hct116_kernel_7,all,hct116,sequence_ctcf,42,7,17,A,0.0248512458056211,1.1804070472717283,0.0075498465448617,5,True,17
all_cnn_sequence_ctcf_heldout_hct116_kernel_7,all,hct116,sequence_ctcf,42,7,17,G,0.0135342925786972,0.958325743675232,0.002147686202079,5,True,17
all_cnn_sequence_ctcf_heldout_hek293t_kernel_3,all,hek293t,sequence_ctcf,42,3,17,T,0.0182413011789321,1.2139604091644287,0.0064119365997612,5,True,17
all_cnn_sequence_ctcf_heldout_hek293t_kernel_3,all,hek293t,sequence_ctcf,42,3,17,A,0.0148689560592174,1.115417718887329,0.0063379621133208,5,True,17
all_cnn_sequence_ctcf_heldout_hek293t_kernel_3,all,hek293t,sequence_ctcf,42,3,17,C,0.0107192853465676,1.053602695465088,0.0090895937755703,5,True,17
all_cnn_sequence_ctcf_heldout_hek293t_kernel_3,all,hek293t,sequence_ctcf,42,3,17,G,0.0105672031641006,0.9532923698425292,0.002751633990556,5,True,17
all_cnn_sequence_ctcf_heldout_hek293t_kernel_5,all,hek293t,sequence_ctcf,42,5,17,C,0.0246272832155227,1.2240647077560425,0.0037135770544409,5,True,17
all_cnn_sequence_ctcf_heldout_hek293t_kernel_5,all,hek293t,sequence_ctcf,42,5,17,A,0.0240106806159019,1.2374615669250488,0.0143344243988394,5,True,17
all_cnn_sequence_ctcf_heldout_hek293t_kernel_5,all,hek293t,sequence_ctcf,42,5,17,T,0.0232018642127513,1.2869271039962769,0.0116705512627959,5,True,17
all_cnn_sequence_ctcf_heldout_hek293t_kernel_5,all,hek293t,sequence_ctcf,42,5,17,G,0.0144564304500818,1.049653172492981,0.0024195637088268,5,True,17
all_cnn_sequence_ctcf_heldout_hek293t_kernel_7,all,hek293t,sequence_ctcf,42,7,17,C,0.0364591591060161,1.410672307014465,0.0077416002750396,5,True,17
all_cnn_sequence_ctcf_heldout_hek293t_kernel_7,all,hek293t,sequence_ctcf,42,7,17,A,0.0292100943624973,1.339219093322754,0.00581029150635,5,True,17
all_cnn_sequence_ctcf_heldout_hek293t_kernel_7,all,hek293t,sequence_ctcf,42,7,17,T,0.0203310325741767,1.174554705619812,0.0027034084778279,5,True,17
all_cnn_sequence_ctcf_heldout_hek293t_kernel_7,all,hek293t,sequence_ctcf,42,7,17,G,0.0168341752141714,1.039570450782776,0.0045619416050612,5,True,17
all_cnn_sequence_ctcf_heldout_hela_kernel_3,all,hela,sequence_ctcf,42,3,17,C,0.0048859287053346,1.1183170080184937,0.0011968489270657,5,True,17
all_cnn_sequence_ctcf_heldout_hela_kernel_3,all,hela,sequence_ctcf,42,3,17,A,0.0044458666816353,1.0932204723358154,0.002800662536174,5,True,17
all_cnn_sequence_ctcf_heldout_hela_kernel_3,all,hela,sequence_ctcf,42,3,17,T,0.0040005655027925,1.1475629806518557,0.0,5,True,17
all_cnn_sequence_ctcf_heldout_hela_kernel_3,all,hela,sequence_ctcf,42,3,17,G,0.0034290524199604,1.0324538946151731,0.0007650831830687,5,True,17
all_cnn_sequence_ctcf_heldout_hela_kernel_5,all,hela,sequence_ctcf,42,5,17,C,0.0107826823368668,1.393778920173645,0.0036834389902651,5,True,17
all_cnn_sequence_ctcf_heldout_hela_kernel_5,all,hela,sequence_ctcf,42,5,17,A,0.0092738345265388,1.270917534828186,0.0030913897790014,5,True,17
all_cnn_sequence_ctcf_heldout_hela_kernel_5,all,hela,sequence_ctcf,42,5,17,T,0.0063495389185845,1.2774543762207031,0.0,5,True,17
all_cnn_sequence_ctcf_heldout_hela_kernel_5,all,hela,sequence_ctcf,42,5,17,G,0.0061269039288163,1.23800790309906,0.0018370398320257,5,True,17
all_cnn_sequence_ctcf_heldout_hela_kernel_7,all,hela,sequence_ctcf,42,7,17,A,0.0073727178387343,1.2871354818344116,0.0019736036192625,5,True,17
all_cnn_sequence_ctcf_heldout_hela_kernel_7,all,hela,sequence_ctcf,42,7,17,C,0.0062761702574789,1.2809311151504517,0.0015710715670138,5,True,17
all_cnn_sequence_ctcf_heldout_hela_kernel_7,all,hela,sequence_ctcf,42,7,17,G,0.0048166066408157,1.3170530796051023,0.001566428807564,5,True,17
all_cnn_sequence_ctcf_heldout_hela_kernel_7,all,hela,sequence_ctcf,42,7,17,T,0.004369341302663,1.3380638360977173,0.0,5,True,17
all_cnn_sequence_ctcf_heldout_hl60_kernel_3,all,hl60,sequence_ctcf,42,3,17,A,0.0079649416729807,0.813502311706543,0.005124136339873,5,True,17
all_cnn_sequence_ctcf_heldout_hl60_kernel_3,all,hl60,sequence_ctcf,42,3,17,G,0.0071096578612923,0.7511372566223145,0.001837718184106,5,True,17
all_cnn_sequence_ctcf_heldout_hl60_kernel_3,all,hl60,sequence_ctcf,42,3,17,T,0.0065137320198118,0.7173064351081848,0.0066315652802586,5,True,17
all_cnn_sequence_ctcf_heldout_hl60_kernel_3,all,hl60,sequence_ctcf,42,3,17,C,0.0050502708181738,0.7264317274093628,0.008617334999144,5,True,17
all_cnn_sequence_ctcf_heldout_hl60_kernel_5,all,hl60,sequence_ctcf,42,5,17,T,0.0211249105632305,0.8653053641319275,0.0302953775972127,5,True,17
all_cnn_sequence_ctcf_heldout_hl60_kernel_5,all,hl60,sequence_ctcf,42,5,17,A,0.0201602708548307,0.8750905990600586,0.02649712190032,5,True,17
all_cnn_sequence_ctcf_heldout_hl60_kernel_5,all,hl60,sequence_ctcf,42,5,17,G,0.0153800910338759,0.8509794473648071,0.0150951761752367,5,True,17
all_cnn_sequence_ctcf_heldout_hl60_kernel_5,all,hl60,sequence_ctcf,42,5,17,C,0.0129903042688965,0.7889196276664734,0.0104140220209956,5,True,17
all_cnn_sequence_ctcf_heldout_hl60_kernel_7,all,hl60,sequence_ctcf,42,7,17,C,0.0287411250174045,1.1076964139938354,0.009539651684463,5,True,17
all_cnn_sequence_ctcf_heldout_hl60_kernel_7,all,hl60,sequence_ctcf,42,7,17,A,0.0196977723389863,1.1437495946884155,0.0077779185958206,5,True,17
all_cnn_sequence_ctcf_heldout_hl60_kernel_7,all,hl60,sequence_ctcf,42,7,17,G,0.0164251662790775,0.9665948748588562,0.0039739003404974,5,True,17
all_cnn_sequence_ctcf_heldout_hl60_kernel_7,all,hl60,sequence_ctcf,42,7,17,T,0.0147828999906778,0.9168074727058412,0.0034803913440555,5,True,17
all_cnn_sequence_ctcf_rrbs_heldout_hct116_kernel_3,all,hct116,sequence_ctcf_rrbs,42,3,17,A,0.0141057753935456,0.955946683883667,0.0124983461573719,6,True,17
all_cnn_sequence_ctcf_rrbs_heldout_hct116_kernel_3,all,hct116,sequence_ctcf_rrbs,42,3,17,G,0.0097779547795653,0.7749618887901306,0.0026255683042109,6,True,17
all_cnn_sequence_ctcf_rrbs_heldout_hct116_kernel_3,all,hct116,sequence_ctcf_rrbs,42,3,17,C,0.0092676095664501,0.7961551547050476,0.0121649093925952,6,True,17
all_cnn_sequence_ctcf_rrbs_heldout_hct116_kernel_3,all,hct116,sequence_ctcf_rrbs,42,3,17,T,0.008595336228609,0.7667074799537659,0.0,6,True,17
all_cnn_sequence_ctcf_rrbs_heldout_hct116_kernel_5,all,hct116,sequence_ctcf_rrbs,42,5,17,A,0.0315623320639133,1.1947035789489746,0.0181428492069244,6,True,17
all_cnn_sequence_ctcf_rrbs_heldout_hct116_kernel_5,all,hct116,sequence_ctcf_rrbs,42,5,17,C,0.0303248073905706,1.0313806533813477,0.0047262515872716,6,True,17
all_cnn_sequence_ctcf_rrbs_heldout_hct116_kernel_5,all,hct116,sequence_ctcf_rrbs,42,5,17,T,0.0253788400441408,0.9195525050163268,0.0,6,True,17
all_cnn_sequence_ctcf_rrbs_heldout_hct116_kernel_5,all,hct116,sequence_ctcf_rrbs,42,5,17,G,0.0198458265513181,0.91029292345047,0.003545208601281,6,True,17
all_cnn_sequence_ctcf_rrbs_heldout_hct116_kernel_7,all,hct116,sequence_ctcf_rrbs,42,7,17,C,0.0287162251770496,1.5883806943893433,0.0052638784982264,6,True,17
all_cnn_sequence_ctcf_rrbs_heldout_hct116_kernel_7,all,hct116,sequence_ctcf_rrbs,42,7,17,A,0.0234706308692693,1.592162013053894,0.0073467558249831,6,True,17
all_cnn_sequence_ctcf_rrbs_heldout_hct116_kernel_7,all,hct116,sequence_ctcf_rrbs,42,7,17,T,0.0229880437254905,1.3796433210372925,0.0,6,True,17
all_cnn_sequence_ctcf_rrbs_heldout_hct116_kernel_7,all,hct116,sequence_ctcf_rrbs,42,7,17,G,0.0107444114983081,1.063679814338684,0.0017918093362823,6,True,17
all_cnn_sequence_ctcf_rrbs_heldout_hek293t_kernel_3,all,hek293t,sequence_ctcf_rrbs,42,3,17,A,0.0177597645670175,1.1837559938430786,0.0111348144710063,6,True,17
all_cnn_sequence_ctcf_rrbs_heldout_hek293t_kernel_3,all,hek293t,sequence_ctcf_rrbs,42,3,17,T,0.0161041971296072,1.1379355192184448,0.0080954115837812,6,True,17
all_cnn_sequence_ctcf_rrbs_heldout_hek293t_kernel_3,all,hek293t,sequence_ctcf_rrbs,42,3,17,G,0.0131391547620296,1.0345947742462158,0.0032468608114868,6,True,17
all_cnn_sequence_ctcf_rrbs_heldout_hek293t_kernel_3,all,hek293t,sequence_ctcf_rrbs,42,3,17,C,0.0125389909371733,0.997710347175598,0.0120564913377165,6,True,17
all_cnn_sequence_ctcf_rrbs_heldout_hek293t_kernel_5,all,hek293t,sequence_ctcf_rrbs,42,5,17,C,0.0292641017585992,1.2236592769622805,0.0045655411668121,6,True,17
all_cnn_sequence_ctcf_rrbs_heldout_hek293t_kernel_5,all,hek293t,sequence_ctcf_rrbs,42,5,17,A,0.0221974477171897,1.1617751121520996,0.0106675522401928,6,True,17
all_cnn_sequence_ctcf_rrbs_heldout_hek293t_kernel_5,all,hek293t,sequence_ctcf_rrbs,42,5,17,T,0.0196124613285064,1.1339852809906006,0.008266519755125,6,True,17
all_cnn_sequence_ctcf_rrbs_heldout_hek293t_kernel_5,all,hek293t,sequence_ctcf_rrbs,42,5,17,G,0.0150795830413699,1.0419771671295166,0.0028878767043352,6,True,17
all_cnn_sequence_ctcf_rrbs_heldout_hek293t_kernel_7,all,hek293t,sequence_ctcf_rrbs,42,7,17,C,0.0383526533842086,1.4165788888931274,0.0073478631675243,6,True,17
all_cnn_sequence_ctcf_rrbs_heldout_hek293t_kernel_7,all,hek293t,sequence_ctcf_rrbs,42,7,17,A,0.0278316233307123,1.345945954322815,0.0146346846595406,6,True,17
all_cnn_sequence_ctcf_rrbs_heldout_hek293t_kernel_7,all,hek293t,sequence_ctcf_rrbs,42,7,17,T,0.0206254571676254,1.144943118095398,0.0059868050739169,6,True,17
all_cnn_sequence_ctcf_rrbs_heldout_hek293t_kernel_7,all,hek293t,sequence_ctcf_rrbs,42,7,17,G,0.0181220434606075,1.0219169855117798,0.0036459781695157,6,True,17
all_cnn_sequence_ctcf_rrbs_heldout_hela_kernel_3,all,hela,sequence_ctcf_rrbs,42,3,17,A,0.0052894065156579,1.3552836179733276,0.0072869430296123,6,True,17
all_cnn_sequence_ctcf_rrbs_heldout_hela_kernel_3,all,hela,sequence_ctcf_rrbs,42,3,17,C,0.0042125363834202,1.3620344400405884,0.0050774351693689,6,True,17
all_cnn_sequence_ctcf_rrbs_heldout_hela_kernel_3,all,hela,sequence_ctcf_rrbs,42,3,17,T,0.0037258337251842,1.379231095314026,0.0,6,True,17
all_cnn_sequence_ctcf_rrbs_heldout_hela_kernel_3,all,hela,sequence_ctcf_rrbs,42,3,17,G,0.003682313254103,1.3065383434295654,0.0009041891898959,6,True,17
all_cnn_sequence_ctcf_rrbs_heldout_hela_kernel_5,all,hela,sequence_ctcf_rrbs,42,5,17,C,0.0086479978635907,1.4523286819458008,0.0018375721992924,6,True,17
all_cnn_sequence_ctcf_rrbs_heldout_hela_kernel_5,all,hela,sequence_ctcf_rrbs,42,5,17,A,0.0066369837149977,1.196178913116455,0.0010520595824345,6,True,17
all_cnn_sequence_ctcf_rrbs_heldout_hela_kernel_5,all,hela,sequence_ctcf_rrbs,42,5,17,T,0.0048111113719642,1.2016370296478271,0.0,6,True,17
all_cnn_sequence_ctcf_rrbs_heldout_hela_kernel_5,all,hela,sequence_ctcf_rrbs,42,5,17,G,0.0038550046738237,1.15294086933136,0.0012699028011411,6,True,17
all_cnn_sequence_ctcf_rrbs_heldout_hela_kernel_7,all,hela,sequence_ctcf_rrbs,42,7,17,G,0.017561562359333,1.390040397644043,0.0096073066815733,6,True,17
all_cnn_sequence_ctcf_rrbs_heldout_hela_kernel_7,all,hela,sequence_ctcf_rrbs,42,7,17,C,0.014832672663033,1.2213022708892822,0.0086089316755533,6,True,17
all_cnn_sequence_ctcf_rrbs_heldout_hela_kernel_7,all,hela,sequence_ctcf_rrbs,42,7,17,A,0.0146930990740656,1.2257825136184692,0.008118194527924,6,True,17
all_cnn_sequence_ctcf_rrbs_heldout_hela_kernel_7,all,hela,sequence_ctcf_rrbs,42,7,17,T,0.0126163866370916,1.2080974578857422,0.0,6,True,17
all_cnn_sequence_ctcf_rrbs_heldout_hl60_kernel_3,all,hl60,sequence_ctcf_rrbs,42,3,17,A,0.0106842769309878,0.9672483801841736,0.0060851308517158,6,True,17
all_cnn_sequence_ctcf_rrbs_heldout_hl60_kernel_3,all,hl60,sequence_ctcf_rrbs,42,3,17,G,0.0090813031420111,0.9391844272613524,0.0012117880396544,6,True,17
all_cnn_sequence_ctcf_rrbs_heldout_hl60_kernel_3,all,hl60,sequence_ctcf_rrbs,42,3,17,T,0.0082915537059307,0.8165850043296814,0.0039226543158292,6,True,17
all_cnn_sequence_ctcf_rrbs_heldout_hl60_kernel_3,all,hl60,sequence_ctcf_rrbs,42,3,17,C,0.007784504443407,0.9260570406913756,0.0074099511839449,6,True,17
all_cnn_sequence_ctcf_rrbs_heldout_hl60_kernel_5,all,hl60,sequence_ctcf_rrbs,42,5,17,A,0.0257703810930252,1.0672942399978638,0.0140596702694892,6,True,17
all_cnn_sequence_ctcf_rrbs_heldout_hl60_kernel_5,all,hl60,sequence_ctcf_rrbs,42,5,17,C,0.0222113840281963,0.9709437489509584,0.0072264713235199,6,True,17
all_cnn_sequence_ctcf_rrbs_heldout_hl60_kernel_5,all,hl60,sequence_ctcf_rrbs,42,5,17,T,0.0188049804419279,0.8622637987136841,0.0128155760467052,6,True,17
all_cnn_sequence_ctcf_rrbs_heldout_hl60_kernel_5,all,hl60,sequence_ctcf_rrbs,42,5,17,G,0.0124552743509411,1.013579249382019,0.0038368396926671,6,True,17
all_cnn_sequence_ctcf_rrbs_heldout_hl60_kernel_7,all,hl60,sequence_ctcf_rrbs,42,7,17,C,0.0144174676388502,0.8584616780281067,0.0021460629068315,6,True,17
all_cnn_sequence_ctcf_rrbs_heldout_hl60_kernel_7,all,hl60,sequence_ctcf_rrbs,42,7,17,A,0.013685361482203,0.86500483751297,0.0030790828168392,6,True,17
all_cnn_sequence_ctcf_rrbs_heldout_hl60_kernel_7,all,hl60,sequence_ctcf_rrbs,42,7,17,T,0.0079782800748944,0.7512323260307312,0.0015246198745444,6,True,17
all_cnn_sequence_ctcf_rrbs_heldout_hl60_kernel_7,all,hl60,sequence_ctcf_rrbs,42,7,17,G,0.0077293952926993,0.8304190039634705,0.001645557465963,6,True,17
all_cnn_sequence_dnase_h3k4me3_heldout_hct116_kernel_3,all,hct116,sequence_dnase_h3k4me3,42,3,17,A,0.0149215329438447,0.942104160785675,0.0144920730963349,6,True,17
all_cnn_sequence_dnase_h3k4me3_heldout_hct116_kernel_3,all,hct116,sequence_dnase_h3k4me3,42,3,17,T,0.0106735862791538,0.8114150166511536,0.0,6,True,17
all_cnn_sequence_dnase_h3k4me3_heldout_hct116_kernel_3,all,hct116,sequence_dnase_h3k4me3,42,3,17,C,0.0104058412835001,0.8743480443954468,0.0132857179269194,6,True,17
all_cnn_sequence_dnase_h3k4me3_heldout_hct116_kernel_3,all,hct116,sequence_dnase_h3k4me3,42,3,17,G,0.0096115162596106,0.8289026021957397,0.0026262293104082,6,True,17
all_cnn_sequence_dnase_h3k4me3_heldout_hct116_kernel_5,all,hct116,sequence_dnase_h3k4me3,42,5,17,C,0.0294820964336395,1.304280161857605,0.0014348938129842,6,True,17
all_cnn_sequence_dnase_h3k4me3_heldout_hct116_kernel_5,all,hct116,sequence_dnase_h3k4me3,42,5,17,A,0.0229784045368433,1.3133037090301514,0.0039638127200305,6,True,17
all_cnn_sequence_dnase_h3k4me3_heldout_hct116_kernel_5,all,hct116,sequence_dnase_h3k4me3,42,5,17,T,0.0175649486482143,1.0017735958099363,0.0,6,True,17
all_cnn_sequence_dnase_h3k4me3_heldout_hct116_kernel_5,all,hct116,sequence_dnase_h3k4me3,42,5,17,G,0.0089083798229694,0.9506487846374512,0.0006495428970083,6,True,17
all_cnn_sequence_dnase_h3k4me3_heldout_hct116_kernel_7,all,hct116,sequence_dnase_h3k4me3,42,7,17,C,0.027885952964425,1.1795625686645508,0.0059394901618361,6,True,17
all_cnn_sequence_dnase_h3k4me3_heldout_hct116_kernel_7,all,hct116,sequence_dnase_h3k4me3,42,7,17,T,0.0231342073529958,0.9616917371749878,0.0,6,True,17
all_cnn_sequence_dnase_h3k4me3_heldout_hct116_kernel_7,all,hct116,sequence_dnase_h3k4me3,42,7,17,A,0.0217292923480272,1.1364753246307373,0.0072051757015287,6,True,17
all_cnn_sequence_dnase_h3k4me3_heldout_hct116_kernel_7,all,hct116,sequence_dnase_h3k4me3,42,7,17,G,0.0152941644191741,0.9078707695007324,0.0041849287226796,6,True,17
all_cnn_sequence_dnase_h3k4me3_heldout_hek293t_kernel_3,all,hek293t,sequence_dnase_h3k4me3,42,3,17,T,0.0173720251768827,1.376503348350525,0.0086920084431767,6,True,17
all_cnn_sequence_dnase_h3k4me3_heldout_hek293t_kernel_3,all,hek293t,sequence_dnase_h3k4me3,42,3,17,A,0.0157441329210996,1.3392902612686155,0.0107293054461479,6,True,17
all_cnn_sequence_dnase_h3k4me3_heldout_hek293t_kernel_3,all,hek293t,sequence_dnase_h3k4me3,42,3,17,C,0.0097937015816569,1.046153545379639,0.0095208436250686,6,True,17
all_cnn_sequence_dnase_h3k4me3_heldout_hek293t_kernel_3,all,hek293t,sequence_dnase_h3k4me3,42,3,17,G,0.0088302753865718,1.120753288269043,0.0020199448335915,6,True,17
all_cnn_sequence_dnase_h3k4me3_heldout_hek293t_kernel_5,all,hek293t,sequence_dnase_h3k4me3,42,5,17,C,0.0276223681867122,1.2052366733551023,0.0059278258122503,6,True,17
all_cnn_sequence_dnase_h3k4me3_heldout_hek293t_kernel_5,all,hek293t,sequence_dnase_h3k4me3,42,5,17,A,0.0268643032759428,1.2919732332229614,0.0196833070367574,6,True,17
all_cnn_sequence_dnase_h3k4me3_heldout_hek293t_kernel_5,all,hek293t,sequence_dnase_h3k4me3,42,5,17,T,0.0224478747695684,1.2151460647583008,0.0148915313184261,6,True,17
all_cnn_sequence_dnase_h3k4me3_heldout_hek293t_kernel_5,all,hek293t,sequence_dnase_h3k4me3,42,5,17,G,0.0159026179462671,1.020235538482666,0.005621685180813,6,True,17
all_cnn_sequence_dnase_h3k4me3_heldout_hek293t_kernel_7,all,hek293t,sequence_dnase_h3k4me3,42,7,17,C,0.0401172563433647,1.4094276428222656,0.006060991436243,6,True,17
all_cnn_sequence_dnase_h3k4me3_heldout_hek293t_kernel_7,all,hek293t,sequence_dnase_h3k4me3,42,7,17,T,0.0254560075700283,1.1652486324310305,0.0059409621171653,6,True,17
all_cnn_sequence_dnase_h3k4me3_heldout_hek293t_kernel_7,all,hek293t,sequence_dnase_h3k4me3,42,7,17,A,0.0244922656565904,1.2216869592666626,0.0095245437696576,6,True,17
all_cnn_sequence_dnase_h3k4me3_heldout_hek293t_kernel_7,all,hek293t,sequence_dnase_h3k4me3,42,7,17,G,0.0158613007515668,1.0056713819503784,0.0036139502190053,6,True,17
all_cnn_sequence_dnase_h3k4me3_heldout_hela_kernel_3,all,hela,sequence_dnase_h3k4me3,42,3,17,A,0.0047928164713084,1.2789617776870728,0.002690632129088,6,True,17
all_cnn_sequence_dnase_h3k4me3_heldout_hela_kernel_3,all,hela,sequence_dnase_h3k4me3,42,3,17,C,0.0043847411870956,1.3365075588226318,0.0013486732495948,6,True,17
all_cnn_sequence_dnase_h3k4me3_heldout_hela_kernel_3,all,hela,sequence_dnase_h3k4me3,42,3,17,G,0.0037073085550218,1.318004846572876,0.0007313347887247,6,True,17
all_cnn_sequence_dnase_h3k4me3_heldout_hela_kernel_3,all,hela,sequence_dnase_h3k4me3,42,3,17,T,0.0035975575447082,1.2224644422531128,0.0,6,True,17
all_cnn_sequence_dnase_h3k4me3_heldout_hela_kernel_5,all,hela,sequence_dnase_h3k4me3,42,5,17,C,0.0095841279253363,1.4932408332824707,0.00063123984728,6,True,17
all_cnn_sequence_dnase_h3k4me3_heldout_hela_kernel_5,all,hela,sequence_dnase_h3k4me3,42,5,17,A,0.0079461457207798,1.327836513519287,0.0008379356586374,6,True,17
all_cnn_sequence_dnase_h3k4me3_heldout_hela_kernel_5,all,hela,sequence_dnase_h3k4me3,42,5,17,G,0.0064384057186543,1.3434783220291138,0.0010285684838891,6,True,17
all_cnn_sequence_dnase_h3k4me3_heldout_hela_kernel_5,all,hela,sequence_dnase_h3k4me3,42,5,17,T,0.0061007584445178,1.240740418434143,0.0,6,True,17
all_cnn_sequence_dnase_h3k4me3_heldout_hela_kernel_7,all,hela,sequence_dnase_h3k4me3,42,7,17,A,0.0080840708687901,1.29857075214386,0.0026055360212922,6,True,17
all_cnn_sequence_dnase_h3k4me3_heldout_hela_kernel_7,all,hela,sequence_dnase_h3k4me3,42,7,17,C,0.0078235622495412,1.3624267578125,0.0021254126913845,6,True,17
all_cnn_sequence_dnase_h3k4me3_heldout_hela_kernel_7,all,hela,sequence_dnase_h3k4me3,42,7,17,T,0.0078049665316939,1.3487471342086792,0.0,6,True,17
all_cnn_sequence_dnase_h3k4me3_heldout_hela_kernel_7,all,hela,sequence_dnase_h3k4me3,42,7,17,G,0.0072585791349411,1.3653908967971802,0.0019485543016344,6,True,17
all_cnn_sequence_dnase_h3k4me3_heldout_hl60_kernel_3,all,hl60,sequence_dnase_h3k4me3,42,3,17,A,0.0151393646374344,1.101734280586243,0.0064277490600943,6,True,17
all_cnn_sequence_dnase_h3k4me3_heldout_hl60_kernel_3,all,hl60,sequence_dnase_h3k4me3,42,3,17,T,0.0131394974887371,1.1276947259902954,0.0052846777252852,6,True,17
all_cnn_sequence_dnase_h3k4me3_heldout_hl60_kernel_3,all,hl60,sequence_dnase_h3k4me3,42,3,17,G,0.0124151902273297,1.128095626831055,0.0019480150658637,6,True,17
all_cnn_sequence_dnase_h3k4me3_heldout_hl60_kernel_3,all,hl60,sequence_dnase_h3k4me3,42,3,17,C,0.0108511196449399,1.081496000289917,0.0074232388287782,6,True,17
all_cnn_sequence_dnase_h3k4me3_heldout_hl60_kernel_5,all,hl60,sequence_dnase_h3k4me3,42,5,17,A,0.0207958631217479,1.2588385343551636,0.0123592130839824,6,True,17
all_cnn_sequence_dnase_h3k4me3_heldout_hl60_kernel_5,all,hl60,sequence_dnase_h3k4me3,42,5,17,C,0.0184091962873935,1.2853244543075562,0.0071890139952301,6,True,17
all_cnn_sequence_dnase_h3k4me3_heldout_hl60_kernel_5,all,hl60,sequence_dnase_h3k4me3,42,5,17,T,0.0142148779705166,1.1806915998458862,0.0072442875243723,6,True,17
all_cnn_sequence_dnase_h3k4me3_heldout_hl60_kernel_5,all,hl60,sequence_dnase_h3k4me3,42,5,17,G,0.0135211665183305,1.2537094354629517,0.0038298901636153,6,True,17
all_cnn_sequence_dnase_h3k4me3_heldout_hl60_kernel_7,all,hl60,sequence_dnase_h3k4me3,42,7,17,C,0.0291186459362506,1.425870656967163,0.0048937504179775,6,True,17
all_cnn_sequence_dnase_h3k4me3_heldout_hl60_kernel_7,all,hl60,sequence_dnase_h3k4me3,42,7,17,A,0.020755460485816,1.303008794784546,0.0047388356178998,6,True,17
all_cnn_sequence_dnase_h3k4me3_heldout_hl60_kernel_7,all,hl60,sequence_dnase_h3k4me3,42,7,17,T,0.0137179708108305,1.161841869354248,0.0025221968535333,6,True,17
all_cnn_sequence_dnase_h3k4me3_heldout_hl60_kernel_7,all,hl60,sequence_dnase_h3k4me3,42,7,17,G,0.0125034768134355,1.0936945676803589,0.0020616624969989,6,True,17
all_cnn_sequence_dnase_h3k4me3_rrbs_heldout_hct116_kernel_3,all,hct116,sequence_dnase_h3k4me3_rrbs,42,3,17,A,0.0154969487339258,1.0035009384155271,0.0082382494583725,7,True,17
all_cnn_sequence_dnase_h3k4me3_rrbs_heldout_hct116_kernel_3,all,hct116,sequence_dnase_h3k4me3_rrbs,42,3,17,T,0.0134206414222717,0.847690761089325,0.0,7,True,17
all_cnn_sequence_dnase_h3k4me3_rrbs_heldout_hct116_kernel_3,all,hct116,sequence_dnase_h3k4me3_rrbs,42,3,17,G,0.010080236941576,0.7579051852226257,0.0032379878684878,7,True,17
all_cnn_sequence_dnase_h3k4me3_rrbs_heldout_hct116_kernel_3,all,hct116,sequence_dnase_h3k4me3_rrbs,42,3,17,C,0.0093490965664386,0.7745433449745178,0.0074916770681738,7,True,17
all_cnn_sequence_dnase_h3k4me3_rrbs_heldout_hct116_kernel_5,all,hct116,sequence_dnase_h3k4me3_rrbs,42,5,17,C,0.0238627940416336,1.5568945407867432,0.0020701757166534,7,True,17
all_cnn_sequence_dnase_h3k4me3_rrbs_heldout_hct116_kernel_5,all,hct116,sequence_dnase_h3k4me3_rrbs,42,5,17,A,0.0169337168335914,1.3737891912460327,0.0080996621400117,7,True,17
all_cnn_sequence_dnase_h3k4me3_rrbs_heldout_hct116_kernel_5,all,hct116,sequence_dnase_h3k4me3_rrbs,42,5,17,T,0.0104828812181949,1.0741679668426514,0.0,7,True,17
all_cnn_sequence_dnase_h3k4me3_rrbs_heldout_hct116_kernel_5,all,hct116,sequence_dnase_h3k4me3_rrbs,42,5,17,G,0.0081263380125164,1.0373213291168213,0.0015017034020274,7,True,17
all_cnn_sequence_dnase_h3k4me3_rrbs_heldout_hct116_kernel_7,all,hct116,sequence_dnase_h3k4me3_rrbs,42,7,17,C,0.0271183066070079,1.431602120399475,0.0029106906149536,7,True,17
all_cnn_sequence_dnase_h3k4me3_rrbs_heldout_hct116_kernel_7,all,hct116,sequence_dnase_h3k4me3_rrbs,42,7,17,A,0.0223082322627306,1.3109023571014404,0.0068142903037369,7,True,17
all_cnn_sequence_dnase_h3k4me3_rrbs_heldout_hct116_kernel_7,all,hct116,sequence_dnase_h3k4me3_rrbs,42,7,17,G,0.0137608963996171,0.9894666075706482,0.0040426943451166,7,True,17
all_cnn_sequence_dnase_h3k4me3_rrbs_heldout_hct116_kernel_7,all,hct116,sequence_dnase_h3k4me3_rrbs,42,7,17,T,0.0124714924022555,0.909457802772522,0.0,7,True,17
all_cnn_sequence_dnase_h3k4me3_rrbs_heldout_hek293t_kernel_3,all,hek293t,sequence_dnase_h3k4me3_rrbs,42,3,17,T,0.0190505627542734,1.2555549144744873,0.0075253117829561,7,True,17
all_cnn_sequence_dnase_h3k4me3_rrbs_heldout_hek293t_kernel_3,all,hek293t,sequence_dnase_h3k4me3_rrbs,42,3,17,A,0.0176601130515337,1.178757667541504,0.0063964123837649,7,True,17
all_cnn_sequence_dnase_h3k4me3_rrbs_heldout_hek293t_kernel_3,all,hek293t,sequence_dnase_h3k4me3_rrbs,42,3,17,G,0.0126644661650061,1.0735163688659668,0.0038180570118129,7,True,17
all_cnn_sequence_dnase_h3k4me3_rrbs_heldout_hek293t_kernel_3,all,hek293t,sequence_dnase_h3k4me3_rrbs,42,3,17,C,0.0122887277975678,1.0410361289978027,0.0094357561320066,7,True,17
all_cnn_sequence_dnase_h3k4me3_rrbs_heldout_hek293t_kernel_5,all,hek293t,sequence_dnase_h3k4me3_rrbs,42,5,17,T,0.0310610998421907,1.2572332620620728,0.0220646951347589,7,True,17
all_cnn_sequence_dnase_h3k4me3_rrbs_heldout_hek293t_kernel_5,all,hek293t,sequence_dnase_h3k4me3_rrbs,42,5,17,A,0.0305340532213449,1.2564870119094849,0.0240568351000547,7,True,17
all_cnn_sequence_dnase_h3k4me3_rrbs_heldout_hek293t_kernel_5,all,hek293t,sequence_dnase_h3k4me3_rrbs,42,5,17,C,0.0284287948161363,1.1107789278030396,0.0062116524204611,7,True,17
all_cnn_sequence_dnase_h3k4me3_rrbs_heldout_hek293t_kernel_5,all,hek293t,sequence_dnase_h3k4me3_rrbs,42,5,17,G,0.0180280096828937,1.0336347818374634,0.0059245415031909,7,True,17
all_cnn_sequence_dnase_h3k4me3_rrbs_heldout_hek293t_kernel_7,all,hek293t,sequence_dnase_h3k4me3_rrbs,42,7,17,C,0.0377373434603214,1.4704272747039795,0.0077453264966607,7,True,17
all_cnn_sequence_dnase_h3k4me3_rrbs_heldout_hek293t_kernel_7,all,hek293t,sequence_dnase_h3k4me3_rrbs,42,7,17,A,0.0257153119891881,1.405014157295227,0.0065321121364831,7,True,17
all_cnn_sequence_dnase_h3k4me3_rrbs_heldout_hek293t_kernel_7,all,hek293t,sequence_dnase_h3k4me3_rrbs,42,7,17,G,0.020705783739686,1.1326532363891602,0.0025801379233598,7,True,17
all_cnn_sequence_dnase_h3k4me3_rrbs_heldout_hek293t_kernel_7,all,hek293t,sequence_dnase_h3k4me3_rrbs,42,7,17,T,0.0174297355115413,1.2381049394607544,0.0031165443360805,7,True,17
all_cnn_sequence_dnase_h3k4me3_rrbs_heldout_hela_kernel_3,all,hela,sequence_dnase_h3k4me3_rrbs,42,3,17,A,0.0048220288008451,1.2240009307861328,0.0022233733907341,7,True,17
all_cnn_sequence_dnase_h3k4me3_rrbs_heldout_hela_kernel_3,all,hela,sequence_dnase_h3k4me3_rrbs,42,3,17,G,0.004004671704024,1.177992582321167,0.0005401505623012,7,True,17
all_cnn_sequence_dnase_h3k4me3_rrbs_heldout_hela_kernel_3,all,hela,sequence_dnase_h3k4me3_rrbs,42,3,17,C,0.0037636726628988,1.2366760969161987,0.0009245883557014,7,True,17
all_cnn_sequence_dnase_h3k4me3_rrbs_heldout_hela_kernel_3,all,hela,sequence_dnase_h3k4me3_rrbs,42,3,17,T,0.003479981329292,1.1939095258712769,0.0,7,True,17
all_cnn_sequence_dnase_h3k4me3_rrbs_heldout_hela_kernel_5,all,hela,sequence_dnase_h3k4me3_rrbs,42,5,17,A,0.0111637040972709,1.227278232574463,0.0024685885291546,7,True,17
all_cnn_sequence_dnase_h3k4me3_rrbs_heldout_hela_kernel_5,all,hela,sequence_dnase_h3k4me3_rrbs,42,5,17,C,0.0111106811091303,1.151405692100525,0.0013717380352318,7,True,17
all_cnn_sequence_dnase_h3k4me3_rrbs_heldout_hela_kernel_5,all,hela,sequence_dnase_h3k4me3_rrbs,42,5,17,T,0.0102704241871833,1.1848630905151367,0.0,7,True,17
all_cnn_sequence_dnase_h3k4me3_rrbs_heldout_hela_kernel_5,all,hela,sequence_dnase_h3k4me3_rrbs,42,5,17,G,0.0089376792311668,1.2647955417633057,0.001599024166353,7,True,17
all_cnn_sequence_dnase_h3k4me3_rrbs_heldout_hela_kernel_7,all,hela,sequence_dnase_h3k4me3_rrbs,42,7,17,G,0.0089291399344801,1.327853798866272,0.0022146508563309,7,True,17
all_cnn_sequence_dnase_h3k4me3_rrbs_heldout_hela_kernel_7,all,hela,sequence_dnase_h3k4me3_rrbs,42,7,17,T,0.0084749236702919,1.372736573219299,0.0,7,True,17
all_cnn_sequence_dnase_h3k4me3_rrbs_heldout_hela_kernel_7,all,hela,sequence_dnase_h3k4me3_rrbs,42,7,17,A,0.0083296541124582,1.2783715724945068,0.0021949710790067,7,True,17
all_cnn_sequence_dnase_h3k4me3_rrbs_heldout_hela_kernel_7,all,hela,sequence_dnase_h3k4me3_rrbs,42,7,17,C,0.0077395197004079,1.3324068784713743,0.0022583182435482,7,True,17
all_cnn_sequence_dnase_h3k4me3_rrbs_heldout_hl60_kernel_3,all,hl60,sequence_dnase_h3k4me3_rrbs,42,3,17,A,0.0133062722161412,1.1095649003982544,0.0038542742840945,7,True,17
all_cnn_sequence_dnase_h3k4me3_rrbs_heldout_hl60_kernel_3,all,hl60,sequence_dnase_h3k4me3_rrbs,42,3,17,T,0.0111923161894083,1.118674874305725,0.0032724207267165,7,True,17
all_cnn_sequence_dnase_h3k4me3_rrbs_heldout_hl60_kernel_3,all,hl60,sequence_dnase_h3k4me3_rrbs,42,3,17,G,0.0096475975587964,1.0945268869400024,0.0014131553471088,7,True,17
all_cnn_sequence_dnase_h3k4me3_rrbs_heldout_hl60_kernel_3,all,hl60,sequence_dnase_h3k4me3_rrbs,42,3,17,C,0.0081183789297938,1.0365334749221802,0.0060191550292074,7,True,17
all_cnn_sequence_dnase_h3k4me3_rrbs_heldout_hl60_kernel_5,all,hl60,sequence_dnase_h3k4me3_rrbs,42,5,17,A,0.0239842589944601,1.1999659538269043,0.0141909765079617,7,True,17
all_cnn_sequence_dnase_h3k4me3_rrbs_heldout_hl60_kernel_5,all,hl60,sequence_dnase_h3k4me3_rrbs,42,5,17,C,0.0233644712716341,1.2764456272125244,0.0057082241401076,7,True,17
all_cnn_sequence_dnase_h3k4me3_rrbs_heldout_hl60_kernel_5,all,hl60,sequence_dnase_h3k4me3_rrbs,42,5,17,G,0.0199393779039382,1.3213776350021362,0.007768977433443,7,True,17
all_cnn_sequence_dnase_h3k4me3_rrbs_heldout_hl60_kernel_5,all,hl60,sequence_dnase_h3k4me3_rrbs,42,5,17,T,0.018498433753848,1.1740084886550903,0.0159687995910644,7,True,17
all_cnn_sequence_dnase_h3k4me3_rrbs_heldout_hl60_kernel_7,all,hl60,sequence_dnase_h3k4me3_rrbs,42,7,17,C,0.0393574312329292,1.1155847311019895,0.0103453118354082,7,True,17
all_cnn_sequence_dnase_h3k4me3_rrbs_heldout_hl60_kernel_7,all,hl60,sequence_dnase_h3k4me3_rrbs,42,7,17,A,0.027025057002902,1.1447874307632446,0.0088575836271047,7,True,17
all_cnn_sequence_dnase_h3k4me3_rrbs_heldout_hl60_kernel_7,all,hl60,sequence_dnase_h3k4me3_rrbs,42,7,17,T,0.0219489075243473,1.0566356182098389,0.0049896389245986,7,True,17
all_cnn_sequence_dnase_h3k4me3_rrbs_heldout_hl60_kernel_7,all,hl60,sequence_dnase_h3k4me3_rrbs,42,7,17,G,0.0216270480304956,1.0568143129348757,0.0050709177739918,7,True,17
all_cnn_sequence_dnase_heldout_hct116_kernel_3,all,hct116,sequence_dnase,42,3,17,A,0.0175008028745651,1.3274389505386353,0.0086027216166257,5,True,17
all_cnn_sequence_dnase_heldout_hct116_kernel_3,all,hct116,sequence_dnase,42,3,17,T,0.0133221521973609,1.0702897310256958,0.0,5,True,17
all_cnn_sequence_dnase_heldout_hct116_kernel_3,all,hct116,sequence_dnase,42,3,17,G,0.0094321239739656,1.0025155544281006,0.0013272828655317,5,True,17
all_cnn_sequence_dnase_heldout_hct116_kernel_3,all,hct116,sequence_dnase,42,3,17,C,0.0093537243083119,1.0115807056427002,0.0073133651167154,5,True,17
all_cnn_sequence_dnase_heldout_hct116_kernel_5,all,hct116,sequence_dnase,42,5,17,C,0.0411030165851116,1.0576026439666748,0.0110036144033074,5,True,17
all_cnn_sequence_dnase_heldout_hct116_kernel_5,all,hct116,sequence_dnase,42,5,17,T,0.0268925204873085,0.8002064228057861,0.0,5,True,17
all_cnn_sequence_dnase_heldout_hct116_kernel_5,all,hct116,sequence_dnase,42,5,17,A,0.0236199051141738,0.9155223965644836,0.0281386654824018,5,True,17
all_cnn_sequence_dnase_heldout_hct116_kernel_5,all,hct116,sequence_dnase,42,5,17,G,0.0183973796665668,0.8454994559288025,0.0104451077058911,5,True,17
all_cnn_sequence_dnase_heldout_hct116_kernel_7,all,hct116,sequence_dnase,42,7,17,A,0.020093509927392,1.3835383653640747,0.0037450056988745,5,True,17
all_cnn_sequence_dnase_heldout_hct116_kernel_7,all,hct116,sequence_dnase,42,7,17,C,0.0199561510235071,1.2614336013793943,0.0027702285442501,5,True,17
all_cnn_sequence_dnase_heldout_hct116_kernel_7,all,hct116,sequence_dnase,42,7,17,T,0.0161383561789989,1.0895386934280396,0.0,5,True,17
all_cnn_sequence_dnase_heldout_hct116_kernel_7,all,hct116,sequence_dnase,42,7,17,G,0.0102120302617549,1.004368543624878,0.0012607524404302,5,True,17
all_cnn_sequence_dnase_heldout_hek293t_kernel_3,all,hek293t,sequence_dnase,42,3,17,T,0.0193241667002439,1.220447659492493,0.0079850880429148,5,True,17
all_cnn_sequence_dnase_heldout_hek293t_kernel_3,all,hek293t,sequence_dnase,42,3,17,A,0.01597192697227,1.139169454574585,0.0067708478309214,5,True,17
all_cnn_sequence_dnase_heldout_hek293t_kernel_3,all,hek293t,sequence_dnase,42,3,17,G,0.0119873471558094,1.013984441757202,0.0025061909109354,5,True,17
all_cnn_sequence_dnase_heldout_hek293t_kernel_3,all,hek293t,sequence_dnase,42,3,17,C,0.0112939309328794,1.1027159690856934,0.0105015002191066,5,True,17
all_cnn_sequence_dnase_heldout_hek293t_kernel_5,all,hek293t,sequence_dnase,42,5,17,A,0.0248602386564016,1.320523977279663,0.0146031742915511,5,True,17
all_cnn_sequence_dnase_heldout_hek293t_kernel_5,all,hek293t,sequence_dnase,42,5,17,C,0.0242675822228193,1.4032987356185913,0.0038199918344616,5,True,17
all_cnn_sequence_dnase_heldout_hek293t_kernel_5,all,hek293t,sequence_dnase,42,5,17,T,0.0231920201331377,1.4167823791503906,0.0106703797355294,5,True,17
all_cnn_sequence_dnase_heldout_hek293t_kernel_5,all,hek293t,sequence_dnase,42,5,17,G,0.0133665781468153,1.2181777954101562,0.0025796988047659,5,True,17
all_cnn_sequence_dnase_heldout_hek293t_kernel_7,all,hek293t,sequence_dnase,42,7,17,C,0.0434121824800968,2.138068675994873,0.0066646025516092,5,True,17
all_cnn_sequence_dnase_heldout_hek293t_kernel_7,all,hek293t,sequence_dnase,42,7,17,A,0.0228046961128711,1.6934874057769775,0.0043768803589046,5,True,17
all_cnn_sequence_dnase_heldout_hek293t_kernel_7,all,hek293t,sequence_dnase,42,7,17,T,0.0142538361251354,1.354193091392517,0.0020742597989737,5,True,17
all_cnn_sequence_dnase_heldout_hek293t_kernel_7,all,hek293t,sequence_dnase,42,7,17,G,0.0138564817607402,1.1059366464614868,0.0017554863588884,5,True,17
all_cnn_sequence_dnase_heldout_hela_kernel_3,all,hela,sequence_dnase,42,3,17,C,0.0045217531733214,1.3155038356781006,0.0006688794237561,5,True,17
all_cnn_sequence_dnase_heldout_hela_kernel_3,all,hela,sequence_dnase,42,3,17,A,0.0043147155083715,1.1643385887145996,0.0016372057143598,5,True,17
all_cnn_sequence_dnase_heldout_hela_kernel_3,all,hela,sequence_dnase,42,3,17,T,0.0035651035141199,1.365439534187317,0.0,5,True,17
all_cnn_sequence_dnase_heldout_hela_kernel_3,all,hela,sequence_dnase,42,3,17,G,0.0032298781443387,1.2030768394470217,0.0003268956206738,5,True,17
all_cnn_sequence_dnase_heldout_hela_kernel_5,all,hela,sequence_dnase,42,5,17,A,0.0099640572443604,1.137912631034851,0.000767161254771,5,True,17
all_cnn_sequence_dnase_heldout_hela_kernel_5,all,hela,sequence_dnase,42,5,17,C,0.0099495882168412,1.126573085784912,0.0009138880413956,5,True,17
all_cnn_sequence_dnase_heldout_hela_kernel_5,all,hela,sequence_dnase,42,5,17,G,0.0075353435240685,1.1694999933242798,0.0009406356257386,5,True,17
all_cnn_sequence_dnase_heldout_hela_kernel_5,all,hela,sequence_dnase,42,5,17,T,0.0073883840814232,1.1513015031814575,0.0,5,True,17
all_cnn_sequence_dnase_heldout_hela_kernel_7,all,hela,sequence_dnase,42,7,17,A,0.0088320383802056,1.320205807685852,0.0015465528704226,5,True,17
all_cnn_sequence_dnase_heldout_hela_kernel_7,all,hela,sequence_dnase,42,7,17,C,0.0070912609808146,1.3540401458740234,0.0014070158358663,5,True,17
all_cnn_sequence_dnase_heldout_hela_kernel_7,all,hela,sequence_dnase,42,7,17,T,0.0063138185068964,1.3385676145553589,0.0,5,True,17
all_cnn_sequence_dnase_heldout_hela_kernel_7,all,hela,sequence_dnase,42,7,17,G,0.00594097469002,1.2559527158737185,0.0010523783275857,5,True,17
all_cnn_sequence_dnase_heldout_hl60_kernel_3,all,hl60,sequence_dnase,42,3,17,A,0.0156317800283432,1.1779743432998655,0.0053204870782792,5,True,17
all_cnn_sequence_dnase_heldout_hl60_kernel_3,all,hl60,sequence_dnase,42,3,17,G,0.015134616754949,1.2082417011260986,0.0019535194151103,5,True,17
all_cnn_sequence_dnase_heldout_hl60_kernel_3,all,hl60,sequence_dnase,42,3,17,T,0.0136016812175512,1.1950539350509644,0.0043259900994598,5,True,17
all_cnn_sequence_dnase_heldout_hl60_kernel_3,all,hl60,sequence_dnase,42,3,17,C,0.0107705565169453,1.160496473312378,0.0069126249291002,5,True,17
all_cnn_sequence_dnase_heldout_hl60_kernel_5,all,hl60,sequence_dnase,42,5,17,A,0.027319673448801,1.1772875785827637,0.0213030520826578,5,True,17
all_cnn_sequence_dnase_heldout_hl60_kernel_5,all,hl60,sequence_dnase,42,5,17,C,0.0249318778514862,1.1365094184875488,0.0076798368245363,5,True,17
all_cnn_sequence_dnase_heldout_hl60_kernel_5,all,hl60,sequence_dnase,42,5,17,T,0.0197933129966259,1.055812120437622,0.0158086847513914,5,True,17
all_cnn_sequence_dnase_heldout_hl60_kernel_5,all,hl60,sequence_dnase,42,5,17,G,0.0196938570588827,1.1629558801651,0.0076937382109463,5,True,17
all_cnn_sequence_dnase_heldout_hl60_kernel_7,all,hl60,sequence_dnase,42,7,17,C,0.035504899919033,1.0738811492919922,0.0132944071665406,5,True,17
all_cnn_sequence_dnase_heldout_hl60_kernel_7,all,hl60,sequence_dnase,42,7,17,A,0.0278060473501682,1.1886990070343018,0.008299552835524,5,True,17
all_cnn_sequence_dnase_heldout_hl60_kernel_7,all,hl60,sequence_dnase,42,7,17,T,0.024133987724781,1.0198131799697876,0.0073434030637145,5,True,17
all_cnn_sequence_dnase_heldout_hl60_kernel_7,all,hl60,sequence_dnase,42,7,17,G,0.0227667540311813,1.0551203489303589,0.004994586110115,5,True,17
all_cnn_sequence_dnase_rrbs_heldout_hct116_kernel_3,all,hct116,sequence_dnase_rrbs,42,3,17,A,0.0161303039640188,1.1711866855621338,0.009077719412744,6,True,17
all_cnn_sequence_dnase_rrbs_heldout_hct116_kernel_3,all,hct116,sequence_dnase_rrbs,42,3,17,T,0.0125197386369109,1.023699164390564,0.0,6,True,17
all_cnn_sequence_dnase_rrbs_heldout_hct116_kernel_3,all,hct116,sequence_dnase_rrbs,42,3,17,C,0.009467901661992,0.9887641072273254,0.0088432393968105,6,True,17
all_cnn_sequence_dnase_rrbs_heldout_hct116_kernel_3,all,hct116,sequence_dnase_rrbs,42,3,17,G,0.0089887781068682,0.9397440552711488,0.001258602249436,6,True,17
all_cnn_sequence_dnase_rrbs_heldout_hct116_kernel_5,all,hct116,sequence_dnase_rrbs,42,5,17,C,0.0282191149890422,1.2579411268234253,0.001848442479968,6,True,17
all_cnn_sequence_dnase_rrbs_heldout_hct116_kernel_5,all,hct116,sequence_dnase_rrbs,42,5,17,A,0.0214072428643703,1.2018392086029053,0.0064515531994402,6,True,17
all_cnn_sequence_dnase_rrbs_heldout_hct116_kernel_5,all,hct116,sequence_dnase_rrbs,42,5,17,T,0.0202146358788013,1.0376384258270264,0.0,6,True,17
all_cnn_sequence_dnase_rrbs_heldout_hct116_kernel_5,all,hct116,sequence_dnase_rrbs,42,5,17,G,0.0117761837318539,0.9969903826713562,0.0013269343180581,6,True,17
all_cnn_sequence_dnase_rrbs_heldout_hct116_kernel_7,all,hct116,sequence_dnase_rrbs,42,7,17,C,0.0262897219508886,2.089757204055786,0.0040786638855934,6,True,17
all_cnn_sequence_dnase_rrbs_heldout_hct116_kernel_7,all,hct116,sequence_dnase_rrbs,42,7,17,A,0.0256529841572046,1.939662218093872,0.0064325905404984,6,True,17
all_cnn_sequence_dnase_rrbs_heldout_hct116_kernel_7,all,hct116,sequence_dnase_rrbs,42,7,17,T,0.0151208713650703,1.266193389892578,0.0,6,True,17
all_cnn_sequence_dnase_rrbs_heldout_hct116_kernel_7,all,hct116,sequence_dnase_rrbs,42,7,17,G,0.0100786248221993,1.1929056644439695,0.0017887119902297,6,True,17
all_cnn_sequence_dnase_rrbs_heldout_hek293t_kernel_3,all,hek293t,sequence_dnase_rrbs,42,3,17,A,0.0217159986495971,1.3407756090164185,0.0138732204213738,6,True,17
all_cnn_sequence_dnase_rrbs_heldout_hek293t_kernel_3,all,hek293t,sequence_dnase_rrbs,42,3,17,T,0.0192709174007177,1.2200063467025757,0.0096963923424482,6,True,17
all_cnn_sequence_dnase_rrbs_heldout_hek293t_kernel_3,all,hek293t,sequence_dnase_rrbs,42,3,17,G,0.0152956834062933,1.1498124599456787,0.0034424948971718,6,True,17
all_cnn_sequence_dnase_rrbs_heldout_hek293t_kernel_3,all,hek293t,sequence_dnase_rrbs,42,3,17,C,0.0142174828797578,1.1206589937210083,0.0140094524249434,6,True,17
all_cnn_sequence_dnase_rrbs_heldout_hek293t_kernel_5,all,hek293t,sequence_dnase_rrbs,42,5,17,C,0.0237186253070831,1.5340031385421753,0.0028570536524057,6,True,17
all_cnn_sequence_dnase_rrbs_heldout_hek293t_kernel_5,all,hek293t,sequence_dnase_rrbs,42,5,17,A,0.0233962945640087,1.5422992706298828,0.0102575151249766,6,True,17
all_cnn_sequence_dnase_rrbs_heldout_hek293t_kernel_5,all,hek293t,sequence_dnase_rrbs,42,5,17,T,0.0175585970282554,1.4334123134613037,0.0056292694061994,6,True,17
all_cnn_sequence_dnase_rrbs_heldout_hek293t_kernel_5,all,hek293t,sequence_dnase_rrbs,42,5,17,G,0.0129462974146008,1.2997573614120483,0.0020770183764398,6,True,17
all_cnn_sequence_dnase_rrbs_heldout_hek293t_kernel_7,all,hek293t,sequence_dnase_rrbs,42,7,17,C,0.0343176200985908,1.8065789937973025,0.0034141063224524,6,True,17
all_cnn_sequence_dnase_rrbs_heldout_hek293t_kernel_7,all,hek293t,sequence_dnase_rrbs,42,7,17,A,0.0206993799656629,1.5446964502334597,0.0036830191966146,6,True,17
all_cnn_sequence_dnase_rrbs_heldout_hek293t_kernel_7,all,hek293t,sequence_dnase_rrbs,42,7,17,T,0.0132615575566887,1.2905685901641846,0.0015218587359413,6,True,17
all_cnn_sequence_dnase_rrbs_heldout_hek293t_kernel_7,all,hek293t,sequence_dnase_rrbs,42,7,17,G,0.011803732253611,1.2016518115997314,0.0011527903843671,6,True,17
all_cnn_sequence_dnase_rrbs_heldout_hela_kernel_3,all,hela,sequence_dnase_rrbs,42,3,17,G,0.0032780731562525,1.3013452291488647,0.0011897269869223,6,True,17
all_cnn_sequence_dnase_rrbs_heldout_hela_kernel_3,all,hela,sequence_dnase_rrbs,42,3,17,T,0.0030667067039757,1.347156643867493,0.0,6,True,17
all_cnn_sequence_dnase_rrbs_heldout_hela_kernel_3,all,hela,sequence_dnase_rrbs,42,3,17,C,0.0030053376685827,1.343392252922058,0.0005462261033244,6,True,17
all_cnn_sequence_dnase_rrbs_heldout_hela_kernel_3,all,hela,sequence_dnase_rrbs,42,3,17,A,0.0028850403614342,1.244077444076538,0.0011814633617177,6,True,17
all_cnn_sequence_dnase_rrbs_heldout_hela_kernel_5,all,hela,sequence_dnase_rrbs,42,5,17,C,0.0091774864122271,1.5524173974990845,0.0002929172187577,6,True,17
all_cnn_sequence_dnase_rrbs_heldout_hela_kernel_5,all,hela,sequence_dnase_rrbs,42,5,17,A,0.0080197900533676,1.3910038471221924,0.0003917916910722,6,True,17
all_cnn_sequence_dnase_rrbs_heldout_hela_kernel_5,all,hela,sequence_dnase_rrbs,42,5,17,G,0.0070791481994092,1.3840073347091677,0.0003247456334065,6,True,17
all_cnn_sequence_dnase_rrbs_heldout_hela_kernel_5,all,hela,sequence_dnase_rrbs,42,5,17,T,0.005378094036132,1.3372362852096558,0.0,6,True,17
all_cnn_sequence_dnase_rrbs_heldout_hela_kernel_7,all,hela,sequence_dnase_rrbs,42,7,17,A,0.0108631588518619,1.2893579006195068,0.0027491487562656,6,True,17
all_cnn_sequence_dnase_rrbs_heldout_hela_kernel_7,all,hela,sequence_dnase_rrbs,42,7,17,T,0.0091308560222387,1.4195560216903689,0.0,6,True,17
all_cnn_sequence_dnase_rrbs_heldout_hela_kernel_7,all,hela,sequence_dnase_rrbs,42,7,17,C,0.0084156049415469,1.3467398881912231,0.0030244942754507,6,True,17
all_cnn_sequence_dnase_rrbs_heldout_hela_kernel_7,all,hela,sequence_dnase_rrbs,42,7,17,G,0.0078095123171806,1.319730281829834,0.0016754729440435,6,True,17
all_cnn_sequence_dnase_rrbs_heldout_hl60_kernel_3,all,hl60,sequence_dnase_rrbs,42,3,17,A,0.0156516153365373,1.1556994915008545,0.0066265389323234,6,True,17
all_cnn_sequence_dnase_rrbs_heldout_hl60_kernel_3,all,hl60,sequence_dnase_rrbs,42,3,17,T,0.0135150821879506,1.1609748601913452,0.0045623779296875,6,True,17
all_cnn_sequence_dnase_rrbs_heldout_hl60_kernel_3,all,hl60,sequence_dnase_rrbs,42,3,17,G,0.0130219804123044,1.0869693756103516,0.0020527385640889,6,True,17
all_cnn_sequence_dnase_rrbs_heldout_hl60_kernel_3,all,hl60,sequence_dnase_rrbs,42,3,17,C,0.0105516267940402,1.1267569065093994,0.0072153494693338,6,True,17
all_cnn_sequence_dnase_rrbs_heldout_hl60_kernel_5,all,hl60,sequence_dnase_rrbs,42,5,17,C,0.0247551407665014,1.2198262214660645,0.0054392339661717,6,True,17
all_cnn_sequence_dnase_rrbs_heldout_hl60_kernel_5,all,hl60,sequence_dnase_rrbs,42,5,17,A,0.0216108169406652,1.0769578218460083,0.0117449322715401,6,True,17
all_cnn_sequence_dnase_rrbs_heldout_hl60_kernel_5,all,hl60,sequence_dnase_rrbs,42,5,17,T,0.0172617118805646,1.0287985801696775,0.0103636309504508,6,True,17
all_cnn_sequence_dnase_rrbs_heldout_hl60_kernel_5,all,hl60,sequence_dnase_rrbs,42,5,17,G,0.0144350081682205,1.1106404066085815,0.0040585715323686,6,True,17
all_cnn_sequence_dnase_rrbs_heldout_hl60_kernel_7,all,hl60,sequence_dnase_rrbs,42,7,17,C,0.0269221868366003,1.327435851097107,0.006429380737245,6,True,17
all_cnn_sequence_dnase_rrbs_heldout_hl60_kernel_7,all,hl60,sequence_dnase_rrbs,42,7,17,A,0.0203725080937147,1.2844905853271484,0.0059149670414626,6,True,17
all_cnn_sequence_dnase_rrbs_heldout_hl60_kernel_7,all,hl60,sequence_dnase_rrbs,42,7,17,T,0.0135716935619711,1.1443328857421875,0.0033259463962167,6,True,17
all_cnn_sequence_dnase_rrbs_heldout_hl60_kernel_7,all,hl60,sequence_dnase_rrbs,42,7,17,G,0.0127129536122083,1.0688748359680176,0.0025132286828011,6,True,17
all_cnn_sequence_h3k4me3_heldout_hct116_kernel_3,all,hct116,sequence_h3k4me3,42,3,17,A,0.0145326135680079,0.9544156193733216,0.0085331117734313,5,True,17
all_cnn_sequence_h3k4me3_heldout_hct116_kernel_3,all,hct116,sequence_h3k4me3,42,3,17,T,0.0130093628540635,0.8131722211837769,0.0,5,True,17
all_cnn_sequence_h3k4me3_heldout_hct116_kernel_3,all,hct116,sequence_h3k4me3,42,3,17,C,0.0091781802475452,0.7855237126350403,0.0070021920837461,5,True,17
all_cnn_sequence_h3k4me3_heldout_hct116_kernel_3,all,hct116,sequence_h3k4me3,42,3,17,G,0.0089410599321126,0.7874722480773926,0.0017447303980588,5,True,17
all_cnn_sequence_h3k4me3_heldout_hct116_kernel_5,all,hct116,sequence_h3k4me3,42,5,17,C,0.0330809839069843,0.9613295793533324,0.004793626256287,5,True,17
all_cnn_sequence_h3k4me3_heldout_hct116_kernel_5,all,hct116,sequence_h3k4me3,42,5,17,T,0.0223157703876495,0.7443460822105408,0.0,5,True,17
all_cnn_sequence_h3k4me3_heldout_hct116_kernel_5,all,hct116,sequence_h3k4me3,42,5,17,A,0.0190332122147083,0.8386959433555603,0.0146673582494258,5,True,17
all_cnn_sequence_h3k4me3_heldout_hct116_kernel_5,all,hct116,sequence_h3k4me3,42,5,17,G,0.0131936063989996,0.8180001378059387,0.0030136888381093,5,True,17
all_cnn_sequence_h3k4me3_heldout_hct116_kernel_7,all,hct116,sequence_h3k4me3,42,7,17,A,0.0181649755686521,1.2919858694076538,0.0046879271976649,5,True,17
all_cnn_sequence_h3k4me3_heldout_hct116_kernel_7,all,hct116,sequence_h3k4me3,42,7,17,C,0.0171662140637636,1.1431922912597656,0.0024221665225923,5,True,17
all_cnn_sequence_h3k4me3_heldout_hct116_kernel_7,all,hct116,sequence_h3k4me3,42,7,17,T,0.0118362326174974,0.9558557271957396,0.0,5,True,17
all_cnn_sequence_h3k4me3_heldout_hct116_kernel_7,all,hct116,sequence_h3k4me3,42,7,17,G,0.0088837230578064,0.9548324346542358,0.0014984182780608,5,True,17
all_cnn_sequence_h3k4me3_heldout_hek293t_kernel_3,all,hek293t,sequence_h3k4me3,42,3,17,T,0.0195021796971559,1.3821407556533811,0.0077097225002944,5,True,17
all_cnn_sequence_h3k4me3_heldout_hek293t_kernel_3,all,hek293t,sequence_h3k4me3,42,3,17,A,0.0169965680688619,1.275976300239563,0.0070778764784336,5,True,17
all_cnn_sequence_h3k4me3_heldout_hek293t_kernel_3,all,hek293t,sequence_h3k4me3,42,3,17,C,0.01123649161309,1.0861443281173706,0.0078335590660572,5,True,17
all_cnn_sequence_h3k4me3_heldout_hek293t_kernel_3,all,hek293t,sequence_h3k4me3,42,3,17,G,0.0108633693307638,1.1625257730484009,0.0022985567338764,5,True,17
all_cnn_sequence_h3k4me3_heldout_hek293t_kernel_5,all,hek293t,sequence_h3k4me3,42,5,17,A,0.0247009713202714,1.404399275779724,0.0150360502302646,5,True,17
all_cnn_sequence_h3k4me3_heldout_hek293t_kernel_5,all,hek293t,sequence_h3k4me3,42,5,17,T,0.02404729090631,1.5210801362991333,0.0122745232656598,5,True,17
all_cnn_sequence_h3k4me3_heldout_hek293t_kernel_5,all,hek293t,sequence_h3k4me3,42,5,17,C,0.0220650341361761,1.3672349452972412,0.0045725763775408,5,True,17
all_cnn_sequence_h3k4me3_heldout_hek293t_kernel_5,all,hek293t,sequence_h3k4me3,42,5,17,G,0.01292544323951,1.1836326122283936,0.0025167188141494,5,True,17
all_cnn_sequence_h3k4me3_heldout_hek293t_kernel_7,all,hek293t,sequence_h3k4me3,42,7,17,C,0.0436681732535362,1.54401957988739,0.0106179341673851,5,True,17
all_cnn_sequence_h3k4me3_heldout_hek293t_kernel_7,all,hek293t,sequence_h3k4me3,42,7,17,A,0.0344378687441349,1.40418541431427,0.0074943341314792,5,True,17
all_cnn_sequence_h3k4me3_heldout_hek293t_kernel_7,all,hek293t,sequence_h3k4me3,42,7,17,T,0.0204599387943744,1.1694550514221191,0.0032789967954158,5,True,17
all_cnn_sequence_h3k4me3_heldout_hek293t_kernel_7,all,hek293t,sequence_h3k4me3,42,7,17,G,0.0191563628613948,1.1005656719207764,0.0046594790183007,5,True,17
all_cnn_sequence_h3k4me3_heldout_hela_kernel_3,all,hela,sequence_h3k4me3,42,3,17,A,0.0045352587476372,1.2526941299438477,0.0053587527945637,5,True,17
all_cnn_sequence_h3k4me3_heldout_hela_kernel_3,all,hela,sequence_h3k4me3,42,3,17,C,0.0042133568786084,1.3273258209228516,0.0023603094741702,5,True,17
all_cnn_sequence_h3k4me3_heldout_hela_kernel_3,all,hela,sequence_h3k4me3,42,3,17,G,0.0038132516201585,1.253104567527771,0.0011597629636526,5,True,17
all_cnn_sequence_h3k4me3_heldout_hela_kernel_3,all,hela,sequence_h3k4me3,42,3,17,T,0.0036324330139905,1.2482794523239136,0.0,5,True,17
all_cnn_sequence_h3k4me3_heldout_hela_kernel_5,all,hela,sequence_h3k4me3,42,5,17,C,0.0058964164927601,1.2633073329925537,0.0007167485309764,5,True,17
all_cnn_sequence_h3k4me3_heldout_hela_kernel_5,all,hela,sequence_h3k4me3,42,5,17,A,0.0053024068474769,1.2328314781188965,0.0013735112734138,5,True,17
all_cnn_sequence_h3k4me3_heldout_hela_kernel_5,all,hela,sequence_h3k4me3,42,5,17,T,0.0050197872333228,1.33317768573761,0.0,5,True,17
all_cnn_sequence_h3k4me3_heldout_hela_kernel_5,all,hela,sequence_h3k4me3,42,5,17,G,0.0046447631902992,1.2782055139541626,0.0008739844779483,5,True,17
all_cnn_sequence_h3k4me3_heldout_hela_kernel_7,all,hela,sequence_h3k4me3,42,7,17,A,0.007493320852518,1.3283381462097168,0.0016870332183316,5,True,17
all_cnn_sequence_h3k4me3_heldout_hela_kernel_7,all,hela,sequence_h3k4me3,42,7,17,C,0.0058810925111174,1.3542675971984863,0.001578974770382,5,True,17
all_cnn_sequence_h3k4me3_heldout_hela_kernel_7,all,hela,sequence_h3k4me3,42,7,17,T,0.0051395110785961,1.3821488618850708,0.0,5,True,17
all_cnn_sequence_h3k4me3_heldout_hela_kernel_7,all,hela,sequence_h3k4me3,42,7,17,G,0.0048038642853498,1.3034001588821411,0.0011976319365203,5,True,17
all_cnn_sequence_h3k4me3_heldout_hl60_kernel_3,all,hl60,sequence_h3k4me3,42,3,17,A,0.0137659767642617,1.0514787435531616,0.0091994106769561,5,True,17
all_cnn_sequence_h3k4me3_heldout_hl60_kernel_3,all,hl60,sequence_h3k4me3,42,3,17,T,0.013173134997487,1.188671588897705,0.012109400704503,5,True,17
all_cnn_sequence_h3k4me3_heldout_hl60_kernel_3,all,hl60,sequence_h3k4me3,42,3,17,G,0.0116136064752936,1.0599629878997805,0.0058404705487191,5,True,17
all_cnn_sequence_h3k4me3_heldout_hl60_kernel_3,all,hl60,sequence_h3k4me3,42,3,17,C,0.0090639190748333,1.0602973699569702,0.0112283444032073,5,True,17
all_cnn_sequence_h3k4me3_heldout_hl60_kernel_5,all,hl60,sequence_h3k4me3,42,5,17,A,0.0276243761181831,1.0071157217025757,0.0263416394591331,5,True,17
all_cnn_sequence_h3k4me3_heldout_hl60_kernel_5,all,hl60,sequence_h3k4me3,42,5,17,T,0.0230806153267622,0.9971181750297546,0.0231623202562332,5,True,17
all_cnn_sequence_h3k4me3_heldout_hl60_kernel_5,all,hl60,sequence_h3k4me3,42,5,17,C,0.0214611180126667,0.9844067692756652,0.0118063585832715,5,True,17
all_cnn_sequence_h3k4me3_heldout_hl60_kernel_5,all,hl60,sequence_h3k4me3,42,5,17,G,0.0204337034374475,1.0774667263031006,0.0157423317432403,5,True,17
all_cnn_sequence_h3k4me3_heldout_hl60_kernel_7,all,hl60,sequence_h3k4me3,42,7,17,A,0.0272667072713375,1.6534221172332764,0.0117446212098002,5,True,17
all_cnn_sequence_h3k4me3_heldout_hl60_kernel_7,all,hl60,sequence_h3k4me3,42,7,17,C,0.0243077538907527,1.5188416242599487,0.0049650347791612,5,True,17
all_cnn_sequence_h3k4me3_heldout_hl60_kernel_7,all,hl60,sequence_h3k4me3,42,7,17,T,0.0145367970690131,1.2852540016174316,0.00386637984775,5,True,17
all_cnn_sequence_h3k4me3_heldout_hl60_kernel_7,all,hl60,sequence_h3k4me3,42,7,17,G,0.0135564310476183,1.1321861743927002,0.0028265947476029,5,True,17
all_cnn_sequence_h3k4me3_rrbs_heldout_hct116_kernel_3,all,hct116,sequence_h3k4me3_rrbs,42,3,17,A,0.0118155982345342,1.0045162439346311,0.0068257194943726,6,True,17
all_cnn_sequence_h3k4me3_rrbs_heldout_hct116_kernel_3,all,hct116,sequence_h3k4me3_rrbs,42,3,17,T,0.0096162073314189,0.8771548271179199,0.0,6,True,17
all_cnn_sequence_h3k4me3_rrbs_heldout_hct116_kernel_3,all,hct116,sequence_h3k4me3_rrbs,42,3,17,C,0.0076876948587596,0.8463616371154785,0.0091387182474136,6,True,17
all_cnn_sequence_h3k4me3_rrbs_heldout_hct116_kernel_3,all,hct116,sequence_h3k4me3_rrbs,42,3,17,G,0.0068634767085313,0.8474146723747253,0.0011552674695849,6,True,17
all_cnn_sequence_h3k4me3_rrbs_heldout_hct116_kernel_5,all,hct116,sequence_h3k4me3_rrbs,42,5,17,C,0.0250634476542472,1.1652473211288452,0.0020462435204535,6,True,17
all_cnn_sequence_h3k4me3_rrbs_heldout_hct116_kernel_5,all,hct116,sequence_h3k4me3_rrbs,42,5,17,A,0.0165536794811487,1.0786052942276,0.0082447491586208,6,True,17
all_cnn_sequence_h3k4me3_rrbs_heldout_hct116_kernel_5,all,hct116,sequence_h3k4me3_rrbs,42,5,17,T,0.0152152962982654,0.9086079597473145,0.0,6,True,17
all_cnn_sequence_h3k4me3_rrbs_heldout_hct116_kernel_5,all,hct116,sequence_h3k4me3_rrbs,42,5,17,G,0.0081065203994512,0.8969517946243286,0.0012640936765819,6,True,17
all_cnn_sequence_h3k4me3_rrbs_heldout_hct116_kernel_7,all,hct116,sequence_h3k4me3_rrbs,42,7,17,C,0.0350026227533817,1.3882430791854858,0.0057198014110326,6,True,17
all_cnn_sequence_h3k4me3_rrbs_heldout_hct116_kernel_7,all,hct116,sequence_h3k4me3_rrbs,42,7,17,T,0.0263109281659126,1.0758943557739258,0.0,6,True,17
all_cnn_sequence_h3k4me3_rrbs_heldout_hct116_kernel_7,all,hct116,sequence_h3k4me3_rrbs,42,7,17,A,0.022302171215415,1.120882272720337,0.006916828919202,6,True,17
all_cnn_sequence_h3k4me3_rrbs_heldout_hct116_kernel_7,all,hct116,sequence_h3k4me3_rrbs,42,7,17,G,0.0168681610375642,1.0266200304031372,0.0036651627160608,6,True,17
all_cnn_sequence_h3k4me3_rrbs_heldout_hek293t_kernel_3,all,hek293t,sequence_h3k4me3_rrbs,42,3,17,T,0.0187177211046218,1.3777843713760376,0.0094107063487172,6,True,17
all_cnn_sequence_h3k4me3_rrbs_heldout_hek293t_kernel_3,all,hek293t,sequence_h3k4me3_rrbs,42,3,17,A,0.0174324344843626,1.3289669752120972,0.010625448077917,6,True,17
all_cnn_sequence_h3k4me3_rrbs_heldout_hek293t_kernel_3,all,hek293t,sequence_h3k4me3_rrbs,42,3,17,C,0.0105987647548317,1.029159665107727,0.0091623868793249,6,True,17
all_cnn_sequence_h3k4me3_rrbs_heldout_hek293t_kernel_3,all,hek293t,sequence_h3k4me3_rrbs,42,3,17,G,0.0102979056537151,1.1405296325683594,0.0017605884931981,6,True,17
all_cnn_sequence_h3k4me3_rrbs_heldout_hek293t_kernel_5,all,hek293t,sequence_h3k4me3_rrbs,42,5,17,C,0.0288832876831293,1.1434602737426758,0.006863425951451,6,True,17
all_cnn_sequence_h3k4me3_rrbs_heldout_hek293t_kernel_5,all,hek293t,sequence_h3k4me3_rrbs,42,5,17,A,0.0265376325696706,1.249664306640625,0.0152339991182088,6,True,17
all_cnn_sequence_h3k4me3_rrbs_heldout_hek293t_kernel_5,all,hek293t,sequence_h3k4me3_rrbs,42,5,17,T,0.0209958329796791,1.1391842365264893,0.0115475319325923,6,True,17
all_cnn_sequence_h3k4me3_rrbs_heldout_hek293t_kernel_5,all,hek293t,sequence_h3k4me3_rrbs,42,5,17,G,0.0155128119513392,1.00303852558136,0.0034027791116386,6,True,17
all_cnn_sequence_h3k4me3_rrbs_heldout_hek293t_kernel_7,all,hek293t,sequence_h3k4me3_rrbs,42,7,17,C,0.0462299399077892,1.5462929010391235,0.0098423175513744,6,True,17
all_cnn_sequence_h3k4me3_rrbs_heldout_hek293t_kernel_7,all,hek293t,sequence_h3k4me3_rrbs,42,7,17,A,0.0257686432451009,1.2787312269210815,0.0085195796564221,6,True,17
all_cnn_sequence_h3k4me3_rrbs_heldout_hek293t_kernel_7,all,hek293t,sequence_h3k4me3_rrbs,42,7,17,T,0.0189397651702165,1.1297740936279297,0.0050016301684081,6,True,17
all_cnn_sequence_h3k4me3_rrbs_heldout_hek293t_kernel_7,all,hek293t,sequence_h3k4me3_rrbs,42,7,17,G,0.0184941198676824,1.0584086179733276,0.0029914847109466,6,True,17
all_cnn_sequence_h3k4me3_rrbs_heldout_hela_kernel_3,all,hela,sequence_h3k4me3_rrbs,42,3,17,G,0.0034462651237845,1.4539953470230105,0.0009568015811964,6,True,17
all_cnn_sequence_h3k4me3_rrbs_heldout_hela_kernel_3,all,hela,sequence_h3k4me3_rrbs,42,3,17,T,0.0030504905153065,1.2965190410614014,0.0,6,True,17
all_cnn_sequence_h3k4me3_rrbs_heldout_hela_kernel_3,all,hela,sequence_h3k4me3_rrbs,42,3,17,A,0.0030024766456335,1.1901298761367798,0.0016454881988465,6,True,17
all_cnn_sequence_h3k4me3_rrbs_heldout_hela_kernel_3,all,hela,sequence_h3k4me3_rrbs,42,3,17,C,0.002867461182177,1.3338676691055298,0.000569867377635,6,True,17
all_cnn_sequence_h3k4me3_rrbs_heldout_hela_kernel_5,all,hela,sequence_h3k4me3_rrbs,42,5,17,C,0.007191109471023,1.5681533813476562,0.0009292943868786,6,True,17
all_cnn_sequence_h3k4me3_rrbs_heldout_hela_kernel_5,all,hela,sequence_h3k4me3_rrbs,42,5,17,G,0.0051580909639596,1.38963520526886,0.0010198552627116,6,True,17
all_cnn_sequence_h3k4me3_rrbs_heldout_hela_kernel_5,all,hela,sequence_h3k4me3_rrbs,42,5,17,A,0.0050276103429496,1.340028166770935,0.0007335261325351,6,True,17
all_cnn_sequence_h3k4me3_rrbs_heldout_hela_kernel_5,all,hela,sequence_h3k4me3_rrbs,42,5,17,T,0.0043419790454208,1.2701395750045776,0.0,6,True,17
all_cnn_sequence_h3k4me3_rrbs_heldout_hela_kernel_7,all,hela,sequence_h3k4me3_rrbs,42,7,17,A,0.0088240588083863,1.3000056743621826,0.0028060860931873,6,True,17
all_cnn_sequence_h3k4me3_rrbs_heldout_hela_kernel_7,all,hela,sequence_h3k4me3_rrbs,42,7,17,T,0.0083077708259224,1.334187150001526,0.0,6,True,17
all_cnn_sequence_h3k4me3_rrbs_heldout_hela_kernel_7,all,hela,sequence_h3k4me3_rrbs,42,7,17,C,0.0081707742065191,1.3334546089172363,0.0024544231127947,6,True,17
all_cnn_sequence_h3k4me3_rrbs_heldout_hela_kernel_7,all,hela,sequence_h3k4me3_rrbs,42,7,17,G,0.0072969319298863,1.305424451828003,0.0023354180157184,6,True,17
all_cnn_sequence_h3k4me3_rrbs_heldout_hl60_kernel_3,all,hl60,sequence_h3k4me3_rrbs,42,3,17,A,0.0165319200605154,1.1558189392089844,0.0066033429466187,6,True,17
all_cnn_sequence_h3k4me3_rrbs_heldout_hl60_kernel_3,all,hl60,sequence_h3k4me3_rrbs,42,3,17,T,0.0140574695542454,1.204070210456848,0.005828593391925,6,True,17
all_cnn_sequence_h3k4me3_rrbs_heldout_hl60_kernel_3,all,hl60,sequence_h3k4me3_rrbs,42,3,17,G,0.0139752067625522,1.18220055103302,0.0022255918011069,6,True,17
all_cnn_sequence_h3k4me3_rrbs_heldout_hl60_kernel_3,all,hl60,sequence_h3k4me3_rrbs,42,3,17,C,0.0109458873048424,1.1293177604675293,0.0082099447026848,6,True,17
all_cnn_sequence_h3k4me3_rrbs_heldout_hl60_kernel_5,all,hl60,sequence_h3k4me3_rrbs,42,5,17,A,0.0281960722059011,0.9791849255561828,0.0148848462849855,6,True,17
all_cnn_sequence_h3k4me3_rrbs_heldout_hl60_kernel_5,all,hl60,sequence_h3k4me3_rrbs,42,5,17,T,0.0258498229086399,0.7758050560951233,0.0164258331060409,6,True,17
all_cnn_sequence_h3k4me3_rrbs_heldout_hl60_kernel_5,all,hl60,sequence_h3k4me3_rrbs,42,5,17,C,0.0241693630814552,0.7726036906242371,0.0078119128011167,6,True,17
all_cnn_sequence_h3k4me3_rrbs_heldout_hl60_kernel_5,all,hl60,sequence_h3k4me3_rrbs,42,5,17,G,0.0200106352567672,0.9705662727355956,0.0064044538885355,6,True,17
all_cnn_sequence_h3k4me3_rrbs_heldout_hl60_kernel_7,all,hl60,sequence_h3k4me3_rrbs,42,7,17,C,0.0271223578602075,1.3470457792282104,0.0043143997900187,6,True,17
all_cnn_sequence_h3k4me3_rrbs_heldout_hl60_kernel_7,all,hl60,sequence_h3k4me3_rrbs,42,7,17,A,0.0251050926744937,1.3768446445465088,0.0070954477414488,6,True,17
all_cnn_sequence_h3k4me3_rrbs_heldout_hl60_kernel_7,all,hl60,sequence_h3k4me3_rrbs,42,7,17,T,0.0144055681303143,1.1728930473327637,0.0031148626003414,6,True,17
all_cnn_sequence_h3k4me3_rrbs_heldout_hl60_kernel_7,all,hl60,sequence_h3k4me3_rrbs,42,7,17,G,0.0136257037520408,1.0802122354507446,0.0026428857818245,6,True,17
all_cnn_sequence_heldout_hct116_kernel_3,all,hct116,sequence,42,3,17,A,0.0158838294446468,1.34177827835083,0.0138109140098094,4,True,17
all_cnn_sequence_heldout_hct116_kernel_3,all,hct116,sequence,42,3,17,T,0.0125155625864863,1.1798313856124878,0.0,4,True,17
all_cnn_sequence_heldout_hct116_kernel_3,all,hct116,sequence,42,3,17,G,0.0094553669914603,0.9991929531097412,0.004361149854958,4,True,17
all_cnn_sequence_heldout_hct116_kernel_3,all,hct116,sequence,42,3,17,C,0.0093237357214093,1.0774551630020142,0.0124205648899078,4,True,17
all_cnn_sequence_heldout_hct116_kernel_5,all,hct116,sequence,42,5,17,C,0.0291356723755598,2.24578595161438,0.0032643661834299,4,True,17
all_cnn_sequence_heldout_hct116_kernel_5,all,hct116,sequence,42,5,17,A,0.0212927293032407,1.7739636898040771,0.0114402249455451,4,True,17
all_cnn_sequence_heldout_hct116_kernel_5,all,hct116,sequence,42,5,17,T,0.0158427860587835,1.3422973155975342,0.0,4,True,17
all_cnn_sequence_heldout_hct116_kernel_5,all,hct116,sequence,42,5,17,G,0.0097713880240917,1.2698851823806765,0.002352497074753,4,True,17
all_cnn_sequence_heldout_hct116_kernel_7,all,hct116,sequence,42,7,17,C,0.0336333513259887,1.4403762817382812,0.0043021771125495,4,True,17
all_cnn_sequence_heldout_hct116_kernel_7,all,hct116,sequence,42,7,17,A,0.0291004944592714,1.544479250907898,0.012670055963099,4,True,17
all_cnn_sequence_heldout_hct116_kernel_7,all,hct116,sequence,42,7,17,T,0.0219915155321359,1.1808278560638428,0.0,4,True,17
all_cnn_sequence_heldout_hct116_kernel_7,all,hct116,sequence,42,7,17,G,0.017546547576785,1.1942273378372192,0.0040882024914026,4,True,17
all_cnn_sequence_heldout_hek293t_kernel_3,all,hek293t,sequence,42,3,17,A,0.0179569106549024,1.4470508098602295,0.0084841148927807,4,True,17
all_cnn_sequence_heldout_hek293t_kernel_3,all,hek293t,sequence,42,3,17,T,0.0165210328996181,1.4025720357894895,0.0073328553698956,4,True,17
all_cnn_sequence_heldout_hek293t_kernel_3,all,hek293t,sequence,42,3,17,G,0.013746234588325,1.3155136108398438,0.0030795640777796,4,True,17
all_cnn_sequence_heldout_hek293t_kernel_3,all,hek293t,sequence,42,3,17,C,0.011073799803853,1.1632953882217407,0.0087132062762975,4,True,17
all_cnn_sequence_heldout_hek293t_kernel_5,all,hek293t,sequence,42,5,17,C,0.0280126482248306,1.546503663063049,0.0034311697818338,4,True,17
all_cnn_sequence_heldout_hek293t_kernel_5,all,hek293t,sequence,42,5,17,A,0.0261593367904424,1.5141440629959106,0.0126612205058336,4,True,17
all_cnn_sequence_heldout_hek293t_kernel_5,all,hek293t,sequence,42,5,17,T,0.0172846540808677,1.3629268407821655,0.0074092694558203,4,True,17
all_cnn_sequence_heldout_hek293t_kernel_5,all,hek293t,sequence,42,5,17,G,0.0125100323930382,1.2232776880264282,0.002715412992984,4,True,17
all_cnn_sequence_heldout_hek293t_kernel_7,all,hek293t,sequence,42,7,17,C,0.0425145737826824,1.5176451206207275,0.0059871692210435,4,True,17
all_cnn_sequence_heldout_hek293t_kernel_7,all,hek293t,sequence,42,7,17,A,0.0237686894834041,1.2044134140014648,0.0043787634931504,4,True,17
all_cnn_sequence_heldout_hek293t_kernel_7,all,hek293t,sequence,42,7,17,T,0.0204289034008979,1.155930995941162,0.0028879661113023,4,True,17
all_cnn_sequence_heldout_hek293t_kernel_7,all,hek293t,sequence,42,7,17,G,0.0159682314842939,1.0640275478363037,0.0034576032776385,4,True,17
all_cnn_sequence_heldout_hela_kernel_3,all,hela,sequence,42,3,17,A,0.0061540678143501,1.0746989250183103,0.0045855678617954,4,True,17
all_cnn_sequence_heldout_hela_kernel_3,all,hela,sequence,42,3,17,G,0.0059392061084508,1.239315629005432,0.0014613103121519,4,True,17
all_cnn_sequence_heldout_hela_kernel_3,all,hela,sequence,42,3,17,C,0.005837942007929,1.191856861114502,0.0019358750432729,4,True,17
all_cnn_sequence_heldout_hela_kernel_3,all,hela,sequence,42,3,17,T,0.0054940762929618,1.2221938371658323,0.0,4,True,17
all_cnn_sequence_heldout_hela_kernel_5,all,hela,sequence,42,5,17,C,0.0219425950199365,1.3733645677566528,0.00177838280797,4,True,17
all_cnn_sequence_heldout_hela_kernel_5,all,hela,sequence,42,5,17,A,0.0143021084368228,1.2061305046081543,0.0020267178770154,4,True,17
all_cnn_sequence_heldout_hela_kernel_5,all,hela,sequence,42,5,17,T,0.0124813308939337,1.2575703859329224,0.0,4,True,17
all_cnn_sequence_heldout_hela_kernel_5,all,hela,sequence,42,5,17,G,0.0108909988775849,1.2929881811141968,0.0014600894646719,4,True,17
all_cnn_sequence_heldout_hela_kernel_7,all,hela,sequence,42,7,17,A,0.004428104031831,1.286333680152893,0.0010702796280384,4,True,17
all_cnn_sequence_heldout_hela_kernel_7,all,hela,sequence,42,7,17,T,0.0038955106865614,1.4186421632766724,0.0,4,True,17
all_cnn_sequence_heldout_hela_kernel_7,all,hela,sequence,42,7,17,C,0.0038704266771674,1.3817354440689087,0.0007715791580267,4,True,17
all_cnn_sequence_heldout_hela_kernel_7,all,hela,sequence,42,7,17,G,0.0034438492730259,1.4017492532730105,0.0008368119597434,4,True,17
all_cnn_sequence_heldout_hl60_kernel_3,all,hl60,sequence,42,3,17,T,0.018570763990283,1.1870282888412476,0.0093674315139651,4,True,17
all_cnn_sequence_heldout_hl60_kernel_3,all,hl60,sequence,42,3,17,A,0.0183736272156238,1.1010160446166992,0.0098201874643564,4,True,17
all_cnn_sequence_heldout_hl60_kernel_3,all,hl60,sequence,42,3,17,G,0.014486732892692,1.0783199071884155,0.0044777891598641,4,True,17
all_cnn_sequence_heldout_hl60_kernel_3,all,hl60,sequence,42,3,17,C,0.0132270194590091,1.0598219633102417,0.0106017254292964,4,True,17
all_cnn_sequence_heldout_hl60_kernel_5,all,hl60,sequence,42,5,17,C,0.0228665806353092,1.0891810655593872,0.0051632542163133,4,True,17
all_cnn_sequence_heldout_hl60_kernel_5,all,hl60,sequence,42,5,17,A,0.0205784291028976,1.057055115699768,0.0120465289801359,4,True,17
all_cnn_sequence_heldout_hl60_kernel_5,all,hl60,sequence,42,5,17,T,0.0190406758338212,1.009790539741516,0.0126617047935724,4,True,17
all_cnn_sequence_heldout_hl60_kernel_5,all,hl60,sequence,42,5,17,G,0.0141823114827275,1.1070966720581057,0.0056308675557374,4,True,17
all_cnn_sequence_heldout_hl60_kernel_7,all,hl60,sequence,42,7,17,C,0.0292146056890487,1.312540054321289,0.0053400355391204,4,True,17
all_cnn_sequence_heldout_hl60_kernel_7,all,hl60,sequence,42,7,17,A,0.0231223292648792,1.3402305841445925,0.0080775069072842,4,True,17
all_cnn_sequence_heldout_hl60_kernel_7,all,hl60,sequence,42,7,17,G,0.0169829446822404,1.1350892782211304,0.0029326579533517,4,True,17
all_cnn_sequence_heldout_hl60_kernel_7,all,hl60,sequence,42,7,17,T,0.0166099034249782,1.1512125730514526,0.0038653870578855,4,True,17
all_cnn_sequence_rrbs_heldout_hct116_kernel_3,all,hct116,sequence_rrbs,42,3,17,A,0.0216825194656848,1.278990387916565,0.0119345439597964,5,True,17
all_cnn_sequence_rrbs_heldout_hct116_kernel_3,all,hct116,sequence_rrbs,42,3,17,T,0.0178573634475469,1.1737167835235596,0.0,5,True,17
all_cnn_sequence_rrbs_heldout_hct116_kernel_3,all,hct116,sequence_rrbs,42,3,17,G,0.0140355266630649,0.9469889402389526,0.0033711313735693,5,True,17
all_cnn_sequence_rrbs_heldout_hct116_kernel_3,all,hct116,sequence_rrbs,42,3,17,C,0.0122390240430831,1.122382879257202,0.012265644967556,5,True,17
all_cnn_sequence_rrbs_heldout_hct116_kernel_5,all,hct116,sequence_rrbs,42,5,17,C,0.0411336347460746,1.0496845245361328,0.0110595468431711,5,True,17
all_cnn_sequence_rrbs_heldout_hct116_kernel_5,all,hct116,sequence_rrbs,42,5,17,A,0.0286040883511304,0.9958421587944032,0.0259487610310316,5,True,17
all_cnn_sequence_rrbs_heldout_hct116_kernel_5,all,hct116,sequence_rrbs,42,5,17,T,0.0270564425736665,0.840070903301239,0.0,5,True,17
all_cnn_sequence_rrbs_heldout_hct116_kernel_5,all,hct116,sequence_rrbs,42,5,17,G,0.018219880759716,0.8775169253349304,0.0093333516269922,5,True,17
all_cnn_sequence_rrbs_heldout_hct116_kernel_7,all,hct116,sequence_rrbs,42,7,17,C,0.0350518375635147,2.167566061019897,0.0078170001506805,5,True,17
all_cnn_sequence_rrbs_heldout_hct116_kernel_7,all,hct116,sequence_rrbs,42,7,17,T,0.0273505467921495,1.584065556526184,0.0,5,True,17
all_cnn_sequence_rrbs_heldout_hct116_kernel_7,all,hct116,sequence_rrbs,42,7,17,A,0.0233971402049064,1.5781230926513672,0.006566802971065,5,True,17
all_cnn_sequence_rrbs_heldout_hct116_kernel_7,all,hct116,sequence_rrbs,42,7,17,G,0.0139155676588416,1.292305588722229,0.0022513463627547,5,True,17
all_cnn_sequence_rrbs_heldout_hek293t_kernel_3,all,hek293t,sequence_rrbs,42,3,17,A,0.0221157316118478,1.2258929014205933,0.0103341415524482,5,True,17
all_cnn_sequence_rrbs_heldout_hek293t_kernel_3,all,hek293t,sequence_rrbs,42,3,17,T,0.0191927384585142,1.1150736808776855,0.0058526075445115,5,True,17
all_cnn_sequence_rrbs_heldout_hek293t_kernel_3,all,hek293t,sequence_rrbs,42,3,17,G,0.0167278293520212,1.0229291915893557,0.0034635984338819,5,True,17
all_cnn_sequence_rrbs_heldout_hek293t_kernel_3,all,hek293t,sequence_rrbs,42,3,17,C,0.0152768669649958,1.1017680168151855,0.0108745107427239,5,True,17
all_cnn_sequence_rrbs_heldout_hek293t_kernel_5,all,hek293t,sequence_rrbs,42,5,17,C,0.0257462542504072,1.608507752418518,0.0035474693868309,5,True,17
all_cnn_sequence_rrbs_heldout_hek293t_kernel_5,all,hek293t,sequence_rrbs,42,5,17,A,0.0253348350524902,1.4883953332901,0.0134492227807641,5,True,17
all_cnn_sequence_rrbs_heldout_hek293t_kernel_5,all,hek293t,sequence_rrbs,42,5,17,T,0.0177482943981885,1.3834518194198608,0.008854242041707,5,True,17
all_cnn_sequence_rrbs_heldout_hek293t_kernel_5,all,hek293t,sequence_rrbs,42,5,17,G,0.0134415309876203,1.2369600534439087,0.0022415753919631,5,True,17
all_cnn_sequence_rrbs_heldout_hek293t_kernel_7,all,hek293t,sequence_rrbs,42,7,17,C,0.0459364093840122,1.531222224235535,0.010044083930552,5,True,17
all_cnn_sequence_rrbs_heldout_hek293t_kernel_7,all,hek293t,sequence_rrbs,42,7,17,A,0.0357612036168575,1.4370896816253662,0.007377668749541,5,True,17
all_cnn_sequence_rrbs_heldout_hek293t_kernel_7,all,hek293t,sequence_rrbs,42,7,17,T,0.0218002200126647,1.170826435089111,0.0031625588890165,5,True,17
all_cnn_sequence_rrbs_heldout_hek293t_kernel_7,all,hek293t,sequence_rrbs,42,7,17,G,0.019306419417262,1.110867619514465,0.0048474608920514,5,True,17
all_cnn_sequence_rrbs_heldout_hela_kernel_3,all,hela,sequence_rrbs,42,3,17,A,0.0053575602360069,1.220670223236084,0.0043061962351202,5,True,17
all_cnn_sequence_rrbs_heldout_hela_kernel_3,all,hela,sequence_rrbs,42,3,17,C,0.0051931710913777,1.2673649787902832,0.0019617655780166,5,True,17
all_cnn_sequence_rrbs_heldout_hela_kernel_3,all,hela,sequence_rrbs,42,3,17,T,0.0045308396220207,1.2423056364059448,0.0,5,True,17
all_cnn_sequence_rrbs_heldout_hela_kernel_3,all,hela,sequence_rrbs,42,3,17,G,0.0037260605022311,1.19085431098938,0.0012019611895084,5,True,17
all_cnn_sequence_rrbs_heldout_hela_kernel_5,all,hela,sequence_rrbs,42,5,17,C,0.0093718692660331,1.194461703300476,0.0036560010630637,5,True,17
all_cnn_sequence_rrbs_heldout_hela_kernel_5,all,hela,sequence_rrbs,42,5,17,A,0.0087901232764124,1.2419472932815552,0.0023550644982606,5,True,17
all_cnn_sequence_rrbs_heldout_hela_kernel_5,all,hela,sequence_rrbs,42,5,17,T,0.0068938508629798,1.1743983030319214,0.0,5,True,17
all_cnn_sequence_rrbs_heldout_hela_kernel_5,all,hela,sequence_rrbs,42,5,17,G,0.0065844734199345,1.26531982421875,0.0021861938294023,5,True,17
all_cnn_sequence_rrbs_heldout_hela_kernel_7,all,hela,sequence_rrbs,42,7,17,A,0.0078601026907563,1.290604591369629,0.0018132175318896,5,True,17
all_cnn_sequence_rrbs_heldout_hela_kernel_7,all,hela,sequence_rrbs,42,7,17,C,0.006186141166836,1.3394510746002195,0.0020998485852032,5,True,17
all_cnn_sequence_rrbs_heldout_hela_kernel_7,all,hela,sequence_rrbs,42,7,17,T,0.0051553761586546,1.3621556758880615,0.0,5,True,17
all_cnn_sequence_rrbs_heldout_hela_kernel_7,all,hela,sequence_rrbs,42,7,17,G,0.0051101627759635,1.254254937171936,0.0011087364982813,5,True,17
all_cnn_sequence_rrbs_heldout_hl60_kernel_3,all,hl60,sequence_rrbs,42,3,17,A,0.0124018928036093,1.078946232795715,0.0078045269474387,5,True,17
all_cnn_sequence_rrbs_heldout_hl60_kernel_3,all,hl60,sequence_rrbs,42,3,17,G,0.0118093397468328,1.0915952920913696,0.0029068957082927,5,True,17
all_cnn_sequence_rrbs_heldout_hl60_kernel_3,all,hl60,sequence_rrbs,42,3,17,T,0.0106543917208909,1.136738896369934,0.0070742825046181,5,True,17
all_cnn_sequence_rrbs_heldout_hl60_kernel_3,all,hl60,sequence_rrbs,42,3,17,C,0.0077039911411702,1.0381563901901243,0.0090880524367094,5,True,17
all_cnn_sequence_rrbs_heldout_hl60_kernel_5,all,hl60,sequence_rrbs,42,5,17,T,0.0317727476358413,1.0559412240982056,0.0331174284219741,5,True,17
all_cnn_sequence_rrbs_heldout_hl60_kernel_5,all,hl60,sequence_rrbs,42,5,17,A,0.0249454956501722,0.9586594700813292,0.0269502885639667,5,True,17
all_cnn_sequence_rrbs_heldout_hl60_kernel_5,all,hl60,sequence_rrbs,42,5,17,C,0.0248880311846733,0.9506255984306335,0.0086982231587171,5,True,17
all_cnn_sequence_rrbs_heldout_hl60_kernel_5,all,hl60,sequence_rrbs,42,5,17,G,0.0198688339442014,1.034558892250061,0.011374213732779,5,True,17
all_cnn_sequence_rrbs_heldout_hl60_kernel_7,all,hl60,sequence_rrbs,42,7,17,A,0.0278547070920467,1.6526424884796145,0.0087930588051676,5,True,17
all_cnn_sequence_rrbs_heldout_hl60_kernel_7,all,hl60,sequence_rrbs,42,7,17,C,0.0252537541091442,1.4048691987991333,0.004835623782128,5,True,17
all_cnn_sequence_rrbs_heldout_hl60_kernel_7,all,hl60,sequence_rrbs,42,7,17,T,0.0138745987787842,1.254465937614441,0.0028626266866922,5,True,17
all_cnn_sequence_rrbs_heldout_hl60_kernel_7,all,hl60,sequence_rrbs,42,7,17,G,0.0135235618799924,1.0868582725524902,0.0023896514903753,5,True,17
mixed_cnn_all_seed_42_kernel_3,mixed,None,all,42,3,17,A,0.0176774524152278,1.1730239391326904,0.0129872662946581,8,True,17
mixed_cnn_all_seed_42_kernel_3,mixed,None,all,42,3,17,G,0.0113455336540937,0.9348821640014648,0.0020118304528295,8,True,17
mixed_cnn_all_seed_42_kernel_3,mixed,None,all,42,3,17,T,0.0108911460265517,1.021525263786316,0.0014653981197625,8,True,17
mixed_cnn_all_seed_42_kernel_3,mixed,None,all,42,3,17,C,0.0103963995352387,0.9718775749206544,0.0069417054764926,8,True,17
mixed_cnn_all_seed_42_kernel_5,mixed,None,all,42,5,17,A,0.0368251651525497,1.1249030828475952,0.0178649835288524,8,True,17
mixed_cnn_all_seed_42_kernel_5,mixed,None,all,42,5,17,T,0.0297367852181196,0.9595321416854858,0.0023565215524286,8,True,17
mixed_cnn_all_seed_42_kernel_5,mixed,None,all,42,5,17,C,0.0235219541937112,0.8481944799423218,0.0039905551820993,8,True,17
mixed_cnn_all_seed_42_kernel_5,mixed,None,all,42,5,17,G,0.0209342651069164,0.8842220902442932,0.0040396773256361,8,True,17
mixed_cnn_all_seed_42_kernel_7,mixed,None,all,42,7,17,C,0.0292578339576721,1.4998159408569336,0.0052235266193747,8,True,17
mixed_cnn_all_seed_42_kernel_7,mixed,None,all,42,7,17,A,0.0274124685674905,1.627804398536682,0.0151214702054858,8,True,17
mixed_cnn_all_seed_42_kernel_7,mixed,None,all,42,7,17,G,0.0151420449838042,1.078269600868225,0.0029634011443704,8,True,17
mixed_cnn_all_seed_42_kernel_7,mixed,None,all,42,7,17,T,0.0131122982129454,1.2547063827514648,0.0008446114370599,8,True,17
mixed_cnn_all_seed_43_kernel_3,mixed,None,all,43,3,17,A,0.0160434283316135,0.8972723484039307,0.0041994610801339,8,True,17
mixed_cnn_all_seed_43_kernel_3,mixed,None,all,43,3,17,C,0.0132514191791415,0.80271977186203,0.0020377440378069,8,True,17
mixed_cnn_all_seed_43_kernel_3,mixed,None,all,43,3,17,G,0.0129105290398001,0.7973787784576416,0.0013164824340492,8,True,17
mixed_cnn_all_seed_43_kernel_3,mixed,None,all,43,3,17,T,0.0107758333906531,0.7730986475944519,0.0003869530628435,8,True,17
mixed_cnn_all_seed_43_kernel_5,mixed,None,all,43,5,17,C,0.0429854542016983,1.0377005338668823,0.0059928162954747,8,True,17
mixed_cnn_all_seed_43_kernel_5,mixed,None,all,43,5,17,A,0.0308870803564786,1.1029400825500488,0.0173255503177642,8,True,17
mixed_cnn_all_seed_43_kernel_5,mixed,None,all,43,5,17,T,0.0179832223802804,0.8752633929252625,0.0028328069020062,8,True,17
mixed_cnn_all_seed_43_kernel_5,mixed,None,all,43,5,17,G,0.0171303562819957,0.8837549090385437,0.0035086688585579,8,True,17
mixed_cnn_all_seed_43_kernel_7,mixed,None,all,43,7,17,C,0.0344316847622394,2.146641254425049,0.0033758531790226,8,True,17
mixed_cnn_all_seed_43_kernel_7,mixed,None,all,43,7,17,A,0.0307903196662664,1.8348816633224487,0.0189797841012477,8,True,17
mixed_cnn_all_seed_43_kernel_7,mixed,None,all,43,7,17,T,0.0177874527871608,1.372926950454712,0.0031671128235757,8,True,17
mixed_cnn_all_seed_43_kernel_7,mixed,None,all,43,7,17,G,0.0139218149706721,1.2134881019592283,0.0090014096349477,8,True,17
mixed_cnn_all_seed_44_kernel_3,mixed,None,all,44,3,17,A,0.0158208291977643,1.2134945392608645,0.0032086493447422,8,True,17
mixed_cnn_all_seed_44_kernel_3,mixed,None,all,44,3,17,C,0.0135028883814811,1.132788062095642,0.001444352325052,8,True,17
mixed_cnn_all_seed_44_kernel_3,mixed,None,all,44,3,17,G,0.0107012754306197,0.9986778497695924,0.001298269839026,8,True,17
mixed_cnn_all_seed_44_kernel_3,mixed,None,all,44,3,17,T,0.0084599321708083,1.0764002799987793,0.0004118603246752,8,True,17
mixed_cnn_all_seed_44_kernel_5,mixed,None,all,44,5,17,A,0.0475611686706543,1.4881141185760498,0.0243242848664522,8,True,17
mixed_cnn_all_seed_44_kernel_5,mixed,None,all,44,5,17,G,0.0260906424373388,1.3245033025741575,0.0053732553496956,8,True,17
mixed_cnn_all_seed_44_kernel_5,mixed,None,all,44,5,17,C,0.0258311424404382,1.1899501085281372,0.0072568771429359,8,True,17
mixed_cnn_all_seed_44_kernel_5,mixed,None,all,44,5,17,T,0.0149272745475173,1.1287912130355835,0.0029040949884802,8,True,17
mixed_cnn_all_seed_44_kernel_7,mixed,None,all,44,7,17,C,0.0405678115785121,1.7307759523391724,0.0048292432911694,8,True,17
mixed_cnn_all_seed_44_kernel_7,mixed,None,all,44,7,17,A,0.0233007092028856,1.36314058303833,0.0015455700922757,8,True,17
mixed_cnn_all_seed_44_kernel_7,mixed,None,all,44,7,17,G,0.0112633444368839,1.0293169021606443,0.0010054394369944,8,True,17
mixed_cnn_all_seed_44_kernel_7,mixed,None,all,44,7,17,T,0.0087670246139168,1.161983847618103,9.677857451606542e-05,8,True,17
mixed_cnn_all_seed_45_kernel_3,mixed,None,all,45,3,17,A,0.0116539141163229,1.087072253227234,0.0014439868973568,8,True,17
mixed_cnn_all_seed_45_kernel_3,mixed,None,all,45,3,17,C,0.0112756667658686,1.0069377422332764,0.0010609307792037,8,True,17
mixed_cnn_all_seed_45_kernel_3,mixed,None,all,45,3,17,G,0.0076067810878157,1.0318925380706787,0.0009297225624322,8,True,17
mixed_cnn_all_seed_45_kernel_3,mixed,None,all,45,3,17,T,0.0050712306983768,0.9938000440597534,0.0003001981240231,8,True,17
mixed_cnn_all_seed_45_kernel_5,mixed,None,all,45,5,17,C,0.0405536256730556,1.3929227590560913,0.0044314521364867,8,True,17
mixed_cnn_all_seed_45_kernel_5,mixed,None,all,45,5,17,A,0.023322120308876,1.2149039506912231,0.0097653269767761,8,True,17
mixed_cnn_all_seed_45_kernel_5,mixed,None,all,45,5,17,G,0.015962878242135,1.035569190979004,0.0021525588817894,8,True,17
mixed_cnn_all_seed_45_kernel_5,mixed,None,all,45,5,17,T,0.0120839662849903,1.0746458768844604,0.0010380070889368,8,True,17
mixed_cnn_all_seed_45_kernel_7,mixed,None,all,45,7,17,C,0.0552898645401001,1.7741265296936035,0.0054409019649028,8,True,17
mixed_cnn_all_seed_45_kernel_7,mixed,None,all,45,7,17,A,0.026160504668951,1.385006308555603,0.0041675269603729,8,True,17
mixed_cnn_all_seed_45_kernel_7,mixed,None,all,45,7,17,T,0.0168703384697437,1.276038408279419,0.0002671175461728,8,True,17
mixed_cnn_all_seed_45_kernel_7,mixed,None,all,45,7,17,G,0.0132199758663773,1.0772093534469604,0.0017137760296463,8,True,17
mixed_cnn_sequence_ctcf_dnase_h3k4me3_seed_42_kernel_3,mixed,None,sequence_ctcf_dnase_h3k4me3,42,3,17,A,0.0205239504575729,1.0640175342559814,0.0165455397218465,7,True,17
mixed_cnn_sequence_ctcf_dnase_h3k4me3_seed_42_kernel_3,mixed,None,sequence_ctcf_dnase_h3k4me3,42,3,17,G,0.0135771604254841,0.8769443035125732,0.0060429191216826,7,True,17
mixed_cnn_sequence_ctcf_dnase_h3k4me3_seed_42_kernel_3,mixed,None,sequence_ctcf_dnase_h3k4me3,42,3,17,T,0.0123604154214262,0.9140761494636536,0.002169485669583,7,True,17
mixed_cnn_sequence_ctcf_dnase_h3k4me3_seed_42_kernel_3,mixed,None,sequence_ctcf_dnase_h3k4me3,42,3,17,C,0.0118957879021763,0.8856239914894104,0.0106092216446995,7,True,17
mixed_cnn_sequence_ctcf_dnase_h3k4me3_seed_42_kernel_5,mixed,None,sequence_ctcf_dnase_h3k4me3,42,5,17,A,0.0320651605725288,1.3785640001296997,0.0254094060510396,7,True,17
mixed_cnn_sequence_ctcf_dnase_h3k4me3_seed_42_kernel_5,mixed,None,sequence_ctcf_dnase_h3k4me3,42,5,17,C,0.029569137841463,1.3733190298080444,0.0047102463431656,7,True,17
mixed_cnn_sequence_ctcf_dnase_h3k4me3_seed_42_kernel_5,mixed,None,sequence_ctcf_dnase_h3k4me3,42,5,17,T,0.0198523420840501,1.1408017873764038,0.0027871881611645,7,True,17
mixed_cnn_sequence_ctcf_dnase_h3k4me3_seed_42_kernel_5,mixed,None,sequence_ctcf_dnase_h3k4me3,42,5,17,G,0.0164260230958461,1.091606616973877,0.0033953005913645,7,True,17
mixed_cnn_sequence_ctcf_dnase_h3k4me3_seed_42_kernel_7,mixed,None,sequence_ctcf_dnase_h3k4me3,42,7,17,C,0.0432489663362503,1.5333985090255735,0.0070469886995851,7,True,17
mixed_cnn_sequence_ctcf_dnase_h3k4me3_seed_42_kernel_7,mixed,None,sequence_ctcf_dnase_h3k4me3,42,7,17,A,0.0287504941225051,1.3394330739974976,0.0128465741872787,7,True,17
mixed_cnn_sequence_ctcf_dnase_h3k4me3_seed_42_kernel_7,mixed,None,sequence_ctcf_dnase_h3k4me3,42,7,17,G,0.0214438438415527,1.015630125999451,0.006507467944175,7,True,17
mixed_cnn_sequence_ctcf_dnase_h3k4me3_seed_42_kernel_7,mixed,None,sequence_ctcf_dnase_h3k4me3,42,7,17,T,0.0183165278285741,1.1559563875198364,0.0014571270439773,7,True,17
mixed_cnn_sequence_ctcf_dnase_h3k4me3_seed_43_kernel_3,mixed,None,sequence_ctcf_dnase_h3k4me3,43,3,17,C,0.0122369369491934,0.9058234691619872,0.001096055842936,7,True,17
mixed_cnn_sequence_ctcf_dnase_h3k4me3_seed_43_kernel_3,mixed,None,sequence_ctcf_dnase_h3k4me3,43,3,17,A,0.0113386660814285,0.8521542549133301,0.0010722468141466,7,True,17
mixed_cnn_sequence_ctcf_dnase_h3k4me3_seed_43_kernel_3,mixed,None,sequence_ctcf_dnase_h3k4me3,43,3,17,G,0.0103758107870817,0.8394201397895813,0.0007576000061817,7,True,17
mixed_cnn_sequence_ctcf_dnase_h3k4me3_seed_43_kernel_3,mixed,None,sequence_ctcf_dnase_h3k4me3,43,3,17,T,0.0079987058416008,0.8126435279846191,0.0001140408494393,7,True,17
mixed_cnn_sequence_ctcf_dnase_h3k4me3_seed_43_kernel_5,mixed,None,sequence_ctcf_dnase_h3k4me3,43,5,17,A,0.0318908765912056,1.3326573371887207,0.0154335489496588,7,True,17
mixed_cnn_sequence_ctcf_dnase_h3k4me3_seed_43_kernel_5,mixed,None,sequence_ctcf_dnase_h3k4me3,43,5,17,C,0.0285283029079437,1.23532235622406,0.0037820150610059,7,True,17
mixed_cnn_sequence_ctcf_dnase_h3k4me3_seed_43_kernel_5,mixed,None,sequence_ctcf_dnase_h3k4me3,43,5,17,T,0.0176360122859478,1.0486212968826294,0.0020676837302744,7,True,17
mixed_cnn_sequence_ctcf_dnase_h3k4me3_seed_43_kernel_5,mixed,None,sequence_ctcf_dnase_h3k4me3,43,5,17,G,0.0162100978195667,0.9949381351470948,0.0041253208182752,7,True,17
mixed_cnn_sequence_ctcf_dnase_h3k4me3_seed_43_kernel_7,mixed,None,sequence_ctcf_dnase_h3k4me3,43,7,17,C,0.0347510278224945,1.4842888116836548,0.0059420596808195,7,True,17
mixed_cnn_sequence_ctcf_dnase_h3k4me3_seed_43_kernel_7,mixed,None,sequence_ctcf_dnase_h3k4me3,43,7,17,A,0.0329226329922676,1.3382114171981812,0.0274506192654371,7,True,17
mixed_cnn_sequence_ctcf_dnase_h3k4me3_seed_43_kernel_7,mixed,None,sequence_ctcf_dnase_h3k4me3,43,7,17,G,0.0217044800519943,1.0588678121566772,0.0092663466930389,7,True,17
mixed_cnn_sequence_ctcf_dnase_h3k4me3_seed_43_kernel_7,mixed,None,sequence_ctcf_dnase_h3k4me3,43,7,17,T,0.0166920609772205,1.0582122802734375,0.004140583332628,7,True,17
mixed_cnn_sequence_ctcf_dnase_h3k4me3_seed_44_kernel_3,mixed,None,sequence_ctcf_dnase_h3k4me3,44,3,17,A,0.0144062945619225,1.2408391237258911,0.001800279947929,7,True,17
mixed_cnn_sequence_ctcf_dnase_h3k4me3_seed_44_kernel_3,mixed,None,sequence_ctcf_dnase_h3k4me3,44,3,17,C,0.0132796671241521,1.1945010423660278,0.0013717047404497,7,True,17
mixed_cnn_sequence_ctcf_dnase_h3k4me3_seed_44_kernel_3,mixed,None,sequence_ctcf_dnase_h3k4me3,44,3,17,G,0.0102615216746926,1.021777629852295,0.0018961877794936,7,True,17
mixed_cnn_sequence_ctcf_dnase_h3k4me3_seed_44_kernel_3,mixed,None,sequence_ctcf_dnase_h3k4me3,44,3,17,T,0.0075094364583492,1.111342191696167,0.0002285089140059,7,True,17
mixed_cnn_sequence_ctcf_dnase_h3k4me3_seed_44_kernel_5,mixed,None,sequence_ctcf_dnase_h3k4me3,44,5,17,A,0.03348845615983,1.358022689819336,0.0109280068427324,7,True,17
mixed_cnn_sequence_ctcf_dnase_h3k4me3_seed_44_kernel_5,mixed,None,sequence_ctcf_dnase_h3k4me3,44,5,17,C,0.0309458170086145,1.1986165046691897,0.0074446522630751,7,True,17
mixed_cnn_sequence_ctcf_dnase_h3k4me3_seed_44_kernel_5,mixed,None,sequence_ctcf_dnase_h3k4me3,44,5,17,G,0.0218045581132173,1.1168714761734009,0.0047007268294692,7,True,17
mixed_cnn_sequence_ctcf_dnase_h3k4me3_seed_44_kernel_5,mixed,None,sequence_ctcf_dnase_h3k4me3,44,5,17,T,0.0206500925123691,1.2466638088226318,0.0020292832050472,7,True,17
mixed_cnn_sequence_ctcf_dnase_h3k4me3_seed_44_kernel_7,mixed,None,sequence_ctcf_dnase_h3k4me3,44,7,17,C,0.042160477489233,1.3792628049850464,0.0112848151475191,7,True,17
mixed_cnn_sequence_ctcf_dnase_h3k4me3_seed_44_kernel_7,mixed,None,sequence_ctcf_dnase_h3k4me3,44,7,17,A,0.0407510623335838,1.49164879322052,0.0183760747313499,7,True,17
mixed_cnn_sequence_ctcf_dnase_h3k4me3_seed_44_kernel_7,mixed,None,sequence_ctcf_dnase_h3k4me3,44,7,17,G,0.0188427325338125,0.9588403701782228,0.0034261550754308,7,True,17
mixed_cnn_sequence_ctcf_dnase_h3k4me3_seed_44_kernel_7,mixed,None,sequence_ctcf_dnase_h3k4me3,44,7,17,T,0.0129623766988515,1.0879998207092283,0.0024823287967592,7,True,17
mixed_cnn_sequence_ctcf_dnase_h3k4me3_seed_45_kernel_3,mixed,None,sequence_ctcf_dnase_h3k4me3,45,3,17,A,0.0140145849436521,0.911328911781311,0.0019498789915814,7,True,17
mixed_cnn_sequence_ctcf_dnase_h3k4me3_seed_45_kernel_3,mixed,None,sequence_ctcf_dnase_h3k4me3,45,3,17,C,0.0115123353898525,0.8331798911094666,0.0025158720090985,7,True,17
mixed_cnn_sequence_ctcf_dnase_h3k4me3_seed_45_kernel_3,mixed,None,sequence_ctcf_dnase_h3k4me3,45,3,17,G,0.0101222209632396,0.8397699594497681,0.0012151161208748,7,True,17
mixed_cnn_sequence_ctcf_dnase_h3k4me3_seed_45_kernel_3,mixed,None,sequence_ctcf_dnase_h3k4me3,45,3,17,T,0.0069331880658864,0.8625404834747314,0.0004306978662498,7,True,17
mixed_cnn_sequence_ctcf_dnase_h3k4me3_seed_45_kernel_5,mixed,None,sequence_ctcf_dnase_h3k4me3,45,5,17,C,0.0318518728017807,1.3825857639312744,0.0033679620828479,7,True,17
mixed_cnn_sequence_ctcf_dnase_h3k4me3_seed_45_kernel_5,mixed,None,sequence_ctcf_dnase_h3k4me3,45,5,17,A,0.0275513231754302,1.404632806777954,0.0058111362159252,7,True,17
mixed_cnn_sequence_ctcf_dnase_h3k4me3_seed_45_kernel_5,mixed,None,sequence_ctcf_dnase_h3k4me3,45,5,17,G,0.0141313038766384,1.0247316360473633,0.0016979133943095,7,True,17
mixed_cnn_sequence_ctcf_dnase_h3k4me3_seed_45_kernel_5,mixed,None,sequence_ctcf_dnase_h3k4me3,45,5,17,T,0.0109461834654212,1.121060132980347,0.0003362729621585,7,True,17
mixed_cnn_sequence_ctcf_dnase_h3k4me3_seed_45_kernel_7,mixed,None,sequence_ctcf_dnase_h3k4me3,45,7,17,C,0.0476962514221668,1.7079784870147705,0.0046582468785345,7,True,17
mixed_cnn_sequence_ctcf_dnase_h3k4me3_seed_45_kernel_7,mixed,None,sequence_ctcf_dnase_h3k4me3,45,7,17,A,0.0250982660800218,1.3318427801132202,0.0035970890894532,7,True,17
mixed_cnn_sequence_ctcf_dnase_h3k4me3_seed_45_kernel_7,mixed,None,sequence_ctcf_dnase_h3k4me3,45,7,17,T,0.0186381246894598,1.3146064281463623,0.0003153721627313,7,True,17
mixed_cnn_sequence_ctcf_dnase_h3k4me3_seed_45_kernel_7,mixed,None,sequence_ctcf_dnase_h3k4me3,45,7,17,G,0.0143604408949613,1.177634596824646,0.0022281419951468,7,True,17
mixed_cnn_sequence_ctcf_dnase_rrbs_seed_42_kernel_3,mixed,None,sequence_ctcf_dnase_rrbs,42,3,17,A,0.0185409262776374,1.2007752656936646,0.0110682630911469,7,True,17
mixed_cnn_sequence_ctcf_dnase_rrbs_seed_42_kernel_3,mixed,None,sequence_ctcf_dnase_rrbs,42,3,17,G,0.0110543249174952,0.9864582419395448,0.0027427736204117,7,True,17
mixed_cnn_sequence_ctcf_dnase_rrbs_seed_42_kernel_3,mixed,None,sequence_ctcf_dnase_rrbs,42,3,17,T,0.0095466496422886,1.0605156421661377,0.001997402170673,7,True,17
mixed_cnn_sequence_ctcf_dnase_rrbs_seed_42_kernel_3,mixed,None,sequence_ctcf_dnase_rrbs,42,3,17,C,0.0088124517351388,0.9818757176399232,0.0079978257417678,7,True,17
mixed_cnn_sequence_ctcf_dnase_rrbs_seed_42_kernel_5,mixed,None,sequence_ctcf_dnase_rrbs,42,5,17,C,0.0288258492946624,1.3001976013183594,0.0048318849876523,7,True,17
mixed_cnn_sequence_ctcf_dnase_rrbs_seed_42_kernel_5,mixed,None,sequence_ctcf_dnase_rrbs,42,5,17,A,0.0282153226435184,1.278550386428833,0.0225200522691011,7,True,17
mixed_cnn_sequence_ctcf_dnase_rrbs_seed_42_kernel_5,mixed,None,sequence_ctcf_dnase_rrbs,42,5,17,T,0.0197646487504243,1.0992685556411743,0.0028560776263475,7,True,17
mixed_cnn_sequence_ctcf_dnase_rrbs_seed_42_kernel_5,mixed,None,sequence_ctcf_dnase_rrbs,42,5,17,G,0.0142342047765851,0.9983842372894288,0.0036361890379339,7,True,17
mixed_cnn_sequence_ctcf_dnase_rrbs_seed_42_kernel_7,mixed,None,sequence_ctcf_dnase_rrbs,42,7,17,C,0.0474776178598403,1.523434281349182,0.0063889184966683,7,True,17
mixed_cnn_sequence_ctcf_dnase_rrbs_seed_42_kernel_7,mixed,None,sequence_ctcf_dnase_rrbs,42,7,17,A,0.0298101343214511,1.3460911512374878,0.0135379405692219,7,True,17
mixed_cnn_sequence_ctcf_dnase_rrbs_seed_42_kernel_7,mixed,None,sequence_ctcf_dnase_rrbs,42,7,17,G,0.0214213170111179,1.0551307201385498,0.004093422088772,7,True,17
mixed_cnn_sequence_ctcf_dnase_rrbs_seed_42_kernel_7,mixed,None,sequence_ctcf_dnase_rrbs,42,7,17,T,0.0174338724464178,1.1356852054595947,0.000968521751929,7,True,17
mixed_cnn_sequence_ctcf_dnase_rrbs_seed_43_kernel_3,mixed,None,sequence_ctcf_dnase_rrbs,43,3,17,C,0.0125279054045677,0.950417160987854,0.0009945514611899,7,True,17
mixed_cnn_sequence_ctcf_dnase_rrbs_seed_43_kernel_3,mixed,None,sequence_ctcf_dnase_rrbs,43,3,17,A,0.0120652886107563,0.9880518317222596,0.0010243388824164,7,True,17
mixed_cnn_sequence_ctcf_dnase_rrbs_seed_43_kernel_3,mixed,None,sequence_ctcf_dnase_rrbs,43,3,17,G,0.0112177617847919,0.950703501701355,0.0009534427663311,7,True,17
mixed_cnn_sequence_ctcf_dnase_rrbs_seed_43_kernel_3,mixed,None,sequence_ctcf_dnase_rrbs,43,3,17,T,0.0080959359183907,0.9004830718040466,0.000113781345135,7,True,17
mixed_cnn_sequence_ctcf_dnase_rrbs_seed_43_kernel_5,mixed,None,sequence_ctcf_dnase_rrbs,43,5,17,C,0.035312570631504,1.379164695739746,0.0055308500304818,7,True,17
mixed_cnn_sequence_ctcf_dnase_rrbs_seed_43_kernel_5,mixed,None,sequence_ctcf_dnase_rrbs,43,5,17,A,0.0313649587333202,1.2992180585861206,0.0161379743367433,7,True,17
mixed_cnn_sequence_ctcf_dnase_rrbs_seed_43_kernel_5,mixed,None,sequence_ctcf_dnase_rrbs,43,5,17,G,0.0168737042695283,1.0433567762374878,0.0041986056603491,7,True,17
mixed_cnn_sequence_ctcf_dnase_rrbs_seed_43_kernel_5,mixed,None,sequence_ctcf_dnase_rrbs,43,5,17,T,0.0166798308491706,1.0296263694763184,0.0021149551030248,7,True,17
mixed_cnn_sequence_ctcf_dnase_rrbs_seed_43_kernel_7,mixed,None,sequence_ctcf_dnase_rrbs,43,7,17,C,0.0337361209094524,2.0787956714630127,0.0050479094497859,7,True,17
mixed_cnn_sequence_ctcf_dnase_rrbs_seed_43_kernel_7,mixed,None,sequence_ctcf_dnase_rrbs,43,7,17,A,0.0334687270224094,1.9770294427871704,0.0184483360499143,7,True,17
mixed_cnn_sequence_ctcf_dnase_rrbs_seed_43_kernel_7,mixed,None,sequence_ctcf_dnase_rrbs,43,7,17,T,0.0151932053267955,1.4201419353485107,0.0027110606897622,7,True,17
mixed_cnn_sequence_ctcf_dnase_rrbs_seed_43_kernel_7,mixed,None,sequence_ctcf_dnase_rrbs,43,7,17,G,0.0106702856719493,1.1662813425064087,0.0034116709139198,7,True,17
mixed_cnn_sequence_ctcf_dnase_rrbs_seed_44_kernel_3,mixed,None,sequence_ctcf_dnase_rrbs,44,3,17,A,0.0165489576756954,1.1862250566482544,0.0024891418870538,7,True,17
mixed_cnn_sequence_ctcf_dnase_rrbs_seed_44_kernel_3,mixed,None,sequence_ctcf_dnase_rrbs,44,3,17,C,0.0132033731788396,1.1201997995376587,0.001280789845623,7,True,17
mixed_cnn_sequence_ctcf_dnase_rrbs_seed_44_kernel_3,mixed,None,sequence_ctcf_dnase_rrbs,44,3,17,G,0.0115545401349663,0.9408403038978576,0.001296640606597,7,True,17
mixed_cnn_sequence_ctcf_dnase_rrbs_seed_44_kernel_3,mixed,None,sequence_ctcf_dnase_rrbs,44,3,17,T,0.0074863899499177,1.0270664691925049,0.0002638881851453,7,True,17
mixed_cnn_sequence_ctcf_dnase_rrbs_seed_44_kernel_5,mixed,None,sequence_ctcf_dnase_rrbs,44,5,17,A,0.0378706790506839,1.5160243511199951,0.0126277348026633,7,True,17
mixed_cnn_sequence_ctcf_dnase_rrbs_seed_44_kernel_5,mixed,None,sequence_ctcf_dnase_rrbs,44,5,17,C,0.030184356495738,1.2898890972137451,0.0028287256136536,7,True,17
mixed_cnn_sequence_ctcf_dnase_rrbs_seed_44_kernel_5,mixed,None,sequence_ctcf_dnase_rrbs,44,5,17,G,0.0226369369775056,1.2244023084640503,0.0030013823416084,7,True,17
mixed_cnn_sequence_ctcf_dnase_rrbs_seed_44_kernel_5,mixed,None,sequence_ctcf_dnase_rrbs,44,5,17,T,0.0121310716494917,1.0592881441116333,0.0018132246332243,7,True,17
mixed_cnn_sequence_ctcf_dnase_rrbs_seed_44_kernel_7,mixed,None,sequence_ctcf_dnase_rrbs,44,7,17,C,0.038195826113224,1.5503596067428589,0.0092002768069505,7,True,17
mixed_cnn_sequence_ctcf_dnase_rrbs_seed_44_kernel_7,mixed,None,sequence_ctcf_dnase_rrbs,44,7,17,A,0.034353818744421,1.6814098358154297,0.013676855713129,7,True,17
mixed_cnn_sequence_ctcf_dnase_rrbs_seed_44_kernel_7,mixed,None,sequence_ctcf_dnase_rrbs,44,7,17,G,0.0141674960032105,1.0017982721328735,0.0034891159739345,7,True,17
mixed_cnn_sequence_ctcf_dnase_rrbs_seed_44_kernel_7,mixed,None,sequence_ctcf_dnase_rrbs,44,7,17,T,0.0089222975075244,1.1512314081192017,0.0022569859866052,7,True,17
mixed_cnn_sequence_ctcf_dnase_rrbs_seed_45_kernel_3,mixed,None,sequence_ctcf_dnase_rrbs,45,3,17,A,0.0126580763608217,1.1208475828170776,0.0018984379712492,7,True,17
mixed_cnn_sequence_ctcf_dnase_rrbs_seed_45_kernel_3,mixed,None,sequence_ctcf_dnase_rrbs,45,3,17,C,0.0111597208306193,1.0690622329711914,0.0012739897938445,7,True,17
mixed_cnn_sequence_ctcf_dnase_rrbs_seed_45_kernel_3,mixed,None,sequence_ctcf_dnase_rrbs,45,3,17,T,0.0080707613378763,1.062023401260376,0.0003670756123028,7,True,17
mixed_cnn_sequence_ctcf_dnase_rrbs_seed_45_kernel_3,mixed,None,sequence_ctcf_dnase_rrbs,45,3,17,G,0.0077049913816154,1.0097672939300537,0.0010284635936841,7,True,17
mixed_cnn_sequence_ctcf_dnase_rrbs_seed_45_kernel_5,mixed,None,sequence_ctcf_dnase_rrbs,45,5,17,A,0.03214867785573,1.4615063667297363,0.008527161553502,7,True,17
mixed_cnn_sequence_ctcf_dnase_rrbs_seed_45_kernel_5,mixed,None,sequence_ctcf_dnase_rrbs,45,5,17,C,0.0304468944668769,1.4171671867370603,0.0053208349272608,7,True,17
mixed_cnn_sequence_ctcf_dnase_rrbs_seed_45_kernel_5,mixed,None,sequence_ctcf_dnase_rrbs,45,5,17,G,0.0168249774724245,1.1347736120224,0.002336261793971,7,True,17
mixed_cnn_sequence_ctcf_dnase_rrbs_seed_45_kernel_5,mixed,None,sequence_ctcf_dnase_rrbs,45,5,17,T,0.0117844343185424,1.164323329925537,0.0007561658276244,7,True,17
mixed_cnn_sequence_ctcf_dnase_rrbs_seed_45_kernel_7,mixed,None,sequence_ctcf_dnase_rrbs,45,7,17,C,0.0426281802356243,1.5007245540618896,0.0044806567020714,7,True,17
mixed_cnn_sequence_ctcf_dnase_rrbs_seed_45_kernel_7,mixed,None,sequence_ctcf_dnase_rrbs,45,7,17,A,0.0249359179288148,1.303380250930786,0.003332769498229,7,True,17
mixed_cnn_sequence_ctcf_dnase_rrbs_seed_45_kernel_7,mixed,None,sequence_ctcf_dnase_rrbs,45,7,17,T,0.0165076814591884,1.2305808067321775,0.0003582200151868,7,True,17
mixed_cnn_sequence_ctcf_dnase_rrbs_seed_45_kernel_7,mixed,None,sequence_ctcf_dnase_rrbs,45,7,17,G,0.0134228188544511,1.111681580543518,0.002114335540682,7,True,17
mixed_cnn_sequence_ctcf_dnase_seed_42_kernel_3,mixed,None,sequence_ctcf_dnase,42,3,17,A,0.0171461328864097,1.2180297374725342,0.015892157331109,6,True,17
mixed_cnn_sequence_ctcf_dnase_seed_42_kernel_3,mixed,None,sequence_ctcf_dnase,42,3,17,G,0.0102855768054723,1.0302971601486206,0.0029713422991335,6,True,17
mixed_cnn_sequence_ctcf_dnase_seed_42_kernel_3,mixed,None,sequence_ctcf_dnase,42,3,17,T,0.0094822645187377,1.04426908493042,0.0020342974457889,6,True,17
mixed_cnn_sequence_ctcf_dnase_seed_42_kernel_3,mixed,None,sequence_ctcf_dnase,42,3,17,C,0.0093502961099147,1.0246325731277466,0.012281073257327,6,True,17
mixed_cnn_sequence_ctcf_dnase_seed_42_kernel_5,mixed,None,sequence_ctcf_dnase,42,5,17,A,0.0309663861989974,1.1556254625320437,0.0171308144927024,6,True,17
mixed_cnn_sequence_ctcf_dnase_seed_42_kernel_5,mixed,None,sequence_ctcf_dnase,42,5,17,C,0.030031843110919,1.218059778213501,0.0045285555534064,6,True,17
mixed_cnn_sequence_ctcf_dnase_seed_42_kernel_5,mixed,None,sequence_ctcf_dnase,42,5,17,T,0.0226718485355377,1.0634617805480957,0.0022938344627618,6,True,17
mixed_cnn_sequence_ctcf_dnase_seed_42_kernel_5,mixed,None,sequence_ctcf_dnase,42,5,17,G,0.0169733818620443,0.9867510795593262,0.0035947072319686,6,True,17
mixed_cnn_sequence_ctcf_dnase_seed_42_kernel_7,mixed,None,sequence_ctcf_dnase,42,7,17,C,0.0271843392401933,1.8969882726669312,0.0028790023643523,6,True,17
mixed_cnn_sequence_ctcf_dnase_seed_42_kernel_7,mixed,None,sequence_ctcf_dnase,42,7,17,A,0.0259859021753072,1.7385109663009644,0.0099448896944522,6,True,17
mixed_cnn_sequence_ctcf_dnase_seed_42_kernel_7,mixed,None,sequence_ctcf_dnase,42,7,17,T,0.0110825952142477,1.287079095840454,0.0005168981151655,6,True,17
mixed_cnn_sequence_ctcf_dnase_seed_42_kernel_7,mixed,None,sequence_ctcf_dnase,42,7,17,G,0.0105293048545718,1.1883476972579956,0.0022101507056504,6,True,17
mixed_cnn_sequence_ctcf_dnase_seed_43_kernel_3,mixed,None,sequence_ctcf_dnase,43,3,17,C,0.015527575276792,1.013434886932373,0.0012681297957897,6,True,17
mixed_cnn_sequence_ctcf_dnase_seed_43_kernel_3,mixed,None,sequence_ctcf_dnase,43,3,17,A,0.0106353731825947,1.0389512777328491,0.0014462342951446,6,True,17
mixed_cnn_sequence_ctcf_dnase_seed_43_kernel_3,mixed,None,sequence_ctcf_dnase,43,3,17,G,0.0093449195846915,0.9451574087142944,0.0012718961806967,6,True,17
mixed_cnn_sequence_ctcf_dnase_seed_43_kernel_3,mixed,None,sequence_ctcf_dnase,43,3,17,T,0.0091959601268172,0.9651968479156494,0.0002023365377681,6,True,17
mixed_cnn_sequence_ctcf_dnase_seed_43_kernel_5,mixed,None,sequence_ctcf_dnase,43,5,17,C,0.0300085730850696,1.2693147659301758,0.0029380582273006,6,True,17
mixed_cnn_sequence_ctcf_dnase_seed_43_kernel_5,mixed,None,sequence_ctcf_dnase,43,5,17,A,0.020755348727107,1.1005818843841553,0.011800087057054,6,True,17
mixed_cnn_sequence_ctcf_dnase_seed_43_kernel_5,mixed,None,sequence_ctcf_dnase,43,5,17,T,0.010394999757409,0.9680580496788024,0.001659343834035,6,True,17
mixed_cnn_sequence_ctcf_dnase_seed_43_kernel_5,mixed,None,sequence_ctcf_dnase,43,5,17,G,0.0103591382503509,1.0121744871139526,0.0037596188485622,6,True,17
mixed_cnn_sequence_ctcf_dnase_seed_43_kernel_7,mixed,None,sequence_ctcf_dnase,43,7,17,C,0.0349257886409759,1.4183896780014038,0.0087391659617424,6,True,17
mixed_cnn_sequence_ctcf_dnase_seed_43_kernel_7,mixed,None,sequence_ctcf_dnase,43,7,17,A,0.0196287650614976,1.082469820976257,0.0120274070650339,6,True,17
mixed_cnn_sequence_ctcf_dnase_seed_43_kernel_7,mixed,None,sequence_ctcf_dnase,43,7,17,T,0.0168326143175363,1.0380964279174805,0.0032780359033495,6,True,17
mixed_cnn_sequence_ctcf_dnase_seed_43_kernel_7,mixed,None,sequence_ctcf_dnase,43,7,17,G,0.0115671111270785,1.0226824283599854,0.0037300854455679,6,True,17
mixed_cnn_sequence_ctcf_dnase_seed_44_kernel_3,mixed,None,sequence_ctcf_dnase,44,3,17,A,0.0168309435248374,1.0558701753616333,0.0034824325703084,6,True,17
mixed_cnn_sequence_ctcf_dnase_seed_44_kernel_3,mixed,None,sequence_ctcf_dnase,44,3,17,C,0.0141249215230345,0.9156519174575806,0.0021271037403494,6,True,17
mixed_cnn_sequence_ctcf_dnase_seed_44_kernel_3,mixed,None,sequence_ctcf_dnase,44,3,17,G,0.0115244071930646,0.8825027942657471,0.0022944556549191,6,True,17
mixed_cnn_sequence_ctcf_dnase_seed_44_kernel_3,mixed,None,sequence_ctcf_dnase,44,3,17,T,0.0092342589050531,0.8702535033226013,0.0005024314159527,6,True,17
mixed_cnn_sequence_ctcf_dnase_seed_44_kernel_5,mixed,None,sequence_ctcf_dnase,44,5,17,A,0.0483706332743167,1.3730984926223757,0.0251271296292543,6,True,17
mixed_cnn_sequence_ctcf_dnase_seed_44_kernel_5,mixed,None,sequence_ctcf_dnase,44,5,17,C,0.0277911741286516,1.0393003225326538,0.0078321369364857,6,True,17
mixed_cnn_sequence_ctcf_dnase_seed_44_kernel_5,mixed,None,sequence_ctcf_dnase,44,5,17,G,0.0266674552112817,1.0370104312896729,0.0042651775293052,6,True,17
mixed_cnn_sequence_ctcf_dnase_seed_44_kernel_5,mixed,None,sequence_ctcf_dnase,44,5,17,T,0.0202154517173767,1.0529757738113403,0.0040902537293732,6,True,17
mixed_cnn_sequence_ctcf_dnase_seed_44_kernel_7,mixed,None,sequence_ctcf_dnase,44,7,17,C,0.0452908091247081,1.9980440139770508,0.0097522670403122,6,True,17
mixed_cnn_sequence_ctcf_dnase_seed_44_kernel_7,mixed,None,sequence_ctcf_dnase,44,7,17,A,0.0284495558589696,1.5876296758651731,0.0100877517834305,6,True,17
mixed_cnn_sequence_ctcf_dnase_seed_44_kernel_7,mixed,None,sequence_ctcf_dnase,44,7,17,G,0.0125683350488543,1.0326677560806274,0.0019305810565128,6,True,17
mixed_cnn_sequence_ctcf_dnase_seed_44_kernel_7,mixed,None,sequence_ctcf_dnase,44,7,17,T,0.0098736369982361,1.2669318914413452,0.0013235309161245,6,True,17
mixed_cnn_sequence_ctcf_dnase_seed_45_kernel_3,mixed,None,sequence_ctcf_dnase,45,3,17,A,0.0142837027087807,1.2534068822860718,0.001923295087181,6,True,17
mixed_cnn_sequence_ctcf_dnase_seed_45_kernel_3,mixed,None,sequence_ctcf_dnase,45,3,17,C,0.0119105288758873,1.0680792331695557,0.0013097750488668,6,True,17
mixed_cnn_sequence_ctcf_dnase_seed_45_kernel_3,mixed,None,sequence_ctcf_dnase,45,3,17,G,0.0084163192659616,1.1690417528152466,0.0013292441144585,6,True,17
mixed_cnn_sequence_ctcf_dnase_seed_45_kernel_3,mixed,None,sequence_ctcf_dnase,45,3,17,T,0.0068490291014313,1.1240588426589966,0.0003997549938503,6,True,17
mixed_cnn_sequence_ctcf_dnase_seed_45_kernel_5,mixed,None,sequence_ctcf_dnase,45,5,17,C,0.0415519326925277,1.530356526374817,0.0040190620347857,6,True,17
mixed_cnn_sequence_ctcf_dnase_seed_45_kernel_5,mixed,None,sequence_ctcf_dnase,45,5,17,A,0.0255727544426918,1.3041036128997805,0.0125737292692065,6,True,17
mixed_cnn_sequence_ctcf_dnase_seed_45_kernel_5,mixed,None,sequence_ctcf_dnase,45,5,17,G,0.0144826527684926,1.0572853088378906,0.0020449713338166,6,True,17
mixed_cnn_sequence_ctcf_dnase_seed_45_kernel_5,mixed,None,sequence_ctcf_dnase,45,5,17,T,0.0124055603519082,1.1464382410049438,0.0014116081874817,6,True,17
mixed_cnn_sequence_ctcf_dnase_seed_45_kernel_7,mixed,None,sequence_ctcf_dnase,45,7,17,C,0.0440428741276264,1.3374415636062622,0.0030658764299005,6,True,17
mixed_cnn_sequence_ctcf_dnase_seed_45_kernel_7,mixed,None,sequence_ctcf_dnase,45,7,17,A,0.018919713795185,1.108240008354187,0.0034554256126284,6,True,17
mixed_cnn_sequence_ctcf_dnase_seed_45_kernel_7,mixed,None,sequence_ctcf_dnase,45,7,17,G,0.0129579817876219,0.9769201278686525,0.0010797993745654,6,True,17
mixed_cnn_sequence_ctcf_dnase_seed_45_kernel_7,mixed,None,sequence_ctcf_dnase,45,7,17,T,0.0124737229198217,1.0928082466125488,0.0002044648572336,6,True,17
mixed_cnn_sequence_ctcf_h3k4me3_rrbs_seed_42_kernel_3,mixed,None,sequence_ctcf_h3k4me3_rrbs,42,3,17,A,0.0143513502553105,1.089220404624939,0.0094799799844622,7,True,17
mixed_cnn_sequence_ctcf_h3k4me3_rrbs_seed_42_kernel_3,mixed,None,sequence_ctcf_h3k4me3_rrbs,42,3,17,G,0.009458914399147,0.916207790374756,0.0027718062046915,7,True,17
mixed_cnn_sequence_ctcf_h3k4me3_rrbs_seed_42_kernel_3,mixed,None,sequence_ctcf_h3k4me3_rrbs,42,3,17,T,0.0087649514898657,0.9681276679039,0.0015960515011101,7,True,17
mixed_cnn_sequence_ctcf_h3k4me3_rrbs_seed_42_kernel_3,mixed,None,sequence_ctcf_h3k4me3_rrbs,42,3,17,C,0.0081316540017724,0.9113492965698242,0.006041798274964,7,True,17
mixed_cnn_sequence_ctcf_h3k4me3_rrbs_seed_42_kernel_5,mixed,None,sequence_ctcf_h3k4me3_rrbs,42,5,17,A,0.0315461158752441,1.3987805843353271,0.0234630201011896,7,True,17
mixed_cnn_sequence_ctcf_h3k4me3_rrbs_seed_42_kernel_5,mixed,None,sequence_ctcf_h3k4me3_rrbs,42,5,17,C,0.0300984438508749,1.4103776216506958,0.0046392055228352,7,True,17
mixed_cnn_sequence_ctcf_h3k4me3_rrbs_seed_42_kernel_5,mixed,None,sequence_ctcf_h3k4me3_rrbs,42,5,17,T,0.0203610621392726,1.1922837495803833,0.0031083093490451,7,True,17
mixed_cnn_sequence_ctcf_h3k4me3_rrbs_seed_42_kernel_5,mixed,None,sequence_ctcf_h3k4me3_rrbs,42,5,17,G,0.0154392309486866,1.0771617889404297,0.0035511145833879,7,True,17
mixed_cnn_sequence_ctcf_h3k4me3_rrbs_seed_42_kernel_7,mixed,None,sequence_ctcf_h3k4me3_rrbs,42,7,17,C,0.0291341934353113,1.597140550613403,0.0033004176802933,7,True,17
mixed_cnn_sequence_ctcf_h3k4me3_rrbs_seed_42_kernel_7,mixed,None,sequence_ctcf_h3k4me3_rrbs,42,7,17,A,0.0267830342054367,1.5281434059143066,0.0100492564961314,7,True,17
mixed_cnn_sequence_ctcf_h3k4me3_rrbs_seed_42_kernel_7,mixed,None,sequence_ctcf_h3k4me3_rrbs,42,7,17,T,0.0137289576232433,1.2639464139938354,0.000682087498717,7,True,17
mixed_cnn_sequence_ctcf_h3k4me3_rrbs_seed_42_kernel_7,mixed,None,sequence_ctcf_h3k4me3_rrbs,42,7,17,G,0.0134219862520694,1.193579077720642,0.0027068222407251,7,True,17
mixed_cnn_sequence_ctcf_h3k4me3_rrbs_seed_43_kernel_3,mixed,None,sequence_ctcf_h3k4me3_rrbs,43,3,17,C,0.0180507600307464,0.9989890456199646,0.0009582819184288,7,True,17
mixed_cnn_sequence_ctcf_h3k4me3_rrbs_seed_43_kernel_3,mixed,None,sequence_ctcf_h3k4me3_rrbs,43,3,17,A,0.0118014449253678,0.969142735004425,0.0008349369163624,7,True,17
mixed_cnn_sequence_ctcf_h3k4me3_rrbs_seed_43_kernel_3,mixed,None,sequence_ctcf_h3k4me3_rrbs,43,3,17,G,0.0110576404258608,0.9659615159034728,0.001303807250224,7,True,17
mixed_cnn_sequence_ctcf_h3k4me3_rrbs_seed_43_kernel_3,mixed,None,sequence_ctcf_h3k4me3_rrbs,43,3,17,T,0.0096661671996116,0.8781492710113525,0.0001219794139615,7,True,17
mixed_cnn_sequence_ctcf_h3k4me3_rrbs_seed_43_kernel_5,mixed,None,sequence_ctcf_h3k4me3_rrbs,43,5,17,A,0.0306647140532732,1.2663602828979492,0.0193417314440011,7,True,17
mixed_cnn_sequence_ctcf_h3k4me3_rrbs_seed_43_kernel_5,mixed,None,sequence_ctcf_h3k4me3_rrbs,43,5,17,C,0.0251409634947776,1.1906542778015137,0.0035340338945388,7,True,17
mixed_cnn_sequence_ctcf_h3k4me3_rrbs_seed_43_kernel_5,mixed,None,sequence_ctcf_h3k4me3_rrbs,43,5,17,T,0.0167017728090286,1.01530659198761,0.0027400662656873,7,True,17
mixed_cnn_sequence_ctcf_h3k4me3_rrbs_seed_43_kernel_5,mixed,None,sequence_ctcf_h3k4me3_rrbs,43,5,17,G,0.0163487158715724,0.966499924659729,0.0056144604459404,7,True,17
mixed_cnn_sequence_ctcf_h3k4me3_rrbs_seed_43_kernel_7,mixed,None,sequence_ctcf_h3k4me3_rrbs,43,7,17,C,0.0368833020329475,1.8535031080245967,0.0089846700429916,7,True,17
mixed_cnn_sequence_ctcf_h3k4me3_rrbs_seed_43_kernel_7,mixed,None,sequence_ctcf_h3k4me3_rrbs,43,7,17,A,0.0311113391071558,1.6450800895690918,0.019059881567955,7,True,17
mixed_cnn_sequence_ctcf_h3k4me3_rrbs_seed_43_kernel_7,mixed,None,sequence_ctcf_h3k4me3_rrbs,43,7,17,T,0.0163195915520191,1.264995574951172,0.0027432006318122,7,True,17
mixed_cnn_sequence_ctcf_h3k4me3_rrbs_seed_43_kernel_7,mixed,None,sequence_ctcf_h3k4me3_rrbs,43,7,17,G,0.0151295308023691,1.0797923803329468,0.0034751743078231,7,True,17
mixed_cnn_sequence_ctcf_h3k4me3_rrbs_seed_44_kernel_3,mixed,None,sequence_ctcf_h3k4me3_rrbs,44,3,17,A,0.0148873822763562,1.213030219078064,0.0018030472565442,7,True,17
mixed_cnn_sequence_ctcf_h3k4me3_rrbs_seed_44_kernel_3,mixed,None,sequence_ctcf_h3k4me3_rrbs,44,3,17,C,0.011722675524652,1.0968070030212402,0.0013534050667658,7,True,17
mixed_cnn_sequence_ctcf_h3k4me3_rrbs_seed_44_kernel_3,mixed,None,sequence_ctcf_h3k4me3_rrbs,44,3,17,G,0.010053695179522,0.9502328634262084,0.001633905689232,7,True,17
mixed_cnn_sequence_ctcf_h3k4me3_rrbs_seed_44_kernel_3,mixed,None,sequence_ctcf_h3k4me3_rrbs,44,3,17,T,0.0066889533773064,1.0285706520080566,0.00027737437631,7,True,17
mixed_cnn_sequence_ctcf_h3k4me3_rrbs_seed_44_kernel_5,mixed,None,sequence_ctcf_h3k4me3_rrbs,44,5,17,A,0.0361123643815517,1.3145596981048584,0.0108279036357998,7,True,17
mixed_cnn_sequence_ctcf_h3k4me3_rrbs_seed_44_kernel_5,mixed,None,sequence_ctcf_h3k4me3_rrbs,44,5,17,G,0.0263224653899669,1.231561541557312,0.0026810758281499,7,True,17
mixed_cnn_sequence_ctcf_h3k4me3_rrbs_seed_44_kernel_5,mixed,None,sequence_ctcf_h3k4me3_rrbs,44,5,17,C,0.0235907230526208,1.1038087606430054,0.0034327509347349,7,True,17
mixed_cnn_sequence_ctcf_h3k4me3_rrbs_seed_44_kernel_5,mixed,None,sequence_ctcf_h3k4me3_rrbs,44,5,17,T,0.0159967001527547,1.0993672609329224,0.0023696245625615,7,True,17
mixed_cnn_sequence_ctcf_h3k4me3_rrbs_seed_44_kernel_7,mixed,None,sequence_ctcf_h3k4me3_rrbs,44,7,17,C,0.0406318828463554,1.3448504209518433,0.0127502046525478,7,True,17
mixed_cnn_sequence_ctcf_h3k4me3_rrbs_seed_44_kernel_7,mixed,None,sequence_ctcf_h3k4me3_rrbs,44,7,17,A,0.0354611165821552,1.3585407733917236,0.0175073351711034,7,True,17
mixed_cnn_sequence_ctcf_h3k4me3_rrbs_seed_44_kernel_7,mixed,None,sequence_ctcf_h3k4me3_rrbs,44,7,17,G,0.0168293360620737,0.8995752334594727,0.0040179574862122,7,True,17
mixed_cnn_sequence_ctcf_h3k4me3_rrbs_seed_44_kernel_7,mixed,None,sequence_ctcf_h3k4me3_rrbs,44,7,17,T,0.011587543413043,0.985189974308014,0.0028127108234912,7,True,17
mixed_cnn_sequence_ctcf_h3k4me3_rrbs_seed_45_kernel_3,mixed,None,sequence_ctcf_h3k4me3_rrbs,45,3,17,A,0.0103767495602369,1.0900745391845703,0.0015747518045827,7,True,17
mixed_cnn_sequence_ctcf_h3k4me3_rrbs_seed_45_kernel_3,mixed,None,sequence_ctcf_h3k4me3_rrbs,45,3,17,C,0.0097359810024499,1.0084710121154783,0.0011088949395343,7,True,17
mixed_cnn_sequence_ctcf_h3k4me3_rrbs_seed_45_kernel_3,mixed,None,sequence_ctcf_h3k4me3_rrbs,45,3,17,G,0.0063877282664179,1.029487133026123,0.0008034621132537,7,True,17
mixed_cnn_sequence_ctcf_h3k4me3_rrbs_seed_45_kernel_3,mixed,None,sequence_ctcf_h3k4me3_rrbs,45,3,17,T,0.0054474929347634,0.970400094985962,0.0003204762469977,7,True,17
mixed_cnn_sequence_ctcf_h3k4me3_rrbs_seed_45_kernel_5,mixed,None,sequence_ctcf_h3k4me3_rrbs,45,5,17,C,0.0279455762356519,1.250311255455017,0.0031407179776579,7,True,17
mixed_cnn_sequence_ctcf_h3k4me3_rrbs_seed_45_kernel_5,mixed,None,sequence_ctcf_h3k4me3_rrbs,45,5,17,A,0.026530135422945,1.2705209255218506,0.003790060756728,7,True,17
mixed_cnn_sequence_ctcf_h3k4me3_rrbs_seed_45_kernel_5,mixed,None,sequence_ctcf_h3k4me3_rrbs,45,5,17,G,0.0135536100715398,0.9835810661315918,0.0015034483512863,7,True,17
mixed_cnn_sequence_ctcf_h3k4me3_rrbs_seed_45_kernel_5,mixed,None,sequence_ctcf_h3k4me3_rrbs,45,5,17,T,0.0104338768869638,1.0157198905944824,0.0003086231590714,7,True,17
mixed_cnn_sequence_ctcf_h3k4me3_rrbs_seed_45_kernel_7,mixed,None,sequence_ctcf_h3k4me3_rrbs,45,7,17,C,0.0443863198161125,1.5310354232788086,0.0041377865709364,7,True,17
mixed_cnn_sequence_ctcf_h3k4me3_rrbs_seed_45_kernel_7,mixed,None,sequence_ctcf_h3k4me3_rrbs,45,7,17,A,0.0217142608016729,1.2423337697982788,0.002872581128031,7,True,17
mixed_cnn_sequence_ctcf_h3k4me3_rrbs_seed_45_kernel_7,mixed,None,sequence_ctcf_h3k4me3_rrbs,45,7,17,T,0.0174671486020088,1.2589457035064695,0.0003472755488473,7,True,17
mixed_cnn_sequence_ctcf_h3k4me3_rrbs_seed_45_kernel_7,mixed,None,sequence_ctcf_h3k4me3_rrbs,45,7,17,G,0.0131949568167328,1.1144185066223145,0.0018057483248412,7,True,17
mixed_cnn_sequence_ctcf_h3k4me3_seed_42_kernel_3,mixed,None,sequence_ctcf_h3k4me3,42,3,17,A,0.0170871075242757,1.2158552408218384,0.0101911183446645,6,True,17
mixed_cnn_sequence_ctcf_h3k4me3_seed_42_kernel_3,mixed,None,sequence_ctcf_h3k4me3,42,3,17,G,0.0110598551109433,0.9917606115341188,0.0020929716993123,6,True,17
mixed_cnn_sequence_ctcf_h3k4me3_seed_42_kernel_3,mixed,None,sequence_ctcf_h3k4me3,42,3,17,T,0.0096333650872111,1.0194638967514038,0.0011371300788596,6,True,17
mixed_cnn_sequence_ctcf_h3k4me3_seed_42_kernel_3,mixed,None,sequence_ctcf_h3k4me3,42,3,17,C,0.009133581072092,1.0041662454605105,0.0074329166673123,6,True,17
mixed_cnn_sequence_ctcf_h3k4me3_seed_42_kernel_5,mixed,None,sequence_ctcf_h3k4me3,42,5,17,C,0.0323503315448761,1.1723012924194336,0.0048616388812661,6,True,17
mixed_cnn_sequence_ctcf_h3k4me3_seed_42_kernel_5,mixed,None,sequence_ctcf_h3k4me3,42,5,17,A,0.0297356192022562,1.0875747203826904,0.0161581803113222,6,True,17
mixed_cnn_sequence_ctcf_h3k4me3_seed_42_kernel_5,mixed,None,sequence_ctcf_h3k4me3,42,5,17,T,0.0210997071117162,1.0110273361206057,0.0020696914289146,6,True,17
mixed_cnn_sequence_ctcf_h3k4me3_seed_42_kernel_5,mixed,None,sequence_ctcf_h3k4me3,42,5,17,G,0.0168996471911668,0.9604533314704896,0.0037309033796191,6,True,17
mixed_cnn_sequence_ctcf_h3k4me3_seed_42_kernel_7,mixed,None,sequence_ctcf_h3k4me3,42,7,17,C,0.0270999390631914,1.962117314338684,0.0031854161061346,6,True,17
mixed_cnn_sequence_ctcf_h3k4me3_seed_42_kernel_7,mixed,None,sequence_ctcf_h3k4me3,42,7,17,A,0.0256652049720287,1.7653051614761353,0.0096060493960976,6,True,17
mixed_cnn_sequence_ctcf_h3k4me3_seed_42_kernel_7,mixed,None,sequence_ctcf_h3k4me3,42,7,17,T,0.0109926061704754,1.2747068405151367,0.0004811935359612,6,True,17
mixed_cnn_sequence_ctcf_h3k4me3_seed_42_kernel_7,mixed,None,sequence_ctcf_h3k4me3,42,7,17,G,0.0104454420506954,1.1999664306640625,0.0020578890107572,6,True,17
mixed_cnn_sequence_ctcf_h3k4me3_seed_43_kernel_3,mixed,None,sequence_ctcf_h3k4me3,43,3,17,C,0.0164664629846811,1.0472824573516846,0.0008855842170305,6,True,17
mixed_cnn_sequence_ctcf_h3k4me3_seed_43_kernel_3,mixed,None,sequence_ctcf_h3k4me3,43,3,17,A,0.0106082875281572,1.028950333595276,0.0007722723530605,6,True,17
mixed_cnn_sequence_ctcf_h3k4me3_seed_43_kernel_3,mixed,None,sequence_ctcf_h3k4me3,43,3,17,T,0.0100715178996324,0.9764672517776488,0.0001179548125946,6,True,17
mixed_cnn_sequence_ctcf_h3k4me3_seed_43_kernel_3,mixed,None,sequence_ctcf_h3k4me3,43,3,17,G,0.0099731525406241,1.0021976232528689,0.001078757806681,6,True,17
mixed_cnn_sequence_ctcf_h3k4me3_seed_43_kernel_5,mixed,None,sequence_ctcf_h3k4me3,43,5,17,C,0.0263406690210104,1.221060276031494,0.0025224552955478,6,True,17
mixed_cnn_sequence_ctcf_h3k4me3_seed_43_kernel_5,mixed,None,sequence_ctcf_h3k4me3,43,5,17,A,0.0207438636571168,1.1876026391983032,0.0127690341323614,6,True,17
mixed_cnn_sequence_ctcf_h3k4me3_seed_43_kernel_5,mixed,None,sequence_ctcf_h3k4me3,43,5,17,T,0.0106969764456152,0.9860153198242188,0.0016979482024908,6,True,17
mixed_cnn_sequence_ctcf_h3k4me3_seed_43_kernel_5,mixed,None,sequence_ctcf_h3k4me3,43,5,17,G,0.0093492455780506,1.0185134410858154,0.0044379574246704,6,True,17
mixed_cnn_sequence_ctcf_h3k4me3_seed_43_kernel_7,mixed,None,sequence_ctcf_h3k4me3,43,7,17,C,0.0322196073830127,1.501428723335266,0.0090698255226016,6,True,17
mixed_cnn_sequence_ctcf_h3k4me3_seed_43_kernel_7,mixed,None,sequence_ctcf_h3k4me3,43,7,17,A,0.0204033777117729,1.171118140220642,0.0144336391240358,6,True,17
mixed_cnn_sequence_ctcf_h3k4me3_seed_43_kernel_7,mixed,None,sequence_ctcf_h3k4me3,43,7,17,T,0.0189035329967737,1.1691160202026367,0.0035683691967278,6,True,17
mixed_cnn_sequence_ctcf_h3k4me3_seed_43_kernel_7,mixed,None,sequence_ctcf_h3k4me3,43,7,17,G,0.0129591831937432,1.0447759628295898,0.0050937929190695,6,True,17
mixed_cnn_sequence_ctcf_h3k4me3_seed_44_kernel_3,mixed,None,sequence_ctcf_h3k4me3,44,3,17,A,0.0140649490058422,1.1029757261276243,0.0017461579991504,6,True,17
mixed_cnn_sequence_ctcf_h3k4me3_seed_44_kernel_3,mixed,None,sequence_ctcf_h3k4me3,44,3,17,C,0.0121817644685506,1.116162657737732,0.0009137399028986,6,True,17
mixed_cnn_sequence_ctcf_h3k4me3_seed_44_kernel_3,mixed,None,sequence_ctcf_h3k4me3,44,3,17,G,0.0092747043818235,0.9481003880500792,0.0009255249169655,6,True,17
mixed_cnn_sequence_ctcf_h3k4me3_seed_44_kernel_3,mixed,None,sequence_ctcf_h3k4me3,44,3,17,T,0.0071365744806826,1.024731993675232,0.0001833152200561,6,True,17
mixed_cnn_sequence_ctcf_h3k4me3_seed_44_kernel_5,mixed,None,sequence_ctcf_h3k4me3,44,5,17,A,0.0456904843449592,1.3208659887313845,0.0193842574954032,6,True,17
mixed_cnn_sequence_ctcf_h3k4me3_seed_44_kernel_5,mixed,None,sequence_ctcf_h3k4me3,44,5,17,G,0.026025703176856,1.080854058265686,0.0032127688173204,6,True,17
mixed_cnn_sequence_ctcf_h3k4me3_seed_44_kernel_5,mixed,None,sequence_ctcf_h3k4me3,44,5,17,C,0.0256225205957889,1.0374785661697388,0.0058985822834074,6,True,17
mixed_cnn_sequence_ctcf_h3k4me3_seed_44_kernel_5,mixed,None,sequence_ctcf_h3k4me3,44,5,17,T,0.0201242081820964,1.08057701587677,0.0029387378599494,6,True,17
mixed_cnn_sequence_ctcf_h3k4me3_seed_44_kernel_7,mixed,None,sequence_ctcf_h3k4me3,44,7,17,C,0.0449579358100891,1.6043778657913208,0.0065481755882501,6,True,17
mixed_cnn_sequence_ctcf_h3k4me3_seed_44_kernel_7,mixed,None,sequence_ctcf_h3k4me3,44,7,17,A,0.0275028180330991,1.3782092332839966,0.0055430736392736,6,True,17
mixed_cnn_sequence_ctcf_h3k4me3_seed_44_kernel_7,mixed,None,sequence_ctcf_h3k4me3,44,7,17,G,0.0144360288977622,0.9789342880249025,0.0017066531581804,6,True,17
mixed_cnn_sequence_ctcf_h3k4me3_seed_44_kernel_7,mixed,None,sequence_ctcf_h3k4me3,44,7,17,T,0.0115893902257084,1.1481595039367676,0.0006565875955857,6,True,17
mixed_cnn_sequence_ctcf_h3k4me3_seed_45_kernel_3,mixed,None,sequence_ctcf_h3k4me3,45,3,17,A,0.0116075333207845,1.333160638809204,0.0012571982806548,6,True,17
mixed_cnn_sequence_ctcf_h3k4me3_seed_45_kernel_3,mixed,None,sequence_ctcf_h3k4me3,45,3,17,C,0.0082715274766087,1.1310062408447266,0.0007985334377735,6,True,17
mixed_cnn_sequence_ctcf_h3k4me3_seed_45_kernel_3,mixed,None,sequence_ctcf_h3k4me3,45,3,17,T,0.0066182031296193,1.18394935131073,0.0001521169324405,6,True,17
mixed_cnn_sequence_ctcf_h3k4me3_seed_45_kernel_3,mixed,None,sequence_ctcf_h3k4me3,45,3,17,G,0.0062774810940027,1.210867166519165,0.0006021442241035,6,True,17
mixed_cnn_sequence_ctcf_h3k4me3_seed_45_kernel_5,mixed,None,sequence_ctcf_h3k4me3,45,5,17,C,0.0320647805929183,1.7851645946502686,0.0023115216754376,6,True,17
mixed_cnn_sequence_ctcf_h3k4me3_seed_45_kernel_5,mixed,None,sequence_ctcf_h3k4me3,45,5,17,A,0.0237939171493053,1.524315357208252,0.01037816144526,6,True,17
mixed_cnn_sequence_ctcf_h3k4me3_seed_45_kernel_5,mixed,None,sequence_ctcf_h3k4me3,45,5,17,G,0.0150431878864765,1.2952369451522827,0.0016831291140988,6,True,17
mixed_cnn_sequence_ctcf_h3k4me3_seed_45_kernel_5,mixed,None,sequence_ctcf_h3k4me3,45,5,17,T,0.0102164568379521,1.1964906454086304,0.0013765862677246,6,True,17
mixed_cnn_sequence_ctcf_h3k4me3_seed_45_kernel_7,mixed,None,sequence_ctcf_h3k4me3,45,7,17,C,0.0449144504964351,1.3259143829345703,0.0026448969729244,6,True,17
mixed_cnn_sequence_ctcf_h3k4me3_seed_45_kernel_7,mixed,None,sequence_ctcf_h3k4me3,45,7,17,A,0.0175451785326004,1.0558702945709229,0.0015049253124743,6,True,17
mixed_cnn_sequence_ctcf_h3k4me3_seed_45_kernel_7,mixed,None,sequence_ctcf_h3k4me3,45,7,17,G,0.0127359898760914,0.9548718929290771,0.0007189459865912,6,True,17
mixed_cnn_sequence_ctcf_h3k4me3_seed_45_kernel_7,mixed,None,sequence_ctcf_h3k4me3,45,7,17,T,0.0118653466925024,1.0166724920272827,0.0001380063476972,6,True,17
mixed_cnn_sequence_ctcf_rrbs_seed_42_kernel_3,mixed,None,sequence_ctcf_rrbs,42,3,17,A,0.015939887613058,1.265632152557373,0.0084484135732054,6,True,17
mixed_cnn_sequence_ctcf_rrbs_seed_42_kernel_3,mixed,None,sequence_ctcf_rrbs,42,3,17,G,0.0096119018271565,0.9694553017616272,0.0010441167978569,6,True,17
mixed_cnn_sequence_ctcf_rrbs_seed_42_kernel_3,mixed,None,sequence_ctcf_rrbs,42,3,17,T,0.0087940208613872,1.0279245376586914,0.0012318103108555,6,True,17
mixed_cnn_sequence_ctcf_rrbs_seed_42_kernel_3,mixed,None,sequence_ctcf_rrbs,42,3,17,C,0.0084533626213669,0.9654631018638612,0.0058390740305185,6,True,17
mixed_cnn_sequence_ctcf_rrbs_seed_42_kernel_5,mixed,None,sequence_ctcf_rrbs,42,5,17,C,0.0322379134595394,1.1375881433486938,0.0041279722936451,6,True,17
mixed_cnn_sequence_ctcf_rrbs_seed_42_kernel_5,mixed,None,sequence_ctcf_rrbs,42,5,17,A,0.0295266658067703,1.12780499458313,0.0164202786982059,6,True,17
mixed_cnn_sequence_ctcf_rrbs_seed_42_kernel_5,mixed,None,sequence_ctcf_rrbs,42,5,17,T,0.0192321091890335,0.9727187156677246,0.002152977278456,6,True,17
mixed_cnn_sequence_ctcf_rrbs_seed_42_kernel_5,mixed,None,sequence_ctcf_rrbs,42,5,17,G,0.0167496595531702,0.9550918936729432,0.0030069164931774,6,True,17
mixed_cnn_sequence_ctcf_rrbs_seed_42_kernel_7,mixed,None,sequence_ctcf_rrbs,42,7,17,C,0.0305479317903518,1.9565566778182983,0.0039662574417889,6,True,17
mixed_cnn_sequence_ctcf_rrbs_seed_42_kernel_7,mixed,None,sequence_ctcf_rrbs,42,7,17,A,0.0265196822583675,1.7606757879257202,0.0096975872293114,6,True,17
mixed_cnn_sequence_ctcf_rrbs_seed_42_kernel_7,mixed,None,sequence_ctcf_rrbs,42,7,17,G,0.011430530808866,1.235816240310669,0.0024614611174911,6,True,17
mixed_cnn_sequence_ctcf_rrbs_seed_42_kernel_7,mixed,None,sequence_ctcf_rrbs,42,7,17,T,0.0112101649865508,1.2955490350723269,0.000570343225263,6,True,17
mixed_cnn_sequence_ctcf_rrbs_seed_43_kernel_3,mixed,None,sequence_ctcf_rrbs,43,3,17,C,0.0156118934974074,1.0824294090270996,0.0009249381255358,6,True,17
mixed_cnn_sequence_ctcf_rrbs_seed_43_kernel_3,mixed,None,sequence_ctcf_rrbs,43,3,17,A,0.0122734820470213,1.0751612186431885,0.001016596914269,6,True,17
mixed_cnn_sequence_ctcf_rrbs_seed_43_kernel_3,mixed,None,sequence_ctcf_rrbs,43,3,17,G,0.0099676642566919,1.0647616386413574,0.0009218074264936,6,True,17
mixed_cnn_sequence_ctcf_rrbs_seed_43_kernel_3,mixed,None,sequence_ctcf_rrbs,43,3,17,T,0.0094554042443633,1.0390623807907104,0.0001303479948546,6,True,17
mixed_cnn_sequence_ctcf_rrbs_seed_43_kernel_5,mixed,None,sequence_ctcf_rrbs,43,5,17,C,0.0306690298020839,1.2735071182250977,0.0024884652812033,6,True,17
mixed_cnn_sequence_ctcf_rrbs_seed_43_kernel_5,mixed,None,sequence_ctcf_rrbs,43,5,17,A,0.0222665108740329,1.204943060874939,0.0133586497977375,6,True,17
mixed_cnn_sequence_ctcf_rrbs_seed_43_kernel_5,mixed,None,sequence_ctcf_rrbs,43,5,17,T,0.0117693711072206,0.9675597548484802,0.0015264945104718,6,True,17
mixed_cnn_sequence_ctcf_rrbs_seed_43_kernel_5,mixed,None,sequence_ctcf_rrbs,43,5,17,G,0.010613021440804,0.9665778875350952,0.0039749392308294,6,True,17
mixed_cnn_sequence_ctcf_rrbs_seed_43_kernel_7,mixed,None,sequence_ctcf_rrbs,43,7,17,C,0.0404981151223182,1.471953511238098,0.0076908143237233,6,True,17
mixed_cnn_sequence_ctcf_rrbs_seed_43_kernel_7,mixed,None,sequence_ctcf_rrbs,43,7,17,A,0.021374961361289,1.0936260223388672,0.0112175997346639,6,True,17
mixed_cnn_sequence_ctcf_rrbs_seed_43_kernel_7,mixed,None,sequence_ctcf_rrbs,43,7,17,T,0.0199568420648574,1.0866217613220217,0.0028484559152275,6,True,17
mixed_cnn_sequence_ctcf_rrbs_seed_43_kernel_7,mixed,None,sequence_ctcf_rrbs,43,7,17,G,0.0141311800107359,1.0491105318069458,0.0028462470509111,6,True,17
mixed_cnn_sequence_ctcf_rrbs_seed_44_kernel_3,mixed,None,sequence_ctcf_rrbs,44,3,17,A,0.0164195671677589,1.2271437644958496,0.0021859563421458,6,True,17
mixed_cnn_sequence_ctcf_rrbs_seed_44_kernel_3,mixed,None,sequence_ctcf_rrbs,44,3,17,C,0.0120274191722273,1.1670633554458618,0.0010957270860671,6,True,17
mixed_cnn_sequence_ctcf_rrbs_seed_44_kernel_3,mixed,None,sequence_ctcf_rrbs,44,3,17,G,0.0106516750529408,1.011817455291748,0.00116877281107,6,True,17
mixed_cnn_sequence_ctcf_rrbs_seed_44_kernel_3,mixed,None,sequence_ctcf_rrbs,44,3,17,T,0.0080959806218743,1.0339611768722534,0.0002572396479081,6,True,17
mixed_cnn_sequence_ctcf_rrbs_seed_44_kernel_5,mixed,None,sequence_ctcf_rrbs,44,5,17,A,0.0475503280758857,1.3854119777679443,0.0202774535864591,6,True,17
mixed_cnn_sequence_ctcf_rrbs_seed_44_kernel_5,mixed,None,sequence_ctcf_rrbs,44,5,17,C,0.0277250725775957,1.0115561485290527,0.0073905950412154,6,True,17
mixed_cnn_sequence_ctcf_rrbs_seed_44_kernel_5,mixed,None,sequence_ctcf_rrbs,44,5,17,G,0.026037149131298,1.0842976570129397,0.002695633796975,6,True,17
mixed_cnn_sequence_ctcf_rrbs_seed_44_kernel_5,mixed,None,sequence_ctcf_rrbs,44,5,17,T,0.0223125480115413,1.0816216468811035,0.0030473780352622,6,True,17
mixed_cnn_sequence_ctcf_rrbs_seed_44_kernel_7,mixed,None,sequence_ctcf_rrbs,44,7,17,C,0.0434911251068115,1.4800220727920532,0.0072559039108455,6,True,17
mixed_cnn_sequence_ctcf_rrbs_seed_44_kernel_7,mixed,None,sequence_ctcf_rrbs,44,7,17,A,0.0258357673883438,1.245367169380188,0.0045000403188169,6,True,17
mixed_cnn_sequence_ctcf_rrbs_seed_44_kernel_7,mixed,None,sequence_ctcf_rrbs,44,7,17,G,0.0147713189944624,0.9375808835029602,0.0016382880276069,6,True,17
mixed_cnn_sequence_ctcf_rrbs_seed_44_kernel_7,mixed,None,sequence_ctcf_rrbs,44,7,17,T,0.0116592720150947,1.063902735710144,0.000530571793206,6,True,17
mixed_cnn_sequence_ctcf_rrbs_seed_45_kernel_3,mixed,None,sequence_ctcf_rrbs,45,3,17,A,0.0138361575081944,1.2404319047927856,0.0015967618674039,6,True,17
mixed_cnn_sequence_ctcf_rrbs_seed_45_kernel_3,mixed,None,sequence_ctcf_rrbs,45,3,17,C,0.0123978294432163,1.1571295261383057,0.0011425300035625,6,True,17
mixed_cnn_sequence_ctcf_rrbs_seed_45_kernel_3,mixed,None,sequence_ctcf_rrbs,45,3,17,G,0.0089757069945335,1.2040021419525146,0.0009320933604612,6,True,17
mixed_cnn_sequence_ctcf_rrbs_seed_45_kernel_3,mixed,None,sequence_ctcf_rrbs,45,3,17,T,0.0068185464479029,1.109381914138794,0.0003374489897396,6,True,17
mixed_cnn_sequence_ctcf_rrbs_seed_45_kernel_5,mixed,None,sequence_ctcf_rrbs,45,5,17,C,0.0430468618869781,1.5289911031723022,0.0026442636735737,6,True,17
mixed_cnn_sequence_ctcf_rrbs_seed_45_kernel_5,mixed,None,sequence_ctcf_rrbs,45,5,17,A,0.0234868079423904,1.2022730112075806,0.0071606170386075,6,True,17
mixed_cnn_sequence_ctcf_rrbs_seed_45_kernel_5,mixed,None,sequence_ctcf_rrbs,45,5,17,T,0.0146776735782623,1.159160852432251,0.0005902581615373,6,True,17
mixed_cnn_sequence_ctcf_rrbs_seed_45_kernel_5,mixed,None,sequence_ctcf_rrbs,45,5,17,G,0.0145108783617615,1.057914972305298,0.0012635805178433,6,True,17
mixed_cnn_sequence_ctcf_rrbs_seed_45_kernel_7,mixed,None,sequence_ctcf_rrbs,45,7,17,C,0.0389230512082576,1.8226492404937744,0.0030013658106327,6,True,17
mixed_cnn_sequence_ctcf_rrbs_seed_45_kernel_7,mixed,None,sequence_ctcf_rrbs,45,7,17,A,0.0152226267382502,1.320907711982727,0.002295610262081,6,True,17
mixed_cnn_sequence_ctcf_rrbs_seed_45_kernel_7,mixed,None,sequence_ctcf_rrbs,45,7,17,T,0.0102641824632883,1.2184441089630127,0.0002231961407233,6,True,17
mixed_cnn_sequence_ctcf_rrbs_seed_45_kernel_7,mixed,None,sequence_ctcf_rrbs,45,7,17,G,0.009638107381761,1.0946855545043943,0.0010189351160079,6,True,17
mixed_cnn_sequence_ctcf_seed_42_kernel_3,mixed,None,sequence_ctcf,42,3,17,A,0.0197511836886405,1.1843316555023191,0.0117140598595142,5,True,17
mixed_cnn_sequence_ctcf_seed_42_kernel_3,mixed,None,sequence_ctcf,42,3,17,C,0.012069622054696,0.9847272038459778,0.0064807091839611,5,True,17
mixed_cnn_sequence_ctcf_seed_42_kernel_3,mixed,None,sequence_ctcf,42,3,17,T,0.0119721740484237,1.085318088531494,0.0015276555204764,5,True,17
mixed_cnn_sequence_ctcf_seed_42_kernel_3,mixed,None,sequence_ctcf,42,3,17,G,0.0114483796060085,0.9514710903167723,0.0021699415519833,5,True,17
mixed_cnn_sequence_ctcf_seed_42_kernel_5,mixed,None,sequence_ctcf,42,5,17,A,0.0365434475243091,1.164172649383545,0.0367569401860237,5,True,17
mixed_cnn_sequence_ctcf_seed_42_kernel_5,mixed,None,sequence_ctcf,42,5,17,T,0.0303208213299512,1.1238902807235718,0.0053632766939699,5,True,17
mixed_cnn_sequence_ctcf_seed_42_kernel_5,mixed,None,sequence_ctcf,42,5,17,C,0.0286664646118879,1.1020900011062622,0.0073637748137116,5,True,17
mixed_cnn_sequence_ctcf_seed_42_kernel_5,mixed,None,sequence_ctcf,42,5,17,G,0.0172136817127466,0.9280998706817628,0.0070484005846083,5,True,17
mixed_cnn_sequence_ctcf_seed_42_kernel_7,mixed,None,sequence_ctcf,42,7,17,C,0.0401718281209468,1.3863109350204468,0.0079458365216851,5,True,17
mixed_cnn_sequence_ctcf_seed_42_kernel_7,mixed,None,sequence_ctcf,42,7,17,A,0.030624259263277,1.4343328475952148,0.0173442531377077,5,True,17
mixed_cnn_sequence_ctcf_seed_42_kernel_7,mixed,None,sequence_ctcf,42,7,17,G,0.0222008191049098,1.0297905206680298,0.0044615445658564,5,True,17
mixed_cnn_sequence_ctcf_seed_42_kernel_7,mixed,None,sequence_ctcf,42,7,17,T,0.0191916413605213,1.1339788436889648,0.0009795989608392,5,True,17
mixed_cnn_sequence_ctcf_seed_43_kernel_3,mixed,None,sequence_ctcf,43,3,17,A,0.0152617944404482,1.1164898872375488,0.0030095630791038,5,True,17
mixed_cnn_sequence_ctcf_seed_43_kernel_3,mixed,None,sequence_ctcf,43,3,17,C,0.0152229871600866,1.0826698541641235,0.0019187639700248,5,True,17
mixed_cnn_sequence_ctcf_seed_43_kernel_3,mixed,None,sequence_ctcf,43,3,17,G,0.0114169083535671,1.0429892539978027,0.0021127637010067,5,True,17
mixed_cnn_sequence_ctcf_seed_43_kernel_3,mixed,None,sequence_ctcf,43,3,17,T,0.0105113247409462,0.9678499102592468,0.0004353504045866,5,True,17
mixed_cnn_sequence_ctcf_seed_43_kernel_5,mixed,None,sequence_ctcf,43,5,17,C,0.0329835303127765,1.1496936082839966,0.0035693899262696,5,True,17
mixed_cnn_sequence_ctcf_seed_43_kernel_5,mixed,None,sequence_ctcf,43,5,17,A,0.026072159409523,1.160794973373413,0.0097179254516959,5,True,17
mixed_cnn_sequence_ctcf_seed_43_kernel_5,mixed,None,sequence_ctcf,43,5,17,T,0.0123964259400963,0.8426527380943298,0.0010260202689096,5,True,17
mixed_cnn_sequence_ctcf_seed_43_kernel_5,mixed,None,sequence_ctcf,43,5,17,G,0.0118612796068191,0.8952218890190125,0.0018577736336737,5,True,17
mixed_cnn_sequence_ctcf_seed_43_kernel_7,mixed,None,sequence_ctcf,43,7,17,C,0.0407465733587741,1.271747589111328,0.0076253148727118,5,True,17
mixed_cnn_sequence_ctcf_seed_43_kernel_7,mixed,None,sequence_ctcf,43,7,17,A,0.0242648292332887,1.0350751876831057,0.0121888248249888,5,True,17
mixed_cnn_sequence_ctcf_seed_43_kernel_7,mixed,None,sequence_ctcf,43,7,17,G,0.0136963594704866,0.891817033290863,0.0026770965196192,5,True,17
mixed_cnn_sequence_ctcf_seed_43_kernel_7,mixed,None,sequence_ctcf,43,7,17,T,0.0120053887367248,0.8029349446296692,0.0018154710996896,5,True,17
mixed_cnn_sequence_ctcf_seed_44_kernel_3,mixed,None,sequence_ctcf,44,3,17,A,0.0177233051508665,1.010680079460144,0.0027536626439541,5,True,17
mixed_cnn_sequence_ctcf_seed_44_kernel_3,mixed,None,sequence_ctcf,44,3,17,C,0.0150557169690728,1.004955172538757,0.0020563045982271,5,True,17
mixed_cnn_sequence_ctcf_seed_44_kernel_3,mixed,None,sequence_ctcf,44,3,17,G,0.0137408580631017,0.9007830619812012,0.0020764982327818,5,True,17
mixed_cnn_sequence_ctcf_seed_44_kernel_3,mixed,None,sequence_ctcf,44,3,17,T,0.0097645372152328,0.9029420614242554,0.0006708952714689,5,True,17
mixed_cnn_sequence_ctcf_seed_44_kernel_5,mixed,None,sequence_ctcf,44,5,17,A,0.0311064347624778,1.6197509765625,0.0123786991462111,5,True,17
mixed_cnn_sequence_ctcf_seed_44_kernel_5,mixed,None,sequence_ctcf,44,5,17,C,0.0279562901705503,1.446260929107666,0.0028952455613762,5,True,17
mixed_cnn_sequence_ctcf_seed_44_kernel_5,mixed,None,sequence_ctcf,44,5,17,G,0.0146405538544058,1.1534045934677124,0.0018420773558318,5,True,17
mixed_cnn_sequence_ctcf_seed_44_kernel_5,mixed,None,sequence_ctcf,44,5,17,T,0.0097612915560603,1.08055317401886,0.0017971493070945,5,True,17
mixed_cnn_sequence_ctcf_seed_44_kernel_7,mixed,None,sequence_ctcf,44,7,17,C,0.0480127148330211,1.4707542657852173,0.0066510732285678,5,True,17
mixed_cnn_sequence_ctcf_seed_44_kernel_7,mixed,None,sequence_ctcf,44,7,17,A,0.0243926681578159,1.1937527656555176,0.0041325674392282,5,True,17
mixed_cnn_sequence_ctcf_seed_44_kernel_7,mixed,None,sequence_ctcf,44,7,17,G,0.0159757044166326,1.0490676164627075,0.0018733070464804,5,True,17
mixed_cnn_sequence_ctcf_seed_44_kernel_7,mixed,None,sequence_ctcf,44,7,17,T,0.0111288418993353,1.1147743463516235,0.0005708787357434,5,True,17
mixed_cnn_sequence_ctcf_seed_45_kernel_3,mixed,None,sequence_ctcf,45,3,17,C,0.0134516796097159,1.2099107503890991,0.0008150589419528,5,True,17
mixed_cnn_sequence_ctcf_seed_45_kernel_3,mixed,None,sequence_ctcf,45,3,17,A,0.0119099020957946,1.198222279548645,0.0010156913194805,5,True,17
mixed_cnn_sequence_ctcf_seed_45_kernel_3,mixed,None,sequence_ctcf,45,3,17,G,0.0090047111734747,1.119961500167847,0.0007892442517913,5,True,17
mixed_cnn_sequence_ctcf_seed_45_kernel_3,mixed,None,sequence_ctcf,45,3,17,T,0.0072279446758329,1.0545427799224854,0.0001649600162636,5,True,17
mixed_cnn_sequence_ctcf_seed_45_kernel_5,mixed,None,sequence_ctcf,45,5,17,C,0.027495251968503,1.4086334705352783,0.0042702374048531,5,True,17
mixed_cnn_sequence_ctcf_seed_45_kernel_5,mixed,None,sequence_ctcf,45,5,17,A,0.02704987116158,1.3148138523101809,0.0123704085126519,5,True,17
mixed_cnn_sequence_ctcf_seed_45_kernel_5,mixed,None,sequence_ctcf,45,5,17,G,0.0148860374465584,1.163717269897461,0.0019509644480422,5,True,17
mixed_cnn_sequence_ctcf_seed_45_kernel_5,mixed,None,sequence_ctcf,45,5,17,T,0.0108490474522113,1.1683002710342407,0.001419352251105,5,True,17
mixed_cnn_sequence_ctcf_seed_45_kernel_7,mixed,None,sequence_ctcf,45,7,17,C,0.0378913208842277,1.1574543714523315,0.0020611393265426,5,True,17
mixed_cnn_sequence_ctcf_seed_45_kernel_7,mixed,None,sequence_ctcf,45,7,17,A,0.0174836702644824,1.1513190269470217,0.0029721313621848,5,True,17
mixed_cnn_sequence_ctcf_seed_45_kernel_7,mixed,None,sequence_ctcf,45,7,17,G,0.012833384796977,0.9419602751731871,0.0013138975482434,5,True,17
mixed_cnn_sequence_ctcf_seed_45_kernel_7,mixed,None,sequence_ctcf,45,7,17,T,0.0096877049654722,0.9376169443130492,0.0002184094046242,5,True,17
mixed_cnn_sequence_dnase_h3k4me3_rrbs_seed_42_kernel_3,mixed,None,sequence_dnase_h3k4me3_rrbs,42,3,17,A,0.0191772412508726,1.1561731100082395,0.0164626743644475,7,True,17
mixed_cnn_sequence_dnase_h3k4me3_rrbs_seed_42_kernel_3,mixed,None,sequence_dnase_h3k4me3_rrbs,42,3,17,G,0.0133263366296887,1.0480324029922483,0.0070756413042545,7,True,17
mixed_cnn_sequence_dnase_h3k4me3_rrbs_seed_42_kernel_3,mixed,None,sequence_dnase_h3k4me3_rrbs,42,3,17,C,0.0131327323615551,1.0026769638061523,0.0101472521200776,7,True,17
mixed_cnn_sequence_dnase_h3k4me3_rrbs_seed_42_kernel_3,mixed,None,sequence_dnase_h3k4me3_rrbs,42,3,17,T,0.0125368544831871,1.0310159921646118,0.0026120473630726,7,True,17
mixed_cnn_sequence_dnase_h3k4me3_rrbs_seed_42_kernel_5,mixed,None,sequence_dnase_h3k4me3_rrbs,42,5,17,C,0.0345188975334167,1.5137444734573364,0.0045821545645594,7,True,17
mixed_cnn_sequence_dnase_h3k4me3_rrbs_seed_42_kernel_5,mixed,None,sequence_dnase_h3k4me3_rrbs,42,5,17,A,0.0301807317882776,1.4118459224700928,0.0217475295066833,7,True,17
mixed_cnn_sequence_dnase_h3k4me3_rrbs_seed_42_kernel_5,mixed,None,sequence_dnase_h3k4me3_rrbs,42,5,17,T,0.0244781821966171,1.3042128086090088,0.0031703948043286,7,True,17
mixed_cnn_sequence_dnase_h3k4me3_rrbs_seed_42_kernel_5,mixed,None,sequence_dnase_h3k4me3_rrbs,42,5,17,G,0.0150884641334414,1.116167426109314,0.0037306980229914,7,True,17
mixed_cnn_sequence_dnase_h3k4me3_rrbs_seed_42_kernel_7,mixed,None,sequence_dnase_h3k4me3_rrbs,42,7,17,C,0.0344825163483619,1.3944817781448364,0.0043393978849053,7,True,17
mixed_cnn_sequence_dnase_h3k4me3_rrbs_seed_42_kernel_7,mixed,None,sequence_dnase_h3k4me3_rrbs,42,7,17,A,0.0243071354925632,1.377439260482788,0.0127496737986803,7,True,17
mixed_cnn_sequence_dnase_h3k4me3_rrbs_seed_42_kernel_7,mixed,None,sequence_dnase_h3k4me3_rrbs,42,7,17,T,0.0194905661046504,1.162860870361328,0.0011856409255415,7,True,17
mixed_cnn_sequence_dnase_h3k4me3_rrbs_seed_42_kernel_7,mixed,None,sequence_dnase_h3k4me3_rrbs,42,7,17,G,0.018467828631401,1.0493062734603882,0.00425690645352,7,True,17
mixed_cnn_sequence_dnase_h3k4me3_rrbs_seed_43_kernel_3,mixed,None,sequence_dnase_h3k4me3_rrbs,43,3,17,C,0.016430439427495,1.029652118682861,0.001127281342633,7,True,17
mixed_cnn_sequence_dnase_h3k4me3_rrbs_seed_43_kernel_3,mixed,None,sequence_dnase_h3k4me3_rrbs,43,3,17,A,0.0142532549798488,0.985969305038452,0.0011117280228063,7,True,17
mixed_cnn_sequence_dnase_h3k4me3_rrbs_seed_43_kernel_3,mixed,None,sequence_dnase_h3k4me3_rrbs,43,3,17,G,0.012225299142301,0.9050316214561462,0.0015476286644116,7,True,17
mixed_cnn_sequence_dnase_h3k4me3_rrbs_seed_43_kernel_3,mixed,None,sequence_dnase_h3k4me3_rrbs,43,3,17,T,0.0104252146556973,0.8739871978759766,0.0001643565046833,7,True,17
mixed_cnn_sequence_dnase_h3k4me3_rrbs_seed_43_kernel_5,mixed,None,sequence_dnase_h3k4me3_rrbs,43,5,17,C,0.0328726656734943,1.316415548324585,0.0040555177256464,7,True,17
mixed_cnn_sequence_dnase_h3k4me3_rrbs_seed_43_kernel_5,mixed,None,sequence_dnase_h3k4me3_rrbs,43,5,17,A,0.0256242994219064,1.236833930015564,0.0102706830948591,7,True,17
mixed_cnn_sequence_dnase_h3k4me3_rrbs_seed_43_kernel_5,mixed,None,sequence_dnase_h3k4me3_rrbs,43,5,17,T,0.0165164582431316,0.9694801568984984,0.0014900551177561,7,True,17
mixed_cnn_sequence_dnase_h3k4me3_rrbs_seed_43_kernel_5,mixed,None,sequence_dnase_h3k4me3_rrbs,43,5,17,G,0.013228366151452,0.9820080995559692,0.0023205892648547,7,True,17
mixed_cnn_sequence_dnase_h3k4me3_rrbs_seed_43_kernel_7,mixed,None,sequence_dnase_h3k4me3_rrbs,43,7,17,C,0.0305780582129955,1.6757214069366455,0.0086453603580594,7,True,17
mixed_cnn_sequence_dnase_h3k4me3_rrbs_seed_43_kernel_7,mixed,None,sequence_dnase_h3k4me3_rrbs,43,7,17,A,0.0264083538204431,1.5234068632125854,0.0225750729441642,7,True,17
mixed_cnn_sequence_dnase_h3k4me3_rrbs_seed_43_kernel_7,mixed,None,sequence_dnase_h3k4me3_rrbs,43,7,17,T,0.0197984315454959,1.332101345062256,0.0033508692868053,7,True,17
mixed_cnn_sequence_dnase_h3k4me3_rrbs_seed_43_kernel_7,mixed,None,sequence_dnase_h3k4me3_rrbs,43,7,17,G,0.0156830698251724,1.043230414390564,0.0043511781841516,7,True,17
mixed_cnn_sequence_dnase_h3k4me3_rrbs_seed_44_kernel_3,mixed,None,sequence_dnase_h3k4me3_rrbs,44,3,17,A,0.0160907208919525,1.4024264812469482,0.0018959285225719,7,True,17
mixed_cnn_sequence_dnase_h3k4me3_rrbs_seed_44_kernel_3,mixed,None,sequence_dnase_h3k4me3_rrbs,44,3,17,C,0.0135996732860803,1.3249050378799438,0.0018870187923312,7,True,17
mixed_cnn_sequence_dnase_h3k4me3_rrbs_seed_44_kernel_3,mixed,None,sequence_dnase_h3k4me3_rrbs,44,3,17,G,0.0118130901828408,1.1246216297149658,0.0017118498217314,7,True,17
mixed_cnn_sequence_dnase_h3k4me3_rrbs_seed_44_kernel_3,mixed,None,sequence_dnase_h3k4me3_rrbs,44,3,17,T,0.0082596577703952,1.1294254064559937,0.0004230368940625,7,True,17
mixed_cnn_sequence_dnase_h3k4me3_rrbs_seed_44_kernel_5,mixed,None,sequence_dnase_h3k4me3_rrbs,44,5,17,C,0.0254000853747129,1.0236835479736328,0.0058250757865607,7,True,17
mixed_cnn_sequence_dnase_h3k4me3_rrbs_seed_44_kernel_5,mixed,None,sequence_dnase_h3k4me3_rrbs,44,5,17,A,0.0252843871712684,1.1702604293823242,0.00696676177904,7,True,17
mixed_cnn_sequence_dnase_h3k4me3_rrbs_seed_44_kernel_5,mixed,None,sequence_dnase_h3k4me3_rrbs,44,5,17,G,0.0169781800359487,0.8915203809738159,0.0036822375841438,7,True,17
mixed_cnn_sequence_dnase_h3k4me3_rrbs_seed_44_kernel_5,mixed,None,sequence_dnase_h3k4me3_rrbs,44,5,17,T,0.0139841120690107,0.9623565673828124,0.0017525621224194,7,True,17
mixed_cnn_sequence_dnase_h3k4me3_rrbs_seed_44_kernel_7,mixed,None,sequence_dnase_h3k4me3_rrbs,44,7,17,A,0.0351544469594955,1.78433096408844,0.0124871991574764,7,True,17
mixed_cnn_sequence_dnase_h3k4me3_rrbs_seed_44_kernel_7,mixed,None,sequence_dnase_h3k4me3_rrbs,44,7,17,C,0.034572534263134,1.5761443376541138,0.0090034548193216,7,True,17
mixed_cnn_sequence_dnase_h3k4me3_rrbs_seed_44_kernel_7,mixed,None,sequence_dnase_h3k4me3_rrbs,44,7,17,G,0.0135612050071358,1.0729339122772217,0.0030056587420403,7,True,17
mixed_cnn_sequence_dnase_h3k4me3_rrbs_seed_44_kernel_7,mixed,None,sequence_dnase_h3k4me3_rrbs,44,7,17,T,0.0114563088864088,1.1339412927627563,0.0023526898585259,7,True,17
mixed_cnn_sequence_dnase_h3k4me3_rrbs_seed_45_kernel_3,mixed,None,sequence_dnase_h3k4me3_rrbs,45,3,17,C,0.0107284029945731,1.2406978607177734,0.0011250176467001,7,True,17
mixed_cnn_sequence_dnase_h3k4me3_rrbs_seed_45_kernel_3,mixed,None,sequence_dnase_h3k4me3_rrbs,45,3,17,A,0.0098483087494969,1.36309552192688,0.0013537945924326,7,True,17
mixed_cnn_sequence_dnase_h3k4me3_rrbs_seed_45_kernel_3,mixed,None,sequence_dnase_h3k4me3_rrbs,45,3,17,G,0.006526384036988,1.192768931388855,0.0006839023553766,7,True,17
mixed_cnn_sequence_dnase_h3k4me3_rrbs_seed_45_kernel_3,mixed,None,sequence_dnase_h3k4me3_rrbs,45,3,17,T,0.0053278803825378,1.2212152481079102,0.0001833198039093,7,True,17
mixed_cnn_sequence_dnase_h3k4me3_rrbs_seed_45_kernel_5,mixed,None,sequence_dnase_h3k4me3_rrbs,45,5,17,C,0.0348923914134502,1.0770732164382937,0.0029328681994229,7,True,17
mixed_cnn_sequence_dnase_h3k4me3_rrbs_seed_45_kernel_5,mixed,None,sequence_dnase_h3k4me3_rrbs,45,5,17,A,0.0230734851211309,1.1767961978912354,0.0019662852864712,7,True,17
mixed_cnn_sequence_dnase_h3k4me3_rrbs_seed_45_kernel_5,mixed,None,sequence_dnase_h3k4me3_rrbs,45,5,17,G,0.0182488486170768,0.9085972309112548,0.0009298771619796,7,True,17
mixed_cnn_sequence_dnase_h3k4me3_rrbs_seed_45_kernel_5,mixed,None,sequence_dnase_h3k4me3_rrbs,45,5,17,T,0.0145181706175208,0.9765888452529908,0.0001992711186176,7,True,17
mixed_cnn_sequence_dnase_h3k4me3_rrbs_seed_45_kernel_7,mixed,None,sequence_dnase_h3k4me3_rrbs,45,7,17,C,0.0417510755360126,1.5073775053024292,0.0046851369552314,7,True,17
mixed_cnn_sequence_dnase_h3k4me3_rrbs_seed_45_kernel_7,mixed,None,sequence_dnase_h3k4me3_rrbs,45,7,17,A,0.0250115133821964,1.3300045728683472,0.004376009106636,7,True,17
mixed_cnn_sequence_dnase_h3k4me3_rrbs_seed_45_kernel_7,mixed,None,sequence_dnase_h3k4me3_rrbs,45,7,17,T,0.0185572188347578,1.3543378114700315,0.0004593500925693,7,True,17
mixed_cnn_sequence_dnase_h3k4me3_rrbs_seed_45_kernel_7,mixed,None,sequence_dnase_h3k4me3_rrbs,45,7,17,G,0.0140746096149086,1.1693493127822876,0.0022947946563363,7,True,17
mixed_cnn_sequence_dnase_h3k4me3_seed_42_kernel_3,mixed,None,sequence_dnase_h3k4me3,42,3,17,A,0.0172805022448301,1.355902910232544,0.0113474270328879,6,True,17
mixed_cnn_sequence_dnase_h3k4me3_seed_42_kernel_3,mixed,None,sequence_dnase_h3k4me3,42,3,17,G,0.0103506287559866,1.1195645332336426,0.0019090400310233,6,True,17
mixed_cnn_sequence_dnase_h3k4me3_seed_42_kernel_3,mixed,None,sequence_dnase_h3k4me3,42,3,17,T,0.0102484486997127,1.059831142425537,0.0013522603549063,6,True,17
mixed_cnn_sequence_dnase_h3k4me3_seed_42_kernel_3,mixed,None,sequence_dnase_h3k4me3,42,3,17,C,0.0095465080812573,1.074968934059143,0.0060898577794432,6,True,17
mixed_cnn_sequence_dnase_h3k4me3_seed_42_kernel_5,mixed,None,sequence_dnase_h3k4me3,42,5,17,C,0.033975251019001,1.25714910030365,0.0037669795565307,6,True,17
mixed_cnn_sequence_dnase_h3k4me3_seed_42_kernel_5,mixed,None,sequence_dnase_h3k4me3,42,5,17,A,0.0268052890896797,1.0977715253829956,0.0140050826594233,6,True,17
mixed_cnn_sequence_dnase_h3k4me3_seed_42_kernel_5,mixed,None,sequence_dnase_h3k4me3,42,5,17,T,0.0221656914800405,1.0149571895599363,0.0024086730554699,6,True,17
mixed_cnn_sequence_dnase_h3k4me3_seed_42_kernel_5,mixed,None,sequence_dnase_h3k4me3,42,5,17,G,0.0162570867687463,0.9298153519630432,0.0033052354119718,6,True,17
mixed_cnn_sequence_dnase_h3k4me3_seed_42_kernel_7,mixed,None,sequence_dnase_h3k4me3,42,7,17,C,0.0286526717245578,2.2665724754333496,0.002912396332249,6,True,17
mixed_cnn_sequence_dnase_h3k4me3_seed_42_kernel_7,mixed,None,sequence_dnase_h3k4me3,42,7,17,A,0.0230782199651002,1.7994697093963623,0.0084469662979245,6,True,17
mixed_cnn_sequence_dnase_h3k4me3_seed_42_kernel_7,mixed,None,sequence_dnase_h3k4me3,42,7,17,T,0.0136097129434347,1.3650970458984375,0.0005726625095121,6,True,17
mixed_cnn_sequence_dnase_h3k4me3_seed_42_kernel_7,mixed,None,sequence_dnase_h3k4me3,42,7,17,G,0.0104515980929136,1.2577937841415403,0.0019312904914841,6,True,17
mixed_cnn_sequence_dnase_h3k4me3_seed_43_kernel_3,mixed,None,sequence_dnase_h3k4me3,43,3,17,C,0.0140362847596406,1.0709550380706787,0.0007913665031082,6,True,17
mixed_cnn_sequence_dnase_h3k4me3_seed_43_kernel_3,mixed,None,sequence_dnase_h3k4me3,43,3,17,A,0.0100864944979548,1.0999369621276855,0.000946017622482,6,True,17
mixed_cnn_sequence_dnase_h3k4me3_seed_43_kernel_3,mixed,None,sequence_dnase_h3k4me3,43,3,17,G,0.0089468080550432,1.012708306312561,0.0005203465698286,6,True,17
mixed_cnn_sequence_dnase_h3k4me3_seed_43_kernel_3,mixed,None,sequence_dnase_h3k4me3,43,3,17,T,0.007844072766602,1.051844358444214,0.0001196536031784,6,True,17
mixed_cnn_sequence_dnase_h3k4me3_seed_43_kernel_5,mixed,None,sequence_dnase_h3k4me3,43,5,17,C,0.0298518035560846,1.2751835584640503,0.0030627555679529,6,True,17
mixed_cnn_sequence_dnase_h3k4me3_seed_43_kernel_5,mixed,None,sequence_dnase_h3k4me3,43,5,17,A,0.0179802943021059,1.182626247406006,0.0108869429677724,6,True,17
mixed_cnn_sequence_dnase_h3k4me3_seed_43_kernel_5,mixed,None,sequence_dnase_h3k4me3,43,5,17,T,0.0120813604444265,0.960624933242798,0.0019276457605883,6,True,17
mixed_cnn_sequence_dnase_h3k4me3_seed_43_kernel_5,mixed,None,sequence_dnase_h3k4me3,43,5,17,G,0.0101472223177552,1.0727745294570925,0.0031168446876108,6,True,17
mixed_cnn_sequence_dnase_h3k4me3_seed_43_kernel_7,mixed,None,sequence_dnase_h3k4me3,43,7,17,C,0.0361718945205211,1.6279927492141724,0.0105760525912046,6,True,17
mixed_cnn_sequence_dnase_h3k4me3_seed_43_kernel_7,mixed,None,sequence_dnase_h3k4me3,43,7,17,A,0.02269440703094,1.213346242904663,0.0156780593097209,6,True,17
mixed_cnn_sequence_dnase_h3k4me3_seed_43_kernel_7,mixed,None,sequence_dnase_h3k4me3,43,7,17,T,0.0217433646321296,1.204236626625061,0.0045545077882707,6,True,17
mixed_cnn_sequence_dnase_h3k4me3_seed_43_kernel_7,mixed,None,sequence_dnase_h3k4me3,43,7,17,G,0.0141954747959971,1.1182682514190674,0.0043198615312576,6,True,17
mixed_cnn_sequence_dnase_h3k4me3_seed_44_kernel_3,mixed,None,sequence_dnase_h3k4me3,44,3,17,A,0.0162245351821184,1.054408073425293,0.0030677653849124,6,True,17
mixed_cnn_sequence_dnase_h3k4me3_seed_44_kernel_3,mixed,None,sequence_dnase_h3k4me3,44,3,17,C,0.0125990575179457,0.945912539958954,0.0017001469386741,6,True,17
mixed_cnn_sequence_dnase_h3k4me3_seed_44_kernel_3,mixed,None,sequence_dnase_h3k4me3,44,3,17,G,0.0114293713122606,0.8955315351486206,0.0022370673250406,6,True,17
mixed_cnn_sequence_dnase_h3k4me3_seed_44_kernel_3,mixed,None,sequence_dnase_h3k4me3,44,3,17,T,0.0091708842664957,0.8704273700714111,0.0004243615840096,6,True,17
mixed_cnn_sequence_dnase_h3k4me3_seed_44_kernel_5,mixed,None,sequence_dnase_h3k4me3,44,5,17,A,0.0486357361078262,1.503556251525879,0.026696540415287,6,True,17
mixed_cnn_sequence_dnase_h3k4me3_seed_44_kernel_5,mixed,None,sequence_dnase_h3k4me3,44,5,17,G,0.0262004416435956,1.170802116394043,0.0053328964859247,6,True,17
mixed_cnn_sequence_dnase_h3k4me3_seed_44_kernel_5,mixed,None,sequence_dnase_h3k4me3,44,5,17,C,0.0240971483290195,1.0949705839157104,0.0069417851045727,6,True,17
mixed_cnn_sequence_dnase_h3k4me3_seed_44_kernel_5,mixed,None,sequence_dnase_h3k4me3,44,5,17,T,0.0226942468434572,1.1463050842285156,0.0046224873512983,6,True,17
mixed_cnn_sequence_dnase_h3k4me3_seed_44_kernel_7,mixed,None,sequence_dnase_h3k4me3,44,7,17,C,0.0373293198645114,1.478288650512695,0.0100085251033306,6,True,17
mixed_cnn_sequence_dnase_h3k4me3_seed_44_kernel_7,mixed,None,sequence_dnase_h3k4me3,44,7,17,A,0.0281785000115633,1.516380786895752,0.0116984881460666,6,True,17
mixed_cnn_sequence_dnase_h3k4me3_seed_44_kernel_7,mixed,None,sequence_dnase_h3k4me3,44,7,17,G,0.0136777460575103,1.001587986946106,0.0025293126236647,6,True,17
mixed_cnn_sequence_dnase_h3k4me3_seed_44_kernel_7,mixed,None,sequence_dnase_h3k4me3,44,7,17,T,0.0111698247492313,1.1024794578552246,0.0017910923343151,6,True,17
mixed_cnn_sequence_dnase_h3k4me3_seed_45_kernel_3,mixed,None,sequence_dnase_h3k4me3,45,3,17,A,0.0119925765320658,1.4766342639923096,0.0016265483573079,6,True,17
mixed_cnn_sequence_dnase_h3k4me3_seed_45_kernel_3,mixed,None,sequence_dnase_h3k4me3,45,3,17,C,0.0096383402124047,1.2863260507583618,0.0010165687417611,6,True,17
mixed_cnn_sequence_dnase_h3k4me3_seed_45_kernel_3,mixed,None,sequence_dnase_h3k4me3,45,3,17,T,0.0069256918504834,1.3591386079788208,0.0002626692876219,6,True,17
mixed_cnn_sequence_dnase_h3k4me3_seed_45_kernel_3,mixed,None,sequence_dnase_h3k4me3,45,3,17,G,0.0068507026880979,1.2872952222824097,0.0010100952349603,6,True,17
mixed_cnn_sequence_dnase_h3k4me3_seed_45_kernel_5,mixed,None,sequence_dnase_h3k4me3,45,5,17,C,0.0386995300650596,1.5159215927124023,0.0040032942779362,6,True,17
mixed_cnn_sequence_dnase_h3k4me3_seed_45_kernel_5,mixed,None,sequence_dnase_h3k4me3,45,5,17,A,0.0250345934182405,1.314160943031311,0.0120221804827451,6,True,17
mixed_cnn_sequence_dnase_h3k4me3_seed_45_kernel_5,mixed,None,sequence_dnase_h3k4me3,45,5,17,G,0.0166292581707239,1.1104862689971924,0.0023095784708857,6,True,17
mixed_cnn_sequence_dnase_h3k4me3_seed_45_kernel_5,mixed,None,sequence_dnase_h3k4me3,45,5,17,T,0.0120258554816246,1.1699436902999878,0.0016627508448436,6,True,17
mixed_cnn_sequence_dnase_h3k4me3_seed_45_kernel_7,mixed,None,sequence_dnase_h3k4me3,45,7,17,C,0.0470526292920112,1.3001837730407717,0.0032151986379176,6,True,17
mixed_cnn_sequence_dnase_h3k4me3_seed_45_kernel_7,mixed,None,sequence_dnase_h3k4me3,45,7,17,A,0.0192506294697523,1.0833375453948977,0.0019592286553233,6,True,17
mixed_cnn_sequence_dnase_h3k4me3_seed_45_kernel_7,mixed,None,sequence_dnase_h3k4me3,45,7,17,G,0.0137283895164728,0.9899912476539612,0.0014584599994122,6,True,17
mixed_cnn_sequence_dnase_h3k4me3_seed_45_kernel_7,mixed,None,sequence_dnase_h3k4me3,45,7,17,T,0.0119966221973299,1.0668076276779177,0.0001764560875017,6,True,17
mixed_cnn_sequence_dnase_rrbs_seed_42_kernel_3,mixed,None,sequence_dnase_rrbs,42,3,17,A,0.0165207311511039,1.3350777626037598,0.0095672793686389,6,True,17
mixed_cnn_sequence_dnase_rrbs_seed_42_kernel_3,mixed,None,sequence_dnase_rrbs,42,3,17,T,0.0102097475901246,1.071233868598938,0.0013880800688639,6,True,17
mixed_cnn_sequence_dnase_rrbs_seed_42_kernel_3,mixed,None,sequence_dnase_rrbs,42,3,17,C,0.0098416376858949,1.098780632019043,0.0057721957564353,6,True,17
mixed_cnn_sequence_dnase_rrbs_seed_42_kernel_3,mixed,None,sequence_dnase_rrbs,42,3,17,G,0.0097867511212825,1.04668128490448,0.0016411565011367,6,True,17
mixed_cnn_sequence_dnase_rrbs_seed_42_kernel_5,mixed,None,sequence_dnase_rrbs,42,5,17,C,0.0391962341964244,1.172275185585022,0.0064980443567037,6,True,17
mixed_cnn_sequence_dnase_rrbs_seed_42_kernel_5,mixed,None,sequence_dnase_rrbs,42,5,17,A,0.0296814553439617,1.0549683570861816,0.0208707172423601,6,True,17
mixed_cnn_sequence_dnase_rrbs_seed_42_kernel_5,mixed,None,sequence_dnase_rrbs,42,5,17,T,0.0252411309629678,0.9709270000457764,0.0039278944022953,6,True,17
mixed_cnn_sequence_dnase_rrbs_seed_42_kernel_5,mixed,None,sequence_dnase_rrbs,42,5,17,G,0.0190332643687725,0.9578668475151062,0.0065838345326483,6,True,17
mixed_cnn_sequence_dnase_rrbs_seed_42_kernel_7,mixed,None,sequence_dnase_rrbs,42,7,17,C,0.0349470749497413,1.690231442451477,0.0039204065687954,6,True,17
mixed_cnn_sequence_dnase_rrbs_seed_42_kernel_7,mixed,None,sequence_dnase_rrbs,42,7,17,A,0.0274448469281196,1.5870999097824097,0.0167298335582017,6,True,17
mixed_cnn_sequence_dnase_rrbs_seed_42_kernel_7,mixed,None,sequence_dnase_rrbs,42,7,17,T,0.0185557790100574,1.1996561288833618,0.001804758561775,6,True,17
mixed_cnn_sequence_dnase_rrbs_seed_42_kernel_7,mixed,None,sequence_dnase_rrbs,42,7,17,G,0.0136844273656606,1.0510785579681396,0.0032626760657876,6,True,17
mixed_cnn_sequence_dnase_rrbs_seed_43_kernel_3,mixed,None,sequence_dnase_rrbs,43,3,17,C,0.0158204566687345,1.0634833574295044,0.0013006653171032,6,True,17
mixed_cnn_sequence_dnase_rrbs_seed_43_kernel_3,mixed,None,sequence_dnase_rrbs,43,3,17,A,0.012116378173232,1.1097934246063232,0.0011313559953123,6,True,17
mixed_cnn_sequence_dnase_rrbs_seed_43_kernel_3,mixed,None,sequence_dnase_rrbs,43,3,17,G,0.0105919344350695,1.0575627088546753,0.0019749118946492,6,True,17
mixed_cnn_sequence_dnase_rrbs_seed_43_kernel_3,mixed,None,sequence_dnase_rrbs,43,3,17,T,0.0095738284289836,1.0488017797470093,0.0002304732188349,6,True,17
mixed_cnn_sequence_dnase_rrbs_seed_43_kernel_5,mixed,None,sequence_dnase_rrbs,43,5,17,C,0.0309020150452852,1.2553247213363647,0.0039778258651494,6,True,17
mixed_cnn_sequence_dnase_rrbs_seed_43_kernel_5,mixed,None,sequence_dnase_rrbs,43,5,17,A,0.017094811424613,1.104313850402832,0.0173421129584312,6,True,17
mixed_cnn_sequence_dnase_rrbs_seed_43_kernel_5,mixed,None,sequence_dnase_rrbs,43,5,17,T,0.0136985760182142,0.8856492638587952,0.0031602827366441,6,True,17
mixed_cnn_sequence_dnase_rrbs_seed_43_kernel_5,mixed,None,sequence_dnase_rrbs,43,5,17,G,0.0106646800413727,1.0821045637130735,0.006402953993529,6,True,17
mixed_cnn_sequence_dnase_rrbs_seed_43_kernel_7,mixed,None,sequence_dnase_rrbs,43,7,17,C,0.0285986736416816,1.2803372144699097,0.0055143474601209,6,True,17
mixed_cnn_sequence_dnase_rrbs_seed_43_kernel_7,mixed,None,sequence_dnase_rrbs,43,7,17,A,0.0256118867546319,1.2222177982330322,0.0200046580284833,6,True,17
mixed_cnn_sequence_dnase_rrbs_seed_43_kernel_7,mixed,None,sequence_dnase_rrbs,43,7,17,T,0.0174239296466112,1.037820816040039,0.0050281737931072,6,True,17
mixed_cnn_sequence_dnase_rrbs_seed_43_kernel_7,mixed,None,sequence_dnase_rrbs,43,7,17,G,0.0158584993332624,1.0187842845916748,0.0085135195404291,6,True,17
mixed_cnn_sequence_dnase_rrbs_seed_44_kernel_3,mixed,None,sequence_dnase_rrbs,44,3,17,A,0.0153236389160156,1.110965609550476,0.0019656517542898,6,True,17
mixed_cnn_sequence_dnase_rrbs_seed_44_kernel_3,mixed,None,sequence_dnase_rrbs,44,3,17,C,0.01179457642138,0.9797704219818116,0.0012485478073358,6,True,17
mixed_cnn_sequence_dnase_rrbs_seed_44_kernel_3,mixed,None,sequence_dnase_rrbs,44,3,17,G,0.0106979664415121,0.9168948531150818,0.001786422682926,6,True,17
mixed_cnn_sequence_dnase_rrbs_seed_44_kernel_3,mixed,None,sequence_dnase_rrbs,44,3,17,T,0.0088087413460016,0.889085590839386,0.0003852810186799,6,True,17
mixed_cnn_sequence_dnase_rrbs_seed_44_kernel_5,mixed,None,sequence_dnase_rrbs,44,5,17,A,0.0502017773687839,1.442746639251709,0.0309546794742345,6,True,17
mixed_cnn_sequence_dnase_rrbs_seed_44_kernel_5,mixed,None,sequence_dnase_rrbs,44,5,17,T,0.0285884346812963,1.1983860731124878,0.0056980391964316,6,True,17
mixed_cnn_sequence_dnase_rrbs_seed_44_kernel_5,mixed,None,sequence_dnase_rrbs,44,5,17,G,0.0283593796193599,1.1452771425247192,0.0048703989014029,6,True,17
mixed_cnn_sequence_dnase_rrbs_seed_44_kernel_5,mixed,None,sequence_dnase_rrbs,44,5,17,C,0.0254939068108797,1.0074957609176636,0.0070063797757029,6,True,17
mixed_cnn_sequence_dnase_rrbs_seed_44_kernel_7,mixed,None,sequence_dnase_rrbs,44,7,17,C,0.0468739420175552,1.5723730325698853,0.0122781842947006,6,True,17
mixed_cnn_sequence_dnase_rrbs_seed_44_kernel_7,mixed,None,sequence_dnase_rrbs,44,7,17,A,0.0263875219970941,1.31522536277771,0.0143832834437489,6,True,17
mixed_cnn_sequence_dnase_rrbs_seed_44_kernel_7,mixed,None,sequence_dnase_rrbs,44,7,17,G,0.0157872214913368,0.9627890586853028,0.0035331198014318,6,True,17
mixed_cnn_sequence_dnase_rrbs_seed_44_kernel_7,mixed,None,sequence_dnase_rrbs,44,7,17,T,0.0147453043609857,1.0613982677459717,0.002795678563416,6,True,17
mixed_cnn_sequence_dnase_rrbs_seed_45_kernel_3,mixed,None,sequence_dnase_rrbs,45,3,17,A,0.0116325253620743,1.4640568494796753,0.0017601136351004,6,True,17
mixed_cnn_sequence_dnase_rrbs_seed_45_kernel_3,mixed,None,sequence_dnase_rrbs,45,3,17,C,0.0092702098190784,1.2998443841934204,0.0010623222915455,6,True,17
mixed_cnn_sequence_dnase_rrbs_seed_45_kernel_3,mixed,None,sequence_dnase_rrbs,45,3,17,G,0.0070258877240121,1.3141933679580688,0.0010734854731708,6,True,17
mixed_cnn_sequence_dnase_rrbs_seed_45_kernel_3,mixed,None,sequence_dnase_rrbs,45,3,17,T,0.0064610806293785,1.3256564140319824,0.0002687784726731,6,True,17
mixed_cnn_sequence_dnase_rrbs_seed_45_kernel_5,mixed,None,sequence_dnase_rrbs,45,5,17,C,0.0486411899328231,1.7002909183502195,0.0048388876020908,6,True,17
mixed_cnn_sequence_dnase_rrbs_seed_45_kernel_5,mixed,None,sequence_dnase_rrbs,45,5,17,A,0.0266889091581106,1.344831466674805,0.008592139929533,6,True,17
mixed_cnn_sequence_dnase_rrbs_seed_45_kernel_5,mixed,None,sequence_dnase_rrbs,45,5,17,G,0.0174108929932117,1.1146328449249268,0.0018169961404055,6,True,17
mixed_cnn_sequence_dnase_rrbs_seed_45_kernel_5,mixed,None,sequence_dnase_rrbs,45,5,17,T,0.0140778087079525,1.2096771001815796,0.0009893990354612,6,True,17
mixed_cnn_sequence_dnase_rrbs_seed_45_kernel_7,mixed,None,sequence_dnase_rrbs,45,7,17,C,0.0435451194643974,1.7740793228149414,0.0040306877344846,6,True,17
mixed_cnn_sequence_dnase_rrbs_seed_45_kernel_7,mixed,None,sequence_dnase_rrbs,45,7,17,A,0.0153636373579502,1.2355939149856567,0.0020839008502662,6,True,17
mixed_cnn_sequence_dnase_rrbs_seed_45_kernel_7,mixed,None,sequence_dnase_rrbs,45,7,17,G,0.0098938886076211,1.065380573272705,0.0010253187501803,6,True,17
mixed_cnn_sequence_dnase_rrbs_seed_45_kernel_7,mixed,None,sequence_dnase_rrbs,45,7,17,T,0.0089552858844399,1.16094970703125,0.0002593264216557,6,True,17
mixed_cnn_sequence_dnase_seed_42_kernel_3,mixed,None,sequence_dnase,42,3,17,A,0.0192288756370544,1.3192459344863892,0.0108333844691514,5,True,17
mixed_cnn_sequence_dnase_seed_42_kernel_3,mixed,None,sequence_dnase,42,3,17,T,0.0130181107670068,1.2531118392944336,0.0012995477300137,5,True,17
mixed_cnn_sequence_dnase_seed_42_kernel_3,mixed,None,sequence_dnase,42,3,17,C,0.0115706175565719,1.0645663738250732,0.0047669950872659,5,True,17
mixed_cnn_sequence_dnase_seed_42_kernel_3,mixed,None,sequence_dnase,42,3,17,G,0.0101667987182736,1.0740761756896973,0.0016395252896472,5,True,17
mixed_cnn_sequence_dnase_seed_42_kernel_5,mixed,None,sequence_dnase,42,5,17,A,0.0338345468044281,1.1724998950958252,0.0368494056165218,5,True,17
mixed_cnn_sequence_dnase_seed_42_kernel_5,mixed,None,sequence_dnase,42,5,17,T,0.0295884013175964,1.0763665437698364,0.0061603593640029,5,True,17
mixed_cnn_sequence_dnase_seed_42_kernel_5,mixed,None,sequence_dnase,42,5,17,C,0.0291950684040784,1.074226975440979,0.005713119637221,5,True,17
mixed_cnn_sequence_dnase_seed_42_kernel_5,mixed,None,sequence_dnase,42,5,17,G,0.0195931550115346,0.951913356781006,0.0081349313259124,5,True,17
mixed_cnn_sequence_dnase_seed_42_kernel_7,mixed,None,sequence_dnase,42,7,17,C,0.0420979298651218,1.4750239849090576,0.0081497021019458,5,True,17
mixed_cnn_sequence_dnase_seed_42_kernel_7,mixed,None,sequence_dnase,42,7,17,A,0.0289604123681783,1.5318902730941772,0.0180361475795507,5,True,17
mixed_cnn_sequence_dnase_seed_42_kernel_7,mixed,None,sequence_dnase,42,7,17,G,0.0230390857905149,1.094238519668579,0.0047306800261139,5,True,17
mixed_cnn_sequence_dnase_seed_42_kernel_7,mixed,None,sequence_dnase,42,7,17,T,0.0216868575662374,1.2270082235336304,0.0012704023392871,5,True,17
mixed_cnn_sequence_dnase_seed_43_kernel_3,mixed,None,sequence_dnase,43,3,17,C,0.0150267323479056,1.1065229177474976,0.0016054289881139,5,True,17
mixed_cnn_sequence_dnase_seed_43_kernel_3,mixed,None,sequence_dnase,43,3,17,A,0.0145169626921415,1.1466025114059448,0.0025220485404133,5,True,17
mixed_cnn_sequence_dnase_seed_43_kernel_3,mixed,None,sequence_dnase,43,3,17,G,0.0123826740309596,1.0396069288253784,0.0016442273044958,5,True,17
mixed_cnn_sequence_dnase_seed_43_kernel_3,mixed,None,sequence_dnase,43,3,17,T,0.0111626712605357,1.0163761377334597,0.0003789551265072,5,True,17
mixed_cnn_sequence_dnase_seed_43_kernel_5,mixed,None,sequence_dnase,43,5,17,C,0.0337600298225879,1.304082274436951,0.0055657685734331,5,True,17
mixed_cnn_sequence_dnase_seed_43_kernel_5,mixed,None,sequence_dnase,43,5,17,A,0.0224875267595052,1.218746781349182,0.0109582878649234,5,True,17
mixed_cnn_sequence_dnase_seed_43_kernel_5,mixed,None,sequence_dnase,43,5,17,T,0.0123457796871662,0.9260656833648682,0.0012007263721898,5,True,17
mixed_cnn_sequence_dnase_seed_43_kernel_5,mixed,None,sequence_dnase,43,5,17,G,0.0117119885981082,0.9889678359031676,0.0019957323092967,5,True,17
mixed_cnn_sequence_dnase_seed_43_kernel_7,mixed,None,sequence_dnase,43,7,17,C,0.0475417710840702,1.6590434312820437,0.0060608875937759,5,True,17
mixed_cnn_sequence_dnase_seed_43_kernel_7,mixed,None,sequence_dnase,43,7,17,A,0.0234682615846395,1.161063313484192,0.004775739274919,5,True,17
mixed_cnn_sequence_dnase_seed_43_kernel_7,mixed,None,sequence_dnase,43,7,17,T,0.0215957593172788,1.1546025276184082,0.000830301316455,5,True,17
mixed_cnn_sequence_dnase_seed_43_kernel_7,mixed,None,sequence_dnase,43,7,17,G,0.0149790458381176,1.1635316610336304,0.0011266289511695,5,True,17
mixed_cnn_sequence_dnase_seed_44_kernel_3,mixed,None,sequence_dnase,44,3,17,A,0.0156596377491951,1.358367085456848,0.002699039876461,5,True,17
mixed_cnn_sequence_dnase_seed_44_kernel_3,mixed,None,sequence_dnase,44,3,17,C,0.0128128668293356,1.2172425985336304,0.0015008547343313,5,True,17
mixed_cnn_sequence_dnase_seed_44_kernel_3,mixed,None,sequence_dnase,44,3,17,G,0.0102712577208876,1.0606056451797483,0.001559386961162,5,True,17
mixed_cnn_sequence_dnase_seed_44_kernel_3,mixed,None,sequence_dnase,44,3,17,T,0.00910937320441,1.0839964151382446,0.0004548132419586,5,True,17
mixed_cnn_sequence_dnase_seed_44_kernel_5,mixed,None,sequence_dnase,44,5,17,C,0.0334796942770481,1.5405051708221436,0.0065039391629397,5,True,17
mixed_cnn_sequence_dnase_seed_44_kernel_5,mixed,None,sequence_dnase,44,5,17,A,0.0309092197567224,1.6836739778518677,0.0112880449742078,5,True,17
mixed_cnn_sequence_dnase_seed_44_kernel_5,mixed,None,sequence_dnase,44,5,17,T,0.0131580624729394,1.1348174810409546,0.0022015920840203,5,True,17
mixed_cnn_sequence_dnase_seed_44_kernel_5,mixed,None,sequence_dnase,44,5,17,G,0.0131535623222589,1.0649560689926147,0.0024050509091466,5,True,17
mixed_cnn_sequence_dnase_seed_44_kernel_7,mixed,None,sequence_dnase,44,7,17,C,0.0488893948495388,1.5241539478302002,0.010753153823316,5,True,17
mixed_cnn_sequence_dnase_seed_44_kernel_7,mixed,None,sequence_dnase,44,7,17,A,0.0255901347845792,1.2593860626220703,0.0064226686954498,5,True,17
mixed_cnn_sequence_dnase_seed_44_kernel_7,mixed,None,sequence_dnase,44,7,17,G,0.0158662609755992,1.095330834388733,0.0030872027855366,5,True,17
mixed_cnn_sequence_dnase_seed_44_kernel_7,mixed,None,sequence_dnase,44,7,17,T,0.0119165191426873,1.1370173692703247,0.0008839798974804,5,True,17
mixed_cnn_sequence_dnase_seed_45_kernel_3,mixed,None,sequence_dnase,45,3,17,A,0.0124571966007351,1.295011043548584,0.0018797477241605,5,True,17
mixed_cnn_sequence_dnase_seed_45_kernel_3,mixed,None,sequence_dnase,45,3,17,C,0.0117135969921946,1.2254678010940552,0.0017359796911478,5,True,17
mixed_cnn_sequence_dnase_seed_45_kernel_3,mixed,None,sequence_dnase,45,3,17,G,0.0087294057011604,1.2264728546142578,0.0014571730280295,5,True,17
mixed_cnn_sequence_dnase_seed_45_kernel_3,mixed,None,sequence_dnase,45,3,17,T,0.0061643258668482,1.1485170125961304,0.0005006607389077,5,True,17
mixed_cnn_sequence_dnase_seed_45_kernel_5,mixed,None,sequence_dnase,45,5,17,C,0.0303739011287689,1.5688797235488892,0.0029558583628386,5,True,17
mixed_cnn_sequence_dnase_seed_45_kernel_5,mixed,None,sequence_dnase,45,5,17,A,0.0274985581636428,1.3765262365341189,0.0108894798904657,5,True,17
mixed_cnn_sequence_dnase_seed_45_kernel_5,mixed,None,sequence_dnase,45,5,17,G,0.0150611354038119,1.172743320465088,0.001894476939924,5,True,17
mixed_cnn_sequence_dnase_seed_45_kernel_5,mixed,None,sequence_dnase,45,5,17,T,0.0113633321598172,1.1735308170318604,0.0013736051041632,5,True,17
mixed_cnn_sequence_dnase_seed_45_kernel_7,mixed,None,sequence_dnase,45,7,17,C,0.0338480956852436,2.0233170986175537,0.0019087551627308,5,True,17
mixed_cnn_sequence_dnase_seed_45_kernel_7,mixed,None,sequence_dnase,45,7,17,A,0.0169691573828458,1.5066896677017212,0.0025777090340852,5,True,17
mixed_cnn_sequence_dnase_seed_45_kernel_7,mixed,None,sequence_dnase,45,7,17,G,0.0099535621702671,1.180848479270935,0.0008437824435532,5,True,17
mixed_cnn_sequence_dnase_seed_45_kernel_7,mixed,None,sequence_dnase,45,7,17,T,0.0079966997727751,1.1814197301864624,0.0003122308989986,5,True,17
mixed_cnn_sequence_h3k4me3_rrbs_seed_42_kernel_3,mixed,None,sequence_h3k4me3_rrbs,42,3,17,A,0.0155726028606295,1.3022044897079468,0.0086092632263898,6,True,17
mixed_cnn_sequence_h3k4me3_rrbs_seed_42_kernel_3,mixed,None,sequence_h3k4me3_rrbs,42,3,17,C,0.0095736104995012,1.090294599533081,0.0052539994940161,6,True,17
mixed_cnn_sequence_h3k4me3_rrbs_seed_42_kernel_3,mixed,None,sequence_h3k4me3_rrbs,42,3,17,T,0.0094939498230814,1.0893272161483765,0.00109790393617,6,True,17
mixed_cnn_sequence_h3k4me3_rrbs_seed_42_kernel_3,mixed,None,sequence_h3k4me3_rrbs,42,3,17,G,0.0090194419026374,1.067847490310669,0.0016501399222761,6,True,17
mixed_cnn_sequence_h3k4me3_rrbs_seed_42_kernel_5,mixed,None,sequence_h3k4me3_rrbs,42,5,17,C,0.0327401980757713,1.2310380935668943,0.0058906455524265,6,True,17
mixed_cnn_sequence_h3k4me3_rrbs_seed_42_kernel_5,mixed,None,sequence_h3k4me3_rrbs,42,5,17,A,0.0296420101076364,1.17927885055542,0.0227919016033411,6,True,17
mixed_cnn_sequence_h3k4me3_rrbs_seed_42_kernel_5,mixed,None,sequence_h3k4me3_rrbs,42,5,17,T,0.0290414616465568,1.1834906339645386,0.0039044329896569,6,True,17
mixed_cnn_sequence_h3k4me3_rrbs_seed_42_kernel_5,mixed,None,sequence_h3k4me3_rrbs,42,5,17,G,0.0182975102216005,0.9792672395706176,0.0039966604672372,6,True,17
mixed_cnn_sequence_h3k4me3_rrbs_seed_42_kernel_7,mixed,None,sequence_h3k4me3_rrbs,42,7,17,C,0.0335684120655059,1.6681393384933472,0.0044511193409562,6,True,17
mixed_cnn_sequence_h3k4me3_rrbs_seed_42_kernel_7,mixed,None,sequence_h3k4me3_rrbs,42,7,17,A,0.0258829928934574,1.5161956548690796,0.0126537680625915,6,True,17
mixed_cnn_sequence_h3k4me3_rrbs_seed_42_kernel_7,mixed,None,sequence_h3k4me3_rrbs,42,7,17,T,0.017629699781537,1.223578929901123,0.0014813723973929,6,True,17
mixed_cnn_sequence_h3k4me3_rrbs_seed_42_kernel_7,mixed,None,sequence_h3k4me3_rrbs,42,7,17,G,0.0130910454317927,1.069841980934143,0.0025647582951933,6,True,17
mixed_cnn_sequence_h3k4me3_rrbs_seed_43_kernel_3,mixed,None,sequence_h3k4me3_rrbs,43,3,17,C,0.0140425572171807,0.965662121772766,0.000821336521767,6,True,17
mixed_cnn_sequence_h3k4me3_rrbs_seed_43_kernel_3,mixed,None,sequence_h3k4me3_rrbs,43,3,17,A,0.0108593367040157,1.0346747636795044,0.0009659935603849,6,True,17
mixed_cnn_sequence_h3k4me3_rrbs_seed_43_kernel_3,mixed,None,sequence_h3k4me3_rrbs,43,3,17,G,0.0090598380193114,0.908467411994934,0.0009028532658703,6,True,17
mixed_cnn_sequence_h3k4me3_rrbs_seed_43_kernel_3,mixed,None,sequence_h3k4me3_rrbs,43,3,17,T,0.0083920257166028,0.9555251598358154,0.000147491286043,6,True,17
mixed_cnn_sequence_h3k4me3_rrbs_seed_43_kernel_5,mixed,None,sequence_h3k4me3_rrbs,43,5,17,C,0.0330097563564777,1.8856395483016968,0.0048874001950025,6,True,17
mixed_cnn_sequence_h3k4me3_rrbs_seed_43_kernel_5,mixed,None,sequence_h3k4me3_rrbs,43,5,17,A,0.0176258850842714,1.389161467552185,0.0095515586435794,6,True,17
mixed_cnn_sequence_h3k4me3_rrbs_seed_43_kernel_5,mixed,None,sequence_h3k4me3_rrbs,43,5,17,T,0.0088337743654847,1.0629355907440186,0.0014719230821356,6,True,17
mixed_cnn_sequence_h3k4me3_rrbs_seed_43_kernel_5,mixed,None,sequence_h3k4me3_rrbs,43,5,17,G,0.0087144533172249,1.129736065864563,0.0035421822685748,6,True,17
mixed_cnn_sequence_h3k4me3_rrbs_seed_43_kernel_7,mixed,None,sequence_h3k4me3_rrbs,43,7,17,C,0.0397139452397823,1.4217138290405271,0.0083037186414003,6,True,17
mixed_cnn_sequence_h3k4me3_rrbs_seed_43_kernel_7,mixed,None,sequence_h3k4me3_rrbs,43,7,17,T,0.0214785356074571,1.100988507270813,0.0021200915798544,6,True,17
mixed_cnn_sequence_h3k4me3_rrbs_seed_43_kernel_7,mixed,None,sequence_h3k4me3_rrbs,43,7,17,A,0.0174757409840822,1.011194109916687,0.0076612127013504,6,True,17
mixed_cnn_sequence_h3k4me3_rrbs_seed_43_kernel_7,mixed,None,sequence_h3k4me3_rrbs,43,7,17,G,0.0136091914027929,1.0391396284103394,0.0025636956561356,6,True,17
mixed_cnn_sequence_h3k4me3_rrbs_seed_44_kernel_3,mixed,None,sequence_h3k4me3_rrbs,44,3,17,A,0.0139715308323502,1.109589695930481,0.0022526537068188,6,True,17
mixed_cnn_sequence_h3k4me3_rrbs_seed_44_kernel_3,mixed,None,sequence_h3k4me3_rrbs,44,3,17,C,0.0126596447080373,1.071807861328125,0.0010268441401422,6,True,17
mixed_cnn_sequence_h3k4me3_rrbs_seed_44_kernel_3,mixed,None,sequence_h3k4me3_rrbs,44,3,17,G,0.0095434272661805,0.9190619587898254,0.0013102296506986,6,True,17
mixed_cnn_sequence_h3k4me3_rrbs_seed_44_kernel_3,mixed,None,sequence_h3k4me3_rrbs,44,3,17,T,0.0078202495351433,0.9496909379959106,0.0003539128811098,6,True,17
mixed_cnn_sequence_h3k4me3_rrbs_seed_44_kernel_5,mixed,None,sequence_h3k4me3_rrbs,44,5,17,A,0.0468348078429698,1.3990741968154907,0.0217622090131044,6,True,17
mixed_cnn_sequence_h3k4me3_rrbs_seed_44_kernel_5,mixed,None,sequence_h3k4me3_rrbs,44,5,17,G,0.028422113507986,1.1478171348571775,0.0042710495181381,6,True,17
mixed_cnn_sequence_h3k4me3_rrbs_seed_44_kernel_5,mixed,None,sequence_h3k4me3_rrbs,44,5,17,C,0.024759566411376,1.0502115488052368,0.0053138141520321,6,True,17
mixed_cnn_sequence_h3k4me3_rrbs_seed_44_kernel_5,mixed,None,sequence_h3k4me3_rrbs,44,5,17,T,0.0239970404654741,1.1774349212646484,0.0045968014746904,6,True,17
mixed_cnn_sequence_h3k4me3_rrbs_seed_44_kernel_7,mixed,None,sequence_h3k4me3_rrbs,44,7,17,C,0.0476581789553165,1.5980149507522583,0.0088524585589766,6,True,17
mixed_cnn_sequence_h3k4me3_rrbs_seed_44_kernel_7,mixed,None,sequence_h3k4me3_rrbs,44,7,17,A,0.0243631266057491,1.3031065464019775,0.0043569183908402,6,True,17
mixed_cnn_sequence_h3k4me3_rrbs_seed_44_kernel_7,mixed,None,sequence_h3k4me3_rrbs,44,7,17,G,0.0146334068849682,1.0147838592529297,0.0019575397018343,6,True,17
mixed_cnn_sequence_h3k4me3_rrbs_seed_44_kernel_7,mixed,None,sequence_h3k4me3_rrbs,44,7,17,T,0.0120278084650635,1.1439242362976074,0.0006095093558542,6,True,17
mixed_cnn_sequence_h3k4me3_rrbs_seed_45_kernel_3,mixed,None,sequence_h3k4me3_rrbs,45,3,17,A,0.0122335785999894,1.193745493888855,0.0015291412128135,6,True,17
mixed_cnn_sequence_h3k4me3_rrbs_seed_45_kernel_3,mixed,None,sequence_h3k4me3_rrbs,45,3,17,C,0.0099757816642522,1.1067593097686768,0.0011247346410527,6,True,17
mixed_cnn_sequence_h3k4me3_rrbs_seed_45_kernel_3,mixed,None,sequence_h3k4me3_rrbs,45,3,17,G,0.0094255208969116,1.1400697231292725,0.0010549016296863,6,True,17
mixed_cnn_sequence_h3k4me3_rrbs_seed_45_kernel_3,mixed,None,sequence_h3k4me3_rrbs,45,3,17,T,0.0064665405079722,1.0678188800811768,0.0006657743360847,6,True,17
mixed_cnn_sequence_h3k4me3_rrbs_seed_45_kernel_5,mixed,None,sequence_h3k4me3_rrbs,45,5,17,C,0.0358508750796318,1.3811904191970823,0.0058557675220072,6,True,17
mixed_cnn_sequence_h3k4me3_rrbs_seed_45_kernel_5,mixed,None,sequence_h3k4me3_rrbs,45,5,17,A,0.0257335267961025,1.284103512763977,0.0126841505989432,6,True,17
mixed_cnn_sequence_h3k4me3_rrbs_seed_45_kernel_5,mixed,None,sequence_h3k4me3_rrbs,45,5,17,G,0.0174872074276208,1.0425270795822144,0.0022391139063984,6,True,17
mixed_cnn_sequence_h3k4me3_rrbs_seed_45_kernel_5,mixed,None,sequence_h3k4me3_rrbs,45,5,17,T,0.01189009193331,1.1325057744979858,0.0016526064136996,6,True,17
mixed_cnn_sequence_h3k4me3_rrbs_seed_45_kernel_7,mixed,None,sequence_h3k4me3_rrbs,45,7,17,C,0.0585134774446487,1.752485990524292,0.0036846143193542,6,True,17
mixed_cnn_sequence_h3k4me3_rrbs_seed_45_kernel_7,mixed,None,sequence_h3k4me3_rrbs,45,7,17,A,0.0178558137267828,1.108968734741211,0.0014790117274969,6,True,17
mixed_cnn_sequence_h3k4me3_rrbs_seed_45_kernel_7,mixed,None,sequence_h3k4me3_rrbs,45,7,17,G,0.0129908444359898,1.0674688816070557,0.0010035908780992,6,True,17
mixed_cnn_sequence_h3k4me3_rrbs_seed_45_kernel_7,mixed,None,sequence_h3k4me3_rrbs,45,7,17,T,0.0116807064041495,1.089816927909851,0.0001732895470922,6,True,17
mixed_cnn_sequence_h3k4me3_seed_42_kernel_3,mixed,None,sequence_h3k4me3,42,3,17,A,0.0185248516499996,1.1997315883636477,0.0128425238654017,5,True,17
mixed_cnn_sequence_h3k4me3_seed_42_kernel_3,mixed,None,sequence_h3k4me3,42,3,17,T,0.0128711061552166,1.1607686281204224,0.0018974343547597,5,True,17
mixed_cnn_sequence_h3k4me3_seed_42_kernel_3,mixed,None,sequence_h3k4me3,42,3,17,G,0.0107877580448985,0.9769837856292723,0.0022812860552221,5,True,17
mixed_cnn_sequence_h3k4me3_seed_42_kernel_3,mixed,None,sequence_h3k4me3,42,3,17,C,0.0103241140022873,0.9709597826004028,0.0083509208634495,5,True,17
mixed_cnn_sequence_h3k4me3_seed_42_kernel_5,mixed,None,sequence_h3k4me3,42,5,17,A,0.0330663733184337,1.290107250213623,0.0310505330562591,5,True,17
mixed_cnn_sequence_h3k4me3_seed_42_kernel_5,mixed,None,sequence_h3k4me3,42,5,17,C,0.0282462332397699,1.2449802160263062,0.008561186492443,5,True,17
mixed_cnn_sequence_h3k4me3_seed_42_kernel_5,mixed,None,sequence_h3k4me3,42,5,17,T,0.0252605602145195,1.0951013565063477,0.0039717848412692,5,True,17
mixed_cnn_sequence_h3k4me3_seed_42_kernel_5,mixed,None,sequence_h3k4me3,42,5,17,G,0.0170540865510702,1.0138084888458252,0.0063410536386072,5,True,17
mixed_cnn_sequence_h3k4me3_seed_42_kernel_7,mixed,None,sequence_h3k4me3,42,7,17,C,0.0374013110995292,1.3512765169143677,0.004086245317012,5,True,17
mixed_cnn_sequence_h3k4me3_seed_42_kernel_7,mixed,None,sequence_h3k4me3,42,7,17,A,0.0305668972432613,1.40911066532135,0.0133809307590126,5,True,17
mixed_cnn_sequence_h3k4me3_seed_42_kernel_7,mixed,None,sequence_h3k4me3,42,7,17,G,0.0224571973085403,1.03959059715271,0.0040260730311274,5,True,17
mixed_cnn_sequence_h3k4me3_seed_42_kernel_7,mixed,None,sequence_h3k4me3,42,7,17,T,0.0219090636819601,1.1912885904312134,0.0010654847137629,5,True,17
mixed_cnn_sequence_h3k4me3_seed_43_kernel_3,mixed,None,sequence_h3k4me3,43,3,17,C,0.0139709021896123,0.9368143677711488,0.0010104971006512,5,True,17
mixed_cnn_sequence_h3k4me3_seed_43_kernel_3,mixed,None,sequence_h3k4me3,43,3,17,A,0.0109051577746868,0.9458922147750854,0.0012170108966529,5,True,17
mixed_cnn_sequence_h3k4me3_seed_43_kernel_3,mixed,None,sequence_h3k4me3,43,3,17,G,0.0098350793123245,0.9022987484931946,0.0011258755112066,5,True,17
mixed_cnn_sequence_h3k4me3_seed_43_kernel_3,mixed,None,sequence_h3k4me3,43,3,17,T,0.0091559691354632,0.8589673042297363,0.0001674512604949,5,True,17
mixed_cnn_sequence_h3k4me3_seed_43_kernel_5,mixed,None,sequence_h3k4me3,43,5,17,C,0.0346417427062988,1.44532573223114,0.0057089640758931,5,True,17
mixed_cnn_sequence_h3k4me3_seed_43_kernel_5,mixed,None,sequence_h3k4me3,43,5,17,A,0.0206182077527046,1.1929106712341309,0.0109905349090695,5,True,17
mixed_cnn_sequence_h3k4me3_seed_43_kernel_5,mixed,None,sequence_h3k4me3,43,5,17,T,0.0128766186535358,1.0064505338668823,0.0015548722585663,5,True,17
mixed_cnn_sequence_h3k4me3_seed_43_kernel_5,mixed,None,sequence_h3k4me3,43,5,17,G,0.0127178914844989,1.029708981513977,0.0024837639648467,5,True,17
mixed_cnn_sequence_h3k4me3_seed_43_kernel_7,mixed,None,sequence_h3k4me3,43,7,17,C,0.0406179726123809,1.3570901155471802,0.0059792636893689,5,True,17
mixed_cnn_sequence_h3k4me3_seed_43_kernel_7,mixed,None,sequence_h3k4me3,43,7,17,A,0.0216618161648511,1.1818077564239502,0.0047205579467117,5,True,17
mixed_cnn_sequence_h3k4me3_seed_43_kernel_7,mixed,None,sequence_h3k4me3,43,7,17,G,0.015416519716382,0.9951381683349608,0.0014189400244504,5,True,17
mixed_cnn_sequence_h3k4me3_seed_43_kernel_7,mixed,None,sequence_h3k4me3,43,7,17,T,0.014548328705132,0.9210728406906128,0.0004148335428908,5,True,17
mixed_cnn_sequence_h3k4me3_seed_44_kernel_3,mixed,None,sequence_h3k4me3,44,3,17,A,0.0155579568818211,1.0736860036849976,0.0040547791868448,5,True,17
mixed_cnn_sequence_h3k4me3_seed_44_kernel_3,mixed,None,sequence_h3k4me3,44,3,17,G,0.0124182980507612,0.9090432524681092,0.0027599290478974,5,True,17
mixed_cnn_sequence_h3k4me3_seed_44_kernel_3,mixed,None,sequence_h3k4me3,44,3,17,C,0.0120467795059084,1.0655590295791626,0.0018614579457789,5,True,17
mixed_cnn_sequence_h3k4me3_seed_44_kernel_3,mixed,None,sequence_h3k4me3,44,3,17,T,0.0087075596675276,0.9148617386817932,0.0007433791179209,5,True,17
mixed_cnn_sequence_h3k4me3_seed_44_kernel_5,mixed,None,sequence_h3k4me3,44,5,17,C,0.0306839626282453,1.4875845909118652,0.0044930493459105,5,True,17
mixed_cnn_sequence_h3k4me3_seed_44_kernel_5,mixed,None,sequence_h3k4me3,44,5,17,A,0.0296541061252355,1.66778564453125,0.0087134707719087,5,True,17
mixed_cnn_sequence_h3k4me3_seed_44_kernel_5,mixed,None,sequence_h3k4me3,44,5,17,G,0.0138965062797069,1.0862962007522583,0.0016825101338326,5,True,17
mixed_cnn_sequence_h3k4me3_seed_44_kernel_5,mixed,None,sequence_h3k4me3,44,5,17,T,0.0123590482398867,1.1446666717529297,0.0016242346027866,5,True,17
mixed_cnn_sequence_h3k4me3_seed_44_kernel_7,mixed,None,sequence_h3k4me3,44,7,17,C,0.0463378019630909,1.344266414642334,0.0126040894538164,5,True,17
mixed_cnn_sequence_h3k4me3_seed_44_kernel_7,mixed,None,sequence_h3k4me3,44,7,17,A,0.0192152615636587,1.034774661064148,0.0073475837707519,5,True,17
mixed_cnn_sequence_h3k4me3_seed_44_kernel_7,mixed,None,sequence_h3k4me3,44,7,17,G,0.0147814555093646,0.9507250785827636,0.0032793579157441,5,True,17
mixed_cnn_sequence_h3k4me3_seed_44_kernel_7,mixed,None,sequence_h3k4me3,44,7,17,T,0.0147201605141162,0.9790551662445068,0.0022902253549546,5,True,17
mixed_cnn_sequence_h3k4me3_seed_45_kernel_3,mixed,None,sequence_h3k4me3,45,3,17,C,0.0128245148807764,1.2818719148635864,0.0010469554690644,5,True,17
mixed_cnn_sequence_h3k4me3_seed_45_kernel_3,mixed,None,sequence_h3k4me3,45,3,17,A,0.0116015970706939,1.22308349609375,0.0014816307229921,5,True,17
mixed_cnn_sequence_h3k4me3_seed_45_kernel_3,mixed,None,sequence_h3k4me3,45,3,17,G,0.0087791150435805,1.128611445426941,0.0009580525802448,5,True,17
mixed_cnn_sequence_h3k4me3_seed_45_kernel_3,mixed,None,sequence_h3k4me3,45,3,17,T,0.0064202225767076,1.1004586219787598,0.0003468567738309,5,True,17
mixed_cnn_sequence_h3k4me3_seed_45_kernel_5,mixed,None,sequence_h3k4me3,45,5,17,C,0.0317699424922466,1.7483031749725342,0.002421120647341,5,True,17
mixed_cnn_sequence_h3k4me3_seed_45_kernel_5,mixed,None,sequence_h3k4me3,45,5,17,A,0.0260109640657901,1.5113977193832395,0.0107125071808695,5,True,17
mixed_cnn_sequence_h3k4me3_seed_45_kernel_5,mixed,None,sequence_h3k4me3,45,5,17,G,0.0136145297437906,1.154914140701294,0.001864323625341,5,True,17
mixed_cnn_sequence_h3k4me3_seed_45_kernel_5,mixed,None,sequence_h3k4me3,45,5,17,T,0.01054507214576,1.2263199090957642,0.0015776398358866,5,True,17
mixed_cnn_sequence_h3k4me3_seed_45_kernel_7,mixed,None,sequence_h3k4me3,45,7,17,C,0.0440464466810226,1.199738383293152,0.0034150390420109,5,True,17
mixed_cnn_sequence_h3k4me3_seed_45_kernel_7,mixed,None,sequence_h3k4me3,45,7,17,A,0.0155297210440039,1.004732966423035,0.001101833069697,5,True,17
mixed_cnn_sequence_h3k4me3_seed_45_kernel_7,mixed,None,sequence_h3k4me3,45,7,17,G,0.0144293969497084,0.9318942427635192,0.0011061730328947,5,True,17
mixed_cnn_sequence_h3k4me3_seed_45_kernel_7,mixed,None,sequence_h3k4me3,45,7,17,T,0.011291611008346,0.9564731121063232,0.0001340797316515,5,True,17
mixed_cnn_sequence_rrbs_seed_42_kernel_3,mixed,None,sequence_rrbs,42,3,17,A,0.0198324546217918,1.3392491340637207,0.0116776647046208,5,True,17
mixed_cnn_sequence_rrbs_seed_42_kernel_3,mixed,None,sequence_rrbs,42,3,17,T,0.0127992052584886,1.142609715461731,0.0016416044672951,5,True,17
mixed_cnn_sequence_rrbs_seed_42_kernel_3,mixed,None,sequence_rrbs,42,3,17,C,0.011229308322072,1.0313631296157837,0.0066560162231326,5,True,17
mixed_cnn_sequence_rrbs_seed_42_kernel_3,mixed,None,sequence_rrbs,42,3,17,G,0.0107045462355017,1.0121901035308838,0.0033036086242645,5,True,17
mixed_cnn_sequence_rrbs_seed_42_kernel_5,mixed,None,sequence_rrbs,42,5,17,A,0.0415703579783439,1.459354281425476,0.0297966431826353,5,True,17
mixed_cnn_sequence_rrbs_seed_42_kernel_5,mixed,None,sequence_rrbs,42,5,17,C,0.0306727234274148,1.262027621269226,0.0055205491371452,5,True,17
mixed_cnn_sequence_rrbs_seed_42_kernel_5,mixed,None,sequence_rrbs,42,5,17,T,0.027032297104597,1.2014918327331543,0.0047589037567377,5,True,17
mixed_cnn_sequence_rrbs_seed_42_kernel_5,mixed,None,sequence_rrbs,42,5,17,G,0.0197254754602909,1.0370968580245972,0.0063707148656249,5,True,17
mixed_cnn_sequence_rrbs_seed_42_kernel_7,mixed,None,sequence_rrbs,42,7,17,C,0.0393970012664794,1.4755514860153198,0.004308599513024,5,True,17
mixed_cnn_sequence_rrbs_seed_42_kernel_7,mixed,None,sequence_rrbs,42,7,17,A,0.0323005691170692,1.5261765718460083,0.0187305100262165,5,True,17
mixed_cnn_sequence_rrbs_seed_42_kernel_7,mixed,None,sequence_rrbs,42,7,17,G,0.0236861538141965,1.0907536745071411,0.0049480549059808,5,True,17
mixed_cnn_sequence_rrbs_seed_42_kernel_7,mixed,None,sequence_rrbs,42,7,17,T,0.0233875997364521,1.3075629472732544,0.0015628392575308,5,True,17
mixed_cnn_sequence_rrbs_seed_43_kernel_3,mixed,None,sequence_rrbs,43,3,17,C,0.013750672340393,0.930414617061615,0.0010537466732785,5,True,17
mixed_cnn_sequence_rrbs_seed_43_kernel_3,mixed,None,sequence_rrbs,43,3,17,A,0.0103131141513586,1.0198413133621216,0.0008948683389462,5,True,17
mixed_cnn_sequence_rrbs_seed_43_kernel_3,mixed,None,sequence_rrbs,43,3,17,G,0.0094756176695227,0.8994057178497314,0.0007470164564438,5,True,17
mixed_cnn_sequence_rrbs_seed_43_kernel_3,mixed,None,sequence_rrbs,43,3,17,T,0.0078030764125287,0.8587585091590881,0.0001078407149179,5,True,17
mixed_cnn_sequence_rrbs_seed_43_kernel_5,mixed,None,sequence_rrbs,43,5,17,C,0.0359196290373802,1.2311513423919678,0.0059212874621152,5,True,17
mixed_cnn_sequence_rrbs_seed_43_kernel_5,mixed,None,sequence_rrbs,43,5,17,A,0.0266177635639905,1.2827011346817017,0.0119749372825026,5,True,17
mixed_cnn_sequence_rrbs_seed_43_kernel_5,mixed,None,sequence_rrbs,43,5,17,G,0.013670333661139,1.0012574195861816,0.0023419132921844,5,True,17
mixed_cnn_sequence_rrbs_seed_43_kernel_5,mixed,None,sequence_rrbs,43,5,17,T,0.0136303212493658,0.9391200542449952,0.0014748149551451,5,True,17
mixed_cnn_sequence_rrbs_seed_43_kernel_7,mixed,None,sequence_rrbs,43,7,17,C,0.0434573255479335,1.36394464969635,0.014019158668816,5,True,17
mixed_cnn_sequence_rrbs_seed_43_kernel_7,mixed,None,sequence_rrbs,43,7,17,A,0.0209470931440591,1.0776691436767578,0.0133072715252637,5,True,17
mixed_cnn_sequence_rrbs_seed_43_kernel_7,mixed,None,sequence_rrbs,43,7,17,T,0.0151312155649065,0.878684401512146,0.0018733678152784,5,True,17
mixed_cnn_sequence_rrbs_seed_43_kernel_7,mixed,None,sequence_rrbs,43,7,17,G,0.0140474680811166,0.9520588517189026,0.0024094660766422,5,True,17
mixed_cnn_sequence_rrbs_seed_44_kernel_3,mixed,None,sequence_rrbs,44,3,17,A,0.0163299273699522,1.278030276298523,0.0036605617497116,5,True,17
mixed_cnn_sequence_rrbs_seed_44_kernel_3,mixed,None,sequence_rrbs,44,3,17,C,0.0123455263674259,1.1191785335540771,0.001679872511886,5,True,17
mixed_cnn_sequence_rrbs_seed_44_kernel_3,mixed,None,sequence_rrbs,44,3,17,G,0.0113709000870585,0.943260371685028,0.002071697730571,5,True,17
mixed_cnn_sequence_rrbs_seed_44_kernel_3,mixed,None,sequence_rrbs,44,3,17,T,0.0091758118942379,0.9874473214149476,0.0005553709925152,5,True,17
mixed_cnn_sequence_rrbs_seed_44_kernel_5,mixed,None,sequence_rrbs,44,5,17,C,0.0323964320123195,1.512533187866211,0.0062708803452551,5,True,17
mixed_cnn_sequence_rrbs_seed_44_kernel_5,mixed,None,sequence_rrbs,44,5,17,A,0.0288448929786682,1.711298584938049,0.007688439451158,5,True,17
mixed_cnn_sequence_rrbs_seed_44_kernel_5,mixed,None,sequence_rrbs,44,5,17,G,0.0135394735261797,1.1015297174453735,0.0022465188521891,5,True,17
mixed_cnn_sequence_rrbs_seed_44_kernel_5,mixed,None,sequence_rrbs,44,5,17,T,0.0125142913311719,1.1660786867141724,0.0011904520215466,5,True,17
mixed_cnn_sequence_rrbs_seed_44_kernel_7,mixed,None,sequence_rrbs,44,7,17,C,0.0520326308906078,1.6819305419921875,0.0092127714306116,5,True,17
mixed_cnn_sequence_rrbs_seed_44_kernel_7,mixed,None,sequence_rrbs,44,7,17,A,0.0279645361006259,1.3490980863571167,0.005609372165054,5,True,17
mixed_cnn_sequence_rrbs_seed_44_kernel_7,mixed,None,sequence_rrbs,44,7,17,G,0.0174456927925348,1.1521596908569336,0.0029092512559145,5,True,17
mixed_cnn_sequence_rrbs_seed_44_kernel_7,mixed,None,sequence_rrbs,44,7,17,T,0.0125725669786334,1.2577193975448608,0.0008677067235112,5,True,17
mixed_cnn_sequence_rrbs_seed_45_kernel_3,mixed,None,sequence_rrbs,45,3,17,C,0.0082714697346091,1.3560043573379517,0.0010296937543898,5,True,17
mixed_cnn_sequence_rrbs_seed_45_kernel_3,mixed,None,sequence_rrbs,45,3,17,A,0.0078000188805162,1.444424033164978,0.001370812067762,5,True,17
mixed_cnn_sequence_rrbs_seed_45_kernel_3,mixed,None,sequence_rrbs,45,3,17,T,0.0051108235493302,1.379921317100525,0.0002304621884832,5,True,17
mixed_cnn_sequence_rrbs_seed_45_kernel_3,mixed,None,sequence_rrbs,45,3,17,G,0.0049657160416245,1.3514879941940308,0.0007813054253347,5,True,17
mixed_cnn_sequence_rrbs_seed_45_kernel_5,mixed,None,sequence_rrbs,45,5,17,C,0.0317159220576286,1.745452642440796,0.0024476719554513,5,True,17
mixed_cnn_sequence_rrbs_seed_45_kernel_5,mixed,None,sequence_rrbs,45,5,17,A,0.0257799252867698,1.5407315492630005,0.0098952651023864,5,True,17
mixed_cnn_sequence_rrbs_seed_45_kernel_5,mixed,None,sequence_rrbs,45,5,17,G,0.0147113781422376,1.2184150218963623,0.0017656066920608,5,True,17
mixed_cnn_sequence_rrbs_seed_45_kernel_5,mixed,None,sequence_rrbs,45,5,17,T,0.011196837760508,1.2698084115982056,0.0016984230605885,5,True,17
mixed_cnn_sequence_rrbs_seed_45_kernel_7,mixed,None,sequence_rrbs,45,7,17,C,0.0376528985798358,1.0140682458877563,0.0021905198227614,5,True,17
mixed_cnn_sequence_rrbs_seed_45_kernel_7,mixed,None,sequence_rrbs,45,7,17,A,0.015498137101531,0.8838018178939819,0.0010831616818904,5,True,17
mixed_cnn_sequence_rrbs_seed_45_kernel_7,mixed,None,sequence_rrbs,45,7,17,G,0.0133830672129988,0.8302176594734192,0.0015838720137253,5,True,17
mixed_cnn_sequence_rrbs_seed_45_kernel_7,mixed,None,sequence_rrbs,45,7,17,T,0.0101423831656575,0.8066306710243225,0.0001470350398449,5,True,17
mixed_cnn_sequence_seed_42_kernel_3,mixed,None,sequence,42,3,17,A,0.0210014749318361,1.3527843952178955,0.0172079596668481,4,True,17
mixed_cnn_sequence_seed_42_kernel_3,mixed,None,sequence,42,3,17,G,0.01304582785815,1.0569947957992554,0.0032721306197345,4,True,17
mixed_cnn_sequence_seed_42_kernel_3,mixed,None,sequence,42,3,17,T,0.0125297466292977,1.1348596811294556,0.0027366855647414,4,True,17
mixed_cnn_sequence_seed_42_kernel_3,mixed,None,sequence,42,3,17,C,0.0119246849790215,1.1048458814620972,0.0116561530157923,4,True,17
mixed_cnn_sequence_seed_42_kernel_5,mixed,None,sequence,42,5,17,C,0.0389639399945735,1.498086929321289,0.005993319209665,4,True,17
mixed_cnn_sequence_seed_42_kernel_5,mixed,None,sequence,42,5,17,A,0.0304245688021183,1.2820091247558594,0.0189703740179538,4,True,17
mixed_cnn_sequence_seed_42_kernel_5,mixed,None,sequence,42,5,17,T,0.0243930500000715,1.1254764795303345,0.0027739817742258,4,True,17
mixed_cnn_sequence_seed_42_kernel_5,mixed,None,sequence,42,5,17,G,0.0188703648746013,1.0700150728225708,0.0038030052091926,4,True,17
mixed_cnn_sequence_seed_42_kernel_7,mixed,None,sequence,42,7,17,C,0.0462593957781791,1.4286788702011108,0.0072364159859716,4,True,17
mixed_cnn_sequence_seed_42_kernel_7,mixed,None,sequence,42,7,17,A,0.0290882177650928,1.356272578239441,0.0172653421759605,4,True,17
mixed_cnn_sequence_seed_42_kernel_7,mixed,None,sequence,42,7,17,T,0.0228989049792289,1.238256335258484,0.0014539655530825,4,True,17
mixed_cnn_sequence_seed_42_kernel_7,mixed,None,sequence,42,7,17,G,0.0168557576835155,1.0166364908218384,0.0050630900077521,4,True,17
mixed_cnn_sequence_seed_43_kernel_3,mixed,None,sequence,43,3,17,C,0.0153093431144952,1.0236101150512695,0.0010156440548598,4,True,17
mixed_cnn_sequence_seed_43_kernel_3,mixed,None,sequence,43,3,17,A,0.0109224412590265,1.1208933591842651,0.0012886802433058,4,True,17
mixed_cnn_sequence_seed_43_kernel_3,mixed,None,sequence,43,3,17,G,0.0103485900908708,1.0404438972473145,0.0007837701705284,4,True,17
mixed_cnn_sequence_seed_43_kernel_3,mixed,None,sequence,43,3,17,T,0.009158925153315,1.074307918548584,0.0001251613284694,4,True,17
mixed_cnn_sequence_seed_43_kernel_5,mixed,None,sequence,43,5,17,C,0.0426230542361736,1.2459505796432495,0.0021934420801699,4,True,17
mixed_cnn_sequence_seed_43_kernel_5,mixed,None,sequence,43,5,17,G,0.0193206425756216,1.039306402206421,0.001708350260742,4,True,17
mixed_cnn_sequence_seed_43_kernel_5,mixed,None,sequence,43,5,17,A,0.0179165434092283,1.0745476484298706,0.0035258950665593,4,True,17
mixed_cnn_sequence_seed_43_kernel_5,mixed,None,sequence,43,5,17,T,0.0137337082996964,0.9619663953781128,0.0005380344227887,4,True,17
mixed_cnn_sequence_seed_43_kernel_7,mixed,None,sequence,43,7,17,C,0.0385000966489315,1.2686381340026855,0.0100190220400691,4,True,17
mixed_cnn_sequence_seed_43_kernel_7,mixed,None,sequence,43,7,17,A,0.0315394476056098,1.2213788032531738,0.0151152666658163,4,True,17
mixed_cnn_sequence_seed_43_kernel_7,mixed,None,sequence,43,7,17,T,0.0224481206387281,1.031499981880188,0.0032316232100129,4,True,17
mixed_cnn_sequence_seed_43_kernel_7,mixed,None,sequence,43,7,17,G,0.0192730836570262,1.0288293361663818,0.0034149137791246,4,True,17
mixed_cnn_sequence_seed_44_kernel_3,mixed,None,sequence,44,3,17,A,0.0152934426441788,1.105238676071167,0.002501641632989,4,True,17
mixed_cnn_sequence_seed_44_kernel_3,mixed,None,sequence,44,3,17,C,0.0129823656752705,1.0800607204437256,0.0013038407778367,4,True,17
mixed_cnn_sequence_seed_44_kernel_3,mixed,None,sequence,44,3,17,G,0.0121924923732876,1.0040045976638794,0.0012840478448197,4,True,17
mixed_cnn_sequence_seed_44_kernel_3,mixed,None,sequence,44,3,17,T,0.0092471595853567,1.0224053859710691,0.0003858016279991,4,True,17
mixed_cnn_sequence_seed_44_kernel_5,mixed,None,sequence,44,5,17,A,0.0400810092687606,1.4925488233566284,0.0125559028238058,4,True,17
mixed_cnn_sequence_seed_44_kernel_5,mixed,None,sequence,44,5,17,C,0.033020045608282,1.3488247394561768,0.0034257862716913,4,True,17
mixed_cnn_sequence_seed_44_kernel_5,mixed,None,sequence,44,5,17,G,0.0194965731352567,1.0988225936889648,0.0027770949527621,4,True,17
mixed_cnn_sequence_seed_44_kernel_5,mixed,None,sequence,44,5,17,T,0.0185534097254276,1.1328237056732178,0.0014279127353802,4,True,17
mixed_cnn_sequence_seed_44_kernel_7,mixed,None,sequence,44,7,17,C,0.0356182977557182,1.6764482259750366,0.0060204905457794,4,True,17
mixed_cnn_sequence_seed_44_kernel_7,mixed,None,sequence,44,7,17,A,0.0186754409223794,1.368775725364685,0.0040207868441939,4,True,17
mixed_cnn_sequence_seed_44_kernel_7,mixed,None,sequence,44,7,17,G,0.0083583174273371,1.0116227865219116,0.0019479009788483,4,True,17
mixed_cnn_sequence_seed_44_kernel_7,mixed,None,sequence,44,7,17,T,0.0077535011805593,1.234872817993164,0.0002815563930198,4,True,17
mixed_cnn_sequence_seed_45_kernel_3,mixed,None,sequence,45,3,17,A,0.0126325823366642,1.3103128671646118,0.0016971399309113,4,True,17
mixed_cnn_sequence_seed_45_kernel_3,mixed,None,sequence,45,3,17,C,0.0090012736618518,1.1497420072555542,0.0017474993364885,4,True,17
mixed_cnn_sequence_seed_45_kernel_3,mixed,None,sequence,45,3,17,G,0.0073372195474803,1.1674938201904297,0.0012327716685831,4,True,17
mixed_cnn_sequence_seed_45_kernel_3,mixed,None,sequence,45,3,17,T,0.0067944205366075,1.2025089263916016,0.0007954449974931,4,True,17
mixed_cnn_sequence_seed_45_kernel_5,mixed,None,sequence,45,5,17,C,0.0483094491064548,1.20561420917511,0.0026747537776827,4,True,17
mixed_cnn_sequence_seed_45_kernel_5,mixed,None,sequence,45,5,17,A,0.0219645630568265,1.015392541885376,0.0032127446029335,4,True,17
mixed_cnn_sequence_seed_45_kernel_5,mixed,None,sequence,45,5,17,G,0.0170142520219087,0.9804575443267822,0.0015325071290135,4,True,17
mixed_cnn_sequence_seed_45_kernel_5,mixed,None,sequence,45,5,17,T,0.0145292375236749,1.0339142084121704,0.0001350826787529,4,True,17
mixed_cnn_sequence_seed_45_kernel_7,mixed,None,sequence,45,7,17,C,0.0324666798114776,1.7902876138687134,0.002552788471803,4,True,17
mixed_cnn_sequence_seed_45_kernel_7,mixed,None,sequence,45,7,17,A,0.018187042325735,1.4983062744140625,0.0053192554041743,4,True,17
mixed_cnn_sequence_seed_45_kernel_7,mixed,None,sequence,45,7,17,T,0.0091622611507773,1.2968220710754397,0.0002422831312287,4,True,17
mixed_cnn_sequence_seed_45_kernel_7,mixed,None,sequence,45,7,17,G,0.0081855105236172,1.1609034538269043,0.0012707483256235,4,True,17
single_hct116_cnn_all_kernel_3,single,hct116,all,42,3,17,A,0.0236995406448841,1.5746625661849976,0.0111201703548431,8,True,17
single_hct116_cnn_all_kernel_3,single,hct116,all,42,3,17,G,0.015857845544815,1.369020938873291,0.0045170467346906,8,True,17
single_hct116_cnn_all_kernel_3,single,hct116,all,42,3,17,T,0.0133415404707193,1.177049160003662,0.0,8,True,17
single_hct116_cnn_all_kernel_3,single,hct116,all,42,3,17,C,0.0133048659190535,1.2774910926818848,0.0104952454566955,8,True,17
single_hct116_cnn_all_kernel_5,single,hct116,all,42,5,17,A,0.0395518019795417,1.1951653957366943,0.0357514955103397,8,True,17
single_hct116_cnn_all_kernel_5,single,hct116,all,42,5,17,C,0.0390709452331066,1.2097244262695312,0.0065144808031618,8,True,17
single_hct116_cnn_all_kernel_5,single,hct116,all,42,5,17,G,0.0297258161008358,1.065215229988098,0.0120910657569766,8,True,17
single_hct116_cnn_all_kernel_5,single,hct116,all,42,5,17,T,0.0258985292166471,1.0054528713226318,0.0,8,True,17
single_hct116_cnn_all_kernel_7,single,hct116,all,42,7,17,C,0.0556550398468971,1.957785964012146,0.0141929229721426,8,True,17
single_hct116_cnn_all_kernel_7,single,hct116,all,42,7,17,A,0.0391744561493396,1.6102604866027832,0.020158203318715,8,True,17
single_hct116_cnn_all_kernel_7,single,hct116,all,42,7,17,G,0.02746750600636,1.2210915088653564,0.0046945451758801,8,True,17
single_hct116_cnn_all_kernel_7,single,hct116,all,42,7,17,T,0.0201674215495586,1.2809698581695557,0.0,8,True,17
single_hct116_cnn_sequence_ctcf_dnase_h3k4me3_kernel_3,single,hct116,sequence_ctcf_dnase_h3k4me3,42,3,17,A,0.0191542711108922,1.3456345796585083,0.0071526975370943,7,True,17
single_hct116_cnn_sequence_ctcf_dnase_h3k4me3_kernel_3,single,hct116,sequence_ctcf_dnase_h3k4me3,42,3,17,C,0.0140381650999188,1.2528022527694702,0.0051538283005356,7,True,17
single_hct116_cnn_sequence_ctcf_dnase_h3k4me3_kernel_3,single,hct116,sequence_ctcf_dnase_h3k4me3,42,3,17,G,0.0126165086403489,1.1434937715530396,0.0038319714367389,7,True,17
single_hct116_cnn_sequence_ctcf_dnase_h3k4me3_kernel_3,single,hct116,sequence_ctcf_dnase_h3k4me3,42,3,17,T,0.0113543746992945,1.13386869430542,0.0,7,True,17
single_hct116_cnn_sequence_ctcf_dnase_h3k4me3_kernel_5,single,hct116,sequence_ctcf_dnase_h3k4me3,42,5,17,A,0.0266908220946788,1.459228515625,0.0190799590200185,7,True,17
single_hct116_cnn_sequence_ctcf_dnase_h3k4me3_kernel_5,single,hct116,sequence_ctcf_dnase_h3k4me3,42,5,17,C,0.0265634320676326,1.676184892654419,0.004973744507879,7,True,17
single_hct116_cnn_sequence_ctcf_dnase_h3k4me3_kernel_5,single,hct116,sequence_ctcf_dnase_h3k4me3,42,5,17,G,0.0188606511801481,1.3460086584091189,0.0050695850513875,7,True,17
single_hct116_cnn_sequence_ctcf_dnase_h3k4me3_kernel_5,single,hct116,sequence_ctcf_dnase_h3k4me3,42,5,17,T,0.0154615258798003,1.3083451986312866,0.0,7,True,17
single_hct116_cnn_sequence_ctcf_dnase_h3k4me3_kernel_7,single,hct116,sequence_ctcf_dnase_h3k4me3,42,7,17,C,0.0348950698971748,2.275041103363037,0.0060704299248754,7,True,17
single_hct116_cnn_sequence_ctcf_dnase_h3k4me3_kernel_7,single,hct116,sequence_ctcf_dnase_h3k4me3,42,7,17,A,0.0235890541225671,1.6750898361206057,0.0075568873435258,7,True,17
single_hct116_cnn_sequence_ctcf_dnase_h3k4me3_kernel_7,single,hct116,sequence_ctcf_dnase_h3k4me3,42,7,17,T,0.0156287457793951,1.3062069416046145,0.0,7,True,17
single_hct116_cnn_sequence_ctcf_dnase_h3k4me3_kernel_7,single,hct116,sequence_ctcf_dnase_h3k4me3,42,7,17,G,0.0138709917664527,1.2210512161254885,0.0021853600628674,7,True,17
single_hct116_cnn_sequence_ctcf_dnase_kernel_3,single,hct116,sequence_ctcf_dnase,42,3,17,A,0.0302950385957956,1.2265576124191284,0.0246912501752376,6,True,17
single_hct116_cnn_sequence_ctcf_dnase_kernel_3,single,hct116,sequence_ctcf_dnase,42,3,17,G,0.0190082397311925,1.1428894996643066,0.0061346157453954,6,True,17
single_hct116_cnn_sequence_ctcf_dnase_kernel_3,single,hct116,sequence_ctcf_dnase,42,3,17,C,0.0152828078716993,1.0267449617385864,0.0146862473338842,6,True,17
single_hct116_cnn_sequence_ctcf_dnase_kernel_3,single,hct116,sequence_ctcf_dnase,42,3,17,T,0.0152537310495972,1.0013558864593506,0.0,6,True,17
single_hct116_cnn_sequence_ctcf_dnase_kernel_5,single,hct116,sequence_ctcf_dnase,42,5,17,A,0.0312073733657598,1.6418490409851074,0.0155840022489428,6,True,17
single_hct116_cnn_sequence_ctcf_dnase_kernel_5,single,hct116,sequence_ctcf_dnase,42,5,17,T,0.0166625101119279,1.263208031654358,0.0,6,True,17
single_hct116_cnn_sequence_ctcf_dnase_kernel_5,single,hct116,sequence_ctcf_dnase,42,5,17,G,0.0153095126152038,1.3327631950378418,0.0028862503822892,6,True,17
single_hct116_cnn_sequence_ctcf_dnase_kernel_5,single,hct116,sequence_ctcf_dnase,42,5,17,C,0.0150631684809923,1.3404195308685305,0.0058018402196466,6,True,17
single_hct116_cnn_sequence_ctcf_dnase_kernel_7,single,hct116,sequence_ctcf_dnase,42,7,17,C,0.0427533201873302,1.5553154945373535,0.0124959563836455,6,True,17
single_hct116_cnn_sequence_ctcf_dnase_kernel_7,single,hct116,sequence_ctcf_dnase,42,7,17,A,0.0274107977747917,1.3211064338684082,0.015879463404417,6,True,17
single_hct116_cnn_sequence_ctcf_dnase_kernel_7,single,hct116,sequence_ctcf_dnase,42,7,17,G,0.0232658572494983,1.1434859037399292,0.0050303600728511,6,True,17
single_hct116_cnn_sequence_ctcf_dnase_kernel_7,single,hct116,sequence_ctcf_dnase,42,7,17,T,0.0202617887407541,1.221531629562378,0.0,6,True,17
single_hct116_cnn_sequence_ctcf_dnase_rrbs_kernel_3,single,hct116,sequence_ctcf_dnase_rrbs,42,3,17,A,0.027936378493905,1.357229709625244,0.0151776652783155,7,True,17
single_hct116_cnn_sequence_ctcf_dnase_rrbs_kernel_3,single,hct116,sequence_ctcf_dnase_rrbs,42,3,17,G,0.0168004464358091,1.1512022018432615,0.0036251316778361,7,True,17
single_hct116_cnn_sequence_ctcf_dnase_rrbs_kernel_3,single,hct116,sequence_ctcf_dnase_rrbs,42,3,17,C,0.0159429684281349,1.1531203985214231,0.0101720122620463,7,True,17
single_hct116_cnn_sequence_ctcf_dnase_rrbs_kernel_3,single,hct116,sequence_ctcf_dnase_rrbs,42,3,17,T,0.0154071617871522,1.1052954196929932,0.0,7,True,17
single_hct116_cnn_sequence_ctcf_dnase_rrbs_kernel_5,single,hct116,sequence_ctcf_dnase_rrbs,42,5,17,A,0.0191164929419755,1.6647828817367554,0.0091498838737607,7,True,17
single_hct116_cnn_sequence_ctcf_dnase_rrbs_kernel_5,single,hct116,sequence_ctcf_dnase_rrbs,42,5,17,C,0.0172297526150941,1.5941228866577148,0.0021466580219566,7,True,17
single_hct116_cnn_sequence_ctcf_dnase_rrbs_kernel_5,single,hct116,sequence_ctcf_dnase_rrbs,42,5,17,G,0.0112458607181906,1.3281891345977783,0.0020725862123072,7,True,17
single_hct116_cnn_sequence_ctcf_dnase_rrbs_kernel_5,single,hct116,sequence_ctcf_dnase_rrbs,42,5,17,T,0.0110027538612484,1.2359659671783447,0.0,7,True,17
single_hct116_cnn_sequence_ctcf_dnase_rrbs_kernel_7,single,hct116,sequence_ctcf_dnase_rrbs,42,7,17,C,0.034328743815422,2.544088363647461,0.0069008306600153,7,True,17
single_hct116_cnn_sequence_ctcf_dnase_rrbs_kernel_7,single,hct116,sequence_ctcf_dnase_rrbs,42,7,17,A,0.0205089394003152,1.7332910299301147,0.0060661868192255,7,True,17
single_hct116_cnn_sequence_ctcf_dnase_rrbs_kernel_7,single,hct116,sequence_ctcf_dnase_rrbs,42,7,17,T,0.0137915667146444,1.2896225452423096,0.0,7,True,17
single_hct116_cnn_sequence_ctcf_dnase_rrbs_kernel_7,single,hct116,sequence_ctcf_dnase_rrbs,42,7,17,G,0.011631435714662,1.2292966842651367,0.0017645607003942,7,True,17
single_hct116_cnn_sequence_ctcf_h3k4me3_kernel_3,single,hct116,sequence_ctcf_h3k4me3,42,3,17,A,0.0307947713881731,1.2221390008926392,0.0289105046540498,6,True,17
single_hct116_cnn_sequence_ctcf_h3k4me3_kernel_3,single,hct116,sequence_ctcf_h3k4me3,42,3,17,G,0.0226013865321874,1.177143096923828,0.0086583020165562,6,True,17
single_hct116_cnn_sequence_ctcf_h3k4me3_kernel_3,single,hct116,sequence_ctcf_h3k4me3,42,3,17,C,0.0164794065058231,1.0202659368515017,0.0223765689879655,6,True,17
single_hct116_cnn_sequence_ctcf_h3k4me3_kernel_3,single,hct116,sequence_ctcf_h3k4me3,42,3,17,T,0.016359344124794,1.021386981010437,0.0,6,True,17
single_hct116_cnn_sequence_ctcf_h3k4me3_kernel_5,single,hct116,sequence_ctcf_h3k4me3,42,5,17,A,0.0235330760478973,1.4664596319198608,0.0135351670905947,6,True,17
single_hct116_cnn_sequence_ctcf_h3k4me3_kernel_5,single,hct116,sequence_ctcf_h3k4me3,42,5,17,T,0.0162637643516063,1.3752388954162598,0.0,6,True,17
single_hct116_cnn_sequence_ctcf_h3k4me3_kernel_5,single,hct116,sequence_ctcf_h3k4me3,42,5,17,C,0.0133403250947594,1.334794044494629,0.005237559787929,6,True,17
single_hct116_cnn_sequence_ctcf_h3k4me3_kernel_5,single,hct116,sequence_ctcf_h3k4me3,42,5,17,G,0.0127966459840536,1.2789238691329956,0.0027669749688357,6,True,17
single_hct116_cnn_sequence_ctcf_h3k4me3_kernel_7,single,hct116,sequence_ctcf_h3k4me3,42,7,17,C,0.0379335060715675,1.620347261428833,0.0087993843480944,6,True,17
single_hct116_cnn_sequence_ctcf_h3k4me3_kernel_7,single,hct116,sequence_ctcf_h3k4me3,42,7,17,A,0.0288513768464326,1.3983352184295654,0.0221320372074842,6,True,17
single_hct116_cnn_sequence_ctcf_h3k4me3_kernel_7,single,hct116,sequence_ctcf_h3k4me3,42,7,17,G,0.0240128505975008,1.214449405670166,0.0063343476504087,6,True,17
single_hct116_cnn_sequence_ctcf_h3k4me3_kernel_7,single,hct116,sequence_ctcf_h3k4me3,42,7,17,T,0.017605697736144,1.2506433725357056,0.0,6,True,17
single_hct116_cnn_sequence_ctcf_h3k4me3_rrbs_kernel_3,single,hct116,sequence_ctcf_h3k4me3_rrbs,42,3,17,A,0.019740542396903,1.4963871240615845,0.006402741651982,7,True,17
single_hct116_cnn_sequence_ctcf_h3k4me3_rrbs_kernel_3,single,hct116,sequence_ctcf_h3k4me3_rrbs,42,3,17,C,0.0122266532853245,1.301447868347168,0.0055486802011728,7,True,17
single_hct116_cnn_sequence_ctcf_h3k4me3_rrbs_kernel_3,single,hct116,sequence_ctcf_h3k4me3_rrbs,42,3,17,T,0.0107766333967447,1.173809051513672,0.0,7,True,17
single_hct116_cnn_sequence_ctcf_h3k4me3_rrbs_kernel_3,single,hct116,sequence_ctcf_h3k4me3_rrbs,42,3,17,G,0.0103434156626462,1.1509535312652588,0.0030662133358418,7,True,17
single_hct116_cnn_sequence_ctcf_h3k4me3_rrbs_kernel_5,single,hct116,sequence_ctcf_h3k4me3_rrbs,42,5,17,A,0.0546343773603439,1.269977331161499,0.0588164590299129,7,True,17
single_hct116_cnn_sequence_ctcf_h3k4me3_rrbs_kernel_5,single,hct116,sequence_ctcf_h3k4me3_rrbs,42,5,17,C,0.0423837825655937,1.1943376064300537,0.0183357503265142,7,True,17
single_hct116_cnn_sequence_ctcf_h3k4me3_rrbs_kernel_5,single,hct116,sequence_ctcf_h3k4me3_rrbs,42,5,17,G,0.0357844233512878,1.080840229988098,0.0171730443835258,7,True,17
single_hct116_cnn_sequence_ctcf_h3k4me3_rrbs_kernel_5,single,hct116,sequence_ctcf_h3k4me3_rrbs,42,5,17,T,0.0293232742697,1.0245636701583862,0.0,7,True,17
single_hct116_cnn_sequence_ctcf_h3k4me3_rrbs_kernel_7,single,hct116,sequence_ctcf_h3k4me3_rrbs,42,7,17,C,0.0366819947957992,2.228611946105957,0.0080015501007437,7,True,17
single_hct116_cnn_sequence_ctcf_h3k4me3_rrbs_kernel_7,single,hct116,sequence_ctcf_h3k4me3_rrbs,42,7,17,A,0.0236177090555429,1.6834365129470823,0.0094504058361053,7,True,17
single_hct116_cnn_sequence_ctcf_h3k4me3_rrbs_kernel_7,single,hct116,sequence_ctcf_h3k4me3_rrbs,42,7,17,T,0.0160248205065727,1.3371847867965698,0.0,7,True,17
single_hct116_cnn_sequence_ctcf_h3k4me3_rrbs_kernel_7,single,hct116,sequence_ctcf_h3k4me3_rrbs,42,7,17,G,0.0153009984642267,1.2322548627853394,0.0025973650626838,7,True,17
single_hct116_cnn_sequence_ctcf_kernel_3,single,hct116,sequence_ctcf,42,3,17,A,0.0233687534928321,1.401227355003357,0.0120230885222554,5,True,17
single_hct116_cnn_sequence_ctcf_kernel_3,single,hct116,sequence_ctcf,42,3,17,G,0.0144112454727292,1.25411057472229,0.0050596711225807,5,True,17
single_hct116_cnn_sequence_ctcf_kernel_3,single,hct116,sequence_ctcf,42,3,17,C,0.0140386568382382,1.207071304321289,0.0099397841840982,5,True,17
single_hct116_cnn_sequence_ctcf_kernel_3,single,hct116,sequence_ctcf,42,3,17,T,0.0131157776340842,1.0590006113052368,0.0,5,True,17
single_hct116_cnn_sequence_ctcf_kernel_5,single,hct116,sequence_ctcf,42,5,17,A,0.0363271310925483,1.12437641620636,0.0382621623575687,5,True,17
single_hct116_cnn_sequence_ctcf_kernel_5,single,hct116,sequence_ctcf,42,5,17,C,0.0318591371178627,1.19476056098938,0.0091274669393897,5,True,17
single_hct116_cnn_sequence_ctcf_kernel_5,single,hct116,sequence_ctcf,42,5,17,G,0.0237641595304012,1.0152240991592407,0.0123351207002997,5,True,17
single_hct116_cnn_sequence_ctcf_kernel_5,single,hct116,sequence_ctcf,42,5,17,T,0.0225890260189771,1.001325607299805,0.0,5,True,17
single_hct116_cnn_sequence_ctcf_kernel_7,single,hct116,sequence_ctcf,42,7,17,C,0.0467115975916385,1.5765305757522583,0.0116716092452406,5,True,17
single_hct116_cnn_sequence_ctcf_kernel_7,single,hct116,sequence_ctcf,42,7,17,A,0.0244283247739076,1.2577483654022217,0.0067352093756198,5,True,17
single_hct116_cnn_sequence_ctcf_kernel_7,single,hct116,sequence_ctcf,42,7,17,T,0.0232541747391223,1.2555936574935913,0.0,5,True,17
single_hct116_cnn_sequence_ctcf_kernel_7,single,hct116,sequence_ctcf,42,7,17,G,0.0191485024988651,1.1055941581726074,0.0036213926505297,5,True,17
single_hct116_cnn_sequence_ctcf_rrbs_kernel_3,single,hct116,sequence_ctcf_rrbs,42,3,17,A,0.0283275619149208,1.4797406196594238,0.0216093864291906,6,True,17
single_hct116_cnn_sequence_ctcf_rrbs_kernel_3,single,hct116,sequence_ctcf_rrbs,42,3,17,G,0.0170709379017353,1.261793613433838,0.0050304210744798,6,True,17
single_hct116_cnn_sequence_ctcf_rrbs_kernel_3,single,hct116,sequence_ctcf_rrbs,42,3,17,T,0.0159448478370904,1.1024293899536133,0.0,6,True,17
single_hct116_cnn_sequence_ctcf_rrbs_kernel_3,single,hct116,sequence_ctcf_rrbs,42,3,17,C,0.01301303319633,1.145163655281067,0.0110062323510646,6,True,17
single_hct116_cnn_sequence_ctcf_rrbs_kernel_5,single,hct116,sequence_ctcf_rrbs,42,5,17,A,0.0185946859419345,1.491151213645935,0.0096003748476505,6,True,17
single_hct116_cnn_sequence_ctcf_rrbs_kernel_5,single,hct116,sequence_ctcf_rrbs,42,5,17,C,0.0153488181531429,1.4292457103729248,0.0033641224727034,6,True,17
single_hct116_cnn_sequence_ctcf_rrbs_kernel_5,single,hct116,sequence_ctcf_rrbs,42,5,17,G,0.0134612629190087,1.3867138624191284,0.0028515853919088,6,True,17
single_hct116_cnn_sequence_ctcf_rrbs_kernel_5,single,hct116,sequence_ctcf_rrbs,42,5,17,T,0.0122633380815386,1.2049378156661987,0.0,6,True,17
single_hct116_cnn_sequence_ctcf_rrbs_kernel_7,single,hct116,sequence_ctcf_rrbs,42,7,17,C,0.0350909158587455,1.9440367221832275,0.007430360186845,6,True,17
single_hct116_cnn_sequence_ctcf_rrbs_kernel_7,single,hct116,sequence_ctcf_rrbs,42,7,17,A,0.0233183614909648,1.4458177089691162,0.0130429593846201,6,True,17
single_hct116_cnn_sequence_ctcf_rrbs_kernel_7,single,hct116,sequence_ctcf_rrbs,42,7,17,G,0.0191626511514186,1.2297778129577637,0.0041889213025569,6,True,17
single_hct116_cnn_sequence_ctcf_rrbs_kernel_7,single,hct116,sequence_ctcf_rrbs,42,7,17,T,0.0161282438784837,1.206440806388855,0.0,6,True,17
single_hct116_cnn_sequence_dnase_h3k4me3_kernel_3,single,hct116,sequence_dnase_h3k4me3,42,3,17,A,0.0331122204661369,1.3152755498886108,0.0230862442404031,6,True,17
single_hct116_cnn_sequence_dnase_h3k4me3_kernel_3,single,hct116,sequence_dnase_h3k4me3,42,3,17,G,0.0214918684214353,1.2206151485443115,0.0064657153561711,6,True,17
single_hct116_cnn_sequence_dnase_h3k4me3_kernel_3,single,hct116,sequence_dnase_h3k4me3,42,3,17,T,0.0172219928354024,1.0408958196640017,0.0,6,True,17
single_hct116_cnn_sequence_dnase_h3k4me3_kernel_3,single,hct116,sequence_dnase_h3k4me3,42,3,17,C,0.0165128074586391,1.05804181098938,0.0169490128755569,6,True,17
single_hct116_cnn_sequence_dnase_h3k4me3_kernel_5,single,hct116,sequence_dnase_h3k4me3,42,5,17,A,0.0269990600645542,1.6690407991409302,0.0147336591035127,6,True,17
single_hct116_cnn_sequence_dnase_h3k4me3_kernel_5,single,hct116,sequence_dnase_h3k4me3,42,5,17,C,0.0164691805839538,1.4421393871307373,0.0039895321242511,6,True,17
single_hct116_cnn_sequence_dnase_h3k4me3_kernel_5,single,hct116,sequence_dnase_h3k4me3,42,5,17,T,0.0147382207214832,1.305260419845581,0.0,6,True,17
single_hct116_cnn_sequence_dnase_h3k4me3_kernel_5,single,hct116,sequence_dnase_h3k4me3,42,5,17,G,0.0144316749647259,1.3629509210586548,0.0027268461417406,6,True,17
single_hct116_cnn_sequence_dnase_h3k4me3_kernel_7,single,hct116,sequence_dnase_h3k4me3,42,7,17,C,0.0421504415571689,1.6967629194259644,0.0100324861705303,6,True,17
single_hct116_cnn_sequence_dnase_h3k4me3_kernel_7,single,hct116,sequence_dnase_h3k4me3,42,7,17,A,0.0306740533560514,1.447358012199402,0.0202534161508083,6,True,17
single_hct116_cnn_sequence_dnase_h3k4me3_kernel_7,single,hct116,sequence_dnase_h3k4me3,42,7,17,G,0.0249333437532186,1.2932158708572388,0.0050537399947643,6,True,17
single_hct116_cnn_sequence_dnase_h3k4me3_kernel_7,single,hct116,sequence_dnase_h3k4me3,42,7,17,T,0.0213238317519426,1.364592671394348,0.0,6,True,17
single_hct116_cnn_sequence_dnase_h3k4me3_rrbs_kernel_3,single,hct116,sequence_dnase_h3k4me3_rrbs,42,3,17,A,0.0208119768649339,1.5218827724456787,0.0114186024293303,7,True,17
single_hct116_cnn_sequence_dnase_h3k4me3_rrbs_kernel_3,single,hct116,sequence_dnase_h3k4me3_rrbs,42,3,17,C,0.0118486015126109,1.2805880308151243,0.0065975757315754,7,True,17
single_hct116_cnn_sequence_dnase_h3k4me3_rrbs_kernel_3,single,hct116,sequence_dnase_h3k4me3_rrbs,42,3,17,T,0.0101991910487413,1.1093814373016355,0.0,7,True,17
single_hct116_cnn_sequence_dnase_h3k4me3_rrbs_kernel_3,single,hct116,sequence_dnase_h3k4me3_rrbs,42,3,17,G,0.0096613960340619,1.07907235622406,0.0030055560637265,7,True,17
single_hct116_cnn_sequence_dnase_h3k4me3_rrbs_kernel_5,single,hct116,sequence_dnase_h3k4me3_rrbs,42,5,17,A,0.0325055569410324,1.533969521522522,0.0251242388039827,7,True,17
single_hct116_cnn_sequence_dnase_h3k4me3_rrbs_kernel_5,single,hct116,sequence_dnase_h3k4me3_rrbs,42,5,17,C,0.0322839505970478,1.6540250778198242,0.0035357831511646,7,True,17
single_hct116_cnn_sequence_dnase_h3k4me3_rrbs_kernel_5,single,hct116,sequence_dnase_h3k4me3_rrbs,42,5,17,G,0.0201564151793718,1.2946536540985107,0.0041931448504328,7,True,17
single_hct116_cnn_sequence_dnase_h3k4me3_rrbs_kernel_5,single,hct116,sequence_dnase_h3k4me3_rrbs,42,5,17,T,0.0184989478439092,1.3429722785949707,0.0,7,True,17
single_hct116_cnn_sequence_dnase_h3k4me3_rrbs_kernel_7,single,hct116,sequence_dnase_h3k4me3_rrbs,42,7,17,C,0.041536595672369,2.494760036468506,0.0075932727195322,7,True,17
single_hct116_cnn_sequence_dnase_h3k4me3_rrbs_kernel_7,single,hct116,sequence_dnase_h3k4me3_rrbs,42,7,17,A,0.0241882465779781,1.6581240892410278,0.0073241093195974,7,True,17
single_hct116_cnn_sequence_dnase_h3k4me3_rrbs_kernel_7,single,hct116,sequence_dnase_h3k4me3_rrbs,42,7,17,T,0.0161120034754276,1.2991013526916504,0.0,7,True,17
single_hct116_cnn_sequence_dnase_h3k4me3_rrbs_kernel_7,single,hct116,sequence_dnase_h3k4me3_rrbs,42,7,17,G,0.0140398722141981,1.233830809593201,0.0021849144250154,7,True,17
single_hct116_cnn_sequence_dnase_kernel_3,single,hct116,sequence_dnase,42,3,17,A,0.0277530346065759,1.2615845203399658,0.0226913075894117,5,True,17
single_hct116_cnn_sequence_dnase_kernel_3,single,hct116,sequence_dnase,42,3,17,G,0.0183958355337381,1.0336703062057495,0.0100736832246184,5,True,17
single_hct116_cnn_sequence_dnase_kernel_3,single,hct116,sequence_dnase,42,3,17,C,0.0175999905914068,1.108351469039917,0.0141259245574474,5,True,17
single_hct116_cnn_sequence_dnase_kernel_3,single,hct116,sequence_dnase,42,3,17,T,0.0165092963725328,1.0061599016189575,0.0,5,True,17
single_hct116_cnn_sequence_dnase_kernel_5,single,hct116,sequence_dnase,42,5,17,C,0.0314221605658531,1.812534213066101,0.0032371184788644,5,True,17
single_hct116_cnn_sequence_dnase_kernel_5,single,hct116,sequence_dnase,42,5,17,A,0.0290361531078815,1.6000503301620483,0.0199744030833244,5,True,17
single_hct116_cnn_sequence_dnase_kernel_5,single,hct116,sequence_dnase,42,5,17,G,0.019264917820692,1.332423210144043,0.0046245292760431,5,True,17
single_hct116_cnn_sequence_dnase_kernel_5,single,hct116,sequence_dnase,42,5,17,T,0.0146613297984004,1.246770262718201,0.0,5,True,17
single_hct116_cnn_sequence_dnase_kernel_7,single,hct116,sequence_dnase,42,7,17,C,0.0508117601275444,1.70079505443573,0.012290452606976,5,True,17
single_hct116_cnn_sequence_dnase_kernel_7,single,hct116,sequence_dnase,42,7,17,T,0.0244422163814306,1.285542130470276,0.0,5,True,17
single_hct116_cnn_sequence_dnase_kernel_7,single,hct116,sequence_dnase,42,7,17,A,0.0219646692276,1.2321914434432983,0.0040243291296064,5,True,17
single_hct116_cnn_sequence_dnase_kernel_7,single,hct116,sequence_dnase,42,7,17,G,0.0193079560995101,1.1473448276519775,0.0031599060166627,5,True,17
single_hct116_cnn_sequence_dnase_rrbs_kernel_3,single,hct116,sequence_dnase_rrbs,42,3,17,A,0.0244962200522422,1.52308189868927,0.0126966945827007,6,True,17
single_hct116_cnn_sequence_dnase_rrbs_kernel_3,single,hct116,sequence_dnase_rrbs,42,3,17,G,0.015657152980566,1.276803493499756,0.0046738153323531,6,True,17
single_hct116_cnn_sequence_dnase_rrbs_kernel_3,single,hct116,sequence_dnase_rrbs,42,3,17,T,0.0130555899813771,1.1057559251785278,0.0,6,True,17
single_hct116_cnn_sequence_dnase_rrbs_kernel_3,single,hct116,sequence_dnase_rrbs,42,3,17,C,0.0127849727869033,1.2470760345458984,0.0065494272857904,6,True,17
single_hct116_cnn_sequence_dnase_rrbs_kernel_5,single,hct116,sequence_dnase_rrbs,42,5,17,A,0.0257313139736652,1.4675626754760742,0.0107237659394741,6,True,17
single_hct116_cnn_sequence_dnase_rrbs_kernel_5,single,hct116,sequence_dnase_rrbs,42,5,17,C,0.0172707308083772,1.3469823598861694,0.0030931520741432,6,True,17
single_hct116_cnn_sequence_dnase_rrbs_kernel_5,single,hct116,sequence_dnase_rrbs,42,5,17,T,0.0161295793950557,1.25456440448761,0.0,6,True,17
single_hct116_cnn_sequence_dnase_rrbs_kernel_5,single,hct116,sequence_dnase_rrbs,42,5,17,G,0.0125988535583019,1.1859445571899414,0.0019937865436077,6,True,17
single_hct116_cnn_sequence_dnase_rrbs_kernel_7,single,hct116,sequence_dnase_rrbs,42,7,17,C,0.0391129106283187,1.9340907335281368,0.0080427899956703,6,True,17
single_hct116_cnn_sequence_dnase_rrbs_kernel_7,single,hct116,sequence_dnase_rrbs,42,7,17,A,0.0233725402504205,1.3989287614822388,0.0093838414177298,6,True,17
single_hct116_cnn_sequence_dnase_rrbs_kernel_7,single,hct116,sequence_dnase_rrbs,42,7,17,G,0.0186806414276361,1.2003809213638306,0.0034705165307968,6,True,17
single_hct116_cnn_sequence_dnase_rrbs_kernel_7,single,hct116,sequence_dnase_rrbs,42,7,17,T,0.016270151361823,1.208627462387085,0.0,6,True,17
single_hct116_cnn_sequence_h3k4me3_kernel_3,single,hct116,sequence_h3k4me3,42,3,17,A,0.0243370309472084,1.3444693088531494,0.0163553431630134,5,True,17
single_hct116_cnn_sequence_h3k4me3_kernel_3,single,hct116,sequence_h3k4me3,42,3,17,C,0.0136759644374251,1.1451700925827026,0.0129684470593929,5,True,17
single_hct116_cnn_sequence_h3k4me3_kernel_3,single,hct116,sequence_h3k4me3,42,3,17,G,0.0128265684470534,1.1392523050308228,0.0048681227490305,5,True,17
single_hct116_cnn_sequence_h3k4me3_kernel_3,single,hct116,sequence_h3k4me3,42,3,17,T,0.0126806013286113,1.0441454648971558,0.0,5,True,17
single_hct116_cnn_sequence_h3k4me3_kernel_5,single,hct116,sequence_h3k4me3,42,5,17,A,0.0291391462087631,1.5754296779632568,0.0183893796056509,5,True,17
single_hct116_cnn_sequence_h3k4me3_kernel_5,single,hct116,sequence_h3k4me3,42,5,17,C,0.0252932514995336,1.6456124782562256,0.0031648310832679,5,True,17
single_hct116_cnn_sequence_h3k4me3_kernel_5,single,hct116,sequence_h3k4me3,42,5,17,G,0.0177560858428478,1.2779505252838137,0.0046830675564706,5,True,17
single_hct116_cnn_sequence_h3k4me3_kernel_5,single,hct116,sequence_h3k4me3,42,5,17,T,0.015740668401122,1.3175157308578491,0.0,5,True,17
single_hct116_cnn_sequence_h3k4me3_kernel_7,single,hct116,sequence_h3k4me3,42,7,17,C,0.0581712126731872,1.7058552503585815,0.0153523664921522,5,True,17
single_hct116_cnn_sequence_h3k4me3_kernel_7,single,hct116,sequence_h3k4me3,42,7,17,T,0.0264694951474666,1.1576013565063477,0.0,5,True,17
single_hct116_cnn_sequence_h3k4me3_kernel_7,single,hct116,sequence_h3k4me3,42,7,17,G,0.0243502687662839,1.070448875427246,0.0030082326848059,5,True,17
single_hct116_cnn_sequence_h3k4me3_kernel_7,single,hct116,sequence_h3k4me3,42,7,17,A,0.0233290996402502,1.2099823951721191,0.0044040493667125,5,True,17
single_hct116_cnn_sequence_h3k4me3_rrbs_kernel_3,single,hct116,sequence_h3k4me3_rrbs,42,3,17,A,0.0240698419511318,1.5805124044418335,0.0104235056787729,6,True,17
single_hct116_cnn_sequence_h3k4me3_rrbs_kernel_3,single,hct116,sequence_h3k4me3_rrbs,42,3,17,G,0.0153954662382602,1.3956987857818604,0.0026729616802185,6,True,17
single_hct116_cnn_sequence_h3k4me3_rrbs_kernel_3,single,hct116,sequence_h3k4me3_rrbs,42,3,17,T,0.0141851957887411,1.222944736480713,0.0,6,True,17
single_hct116_cnn_sequence_h3k4me3_rrbs_kernel_3,single,hct116,sequence_h3k4me3_rrbs,42,3,17,C,0.013186078518629,1.2303149700164795,0.0094499662518501,6,True,17
single_hct116_cnn_sequence_h3k4me3_rrbs_kernel_5,single,hct116,sequence_h3k4me3_rrbs,42,5,17,C,0.0359717868268489,1.1609132289886477,0.0048026926815509,6,True,17
single_hct116_cnn_sequence_h3k4me3_rrbs_kernel_5,single,hct116,sequence_h3k4me3_rrbs,42,5,17,A,0.0285528413951396,1.018852710723877,0.0166630446910858,6,True,17
single_hct116_cnn_sequence_h3k4me3_rrbs_kernel_5,single,hct116,sequence_h3k4me3_rrbs,42,5,17,T,0.0246637519448995,1.020779728889465,0.0,6,True,17
single_hct116_cnn_sequence_h3k4me3_rrbs_kernel_5,single,hct116,sequence_h3k4me3_rrbs,42,5,17,G,0.022669119760394,0.9767560362815856,0.0043538375757634,6,True,17
single_hct116_cnn_sequence_h3k4me3_rrbs_kernel_7,single,hct116,sequence_h3k4me3_rrbs,42,7,17,C,0.0374783016741275,2.095588445663452,0.0087342802435159,6,True,17
single_hct116_cnn_sequence_h3k4me3_rrbs_kernel_7,single,hct116,sequence_h3k4me3_rrbs,42,7,17,A,0.0213537961244583,1.4180097579956057,0.0112543366849422,6,True,17
single_hct116_cnn_sequence_h3k4me3_rrbs_kernel_7,single,hct116,sequence_h3k4me3_rrbs,42,7,17,G,0.0178148094564676,1.224138617515564,0.0032340865582227,6,True,17
single_hct116_cnn_sequence_h3k4me3_rrbs_kernel_7,single,hct116,sequence_h3k4me3_rrbs,42,7,17,T,0.0175410732626914,1.288719892501831,0.0,6,True,17
single_hct116_cnn_sequence_kernel_3,single,hct116,sequence,42,3,17,A,0.0196668840944767,1.598494052886963,0.0103778596967458,4,True,17
single_hct116_cnn_sequence_kernel_3,single,hct116,sequence,42,3,17,G,0.0117924753576517,1.3140699863433838,0.00262969173491,4,True,17
single_hct116_cnn_sequence_kernel_3,single,hct116,sequence,42,3,17,C,0.0100562358275055,1.2523255348205566,0.0083101755008101,4,True,17
single_hct116_cnn_sequence_kernel_3,single,hct116,sequence,42,3,17,T,0.0092987762764096,1.2671772241592407,0.0,4,True,17
single_hct116_cnn_sequence_kernel_5,single,hct116,sequence,42,5,17,C,0.0258479807525873,1.8961858749389648,0.0021385762374848,4,True,17
single_hct116_cnn_sequence_kernel_5,single,hct116,sequence,42,5,17,A,0.0254661031067371,1.60264790058136,0.0066395667381584,4,True,17
single_hct116_cnn_sequence_kernel_5,single,hct116,sequence,42,5,17,T,0.0177688170224428,1.3755426406860352,0.0,4,True,17
single_hct116_cnn_sequence_kernel_5,single,hct116,sequence,42,5,17,G,0.0117906909435987,1.281617283821106,0.0020069549791514,4,True,17
single_hct116_cnn_sequence_kernel_7,single,hct116,sequence,42,7,17,C,0.0584134571254253,2.5911450386047363,0.0124129178002476,4,True,17
single_hct116_cnn_sequence_kernel_7,single,hct116,sequence,42,7,17,A,0.0220270883291959,1.5364959239959717,0.0080773429945111,4,True,17
single_hct116_cnn_sequence_kernel_7,single,hct116,sequence,42,7,17,G,0.0158551335334777,1.136234998703003,0.0037802953738719,4,True,17
single_hct116_cnn_sequence_kernel_7,single,hct116,sequence,42,7,17,T,0.0146901039406657,1.2266418933868408,0.0,4,True,17
single_hct116_cnn_sequence_rrbs_kernel_3,single,hct116,sequence_rrbs,42,3,17,A,0.0234188381582498,1.337291240692139,0.0175627339631319,5,True,17
single_hct116_cnn_sequence_rrbs_kernel_3,single,hct116,sequence_rrbs,42,3,17,C,0.0132921682670712,1.1606934070587158,0.0092162173241376,5,True,17
single_hct116_cnn_sequence_rrbs_kernel_3,single,hct116,sequence_rrbs,42,3,17,T,0.0125652654096484,1.0402268171310425,0.0,5,True,17
single_hct116_cnn_sequence_rrbs_kernel_3,single,hct116,sequence_rrbs,42,3,17,G,0.0115076974034309,1.1295709609985352,0.0047044972889125,5,True,17
single_hct116_cnn_sequence_rrbs_kernel_5,single,hct116,sequence_rrbs,42,5,17,A,0.0404759049415588,1.455672025680542,0.0293758045881986,5,True,17
single_hct116_cnn_sequence_rrbs_kernel_5,single,hct116,sequence_rrbs,42,5,17,C,0.0321463830769062,1.4846338033676147,0.0054674483835697,5,True,17
single_hct116_cnn_sequence_rrbs_kernel_5,single,hct116,sequence_rrbs,42,5,17,T,0.0232681110501289,1.28141188621521,0.0,5,True,17
single_hct116_cnn_sequence_rrbs_kernel_5,single,hct116,sequence_rrbs,42,5,17,G,0.0221491735428571,1.1553305387496948,0.0064884275197982,5,True,17
single_hct116_cnn_sequence_rrbs_kernel_7,single,hct116,sequence_rrbs,42,7,17,C,0.0416024178266525,2.153529644012451,0.0101029966026544,5,True,17
single_hct116_cnn_sequence_rrbs_kernel_7,single,hct116,sequence_rrbs,42,7,17,A,0.0215740092098712,1.6021039485931396,0.0082251969724893,5,True,17
single_hct116_cnn_sequence_rrbs_kernel_7,single,hct116,sequence_rrbs,42,7,17,T,0.0176609903573989,1.3342876434326172,0.0,5,True,17
single_hct116_cnn_sequence_rrbs_kernel_7,single,hct116,sequence_rrbs,42,7,17,G,0.0159363485872745,1.1959877014160156,0.0027332101017236,5,True,17
single_hek293t_cnn_all_kernel_3,single,hek293t,all,42,3,17,T,0.0158284045755863,1.125782489776611,0.0038656194228678,8,True,17
single_hek293t_cnn_all_kernel_3,single,hek293t,all,42,3,17,A,0.0108747659251093,1.3018453121185305,0.0040951641276478,8,True,17
single_hek293t_cnn_all_kernel_3,single,hek293t,all,42,3,17,C,0.0097376303747296,1.1552473306655884,0.0028601875528693,8,True,17
single_hek293t_cnn_all_kernel_3,single,hek293t,all,42,3,17,G,0.0096870521083474,1.150712490081787,0.0037003231700509,8,True,17
single_hek293t_cnn_all_kernel_5,single,hek293t,all,42,5,17,T,0.0130308838561177,1.0577435493469238,0.0013480441411957,8,True,17
single_hek293t_cnn_all_kernel_5,single,hek293t,all,42,5,17,G,0.0111577436327934,1.27366042137146,0.0008603684254921,8,True,17
single_hek293t_cnn_all_kernel_5,single,hek293t,all,42,5,17,C,0.0079441964626312,1.040413737297058,0.0009610562119632,8,True,17
single_hek293t_cnn_all_kernel_5,single,hek293t,all,42,5,17,A,0.0077323969453573,1.2357555627822876,0.0007281267317011,8,True,17
single_hek293t_cnn_all_kernel_7,single,hek293t,all,42,7,17,C,0.0195136032998561,1.597467064857483,0.0057184579782187,8,True,17
single_hek293t_cnn_all_kernel_7,single,hek293t,all,42,7,17,G,0.0134119279682636,1.4587808847427368,0.0035690465010702,8,True,17
single_hek293t_cnn_all_kernel_7,single,hek293t,all,42,7,17,A,0.011997627094388,1.3502079248428345,0.0021694966126233,8,True,17
single_hek293t_cnn_all_kernel_7,single,hek293t,all,42,7,17,T,0.0115340752527117,1.308036208152771,0.0021349790040403,8,True,17
single_hek293t_cnn_sequence_ctcf_dnase_h3k4me3_kernel_3,single,hek293t,sequence_ctcf_dnase_h3k4me3,42,3,17,T,0.0141912410035729,1.0010414123535156,0.0012974352575838,7,True,17
single_hek293t_cnn_sequence_ctcf_dnase_h3k4me3_kernel_3,single,hek293t,sequence_ctcf_dnase_h3k4me3,42,3,17,A,0.0086630461737513,1.143868923187256,0.0025136114563792,7,True,17
single_hek293t_cnn_sequence_ctcf_dnase_h3k4me3_kernel_3,single,hek293t,sequence_ctcf_dnase_h3k4me3,42,3,17,G,0.0079690832644701,0.9831172823905944,0.0010554791660979,7,True,17
single_hek293t_cnn_sequence_ctcf_dnase_h3k4me3_kernel_3,single,hek293t,sequence_ctcf_dnase_h3k4me3,42,3,17,C,0.0074418452568352,1.0023767948150637,0.0010819394374266,7,True,17
single_hek293t_cnn_sequence_ctcf_dnase_h3k4me3_kernel_5,single,hek293t,sequence_ctcf_dnase_h3k4me3,42,5,17,T,0.0138576589524745,1.1758817434310913,0.0023963011335581,7,True,17
single_hek293t_cnn_sequence_ctcf_dnase_h3k4me3_kernel_5,single,hek293t,sequence_ctcf_dnase_h3k4me3,42,5,17,A,0.0104676187038421,1.2545946836471558,0.0016026200028136,7,True,17
single_hek293t_cnn_sequence_ctcf_dnase_h3k4me3_kernel_5,single,hek293t,sequence_ctcf_dnase_h3k4me3,42,5,17,C,0.0089508751407265,1.1781364679336548,0.0009214418241754,7,True,17
single_hek293t_cnn_sequence_ctcf_dnase_h3k4me3_kernel_5,single,hek293t,sequence_ctcf_dnase_h3k4me3,42,5,17,G,0.0089437514543533,1.23421311378479,0.0009781467961147,7,True,17
single_hek293t_cnn_sequence_ctcf_dnase_h3k4me3_kernel_7,single,hek293t,sequence_ctcf_dnase_h3k4me3,42,7,17,C,0.0124279307201504,1.4283782243728638,0.0035099734086543,7,True,17
single_hek293t_cnn_sequence_ctcf_dnase_h3k4me3_kernel_7,single,hek293t,sequence_ctcf_dnase_h3k4me3,42,7,17,G,0.0120524419471621,1.4646717309951782,0.0037016845308244,7,True,17
single_hek293t_cnn_sequence_ctcf_dnase_h3k4me3_kernel_7,single,hek293t,sequence_ctcf_dnase_h3k4me3,42,7,17,A,0.0115812895819544,1.47594952583313,0.0024195990990847,7,True,17
single_hek293t_cnn_sequence_ctcf_dnase_h3k4me3_kernel_7,single,hek293t,sequence_ctcf_dnase_h3k4me3,42,7,17,T,0.0109604699537158,1.1847074031829834,0.0027144341729581,7,True,17
single_hek293t_cnn_sequence_ctcf_dnase_kernel_3,single,hek293t,sequence_ctcf_dnase,42,3,17,T,0.011212920770049,1.1573154926300049,0.0015618850011378,6,True,17
single_hek293t_cnn_sequence_ctcf_dnase_kernel_3,single,hek293t,sequence_ctcf_dnase,42,3,17,C,0.0086336461827158,1.3547693490982056,0.001128111151047,6,True,17
single_hek293t_cnn_sequence_ctcf_dnase_kernel_3,single,hek293t,sequence_ctcf_dnase,42,3,17,A,0.0070062256418168,1.393959403038025,0.0013147921999916,6,True,17
single_hek293t_cnn_sequence_ctcf_dnase_kernel_3,single,hek293t,sequence_ctcf_dnase,42,3,17,G,0.0068302871659398,1.2248975038528442,0.0007448712131008,6,True,17
single_hek293t_cnn_sequence_ctcf_dnase_kernel_5,single,hek293t,sequence_ctcf_dnase,42,5,17,T,0.0185378696769475,1.2119145393371582,0.0039824964478611,6,True,17
single_hek293t_cnn_sequence_ctcf_dnase_kernel_5,single,hek293t,sequence_ctcf_dnase,42,5,17,G,0.0140813710168004,1.3349636793136597,0.0014346317620947,6,True,17
single_hek293t_cnn_sequence_ctcf_dnase_kernel_5,single,hek293t,sequence_ctcf_dnase,42,5,17,C,0.0124322501942515,1.2242529392242432,0.0015966057544574,6,True,17
single_hek293t_cnn_sequence_ctcf_dnase_kernel_5,single,hek293t,sequence_ctcf_dnase,42,5,17,A,0.0112883364781737,1.106776475906372,0.0027751480229198,6,True,17
single_hek293t_cnn_sequence_ctcf_dnase_kernel_7,single,hek293t,sequence_ctcf_dnase,42,7,17,C,0.020030615851283,1.4903310537338257,0.0058173481374979,6,True,17
single_hek293t_cnn_sequence_ctcf_dnase_kernel_7,single,hek293t,sequence_ctcf_dnase,42,7,17,T,0.0129752615466713,1.2515710592269895,0.0031402572058141,6,True,17
single_hek293t_cnn_sequence_ctcf_dnase_kernel_7,single,hek293t,sequence_ctcf_dnase,42,7,17,A,0.0120910014957189,1.415239334106445,0.002278643194586,6,True,17
single_hek293t_cnn_sequence_ctcf_dnase_kernel_7,single,hek293t,sequence_ctcf_dnase,42,7,17,G,0.0097489077597856,1.2730644941329956,0.0042377305217087,6,True,17
single_hek293t_cnn_sequence_ctcf_dnase_rrbs_kernel_3,single,hek293t,sequence_ctcf_dnase_rrbs,42,3,17,T,0.0094417622312903,0.9025314450263976,0.001373867620714,7,True,17
single_hek293t_cnn_sequence_ctcf_dnase_rrbs_kernel_3,single,hek293t,sequence_ctcf_dnase_rrbs,42,3,17,C,0.0065963827073574,1.0319803953170776,0.0019688606262207,7,True,17
single_hek293t_cnn_sequence_ctcf_dnase_rrbs_kernel_3,single,hek293t,sequence_ctcf_dnase_rrbs,42,3,17,A,0.0063697658479213,1.0189181566238403,0.0028517807368189,7,True,17
single_hek293t_cnn_sequence_ctcf_dnase_rrbs_kernel_3,single,hek293t,sequence_ctcf_dnase_rrbs,42,3,17,G,0.0062476326711475,1.0175495147705078,0.0015141577459871,7,True,17
single_hek293t_cnn_sequence_ctcf_dnase_rrbs_kernel_5,single,hek293t,sequence_ctcf_dnase_rrbs,42,5,17,T,0.0122347185388207,1.298949956893921,0.0017416168702766,7,True,17
single_hek293t_cnn_sequence_ctcf_dnase_rrbs_kernel_5,single,hek293t,sequence_ctcf_dnase_rrbs,42,5,17,G,0.0104394480586051,1.4521136283874512,0.0013780132867395,7,True,17
single_hek293t_cnn_sequence_ctcf_dnase_rrbs_kernel_5,single,hek293t,sequence_ctcf_dnase_rrbs,42,5,17,A,0.0087175341323018,1.3798049688339231,0.0008595646359026,7,True,17
single_hek293t_cnn_sequence_ctcf_dnase_rrbs_kernel_5,single,hek293t,sequence_ctcf_dnase_rrbs,42,5,17,C,0.0079112714156508,1.0686964988708496,0.0010307953925803,7,True,17
single_hek293t_cnn_sequence_ctcf_dnase_rrbs_kernel_7,single,hek293t,sequence_ctcf_dnase_rrbs,42,7,17,C,0.0135791320353746,1.523659586906433,0.0047911764122545,7,True,17
single_hek293t_cnn_sequence_ctcf_dnase_rrbs_kernel_7,single,hek293t,sequence_ctcf_dnase_rrbs,42,7,17,A,0.0126212835311889,1.4286988973617554,0.0021759690716862,7,True,17
single_hek293t_cnn_sequence_ctcf_dnase_rrbs_kernel_7,single,hek293t,sequence_ctcf_dnase_rrbs,42,7,17,G,0.0121968630701303,1.5365387201309204,0.004496781155467,7,True,17
single_hek293t_cnn_sequence_ctcf_dnase_rrbs_kernel_7,single,hek293t,sequence_ctcf_dnase_rrbs,42,7,17,T,0.0104407127946615,1.1704025268554688,0.002733384957537,7,True,17
single_hek293t_cnn_sequence_ctcf_h3k4me3_kernel_3,single,hek293t,sequence_ctcf_h3k4me3,42,3,17,T,0.013184830546379,1.3034933805465698,0.0018609599210321,6,True,17
single_hek293t_cnn_sequence_ctcf_h3k4me3_kernel_3,single,hek293t,sequence_ctcf_h3k4me3,42,3,17,G,0.0072977477684617,1.3321583271026611,0.0007870928384363,6,True,17
single_hek293t_cnn_sequence_ctcf_h3k4me3_kernel_3,single,hek293t,sequence_ctcf_h3k4me3,42,3,17,A,0.0070506869815289,1.4295555353164673,0.0017238085856661,6,True,17
single_hek293t_cnn_sequence_ctcf_h3k4me3_kernel_3,single,hek293t,sequence_ctcf_h3k4me3,42,3,17,C,0.0063395351171493,1.2289698123931885,0.000766581390053,6,True,17
single_hek293t_cnn_sequence_ctcf_h3k4me3_kernel_5,single,hek293t,sequence_ctcf_h3k4me3,42,5,17,T,0.0254072789102792,1.3188583850860596,0.0051626614294946,6,True,17
single_hek293t_cnn_sequence_ctcf_h3k4me3_kernel_5,single,hek293t,sequence_ctcf_h3k4me3,42,5,17,G,0.0140740005299448,1.2972370386123655,0.0012719029327854,6,True,17
single_hek293t_cnn_sequence_ctcf_h3k4me3_kernel_5,single,hek293t,sequence_ctcf_h3k4me3,42,5,17,C,0.0118674989789724,1.1055041551589966,0.0014349042903631,6,True,17
single_hek293t_cnn_sequence_ctcf_h3k4me3_kernel_5,single,hek293t,sequence_ctcf_h3k4me3,42,5,17,A,0.0102779120206832,1.1302815675735474,0.0018148388480767,6,True,17
single_hek293t_cnn_sequence_ctcf_h3k4me3_kernel_7,single,hek293t,sequence_ctcf_h3k4me3,42,7,17,C,0.0243905670940876,1.332128882408142,0.0125451339408755,6,True,17
single_hek293t_cnn_sequence_ctcf_h3k4me3_kernel_7,single,hek293t,sequence_ctcf_h3k4me3,42,7,17,G,0.0141358468681573,1.1331827640533447,0.0098696034401655,6,True,17
single_hek293t_cnn_sequence_ctcf_h3k4me3_kernel_7,single,hek293t,sequence_ctcf_h3k4me3,42,7,17,A,0.0136739825829863,1.2902270555496216,0.003674515755847,6,True,17
single_hek293t_cnn_sequence_ctcf_h3k4me3_kernel_7,single,hek293t,sequence_ctcf_h3k4me3,42,7,17,T,0.0127058643847703,1.1272107362747192,0.0036200366448611,6,True,17
single_hek293t_cnn_sequence_ctcf_h3k4me3_rrbs_kernel_3,single,hek293t,sequence_ctcf_h3k4me3_rrbs,42,3,17,T,0.013749630190432,0.9803774952888488,0.0013071234570816,7,True,17
single_hek293t_cnn_sequence_ctcf_h3k4me3_rrbs_kernel_3,single,hek293t,sequence_ctcf_h3k4me3_rrbs,42,3,17,C,0.0079586496576666,0.920949935913086,0.0013784635812044,7,True,17
single_hek293t_cnn_sequence_ctcf_h3k4me3_rrbs_kernel_3,single,hek293t,sequence_ctcf_h3k4me3_rrbs,42,3,17,A,0.0076352609321475,1.0009841918945312,0.0018775521311908,7,True,17
single_hek293t_cnn_sequence_ctcf_h3k4me3_rrbs_kernel_3,single,hek293t,sequence_ctcf_h3k4me3_rrbs,42,3,17,G,0.0071982308290898,0.880882978439331,0.0011559966951608,7,True,17
single_hek293t_cnn_sequence_ctcf_h3k4me3_rrbs_kernel_5,single,hek293t,sequence_ctcf_h3k4me3_rrbs,42,5,17,T,0.0154079440981149,1.2739053964614868,0.0016227087471634,7,True,17
single_hek293t_cnn_sequence_ctcf_h3k4me3_rrbs_kernel_5,single,hek293t,sequence_ctcf_h3k4me3_rrbs,42,5,17,A,0.0101152854040265,1.2957167625427246,0.0015395092777907,7,True,17
single_hek293t_cnn_sequence_ctcf_h3k4me3_rrbs_kernel_5,single,hek293t,sequence_ctcf_h3k4me3_rrbs,42,5,17,G,0.0085998577997088,1.311515212059021,0.0008430689922533,7,True,17
single_hek293t_cnn_sequence_ctcf_h3k4me3_rrbs_kernel_5,single,hek293t,sequence_ctcf_h3k4me3_rrbs,42,5,17,C,0.0080444682389497,1.160320520401001,0.0009058472933247,7,True,17
single_hek293t_cnn_sequence_ctcf_h3k4me3_rrbs_kernel_7,single,hek293t,sequence_ctcf_h3k4me3_rrbs,42,7,17,C,0.0134121924638748,1.451268196105957,0.0058756847865879,7,True,17
single_hek293t_cnn_sequence_ctcf_h3k4me3_rrbs_kernel_7,single,hek293t,sequence_ctcf_h3k4me3_rrbs,42,7,17,G,0.0132037373259663,1.4800560474395752,0.0049019390717148,7,True,17
single_hek293t_cnn_sequence_ctcf_h3k4me3_rrbs_kernel_7,single,hek293t,sequence_ctcf_h3k4me3_rrbs,42,7,17,T,0.0119703104719519,1.2157238721847534,0.0037267734296619,7,True,17
single_hek293t_cnn_sequence_ctcf_h3k4me3_rrbs_kernel_7,single,hek293t,sequence_ctcf_h3k4me3_rrbs,42,7,17,A,0.0117895863950252,1.4145879745483398,0.0021558457519859,7,True,17
single_hek293t_cnn_sequence_ctcf_kernel_3,single,hek293t,sequence_ctcf,42,3,17,T,0.0122583890333771,0.9993438720703124,0.001347946585156,5,True,17
single_hek293t_cnn_sequence_ctcf_kernel_3,single,hek293t,sequence_ctcf,42,3,17,G,0.0084347501397132,1.2088000774383545,0.0011132627259939,5,True,17
single_hek293t_cnn_sequence_ctcf_kernel_3,single,hek293t,sequence_ctcf,42,3,17,C,0.0075444583781063,1.105888605117798,0.0012643471127375,5,True,17
single_hek293t_cnn_sequence_ctcf_kernel_3,single,hek293t,sequence_ctcf,42,3,17,A,0.0074932239949703,1.0197551250457764,0.0019490430131554,5,True,17
single_hek293t_cnn_sequence_ctcf_kernel_5,single,hek293t,sequence_ctcf,42,5,17,T,0.0258890520781278,1.1778851747512815,0.0018965324852615,5,True,17
single_hek293t_cnn_sequence_ctcf_kernel_5,single,hek293t,sequence_ctcf,42,5,17,G,0.0137772308662533,1.2103506326675415,0.0009083969634957,5,True,17
single_hek293t_cnn_sequence_ctcf_kernel_5,single,hek293t,sequence_ctcf,42,5,17,C,0.0112146213650703,1.035664200782776,0.0009418553090654,5,True,17
single_hek293t_cnn_sequence_ctcf_kernel_5,single,hek293t,sequence_ctcf,42,5,17,A,0.0109891332685947,1.051154851913452,0.0010181833058595,5,True,17
single_hek293t_cnn_sequence_ctcf_kernel_7,single,hek293t,sequence_ctcf,42,7,17,T,0.0085173537954688,1.2444664239883425,0.00242928462103,5,True,17
single_hek293t_cnn_sequence_ctcf_kernel_7,single,hek293t,sequence_ctcf,42,7,17,A,0.0080948481336236,1.5310866832733154,0.0012469390640035,5,True,17
single_hek293t_cnn_sequence_ctcf_kernel_7,single,hek293t,sequence_ctcf,42,7,17,C,0.0063429004512727,1.413888454437256,0.0016026323428377,5,True,17
single_hek293t_cnn_sequence_ctcf_kernel_7,single,hek293t,sequence_ctcf,42,7,17,G,0.0051467646844685,1.432975172996521,0.0008852523751556,5,True,17
single_hek293t_cnn_sequence_ctcf_rrbs_kernel_3,single,hek293t,sequence_ctcf_rrbs,42,3,17,T,0.0145307490602135,1.0984773635864258,0.001939745969139,6,True,17
single_hek293t_cnn_sequence_ctcf_rrbs_kernel_3,single,hek293t,sequence_ctcf_rrbs,42,3,17,A,0.0089652957394719,1.3188172578811646,0.0039249681867659,6,True,17
single_hek293t_cnn_sequence_ctcf_rrbs_kernel_3,single,hek293t,sequence_ctcf_rrbs,42,3,17,G,0.0086010387167334,1.2811709642410278,0.0016277105314657,6,True,17
single_hek293t_cnn_sequence_ctcf_rrbs_kernel_3,single,hek293t,sequence_ctcf_rrbs,42,3,17,C,0.0084278415888547,1.162429928779602,0.0028257006779313,6,True,17
single_hek293t_cnn_sequence_ctcf_rrbs_kernel_5,single,hek293t,sequence_ctcf_rrbs,42,5,17,T,0.0304008889943361,1.2020570039749146,0.0031755578238517,6,True,17
single_hek293t_cnn_sequence_ctcf_rrbs_kernel_5,single,hek293t,sequence_ctcf_rrbs,42,5,17,G,0.0192318949848413,1.2041288614273071,0.0016836671857163,6,True,17
single_hek293t_cnn_sequence_ctcf_rrbs_kernel_5,single,hek293t,sequence_ctcf_rrbs,42,5,17,C,0.0157076679170131,1.0860995054244995,0.0028613903559744,6,True,17
single_hek293t_cnn_sequence_ctcf_rrbs_kernel_5,single,hek293t,sequence_ctcf_rrbs,42,5,17,A,0.0130163263529539,1.0525168180465698,0.0023711344692856,6,True,17
single_hek293t_cnn_sequence_ctcf_rrbs_kernel_7,single,hek293t,sequence_ctcf_rrbs,42,7,17,C,0.0183634255081415,1.4875699281692505,0.0080312313511967,6,True,17
single_hek293t_cnn_sequence_ctcf_rrbs_kernel_7,single,hek293t,sequence_ctcf_rrbs,42,7,17,A,0.0117142098024487,1.4314022064208984,0.0031118234619498,6,True,17
single_hek293t_cnn_sequence_ctcf_rrbs_kernel_7,single,hek293t,sequence_ctcf_rrbs,42,7,17,T,0.0104643488302826,1.1343708038330078,0.0037064598873257,6,True,17
single_hek293t_cnn_sequence_ctcf_rrbs_kernel_7,single,hek293t,sequence_ctcf_rrbs,42,7,17,G,0.0092214234173297,1.341747522354126,0.0052588465623557,6,True,17
single_hek293t_cnn_sequence_dnase_h3k4me3_kernel_3,single,hek293t,sequence_dnase_h3k4me3,42,3,17,T,0.0108936391770839,1.232919454574585,0.0008512007771059,6,True,17
single_hek293t_cnn_sequence_dnase_h3k4me3_kernel_3,single,hek293t,sequence_dnase_h3k4me3,42,3,17,G,0.0064579346217215,1.355076551437378,0.0009354142821393,6,True,17
single_hek293t_cnn_sequence_dnase_h3k4me3_kernel_3,single,hek293t,sequence_dnase_h3k4me3,42,3,17,C,0.0058453688398003,1.210468888282776,0.0006991612608544,6,True,17
single_hek293t_cnn_sequence_dnase_h3k4me3_kernel_3,single,hek293t,sequence_dnase_h3k4me3,42,3,17,A,0.0055853822268545,1.3181437253952026,0.0007489134441129,6,True,17
single_hek293t_cnn_sequence_dnase_h3k4me3_kernel_5,single,hek293t,sequence_dnase_h3k4me3,42,5,17,T,0.0283657256513834,1.4379528760910034,0.0035179557744413,6,True,17
single_hek293t_cnn_sequence_dnase_h3k4me3_kernel_5,single,hek293t,sequence_dnase_h3k4me3,42,5,17,G,0.0169806703925132,1.3010283708572388,0.0009315816569142,6,True,17
single_hek293t_cnn_sequence_dnase_h3k4me3_kernel_5,single,hek293t,sequence_dnase_h3k4me3,42,5,17,C,0.0149293495342135,1.1337224245071411,0.0015612287679687,6,True,17
single_hek293t_cnn_sequence_dnase_h3k4me3_kernel_5,single,hek293t,sequence_dnase_h3k4me3,42,5,17,A,0.0127900866791605,1.088690996170044,0.0015625169035047,6,True,17
single_hek293t_cnn_sequence_dnase_h3k4me3_kernel_7,single,hek293t,sequence_dnase_h3k4me3,42,7,17,C,0.0096612256020307,1.4515156745910645,0.0020173152443021,6,True,17
single_hek293t_cnn_sequence_dnase_h3k4me3_kernel_7,single,hek293t,sequence_dnase_h3k4me3,42,7,17,A,0.009197823703289,1.5041638612747192,0.0011038167867809,6,True,17
single_hek293t_cnn_sequence_dnase_h3k4me3_kernel_7,single,hek293t,sequence_dnase_h3k4me3,42,7,17,T,0.0091261817142367,1.225307583808899,0.0019324092427268,6,True,17
single_hek293t_cnn_sequence_dnase_h3k4me3_kernel_7,single,hek293t,sequence_dnase_h3k4me3,42,7,17,G,0.0060890661552548,1.4404436349868774,0.001452543423511,6,True,17
single_hek293t_cnn_sequence_dnase_h3k4me3_rrbs_kernel_3,single,hek293t,sequence_dnase_h3k4me3_rrbs,42,3,17,T,0.0155002325773239,1.0011500120162964,0.0014960208209231,7,True,17
single_hek293t_cnn_sequence_dnase_h3k4me3_rrbs_kernel_3,single,hek293t,sequence_dnase_h3k4me3_rrbs,42,3,17,G,0.0120633067563176,1.150277018547058,0.0018153231358155,7,True,17
single_hek293t_cnn_sequence_dnase_h3k4me3_rrbs_kernel_3,single,hek293t,sequence_dnase_h3k4me3_rrbs,42,3,17,A,0.0102064944803714,1.1906123161315918,0.0020637605339288,7,True,17
single_hek293t_cnn_sequence_dnase_h3k4me3_rrbs_kernel_3,single,hek293t,sequence_dnase_h3k4me3_rrbs,42,3,17,C,0.0101991612464189,1.0932612419128418,0.0018508703215047,7,True,17
single_hek293t_cnn_sequence_dnase_h3k4me3_rrbs_kernel_5,single,hek293t,sequence_dnase_h3k4me3_rrbs,42,5,17,T,0.0085657807067036,1.247597575187683,0.0008567165932618,7,True,17
single_hek293t_cnn_sequence_dnase_h3k4me3_rrbs_kernel_5,single,hek293t,sequence_dnase_h3k4me3_rrbs,42,5,17,G,0.0074200523085892,1.6517622470855713,0.0009821818675845,7,True,17
single_hek293t_cnn_sequence_dnase_h3k4me3_rrbs_kernel_5,single,hek293t,sequence_dnase_h3k4me3_rrbs,42,5,17,A,0.005595542024821,1.405189871788025,0.0006959777674637,7,True,17
single_hek293t_cnn_sequence_dnase_h3k4me3_rrbs_kernel_5,single,hek293t,sequence_dnase_h3k4me3_rrbs,42,5,17,C,0.005430294200778,1.322879195213318,0.0012231892906129,7,True,17
single_hek293t_cnn_sequence_dnase_h3k4me3_rrbs_kernel_7,single,hek293t,sequence_dnase_h3k4me3_rrbs,42,7,17,C,0.0150570878759026,1.56615948677063,0.0049504023045301,7,True,17
single_hek293t_cnn_sequence_dnase_h3k4me3_rrbs_kernel_7,single,hek293t,sequence_dnase_h3k4me3_rrbs,42,7,17,T,0.0116465613245964,1.2098876237869265,0.0035810698755085,7,True,17
single_hek293t_cnn_sequence_dnase_h3k4me3_rrbs_kernel_7,single,hek293t,sequence_dnase_h3k4me3_rrbs,42,7,17,G,0.0116231152787804,1.4566398859024048,0.0040796399116516,7,True,17
single_hek293t_cnn_sequence_dnase_h3k4me3_rrbs_kernel_7,single,hek293t,sequence_dnase_h3k4me3_rrbs,42,7,17,A,0.0111330738291144,1.3982280492782593,0.0026477549690753,7,True,17
single_hek293t_cnn_sequence_dnase_kernel_3,single,hek293t,sequence_dnase,42,3,17,T,0.0123821096494793,1.057267665863037,0.0013635311042889,5,True,17
single_hek293t_cnn_sequence_dnase_kernel_3,single,hek293t,sequence_dnase,42,3,17,G,0.0076539241708815,1.1796005964279177,0.0018866977188736,5,True,17
single_hek293t_cnn_sequence_dnase_kernel_3,single,hek293t,sequence_dnase,42,3,17,A,0.0069910329766571,1.228652000427246,0.0011504797730594,5,True,17
single_hek293t_cnn_sequence_dnase_kernel_3,single,hek293t,sequence_dnase,42,3,17,C,0.0066231340169906,1.0835587978363037,0.0009486479102633,5,True,17
single_hek293t_cnn_sequence_dnase_kernel_5,single,hek293t,sequence_dnase,42,5,17,T,0.0185274332761764,1.3910443782806396,0.0027120171580463,5,True,17
single_hek293t_cnn_sequence_dnase_kernel_5,single,hek293t,sequence_dnase,42,5,17,G,0.0118788480758667,1.3888319730758667,0.0010085183894261,5,True,17
single_hek293t_cnn_sequence_dnase_kernel_5,single,hek293t,sequence_dnase,42,5,17,C,0.0110528385266661,1.2209703922271729,0.0012204524828121,5,True,17
single_hek293t_cnn_sequence_dnase_kernel_5,single,hek293t,sequence_dnase,42,5,17,A,0.0099215516820549,1.2017587423324585,0.0014411066658794,5,True,17
single_hek293t_cnn_sequence_dnase_kernel_7,single,hek293t,sequence_dnase,42,7,17,C,0.0131834112107753,1.6186712980270386,0.0022788513451814,5,True,17
single_hek293t_cnn_sequence_dnase_kernel_7,single,hek293t,sequence_dnase,42,7,17,T,0.0105820745229721,1.1808828115463257,0.0020809099078178,5,True,17
single_hek293t_cnn_sequence_dnase_kernel_7,single,hek293t,sequence_dnase,42,7,17,A,0.0094251250848174,1.375113606452942,0.0009042182355187,5,True,17
single_hek293t_cnn_sequence_dnase_kernel_7,single,hek293t,sequence_dnase,42,7,17,G,0.0092173311859369,1.3543366193771362,0.001459265127778,5,True,17
single_hek293t_cnn_sequence_dnase_rrbs_kernel_3,single,hek293t,sequence_dnase_rrbs,42,3,17,T,0.0161919686943292,1.0989017486572266,0.0021052297670394,6,True,17
single_hek293t_cnn_sequence_dnase_rrbs_kernel_3,single,hek293t,sequence_dnase_rrbs,42,3,17,G,0.0122907562181353,1.401172399520874,0.0007530091679655,6,True,17
single_hek293t_cnn_sequence_dnase_rrbs_kernel_3,single,hek293t,sequence_dnase_rrbs,42,3,17,C,0.0100599266588687,1.2080678939819336,0.0010858278255909,6,True,17
single_hek293t_cnn_sequence_dnase_rrbs_kernel_3,single,hek293t,sequence_dnase_rrbs,42,3,17,A,0.0094611179083585,1.1604312658309937,0.0015794064383953,6,True,17
single_hek293t_cnn_sequence_dnase_rrbs_kernel_5,single,hek293t,sequence_dnase_rrbs,42,5,17,T,0.0284418947994709,1.179310321807861,0.0021362525876611,6,True,17
single_hek293t_cnn_sequence_dnase_rrbs_kernel_5,single,hek293t,sequence_dnase_rrbs,42,5,17,G,0.018458629027009,1.249395728111267,0.0006931230891495,6,True,17
single_hek293t_cnn_sequence_dnase_rrbs_kernel_5,single,hek293t,sequence_dnase_rrbs,42,5,17,C,0.0153986513614654,1.0963071584701538,0.000568427320104,6,True,17
single_hek293t_cnn_sequence_dnase_rrbs_kernel_5,single,hek293t,sequence_dnase_rrbs,42,5,17,A,0.0116344280540943,0.9241309762001038,0.0005378051428124,6,True,17
single_hek293t_cnn_sequence_dnase_rrbs_kernel_7,single,hek293t,sequence_dnase_rrbs,42,7,17,C,0.0230255238711833,1.8532490730285645,0.0045131733641028,6,True,17
single_hek293t_cnn_sequence_dnase_rrbs_kernel_7,single,hek293t,sequence_dnase_rrbs,42,7,17,A,0.0136236501857638,1.4454537630081177,0.0016834146808832,6,True,17
single_hek293t_cnn_sequence_dnase_rrbs_kernel_7,single,hek293t,sequence_dnase_rrbs,42,7,17,T,0.0108091300353407,1.2017757892608645,0.002473933622241,6,True,17
single_hek293t_cnn_sequence_dnase_rrbs_kernel_7,single,hek293t,sequence_dnase_rrbs,42,7,17,G,0.0095916409045457,1.4018654823303225,0.002163513097912,6,True,17
single_hek293t_cnn_sequence_h3k4me3_kernel_3,single,hek293t,sequence_h3k4me3,42,3,17,T,0.0114858616143465,1.0885251760482788,0.0009539626189507,5,True,17
single_hek293t_cnn_sequence_h3k4me3_kernel_3,single,hek293t,sequence_h3k4me3,42,3,17,C,0.007603361736983,1.081067442893982,0.0008827419951558,5,True,17
single_hek293t_cnn_sequence_h3k4me3_kernel_3,single,hek293t,sequence_h3k4me3,42,3,17,A,0.0071369293145835,1.260323405265808,0.0012047279160469,5,True,17
single_hek293t_cnn_sequence_h3k4me3_kernel_3,single,hek293t,sequence_h3k4me3,42,3,17,G,0.0065949861891567,1.1135296821594238,0.000854474317748,5,True,17
single_hek293t_cnn_sequence_h3k4me3_kernel_5,single,hek293t,sequence_h3k4me3,42,5,17,T,0.0097752138972282,1.6013507843017578,0.0007742187590338,5,True,17
single_hek293t_cnn_sequence_h3k4me3_kernel_5,single,hek293t,sequence_h3k4me3,42,5,17,A,0.0057050618343055,1.3003960847854614,0.0007246779859997,5,True,17
single_hek293t_cnn_sequence_h3k4me3_kernel_5,single,hek293t,sequence_h3k4me3,42,5,17,G,0.0045716664753854,1.3832019567489624,0.00050499784993,5,True,17
single_hek293t_cnn_sequence_h3k4me3_kernel_5,single,hek293t,sequence_h3k4me3,42,5,17,C,0.0044729765504598,1.2894247770309448,0.0008343266672454,5,True,17
single_hek293t_cnn_sequence_h3k4me3_kernel_7,single,hek293t,sequence_h3k4me3,42,7,17,G,0.0261621698737144,1.4158600568771362,0.0102278003469109,5,True,17
single_hek293t_cnn_sequence_h3k4me3_kernel_7,single,hek293t,sequence_h3k4me3,42,7,17,C,0.0244016330689191,1.4534410238265991,0.0120158856734633,5,True,17
single_hek293t_cnn_sequence_h3k4me3_kernel_7,single,hek293t,sequence_h3k4me3,42,7,17,A,0.0183577593415975,1.3313360214233398,0.0056619327515363,5,True,17
single_hek293t_cnn_sequence_h3k4me3_kernel_7,single,hek293t,sequence_h3k4me3,42,7,17,T,0.0136213786900043,1.2256070375442505,0.0030206169467419,5,True,17
single_hek293t_cnn_sequence_h3k4me3_rrbs_kernel_3,single,hek293t,sequence_h3k4me3_rrbs,42,3,17,T,0.0122499503195285,1.2496633529663086,0.0011871630558744,6,True,17
single_hek293t_cnn_sequence_h3k4me3_rrbs_kernel_3,single,hek293t,sequence_h3k4me3_rrbs,42,3,17,G,0.0074538807384669,1.3364434242248535,0.0016101088840514,6,True,17
single_hek293t_cnn_sequence_h3k4me3_rrbs_kernel_3,single,hek293t,sequence_h3k4me3_rrbs,42,3,17,A,0.0070608872920274,1.4227732419967651,0.0018177458550781,6,True,17
single_hek293t_cnn_sequence_h3k4me3_rrbs_kernel_3,single,hek293t,sequence_h3k4me3_rrbs,42,3,17,C,0.0062093185260891,1.2219258546829224,0.0009909243090078,6,True,17
single_hek293t_cnn_sequence_h3k4me3_rrbs_kernel_5,single,hek293t,sequence_h3k4me3_rrbs,42,5,17,T,0.0269530583173036,1.1049786806106567,0.0027763852849602,6,True,17
single_hek293t_cnn_sequence_h3k4me3_rrbs_kernel_5,single,hek293t,sequence_h3k4me3_rrbs,42,5,17,G,0.0184538774192333,1.2610799074172974,0.0012036280240863,6,True,17
single_hek293t_cnn_sequence_h3k4me3_rrbs_kernel_5,single,hek293t,sequence_h3k4me3_rrbs,42,5,17,C,0.0147882690653204,0.9873898029327391,0.0018240223871544,6,True,17
single_hek293t_cnn_sequence_h3k4me3_rrbs_kernel_5,single,hek293t,sequence_h3k4me3_rrbs,42,5,17,A,0.0139134433120489,1.0136932134628296,0.0016401528846472,6,True,17
single_hek293t_cnn_sequence_h3k4me3_rrbs_kernel_7,single,hek293t,sequence_h3k4me3_rrbs,42,7,17,C,0.0286083482205867,1.4567124843597412,0.0144823221489787,6,True,17
single_hek293t_cnn_sequence_h3k4me3_rrbs_kernel_7,single,hek293t,sequence_h3k4me3_rrbs,42,7,17,A,0.0196060501039028,1.4931899309158323,0.0061718323267996,6,True,17
single_hek293t_cnn_sequence_h3k4me3_rrbs_kernel_7,single,hek293t,sequence_h3k4me3_rrbs,42,7,17,G,0.0184078868478536,1.2174911499023438,0.0112717468291521,6,True,17
single_hek293t_cnn_sequence_h3k4me3_rrbs_kernel_7,single,hek293t,sequence_h3k4me3_rrbs,42,7,17,T,0.0126995975151658,1.176827311515808,0.0030060063581913,6,True,17
single_hek293t_cnn_sequence_kernel_3,single,hek293t,sequence,42,3,17,T,0.0110575491562485,1.06549870967865,0.0011967326281592,4,True,17
single_hek293t_cnn_sequence_kernel_3,single,hek293t,sequence,42,3,17,G,0.0091239241883158,1.3884308338165283,0.0009992866544052,4,True,17
single_hek293t_cnn_sequence_kernel_3,single,hek293t,sequence,42,3,17,C,0.0087946522980928,1.3359266519546509,0.0011750005651265,4,True,17
single_hek293t_cnn_sequence_kernel_3,single,hek293t,sequence,42,3,17,A,0.0079221678897738,1.3029603958129885,0.0014634648105129,4,True,17
single_hek293t_cnn_sequence_kernel_5,single,hek293t,sequence,42,5,17,T,0.015624513849616,1.679010272026062,0.0027966282796114,4,True,17
single_hek293t_cnn_sequence_kernel_5,single,hek293t,sequence,42,5,17,G,0.0095101706683635,1.5820939540863037,0.0013174575287848,4,True,17
single_hek293t_cnn_sequence_kernel_5,single,hek293t,sequence,42,5,17,C,0.0085270442068576,1.365534424781799,0.0009895589901134,4,True,17
single_hek293t_cnn_sequence_kernel_5,single,hek293t,sequence,42,5,17,A,0.0075644869357347,1.4266788959503174,0.0013629235327243,4,True,17
single_hek293t_cnn_sequence_kernel_7,single,hek293t,sequence,42,7,17,C,0.0108295436948537,1.6661900281906128,0.0032150701154023,4,True,17
single_hek293t_cnn_sequence_kernel_7,single,hek293t,sequence,42,7,17,A,0.0071046538650989,1.367430567741394,0.0011813333258032,4,True,17
single_hek293t_cnn_sequence_kernel_7,single,hek293t,sequence,42,7,17,T,0.0067134057171642,1.1711159944534302,0.0015439896378666,4,True,17
single_hek293t_cnn_sequence_kernel_7,single,hek293t,sequence,42,7,17,G,0.005656967870891,1.3792712688446045,0.0026215040124952,4,True,17
single_hek293t_cnn_sequence_rrbs_kernel_3,single,hek293t,sequence_rrbs,42,3,17,T,0.0141769032925367,1.0558711290359497,0.0019636736251413,5,True,17
single_hek293t_cnn_sequence_rrbs_kernel_3,single,hek293t,sequence_rrbs,42,3,17,C,0.0099399872124195,1.1042193174362185,0.0017714659916236,5,True,17
single_hek293t_cnn_sequence_rrbs_kernel_3,single,hek293t,sequence_rrbs,42,3,17,G,0.0093296915292739,1.0860440731048584,0.0022304293233901,5,True,17
single_hek293t_cnn_sequence_rrbs_kernel_3,single,hek293t,sequence_rrbs,42,3,17,A,0.009206848219037,1.143315315246582,0.0025754461530596,5,True,17
single_hek293t_cnn_sequence_rrbs_kernel_5,single,hek293t,sequence_rrbs,42,5,17,T,0.014926022849977,1.3212004899978638,0.0023372538853436,5,True,17
single_hek293t_cnn_sequence_rrbs_kernel_5,single,hek293t,sequence_rrbs,42,5,17,G,0.0106229055672883,1.3877936601638794,0.0009607018437236,5,True,17
single_hek293t_cnn_sequence_rrbs_kernel_5,single,hek293t,sequence_rrbs,42,5,17,C,0.0105960993096232,1.3195924758911133,0.001162723172456,5,True,17
single_hek293t_cnn_sequence_rrbs_kernel_5,single,hek293t,sequence_rrbs,42,5,17,A,0.0100129293277859,1.2453685998916626,0.0015761150280013,5,True,17
single_hek293t_cnn_sequence_rrbs_kernel_7,single,hek293t,sequence_rrbs,42,7,17,A,0.0071971374563872,1.5516399145126345,0.001247833832167,5,True,17
single_hek293t_cnn_sequence_rrbs_kernel_7,single,hek293t,sequence_rrbs,42,7,17,T,0.006847090087831,1.5267348289489746,0.0021335766650736,5,True,17
single_hek293t_cnn_sequence_rrbs_kernel_7,single,hek293t,sequence_rrbs,42,7,17,C,0.0044336598366498,1.229894995689392,0.0012077538995072,5,True,17
single_hek293t_cnn_sequence_rrbs_kernel_7,single,hek293t,sequence_rrbs,42,7,17,G,0.0035500440280884,1.3554972410202026,0.0006088545196689,5,True,17
single_hela_cnn_all_kernel_3,single,hela,all,42,3,17,A,0.0302094276994466,1.6958690881729126,0.0151158683001995,8,True,17
single_hela_cnn_all_kernel_3,single,hela,all,42,3,17,G,0.0168348159641027,1.158046841621399,0.0036881112027913,8,True,17
single_hela_cnn_all_kernel_3,single,hela,all,42,3,17,C,0.0149423871189355,1.1671767234802246,0.0112667512148618,8,True,17
single_hela_cnn_all_kernel_3,single,hela,all,42,3,17,T,0.0137098357081413,1.2087422609329224,0.0,8,True,17
single_hela_cnn_all_kernel_5,single,hela,all,42,5,17,A,0.0387328453361988,1.7479156255722046,0.0131922578439116,8,True,17
single_hela_cnn_all_kernel_5,single,hela,all,42,5,17,C,0.0335937216877937,1.5272032022476196,0.0037067118100821,8,True,17
single_hela_cnn_all_kernel_5,single,hela,all,42,5,17,G,0.0184254273772239,1.190022349357605,0.0036462508141994,8,True,17
single_hela_cnn_all_kernel_5,single,hela,all,42,5,17,T,0.0157477539032697,1.20316743850708,0.0,8,True,17
single_hela_cnn_all_kernel_7,single,hela,all,42,7,17,C,0.046384572982788,1.658816933631897,0.0089754071086645,8,True,17
single_hela_cnn_all_kernel_7,single,hela,all,42,7,17,A,0.0388840325176715,1.6019970178604126,0.0121604399755597,8,True,17
single_hela_cnn_all_kernel_7,single,hela,all,42,7,17,G,0.0217438507825136,1.155466914176941,0.0040552942082285,8,True,17
single_hela_cnn_all_kernel_7,single,hela,all,42,7,17,T,0.0164580270648002,1.2574703693389893,0.0,8,True,17
single_hela_cnn_sequence_ctcf_dnase_h3k4me3_kernel_3,single,hela,sequence_ctcf_dnase_h3k4me3,42,3,17,A,0.0280849207192659,1.2978307008743286,0.0097941486164927,7,True,17
single_hela_cnn_sequence_ctcf_dnase_h3k4me3_kernel_3,single,hela,sequence_ctcf_dnase_h3k4me3,42,3,17,G,0.020405177026987,1.0766494274139404,0.0043904003687202,7,True,17
single_hela_cnn_sequence_ctcf_dnase_h3k4me3_kernel_3,single,hela,sequence_ctcf_dnase_h3k4me3,42,3,17,C,0.0169589519500732,1.0418460369110107,0.008027845993638,7,True,17
single_hela_cnn_sequence_ctcf_dnase_h3k4me3_kernel_3,single,hela,sequence_ctcf_dnase_h3k4me3,42,3,17,T,0.0162415727972984,1.245102047920227,0.0,7,True,17
single_hela_cnn_sequence_ctcf_dnase_h3k4me3_kernel_5,single,hela,sequence_ctcf_dnase_h3k4me3,42,5,17,A,0.0573113709688186,1.5735543966293335,0.0549023449420928,7,True,17
single_hela_cnn_sequence_ctcf_dnase_h3k4me3_kernel_5,single,hela,sequence_ctcf_dnase_h3k4me3,42,5,17,C,0.0412134267389774,1.2620906829833984,0.0087135341018438,7,True,17
single_hela_cnn_sequence_ctcf_dnase_h3k4me3_kernel_5,single,hela,sequence_ctcf_dnase_h3k4me3,42,5,17,G,0.0339665189385414,1.107716083526611,0.0182696171104908,7,True,17
single_hela_cnn_sequence_ctcf_dnase_h3k4me3_kernel_5,single,hela,sequence_ctcf_dnase_h3k4me3,42,5,17,T,0.0280409213155508,1.0519983768463137,0.0,7,True,17
single_hela_cnn_sequence_ctcf_dnase_h3k4me3_kernel_7,single,hela,sequence_ctcf_dnase_h3k4me3,42,7,17,C,0.0509880818426609,1.92102324962616,0.0062337256968021,7,True,17
single_hela_cnn_sequence_ctcf_dnase_h3k4me3_kernel_7,single,hela,sequence_ctcf_dnase_h3k4me3,42,7,17,A,0.041279911994934,1.6981871128082275,0.0148379690945148,7,True,17
single_hela_cnn_sequence_ctcf_dnase_h3k4me3_kernel_7,single,hela,sequence_ctcf_dnase_h3k4me3,42,7,17,G,0.0208876281976699,1.2446892261505127,0.0033406673464924,7,True,17
single_hela_cnn_sequence_ctcf_dnase_h3k4me3_kernel_7,single,hela,sequence_ctcf_dnase_h3k4me3,42,7,17,T,0.0156480781733989,1.226508855819702,0.0,7,True,17
single_hela_cnn_sequence_ctcf_dnase_kernel_3,single,hela,sequence_ctcf_dnase,42,3,17,A,0.0287964437156915,1.1742950677871704,0.013601541519165,6,True,17
single_hela_cnn_sequence_ctcf_dnase_kernel_3,single,hela,sequence_ctcf_dnase,42,3,17,C,0.0185765270143747,0.9965665936470032,0.0085068717598915,6,True,17
single_hela_cnn_sequence_ctcf_dnase_kernel_3,single,hela,sequence_ctcf_dnase,42,3,17,G,0.018463859334588,0.9156860709190368,0.0026336782611906,6,True,17
single_hela_cnn_sequence_ctcf_dnase_kernel_3,single,hela,sequence_ctcf_dnase,42,3,17,T,0.0178753696382045,1.1240657567977903,0.0,6,True,17
single_hela_cnn_sequence_ctcf_dnase_kernel_5,single,hela,sequence_ctcf_dnase,42,5,17,A,0.0570252351462841,1.4297842979431152,0.0474698133766651,6,True,17
single_hela_cnn_sequence_ctcf_dnase_kernel_5,single,hela,sequence_ctcf_dnase,42,5,17,G,0.0381230600178241,1.100648045539856,0.0168392118066549,6,True,17
single_hela_cnn_sequence_ctcf_dnase_kernel_5,single,hela,sequence_ctcf_dnase,42,5,17,C,0.0291578620672225,1.104503154754639,0.0131516186520457,6,True,17
single_hela_cnn_sequence_ctcf_dnase_kernel_5,single,hela,sequence_ctcf_dnase,42,5,17,T,0.0265429560095071,1.0211248397827148,0.0,6,True,17
single_hela_cnn_sequence_ctcf_dnase_kernel_7,single,hela,sequence_ctcf_dnase,42,7,17,C,0.0510128326714038,1.4630661010742188,0.0079180188477039,6,True,17
single_hela_cnn_sequence_ctcf_dnase_kernel_7,single,hela,sequence_ctcf_dnase,42,7,17,A,0.0460759215056896,1.3903532028198242,0.0185524597764015,6,True,17
single_hela_cnn_sequence_ctcf_dnase_kernel_7,single,hela,sequence_ctcf_dnase,42,7,17,G,0.0289027914404869,1.142090916633606,0.006044527515769,6,True,17
single_hela_cnn_sequence_ctcf_dnase_kernel_7,single,hela,sequence_ctcf_dnase,42,7,17,T,0.021882951259613,1.0882844924926758,0.0,6,True,17
single_hela_cnn_sequence_ctcf_dnase_rrbs_kernel_3,single,hela,sequence_ctcf_dnase_rrbs,42,3,17,A,0.0274600442498922,1.0555304288864136,0.009234732016921,7,True,17
single_hela_cnn_sequence_ctcf_dnase_rrbs_kernel_3,single,hela,sequence_ctcf_dnase_rrbs,42,3,17,G,0.0196964964270591,0.9075549244880676,0.002183572622016,7,True,17
single_hela_cnn_sequence_ctcf_dnase_rrbs_kernel_3,single,hela,sequence_ctcf_dnase_rrbs,42,3,17,C,0.0173271298408508,0.8922006487846375,0.0076891924254596,7,True,17
single_hela_cnn_sequence_ctcf_dnase_rrbs_kernel_3,single,hela,sequence_ctcf_dnase_rrbs,42,3,17,T,0.0138597777113318,0.9714003205299376,0.0,7,True,17
single_hela_cnn_sequence_ctcf_dnase_rrbs_kernel_5,single,hela,sequence_ctcf_dnase_rrbs,42,5,17,A,0.0490587577223777,1.668648600578308,0.0347994044423103,7,True,17
single_hela_cnn_sequence_ctcf_dnase_rrbs_kernel_5,single,hela,sequence_ctcf_dnase_rrbs,42,5,17,C,0.0360871292650699,1.3425536155700684,0.0065574338659644,7,True,17
single_hela_cnn_sequence_ctcf_dnase_rrbs_kernel_5,single,hela,sequence_ctcf_dnase_rrbs,42,5,17,G,0.0325893014669418,1.2041796445846558,0.0095971766859292,7,True,17
single_hela_cnn_sequence_ctcf_dnase_rrbs_kernel_5,single,hela,sequence_ctcf_dnase_rrbs,42,5,17,T,0.0224919449537992,1.0910451412200928,0.0,7,True,17
single_hela_cnn_sequence_ctcf_dnase_rrbs_kernel_7,single,hela,sequence_ctcf_dnase_rrbs,42,7,17,C,0.0435985140502452,1.767139196395874,0.0043292380869388,7,True,17
single_hela_cnn_sequence_ctcf_dnase_rrbs_kernel_7,single,hela,sequence_ctcf_dnase_rrbs,42,7,17,A,0.0399771481752395,1.7659714221954346,0.0144505752250552,7,True,17
single_hela_cnn_sequence_ctcf_dnase_rrbs_kernel_7,single,hela,sequence_ctcf_dnase_rrbs,42,7,17,G,0.0215084590017795,1.227744221687317,0.0050448821857571,7,True,17
single_hela_cnn_sequence_ctcf_dnase_rrbs_kernel_7,single,hela,sequence_ctcf_dnase_rrbs,42,7,17,T,0.0155616151168942,1.2133560180664062,0.0,7,True,17
single_hela_cnn_sequence_ctcf_h3k4me3_kernel_3,single,hela,sequence_ctcf_h3k4me3,42,3,17,A,0.0296915099024772,1.396585464477539,0.0235130563378334,6,True,17
single_hela_cnn_sequence_ctcf_h3k4me3_kernel_3,single,hela,sequence_ctcf_h3k4me3,42,3,17,T,0.0202686283737421,1.2900315523147583,0.0,6,True,17
single_hela_cnn_sequence_ctcf_h3k4me3_kernel_3,single,hela,sequence_ctcf_h3k4me3,42,3,17,C,0.017945846542716,1.0958302021026611,0.0185709856450557,6,True,17
single_hela_cnn_sequence_ctcf_h3k4me3_kernel_3,single,hela,sequence_ctcf_h3k4me3,42,3,17,G,0.0161109436303377,1.0804437398910522,0.0038988089654594,6,True,17
single_hela_cnn_sequence_ctcf_h3k4me3_kernel_5,single,hela,sequence_ctcf_h3k4me3,42,5,17,A,0.061185598373413,1.5330692529678345,0.0601876117289066,6,True,17
single_hela_cnn_sequence_ctcf_h3k4me3_kernel_5,single,hela,sequence_ctcf_h3k4me3,42,5,17,G,0.0428638495504856,1.1788506507873535,0.0261080656200647,6,True,17
single_hela_cnn_sequence_ctcf_h3k4me3_kernel_5,single,hela,sequence_ctcf_h3k4me3,42,5,17,C,0.0302274636924266,1.125327467918396,0.0197116658091545,6,True,17
single_hela_cnn_sequence_ctcf_h3k4me3_kernel_5,single,hela,sequence_ctcf_h3k4me3,42,5,17,T,0.0278486441820859,1.0576636791229248,0.0,6,True,17
single_hela_cnn_sequence_ctcf_h3k4me3_kernel_7,single,hela,sequence_ctcf_h3k4me3,42,7,17,C,0.0483478717505931,1.846947193145752,0.0072743417695164,6,True,17
single_hela_cnn_sequence_ctcf_h3k4me3_kernel_7,single,hela,sequence_ctcf_h3k4me3,42,7,17,A,0.0462004877626895,1.787144660949707,0.0225477777421474,6,True,17
single_hela_cnn_sequence_ctcf_h3k4me3_kernel_7,single,hela,sequence_ctcf_h3k4me3,42,7,17,G,0.0228497460484504,1.2898463010787964,0.005612235981971,6,True,17
single_hela_cnn_sequence_ctcf_h3k4me3_kernel_7,single,hela,sequence_ctcf_h3k4me3,42,7,17,T,0.0160019323229789,1.1737240552902222,0.0,6,True,17
single_hela_cnn_sequence_ctcf_h3k4me3_rrbs_kernel_3,single,hela,sequence_ctcf_h3k4me3_rrbs,42,3,17,A,0.0284152906388044,1.5870264768600464,0.0151841770857572,7,True,17
single_hela_cnn_sequence_ctcf_h3k4me3_rrbs_kernel_3,single,hela,sequence_ctcf_h3k4me3_rrbs,42,3,17,G,0.0155155854299664,1.113439917564392,0.005200935062021,7,True,17
single_hela_cnn_sequence_ctcf_h3k4me3_rrbs_kernel_3,single,hela,sequence_ctcf_h3k4me3_rrbs,42,3,17,T,0.0154425492510199,1.2581145763397217,0.0,7,True,17
single_hela_cnn_sequence_ctcf_h3k4me3_rrbs_kernel_3,single,hela,sequence_ctcf_h3k4me3_rrbs,42,3,17,C,0.0131256533786654,1.1175897121429443,0.0135873667895793,7,True,17
single_hela_cnn_sequence_ctcf_h3k4me3_rrbs_kernel_5,single,hela,sequence_ctcf_h3k4me3_rrbs,42,5,17,A,0.0489929132163524,1.6404438018798828,0.0420261695981025,7,True,17
single_hela_cnn_sequence_ctcf_h3k4me3_rrbs_kernel_5,single,hela,sequence_ctcf_h3k4me3_rrbs,42,5,17,C,0.0351954363286495,1.3054248094558716,0.0076035796664655,7,True,17
single_hela_cnn_sequence_ctcf_h3k4me3_rrbs_kernel_5,single,hela,sequence_ctcf_h3k4me3_rrbs,42,5,17,G,0.0302561409771442,1.2156907320022583,0.0107756676152348,7,True,17
single_hela_cnn_sequence_ctcf_h3k4me3_rrbs_kernel_5,single,hela,sequence_ctcf_h3k4me3_rrbs,42,5,17,T,0.0205418188124895,1.0867655277252195,0.0,7,True,17
single_hela_cnn_sequence_ctcf_h3k4me3_rrbs_kernel_7,single,hela,sequence_ctcf_h3k4me3_rrbs,42,7,17,C,0.0508107095956802,2.0505409240722656,0.0072881360538303,7,True,17
single_hela_cnn_sequence_ctcf_h3k4me3_rrbs_kernel_7,single,hela,sequence_ctcf_h3k4me3_rrbs,42,7,17,A,0.0339764058589935,1.5860291719436646,0.0154401678591966,7,True,17
single_hela_cnn_sequence_ctcf_h3k4me3_rrbs_kernel_7,single,hela,sequence_ctcf_h3k4me3_rrbs,42,7,17,G,0.0192978270351886,1.2050849199295044,0.0045734699815511,7,True,17
single_hela_cnn_sequence_ctcf_h3k4me3_rrbs_kernel_7,single,hela,sequence_ctcf_h3k4me3_rrbs,42,7,17,T,0.0152437202632427,1.193691611289978,0.0,7,True,17
single_hela_cnn_sequence_ctcf_kernel_3,single,hela,sequence_ctcf,42,3,17,A,0.0333343632519245,1.4455398321151731,0.0231536068022251,5,True,17
single_hela_cnn_sequence_ctcf_kernel_3,single,hela,sequence_ctcf,42,3,17,T,0.0196094457060098,1.2328675985336304,0.0,5,True,17
single_hela_cnn_sequence_ctcf_kernel_3,single,hela,sequence_ctcf,42,3,17,G,0.0170798748731613,0.9802979826927184,0.0050159622915089,5,True,17
single_hela_cnn_sequence_ctcf_kernel_3,single,hela,sequence_ctcf,42,3,17,C,0.016946330666542,1.0416733026504517,0.015824569389224,5,True,17
single_hela_cnn_sequence_ctcf_kernel_5,single,hela,sequence_ctcf,42,5,17,A,0.0530869178473949,1.43988835811615,0.0553206130862236,5,True,17
single_hela_cnn_sequence_ctcf_kernel_5,single,hela,sequence_ctcf,42,5,17,G,0.0420887097716331,1.1467876434326172,0.0207867976278066,5,True,17
single_hela_cnn_sequence_ctcf_kernel_5,single,hela,sequence_ctcf,42,5,17,C,0.0292808581143617,1.0608607530593872,0.007949436083436,5,True,17
single_hela_cnn_sequence_ctcf_kernel_5,single,hela,sequence_ctcf,42,5,17,T,0.026979099959135,1.0697377920150757,0.0,5,True,17
single_hela_cnn_sequence_ctcf_kernel_7,single,hela,sequence_ctcf,42,7,17,C,0.0631251111626625,1.555412769317627,0.0171859133988618,5,True,17
single_hela_cnn_sequence_ctcf_kernel_7,single,hela,sequence_ctcf,42,7,17,G,0.0283065550029277,1.0604428052902222,0.0036560401786118,5,True,17
single_hela_cnn_sequence_ctcf_kernel_7,single,hela,sequence_ctcf,42,7,17,A,0.0273086410015821,1.221300482749939,0.0080611193552613,5,True,17
single_hela_cnn_sequence_ctcf_kernel_7,single,hela,sequence_ctcf,42,7,17,T,0.0205291658639907,1.140644907951355,0.0,5,True,17
single_hela_cnn_sequence_ctcf_rrbs_kernel_3,single,hela,sequence_ctcf_rrbs,42,3,17,A,0.0304051470011472,1.4044781923294067,0.0283622462302446,6,True,17
single_hela_cnn_sequence_ctcf_rrbs_kernel_3,single,hela,sequence_ctcf_rrbs,42,3,17,T,0.0188654493540525,1.2241424322128296,0.0,6,True,17
single_hela_cnn_sequence_ctcf_rrbs_kernel_3,single,hela,sequence_ctcf_rrbs,42,3,17,C,0.0184120554476976,1.0475988388061523,0.0222465079277753,6,True,17
single_hela_cnn_sequence_ctcf_rrbs_kernel_3,single,hela,sequence_ctcf_rrbs,42,3,17,G,0.0180006697773933,1.0917962789535522,0.0037079052999615,6,True,17
single_hela_cnn_sequence_ctcf_rrbs_kernel_5,single,hela,sequence_ctcf_rrbs,42,5,17,A,0.0592644214630126,1.5011796951293943,0.0619222782552242,6,True,17
single_hela_cnn_sequence_ctcf_rrbs_kernel_5,single,hela,sequence_ctcf_rrbs,42,5,17,G,0.0411785989999771,1.1668264865875244,0.0185462236404418,6,True,17
single_hela_cnn_sequence_ctcf_rrbs_kernel_5,single,hela,sequence_ctcf_rrbs,42,5,17,C,0.0335244722664356,1.1943351030349731,0.0138996625319123,6,True,17
single_hela_cnn_sequence_ctcf_rrbs_kernel_5,single,hela,sequence_ctcf_rrbs,42,5,17,T,0.0260946247726678,1.118072271347046,0.0,6,True,17
single_hela_cnn_sequence_ctcf_rrbs_kernel_7,single,hela,sequence_ctcf_rrbs,42,7,17,C,0.0435440130531787,1.7098039388656616,0.0069697466678917,6,True,17
single_hela_cnn_sequence_ctcf_rrbs_kernel_7,single,hela,sequence_ctcf_rrbs,42,7,17,A,0.0434126332402229,1.7047113180160522,0.0244700778275728,6,True,17
single_hela_cnn_sequence_ctcf_rrbs_kernel_7,single,hela,sequence_ctcf_rrbs,42,7,17,G,0.0207999069243669,1.210086703300476,0.0048989518545567,6,True,17
single_hela_cnn_sequence_ctcf_rrbs_kernel_7,single,hela,sequence_ctcf_rrbs,42,7,17,T,0.0157278105616569,1.127933382987976,0.0,6,True,17
single_hela_cnn_sequence_dnase_h3k4me3_kernel_3,single,hela,sequence_dnase_h3k4me3,42,3,17,A,0.0310737937688827,1.3650071620941162,0.0200041476637125,6,True,17
single_hela_cnn_sequence_dnase_h3k4me3_kernel_3,single,hela,sequence_dnase_h3k4me3,42,3,17,G,0.0197430476546287,1.0392025709152222,0.0037834763061255,6,True,17
single_hela_cnn_sequence_dnase_h3k4me3_kernel_3,single,hela,sequence_dnase_h3k4me3,42,3,17,C,0.0168159138411283,1.0507147312164309,0.0158704128116369,6,True,17
single_hela_cnn_sequence_dnase_h3k4me3_kernel_3,single,hela,sequence_dnase_h3k4me3,42,3,17,T,0.0162101853638887,1.147123098373413,0.0,6,True,17
single_hela_cnn_sequence_dnase_h3k4me3_kernel_5,single,hela,sequence_dnase_h3k4me3,42,5,17,A,0.053784642368555,1.4240195751190186,0.0216313935816288,6,True,17
single_hela_cnn_sequence_dnase_h3k4me3_kernel_5,single,hela,sequence_dnase_h3k4me3,42,5,17,G,0.0401130728423595,1.1078989505767822,0.0086910687386989,6,True,17
single_hela_cnn_sequence_dnase_h3k4me3_kernel_5,single,hela,sequence_dnase_h3k4me3,42,5,17,C,0.0276201721280813,1.090593934059143,0.0069071506150066,6,True,17
single_hela_cnn_sequence_dnase_h3k4me3_kernel_5,single,hela,sequence_dnase_h3k4me3,42,5,17,T,0.025351533666253,1.0375096797943115,0.0,6,True,17
single_hela_cnn_sequence_dnase_h3k4me3_kernel_7,single,hela,sequence_dnase_h3k4me3,42,7,17,C,0.0500449873507022,1.894129037857056,0.0069109620526432,6,True,17
single_hela_cnn_sequence_dnase_h3k4me3_kernel_7,single,hela,sequence_dnase_h3k4me3,42,7,17,A,0.0457679256796836,1.7949544191360474,0.0200364515185356,6,True,17
single_hela_cnn_sequence_dnase_h3k4me3_kernel_7,single,hela,sequence_dnase_h3k4me3,42,7,17,G,0.0236530546098947,1.365805983543396,0.005082331597805,6,True,17
single_hela_cnn_sequence_dnase_h3k4me3_kernel_7,single,hela,sequence_dnase_h3k4me3,42,7,17,T,0.0160117298364639,1.2240079641342163,0.0,6,True,17
single_hela_cnn_sequence_dnase_h3k4me3_rrbs_kernel_3,single,hela,sequence_dnase_h3k4me3_rrbs,42,3,17,A,0.0287070330232381,1.455042839050293,0.0165116190910339,7,True,17
single_hela_cnn_sequence_dnase_h3k4me3_rrbs_kernel_3,single,hela,sequence_dnase_h3k4me3_rrbs,42,3,17,G,0.0161452703177928,1.0417019128799438,0.0047944132238626,7,True,17
single_hela_cnn_sequence_dnase_h3k4me3_rrbs_kernel_3,single,hela,sequence_dnase_h3k4me3_rrbs,42,3,17,T,0.0159877836704254,1.2709193229675293,0.0,7,True,17
single_hela_cnn_sequence_dnase_h3k4me3_rrbs_kernel_3,single,hela,sequence_dnase_h3k4me3_rrbs,42,3,17,C,0.0132979825139045,1.0515217781066897,0.0132719492539763,7,True,17
single_hela_cnn_sequence_dnase_h3k4me3_rrbs_kernel_5,single,hela,sequence_dnase_h3k4me3_rrbs,42,5,17,A,0.0454506687819957,1.5835788249969482,0.0425276570022106,7,True,17
single_hela_cnn_sequence_dnase_h3k4me3_rrbs_kernel_5,single,hela,sequence_dnase_h3k4me3_rrbs,42,5,17,C,0.0395276173949241,1.3788095712661743,0.0073242164216935,7,True,17
single_hela_cnn_sequence_dnase_h3k4me3_rrbs_kernel_5,single,hela,sequence_dnase_h3k4me3_rrbs,42,5,17,G,0.0316251665353775,1.2241106033325195,0.0105846002697944,7,True,17
single_hela_cnn_sequence_dnase_h3k4me3_rrbs_kernel_5,single,hela,sequence_dnase_h3k4me3_rrbs,42,5,17,T,0.020923813804984,1.0794306993484497,0.0,7,True,17
single_hela_cnn_sequence_dnase_h3k4me3_rrbs_kernel_7,single,hela,sequence_dnase_h3k4me3_rrbs,42,7,17,C,0.0491264648735523,1.945582389831543,0.0079674245789647,7,True,17
single_hela_cnn_sequence_dnase_h3k4me3_rrbs_kernel_7,single,hela,sequence_dnase_h3k4me3_rrbs,42,7,17,A,0.0367629639804363,1.6394954919815063,0.0133645990863442,7,True,17
single_hela_cnn_sequence_dnase_h3k4me3_rrbs_kernel_7,single,hela,sequence_dnase_h3k4me3_rrbs,42,7,17,G,0.0194918029010295,1.2211296558380127,0.0041914652101695,7,True,17
single_hela_cnn_sequence_dnase_h3k4me3_rrbs_kernel_7,single,hela,sequence_dnase_h3k4me3_rrbs,42,7,17,T,0.0164544191211462,1.1956313848495483,0.0,7,True,17
single_hela_cnn_sequence_dnase_kernel_3,single,hela,sequence_dnase,42,3,17,A,0.0261762514710426,1.6684166193008425,0.0068897046148777,5,True,17
single_hela_cnn_sequence_dnase_kernel_3,single,hela,sequence_dnase,42,3,17,G,0.0170630514621734,1.245060920715332,0.0031993384473025,5,True,17
single_hela_cnn_sequence_dnase_kernel_3,single,hela,sequence_dnase,42,3,17,T,0.0119488975033164,1.2283918857574463,0.0,5,True,17
single_hela_cnn_sequence_dnase_kernel_3,single,hela,sequence_dnase,42,3,17,C,0.0115202469751238,1.1100594997406006,0.0040449663065373,5,True,17
single_hela_cnn_sequence_dnase_kernel_5,single,hela,sequence_dnase,42,5,17,A,0.064870074391365,1.4207361936569214,0.0583286136388778,5,True,17
single_hela_cnn_sequence_dnase_kernel_5,single,hela,sequence_dnase,42,5,17,G,0.0418974533677101,1.0598969459533691,0.0145160779356956,5,True,17
single_hela_cnn_sequence_dnase_kernel_5,single,hela,sequence_dnase,42,5,17,T,0.0373846925795078,1.036824345588684,0.0,5,True,17
single_hela_cnn_sequence_dnase_kernel_5,single,hela,sequence_dnase,42,5,17,C,0.0308521743863821,1.030884861946106,0.008260091766715,5,True,17
single_hela_cnn_sequence_dnase_kernel_7,single,hela,sequence_dnase,42,7,17,C,0.054300706833601,2.270723342895508,0.0101418895646929,5,True,17
single_hela_cnn_sequence_dnase_kernel_7,single,hela,sequence_dnase,42,7,17,A,0.0290748961269855,1.783717155456543,0.0073378733359277,5,True,17
single_hela_cnn_sequence_dnase_kernel_7,single,hela,sequence_dnase,42,7,17,G,0.0231644492596387,1.2555862665176392,0.0019092892762273,5,True,17
single_hela_cnn_sequence_dnase_kernel_7,single,hela,sequence_dnase,42,7,17,T,0.0116848982870578,1.237491011619568,0.0,5,True,17
single_hela_cnn_sequence_dnase_rrbs_kernel_3,single,hela,sequence_dnase_rrbs,42,3,17,A,0.0329372473061084,1.3075461387634275,0.0325128138065338,6,True,17
single_hela_cnn_sequence_dnase_rrbs_kernel_3,single,hela,sequence_dnase_rrbs,42,3,17,G,0.0182332154363393,0.9635391235351562,0.006291904952377,6,True,17
single_hela_cnn_sequence_dnase_rrbs_kernel_3,single,hela,sequence_dnase_rrbs,42,3,17,C,0.0180456135421991,1.0023170709609983,0.0148711893707513,6,True,17
single_hela_cnn_sequence_dnase_rrbs_kernel_3,single,hela,sequence_dnase_rrbs,42,3,17,T,0.0165675561875104,1.1602259874343872,0.0,6,True,17
single_hela_cnn_sequence_dnase_rrbs_kernel_5,single,hela,sequence_dnase_rrbs,42,5,17,A,0.0462816022336483,1.7901101112365725,0.0253017283976078,6,True,17
single_hela_cnn_sequence_dnase_rrbs_kernel_5,single,hela,sequence_dnase_rrbs,42,5,17,G,0.0309280417859554,1.3733876943588257,0.0066868877038359,6,True,17
single_hela_cnn_sequence_dnase_rrbs_kernel_5,single,hela,sequence_dnase_rrbs,42,5,17,C,0.0286572594195604,1.3184174299240112,0.0085674077272415,6,True,17
single_hela_cnn_sequence_dnase_rrbs_kernel_5,single,hela,sequence_dnase_rrbs,42,5,17,T,0.018536789342761,1.13821542263031,0.0,6,True,17
single_hela_cnn_sequence_dnase_rrbs_kernel_7,single,hela,sequence_dnase_rrbs,42,7,17,C,0.0492313839495182,1.7760902643203735,0.0075408634729683,6,True,17
single_hela_cnn_sequence_dnase_rrbs_kernel_7,single,hela,sequence_dnase_rrbs,42,7,17,A,0.0407793223857879,1.6390035152435305,0.0190088879317045,6,True,17
single_hela_cnn_sequence_dnase_rrbs_kernel_7,single,hela,sequence_dnase_rrbs,42,7,17,G,0.0223368480801582,1.2257415056228638,0.0039741238579154,6,True,17
single_hela_cnn_sequence_dnase_rrbs_kernel_7,single,hela,sequence_dnase_rrbs,42,7,17,T,0.0159611105918884,1.1263929605484009,0.0,6,True,17
single_hela_cnn_sequence_h3k4me3_kernel_3,single,hela,sequence_h3k4me3,42,3,17,A,0.032431986182928,1.3172810077667236,0.0281789805740118,5,True,17
single_hela_cnn_sequence_h3k4me3_kernel_3,single,hela,sequence_h3k4me3,42,3,17,G,0.0187175832688808,0.941159725189209,0.0115181310102343,5,True,17
single_hela_cnn_sequence_h3k4me3_kernel_3,single,hela,sequence_h3k4me3,42,3,17,T,0.0179154928773641,1.167564034461975,0.0,5,True,17
single_hela_cnn_sequence_h3k4me3_kernel_3,single,hela,sequence_h3k4me3,42,3,17,C,0.0170939248055219,1.0840049982070925,0.0230689067393541,5,True,17
single_hela_cnn_sequence_h3k4me3_kernel_5,single,hela,sequence_h3k4me3,42,5,17,A,0.0502787306904792,1.507581114768982,0.0550427325069904,5,True,17
single_hela_cnn_sequence_h3k4me3_kernel_5,single,hela,sequence_h3k4me3,42,5,17,G,0.0347450114786624,1.1180238723754885,0.0204672235995531,5,True,17
single_hela_cnn_sequence_h3k4me3_kernel_5,single,hela,sequence_h3k4me3,42,5,17,C,0.0293363891541957,1.066799283027649,0.0086132697761058,5,True,17
single_hela_cnn_sequence_h3k4me3_kernel_5,single,hela,sequence_h3k4me3,42,5,17,T,0.0260088052600622,1.0762150287628174,0.0,5,True,17
single_hela_cnn_sequence_h3k4me3_kernel_7,single,hela,sequence_h3k4me3,42,7,17,C,0.0555126518011093,1.5875202417373655,0.0147291319444775,5,True,17
single_hela_cnn_sequence_h3k4me3_kernel_7,single,hela,sequence_h3k4me3,42,7,17,G,0.0320165306329727,1.2442243099212646,0.0046318024396896,5,True,17
single_hela_cnn_sequence_h3k4me3_kernel_7,single,hela,sequence_h3k4me3,42,7,17,A,0.0290744062513113,1.307228684425354,0.0129087129607796,5,True,17
single_hela_cnn_sequence_h3k4me3_kernel_7,single,hela,sequence_h3k4me3,42,7,17,T,0.0186065584421157,1.1802126169204712,0.0,5,True,17
single_hela_cnn_sequence_h3k4me3_rrbs_kernel_3,single,hela,sequence_h3k4me3_rrbs,42,3,17,A,0.0321433953940868,1.44508159160614,0.032552994787693,6,True,17
single_hela_cnn_sequence_h3k4me3_rrbs_kernel_3,single,hela,sequence_h3k4me3_rrbs,42,3,17,G,0.0178288463503122,1.025858998298645,0.0045139277353882,6,True,17
single_hela_cnn_sequence_h3k4me3_rrbs_kernel_3,single,hela,sequence_h3k4me3_rrbs,42,3,17,T,0.0166625790297985,1.1883374452590942,0.0,6,True,17
single_hela_cnn_sequence_h3k4me3_rrbs_kernel_3,single,hela,sequence_h3k4me3_rrbs,42,3,17,C,0.0157176833599805,1.0104433298110962,0.0196460783481597,6,True,17
single_hela_cnn_sequence_h3k4me3_rrbs_kernel_5,single,hela,sequence_h3k4me3_rrbs,42,5,17,A,0.0618640407919883,1.5045422315597534,0.0817866250872612,6,True,17
single_hela_cnn_sequence_h3k4me3_rrbs_kernel_5,single,hela,sequence_h3k4me3_rrbs,42,5,17,G,0.0426164008677005,1.1528815031051636,0.0358083695173263,6,True,17
single_hela_cnn_sequence_h3k4me3_rrbs_kernel_5,single,hela,sequence_h3k4me3_rrbs,42,5,17,T,0.0258199218660593,1.008333444595337,0.0,6,True,17
single_hela_cnn_sequence_h3k4me3_rrbs_kernel_5,single,hela,sequence_h3k4me3_rrbs,42,5,17,C,0.0253730919212102,1.0772044658660889,0.0271155294030904,6,True,17
single_hela_cnn_sequence_h3k4me3_rrbs_kernel_7,single,hela,sequence_h3k4me3_rrbs,42,7,17,C,0.0435543842613697,1.68168842792511,0.007416105363518,6,True,17
single_hela_cnn_sequence_h3k4me3_rrbs_kernel_7,single,hela,sequence_h3k4me3_rrbs,42,7,17,A,0.0415885485708713,1.6060158014297483,0.0225469414144754,6,True,17
single_hela_cnn_sequence_h3k4me3_rrbs_kernel_7,single,hela,sequence_h3k4me3_rrbs,42,7,17,G,0.0223809722810983,1.2480039596557615,0.0048725656233727,6,True,17
single_hela_cnn_sequence_h3k4me3_rrbs_kernel_7,single,hela,sequence_h3k4me3_rrbs,42,7,17,T,0.0159434620290994,1.156468629837036,0.0,6,True,17
single_hela_cnn_sequence_kernel_3,single,hela,sequence,42,3,17,A,0.0218168534338474,1.749360203742981,0.0080330539494752,4,True,17
single_hela_cnn_sequence_kernel_3,single,hela,sequence,42,3,17,T,0.0125811174511909,1.3384770154953003,0.0,4,True,17
single_hela_cnn_sequence_kernel_3,single,hela,sequence,42,3,17,C,0.0119214486330747,1.273451328277588,0.0084507809951901,4,True,17
single_hela_cnn_sequence_kernel_3,single,hela,sequence,42,3,17,G,0.011589485220611,1.223501682281494,0.0015077599091455,4,True,17
single_hela_cnn_sequence_kernel_5,single,hela,sequence,42,5,17,A,0.0534736290574073,2.0310962200164795,0.0458537973463535,4,True,17
single_hela_cnn_sequence_kernel_5,single,hela,sequence,42,5,17,C,0.0342801921069622,1.4972888231277466,0.0097487736493349,4,True,17
single_hela_cnn_sequence_kernel_5,single,hela,sequence,42,5,17,G,0.0307991635054349,1.3481849431991575,0.0136681729927659,4,True,17
single_hela_cnn_sequence_kernel_5,single,hela,sequence,42,5,17,T,0.0253453385084867,1.3275971412658691,0.0,4,True,17
single_hela_cnn_sequence_kernel_7,single,hela,sequence,42,7,17,C,0.0539494343101978,2.167734146118164,0.0131721589714288,4,True,17
single_hela_cnn_sequence_kernel_7,single,hela,sequence,42,7,17,A,0.0278653129935264,1.6843818426132202,0.0106576746329665,4,True,17
single_hela_cnn_sequence_kernel_7,single,hela,sequence,42,7,17,G,0.0197251178324222,1.1195919513702393,0.0037537361495196,4,True,17
single_hela_cnn_sequence_kernel_7,single,hela,sequence,42,7,17,T,0.0137393437325954,1.2905480861663818,0.0,4,True,17
single_hela_cnn_sequence_rrbs_kernel_3,single,hela,sequence_rrbs,42,3,17,A,0.0332908295094966,1.4497264623641968,0.0314188674092292,5,True,17
single_hela_cnn_sequence_rrbs_kernel_3,single,hela,sequence_rrbs,42,3,17,G,0.019751900807023,1.08890700340271,0.009455569088459,5,True,17
single_hela_cnn_sequence_rrbs_kernel_3,single,hela,sequence_rrbs,42,3,17,C,0.0175317004323005,1.1161913871765137,0.0213845036923885,5,True,17
single_hela_cnn_sequence_rrbs_kernel_3,single,hela,sequence_rrbs,42,3,17,T,0.0159210301935672,1.1695140600204468,0.0,5,True,17
single_hela_cnn_sequence_rrbs_kernel_5,single,hela,sequence_rrbs,42,5,17,A,0.0432274639606475,1.7547080516815186,0.0405507497489452,5,True,17
single_hela_cnn_sequence_rrbs_kernel_5,single,hela,sequence_rrbs,42,5,17,C,0.0321224145591259,1.3665986061096191,0.0052497419528663,5,True,17
single_hela_cnn_sequence_rrbs_kernel_5,single,hela,sequence_rrbs,42,5,17,G,0.0266076829284429,1.1723026037216189,0.010377699509263,5,True,17
single_hela_cnn_sequence_rrbs_kernel_5,single,hela,sequence_rrbs,42,5,17,T,0.0173051338642835,1.140386939048767,0.0,5,True,17
single_hela_cnn_sequence_rrbs_kernel_7,single,hela,sequence_rrbs,42,7,17,C,0.0484250858426094,1.4092894792556765,0.0148851526901125,5,True,17
single_hela_cnn_sequence_rrbs_kernel_7,single,hela,sequence_rrbs,42,7,17,G,0.0355231836438179,1.232162594795227,0.0083520309999585,5,True,17
single_hela_cnn_sequence_rrbs_kernel_7,single,hela,sequence_rrbs,42,7,17,A,0.0322540402412414,1.2559736967086792,0.0236074216663837,5,True,17
single_hela_cnn_sequence_rrbs_kernel_7,single,hela,sequence_rrbs,42,7,17,T,0.0165469516068696,1.1114968061447144,0.0,5,True,17
single_hl60_cnn_all_kernel_3,single,hl60,all,42,3,17,T,0.0150962471961975,1.2667280435562134,0.0088449269533157,8,True,17
single_hl60_cnn_all_kernel_3,single,hl60,all,42,3,17,A,0.0122333038598299,1.2637723684310913,0.0103305811062455,8,True,17
single_hl60_cnn_all_kernel_3,single,hl60,all,42,3,17,C,0.0119751999154686,1.2925782203674316,0.0134379984810948,8,True,17
single_hl60_cnn_all_kernel_3,single,hl60,all,42,3,17,G,0.0113198384642601,1.2560484409332275,0.0017261710017919,8,True,17
single_hl60_cnn_all_kernel_5,single,hl60,all,42,5,17,T,0.0164949875324964,1.4791864156723022,0.0030855010263621,8,True,17
single_hl60_cnn_all_kernel_5,single,hl60,all,42,5,17,C,0.0120071247220039,1.2148544788360596,0.0025240438990294,8,True,17
single_hl60_cnn_all_kernel_5,single,hl60,all,42,5,17,A,0.0119229704141616,1.3254947662353516,0.0027412560302764,8,True,17
single_hl60_cnn_all_kernel_5,single,hl60,all,42,5,17,G,0.0113267237320542,1.2416924238204956,0.0027744015678763,8,True,17
single_hl60_cnn_all_kernel_7,single,hl60,all,42,7,17,C,0.0173881482332944,1.5511229038238523,0.0034970247652381,8,True,17
single_hl60_cnn_all_kernel_7,single,hl60,all,42,7,17,T,0.0172327812761068,1.6928592920303345,0.0033935878891497,8,True,17
single_hl60_cnn_all_kernel_7,single,hl60,all,42,7,17,G,0.0111569883301854,1.3616701364517212,0.0034303383436053,8,True,17
single_hl60_cnn_all_kernel_7,single,hl60,all,42,7,17,A,0.0090829273685812,1.4715158939361572,0.0015546426875516,8,True,17
single_hl60_cnn_sequence_ctcf_dnase_h3k4me3_kernel_3,single,hl60,sequence_ctcf_dnase_h3k4me3,42,3,17,T,0.0123218586668372,1.230785608291626,0.0034226751886308,7,True,17
single_hl60_cnn_sequence_ctcf_dnase_h3k4me3_kernel_3,single,hl60,sequence_ctcf_dnase_h3k4me3,42,3,17,G,0.0088917035609483,1.1798444986343384,0.0006178548792377,7,True,17
single_hl60_cnn_sequence_ctcf_dnase_h3k4me3_kernel_3,single,hl60,sequence_ctcf_dnase_h3k4me3,42,3,17,A,0.0084461886435747,1.136310338973999,0.0019597820937633,7,True,17
single_hl60_cnn_sequence_ctcf_dnase_h3k4me3_kernel_3,single,hl60,sequence_ctcf_dnase_h3k4me3,42,3,17,C,0.0080646108835935,1.2569727897644043,0.0034763545263558,7,True,17
single_hl60_cnn_sequence_ctcf_dnase_h3k4me3_kernel_5,single,hl60,sequence_ctcf_dnase_h3k4me3,42,5,17,T,0.0174927320331335,1.43421471118927,0.0040897876024246,7,True,17
single_hl60_cnn_sequence_ctcf_dnase_h3k4me3_kernel_5,single,hl60,sequence_ctcf_dnase_h3k4me3,42,5,17,C,0.0159681607037782,1.327255129814148,0.0038746164645999,7,True,17
single_hl60_cnn_sequence_ctcf_dnase_h3k4me3_kernel_5,single,hl60,sequence_ctcf_dnase_h3k4me3,42,5,17,G,0.013088216073811,1.2027580738067627,0.0020040250383317,7,True,17
single_hl60_cnn_sequence_ctcf_dnase_h3k4me3_kernel_5,single,hl60,sequence_ctcf_dnase_h3k4me3,42,5,17,A,0.0120258890092372,1.2320187091827393,0.0028904913924634,7,True,17
single_hl60_cnn_sequence_ctcf_dnase_h3k4me3_kernel_7,single,hl60,sequence_ctcf_dnase_h3k4me3,42,7,17,C,0.0235897898674011,1.5363038778305054,0.0025910551194101,7,True,17
single_hl60_cnn_sequence_ctcf_dnase_h3k4me3_kernel_7,single,hl60,sequence_ctcf_dnase_h3k4me3,42,7,17,T,0.0137132434174418,1.528881311416626,0.0040533700957894,7,True,17
single_hl60_cnn_sequence_ctcf_dnase_h3k4me3_kernel_7,single,hl60,sequence_ctcf_dnase_h3k4me3,42,7,17,G,0.0130737544968724,1.4196712970733645,0.0018092039972543,7,True,17
single_hl60_cnn_sequence_ctcf_dnase_h3k4me3_kernel_7,single,hl60,sequence_ctcf_dnase_h3k4me3,42,7,17,A,0.0100349308922886,1.2895809412002563,0.0014349663397297,7,True,17
single_hl60_cnn_sequence_ctcf_dnase_kernel_3,single,hl60,sequence_ctcf_dnase,42,3,17,T,0.0110507626086473,1.43402361869812,0.0033222055062651,6,True,17
single_hl60_cnn_sequence_ctcf_dnase_kernel_3,single,hl60,sequence_ctcf_dnase,42,3,17,G,0.0068878373131155,1.2816895246505735,0.000958640128374,6,True,17
single_hl60_cnn_sequence_ctcf_dnase_kernel_3,single,hl60,sequence_ctcf_dnase,42,3,17,A,0.0064972806721925,1.3120511770248413,0.0020643204916268,6,True,17
single_hl60_cnn_sequence_ctcf_dnase_kernel_3,single,hl60,sequence_ctcf_dnase,42,3,17,C,0.0064231702126562,1.3314112424850464,0.0034280510153621,6,True,17
single_hl60_cnn_sequence_ctcf_dnase_kernel_5,single,hl60,sequence_ctcf_dnase,42,5,17,C,0.0202472154051065,1.251773715019226,0.0028680101968348,6,True,17
single_hl60_cnn_sequence_ctcf_dnase_kernel_5,single,hl60,sequence_ctcf_dnase,42,5,17,T,0.0150768524035811,1.4327309131622314,0.004721644334495,6,True,17
single_hl60_cnn_sequence_ctcf_dnase_kernel_5,single,hl60,sequence_ctcf_dnase,42,5,17,G,0.0135263660922646,1.1629492044448853,0.0029177288524806,6,True,17
single_hl60_cnn_sequence_ctcf_dnase_kernel_5,single,hl60,sequence_ctcf_dnase,42,5,17,A,0.0110801309347152,1.282437086105347,0.0022486264351755,6,True,17
single_hl60_cnn_sequence_ctcf_dnase_kernel_7,single,hl60,sequence_ctcf_dnase,42,7,17,T,0.0247672908008098,2.0791285037994385,0.0041659446433186,6,True,17
single_hl60_cnn_sequence_ctcf_dnase_kernel_7,single,hl60,sequence_ctcf_dnase,42,7,17,C,0.0167532656341791,1.3672778606414795,0.0028159753419458,6,True,17
single_hl60_cnn_sequence_ctcf_dnase_kernel_7,single,hl60,sequence_ctcf_dnase,42,7,17,A,0.0104182474315166,1.33085036277771,0.0016975783510133,6,True,17
single_hl60_cnn_sequence_ctcf_dnase_kernel_7,single,hl60,sequence_ctcf_dnase,42,7,17,G,0.0100259883329272,1.272662878036499,0.0016095986356958,6,True,17
single_hl60_cnn_sequence_ctcf_dnase_rrbs_kernel_3,single,hl60,sequence_ctcf_dnase_rrbs,42,3,17,T,0.0121056297793984,1.3314741849899292,0.0043240725062787,7,True,17
single_hl60_cnn_sequence_ctcf_dnase_rrbs_kernel_3,single,hl60,sequence_ctcf_dnase_rrbs,42,3,17,A,0.0089080864563584,1.3339279890060425,0.0020191532094031,7,True,17
single_hl60_cnn_sequence_ctcf_dnase_rrbs_kernel_3,single,hl60,sequence_ctcf_dnase_rrbs,42,3,17,G,0.008704106323421,1.2363824844360352,0.0009262964013032,7,True,17
single_hl60_cnn_sequence_ctcf_dnase_rrbs_kernel_3,single,hl60,sequence_ctcf_dnase_rrbs,42,3,17,C,0.0080189332365989,1.3579726219177246,0.00369283859618,7,True,17
single_hl60_cnn_sequence_ctcf_dnase_rrbs_kernel_5,single,hl60,sequence_ctcf_dnase_rrbs,42,5,17,C,0.0188263729214668,1.337686538696289,0.0027640794869512,7,True,17
single_hl60_cnn_sequence_ctcf_dnase_rrbs_kernel_5,single,hl60,sequence_ctcf_dnase_rrbs,42,5,17,T,0.0145806269720196,1.4298593997955322,0.003919783513993,7,True,17
single_hl60_cnn_sequence_ctcf_dnase_rrbs_kernel_5,single,hl60,sequence_ctcf_dnase_rrbs,42,5,17,G,0.0134620238095521,1.207495927810669,0.0036732722073793,7,True,17
single_hl60_cnn_sequence_ctcf_dnase_rrbs_kernel_5,single,hl60,sequence_ctcf_dnase_rrbs,42,5,17,A,0.0116311004385352,1.3984112739562988,0.0024091145023703,7,True,17
single_hl60_cnn_sequence_ctcf_dnase_rrbs_kernel_7,single,hl60,sequence_ctcf_dnase_rrbs,42,7,17,C,0.0201545543968677,1.387009620666504,0.0028549036942422,7,True,17
single_hl60_cnn_sequence_ctcf_dnase_rrbs_kernel_7,single,hl60,sequence_ctcf_dnase_rrbs,42,7,17,T,0.0142346071079373,1.5510592460632324,0.0030248023103922,7,True,17
single_hl60_cnn_sequence_ctcf_dnase_rrbs_kernel_7,single,hl60,sequence_ctcf_dnase_rrbs,42,7,17,G,0.0135805113241076,1.437273621559143,0.0027039290871471,7,True,17
single_hl60_cnn_sequence_ctcf_dnase_rrbs_kernel_7,single,hl60,sequence_ctcf_dnase_rrbs,42,7,17,A,0.0104674249887466,1.4152647256851196,0.0018233498558402,7,True,17
single_hl60_cnn_sequence_ctcf_h3k4me3_kernel_3,single,hl60,sequence_ctcf_h3k4me3,42,3,17,T,0.0104666911065578,1.2915751934051514,0.0028539006598293,6,True,17
single_hl60_cnn_sequence_ctcf_h3k4me3_kernel_3,single,hl60,sequence_ctcf_h3k4me3,42,3,17,A,0.0073409876786172,1.2664811611175537,0.0020959919784218,6,True,17
single_hl60_cnn_sequence_ctcf_h3k4me3_kernel_3,single,hl60,sequence_ctcf_h3k4me3,42,3,17,C,0.007282433565706,1.2800334692001345,0.0044908691197633,6,True,17
single_hl60_cnn_sequence_ctcf_h3k4me3_kernel_3,single,hl60,sequence_ctcf_h3k4me3,42,3,17,G,0.0070082447491586,1.248401403427124,0.0008721339982002,6,True,17
single_hl60_cnn_sequence_ctcf_h3k4me3_kernel_5,single,hl60,sequence_ctcf_h3k4me3,42,5,17,C,0.0189963039010763,1.1656007766723633,0.0025471858680248,6,True,17
single_hl60_cnn_sequence_ctcf_h3k4me3_kernel_5,single,hl60,sequence_ctcf_h3k4me3,42,5,17,T,0.0164492167532444,1.4883973598480225,0.003907423466444,6,True,17
single_hl60_cnn_sequence_ctcf_h3k4me3_kernel_5,single,hl60,sequence_ctcf_h3k4me3,42,5,17,G,0.0139168547466397,1.1154001951217651,0.0022485626395791,6,True,17
single_hl60_cnn_sequence_ctcf_h3k4me3_kernel_5,single,hl60,sequence_ctcf_h3k4me3,42,5,17,A,0.0110882995650172,1.2197901010513306,0.0024531986564397,6,True,17
single_hl60_cnn_sequence_ctcf_h3k4me3_kernel_7,single,hl60,sequence_ctcf_h3k4me3,42,7,17,T,0.024110959842801,1.8875343799591064,0.0048084021545946,6,True,17
single_hl60_cnn_sequence_ctcf_h3k4me3_kernel_7,single,hl60,sequence_ctcf_h3k4me3,42,7,17,C,0.0177139770239591,1.4311046600341797,0.0030706054531037,6,True,17
single_hl60_cnn_sequence_ctcf_h3k4me3_kernel_7,single,hl60,sequence_ctcf_h3k4me3,42,7,17,A,0.0111226001754403,1.3546795845031738,0.0029752789996564,6,True,17
single_hl60_cnn_sequence_ctcf_h3k4me3_kernel_7,single,hl60,sequence_ctcf_h3k4me3,42,7,17,G,0.0102069387212395,1.289141058921814,0.0023609416093677,6,True,17
single_hl60_cnn_sequence_ctcf_h3k4me3_rrbs_kernel_3,single,hl60,sequence_ctcf_h3k4me3_rrbs,42,3,17,T,0.0109146768227219,1.2669029235839844,0.0032009107526391,7,True,17
single_hl60_cnn_sequence_ctcf_h3k4me3_rrbs_kernel_3,single,hl60,sequence_ctcf_h3k4me3_rrbs,42,3,17,A,0.0088194003328681,1.135254979133606,0.0029213693924248,7,True,17
single_hl60_cnn_sequence_ctcf_h3k4me3_rrbs_kernel_3,single,hl60,sequence_ctcf_h3k4me3_rrbs,42,3,17,G,0.0084327450022101,1.2477918863296509,0.0011803744127973,7,True,17
single_hl60_cnn_sequence_ctcf_h3k4me3_rrbs_kernel_3,single,hl60,sequence_ctcf_h3k4me3_rrbs,42,3,17,C,0.0073535991832613,1.340041995048523,0.0047678197734057,7,True,17
single_hl60_cnn_sequence_ctcf_h3k4me3_rrbs_kernel_5,single,hl60,sequence_ctcf_h3k4me3_rrbs,42,5,17,C,0.0190901681780815,1.233368754386902,0.0045946738682687,7,True,17
single_hl60_cnn_sequence_ctcf_h3k4me3_rrbs_kernel_5,single,hl60,sequence_ctcf_h3k4me3_rrbs,42,5,17,T,0.0181321892887353,1.4252578020095823,0.0069729373790323,7,True,17
single_hl60_cnn_sequence_ctcf_h3k4me3_rrbs_kernel_5,single,hl60,sequence_ctcf_h3k4me3_rrbs,42,5,17,G,0.0156848561018705,1.2288047075271606,0.003150702221319,7,True,17
single_hl60_cnn_sequence_ctcf_h3k4me3_rrbs_kernel_5,single,hl60,sequence_ctcf_h3k4me3_rrbs,42,5,17,A,0.0129200238734483,1.315811038017273,0.0044758338481187,7,True,17
single_hl60_cnn_sequence_ctcf_h3k4me3_rrbs_kernel_7,single,hl60,sequence_ctcf_h3k4me3_rrbs,42,7,17,C,0.0218451619148254,1.4284549951553345,0.0032601405400782,7,True,17
single_hl60_cnn_sequence_ctcf_h3k4me3_rrbs_kernel_7,single,hl60,sequence_ctcf_h3k4me3_rrbs,42,7,17,G,0.0120659694075584,1.3781630992889404,0.0023713298141956,7,True,17
single_hl60_cnn_sequence_ctcf_h3k4me3_rrbs_kernel_7,single,hl60,sequence_ctcf_h3k4me3_rrbs,42,7,17,T,0.0120061067864298,1.3967186212539673,0.003200601786375,7,True,17
single_hl60_cnn_sequence_ctcf_h3k4me3_rrbs_kernel_7,single,hl60,sequence_ctcf_h3k4me3_rrbs,42,7,17,A,0.0103845754638314,1.26944899559021,0.0014409543946385,7,True,17
single_hl60_cnn_sequence_ctcf_kernel_3,single,hl60,sequence_ctcf,42,3,17,T,0.0142888119444251,1.2306914329528809,0.0063337632454931,5,True,17
single_hl60_cnn_sequence_ctcf_kernel_3,single,hl60,sequence_ctcf,42,3,17,A,0.0121879708021879,1.2667404413223269,0.0072580561973154,5,True,17
single_hl60_cnn_sequence_ctcf_kernel_3,single,hl60,sequence_ctcf,42,3,17,C,0.010396059602499,1.2763822078704834,0.0086207957938313,5,True,17
single_hl60_cnn_sequence_ctcf_kernel_3,single,hl60,sequence_ctcf,42,3,17,G,0.0100392056629061,1.1666115522384644,0.0023185797035694,5,True,17
single_hl60_cnn_sequence_ctcf_kernel_5,single,hl60,sequence_ctcf,42,5,17,T,0.0228525716811418,1.4613255262374878,0.0055340328253805,5,True,17
single_hl60_cnn_sequence_ctcf_kernel_5,single,hl60,sequence_ctcf,42,5,17,C,0.0220367386937141,1.2879207134246826,0.0037275946233421,5,True,17
single_hl60_cnn_sequence_ctcf_kernel_5,single,hl60,sequence_ctcf,42,5,17,G,0.0169250927865505,1.200727939605713,0.0036705427337437,5,True,17
single_hl60_cnn_sequence_ctcf_kernel_5,single,hl60,sequence_ctcf,42,5,17,A,0.0147279808297753,1.273274302482605,0.0047510680742561,5,True,17
single_hl60_cnn_sequence_ctcf_kernel_7,single,hl60,sequence_ctcf,42,7,17,C,0.0152955800294876,1.3898420333862305,0.002542978618294,5,True,17
single_hl60_cnn_sequence_ctcf_kernel_7,single,hl60,sequence_ctcf,42,7,17,T,0.0125634390860795,1.6243499517440796,0.0024206808302551,5,True,17
single_hl60_cnn_sequence_ctcf_kernel_7,single,hl60,sequence_ctcf,42,7,17,G,0.0095318490639328,1.402912974357605,0.0039392998442053,5,True,17
single_hl60_cnn_sequence_ctcf_kernel_7,single,hl60,sequence_ctcf,42,7,17,A,0.0078884251415729,1.2638121843338013,0.0011511425254866,5,True,17
single_hl60_cnn_sequence_ctcf_rrbs_kernel_3,single,hl60,sequence_ctcf_rrbs,42,3,17,T,0.0108480518683791,1.3897980451583862,0.0048948461189866,6,True,17
single_hl60_cnn_sequence_ctcf_rrbs_kernel_3,single,hl60,sequence_ctcf_rrbs,42,3,17,C,0.0071509000845253,1.4028428792953491,0.0061787986196577,6,True,17
single_hl60_cnn_sequence_ctcf_rrbs_kernel_3,single,hl60,sequence_ctcf_rrbs,42,3,17,G,0.0068836258724331,1.27297842502594,0.0010552473831921,6,True,17
single_hl60_cnn_sequence_ctcf_rrbs_kernel_3,single,hl60,sequence_ctcf_rrbs,42,3,17,A,0.0067461505532264,1.3239637613296509,0.0033624963834881,6,True,17
single_hl60_cnn_sequence_ctcf_rrbs_kernel_5,single,hl60,sequence_ctcf_rrbs,42,5,17,T,0.0193746462464332,1.5492358207702637,0.0047470526769757,6,True,17
single_hl60_cnn_sequence_ctcf_rrbs_kernel_5,single,hl60,sequence_ctcf_rrbs,42,5,17,C,0.0178366601467132,1.1546881198883057,0.0028200750239193,6,True,17
single_hl60_cnn_sequence_ctcf_rrbs_kernel_5,single,hl60,sequence_ctcf_rrbs,42,5,17,G,0.0128908175975084,1.1878330707550049,0.0020668890792876,6,True,17
single_hl60_cnn_sequence_ctcf_rrbs_kernel_5,single,hl60,sequence_ctcf_rrbs,42,5,17,A,0.0116202784702181,1.3226045370101929,0.0032612914219498,6,True,17
single_hl60_cnn_sequence_ctcf_rrbs_kernel_7,single,hl60,sequence_ctcf_rrbs,42,7,17,T,0.0274399854242801,2.157689094543457,0.0074669350869953,6,True,17
single_hl60_cnn_sequence_ctcf_rrbs_kernel_7,single,hl60,sequence_ctcf_rrbs,42,7,17,C,0.0175201389938592,1.3687487840652466,0.0033871645573526,6,True,17
single_hl60_cnn_sequence_ctcf_rrbs_kernel_7,single,hl60,sequence_ctcf_rrbs,42,7,17,A,0.0101185506209731,1.3107578754425049,0.0028887388762086,6,True,17
single_hl60_cnn_sequence_ctcf_rrbs_kernel_7,single,hl60,sequence_ctcf_rrbs,42,7,17,G,0.0092985825613141,1.257723689079285,0.002489588689059,6,True,17
single_hl60_cnn_sequence_dnase_h3k4me3_kernel_3,single,hl60,sequence_dnase_h3k4me3,42,3,17,T,0.0109622115269303,1.509032964706421,0.0022756457328796,6,True,17
single_hl60_cnn_sequence_dnase_h3k4me3_kernel_3,single,hl60,sequence_dnase_h3k4me3,42,3,17,A,0.0068151471205055,1.2458621263504028,0.0012560755712911,6,True,17
single_hl60_cnn_sequence_dnase_h3k4me3_kernel_3,single,hl60,sequence_dnase_h3k4me3,42,3,17,G,0.0066005876287817,1.2592281103134155,0.0011048435699194,6,True,17
single_hl60_cnn_sequence_dnase_h3k4me3_kernel_3,single,hl60,sequence_dnase_h3k4me3,42,3,17,C,0.0059009483084082,1.3128937482833862,0.0016941458452492,6,True,17
single_hl60_cnn_sequence_dnase_h3k4me3_kernel_5,single,hl60,sequence_dnase_h3k4me3,42,5,17,C,0.0191381778568029,1.2219326496124268,0.0018885856261476,6,True,17
single_hl60_cnn_sequence_dnase_h3k4me3_kernel_5,single,hl60,sequence_dnase_h3k4me3,42,5,17,T,0.0160002410411834,1.3307386636734009,0.0015087689971551,6,True,17
single_hl60_cnn_sequence_dnase_h3k4me3_kernel_5,single,hl60,sequence_dnase_h3k4me3,42,5,17,G,0.0146618317812681,1.1733646392822266,0.0014166980981826,6,True,17
single_hl60_cnn_sequence_dnase_h3k4me3_kernel_5,single,hl60,sequence_dnase_h3k4me3,42,5,17,A,0.0134308524429798,1.2506561279296875,0.0008994408999569,6,True,17
single_hl60_cnn_sequence_dnase_h3k4me3_kernel_7,single,hl60,sequence_dnase_h3k4me3,42,7,17,T,0.0255788955837488,1.9353389739990237,0.0040145548991858,6,True,17
single_hl60_cnn_sequence_dnase_h3k4me3_kernel_7,single,hl60,sequence_dnase_h3k4me3,42,7,17,C,0.0183646231889724,1.3530211448669434,0.0019259875407442,6,True,17
single_hl60_cnn_sequence_dnase_h3k4me3_kernel_7,single,hl60,sequence_dnase_h3k4me3,42,7,17,A,0.0108648911118507,1.3522329330444336,0.0020722993649542,6,True,17
single_hl60_cnn_sequence_dnase_h3k4me3_kernel_7,single,hl60,sequence_dnase_h3k4me3,42,7,17,G,0.0108243040740489,1.242522954940796,0.0015938016586005,6,True,17
single_hl60_cnn_sequence_dnase_h3k4me3_rrbs_kernel_3,single,hl60,sequence_dnase_h3k4me3_rrbs,42,3,17,T,0.0108648398891091,1.112379789352417,0.0030320729129016,7,True,17
single_hl60_cnn_sequence_dnase_h3k4me3_rrbs_kernel_3,single,hl60,sequence_dnase_h3k4me3_rrbs,42,3,17,A,0.0094652436673641,1.1548893451690674,0.0027753598988056,7,True,17
single_hl60_cnn_sequence_dnase_h3k4me3_rrbs_kernel_3,single,hl60,sequence_dnase_h3k4me3_rrbs,42,3,17,G,0.008653936907649,1.1112719774246216,0.0007822007173672,7,True,17
single_hl60_cnn_sequence_dnase_h3k4me3_rrbs_kernel_3,single,hl60,sequence_dnase_h3k4me3_rrbs,42,3,17,C,0.0072059966623783,1.233858346939087,0.0038025267422199,7,True,17
single_hl60_cnn_sequence_dnase_h3k4me3_rrbs_kernel_5,single,hl60,sequence_dnase_h3k4me3_rrbs,42,5,17,C,0.0123850023373961,1.2353557348251345,0.0027232826687395,7,True,17
single_hl60_cnn_sequence_dnase_h3k4me3_rrbs_kernel_5,single,hl60,sequence_dnase_h3k4me3_rrbs,42,5,17,T,0.0106613840907812,1.3546470403671265,0.0031382401939481,7,True,17
single_hl60_cnn_sequence_dnase_h3k4me3_rrbs_kernel_5,single,hl60,sequence_dnase_h3k4me3_rrbs,42,5,17,G,0.0102364141494035,1.2178500890731812,0.0019625965505838,7,True,17
single_hl60_cnn_sequence_dnase_h3k4me3_rrbs_kernel_5,single,hl60,sequence_dnase_h3k4me3_rrbs,42,5,17,A,0.0089061949402093,1.2559868097305298,0.0018243382219225,7,True,17
single_hl60_cnn_sequence_dnase_h3k4me3_rrbs_kernel_7,single,hl60,sequence_dnase_h3k4me3_rrbs,42,7,17,C,0.0206010807305574,1.3251022100448608,0.0024861001875251,7,True,17
single_hl60_cnn_sequence_dnase_h3k4me3_rrbs_kernel_7,single,hl60,sequence_dnase_h3k4me3_rrbs,42,7,17,G,0.013649339787662,1.3239233493804932,0.0021014113444834,7,True,17
single_hl60_cnn_sequence_dnase_h3k4me3_rrbs_kernel_7,single,hl60,sequence_dnase_h3k4me3_rrbs,42,7,17,T,0.0119682122021913,1.4168907403945925,0.0028755541425198,7,True,17
single_hl60_cnn_sequence_dnase_h3k4me3_rrbs_kernel_7,single,hl60,sequence_dnase_h3k4me3_rrbs,42,7,17,A,0.0113500198349356,1.3330296277999878,0.0015117588918656,7,True,17
single_hl60_cnn_sequence_dnase_kernel_3,single,hl60,sequence_dnase,42,3,17,T,0.0104890344664454,1.4610127210617063,0.0016106921248137,5,True,17
single_hl60_cnn_sequence_dnase_kernel_3,single,hl60,sequence_dnase,42,3,17,G,0.0073165083304047,1.2116200923919678,0.0007579324301332,5,True,17
single_hl60_cnn_sequence_dnase_kernel_3,single,hl60,sequence_dnase,42,3,17,A,0.0067742094397544,1.1503148078918457,0.0009254897013306,5,True,17
single_hl60_cnn_sequence_dnase_kernel_3,single,hl60,sequence_dnase,42,3,17,C,0.0061261667869985,1.3700982332229614,0.0021517740096896,5,True,17
single_hl60_cnn_sequence_dnase_kernel_5,single,hl60,sequence_dnase,42,5,17,T,0.0150819132104516,1.4789774417877195,0.0013771628728136,5,True,17
single_hl60_cnn_sequence_dnase_kernel_5,single,hl60,sequence_dnase,42,5,17,C,0.0111099556088447,1.246765375137329,0.0009692610474303,5,True,17
single_hl60_cnn_sequence_dnase_kernel_5,single,hl60,sequence_dnase,42,5,17,G,0.0094824442639946,1.2193337678909302,0.0009950546082109,5,True,17
single_hl60_cnn_sequence_dnase_kernel_5,single,hl60,sequence_dnase,42,5,17,A,0.0092497020959854,1.350106954574585,0.0007895570597611,5,True,17
single_hl60_cnn_sequence_dnase_kernel_7,single,hl60,sequence_dnase,42,7,17,C,0.0154101131483912,1.3414515256881714,0.0019136600894853,5,True,17
single_hl60_cnn_sequence_dnase_kernel_7,single,hl60,sequence_dnase,42,7,17,T,0.0122521091252565,1.5619679689407349,0.0015184143558144,5,True,17
single_hl60_cnn_sequence_dnase_kernel_7,single,hl60,sequence_dnase,42,7,17,G,0.0095280660316348,1.3038077354431152,0.0021453504450619,5,True,17
single_hl60_cnn_sequence_dnase_kernel_7,single,hl60,sequence_dnase,42,7,17,A,0.0089558120816946,1.217767357826233,0.0007581092067994,5,True,17
single_hl60_cnn_sequence_dnase_rrbs_kernel_3,single,hl60,sequence_dnase_rrbs,42,3,17,T,0.0117150945588946,1.6467580795288086,0.0032746095675975,6,True,17
single_hl60_cnn_sequence_dnase_rrbs_kernel_3,single,hl60,sequence_dnase_rrbs,42,3,17,A,0.0067908582277596,1.3401964902877808,0.0019962759688496,6,True,17
single_hl60_cnn_sequence_dnase_rrbs_kernel_3,single,hl60,sequence_dnase_rrbs,42,3,17,G,0.0062592863105237,1.3184950351715088,0.0012006012257188,6,True,17
single_hl60_cnn_sequence_dnase_rrbs_kernel_3,single,hl60,sequence_dnase_rrbs,42,3,17,C,0.0059494315646588,1.2696070671081543,0.0029125192668288,6,True,17
single_hl60_cnn_sequence_dnase_rrbs_kernel_5,single,hl60,sequence_dnase_rrbs,42,5,17,C,0.0129387378692626,1.301466941833496,0.0013859586324542,6,True,17
single_hl60_cnn_sequence_dnase_rrbs_kernel_5,single,hl60,sequence_dnase_rrbs,42,5,17,T,0.0099032893776893,1.4362483024597168,0.0016917452448979,6,True,17
single_hl60_cnn_sequence_dnase_rrbs_kernel_5,single,hl60,sequence_dnase_rrbs,42,5,17,G,0.0094431191682815,1.167035460472107,0.0010070533026009,6,True,17
single_hl60_cnn_sequence_dnase_rrbs_kernel_5,single,hl60,sequence_dnase_rrbs,42,5,17,A,0.0085945539176464,1.2665376663208008,0.0012048494536429,6,True,17
single_hl60_cnn_sequence_dnase_rrbs_kernel_7,single,hl60,sequence_dnase_rrbs,42,7,17,T,0.0217976309359073,1.762648105621338,0.0024717131163924,6,True,17
single_hl60_cnn_sequence_dnase_rrbs_kernel_7,single,hl60,sequence_dnase_rrbs,42,7,17,C,0.0188931617885828,1.2927732467651367,0.0020561041310429,6,True,17
single_hl60_cnn_sequence_dnase_rrbs_kernel_7,single,hl60,sequence_dnase_rrbs,42,7,17,A,0.0115718143060803,1.378326177597046,0.0010273918742313,6,True,17
single_hl60_cnn_sequence_dnase_rrbs_kernel_7,single,hl60,sequence_dnase_rrbs,42,7,17,G,0.0107125835493206,1.2460365295410156,0.0014004092663526,6,True,17
single_hl60_cnn_sequence_h3k4me3_kernel_3,single,hl60,sequence_h3k4me3,42,3,17,T,0.011900189332664,1.2839661836624146,0.004217380657792,5,True,17
single_hl60_cnn_sequence_h3k4me3_kernel_3,single,hl60,sequence_h3k4me3,42,3,17,G,0.0082150800153613,1.272620439529419,0.0008372062584385,5,True,17
single_hl60_cnn_sequence_h3k4me3_kernel_3,single,hl60,sequence_h3k4me3,42,3,17,C,0.0078344829380512,1.304033875465393,0.0057448563165962,5,True,17
single_hl60_cnn_sequence_h3k4me3_kernel_3,single,hl60,sequence_h3k4me3,42,3,17,A,0.007714532315731,1.229720950126648,0.0033340805675834,5,True,17
single_hl60_cnn_sequence_h3k4me3_kernel_5,single,hl60,sequence_h3k4me3,42,5,17,T,0.0142079042270779,1.384391188621521,0.0029880064539611,5,True,17
single_hl60_cnn_sequence_h3k4me3_kernel_5,single,hl60,sequence_h3k4me3,42,5,17,C,0.0120623605325818,1.2252631187438965,0.001619819086045,5,True,17
single_hl60_cnn_sequence_h3k4me3_kernel_5,single,hl60,sequence_h3k4me3,42,5,17,G,0.0114677706733345,1.1013952493667605,0.0014543400611728,5,True,17
single_hl60_cnn_sequence_h3k4me3_kernel_5,single,hl60,sequence_h3k4me3,42,5,17,A,0.0107038123533129,1.346548557281494,0.001291029388085,5,True,17
single_hl60_cnn_sequence_h3k4me3_kernel_7,single,hl60,sequence_h3k4me3,42,7,17,C,0.0169618781656026,1.2993336915969849,0.0025491048581898,5,True,17
single_hl60_cnn_sequence_h3k4me3_kernel_7,single,hl60,sequence_h3k4me3,42,7,17,T,0.0142535613849759,1.5523830652236938,0.0022663506679236,5,True,17
single_hl60_cnn_sequence_h3k4me3_kernel_7,single,hl60,sequence_h3k4me3,42,7,17,G,0.0110427839681506,1.2647393941879272,0.0032332283444702,5,True,17
single_hl60_cnn_sequence_h3k4me3_kernel_7,single,hl60,sequence_h3k4me3,42,7,17,A,0.0104460408911108,1.2691526412963867,0.0010132943280041,5,True,17
single_hl60_cnn_sequence_h3k4me3_rrbs_kernel_3,single,hl60,sequence_h3k4me3_rrbs,42,3,17,T,0.014509386382997,1.4280503988265991,0.0045922044664621,6,True,17
single_hl60_cnn_sequence_h3k4me3_rrbs_kernel_3,single,hl60,sequence_h3k4me3_rrbs,42,3,17,A,0.0099883629009127,1.2229499816894531,0.0035896687768399,6,True,17
single_hl60_cnn_sequence_h3k4me3_rrbs_kernel_3,single,hl60,sequence_h3k4me3_rrbs,42,3,17,C,0.0093723684549331,1.3125412464141846,0.0051637142896652,6,True,17
single_hl60_cnn_sequence_h3k4me3_rrbs_kernel_3,single,hl60,sequence_h3k4me3_rrbs,42,3,17,G,0.0093457754701375,1.2123854160308838,0.001080303103663,6,True,17
single_hl60_cnn_sequence_h3k4me3_rrbs_kernel_5,single,hl60,sequence_h3k4me3_rrbs,42,5,17,T,0.0166631359606981,1.4679797887802124,0.0031361284200102,6,True,17
single_hl60_cnn_sequence_h3k4me3_rrbs_kernel_5,single,hl60,sequence_h3k4me3_rrbs,42,5,17,C,0.015487628057599,1.1775970458984375,0.0022319280542433,6,True,17
single_hl60_cnn_sequence_h3k4me3_rrbs_kernel_5,single,hl60,sequence_h3k4me3_rrbs,42,5,17,A,0.0128106232732534,1.239312767982483,0.0018316667992621,6,True,17
single_hl60_cnn_sequence_h3k4me3_rrbs_kernel_5,single,hl60,sequence_h3k4me3_rrbs,42,5,17,G,0.0124718537554144,1.2083510160446167,0.0017652091337367,6,True,17
single_hl60_cnn_sequence_h3k4me3_rrbs_kernel_7,single,hl60,sequence_h3k4me3_rrbs,42,7,17,T,0.023696893826127,1.845149278640747,0.004534117411822,6,True,17
single_hl60_cnn_sequence_h3k4me3_rrbs_kernel_7,single,hl60,sequence_h3k4me3_rrbs,42,7,17,C,0.0193431600928306,1.390269160270691,0.0033373443875461,6,True,17
single_hl60_cnn_sequence_h3k4me3_rrbs_kernel_7,single,hl60,sequence_h3k4me3_rrbs,42,7,17,A,0.0121628167107701,1.3668358325958252,0.0024337554350495,6,True,17
single_hl60_cnn_sequence_h3k4me3_rrbs_kernel_7,single,hl60,sequence_h3k4me3_rrbs,42,7,17,G,0.0109930196776986,1.2899441719055176,0.001694195321761,6,True,17
single_hl60_cnn_sequence_kernel_3,single,hl60,sequence,42,3,17,T,0.012130950577557,1.624372124671936,0.0045384499244391,4,True,17
single_hl60_cnn_sequence_kernel_3,single,hl60,sequence,42,3,17,C,0.0075035104528069,1.2959579229354858,0.0041513633914291,4,True,17
single_hl60_cnn_sequence_kernel_3,single,hl60,sequence,42,3,17,G,0.0073711001314222,1.2844020128250122,0.0009951839456334,4,True,17
single_hl60_cnn_sequence_kernel_3,single,hl60,sequence,42,3,17,A,0.0073087313212454,1.2513240575790403,0.0020979796536266,4,True,17
single_hl60_cnn_sequence_kernel_5,single,hl60,sequence,42,5,17,C,0.0173807181417942,1.4144554138183594,0.0032307666260749,4,True,17
single_hl60_cnn_sequence_kernel_5,single,hl60,sequence,42,5,17,T,0.0156754814088344,1.505536437034607,0.0055897189304232,4,True,17
single_hl60_cnn_sequence_kernel_5,single,hl60,sequence,42,5,17,G,0.014910502359271,1.326068639755249,0.0026259608566761,4,True,17
single_hl60_cnn_sequence_kernel_5,single,hl60,sequence,42,5,17,A,0.0143125895410776,1.3560550212860107,0.0049009043723344,4,True,17
single_hl60_cnn_sequence_kernel_7,single,hl60,sequence,42,7,17,T,0.015980914235115,2.0393226146698,0.0038258845452219,4,True,17
single_hl60_cnn_sequence_kernel_7,single,hl60,sequence,42,7,17,C,0.0114473765715956,1.4719661474227903,0.0018247266998514,4,True,17
single_hl60_cnn_sequence_kernel_7,single,hl60,sequence,42,7,17,G,0.009396867826581,1.339785099029541,0.0019413223490118,4,True,17
single_hl60_cnn_sequence_kernel_7,single,hl60,sequence,42,7,17,A,0.0060917921364307,1.4423000812530518,0.0009480443550273,4,True,17
single_hl60_cnn_sequence_rrbs_kernel_3,single,hl60,sequence_rrbs,42,3,17,T,0.0137452743947505,1.336234450340271,0.0052490606904029,5,True,17
single_hl60_cnn_sequence_rrbs_kernel_3,single,hl60,sequence_rrbs,42,3,17,C,0.0100511144846677,1.2225866317749023,0.0061346455477178,5,True,17
single_hl60_cnn_sequence_rrbs_kernel_3,single,hl60,sequence_rrbs,42,3,17,A,0.0098596084862947,1.3013811111450195,0.004265182185918,5,True,17
single_hl60_cnn_sequence_rrbs_kernel_3,single,hl60,sequence_rrbs,42,3,17,G,0.0091812321916222,1.258167028427124,0.0013694943627342,5,True,17
single_hl60_cnn_sequence_rrbs_kernel_5,single,hl60,sequence_rrbs,42,5,17,T,0.0140709495171904,1.321860909461975,0.005141741130501,5,True,17
single_hl60_cnn_sequence_rrbs_kernel_5,single,hl60,sequence_rrbs,42,5,17,C,0.0135430414229631,1.1141268014907837,0.0028927959501743,5,True,17
single_hl60_cnn_sequence_rrbs_kernel_5,single,hl60,sequence_rrbs,42,5,17,G,0.0127191562205553,1.1576703786849976,0.0017821540823206,5,True,17
single_hl60_cnn_sequence_rrbs_kernel_5,single,hl60,sequence_rrbs,42,5,17,A,0.0112209850922226,1.305556297302246,0.0026216804981231,5,True,17
single_hl60_cnn_sequence_rrbs_kernel_7,single,hl60,sequence_rrbs,42,7,17,C,0.0139374118298292,1.406171798706055,0.0022413502447307,5,True,17
single_hl60_cnn_sequence_rrbs_kernel_7,single,hl60,sequence_rrbs,42,7,17,T,0.0125545030459761,1.6458840370178225,0.002428479027003,5,True,17
single_hl60_cnn_sequence_rrbs_kernel_7,single,hl60,sequence_rrbs,42,7,17,G,0.0081284819170832,1.370782494544983,0.0026507307775318,5,True,17
single_hl60_cnn_sequence_rrbs_kernel_7,single,hl60,sequence_rrbs,42,7,17,A,0.0074373218230903,1.2825757265090942,0.0010225775185972,5,True,17
